xemu_version: 0.8.134-188-geb0a35eb3e
xemu_commit: eb0a35eb3e323bbec9ec18abe80aff75c26b15d2
xemu_date: Fri 22 May 2026 03:42:17 UTC
xemu_settings_set_path: config path: docs/apple-silicon/task-16-evidence-2026-05-21/cycle4-sampler-rt/harness-final/swizzle-mipmap/metal/xemu.toml
2026-05-21 22:42:58.866 xemu[85702:5525609] ApplePersistence=NO
xemu-rate-slew: enabled=0 host_hz=60.0000 ratio=1.000000 active=0 vblank_interval_ns=16666666
xemu-perf: metal_screenshot path=docs/apple-silicon/task-16-evidence-2026-05-21/cycle4-sampler-rt/harness-final/swizzle-mipmap/metal/screenshots/swizzle-mipmap.png at_frame=30 interval=15 source=nv2a
xemu-perf: metal_fx_scale=1 source=XEMU_METAL_FX_SCALE requested=0 configured=1 enabled=0
xemu-metal: device=Apple M3 Ultra headless=0 low-power=0 max-buf-len=179357827072 force-legacy-present=0
xemu-perf: metal_validation requested=1 promoted=1 mtl_debug_layer_active=1 mtl_shader_validation_active=1
xemu-perf: metal_hud requested=0 promoted=0 mtl_hud_enabled_active=0
xemu-perf: metal_counter_sampling enabled (buffer_capacity=4 storage=Shared)
CPU: 
OS_Version: Version 26.4.1 (Build 25E253)
xemu_settings_get_base_path: base path: /Users/jbbrack03/Library/Application Support/xemu/xemu/
Created QEMU launch parameters: /Users/jbbrack03/XEMU_MacOS/xemu-fork/dist/xemu.app/Contents/MacOS/xemu -machine xbox,bootrom=/Users/jbbrack03/XEMU_MacOS/Xbox-Emulator-Files/mcpx/mcpx_1.0.bin,kernel-irqchip=off,avpack=hdtv -device smbus-storage,file=/Users/jbbrack03/Library/Application Support/xemu/xemu/eeprom.bin -bios /Users/jbbrack03/XEMU_MacOS/Xbox-Emulator-Files/bios/Complex_4627.bin -m 64 -drive index=0,media=disk,file=docs/apple-silicon/task-16-evidence-2026-05-21/cycle4-sampler-rt/harness-final/swizzle-mipmap/metal/xbox_hdd.qcow2,locked=on -drive index=1,media=cdrom,file=/Users/jbbrack03/XEMU_MacOS/xemu-fork/scripts/apple-silicon/xbe-tests/swizzle-mipmap/swizzle-mipmap.iso -display xemu -device usb-hub,port=1,ports=4 -qmp unix:/tmp/xq-85698-93b8294c.sock,server=on,wait=off 
xemu-perf: apu_lock_release=1 source=auto-default
pgraph-mtl-heap: color_rts=256 MiB depth_rts=256 MiB textures=512 MiB type=Automatic storage=Private color/depth=tracked textures=untracked apple1_framebuffer_fetch=1
xemu-perf: metal_dump_draw_rt enabled start=0 end=400 prefix=/tmp/cycle4_drawrt
pgraph_mtl_disk_cache_init: enabled root=/Users/jbbrack03/Library/Application Support/xemu/xemu/metal_shaders feature_set=AppleGPUFamily9/macOS26.4
xemu-perf: metal_msaa=1 source=XEMU_METAL_MSAA requested=0 configured=1
xemu-perf: renderer=Metal host_os=darwin host_arch=arm64 log_interval_ms=1000
xemu-perf: fast_rdtsc=1 source=auto-default tb_numer=125 tb_denom=3
xemu-perf: pit_coalesce=0 source=auto-default threshold_us=4000
xemu-perf: pgraph_fast_read=1 source=XEMU_PGRAPH_FAST_READ
xemu-perf: metal_arm_cb n=1 vram_addr=0x33d0000 size=2457600 cb=0xaedf12b80 tcg=1
xemu-perf: metal_color_bind vram_addr=0x3628000 guest=1280x480 scaled=1280x480 pitch=5120 format=8
xemu-perf: metal_arm_cb n=2 vram_addr=0x3628000 size=2457600 cb=0xaedf12bc0 tcg=1
xemu-perf: metal_arm_cb n=3 vram_addr=0x33d0000 size=2457600 cb=0xaedf12c00 tcg=1
xemu-perf: metal_color_bind vram_addr=0x32a4000 guest=640x480 scaled=640x480 pitch=2560 format=8
xemu-perf: metal_arm_cb n=4 vram_addr=0x32a4000 size=1228800 cb=0xaedc25ec0 tcg=1
xemu-perf: metal_draw_target_first vram_addr=0x32a4000 slot=0
xemu-perf: native_tri_depth=1 source=XEMU_NATIVE_TRI_DEPTH mode=safe
xemu-perf: native_quad=1 source=XEMU_NATIVE_QUAD mode=smooth-fill
xemu-perf: metal_draw_rt_dump idx=0 path=/tmp/cycle4_drawrt.000000.png w=640 h=480
xemu-perf: metal_screenshot_written path=docs/apple-silicon/task-16-evidence-2026-05-21/cycle4-sampler-rt/harness-final/swizzle-mipmap/metal/screenshots/swizzle-mipmap.0001.png w=640 h=480
xemu-perf: metal_color_bind vram_addr=0x2854000 guest=256x256 scaled=256x256 pitch=1024 format=8
xemu-perf: metal_arm_cb n=5 vram_addr=0x2854000 size=262144 cb=0xaedf13480 tcg=1
xemu-perf: metal_arm_cb n=6 vram_addr=0x2814000 size=262144 cb=0xaedf13440 tcg=1
xemu-perf: metal_arm_cb n=7 vram_addr=0x2854000 size=262144 cb=0xaedf12c80 tcg=1
xemu-perf: metal_arm_cb n=8 vram_addr=0x2814000 size=262144 cb=0xaedf13480 tcg=1
xemu-perf: metal_draw_target_first vram_addr=0x2854000 slot=1
xemu-perf: metal_draw_rt_dump idx=1 path=/tmp/cycle4_drawrt.000001.png w=256 h=256
xemu-perf: metal_draw_rt_dump idx=2 path=/tmp/cycle4_drawrt.000002.png w=256 h=256
xemu-perf: metal_draw_rt_dump idx=3 path=/tmp/cycle4_drawrt.000003.png w=256 h=256
xemu-perf: metal_draw_rt_dump idx=4 path=/tmp/cycle4_drawrt.000004.png w=256 h=256
xemu-perf: metal_color_bind vram_addr=0x2894000 guest=256x256 scaled=256x256 pitch=1024 format=8
xemu-perf: metal_draw_target_first vram_addr=0x2894000 slot=2
xemu-perf: metal_color_bind vram_addr=0x28d4000 guest=256x256 scaled=256x256 pitch=1024 format=8
xemu-perf: metal_draw_target_first vram_addr=0x28d4000 slot=3
xemu-perf: metal_screenshot_written path=docs/apple-silicon/task-16-evidence-2026-05-21/cycle4-sampler-rt/harness-final/swizzle-mipmap/metal/screenshots/swizzle-mipmap.0002.png w=640 h=480
xemu-perf: metal_color_bind vram_addr=0x2914000 guest=256x256 scaled=256x256 pitch=1024 format=8
xemu-perf: metal_draw_target_first vram_addr=0x2914000 slot=4
xemu-perf: metal_color_bind vram_addr=0x2954000 guest=256x256 scaled=256x256 pitch=1024 format=8
xemu-perf: metal_draw_target_first vram_addr=0x2954000 slot=5
xemu-perf: metal_color_bind vram_addr=0x2994000 guest=256x256 scaled=256x256 pitch=1024 format=8
xemu-perf: metal_draw_target_first vram_addr=0x2994000 slot=6
xemu-perf: metal_screenshot_written path=docs/apple-silicon/task-16-evidence-2026-05-21/cycle4-sampler-rt/harness-final/swizzle-mipmap/metal/screenshots/swizzle-mipmap.0003.png w=640 h=480
xemu-perf: metal_color_bind vram_addr=0x0 guest=512x512 scaled=512x512 pitch=1024 format=3
xemu-perf: metal_color_bind vram_addr=0x2e06000 guest=1024x512 scaled=1024x512 pitch=4096 format=8
xemu-perf: metal_draw_target_first vram_addr=0x2e06000 slot=7
xemu-perf: metal_draw_target_first vram_addr=0x3628000 slot=8
xemu-perf: metal_surface_dirty vram_addr=0x3628000 size=2457600 write_addr=0x3628000 write_len=2457600 is_color=1
xemu-perf: metal_color_bind vram_addr=0x2c06000 guest=1024x512 scaled=1024x512 pitch=4096 format=8
xemu-perf: metal_draw_target_first vram_addr=0x2c06000 slot=9
xemu-perf: metal_screenshot_written path=docs/apple-silicon/task-16-evidence-2026-05-21/cycle4-sampler-rt/harness-final/swizzle-mipmap/metal/screenshots/swizzle-mipmap.0004.png w=640 h=480
xemu-perf: metal_surface_dirty vram_addr=0x3628000 size=2457600 write_addr=0x3628000 write_len=2457600 is_color=1
xemu-perf: metal_surface_dirty vram_addr=0x3628000 size=2457600 write_addr=0x3628000 write_len=2457600 is_color=1
xemu-perf: metal_screenshot_written path=docs/apple-silicon/task-16-evidence-2026-05-21/cycle4-sampler-rt/harness-final/swizzle-mipmap/metal/screenshots/swizzle-mipmap.0005.png w=640 h=480
xemu-perf: metal_surface_dirty vram_addr=0x3628000 size=2457600 write_addr=0x3628000 write_len=2457600 is_color=1
xemu-perf: metal_surface_dirty vram_addr=0x3628000 size=2457600 write_addr=0x3628000 write_len=2457600 is_color=1
xemu-perf: metal_screenshot_written path=docs/apple-silicon/task-16-evidence-2026-05-21/cycle4-sampler-rt/harness-final/swizzle-mipmap/metal/screenshots/swizzle-mipmap.0006.png w=640 h=480
xemu-perf: metal_surface_dirty vram_addr=0x3628000 size=2457600 write_addr=0x3628000 write_len=2457600 is_color=1
xemu-perf: metal_surface_dirty vram_addr=0x3628000 size=2457600 write_addr=0x3628000 write_len=2457600 is_color=1
xemu-perf: interval_id=0 interval_start_us=204073551807 interval_end_us=204074599625 interval_ms=1047 frames=9 fps=8.59 mspf_avg=106.296 mspf_min=0.000 mspf_max=574.464 increment_fps=15 BEGIN_ENDS=9286 NATIVE_TRI_DEPTH_DRAW=9286 NATIVE_TRI_DEPTH_DRAW_SMOOTH=9286 TCG_TB_EXEC_COUNT=23836875 TCG_TB_INVALIDATE_COUNT=1569 TCG_NOTDIRTY_TRIPS=502 TCG_NOTDIRTY_PAGES_HIT=184 TCG_TB_INVALIDATE_BURST_MAX=214 TCG_JMP_CACHE_ZEROED_BUCKETS=127997473 TCG_INVALIDATE_WALL_US_MAX=97 TCG_INVALIDATE_WALL_US_TOTAL=511 TCG_TB_LOOKUP_US_TOTAL=0 TCG_TB_GEN_CODE_US_TOTAL=0 TCG_HANDLE_INTERRUPT_US_TOTAL=0 TCG_XBOX_IDLE_LOOP_HITS=0 TCG_XBOX_IDLE_LOOP_YIELDS=0 TCG_XBOX_IDLE_LOOP_HALTS=0 MMIO_READ_COUNT=0 MMIO_READ_US_TOTAL=0 MMIO_READ_US_MAX=0 MMIO_READ_PGRAPH_COUNT=0 MMIO_READ_PGRAPH_US_TOTAL=0 MMIO_READ_PGRAPH_US_MAX=0 NV2A_VBLANK_FIRES=69 NV2A_FLIP_STALL_WRITES=8 NV2A_PRESENT_HEARTBEAT=8 XEMU_GL_SWAPS=0 RATE_SLEW_RATIO_E6=1000000 RATE_SLEW_ACTIVE=0 APU_LOCK_HOLD_US_TOTAL=59579 APU_VCPU_LOCK_WAIT_US_MAX=37 PFIFO_PUSHER_RUNS=126 PFIFO_PUSHER_STALLS=109 PFIFO_PUSHER_STALL_FLIP=0 PFIFO_PUSHER_STALL_NOP=77 PFIFO_PUSHER_STALL_FIFO=40 PFIFO_PULLER_CALLS=74787 PFIFO_PULLER_STALLS=8 PFIFO_PULLER_STALL_FLIP=8 PFIFO_PULLER_STALL_NOP=0 PFIFO_PULLER_STALL_CONTEXT=0 PFIFO_PULLER_STALL_FIFO=0 PFIFO_PUSHER_WORDS=754748 PFIFO_PULLER_METHOD_WORDS=683844 PFIFO_DMA_BACKLOG_BYTES_MAX=59244544 PFIFO_USER_DMA_PUT_WRITES=121 PFIFO_USER_DMA_GET_WRITES=0 PFIFO_USER_DMA_PUT_READS=0 PFIFO_USER_DMA_GET_READS=61 PGRAPH_PATT_COLOR0_WRITES=0 PGRAPH_PATT_COLOR0_READS=0 PGRAPH_FLIP_STALL_SETS=8 PGRAPH_FLIP_STALL_CHECKS=16 PGRAPH_FLIP_STALL_STILL_WAITING=8 PGRAPH_FLIP_STALL_COMPLETES=8 METAL_DRAW_COUNT=9286 METAL_DRAW_INDEXED_COUNT=9278 METAL_NATIVE_TRI_DEPTH_DRAWS=9286 METAL_NATIVE_QUAD_DRAWS=0 METAL_CLEAR_COUNT=48 METAL_GLSL_TRANSLATE=0 METAL_GLSL_TRANSLATE_FAIL=0 METAL_SHADER_VALIDATE_OK=0 METAL_SHADER_VALIDATE_FAIL=0 METAL_PIPELINE_HITS=9269 METAL_PIPELINE_MISSES=17 METAL_PIPELINE_FAILED=0 METAL_TEX_UPLOADS_TOTAL=15 METAL_TEX_UPLOAD_BYTES_TOTAL=21353808 METAL_TEX_CACHE_HITS=7825 METAL_TEX_CACHE_MISSES=17 METAL_PIPELINE_KEY_BUILT=9286 METAL_PIPELINE_TRANSLATED_OK=9286 METAL_PIPELINE_TRANSLATED_FAILED=0 METAL_DISPATCH_US_TOTAL=329705 METAL_TEX_BIND_US_TOTAL=17828 METAL_DRAW_ENCODE_US_TOTAL=241078 METAL_DRAW_PASS_OPENS=9286 METAL_DRAW_PASS_COALESCED=0 METAL_DRAW_PASS_FLUSHES=9286 METAL_OPEN_PASS_FLUSH_US_TOTAL=151302 METAL_TEX_UPLOAD_US_TOTAL=1514 METAL_DRAW_TRANSLATED=9286 METAL_PIPELINE_FALLBACKS=0 METAL_UNIFORM_PACK=18572 METAL_UNIFORM_BYTES=60767584 METAL_SHADER_COMPILE_QUEUED_TOTAL=0 METAL_SHADER_COMPILE_COMPLETED_TOTAL=0 METAL_SHADER_COMPILE_FAILED_TOTAL=0 METAL_DRAWS_SKIPPED_PENDING_TOTAL=0 METAL_DRAWS_USING_UBERSHADER_TOTAL=0 METAL_SHADER_CACHE_LOADS=17 METAL_SHADER_CACHE_HITS=17 METAL_SHADER_CACHE_MISSES=0 METAL_PRESENTS=0 METAL_PRESENT_JITTER_US_TOTAL=0 METAL_PRESENT_JITTER_US_AVG=0 METAL_PRESENT_JITTER_US_MAX=0 METAL_DRAWABLE_ACQUIRE_FAILS=0 METAL_DISPLAY_LINK_CALLBACKS=0 METAL_MSAA_RESOLVE_COUNT=0 METAL_MSAA_RESOLVE_US_TOTAL=0 METAL_MSAA_SAMPLE_COUNT=1 METAL_FX_SPATIAL_PRESENTS=0 METAL_FX_SPATIAL_US_TOTAL=0 METAL_FX_SCALE_FACTOR=1 METAL_FX_SPATIAL_GPU_US_TOTAL=0 METAL_VERTEX_US_TOTAL=1196 METAL_FRAGMENT_US_TOTAL=1575 METAL_PRESENT_GPU_US_TOTAL=3089 METAL_PRESENT_GPU_FRAMES=118 METAL_CAPTURE_FRAMES=0 METAL_CAPTURE_ACTIVE=0 METAL_SCREENSHOTS_TAKEN=6 METAL_FRONT_FB_PUBLISHES=9 METAL_SURFACE_CACHE_SIZE=17 METAL_IMAGE_BLITS=0 METAL_SURFACE_VRAM_DIRTY_HITS=7 METAL_SURFACE_VRAM_UPLOADS=18 METAL_SURFACE_VRAM_UPLOAD_BYTES=27181056 METAL_SURFACE_RECREATE_SHAPE_MISMATCH=0 METAL_SURFACE_DOWNLOADS=7 METAL_SURFACE_DOWNLOAD_BYTES=17203200 METAL_SURFACE_DOWNLOAD_US_TOTAL=5494 METAL_DRAW_RT_DUMPS=401 METAL_SURFACE_GRAPH_DUMPS=0 METAL_SIBLING_SYNCS=0 METAL_SIBLING_SYNC_SKIPS=0 METAL_FLAT_QUAD_PROPAGATIONS=0 INPUT_USB_POLLS=0 INPUT_BACKEND_UPDATES=121 INPUT_LAT_US_TOTAL=0 INPUT_LAT_US_MAX=0 IDE_READ_SUBMITS=8 IDE_READ_COMPLETES=8 IDE_READ_BYTES=155648 IDE_READ_LAT_US_TOTAL=5408 IDE_READ_LAT_US_MAX=952 IDE_READ_LAT_GT_16MS=0 IDE_READ_LAT_GT_33MS=0 IDE_READ_LAT_GT_50MS=0 IDE_READ_LAT_GT_100MS=0 IDE_READ_INFLIGHT_MAX=1 ATAPI_PIO_SYNC_READS=0 ATAPI_PIO_SYNC_BYTES=0 ATAPI_PIO_SYNC_US_TOTAL=0 ATAPI_PIO_SYNC_US_MAX=0 HELPER_RDTSC_CALLS=3439 PIT_IRQ_TIMER_FIRES=2222 PIT_COALESCE_EVENTS=0 PIT_COALESCE_LATE_US_TOTAL=0 PIT_COALESCE_LATE_US_MAX=0 PIT_COALESCE_SKIPPED_TRANSITIONS=0
xemu-perf: metal_draw_target vram_addr=0x32a4000 count=8
xemu-perf: metal_draw_target vram_addr=0x2854000 count=433
xemu-perf: metal_draw_target vram_addr=0x2894000 count=433
xemu-perf: metal_draw_target vram_addr=0x28d4000 count=433
xemu-perf: metal_draw_target vram_addr=0x2914000 count=433
xemu-perf: metal_draw_target vram_addr=0x2954000 count=433
xemu-perf: metal_draw_target vram_addr=0x2994000 count=433
xemu-perf: metal_draw_target vram_addr=0x2e06000 count=1736
xemu-perf: metal_draw_target vram_addr=0x3628000 count=16
xemu-perf: metal_draw_target vram_addr=0x2c06000 count=1736
xemu-perf: metal_draw_target_zero count=3192
xemu-perf: metal_screenshot_written path=docs/apple-silicon/task-16-evidence-2026-05-21/cycle4-sampler-rt/harness-final/swizzle-mipmap/metal/screenshots/swizzle-mipmap.0007.png w=640 h=480
xemu-perf: metal_surface_dirty vram_addr=0x3628000 size=2457600 write_addr=0x3628000 write_len=2457600 is_color=1
xemu-perf: metal_surface_dirty vram_addr=0x3628000 size=2457600 write_addr=0x3628000 write_len=2457600 is_color=1
xemu-perf: metal_screenshot_written path=docs/apple-silicon/task-16-evidence-2026-05-21/cycle4-sampler-rt/harness-final/swizzle-mipmap/metal/screenshots/swizzle-mipmap.0008.png w=640 h=480
xemu-perf: metal_surface_dirty vram_addr=0x3628000 size=2457600 write_addr=0x3628000 write_len=2457600 is_color=1
xemu-perf: metal_surface_dirty vram_addr=0x3628000 size=2457600 write_addr=0x3628000 write_len=2457600 is_color=1
xemu-perf: metal_screenshot_written path=docs/apple-silicon/task-16-evidence-2026-05-21/cycle4-sampler-rt/harness-final/swizzle-mipmap/metal/screenshots/swizzle-mipmap.0009.png w=640 h=480
xemu-perf: metal_surface_dirty vram_addr=0x3628000 size=2457600 write_addr=0x3628000 write_len=2457600 is_color=1
xemu-perf: metal_surface_dirty vram_addr=0x3628000 size=2457600 write_addr=0x3628000 write_len=2457600 is_color=1
xemu-perf: metal_screenshot_written path=docs/apple-silicon/task-16-evidence-2026-05-21/cycle4-sampler-rt/harness-final/swizzle-mipmap/metal/screenshots/swizzle-mipmap.0010.png w=640 h=480
xemu-perf: metal_surface_dirty vram_addr=0x3628000 size=2457600 write_addr=0x3628000 write_len=2457600 is_color=1
xemu-perf: metal_surface_dirty vram_addr=0x3628000 size=2457600 write_addr=0x3628000 write_len=2457600 is_color=1
xemu-perf: metal_screenshot_written path=docs/apple-silicon/task-16-evidence-2026-05-21/cycle4-sampler-rt/harness-final/swizzle-mipmap/metal/screenshots/swizzle-mipmap.0011.png w=640 h=480
xemu-perf: metal_surface_dirty vram_addr=0x3628000 size=2457600 write_addr=0x3628000 write_len=2457600 is_color=1
xemu-perf: metal_screenshot_written path=docs/apple-silicon/task-16-evidence-2026-05-21/cycle4-sampler-rt/harness-final/swizzle-mipmap/metal/screenshots/swizzle-mipmap.0012.png w=640 h=480
xemu-perf: metal_surface_dirty vram_addr=0x3628000 size=2457600 write_addr=0x3628000 write_len=2457600 is_color=1
xemu-perf: metal_screenshot_written path=docs/apple-silicon/task-16-evidence-2026-05-21/cycle4-sampler-rt/harness-final/swizzle-mipmap/metal/screenshots/swizzle-mipmap.0013.png w=640 h=480
xemu-perf: metal_surface_dirty vram_addr=0x3628000 size=2457600 write_addr=0x3628000 write_len=2457600 is_color=1
xemu-perf: metal_surface_dirty vram_addr=0x3628000 size=2457600 write_addr=0x3628000 write_len=2457600 is_color=1
xemu-perf: metal_screenshot_written path=docs/apple-silicon/task-16-evidence-2026-05-21/cycle4-sampler-rt/harness-final/swizzle-mipmap/metal/screenshots/swizzle-mipmap.0014.png w=640 h=480
xemu-perf: metal_surface_dirty vram_addr=0x3628000 size=2457600 write_addr=0x3628000 write_len=2457600 is_color=1
xemu-perf: metal_screenshot_written path=docs/apple-silicon/task-16-evidence-2026-05-21/cycle4-sampler-rt/harness-final/swizzle-mipmap/metal/screenshots/swizzle-mipmap.0015.png w=640 h=480
xemu-perf: interval_id=1 interval_start_us=204074665443 interval_end_us=204075696344 interval_ms=1030 frames=13 fps=12.61 mspf_avg=73.307 mspf_min=52.188 mspf_max=88.624 increment_fps=11 BEGIN_ENDS=14420 NATIVE_TRI_DEPTH_DRAW=14420 NATIVE_TRI_DEPTH_DRAW_SMOOTH=14420 TCG_TB_EXEC_COUNT=40533490 TCG_TB_INVALIDATE_COUNT=380 TCG_NOTDIRTY_TRIPS=188 TCG_NOTDIRTY_PAGES_HIT=3 TCG_TB_INVALIDATE_BURST_MAX=16 TCG_JMP_CACHE_ZEROED_BUCKETS=194404732 TCG_INVALIDATE_WALL_US_MAX=27 TCG_INVALIDATE_WALL_US_TOTAL=225 TCG_TB_LOOKUP_US_TOTAL=0 TCG_TB_GEN_CODE_US_TOTAL=0 TCG_HANDLE_INTERRUPT_US_TOTAL=0 TCG_XBOX_IDLE_LOOP_HITS=0 TCG_XBOX_IDLE_LOOP_YIELDS=0 TCG_XBOX_IDLE_LOOP_HALTS=0 MMIO_READ_COUNT=0 MMIO_READ_US_TOTAL=0 MMIO_READ_US_MAX=0 MMIO_READ_PGRAPH_COUNT=0 MMIO_READ_PGRAPH_US_TOTAL=0 MMIO_READ_PGRAPH_US_MAX=0 NV2A_VBLANK_FIRES=65 NV2A_FLIP_STALL_WRITES=13 NV2A_PRESENT_HEARTBEAT=13 XEMU_GL_SWAPS=0 RATE_SLEW_RATIO_E6=1000000 RATE_SLEW_ACTIVE=0 APU_LOCK_HOLD_US_TOTAL=66297 APU_VCPU_LOCK_WAIT_US_MAX=87 PFIFO_PUSHER_RUNS=201 PFIFO_PUSHER_STALLS=160 PFIFO_PUSHER_STALL_FLIP=0 PFIFO_PUSHER_STALL_NOP=108 PFIFO_PUSHER_STALL_FIFO=63 PFIFO_PULLER_CALLS=124071 PFIFO_PULLER_STALLS=38 PFIFO_PULLER_STALL_FLIP=38 PFIFO_PULLER_STALL_NOP=0 PFIFO_PULLER_STALL_CONTEXT=0 PFIFO_PULLER_STALL_FIFO=0 PFIFO_PUSHER_WORDS=1361891 PFIFO_PULLER_METHOD_WORDS=1243672 PFIFO_DMA_BACKLOG_BYTES_MAX=701712 PFIFO_USER_DMA_PUT_WRITES=162 PFIFO_USER_DMA_GET_WRITES=0 PFIFO_USER_DMA_PUT_READS=0 PFIFO_USER_DMA_GET_READS=104 PGRAPH_PATT_COLOR0_WRITES=0 PGRAPH_PATT_COLOR0_READS=0 PGRAPH_FLIP_STALL_SETS=13 PGRAPH_FLIP_STALL_CHECKS=51 PGRAPH_FLIP_STALL_STILL_WAITING=38 PGRAPH_FLIP_STALL_COMPLETES=13 METAL_DRAW_COUNT=14420 METAL_DRAW_INDEXED_COUNT=14407 METAL_NATIVE_TRI_DEPTH_DRAWS=14420 METAL_NATIVE_QUAD_DRAWS=0 METAL_CLEAR_COUNT=65 METAL_GLSL_TRANSLATE=0 METAL_GLSL_TRANSLATE_FAIL=0 METAL_SHADER_VALIDATE_OK=0 METAL_SHADER_VALIDATE_FAIL=0 METAL_PIPELINE_HITS=14402 METAL_PIPELINE_MISSES=18 METAL_PIPELINE_FAILED=0 METAL_TEX_UPLOADS_TOTAL=13 METAL_TEX_UPLOAD_BYTES_TOTAL=31948800 METAL_TEX_CACHE_HITS=10717 METAL_TEX_CACHE_MISSES=13 METAL_PIPELINE_KEY_BUILT=14420 METAL_PIPELINE_TRANSLATED_OK=14420 METAL_PIPELINE_TRANSLATED_FAILED=0 METAL_DISPATCH_US_TOTAL=498115 METAL_TEX_BIND_US_TOTAL=25425 METAL_DRAW_ENCODE_US_TOTAL=365666 METAL_DRAW_PASS_OPENS=14420 METAL_DRAW_PASS_COALESCED=0 METAL_DRAW_PASS_FLUSHES=14420 METAL_OPEN_PASS_FLUSH_US_TOTAL=229499 METAL_TEX_UPLOAD_US_TOTAL=781 METAL_DRAW_TRANSLATED=14420 METAL_PIPELINE_FALLBACKS=0 METAL_UNIFORM_PACK=28840 METAL_UNIFORM_BYTES=94364480 METAL_SHADER_COMPILE_QUEUED_TOTAL=0 METAL_SHADER_COMPILE_COMPLETED_TOTAL=0 METAL_SHADER_COMPILE_FAILED_TOTAL=0 METAL_DRAWS_SKIPPED_PENDING_TOTAL=0 METAL_DRAWS_USING_UBERSHADER_TOTAL=0 METAL_SHADER_CACHE_LOADS=18 METAL_SHADER_CACHE_HITS=18 METAL_SHADER_CACHE_MISSES=0 METAL_PRESENTS=0 METAL_PRESENT_JITTER_US_TOTAL=0 METAL_PRESENT_JITTER_US_AVG=0 METAL_PRESENT_JITTER_US_MAX=0 METAL_DRAWABLE_ACQUIRE_FAILS=0 METAL_DISPLAY_LINK_CALLBACKS=0 METAL_MSAA_RESOLVE_COUNT=0 METAL_MSAA_RESOLVE_US_TOTAL=0 METAL_MSAA_SAMPLE_COUNT=1 METAL_FX_SPATIAL_PRESENTS=0 METAL_FX_SPATIAL_US_TOTAL=0 METAL_FX_SCALE_FACTOR=1 METAL_FX_SPATIAL_GPU_US_TOTAL=0 METAL_VERTEX_US_TOTAL=918 METAL_FRAGMENT_US_TOTAL=1271 METAL_PRESENT_GPU_US_TOTAL=3889 METAL_PRESENT_GPU_FRAMES=123 METAL_CAPTURE_FRAMES=0 METAL_CAPTURE_ACTIVE=0 METAL_SCREENSHOTS_TAKEN=9 METAL_FRONT_FB_PUBLISHES=13 METAL_SURFACE_CACHE_SIZE=17 METAL_IMAGE_BLITS=0 METAL_SURFACE_VRAM_DIRTY_HITS=13 METAL_SURFACE_VRAM_UPLOADS=13 METAL_SURFACE_VRAM_UPLOAD_BYTES=31948800 METAL_SURFACE_RECREATE_SHAPE_MISMATCH=0 METAL_SURFACE_DOWNLOADS=13 METAL_SURFACE_DOWNLOAD_BYTES=31948800 METAL_SURFACE_DOWNLOAD_US_TOTAL=9694 METAL_DRAW_RT_DUMPS=0 METAL_SURFACE_GRAPH_DUMPS=0 METAL_SIBLING_SYNCS=0 METAL_SIBLING_SYNC_SKIPS=0 METAL_FLAT_QUAD_PROPAGATIONS=0 INPUT_USB_POLLS=0 INPUT_BACKEND_UPDATES=129 INPUT_LAT_US_TOTAL=0 INPUT_LAT_US_MAX=0 PIT_IRQ_TIMER_FIRES=2194 PIT_COALESCE_EVENTS=0 PIT_COALESCE_LATE_US_TOTAL=0 PIT_COALESCE_LATE_US_MAX=0 PIT_COALESCE_SKIPPED_TRANSITIONS=0
xemu-perf: metal_draw_target vram_addr=0x32a4000 count=13
xemu-perf: metal_draw_target vram_addr=0x2e06000 count=3472
xemu-perf: metal_draw_target vram_addr=0x3628000 count=3578
xemu-perf: metal_draw_target vram_addr=0x2c06000 count=2170
xemu-perf: metal_draw_target_zero count=5187
xemu-perf: metal_surface_dirty vram_addr=0x3628000 size=2457600 write_addr=0x3628000 write_len=2457600 is_color=1
xemu-perf: metal_surface_dirty vram_addr=0x3628000 size=2457600 write_addr=0x3628000 write_len=2457600 is_color=1
xemu-perf: metal_screenshot_written path=docs/apple-silicon/task-16-evidence-2026-05-21/cycle4-sampler-rt/harness-final/swizzle-mipmap/metal/screenshots/swizzle-mipmap.0016.png w=640 h=480
xemu-perf: metal_surface_dirty vram_addr=0x3628000 size=2457600 write_addr=0x3628000 write_len=2457600 is_color=1
xemu-perf: metal_screenshot_written path=docs/apple-silicon/task-16-evidence-2026-05-21/cycle4-sampler-rt/harness-final/swizzle-mipmap/metal/screenshots/swizzle-mipmap.0017.png w=640 h=480
xemu-perf: metal_surface_dirty vram_addr=0x3628000 size=2457600 write_addr=0x3628000 write_len=2457600 is_color=1
xemu-perf: metal_surface_dirty vram_addr=0x3628000 size=2457600 write_addr=0x3628000 write_len=2457600 is_color=1
xemu-perf: metal_screenshot_written path=docs/apple-silicon/task-16-evidence-2026-05-21/cycle4-sampler-rt/harness-final/swizzle-mipmap/metal/screenshots/swizzle-mipmap.0018.png w=640 h=480
xemu-perf: metal_surface_dirty vram_addr=0x3628000 size=2457600 write_addr=0x3628000 write_len=2457600 is_color=1
xemu-perf: metal_surface_dirty vram_addr=0x3628000 size=2457600 write_addr=0x3628000 write_len=2457600 is_color=1
xemu-perf: metal_screenshot_written path=docs/apple-silicon/task-16-evidence-2026-05-21/cycle4-sampler-rt/harness-final/swizzle-mipmap/metal/screenshots/swizzle-mipmap.0019.png w=640 h=480
xemu-perf: metal_surface_dirty vram_addr=0x3628000 size=2457600 write_addr=0x3628000 write_len=2457600 is_color=1
xemu-perf: metal_screenshot_written path=docs/apple-silicon/task-16-evidence-2026-05-21/cycle4-sampler-rt/harness-final/swizzle-mipmap/metal/screenshots/swizzle-mipmap.0020.png w=640 h=480
xemu-perf: metal_surface_dirty vram_addr=0x3628000 size=2457600 write_addr=0x3628000 write_len=2457600 is_color=1
xemu-perf: metal_surface_dirty vram_addr=0x3628000 size=2457600 write_addr=0x3628000 write_len=2457600 is_color=1
xemu-perf: metal_screenshot_written path=docs/apple-silicon/task-16-evidence-2026-05-21/cycle4-sampler-rt/harness-final/swizzle-mipmap/metal/screenshots/swizzle-mipmap.0021.png w=640 h=480
xemu-perf: metal_surface_dirty vram_addr=0x3628000 size=2457600 write_addr=0x3628000 write_len=2457600 is_color=1
xemu-perf: metal_screenshot_written path=docs/apple-silicon/task-16-evidence-2026-05-21/cycle4-sampler-rt/harness-final/swizzle-mipmap/metal/screenshots/swizzle-mipmap.0022.png w=640 h=480
xemu-perf: metal_surface_dirty vram_addr=0x3628000 size=2457600 write_addr=0x3628000 write_len=2457600 is_color=1
xemu-perf: metal_surface_dirty vram_addr=0x3628000 size=2457600 write_addr=0x3628000 write_len=2457600 is_color=1
xemu-perf: metal_screenshot_written path=docs/apple-silicon/task-16-evidence-2026-05-21/cycle4-sampler-rt/harness-final/swizzle-mipmap/metal/screenshots/swizzle-mipmap.0023.png w=640 h=480
xemu-perf: interval_id=2 interval_start_us=204075777334 interval_end_us=204076778279 interval_ms=1000 frames=13 fps=12.99 mspf_avg=82.415 mspf_min=80.733 mspf_max=83.511 increment_fps=11 BEGIN_ENDS=16614 NATIVE_TRI_DEPTH_DRAW=16614 NATIVE_TRI_DEPTH_DRAW_SMOOTH=16614 TCG_TB_EXEC_COUNT=33088288 TCG_TB_INVALIDATE_COUNT=426 TCG_NOTDIRTY_TRIPS=191 TCG_NOTDIRTY_PAGES_HIT=3 TCG_TB_INVALIDATE_BURST_MAX=25 TCG_JMP_CACHE_ZEROED_BUCKETS=230351274 TCG_INVALIDATE_WALL_US_MAX=12 TCG_INVALIDATE_WALL_US_TOTAL=229 TCG_TB_LOOKUP_US_TOTAL=0 TCG_TB_GEN_CODE_US_TOTAL=0 TCG_HANDLE_INTERRUPT_US_TOTAL=0 TCG_XBOX_IDLE_LOOP_HITS=0 TCG_XBOX_IDLE_LOOP_YIELDS=0 TCG_XBOX_IDLE_LOOP_HALTS=0 MMIO_READ_COUNT=0 MMIO_READ_US_TOTAL=0 MMIO_READ_US_MAX=0 MMIO_READ_PGRAPH_COUNT=0 MMIO_READ_PGRAPH_US_TOTAL=0 MMIO_READ_PGRAPH_US_MAX=0 NV2A_VBLANK_FIRES=65 NV2A_FLIP_STALL_WRITES=13 NV2A_PRESENT_HEARTBEAT=13 XEMU_GL_SWAPS=0 RATE_SLEW_RATIO_E6=1000000 RATE_SLEW_ACTIVE=0 APU_LOCK_HOLD_US_TOTAL=69437 APU_VCPU_LOCK_WAIT_US_MAX=67 PFIFO_PUSHER_RUNS=205 PFIFO_PUSHER_STALLS=177 PFIFO_PUSHER_STALL_FLIP=0 PFIFO_PUSHER_STALL_NOP=122 PFIFO_PUSHER_STALL_FIFO=67 PFIFO_PULLER_CALLS=160382 PFIFO_PULLER_STALLS=25 PFIFO_PULLER_STALL_FLIP=25 PFIFO_PULLER_STALL_NOP=0 PFIFO_PULLER_STALL_CONTEXT=0 PFIFO_PULLER_STALL_FIFO=0 PFIFO_PUSHER_WORDS=1632526 PFIFO_PULLER_METHOD_WORDS=1479856 PFIFO_DMA_BACKLOG_BYTES_MAX=454036 PFIFO_USER_DMA_PUT_WRITES=219 PFIFO_USER_DMA_GET_WRITES=0 PFIFO_USER_DMA_PUT_READS=0 PFIFO_USER_DMA_GET_READS=135 PGRAPH_PATT_COLOR0_WRITES=0 PGRAPH_PATT_COLOR0_READS=0 PGRAPH_FLIP_STALL_SETS=13 PGRAPH_FLIP_STALL_CHECKS=38 PGRAPH_FLIP_STALL_STILL_WAITING=25 PGRAPH_FLIP_STALL_COMPLETES=13 METAL_DRAW_COUNT=16614 METAL_DRAW_INDEXED_COUNT=16601 METAL_NATIVE_TRI_DEPTH_DRAWS=16614 METAL_NATIVE_QUAD_DRAWS=0 METAL_CLEAR_COUNT=65 METAL_GLSL_TRANSLATE=0 METAL_GLSL_TRANSLATE_FAIL=0 METAL_SHADER_VALIDATE_OK=0 METAL_SHADER_VALIDATE_FAIL=0 METAL_PIPELINE_HITS=16614 METAL_PIPELINE_MISSES=0 METAL_PIPELINE_FAILED=0 METAL_TEX_UPLOADS_TOTAL=13 METAL_TEX_UPLOAD_BYTES_TOTAL=31948800 METAL_TEX_CACHE_HITS=17329 METAL_TEX_CACHE_MISSES=13 METAL_PIPELINE_KEY_BUILT=16614 METAL_PIPELINE_TRANSLATED_OK=16614 METAL_PIPELINE_TRANSLATED_FAILED=0 METAL_DISPATCH_US_TOTAL=560847 METAL_TEX_BIND_US_TOTAL=26862 METAL_DRAW_ENCODE_US_TOTAL=422158 METAL_DRAW_PASS_OPENS=16614 METAL_DRAW_PASS_COALESCED=0 METAL_DRAW_PASS_FLUSHES=16614 METAL_OPEN_PASS_FLUSH_US_TOTAL=263330 METAL_TEX_UPLOAD_US_TOTAL=806 METAL_DRAW_TRANSLATED=16614 METAL_PIPELINE_FALLBACKS=0 METAL_UNIFORM_PACK=33228 METAL_UNIFORM_BYTES=108722016 METAL_SHADER_COMPILE_QUEUED_TOTAL=0 METAL_SHADER_COMPILE_COMPLETED_TOTAL=0 METAL_SHADER_COMPILE_FAILED_TOTAL=0 METAL_DRAWS_SKIPPED_PENDING_TOTAL=0 METAL_DRAWS_USING_UBERSHADER_TOTAL=0 METAL_SHADER_CACHE_LOADS=0 METAL_SHADER_CACHE_HITS=0 METAL_SHADER_CACHE_MISSES=0 METAL_PRESENTS=0 METAL_PRESENT_JITTER_US_TOTAL=0 METAL_PRESENT_JITTER_US_AVG=0 METAL_PRESENT_JITTER_US_MAX=0 METAL_DRAWABLE_ACQUIRE_FAILS=0 METAL_DISPLAY_LINK_CALLBACKS=0 METAL_MSAA_RESOLVE_COUNT=0 METAL_MSAA_RESOLVE_US_TOTAL=0 METAL_MSAA_SAMPLE_COUNT=1 METAL_FX_SPATIAL_PRESENTS=0 METAL_FX_SPATIAL_US_TOTAL=0 METAL_FX_SCALE_FACTOR=1 METAL_FX_SPATIAL_GPU_US_TOTAL=0 METAL_VERTEX_US_TOTAL=866 METAL_FRAGMENT_US_TOTAL=1231 METAL_PRESENT_GPU_US_TOTAL=3134 METAL_PRESENT_GPU_FRAMES=125 METAL_CAPTURE_FRAMES=0 METAL_CAPTURE_ACTIVE=0 METAL_SCREENSHOTS_TAKEN=8 METAL_FRONT_FB_PUBLISHES=13 METAL_SURFACE_CACHE_SIZE=17 METAL_IMAGE_BLITS=0 METAL_SURFACE_VRAM_DIRTY_HITS=13 METAL_SURFACE_VRAM_UPLOADS=13 METAL_SURFACE_VRAM_UPLOAD_BYTES=31948800 METAL_SURFACE_RECREATE_SHAPE_MISMATCH=0 METAL_SURFACE_DOWNLOADS=13 METAL_SURFACE_DOWNLOAD_BYTES=31948800 METAL_SURFACE_DOWNLOAD_US_TOTAL=5735 METAL_DRAW_RT_DUMPS=0 METAL_SURFACE_GRAPH_DUMPS=0 METAL_SIBLING_SYNCS=0 METAL_SIBLING_SYNC_SKIPS=0 METAL_FLAT_QUAD_PROPAGATIONS=0 INPUT_USB_POLLS=0 INPUT_BACKEND_UPDATES=125 INPUT_LAT_US_TOTAL=0 INPUT_LAT_US_MAX=0 PIT_IRQ_TIMER_FIRES=2164 PIT_COALESCE_EVENTS=0 PIT_COALESCE_LATE_US_TOTAL=0 PIT_COALESCE_LATE_US_MAX=0 PIT_COALESCE_SKIPPED_TRANSITIONS=0
xemu-perf: metal_draw_target vram_addr=0x32a4000 count=13
xemu-perf: metal_draw_target vram_addr=0x2e06000 count=2604
xemu-perf: metal_draw_target vram_addr=0x3628000 count=5772
xemu-perf: metal_draw_target vram_addr=0x2c06000 count=3038
xemu-perf: metal_draw_target_zero count=5187
xemu-perf: metal_surface_dirty vram_addr=0x3628000 size=2457600 write_addr=0x3628000 write_len=2457600 is_color=1
xemu-perf: metal_screenshot_written path=docs/apple-silicon/task-16-evidence-2026-05-21/cycle4-sampler-rt/harness-final/swizzle-mipmap/metal/screenshots/swizzle-mipmap.0024.png w=640 h=480
xemu-perf: metal_surface_dirty vram_addr=0x3628000 size=2457600 write_addr=0x3628000 write_len=2457600 is_color=1
xemu-perf: metal_surface_dirty vram_addr=0x3628000 size=2457600 write_addr=0x3628000 write_len=2457600 is_color=1
xemu-perf: metal_screenshot_written path=docs/apple-silicon/task-16-evidence-2026-05-21/cycle4-sampler-rt/harness-final/swizzle-mipmap/metal/screenshots/swizzle-mipmap.0025.png w=640 h=480
xemu-perf: metal_surface_dirty vram_addr=0x3628000 size=2457600 write_addr=0x3628000 write_len=2457600 is_color=1
xemu-perf: metal_screenshot_written path=docs/apple-silicon/task-16-evidence-2026-05-21/cycle4-sampler-rt/harness-final/swizzle-mipmap/metal/screenshots/swizzle-mipmap.0026.png w=640 h=480
xemu-perf: metal_surface_dirty vram_addr=0x3628000 size=2457600 write_addr=0x3628000 write_len=2457600 is_color=1
xemu-perf: metal_surface_dirty vram_addr=0x3628000 size=2457600 write_addr=0x3628000 write_len=2457600 is_color=1
xemu-perf: metal_screenshot_written path=docs/apple-silicon/task-16-evidence-2026-05-21/cycle4-sampler-rt/harness-final/swizzle-mipmap/metal/screenshots/swizzle-mipmap.0027.png w=640 h=480
xemu-perf: metal_surface_dirty vram_addr=0x3628000 size=2457600 write_addr=0x3628000 write_len=2457600 is_color=1
xemu-perf: metal_screenshot_written path=docs/apple-silicon/task-16-evidence-2026-05-21/cycle4-sampler-rt/harness-final/swizzle-mipmap/metal/screenshots/swizzle-mipmap.0028.png w=640 h=480
xemu-perf: metal_surface_dirty vram_addr=0x3628000 size=2457600 write_addr=0x3628000 write_len=2457600 is_color=1
xemu-perf: metal_screenshot_written path=docs/apple-silicon/task-16-evidence-2026-05-21/cycle4-sampler-rt/harness-final/swizzle-mipmap/metal/screenshots/swizzle-mipmap.0029.png w=640 h=480
xemu-perf: metal_surface_dirty vram_addr=0x3628000 size=2457600 write_addr=0x3628000 write_len=2457600 is_color=1
xemu-perf: metal_surface_dirty vram_addr=0x3628000 size=2457600 write_addr=0x3628000 write_len=2457600 is_color=1
xemu-perf: metal_screenshot_written path=docs/apple-silicon/task-16-evidence-2026-05-21/cycle4-sampler-rt/harness-final/swizzle-mipmap/metal/screenshots/swizzle-mipmap.0030.png w=640 h=480
xemu-perf: metal_surface_dirty vram_addr=0x3628000 size=2457600 write_addr=0x3628000 write_len=2457600 is_color=1
xemu-perf: metal_screenshot_written path=docs/apple-silicon/task-16-evidence-2026-05-21/cycle4-sampler-rt/harness-final/swizzle-mipmap/metal/screenshots/swizzle-mipmap.0031.png w=640 h=480
xemu-perf: metal_surface_dirty vram_addr=0x3628000 size=2457600 write_addr=0x3628000 write_len=2457600 is_color=1
xemu-perf: interval_id=3 interval_start_us=204076862183 interval_end_us=204077877879 interval_ms=1015 frames=12 fps=11.81 mspf_avg=83.320 mspf_min=81.211 mspf_max=85.773 increment_fps=9 BEGIN_ENDS=15336 NATIVE_TRI_DEPTH_DRAW=15336 NATIVE_TRI_DEPTH_DRAW_SMOOTH=15336 TCG_TB_EXEC_COUNT=41106132 TCG_TB_INVALIDATE_COUNT=415 TCG_NOTDIRTY_TRIPS=185 TCG_NOTDIRTY_PAGES_HIT=3 TCG_TB_INVALIDATE_BURST_MAX=21 TCG_JMP_CACHE_ZEROED_BUCKETS=212631967 TCG_INVALIDATE_WALL_US_MAX=20 TCG_INVALIDATE_WALL_US_TOTAL=252 TCG_TB_LOOKUP_US_TOTAL=0 TCG_TB_GEN_CODE_US_TOTAL=0 TCG_HANDLE_INTERRUPT_US_TOTAL=0 TCG_XBOX_IDLE_LOOP_HITS=0 TCG_XBOX_IDLE_LOOP_YIELDS=0 TCG_XBOX_IDLE_LOOP_HALTS=0 MMIO_READ_COUNT=0 MMIO_READ_US_TOTAL=0 MMIO_READ_US_MAX=0 MMIO_READ_PGRAPH_COUNT=0 MMIO_READ_PGRAPH_US_TOTAL=0 MMIO_READ_PGRAPH_US_MAX=0 NV2A_VBLANK_FIRES=66 NV2A_FLIP_STALL_WRITES=12 NV2A_PRESENT_HEARTBEAT=12 XEMU_GL_SWAPS=0 RATE_SLEW_RATIO_E6=1000000 RATE_SLEW_ACTIVE=0 APU_LOCK_HOLD_US_TOTAL=69135 APU_VCPU_LOCK_WAIT_US_MAX=74 PFIFO_PUSHER_RUNS=214 PFIFO_PUSHER_STALLS=155 PFIFO_PUSHER_STALL_FLIP=0 PFIFO_PUSHER_STALL_NOP=100 PFIFO_PUSHER_STALL_FIFO=63 PFIFO_PULLER_CALLS=148101 PFIFO_PULLER_STALLS=59 PFIFO_PULLER_STALL_FLIP=59 PFIFO_PULLER_STALL_NOP=0 PFIFO_PULLER_STALL_CONTEXT=0 PFIFO_PULLER_STALL_FIFO=0 PFIFO_PUSHER_WORDS=1506930 PFIFO_PULLER_METHOD_WORDS=1366020 PFIFO_DMA_BACKLOG_BYTES_MAX=503524 PFIFO_USER_DMA_PUT_WRITES=190 PFIFO_USER_DMA_GET_WRITES=0 PFIFO_USER_DMA_PUT_READS=0 PFIFO_USER_DMA_GET_READS=119 PGRAPH_PATT_COLOR0_WRITES=0 PGRAPH_PATT_COLOR0_READS=0 PGRAPH_FLIP_STALL_SETS=12 PGRAPH_FLIP_STALL_CHECKS=71 PGRAPH_FLIP_STALL_STILL_WAITING=59 PGRAPH_FLIP_STALL_COMPLETES=12 METAL_DRAW_COUNT=15336 METAL_DRAW_INDEXED_COUNT=15324 METAL_NATIVE_TRI_DEPTH_DRAWS=15336 METAL_NATIVE_QUAD_DRAWS=0 METAL_CLEAR_COUNT=60 METAL_GLSL_TRANSLATE=0 METAL_GLSL_TRANSLATE_FAIL=0 METAL_SHADER_VALIDATE_OK=0 METAL_SHADER_VALIDATE_FAIL=0 METAL_PIPELINE_HITS=15336 METAL_PIPELINE_MISSES=0 METAL_PIPELINE_FAILED=0 METAL_TEX_UPLOADS_TOTAL=12 METAL_TEX_UPLOAD_BYTES_TOTAL=29491200 METAL_TEX_CACHE_HITS=15996 METAL_TEX_CACHE_MISSES=12 METAL_PIPELINE_KEY_BUILT=15336 METAL_PIPELINE_TRANSLATED_OK=15336 METAL_PIPELINE_TRANSLATED_FAILED=0 METAL_DISPATCH_US_TOTAL=520035 METAL_TEX_BIND_US_TOTAL=26412 METAL_DRAW_ENCODE_US_TOTAL=391876 METAL_DRAW_PASS_OPENS=15336 METAL_DRAW_PASS_COALESCED=0 METAL_DRAW_PASS_FLUSHES=15336 METAL_OPEN_PASS_FLUSH_US_TOTAL=246427 METAL_TEX_UPLOAD_US_TOTAL=815 METAL_DRAW_TRANSLATED=15336 METAL_PIPELINE_FALLBACKS=0 METAL_UNIFORM_PACK=30672 METAL_UNIFORM_BYTES=100358784 METAL_SHADER_COMPILE_QUEUED_TOTAL=0 METAL_SHADER_COMPILE_COMPLETED_TOTAL=0 METAL_SHADER_COMPILE_FAILED_TOTAL=0 METAL_DRAWS_SKIPPED_PENDING_TOTAL=0 METAL_DRAWS_USING_UBERSHADER_TOTAL=0 METAL_SHADER_CACHE_LOADS=0 METAL_SHADER_CACHE_HITS=0 METAL_SHADER_CACHE_MISSES=0 METAL_PRESENTS=0 METAL_PRESENT_JITTER_US_TOTAL=0 METAL_PRESENT_JITTER_US_AVG=0 METAL_PRESENT_JITTER_US_MAX=0 METAL_DRAWABLE_ACQUIRE_FAILS=0 METAL_DISPLAY_LINK_CALLBACKS=0 METAL_MSAA_RESOLVE_COUNT=0 METAL_MSAA_RESOLVE_US_TOTAL=0 METAL_MSAA_SAMPLE_COUNT=1 METAL_FX_SPATIAL_PRESENTS=0 METAL_FX_SPATIAL_US_TOTAL=0 METAL_FX_SCALE_FACTOR=1 METAL_FX_SPATIAL_GPU_US_TOTAL=0 METAL_VERTEX_US_TOTAL=902 METAL_FRAGMENT_US_TOTAL=1284 METAL_PRESENT_GPU_US_TOTAL=3267 METAL_PRESENT_GPU_FRAMES=128 METAL_CAPTURE_FRAMES=0 METAL_CAPTURE_ACTIVE=0 METAL_SCREENSHOTS_TAKEN=8 METAL_FRONT_FB_PUBLISHES=12 METAL_SURFACE_CACHE_SIZE=17 METAL_IMAGE_BLITS=0 METAL_SURFACE_VRAM_DIRTY_HITS=12 METAL_SURFACE_VRAM_UPLOADS=12 METAL_SURFACE_VRAM_UPLOAD_BYTES=29491200 METAL_SURFACE_RECREATE_SHAPE_MISMATCH=0 METAL_SURFACE_DOWNLOADS=12 METAL_SURFACE_DOWNLOAD_BYTES=29491200 METAL_SURFACE_DOWNLOAD_US_TOTAL=7292 METAL_DRAW_RT_DUMPS=0 METAL_SURFACE_GRAPH_DUMPS=0 METAL_SIBLING_SYNCS=0 METAL_SIBLING_SYNC_SKIPS=0 METAL_FLAT_QUAD_PROPAGATIONS=0 INPUT_USB_POLLS=0 INPUT_BACKEND_UPDATES=134 INPUT_LAT_US_TOTAL=0 INPUT_LAT_US_MAX=0 PIT_IRQ_TIMER_FIRES=2198 PIT_COALESCE_EVENTS=0 PIT_COALESCE_LATE_US_TOTAL=0 PIT_COALESCE_LATE_US_MAX=0 PIT_COALESCE_SKIPPED_TRANSITIONS=0
xemu-perf: metal_draw_target vram_addr=0x32a4000 count=12
xemu-perf: metal_draw_target vram_addr=0x2e06000 count=2604
xemu-perf: metal_draw_target vram_addr=0x3628000 count=5328
xemu-perf: metal_draw_target vram_addr=0x2c06000 count=2604
xemu-perf: metal_draw_target_zero count=4788
xemu-perf: metal_surface_dirty vram_addr=0x3628000 size=2457600 write_addr=0x3628000 write_len=2457600 is_color=1
xemu-perf: metal_screenshot_written path=docs/apple-silicon/task-16-evidence-2026-05-21/cycle4-sampler-rt/harness-final/swizzle-mipmap/metal/screenshots/swizzle-mipmap.0032.png w=640 h=480
xemu-perf: metal_surface_dirty vram_addr=0x3628000 size=2457600 write_addr=0x3628000 write_len=2457600 is_color=1
xemu-perf: metal_screenshot_written path=docs/apple-silicon/task-16-evidence-2026-05-21/cycle4-sampler-rt/harness-final/swizzle-mipmap/metal/screenshots/swizzle-mipmap.0033.png w=640 h=480
xemu-perf: metal_surface_dirty vram_addr=0x3628000 size=2457600 write_addr=0x3628000 write_len=2457600 is_color=1
xemu-perf: metal_surface_dirty vram_addr=0x3628000 size=2457600 write_addr=0x3628000 write_len=2457600 is_color=1
xemu-perf: metal_screenshot_written path=docs/apple-silicon/task-16-evidence-2026-05-21/cycle4-sampler-rt/harness-final/swizzle-mipmap/metal/screenshots/swizzle-mipmap.0034.png w=640 h=480
xemu-perf: metal_surface_dirty vram_addr=0x3628000 size=2457600 write_addr=0x3628000 write_len=2457600 is_color=1
xemu-perf: metal_screenshot_written path=docs/apple-silicon/task-16-evidence-2026-05-21/cycle4-sampler-rt/harness-final/swizzle-mipmap/metal/screenshots/swizzle-mipmap.0035.png w=640 h=480
xemu-perf: metal_surface_dirty vram_addr=0x3628000 size=2457600 write_addr=0x3628000 write_len=2457600 is_color=1
xemu-perf: metal_surface_dirty vram_addr=0x3628000 size=2457600 write_addr=0x3628000 write_len=2457600 is_color=1
xemu-perf: metal_screenshot_written path=docs/apple-silicon/task-16-evidence-2026-05-21/cycle4-sampler-rt/harness-final/swizzle-mipmap/metal/screenshots/swizzle-mipmap.0036.png w=640 h=480
xemu-perf: metal_surface_dirty vram_addr=0x3628000 size=2457600 write_addr=0x3628000 write_len=2457600 is_color=1
xemu-perf: metal_screenshot_written path=docs/apple-silicon/task-16-evidence-2026-05-21/cycle4-sampler-rt/harness-final/swizzle-mipmap/metal/screenshots/swizzle-mipmap.0037.png w=640 h=480
xemu-perf: metal_surface_dirty vram_addr=0x3628000 size=2457600 write_addr=0x3628000 write_len=2457600 is_color=1
xemu-perf: metal_surface_dirty vram_addr=0x3628000 size=2457600 write_addr=0x3628000 write_len=2457600 is_color=1
xemu-perf: metal_screenshot_written path=docs/apple-silicon/task-16-evidence-2026-05-21/cycle4-sampler-rt/harness-final/swizzle-mipmap/metal/screenshots/swizzle-mipmap.0038.png w=640 h=480
xemu-perf: metal_surface_dirty vram_addr=0x3628000 size=2457600 write_addr=0x3628000 write_len=2457600 is_color=1
xemu-perf: metal_screenshot_written path=docs/apple-silicon/task-16-evidence-2026-05-21/cycle4-sampler-rt/harness-final/swizzle-mipmap/metal/screenshots/swizzle-mipmap.0039.png w=640 h=480
xemu-perf: metal_surface_dirty vram_addr=0x3628000 size=2457600 write_addr=0x3628000 write_len=2457600 is_color=1
xemu-perf: metal_surface_dirty vram_addr=0x3628000 size=2457600 write_addr=0x3628000 write_len=2457600 is_color=1
xemu-perf: metal_screenshot_written path=docs/apple-silicon/task-16-evidence-2026-05-21/cycle4-sampler-rt/harness-final/swizzle-mipmap/metal/screenshots/swizzle-mipmap.0040.png w=640 h=480
xemu-perf: interval_id=4 interval_start_us=204077960750 interval_end_us=204078961460 interval_ms=1000 frames=13 fps=12.99 mspf_avg=81.691 mspf_min=80.817 mspf_max=82.468 increment_fps=12 BEGIN_ENDS=16615 NATIVE_TRI_DEPTH_DRAW=16615 NATIVE_TRI_DEPTH_DRAW_SMOOTH=16615 TCG_TB_EXEC_COUNT=33662048 TCG_TB_INVALIDATE_COUNT=522 TCG_NOTDIRTY_TRIPS=202 TCG_NOTDIRTY_PAGES_HIT=3 TCG_TB_INVALIDATE_BURST_MAX=32 TCG_JMP_CACHE_ZEROED_BUCKETS=230367754 TCG_INVALIDATE_WALL_US_MAX=15 TCG_INVALIDATE_WALL_US_TOTAL=285 TCG_TB_LOOKUP_US_TOTAL=0 TCG_TB_GEN_CODE_US_TOTAL=0 TCG_HANDLE_INTERRUPT_US_TOTAL=0 TCG_XBOX_IDLE_LOOP_HITS=0 TCG_XBOX_IDLE_LOOP_YIELDS=0 TCG_XBOX_IDLE_LOOP_HALTS=0 MMIO_READ_COUNT=0 MMIO_READ_US_TOTAL=0 MMIO_READ_US_MAX=0 MMIO_READ_PGRAPH_COUNT=0 MMIO_READ_PGRAPH_US_TOTAL=0 MMIO_READ_PGRAPH_US_MAX=0 NV2A_VBLANK_FIRES=65 NV2A_FLIP_STALL_WRITES=13 NV2A_PRESENT_HEARTBEAT=13 XEMU_GL_SWAPS=0 RATE_SLEW_RATIO_E6=1000000 RATE_SLEW_ACTIVE=0 APU_LOCK_HOLD_US_TOTAL=69266 APU_VCPU_LOCK_WAIT_US_MAX=75 PFIFO_PUSHER_RUNS=220 PFIFO_PUSHER_STALLS=180 PFIFO_PUSHER_STALL_FLIP=0 PFIFO_PUSHER_STALL_NOP=124 PFIFO_PUSHER_STALL_FIFO=74 PFIFO_PULLER_CALLS=160523 PFIFO_PULLER_STALLS=40 PFIFO_PULLER_STALL_FLIP=40 PFIFO_PULLER_STALL_NOP=0 PFIFO_PULLER_STALL_CONTEXT=0 PFIFO_PULLER_STALL_FIFO=0 PFIFO_PUSHER_WORDS=1632745 PFIFO_PULLER_METHOD_WORDS=1479993 PFIFO_DMA_BACKLOG_BYTES_MAX=446532 PFIFO_USER_DMA_PUT_WRITES=221 PFIFO_USER_DMA_GET_WRITES=0 PFIFO_USER_DMA_PUT_READS=0 PFIFO_USER_DMA_GET_READS=136 PGRAPH_PATT_COLOR0_WRITES=0 PGRAPH_PATT_COLOR0_READS=0 PGRAPH_FLIP_STALL_SETS=13 PGRAPH_FLIP_STALL_CHECKS=53 PGRAPH_FLIP_STALL_STILL_WAITING=40 PGRAPH_FLIP_STALL_COMPLETES=13 METAL_DRAW_COUNT=16615 METAL_DRAW_INDEXED_COUNT=16602 METAL_NATIVE_TRI_DEPTH_DRAWS=16615 METAL_NATIVE_QUAD_DRAWS=0 METAL_CLEAR_COUNT=65 METAL_GLSL_TRANSLATE=0 METAL_GLSL_TRANSLATE_FAIL=0 METAL_SHADER_VALIDATE_OK=0 METAL_SHADER_VALIDATE_FAIL=0 METAL_PIPELINE_HITS=16614 METAL_PIPELINE_MISSES=1 METAL_PIPELINE_FAILED=0 METAL_TEX_UPLOADS_TOTAL=13 METAL_TEX_UPLOAD_BYTES_TOTAL=31948800 METAL_TEX_CACHE_HITS=17330 METAL_TEX_CACHE_MISSES=13 METAL_PIPELINE_KEY_BUILT=16615 METAL_PIPELINE_TRANSLATED_OK=16615 METAL_PIPELINE_TRANSLATED_FAILED=0 METAL_DISPATCH_US_TOTAL=556486 METAL_TEX_BIND_US_TOTAL=26385 METAL_DRAW_ENCODE_US_TOTAL=420791 METAL_DRAW_PASS_OPENS=16615 METAL_DRAW_PASS_COALESCED=0 METAL_DRAW_PASS_FLUSHES=16615 METAL_OPEN_PASS_FLUSH_US_TOTAL=265605 METAL_TEX_UPLOAD_US_TOTAL=828 METAL_DRAW_TRANSLATED=16615 METAL_PIPELINE_FALLBACKS=0 METAL_UNIFORM_PACK=33230 METAL_UNIFORM_BYTES=108728560 METAL_SHADER_COMPILE_QUEUED_TOTAL=0 METAL_SHADER_COMPILE_COMPLETED_TOTAL=0 METAL_SHADER_COMPILE_FAILED_TOTAL=0 METAL_DRAWS_SKIPPED_PENDING_TOTAL=0 METAL_DRAWS_USING_UBERSHADER_TOTAL=0 METAL_SHADER_CACHE_LOADS=1 METAL_SHADER_CACHE_HITS=1 METAL_SHADER_CACHE_MISSES=0 METAL_PRESENTS=0 METAL_PRESENT_JITTER_US_TOTAL=0 METAL_PRESENT_JITTER_US_AVG=0 METAL_PRESENT_JITTER_US_MAX=0 METAL_DRAWABLE_ACQUIRE_FAILS=0 METAL_DISPLAY_LINK_CALLBACKS=0 METAL_MSAA_RESOLVE_COUNT=0 METAL_MSAA_RESOLVE_US_TOTAL=0 METAL_MSAA_SAMPLE_COUNT=1 METAL_FX_SPATIAL_PRESENTS=0 METAL_FX_SPATIAL_US_TOTAL=0 METAL_FX_SCALE_FACTOR=1 METAL_FX_SPATIAL_GPU_US_TOTAL=0 METAL_VERTEX_US_TOTAL=760 METAL_FRAGMENT_US_TOTAL=1175 METAL_PRESENT_GPU_US_TOTAL=3657 METAL_PRESENT_GPU_FRAMES=125 METAL_CAPTURE_FRAMES=0 METAL_CAPTURE_ACTIVE=0 METAL_SCREENSHOTS_TAKEN=9 METAL_FRONT_FB_PUBLISHES=13 METAL_SURFACE_CACHE_SIZE=17 METAL_IMAGE_BLITS=0 METAL_SURFACE_VRAM_DIRTY_HITS=13 METAL_SURFACE_VRAM_UPLOADS=13 METAL_SURFACE_VRAM_UPLOAD_BYTES=31948800 METAL_SURFACE_RECREATE_SHAPE_MISMATCH=0 METAL_SURFACE_DOWNLOADS=13 METAL_SURFACE_DOWNLOAD_BYTES=31948800 METAL_SURFACE_DOWNLOAD_US_TOTAL=5601 METAL_DRAW_RT_DUMPS=0 METAL_SURFACE_GRAPH_DUMPS=0 METAL_SIBLING_SYNCS=0 METAL_SIBLING_SYNC_SKIPS=0 METAL_FLAT_QUAD_PROPAGATIONS=0 INPUT_USB_POLLS=0 INPUT_BACKEND_UPDATES=127 INPUT_LAT_US_TOTAL=0 INPUT_LAT_US_MAX=0 PIT_IRQ_TIMER_FIRES=2168 PIT_COALESCE_EVENTS=0 PIT_COALESCE_LATE_US_TOTAL=0 PIT_COALESCE_LATE_US_MAX=0 PIT_COALESCE_SKIPPED_TRANSITIONS=0
xemu-perf: metal_draw_target vram_addr=0x32a4000 count=13
xemu-perf: metal_draw_target vram_addr=0x2e06000 count=3038
xemu-perf: metal_draw_target vram_addr=0x3628000 count=5773
xemu-perf: metal_draw_target vram_addr=0x2c06000 count=2604
xemu-perf: metal_draw_target_zero count=5187
xemu-perf: metal_surface_dirty vram_addr=0x3628000 size=2457600 write_addr=0x3628000 write_len=2457600 is_color=1
xemu-perf: metal_surface_dirty vram_addr=0x3628000 size=2457600 write_addr=0x3628000 write_len=2457600 is_color=1
xemu-perf: metal_screenshot_written path=docs/apple-silicon/task-16-evidence-2026-05-21/cycle4-sampler-rt/harness-final/swizzle-mipmap/metal/screenshots/swizzle-mipmap.0041.png w=640 h=480
xemu-perf: metal_surface_dirty vram_addr=0x3628000 size=2457600 write_addr=0x3628000 write_len=2457600 is_color=1
xemu-perf: metal_screenshot_written path=docs/apple-silicon/task-16-evidence-2026-05-21/cycle4-sampler-rt/harness-final/swizzle-mipmap/metal/screenshots/swizzle-mipmap.0042.png w=640 h=480
xemu-perf: metal_surface_dirty vram_addr=0x3628000 size=2457600 write_addr=0x3628000 write_len=2457600 is_color=1
xemu-perf: metal_surface_dirty vram_addr=0x3628000 size=2457600 write_addr=0x3628000 write_len=2457600 is_color=1
xemu-perf: metal_screenshot_written path=docs/apple-silicon/task-16-evidence-2026-05-21/cycle4-sampler-rt/harness-final/swizzle-mipmap/metal/screenshots/swizzle-mipmap.0043.png w=640 h=480
xemu-perf: metal_surface_dirty vram_addr=0x3628000 size=2457600 write_addr=0x3628000 write_len=2457600 is_color=1
xemu-perf: metal_screenshot_written path=docs/apple-silicon/task-16-evidence-2026-05-21/cycle4-sampler-rt/harness-final/swizzle-mipmap/metal/screenshots/swizzle-mipmap.0044.png w=640 h=480
xemu-perf: metal_surface_dirty vram_addr=0x3628000 size=2457600 write_addr=0x3628000 write_len=2457600 is_color=1
xemu-perf: metal_surface_dirty vram_addr=0x3628000 size=2457600 write_addr=0x3628000 write_len=2457600 is_color=1
xemu-perf: metal_screenshot_written path=docs/apple-silicon/task-16-evidence-2026-05-21/cycle4-sampler-rt/harness-final/swizzle-mipmap/metal/screenshots/swizzle-mipmap.0045.png w=640 h=480
xemu-perf: metal_surface_dirty vram_addr=0x3628000 size=2457600 write_addr=0x3628000 write_len=2457600 is_color=1
xemu-perf: metal_surface_dirty vram_addr=0x3628000 size=2457600 write_addr=0x3628000 write_len=2457600 is_color=1
xemu-perf: metal_screenshot_written path=docs/apple-silicon/task-16-evidence-2026-05-21/cycle4-sampler-rt/harness-final/swizzle-mipmap/metal/screenshots/swizzle-mipmap.0046.png w=640 h=480
xemu-perf: metal_surface_dirty vram_addr=0x3628000 size=2457600 write_addr=0x3628000 write_len=2457600 is_color=1
xemu-perf: metal_screenshot_written path=docs/apple-silicon/task-16-evidence-2026-05-21/cycle4-sampler-rt/harness-final/swizzle-mipmap/metal/screenshots/swizzle-mipmap.0047.png w=640 h=480
xemu-perf: metal_surface_dirty vram_addr=0x3628000 size=2457600 write_addr=0x3628000 write_len=2457600 is_color=1
xemu-perf: metal_surface_dirty vram_addr=0x3628000 size=2457600 write_addr=0x3628000 write_len=2457600 is_color=1
xemu-perf: metal_screenshot_written path=docs/apple-silicon/task-16-evidence-2026-05-21/cycle4-sampler-rt/harness-final/swizzle-mipmap/metal/screenshots/swizzle-mipmap.0048.png w=640 h=480
xemu-perf: metal_surface_dirty vram_addr=0x3628000 size=2457600 write_addr=0x3628000 write_len=2457600 is_color=1
xemu-perf: metal_screenshot_written path=docs/apple-silicon/task-16-evidence-2026-05-21/cycle4-sampler-rt/harness-final/swizzle-mipmap/metal/screenshots/swizzle-mipmap.0049.png w=640 h=480
xemu-perf: interval_id=5 interval_start_us=204079045931 interval_end_us=204080128176 interval_ms=1082 frames=14 fps=12.94 mspf_avg=81.797 mspf_min=79.960 mspf_max=83.647 increment_fps=11 BEGIN_ENDS=17942 NATIVE_TRI_DEPTH_DRAW=17942 NATIVE_TRI_DEPTH_DRAW_SMOOTH=17942 TCG_TB_EXEC_COUNT=36990032 TCG_TB_INVALIDATE_COUNT=541 TCG_NOTDIRTY_TRIPS=218 TCG_NOTDIRTY_PAGES_HIT=3 TCG_TB_INVALIDATE_BURST_MAX=21 TCG_JMP_CACHE_ZEROED_BUCKETS=248975901 TCG_INVALIDATE_WALL_US_MAX=14 TCG_INVALIDATE_WALL_US_TOTAL=294 TCG_TB_LOOKUP_US_TOTAL=0 TCG_TB_GEN_CODE_US_TOTAL=0 TCG_HANDLE_INTERRUPT_US_TOTAL=0 TCG_XBOX_IDLE_LOOP_HITS=0 TCG_XBOX_IDLE_LOOP_YIELDS=0 TCG_XBOX_IDLE_LOOP_HALTS=0 MMIO_READ_COUNT=0 MMIO_READ_US_TOTAL=0 MMIO_READ_US_MAX=0 MMIO_READ_PGRAPH_COUNT=0 MMIO_READ_PGRAPH_US_TOTAL=0 MMIO_READ_PGRAPH_US_MAX=0 NV2A_VBLANK_FIRES=70 NV2A_FLIP_STALL_WRITES=14 NV2A_PRESENT_HEARTBEAT=14 XEMU_GL_SWAPS=0 RATE_SLEW_RATIO_E6=1000000 RATE_SLEW_ACTIVE=0 APU_LOCK_HOLD_US_TOTAL=72966 APU_VCPU_LOCK_WAIT_US_MAX=86 PFIFO_PUSHER_RUNS=214 PFIFO_PUSHER_STALLS=178 PFIFO_PUSHER_STALL_FLIP=0 PFIFO_PUSHER_STALL_NOP=115 PFIFO_PUSHER_STALL_FIFO=69 PFIFO_PULLER_CALLS=172174 PFIFO_PULLER_STALLS=29 PFIFO_PULLER_STALL_FLIP=29 PFIFO_PULLER_STALL_NOP=0 PFIFO_PULLER_STALL_CONTEXT=0 PFIFO_PULLER_STALL_FIFO=0 PFIFO_PUSHER_WORDS=1336449 PFIFO_PULLER_METHOD_WORDS=1173491 PFIFO_DMA_BACKLOG_BYTES_MAX=458548 PFIFO_USER_DMA_PUT_WRITES=171 PFIFO_USER_DMA_GET_WRITES=0 PFIFO_USER_DMA_PUT_READS=0 PFIFO_USER_DMA_GET_READS=111 PGRAPH_PATT_COLOR0_WRITES=0 PGRAPH_PATT_COLOR0_READS=0 PGRAPH_FLIP_STALL_SETS=14 PGRAPH_FLIP_STALL_CHECKS=43 PGRAPH_FLIP_STALL_STILL_WAITING=29 PGRAPH_FLIP_STALL_COMPLETES=14 METAL_DRAW_COUNT=17942 METAL_DRAW_INDEXED_COUNT=17928 METAL_NATIVE_TRI_DEPTH_DRAWS=17942 METAL_NATIVE_QUAD_DRAWS=0 METAL_CLEAR_COUNT=79 METAL_GLSL_TRANSLATE=0 METAL_GLSL_TRANSLATE_FAIL=0 METAL_SHADER_VALIDATE_OK=0 METAL_SHADER_VALIDATE_FAIL=0 METAL_PIPELINE_HITS=17935 METAL_PIPELINE_MISSES=7 METAL_PIPELINE_FAILED=0 METAL_TEX_UPLOADS_TOTAL=17 METAL_TEX_UPLOAD_BYTES_TOTAL=34684928 METAL_TEX_CACHE_HITS=18745 METAL_TEX_CACHE_MISSES=17 METAL_PIPELINE_KEY_BUILT=17942 METAL_PIPELINE_TRANSLATED_OK=17942 METAL_PIPELINE_TRANSLATED_FAILED=0 METAL_DISPATCH_US_TOTAL=602526 METAL_TEX_BIND_US_TOTAL=29071 METAL_DRAW_ENCODE_US_TOTAL=450015 METAL_DRAW_PASS_OPENS=17942 METAL_DRAW_PASS_COALESCED=0 METAL_DRAW_PASS_FLUSHES=17942 METAL_OPEN_PASS_FLUSH_US_TOTAL=281507 METAL_TEX_UPLOAD_US_TOTAL=879 METAL_DRAW_TRANSLATED=17942 METAL_PIPELINE_FALLBACKS=0 METAL_UNIFORM_PACK=35884 METAL_UNIFORM_BYTES=117412448 METAL_SHADER_COMPILE_QUEUED_TOTAL=0 METAL_SHADER_COMPILE_COMPLETED_TOTAL=0 METAL_SHADER_COMPILE_FAILED_TOTAL=0 METAL_DRAWS_SKIPPED_PENDING_TOTAL=0 METAL_DRAWS_USING_UBERSHADER_TOTAL=0 METAL_SHADER_CACHE_LOADS=7 METAL_SHADER_CACHE_HITS=7 METAL_SHADER_CACHE_MISSES=0 METAL_PRESENTS=0 METAL_PRESENT_JITTER_US_TOTAL=0 METAL_PRESENT_JITTER_US_AVG=0 METAL_PRESENT_JITTER_US_MAX=0 METAL_DRAWABLE_ACQUIRE_FAILS=0 METAL_DISPLAY_LINK_CALLBACKS=0 METAL_MSAA_RESOLVE_COUNT=0 METAL_MSAA_RESOLVE_US_TOTAL=0 METAL_MSAA_SAMPLE_COUNT=1 METAL_FX_SPATIAL_PRESENTS=0 METAL_FX_SPATIAL_US_TOTAL=0 METAL_FX_SCALE_FACTOR=1 METAL_FX_SPATIAL_GPU_US_TOTAL=0 METAL_VERTEX_US_TOTAL=822 METAL_FRAGMENT_US_TOTAL=1315 METAL_PRESENT_GPU_US_TOTAL=3176 METAL_PRESENT_GPU_FRAMES=135 METAL_CAPTURE_FRAMES=0 METAL_CAPTURE_ACTIVE=0 METAL_SCREENSHOTS_TAKEN=9 METAL_FRONT_FB_PUBLISHES=14 METAL_SURFACE_CACHE_SIZE=17 METAL_IMAGE_BLITS=0 METAL_SURFACE_VRAM_DIRTY_HITS=14 METAL_SURFACE_VRAM_UPLOADS=14 METAL_SURFACE_VRAM_UPLOAD_BYTES=34406400 METAL_SURFACE_RECREATE_SHAPE_MISMATCH=0 METAL_SURFACE_DOWNLOADS=14 METAL_SURFACE_DOWNLOAD_BYTES=34406400 METAL_SURFACE_DOWNLOAD_US_TOTAL=5938 METAL_DRAW_RT_DUMPS=0 METAL_SURFACE_GRAPH_DUMPS=0 METAL_SIBLING_SYNCS=0 METAL_SIBLING_SYNC_SKIPS=0 METAL_FLAT_QUAD_PROPAGATIONS=0 INPUT_USB_POLLS=0 INPUT_BACKEND_UPDATES=137 INPUT_LAT_US_TOTAL=0 INPUT_LAT_US_MAX=0 PIT_IRQ_TIMER_FIRES=2334 PIT_COALESCE_EVENTS=0 PIT_COALESCE_LATE_US_TOTAL=0 PIT_COALESCE_LATE_US_MAX=0 PIT_COALESCE_SKIPPED_TRANSITIONS=0
xemu-perf: metal_draw_target vram_addr=0x32a4000 count=14
xemu-perf: metal_draw_target vram_addr=0x2e06000 count=3038
xemu-perf: metal_draw_target vram_addr=0x3628000 count=6266
xemu-perf: metal_draw_target vram_addr=0x2c06000 count=3038
xemu-perf: metal_draw_target_zero count=5586
xemu-perf: metal_surface_dirty vram_addr=0x3628000 size=2457600 write_addr=0x3628000 write_len=2457600 is_color=1
xemu-perf: metal_color_bind vram_addr=0x2454000 guest=1024x1024 scaled=1024x1024 pitch=4096 format=8
xemu-perf: metal_draw_target_first vram_addr=0x2454000 slot=10
xemu-perf: metal_surface_dirty vram_addr=0x3628000 size=2457600 write_addr=0x3628000 write_len=2457600 is_color=1
xemu-perf: metal_surface_dirty vram_addr=0x3628000 size=2457600 write_addr=0x3628000 write_len=2457600 is_color=1
xemu-perf: metal_surface_dirty vram_addr=0x3628000 size=2457600 write_addr=0x3628000 write_len=2457600 is_color=1
xemu-perf: metal_surface_dirty vram_addr=0x3628000 size=2457600 write_addr=0x3628000 write_len=2457600 is_color=1
xemu-perf: metal_surface_dirty vram_addr=0x3628000 size=2457600 write_addr=0x3628000 write_len=2457600 is_color=1
xemu-perf: metal_screenshot_written path=docs/apple-silicon/task-16-evidence-2026-05-21/cycle4-sampler-rt/harness-final/swizzle-mipmap/metal/screenshots/swizzle-mipmap.0050.png w=640 h=480
xemu-perf: metal_surface_dirty vram_addr=0x3628000 size=2457600 write_addr=0x3628000 write_len=2457600 is_color=1
xemu-perf: metal_surface_dirty vram_addr=0x3628000 size=2457600 write_addr=0x3628000 write_len=2457600 is_color=1
xemu-perf: metal_surface_dirty vram_addr=0x3628000 size=2457600 write_addr=0x3628000 write_len=2457600 is_color=1
xemu-perf: metal_surface_dirty vram_addr=0x3628000 size=2457600 write_addr=0x3628000 write_len=2457600 is_color=1
xemu-perf: metal_surface_dirty vram_addr=0x3628000 size=2457600 write_addr=0x3628000 write_len=2457600 is_color=1
xemu-perf: metal_surface_dirty vram_addr=0x3628000 size=2457600 write_addr=0x3628000 write_len=2457600 is_color=1
xemu-perf: metal_surface_dirty vram_addr=0x3628000 size=2457600 write_addr=0x3628000 write_len=2457600 is_color=1
xemu-perf: metal_screenshot_written path=docs/apple-silicon/task-16-evidence-2026-05-21/cycle4-sampler-rt/harness-final/swizzle-mipmap/metal/screenshots/swizzle-mipmap.0051.png w=640 h=480
xemu-perf: metal_surface_dirty vram_addr=0x3628000 size=2457600 write_addr=0x3628000 write_len=2457600 is_color=1
xemu-perf: metal_surface_dirty vram_addr=0x3628000 size=2457600 write_addr=0x3628000 write_len=2457600 is_color=1
xemu-perf: metal_surface_dirty vram_addr=0x3628000 size=2457600 write_addr=0x3628000 write_len=2457600 is_color=1
xemu-perf: metal_surface_dirty vram_addr=0x3628000 size=2457600 write_addr=0x3628000 write_len=2457600 is_color=1
xemu-perf: metal_surface_dirty vram_addr=0x3628000 size=2457600 write_addr=0x3628000 write_len=2457600 is_color=1
xemu-perf: metal_surface_dirty vram_addr=0x3628000 size=2457600 write_addr=0x3628000 write_len=2457600 is_color=1
xemu-perf: metal_surface_dirty vram_addr=0x3628000 size=2457600 write_addr=0x3628000 write_len=2457600 is_color=1
xemu-perf: metal_surface_dirty vram_addr=0x3628000 size=2457600 write_addr=0x3628000 write_len=2457600 is_color=1
xemu-perf: metal_screenshot_written path=docs/apple-silicon/task-16-evidence-2026-05-21/cycle4-sampler-rt/harness-final/swizzle-mipmap/metal/screenshots/swizzle-mipmap.0052.png w=640 h=480
xemu-perf: metal_surface_dirty vram_addr=0x3628000 size=2457600 write_addr=0x3628000 write_len=2457600 is_color=1
xemu-perf: metal_surface_dirty vram_addr=0x3628000 size=2457600 write_addr=0x3628000 write_len=2457600 is_color=1
xemu-perf: metal_surface_dirty vram_addr=0x3628000 size=2457600 write_addr=0x3628000 write_len=2457600 is_color=1
xemu-perf: metal_surface_dirty vram_addr=0x3628000 size=2457600 write_addr=0x3628000 write_len=2457600 is_color=1
xemu-perf: metal_surface_dirty vram_addr=0x3628000 size=2457600 write_addr=0x3628000 write_len=2457600 is_color=1
xemu-perf: metal_surface_dirty vram_addr=0x3628000 size=2457600 write_addr=0x3628000 write_len=2457600 is_color=1
xemu-perf: metal_surface_dirty vram_addr=0x3628000 size=2457600 write_addr=0x3628000 write_len=2457600 is_color=1
xemu-perf: metal_screenshot_written path=docs/apple-silicon/task-16-evidence-2026-05-21/cycle4-sampler-rt/harness-final/swizzle-mipmap/metal/screenshots/swizzle-mipmap.0053.png w=640 h=480
xemu-perf: metal_surface_dirty vram_addr=0x3628000 size=2457600 write_addr=0x3628000 write_len=2457600 is_color=1
xemu-perf: metal_surface_dirty vram_addr=0x3628000 size=2457600 write_addr=0x3628000 write_len=2457600 is_color=1
xemu-perf: metal_surface_dirty vram_addr=0x3628000 size=2457600 write_addr=0x3628000 write_len=2457600 is_color=1
xemu-perf: metal_surface_dirty vram_addr=0x3628000 size=2457600 write_addr=0x3628000 write_len=2457600 is_color=1
xemu-perf: metal_surface_dirty vram_addr=0x3628000 size=2457600 write_addr=0x3628000 write_len=2457600 is_color=1
xemu-perf: metal_surface_dirty vram_addr=0x3628000 size=2457600 write_addr=0x3628000 write_len=2457600 is_color=1
xemu-perf: metal_surface_dirty vram_addr=0x3628000 size=2457600 write_addr=0x3628000 write_len=2457600 is_color=1
xemu-perf: metal_surface_dirty vram_addr=0x3628000 size=2457600 write_addr=0x3628000 write_len=2457600 is_color=1
xemu-perf: metal_screenshot_written path=docs/apple-silicon/task-16-evidence-2026-05-21/cycle4-sampler-rt/harness-final/swizzle-mipmap/metal/screenshots/swizzle-mipmap.0054.png w=640 h=480
xemu-perf: metal_surface_dirty vram_addr=0x3628000 size=2457600 write_addr=0x3628000 write_len=2457600 is_color=1
xemu-perf: metal_surface_dirty vram_addr=0x3628000 size=2457600 write_addr=0x3628000 write_len=2457600 is_color=1
xemu-perf: metal_surface_dirty vram_addr=0x3628000 size=2457600 write_addr=0x3628000 write_len=2457600 is_color=1
xemu-perf: metal_surface_dirty vram_addr=0x3628000 size=2457600 write_addr=0x3628000 write_len=2457600 is_color=1
xemu-perf: metal_surface_dirty vram_addr=0x3628000 size=2457600 write_addr=0x3628000 write_len=2457600 is_color=1
xemu-perf: metal_surface_dirty vram_addr=0x3628000 size=2457600 write_addr=0x3628000 write_len=2457600 is_color=1
xemu-perf: metal_surface_dirty vram_addr=0x3628000 size=2457600 write_addr=0x3628000 write_len=2457600 is_color=1
xemu-perf: metal_screenshot_written path=docs/apple-silicon/task-16-evidence-2026-05-21/cycle4-sampler-rt/harness-final/swizzle-mipmap/metal/screenshots/swizzle-mipmap.0055.png w=640 h=480
xemu-perf: metal_surface_dirty vram_addr=0x3628000 size=2457600 write_addr=0x3628000 write_len=2457600 is_color=1
xemu-perf: metal_surface_dirty vram_addr=0x3628000 size=2457600 write_addr=0x3628000 write_len=2457600 is_color=1
xemu-perf: metal_surface_dirty vram_addr=0x3628000 size=2457600 write_addr=0x3628000 write_len=2457600 is_color=1
xemu-perf: metal_surface_dirty vram_addr=0x3628000 size=2457600 write_addr=0x3628000 write_len=2457600 is_color=1
xemu-perf: metal_surface_dirty vram_addr=0x3628000 size=2457600 write_addr=0x3628000 write_len=2457600 is_color=1
xemu-perf: metal_surface_dirty vram_addr=0x3628000 size=2457600 write_addr=0x3628000 write_len=2457600 is_color=1
xemu-perf: metal_surface_dirty vram_addr=0x3628000 size=2457600 write_addr=0x3628000 write_len=2457600 is_color=1
xemu-perf: metal_surface_dirty vram_addr=0x3628000 size=2457600 write_addr=0x3628000 write_len=2457600 is_color=1
xemu-perf: metal_screenshot_written path=docs/apple-silicon/task-16-evidence-2026-05-21/cycle4-sampler-rt/harness-final/swizzle-mipmap/metal/screenshots/swizzle-mipmap.0056.png w=640 h=480
xemu-perf: metal_surface_dirty vram_addr=0x3628000 size=2457600 write_addr=0x3628000 write_len=2457600 is_color=1
xemu-perf: metal_surface_dirty vram_addr=0x3628000 size=2457600 write_addr=0x3628000 write_len=2457600 is_color=1
xemu-perf: metal_surface_dirty vram_addr=0x3628000 size=2457600 write_addr=0x3628000 write_len=2457600 is_color=1
xemu-perf: metal_surface_dirty vram_addr=0x3628000 size=2457600 write_addr=0x3628000 write_len=2457600 is_color=1
xemu-perf: metal_surface_dirty vram_addr=0x3628000 size=2457600 write_addr=0x3628000 write_len=2457600 is_color=1
xemu-perf: metal_surface_dirty vram_addr=0x3628000 size=2457600 write_addr=0x3628000 write_len=2457600 is_color=1
xemu-perf: metal_surface_dirty vram_addr=0x3628000 size=2457600 write_addr=0x3628000 write_len=2457600 is_color=1
xemu-perf: metal_screenshot_written path=docs/apple-silicon/task-16-evidence-2026-05-21/cycle4-sampler-rt/harness-final/swizzle-mipmap/metal/screenshots/swizzle-mipmap.0057.png w=640 h=480
xemu-perf: metal_surface_dirty vram_addr=0x3628000 size=2457600 write_addr=0x3628000 write_len=2457600 is_color=1
xemu-perf: metal_surface_dirty vram_addr=0x3628000 size=2457600 write_addr=0x3628000 write_len=2457600 is_color=1
xemu-perf: metal_surface_dirty vram_addr=0x3628000 size=2457600 write_addr=0x3628000 write_len=2457600 is_color=1
xemu-perf: metal_surface_dirty vram_addr=0x3628000 size=2457600 write_addr=0x3628000 write_len=2457600 is_color=1
xemu-perf: interval_id=6 interval_start_us=204080140714 interval_end_us=204081149291 interval_ms=1008 frames=62 fps=61.47 mspf_avg=2.735 mspf_min=2.258 mspf_max=10.781 increment_fps=60 BEGIN_ENDS=174 NATIVE_TRI_DEPTH_DRAW=174 NATIVE_TRI_DEPTH_DRAW_SMOOTH=174 TCG_TB_EXEC_COUNT=564306 TCG_TB_INVALIDATE_COUNT=408 TCG_NOTDIRTY_TRIPS=177 TCG_NOTDIRTY_PAGES_HIT=3 TCG_TB_INVALIDATE_BURST_MAX=16 TCG_JMP_CACHE_ZEROED_BUCKETS=3391896 TCG_INVALIDATE_WALL_US_MAX=9 TCG_INVALIDATE_WALL_US_TOTAL=172 TCG_TB_LOOKUP_US_TOTAL=0 TCG_TB_GEN_CODE_US_TOTAL=0 TCG_HANDLE_INTERRUPT_US_TOTAL=0 TCG_XBOX_IDLE_LOOP_HITS=0 TCG_XBOX_IDLE_LOOP_YIELDS=0 TCG_XBOX_IDLE_LOOP_HALTS=0 MMIO_READ_COUNT=0 MMIO_READ_US_TOTAL=0 MMIO_READ_US_MAX=0 MMIO_READ_PGRAPH_COUNT=0 MMIO_READ_PGRAPH_US_TOTAL=0 MMIO_READ_PGRAPH_US_MAX=0 NV2A_VBLANK_FIRES=62 NV2A_FLIP_STALL_WRITES=62 NV2A_PRESENT_HEARTBEAT=62 XEMU_GL_SWAPS=0 RATE_SLEW_RATIO_E6=1000000 RATE_SLEW_ACTIVE=0 APU_LOCK_HOLD_US_TOTAL=45344 APU_VCPU_LOCK_WAIT_US_MAX=72 PFIFO_PUSHER_RUNS=236 PFIFO_PUSHER_STALLS=170 PFIFO_PUSHER_STALL_FLIP=0 PFIFO_PUSHER_STALL_NOP=138 PFIFO_PUSHER_STALL_FIFO=46 PFIFO_PULLER_CALLS=21477 PFIFO_PULLER_STALLS=62 PFIFO_PULLER_STALL_FLIP=62 PFIFO_PULLER_STALL_NOP=0 PFIFO_PULLER_STALL_CONTEXT=0 PFIFO_PULLER_STALL_FIFO=0 PFIFO_PUSHER_WORDS=74296 PFIFO_PULLER_METHOD_WORDS=59120 PFIFO_DMA_BACKLOG_BYTES_MAX=22172 PFIFO_USER_DMA_PUT_WRITES=74 PFIFO_USER_DMA_GET_WRITES=0 PFIFO_USER_DMA_PUT_READS=0 PFIFO_USER_DMA_GET_READS=7 PGRAPH_PATT_COLOR0_WRITES=0 PGRAPH_PATT_COLOR0_READS=0 PGRAPH_FLIP_STALL_SETS=62 PGRAPH_FLIP_STALL_CHECKS=124 PGRAPH_FLIP_STALL_STILL_WAITING=62 PGRAPH_FLIP_STALL_COMPLETES=62 METAL_DRAW_COUNT=174 METAL_DRAW_INDEXED_COUNT=112 METAL_NATIVE_TRI_DEPTH_DRAWS=174 METAL_NATIVE_QUAD_DRAWS=0 METAL_CLEAR_COUNT=64 METAL_GLSL_TRANSLATE=0 METAL_GLSL_TRANSLATE_FAIL=0 METAL_SHADER_VALIDATE_OK=0 METAL_SHADER_VALIDATE_FAIL=0 METAL_PIPELINE_HITS=167 METAL_PIPELINE_MISSES=7 METAL_PIPELINE_FAILED=0 METAL_TEX_UPLOADS_TOTAL=65 METAL_TEX_UPLOAD_BYTES_TOTAL=160760832 METAL_TEX_CACHE_HITS=109 METAL_TEX_CACHE_MISSES=65 METAL_PIPELINE_KEY_BUILT=174 METAL_PIPELINE_TRANSLATED_OK=174 METAL_PIPELINE_TRANSLATED_FAILED=0 METAL_DISPATCH_US_TOTAL=50855 METAL_TEX_BIND_US_TOTAL=40956 METAL_DRAW_ENCODE_US_TOTAL=4132 METAL_DRAW_PASS_OPENS=174 METAL_DRAW_PASS_COALESCED=0 METAL_DRAW_PASS_FLUSHES=174 METAL_OPEN_PASS_FLUSH_US_TOTAL=2953 METAL_TEX_UPLOAD_US_TOTAL=4113 METAL_DRAW_TRANSLATED=174 METAL_PIPELINE_FALLBACKS=0 METAL_UNIFORM_PACK=348 METAL_UNIFORM_BYTES=1138656 METAL_SHADER_COMPILE_QUEUED_TOTAL=0 METAL_SHADER_COMPILE_COMPLETED_TOTAL=0 METAL_SHADER_COMPILE_FAILED_TOTAL=0 METAL_DRAWS_SKIPPED_PENDING_TOTAL=0 METAL_DRAWS_USING_UBERSHADER_TOTAL=0 METAL_SHADER_CACHE_LOADS=7 METAL_SHADER_CACHE_HITS=7 METAL_SHADER_CACHE_MISSES=0 METAL_PRESENTS=0 METAL_PRESENT_JITTER_US_TOTAL=0 METAL_PRESENT_JITTER_US_AVG=0 METAL_PRESENT_JITTER_US_MAX=0 METAL_DRAWABLE_ACQUIRE_FAILS=0 METAL_DISPLAY_LINK_CALLBACKS=0 METAL_MSAA_RESOLVE_COUNT=0 METAL_MSAA_RESOLVE_US_TOTAL=0 METAL_MSAA_SAMPLE_COUNT=1 METAL_FX_SPATIAL_PRESENTS=0 METAL_FX_SPATIAL_US_TOTAL=0 METAL_FX_SCALE_FACTOR=1 METAL_FX_SPATIAL_GPU_US_TOTAL=0 METAL_VERTEX_US_TOTAL=1440 METAL_FRAGMENT_US_TOTAL=1913 METAL_PRESENT_GPU_US_TOTAL=4079 METAL_PRESENT_GPU_FRAMES=122 METAL_CAPTURE_FRAMES=0 METAL_CAPTURE_ACTIVE=0 METAL_SCREENSHOTS_TAKEN=8 METAL_FRONT_FB_PUBLISHES=62 METAL_SURFACE_CACHE_SIZE=19 METAL_IMAGE_BLITS=0 METAL_SURFACE_VRAM_DIRTY_HITS=62 METAL_SURFACE_VRAM_UPLOADS=63 METAL_SURFACE_VRAM_UPLOAD_BYTES=156565504 METAL_SURFACE_RECREATE_SHAPE_MISMATCH=0 METAL_SURFACE_DOWNLOADS=64 METAL_SURFACE_DOWNLOAD_BYTES=160759808 METAL_SURFACE_DOWNLOAD_US_TOTAL=30472 METAL_DRAW_RT_DUMPS=0 METAL_SURFACE_GRAPH_DUMPS=0 METAL_SIBLING_SYNCS=0 METAL_SIBLING_SYNC_SKIPS=0 METAL_FLAT_QUAD_PROPAGATIONS=0 INPUT_USB_POLLS=0 INPUT_BACKEND_UPDATES=122 INPUT_LAT_US_TOTAL=0 INPUT_LAT_US_MAX=0 PIT_IRQ_TIMER_FIRES=2042 PIT_COALESCE_EVENTS=0 PIT_COALESCE_LATE_US_TOTAL=0 PIT_COALESCE_LATE_US_MAX=0 PIT_COALESCE_SKIPPED_TRANSITIONS=0
xemu-perf: metal_draw_target vram_addr=0x32a4000 count=62
xemu-perf: metal_draw_target vram_addr=0x3628000 count=101
xemu-perf: metal_draw_target vram_addr=0x2454000 count=11
xemu-perf: metal_surface_dirty vram_addr=0x3628000 size=2457600 write_addr=0x3628000 write_len=2457600 is_color=1
xemu-perf: metal_surface_dirty vram_addr=0x3628000 size=2457600 write_addr=0x3628000 write_len=2457600 is_color=1
xemu-perf: metal_surface_dirty vram_addr=0x3628000 size=2457600 write_addr=0x3628000 write_len=2457600 is_color=1
xemu-perf: metal_surface_dirty vram_addr=0x3628000 size=2457600 write_addr=0x3628000 write_len=2457600 is_color=1
xemu-perf: metal_screenshot_written path=docs/apple-silicon/task-16-evidence-2026-05-21/cycle4-sampler-rt/harness-final/swizzle-mipmap/metal/screenshots/swizzle-mipmap.0058.png w=640 h=480
xemu-perf: metal_surface_dirty vram_addr=0x3628000 size=2457600 write_addr=0x3628000 write_len=2457600 is_color=1
xemu-perf: metal_surface_dirty vram_addr=0x3628000 size=2457600 write_addr=0x3628000 write_len=2457600 is_color=1
xemu-perf: metal_surface_dirty vram_addr=0x3628000 size=2457600 write_addr=0x3628000 write_len=2457600 is_color=1
xemu-perf: metal_surface_dirty vram_addr=0x3628000 size=2457600 write_addr=0x3628000 write_len=2457600 is_color=1
xemu-perf: metal_surface_dirty vram_addr=0x3628000 size=2457600 write_addr=0x3628000 write_len=2457600 is_color=1
xemu-perf: metal_surface_dirty vram_addr=0x3628000 size=2457600 write_addr=0x3628000 write_len=2457600 is_color=1
xemu-perf: metal_surface_dirty vram_addr=0x3628000 size=2457600 write_addr=0x3628000 write_len=2457600 is_color=1
xemu-perf: metal_screenshot_written path=docs/apple-silicon/task-16-evidence-2026-05-21/cycle4-sampler-rt/harness-final/swizzle-mipmap/metal/screenshots/swizzle-mipmap.0059.png w=640 h=480
xemu-perf: metal_surface_dirty vram_addr=0x3628000 size=2457600 write_addr=0x3628000 write_len=2457600 is_color=1
xemu-perf: metal_surface_dirty vram_addr=0x3628000 size=2457600 write_addr=0x3628000 write_len=2457600 is_color=1
xemu-perf: metal_surface_dirty vram_addr=0x3628000 size=2457600 write_addr=0x3628000 write_len=2457600 is_color=1
xemu-perf: metal_surface_dirty vram_addr=0x3628000 size=2457600 write_addr=0x3628000 write_len=2457600 is_color=1
xemu-perf: metal_surface_dirty vram_addr=0x3628000 size=2457600 write_addr=0x3628000 write_len=2457600 is_color=1
xemu-perf: metal_surface_dirty vram_addr=0x3628000 size=2457600 write_addr=0x3628000 write_len=2457600 is_color=1
xemu-perf: metal_surface_dirty vram_addr=0x3628000 size=2457600 write_addr=0x3628000 write_len=2457600 is_color=1
xemu-perf: metal_surface_dirty vram_addr=0x3628000 size=2457600 write_addr=0x3628000 write_len=2457600 is_color=1
xemu-perf: metal_screenshot_written path=docs/apple-silicon/task-16-evidence-2026-05-21/cycle4-sampler-rt/harness-final/swizzle-mipmap/metal/screenshots/swizzle-mipmap.0060.png w=640 h=480
xemu-perf: metal_surface_dirty vram_addr=0x3628000 size=2457600 write_addr=0x3628000 write_len=2457600 is_color=1
xemu-perf: metal_surface_dirty vram_addr=0x3628000 size=2457600 write_addr=0x3628000 write_len=2457600 is_color=1
xemu-perf: metal_surface_dirty vram_addr=0x3628000 size=2457600 write_addr=0x3628000 write_len=2457600 is_color=1
xemu-perf: metal_surface_dirty vram_addr=0x3628000 size=2457600 write_addr=0x3628000 write_len=2457600 is_color=1
xemu-perf: metal_surface_dirty vram_addr=0x3628000 size=2457600 write_addr=0x3628000 write_len=2457600 is_color=1
xemu-perf: metal_surface_dirty vram_addr=0x3628000 size=2457600 write_addr=0x3628000 write_len=2457600 is_color=1
xemu-perf: metal_surface_dirty vram_addr=0x3628000 size=2457600 write_addr=0x3628000 write_len=2457600 is_color=1
xemu-perf: metal_screenshot_written path=docs/apple-silicon/task-16-evidence-2026-05-21/cycle4-sampler-rt/harness-final/swizzle-mipmap/metal/screenshots/swizzle-mipmap.0061.png w=640 h=480
xemu-perf: metal_surface_dirty vram_addr=0x3628000 size=2457600 write_addr=0x3628000 write_len=2457600 is_color=1
xemu-perf: metal_surface_dirty vram_addr=0x3628000 size=2457600 write_addr=0x3628000 write_len=2457600 is_color=1
xemu-perf: metal_surface_dirty vram_addr=0x3628000 size=2457600 write_addr=0x3628000 write_len=2457600 is_color=1
xemu-perf: metal_surface_dirty vram_addr=0x3628000 size=2457600 write_addr=0x3628000 write_len=2457600 is_color=1
xemu-perf: metal_surface_dirty vram_addr=0x3628000 size=2457600 write_addr=0x3628000 write_len=2457600 is_color=1
xemu-perf: metal_surface_dirty vram_addr=0x3628000 size=2457600 write_addr=0x3628000 write_len=2457600 is_color=1
xemu-perf: metal_surface_dirty vram_addr=0x3628000 size=2457600 write_addr=0x3628000 write_len=2457600 is_color=1
xemu-perf: metal_surface_dirty vram_addr=0x3628000 size=2457600 write_addr=0x3628000 write_len=2457600 is_color=1
xemu-perf: metal_screenshot_written path=docs/apple-silicon/task-16-evidence-2026-05-21/cycle4-sampler-rt/harness-final/swizzle-mipmap/metal/screenshots/swizzle-mipmap.0062.png w=640 h=480
xemu-perf: metal_surface_dirty vram_addr=0x3628000 size=2457600 write_addr=0x3628000 write_len=2457600 is_color=1
xemu-perf: metal_surface_dirty vram_addr=0x3628000 size=2457600 write_addr=0x3628000 write_len=2457600 is_color=1
xemu-perf: metal_surface_dirty vram_addr=0x3628000 size=2457600 write_addr=0x3628000 write_len=2457600 is_color=1
xemu-perf: metal_surface_dirty vram_addr=0x3628000 size=2457600 write_addr=0x3628000 write_len=2457600 is_color=1
xemu-perf: metal_surface_dirty vram_addr=0x3628000 size=2457600 write_addr=0x3628000 write_len=2457600 is_color=1
xemu-perf: metal_surface_dirty vram_addr=0x3628000 size=2457600 write_addr=0x3628000 write_len=2457600 is_color=1
xemu-perf: metal_surface_dirty vram_addr=0x3628000 size=2457600 write_addr=0x3628000 write_len=2457600 is_color=1
xemu-perf: metal_screenshot_written path=docs/apple-silicon/task-16-evidence-2026-05-21/cycle4-sampler-rt/harness-final/swizzle-mipmap/metal/screenshots/swizzle-mipmap.0063.png w=640 h=480
xemu-perf: metal_surface_dirty vram_addr=0x3628000 size=2457600 write_addr=0x3628000 write_len=2457600 is_color=1
xemu-perf: metal_surface_dirty vram_addr=0x3628000 size=2457600 write_addr=0x3628000 write_len=2457600 is_color=1
xemu-perf: metal_surface_dirty vram_addr=0x3628000 size=2457600 write_addr=0x3628000 write_len=2457600 is_color=1
xemu-perf: metal_surface_dirty vram_addr=0x3628000 size=2457600 write_addr=0x3628000 write_len=2457600 is_color=1
xemu-perf: metal_surface_dirty vram_addr=0x3628000 size=2457600 write_addr=0x3628000 write_len=2457600 is_color=1
xemu-perf: metal_surface_dirty vram_addr=0x3628000 size=2457600 write_addr=0x3628000 write_len=2457600 is_color=1
xemu-perf: metal_surface_dirty vram_addr=0x3628000 size=2457600 write_addr=0x3628000 write_len=2457600 is_color=1
xemu-perf: metal_surface_dirty vram_addr=0x3628000 size=2457600 write_addr=0x3628000 write_len=2457600 is_color=1
xemu-perf: metal_screenshot_written path=docs/apple-silicon/task-16-evidence-2026-05-21/cycle4-sampler-rt/harness-final/swizzle-mipmap/metal/screenshots/swizzle-mipmap.0064.png w=640 h=480
xemu-perf: metal_surface_dirty vram_addr=0x3628000 size=2457600 write_addr=0x3628000 write_len=2457600 is_color=1
xemu-perf: metal_surface_dirty vram_addr=0x3628000 size=2457600 write_addr=0x3628000 write_len=2457600 is_color=1
xemu-perf: metal_surface_dirty vram_addr=0x3628000 size=2457600 write_addr=0x3628000 write_len=2457600 is_color=1
xemu-perf: metal_surface_dirty vram_addr=0x3628000 size=2457600 write_addr=0x3628000 write_len=2457600 is_color=1
xemu-perf: metal_surface_dirty vram_addr=0x3628000 size=2457600 write_addr=0x3628000 write_len=2457600 is_color=1
xemu-perf: metal_surface_dirty vram_addr=0x3628000 size=2457600 write_addr=0x3628000 write_len=2457600 is_color=1
xemu-perf: metal_surface_dirty vram_addr=0x3628000 size=2457600 write_addr=0x3628000 write_len=2457600 is_color=1
xemu-perf: metal_screenshot_written path=docs/apple-silicon/task-16-evidence-2026-05-21/cycle4-sampler-rt/harness-final/swizzle-mipmap/metal/screenshots/swizzle-mipmap.0065.png w=640 h=480
xemu-perf: metal_surface_dirty vram_addr=0x3628000 size=2457600 write_addr=0x3628000 write_len=2457600 is_color=1
xemu-perf: metal_surface_dirty vram_addr=0x3628000 size=2457600 write_addr=0x3628000 write_len=2457600 is_color=1
xemu-perf: metal_color_bind vram_addr=0x3bd4000 guest=640x480 scaled=640x480 pitch=2560 format=8
xemu-perf: metal_draw_target_first vram_addr=0x3bd4000 slot=11
xemu-perf: metal_attrib_stream slot=9 min=0 num=24 count=4 stride=44 src=0
xemu-perf:   slot=9 k=0 v=(0.2500, 0.2500, 0.0000, 1.0000)
xemu-perf:   slot=9 k=1 v=(0.2500, 0.2500, 0.0000, 1.0000)
xemu-perf:   slot=9 k=2 v=(0.2500, 0.2500, 0.0000, 1.0000)
xemu-perf:   slot=9 k=3 v=(0.2500, 0.2500, 0.0000, 1.0000)
xemu-perf:   slot=9 k=4 v=(0.2500, 0.2500, 0.0000, 1.0000)
xemu-perf:   slot=9 k=5 v=(0.2500, 0.2500, 0.0000, 1.0000)
xemu-perf:   slot=9 k=6 v=(0.7500, 0.2500, 0.0000, 1.0000)
xemu-perf:   slot=9 k=7 v=(0.7500, 0.2500, 0.0000, 1.0000)
xemu-perf:   slot=9 k=8 v=(0.7500, 0.2500, 0.0000, 1.0000)
xemu-perf:   slot=9 k=9 v=(0.7500, 0.2500, 0.0000, 1.0000)
xemu-perf:   slot=9 k=10 v=(0.7500, 0.2500, 0.0000, 1.0000)
xemu-perf:   slot=9 k=11 v=(0.7500, 0.2500, 0.0000, 1.0000)
xemu-perf:   slot=9 k=12 v=(0.2500, 0.7500, 0.0000, 1.0000)
xemu-perf:   slot=9 k=13 v=(0.2500, 0.7500, 0.0000, 1.0000)
xemu-perf:   slot=9 k=14 v=(0.2500, 0.7500, 0.0000, 1.0000)
xemu-perf:   slot=9 k=15 v=(0.2500, 0.7500, 0.0000, 1.0000)
xemu-perf:   slot=9 k=16 v=(0.2500, 0.7500, 0.0000, 1.0000)
xemu-perf:   slot=9 k=17 v=(0.2500, 0.7500, 0.0000, 1.0000)
xemu-perf:   slot=9 k=18 v=(0.7500, 0.7500, 0.0000, 1.0000)
xemu-perf:   slot=9 k=19 v=(0.7500, 0.7500, 0.0000, 1.0000)
xemu-perf:   slot=9 k=20 v=(0.7500, 0.7500, 0.0000, 1.0000)
xemu-perf:   slot=9 k=21 v=(0.7500, 0.7500, 0.0000, 1.0000)
xemu-perf:   slot=9 k=22 v=(0.7500, 0.7500, 0.0000, 1.0000)
xemu-perf:   slot=9 k=23 v=(0.7500, 0.7500, 0.0000, 1.0000)
xemu-perf: metal_set_attr_masks uniform_attrs=0xfdf6 [0]c=3,s=44 [1]c=0,s=0 [2]c=0,s=0 [3]c=4,s=44 [4]c=0,s=0 [9]c=4,s=44
xemu-perf: metal_dispatch_draw_target color_addr=0x03bd4000 depth_addr=0x0397c000 uniform_attrs=0xfdf6 vcount=24 icount=0 prim=5 color_fmt=0x50 depth_fmt=0x104 v0=1 v3=1 v9=1 native_tri=1 native_quad=0
xemu-perf: metal_tex_bind_attrib stage=0 tex_addr=0x3976000 color_target=0x03bd4000 nv2a_fmt=0x06 mtl_fmt=80 w=64 h=64 levels=1 s_levels=1 shape_min_lvl=0 shape_max_lvl=0 min_lod=0.000 max_lod=0.000 lod_bias=0.000 min_f=0 mag_f=0 mip_f=0 addr_u=0 addr_v=0 has_surf=0 self_sample=0 linear=0 tex_dirty=1 next_dump_idx=90502 dump_active=1
xemu-metal: failed to write target shader dump docs/apple-silicon/task-16-evidence-2026-05-21/cycle4-sampler-rt/glsl-dumps/xemu-metal-target-0x03bd4000.glsl
xemu-metal: failed to write target shader dump docs/apple-silicon/task-16-evidence-2026-05-21/cycle4-sampler-rt/glsl-dumps/xemu-metal-target-0x03bd4000.glsl
xemu-perf: metal_attrib_stream slot=9 min=24 num=24 count=4 stride=44 src=0
xemu-perf:   slot=9 k=0 v=(0.2500, 0.2500, 0.0000, 1.0000)
xemu-perf:   slot=9 k=1 v=(0.2500, 0.2500, 0.0000, 1.0000)
xemu-perf:   slot=9 k=2 v=(0.2500, 0.2500, 0.0000, 1.0000)
xemu-perf:   slot=9 k=3 v=(0.2500, 0.2500, 0.0000, 1.0000)
xemu-perf:   slot=9 k=4 v=(0.2500, 0.2500, 0.0000, 1.0000)
xemu-perf:   slot=9 k=5 v=(0.2500, 0.2500, 0.0000, 1.0000)
xemu-perf:   slot=9 k=6 v=(0.7500, 0.2500, 0.0000, 1.0000)
xemu-perf:   slot=9 k=7 v=(0.7500, 0.2500, 0.0000, 1.0000)
xemu-perf:   slot=9 k=8 v=(0.7500, 0.2500, 0.0000, 1.0000)
xemu-perf:   slot=9 k=9 v=(0.7500, 0.2500, 0.0000, 1.0000)
xemu-perf:   slot=9 k=10 v=(0.7500, 0.2500, 0.0000, 1.0000)
xemu-perf:   slot=9 k=11 v=(0.7500, 0.2500, 0.0000, 1.0000)
xemu-perf:   slot=9 k=12 v=(0.2500, 0.7500, 0.0000, 1.0000)
xemu-perf:   slot=9 k=13 v=(0.2500, 0.7500, 0.0000, 1.0000)
xemu-perf:   slot=9 k=14 v=(0.2500, 0.7500, 0.0000, 1.0000)
xemu-perf:   slot=9 k=15 v=(0.2500, 0.7500, 0.0000, 1.0000)
xemu-perf:   slot=9 k=16 v=(0.2500, 0.7500, 0.0000, 1.0000)
xemu-perf:   slot=9 k=17 v=(0.2500, 0.7500, 0.0000, 1.0000)
xemu-perf:   slot=9 k=18 v=(0.7500, 0.7500, 0.0000, 1.0000)
xemu-perf:   slot=9 k=19 v=(0.7500, 0.7500, 0.0000, 1.0000)
xemu-perf:   slot=9 k=20 v=(0.7500, 0.7500, 0.0000, 1.0000)
xemu-perf:   slot=9 k=21 v=(0.7500, 0.7500, 0.0000, 1.0000)
xemu-perf:   slot=9 k=22 v=(0.7500, 0.7500, 0.0000, 1.0000)
xemu-perf:   slot=9 k=23 v=(0.7500, 0.7500, 0.0000, 1.0000)
xemu-perf: metal_set_attr_masks uniform_attrs=0xfdf6 [0]c=3,s=44 [1]c=0,s=0 [2]c=0,s=0 [3]c=4,s=44 [4]c=0,s=0 [9]c=4,s=44
xemu-perf: metal_dispatch_draw_target color_addr=0x03bd4000 depth_addr=0x0397c000 uniform_attrs=0xfdf6 vcount=24 icount=0 prim=5 color_fmt=0x50 depth_fmt=0x104 v0=1 v3=1 v9=1 native_tri=1 native_quad=0
xemu-perf: metal_tex_bind_attrib stage=0 tex_addr=0x3976000 color_target=0x03bd4000 nv2a_fmt=0x06 mtl_fmt=80 w=64 h=64 levels=2 s_levels=2 shape_min_lvl=1 shape_max_lvl=1 min_lod=1.000 max_lod=1.000 lod_bias=0.000 min_f=0 mag_f=0 mip_f=1 addr_u=0 addr_v=0 has_surf=0 self_sample=0 linear=0 tex_dirty=1 next_dump_idx=90503 dump_active=1
xemu-metal: failed to write target shader dump docs/apple-silicon/task-16-evidence-2026-05-21/cycle4-sampler-rt/glsl-dumps/xemu-metal-target-0x03bd4000.glsl
xemu-metal: failed to write target shader dump docs/apple-silicon/task-16-evidence-2026-05-21/cycle4-sampler-rt/glsl-dumps/xemu-metal-target-0x03bd4000.glsl
xemu-perf: metal_attrib_stream slot=9 min=48 num=24 count=4 stride=44 src=0
xemu-perf:   slot=9 k=0 v=(0.2500, 0.2500, 0.0000, 1.0000)
xemu-perf:   slot=9 k=1 v=(0.2500, 0.2500, 0.0000, 1.0000)
xemu-perf:   slot=9 k=2 v=(0.2500, 0.2500, 0.0000, 1.0000)
xemu-perf:   slot=9 k=3 v=(0.2500, 0.2500, 0.0000, 1.0000)
xemu-perf:   slot=9 k=4 v=(0.2500, 0.2500, 0.0000, 1.0000)
xemu-perf:   slot=9 k=5 v=(0.2500, 0.2500, 0.0000, 1.0000)
xemu-perf:   slot=9 k=6 v=(0.7500, 0.2500, 0.0000, 1.0000)
xemu-perf:   slot=9 k=7 v=(0.7500, 0.2500, 0.0000, 1.0000)
xemu-perf:   slot=9 k=8 v=(0.7500, 0.2500, 0.0000, 1.0000)
xemu-perf:   slot=9 k=9 v=(0.7500, 0.2500, 0.0000, 1.0000)
xemu-perf:   slot=9 k=10 v=(0.7500, 0.2500, 0.0000, 1.0000)
xemu-perf:   slot=9 k=11 v=(0.7500, 0.2500, 0.0000, 1.0000)
xemu-perf:   slot=9 k=12 v=(0.2500, 0.7500, 0.0000, 1.0000)
xemu-perf:   slot=9 k=13 v=(0.2500, 0.7500, 0.0000, 1.0000)
xemu-perf:   slot=9 k=14 v=(0.2500, 0.7500, 0.0000, 1.0000)
xemu-perf:   slot=9 k=15 v=(0.2500, 0.7500, 0.0000, 1.0000)
xemu-perf:   slot=9 k=16 v=(0.2500, 0.7500, 0.0000, 1.0000)
xemu-perf:   slot=9 k=17 v=(0.2500, 0.7500, 0.0000, 1.0000)
xemu-perf:   slot=9 k=18 v=(0.7500, 0.7500, 0.0000, 1.0000)
xemu-perf:   slot=9 k=19 v=(0.7500, 0.7500, 0.0000, 1.0000)
xemu-perf:   slot=9 k=20 v=(0.7500, 0.7500, 0.0000, 1.0000)
xemu-perf:   slot=9 k=21 v=(0.7500, 0.7500, 0.0000, 1.0000)
xemu-perf:   slot=9 k=22 v=(0.7500, 0.7500, 0.0000, 1.0000)
xemu-perf:   slot=9 k=23 v=(0.7500, 0.7500, 0.0000, 1.0000)
xemu-perf: metal_set_attr_masks uniform_attrs=0xfdf6 [0]c=3,s=44 [1]c=0,s=0 [2]c=0,s=0 [3]c=4,s=44 [4]c=0,s=0 [9]c=4,s=44
xemu-perf: metal_dispatch_draw_target color_addr=0x03bd4000 depth_addr=0x0397c000 uniform_attrs=0xfdf6 vcount=24 icount=0 prim=5 color_fmt=0x50 depth_fmt=0x104 v0=1 v3=1 v9=1 native_tri=1 native_quad=0
xemu-perf: metal_tex_bind_attrib stage=0 tex_addr=0x3976000 color_target=0x03bd4000 nv2a_fmt=0x06 mtl_fmt=80 w=64 h=64 levels=3 s_levels=3 shape_min_lvl=2 shape_max_lvl=2 min_lod=2.000 max_lod=2.000 lod_bias=0.000 min_f=0 mag_f=0 mip_f=1 addr_u=0 addr_v=0 has_surf=0 self_sample=0 linear=0 tex_dirty=1 next_dump_idx=90504 dump_active=1
xemu-metal: failed to write target shader dump docs/apple-silicon/task-16-evidence-2026-05-21/cycle4-sampler-rt/glsl-dumps/xemu-metal-target-0x03bd4000.glsl
xemu-metal: failed to write target shader dump docs/apple-silicon/task-16-evidence-2026-05-21/cycle4-sampler-rt/glsl-dumps/xemu-metal-target-0x03bd4000.glsl
xemu-perf: metal_attrib_stream slot=9 min=72 num=24 count=4 stride=44 src=0
xemu-perf:   slot=9 k=0 v=(0.2500, 0.2500, 0.0000, 1.0000)
xemu-perf:   slot=9 k=1 v=(0.2500, 0.2500, 0.0000, 1.0000)
xemu-perf:   slot=9 k=2 v=(0.2500, 0.2500, 0.0000, 1.0000)
xemu-perf:   slot=9 k=3 v=(0.2500, 0.2500, 0.0000, 1.0000)
xemu-perf:   slot=9 k=4 v=(0.2500, 0.2500, 0.0000, 1.0000)
xemu-perf:   slot=9 k=5 v=(0.2500, 0.2500, 0.0000, 1.0000)
xemu-perf:   slot=9 k=6 v=(0.7500, 0.2500, 0.0000, 1.0000)
xemu-perf:   slot=9 k=7 v=(0.7500, 0.2500, 0.0000, 1.0000)
xemu-perf:   slot=9 k=8 v=(0.7500, 0.2500, 0.0000, 1.0000)
xemu-perf:   slot=9 k=9 v=(0.7500, 0.2500, 0.0000, 1.0000)
xemu-perf:   slot=9 k=10 v=(0.7500, 0.2500, 0.0000, 1.0000)
xemu-perf:   slot=9 k=11 v=(0.7500, 0.2500, 0.0000, 1.0000)
xemu-perf:   slot=9 k=12 v=(0.2500, 0.7500, 0.0000, 1.0000)
xemu-perf:   slot=9 k=13 v=(0.2500, 0.7500, 0.0000, 1.0000)
xemu-perf:   slot=9 k=14 v=(0.2500, 0.7500, 0.0000, 1.0000)
xemu-perf:   slot=9 k=15 v=(0.2500, 0.7500, 0.0000, 1.0000)
xemu-perf:   slot=9 k=16 v=(0.2500, 0.7500, 0.0000, 1.0000)
xemu-perf:   slot=9 k=17 v=(0.2500, 0.7500, 0.0000, 1.0000)
xemu-perf:   slot=9 k=18 v=(0.7500, 0.7500, 0.0000, 1.0000)
xemu-perf:   slot=9 k=19 v=(0.7500, 0.7500, 0.0000, 1.0000)
xemu-perf:   slot=9 k=20 v=(0.7500, 0.7500, 0.0000, 1.0000)
xemu-perf:   slot=9 k=21 v=(0.7500, 0.7500, 0.0000, 1.0000)
xemu-perf:   slot=9 k=22 v=(0.7500, 0.7500, 0.0000, 1.0000)
xemu-perf:   slot=9 k=23 v=(0.7500, 0.7500, 0.0000, 1.0000)
xemu-perf: metal_set_attr_masks uniform_attrs=0xfdf6 [0]c=3,s=44 [1]c=0,s=0 [2]c=0,s=0 [3]c=4,s=44 [4]c=0,s=0 [9]c=4,s=44
xemu-perf: metal_dispatch_draw_target color_addr=0x03bd4000 depth_addr=0x0397c000 uniform_attrs=0xfdf6 vcount=24 icount=0 prim=5 color_fmt=0x50 depth_fmt=0x104 v0=1 v3=1 v9=1 native_tri=1 native_quad=0
xemu-perf: metal_tex_bind_attrib stage=0 tex_addr=0x3976000 color_target=0x03bd4000 nv2a_fmt=0x06 mtl_fmt=80 w=64 h=64 levels=4 s_levels=4 shape_min_lvl=3 shape_max_lvl=3 min_lod=3.000 max_lod=3.000 lod_bias=0.000 min_f=0 mag_f=0 mip_f=1 addr_u=0 addr_v=0 has_surf=0 self_sample=0 linear=0 tex_dirty=1 next_dump_idx=90505 dump_active=1
xemu-metal: failed to write target shader dump docs/apple-silicon/task-16-evidence-2026-05-21/cycle4-sampler-rt/glsl-dumps/xemu-metal-target-0x03bd4000.glsl
xemu-metal: failed to write target shader dump docs/apple-silicon/task-16-evidence-2026-05-21/cycle4-sampler-rt/glsl-dumps/xemu-metal-target-0x03bd4000.glsl
xemu-perf: metal_attrib_stream slot=9 min=96 num=24 count=4 stride=44 src=0
xemu-perf:   slot=9 k=0 v=(0.2500, 0.2500, 0.0000, 1.0000)
xemu-perf:   slot=9 k=1 v=(0.2500, 0.2500, 0.0000, 1.0000)
xemu-perf:   slot=9 k=2 v=(0.2500, 0.2500, 0.0000, 1.0000)
xemu-perf:   slot=9 k=3 v=(0.2500, 0.2500, 0.0000, 1.0000)
xemu-perf:   slot=9 k=4 v=(0.2500, 0.2500, 0.0000, 1.0000)
xemu-perf:   slot=9 k=5 v=(0.2500, 0.2500, 0.0000, 1.0000)
xemu-perf:   slot=9 k=6 v=(0.7500, 0.2500, 0.0000, 1.0000)
xemu-perf:   slot=9 k=7 v=(0.7500, 0.2500, 0.0000, 1.0000)
xemu-perf:   slot=9 k=8 v=(0.7500, 0.2500, 0.0000, 1.0000)
xemu-perf:   slot=9 k=9 v=(0.7500, 0.2500, 0.0000, 1.0000)
xemu-perf:   slot=9 k=10 v=(0.7500, 0.2500, 0.0000, 1.0000)
xemu-perf:   slot=9 k=11 v=(0.7500, 0.2500, 0.0000, 1.0000)
xemu-perf:   slot=9 k=12 v=(0.2500, 0.7500, 0.0000, 1.0000)
xemu-perf:   slot=9 k=13 v=(0.2500, 0.7500, 0.0000, 1.0000)
xemu-perf:   slot=9 k=14 v=(0.2500, 0.7500, 0.0000, 1.0000)
xemu-perf:   slot=9 k=15 v=(0.2500, 0.7500, 0.0000, 1.0000)
xemu-perf:   slot=9 k=16 v=(0.2500, 0.7500, 0.0000, 1.0000)
xemu-perf:   slot=9 k=17 v=(0.2500, 0.7500, 0.0000, 1.0000)
xemu-perf:   slot=9 k=18 v=(0.7500, 0.7500, 0.0000, 1.0000)
xemu-perf:   slot=9 k=19 v=(0.7500, 0.7500, 0.0000, 1.0000)
xemu-perf:   slot=9 k=20 v=(0.7500, 0.7500, 0.0000, 1.0000)
xemu-perf:   slot=9 k=21 v=(0.7500, 0.7500, 0.0000, 1.0000)
xemu-perf:   slot=9 k=22 v=(0.7500, 0.7500, 0.0000, 1.0000)
xemu-perf:   slot=9 k=23 v=(0.7500, 0.7500, 0.0000, 1.0000)
xemu-perf: metal_set_attr_masks uniform_attrs=0xfdf6 [0]c=3,s=44 [1]c=0,s=0 [2]c=0,s=0 [3]c=4,s=44 [4]c=0,s=0 [9]c=4,s=44
xemu-perf: metal_dispatch_draw_target color_addr=0x03bd4000 depth_addr=0x0397c000 uniform_attrs=0xfdf6 vcount=24 icount=0 prim=5 color_fmt=0x50 depth_fmt=0x104 v0=1 v3=1 v9=1 native_tri=1 native_quad=0
xemu-perf: metal_tex_bind_attrib stage=0 tex_addr=0x3976000 color_target=0x03bd4000 nv2a_fmt=0x06 mtl_fmt=80 w=64 h=64 levels=5 s_levels=5 shape_min_lvl=4 shape_max_lvl=4 min_lod=4.000 max_lod=4.000 lod_bias=0.000 min_f=0 mag_f=0 mip_f=1 addr_u=0 addr_v=0 has_surf=0 self_sample=0 linear=0 tex_dirty=1 next_dump_idx=90506 dump_active=1
xemu-metal: failed to write target shader dump docs/apple-silicon/task-16-evidence-2026-05-21/cycle4-sampler-rt/glsl-dumps/xemu-metal-target-0x03bd4000.glsl
xemu-metal: failed to write target shader dump docs/apple-silicon/task-16-evidence-2026-05-21/cycle4-sampler-rt/glsl-dumps/xemu-metal-target-0x03bd4000.glsl
xemu-perf: metal_attrib_stream slot=9 min=120 num=24 count=4 stride=44 src=0
xemu-perf:   slot=9 k=0 v=(0.2500, 0.2500, 0.0000, 1.0000)
xemu-perf:   slot=9 k=1 v=(0.2500, 0.2500, 0.0000, 1.0000)
xemu-perf:   slot=9 k=2 v=(0.2500, 0.2500, 0.0000, 1.0000)
xemu-perf:   slot=9 k=3 v=(0.2500, 0.2500, 0.0000, 1.0000)
xemu-perf:   slot=9 k=4 v=(0.2500, 0.2500, 0.0000, 1.0000)
xemu-perf:   slot=9 k=5 v=(0.2500, 0.2500, 0.0000, 1.0000)
xemu-perf:   slot=9 k=6 v=(0.7500, 0.2500, 0.0000, 1.0000)
xemu-perf:   slot=9 k=7 v=(0.7500, 0.2500, 0.0000, 1.0000)
xemu-perf:   slot=9 k=8 v=(0.7500, 0.2500, 0.0000, 1.0000)
xemu-perf:   slot=9 k=9 v=(0.7500, 0.2500, 0.0000, 1.0000)
xemu-perf:   slot=9 k=10 v=(0.7500, 0.2500, 0.0000, 1.0000)
xemu-perf:   slot=9 k=11 v=(0.7500, 0.2500, 0.0000, 1.0000)
xemu-perf:   slot=9 k=12 v=(0.2500, 0.7500, 0.0000, 1.0000)
xemu-perf:   slot=9 k=13 v=(0.2500, 0.7500, 0.0000, 1.0000)
xemu-perf:   slot=9 k=14 v=(0.2500, 0.7500, 0.0000, 1.0000)
xemu-perf:   slot=9 k=15 v=(0.2500, 0.7500, 0.0000, 1.0000)
xemu-perf:   slot=9 k=16 v=(0.2500, 0.7500, 0.0000, 1.0000)
xemu-perf:   slot=9 k=17 v=(0.2500, 0.7500, 0.0000, 1.0000)
xemu-perf:   slot=9 k=18 v=(0.7500, 0.7500, 0.0000, 1.0000)
xemu-perf:   slot=9 k=19 v=(0.7500, 0.7500, 0.0000, 1.0000)
xemu-perf:   slot=9 k=20 v=(0.7500, 0.7500, 0.0000, 1.0000)
xemu-perf:   slot=9 k=21 v=(0.7500, 0.7500, 0.0000, 1.0000)
xemu-perf:   slot=9 k=22 v=(0.7500, 0.7500, 0.0000, 1.0000)
xemu-perf:   slot=9 k=23 v=(0.7500, 0.7500, 0.0000, 1.0000)
xemu-perf: metal_set_attr_masks uniform_attrs=0xfdf6 [0]c=3,s=44 [1]c=0,s=0 [2]c=0,s=0 [3]c=4,s=44 [4]c=0,s=0 [9]c=4,s=44
xemu-perf: metal_dispatch_draw_target color_addr=0x03bd4000 depth_addr=0x0397c000 uniform_attrs=0xfdf6 vcount=24 icount=0 prim=5 color_fmt=0x50 depth_fmt=0x104 v0=1 v3=1 v9=1 native_tri=1 native_quad=0
xemu-perf: metal_tex_bind_attrib stage=0 tex_addr=0x3976000 color_target=0x03bd4000 nv2a_fmt=0x06 mtl_fmt=80 w=64 h=64 levels=6 s_levels=6 shape_min_lvl=5 shape_max_lvl=5 min_lod=5.000 max_lod=5.000 lod_bias=0.000 min_f=0 mag_f=0 mip_f=1 addr_u=0 addr_v=0 has_surf=0 self_sample=0 linear=0 tex_dirty=1 next_dump_idx=90507 dump_active=1
xemu-metal: failed to write target shader dump docs/apple-silicon/task-16-evidence-2026-05-21/cycle4-sampler-rt/glsl-dumps/xemu-metal-target-0x03bd4000.glsl
xemu-metal: failed to write target shader dump docs/apple-silicon/task-16-evidence-2026-05-21/cycle4-sampler-rt/glsl-dumps/xemu-metal-target-0x03bd4000.glsl
xemu-perf: metal_attrib_stream slot=9 min=144 num=24 count=4 stride=44 src=0
xemu-perf:   slot=9 k=0 v=(0.2500, 0.2500, 0.0000, 1.0000)
xemu-perf:   slot=9 k=1 v=(0.2500, 0.2500, 0.0000, 1.0000)
xemu-perf:   slot=9 k=2 v=(0.2500, 0.2500, 0.0000, 1.0000)
xemu-perf:   slot=9 k=3 v=(0.2500, 0.2500, 0.0000, 1.0000)
xemu-perf:   slot=9 k=4 v=(0.2500, 0.2500, 0.0000, 1.0000)
xemu-perf:   slot=9 k=5 v=(0.2500, 0.2500, 0.0000, 1.0000)
xemu-perf:   slot=9 k=6 v=(0.7500, 0.2500, 0.0000, 1.0000)
xemu-perf:   slot=9 k=7 v=(0.7500, 0.2500, 0.0000, 1.0000)
xemu-perf:   slot=9 k=8 v=(0.7500, 0.2500, 0.0000, 1.0000)
xemu-perf:   slot=9 k=9 v=(0.7500, 0.2500, 0.0000, 1.0000)
xemu-perf:   slot=9 k=10 v=(0.7500, 0.2500, 0.0000, 1.0000)
xemu-perf:   slot=9 k=11 v=(0.7500, 0.2500, 0.0000, 1.0000)
xemu-perf:   slot=9 k=12 v=(0.2500, 0.7500, 0.0000, 1.0000)
xemu-perf:   slot=9 k=13 v=(0.2500, 0.7500, 0.0000, 1.0000)
xemu-perf:   slot=9 k=14 v=(0.2500, 0.7500, 0.0000, 1.0000)
xemu-perf:   slot=9 k=15 v=(0.2500, 0.7500, 0.0000, 1.0000)
xemu-perf:   slot=9 k=16 v=(0.2500, 0.7500, 0.0000, 1.0000)
xemu-perf:   slot=9 k=17 v=(0.2500, 0.7500, 0.0000, 1.0000)
xemu-perf:   slot=9 k=18 v=(0.7500, 0.7500, 0.0000, 1.0000)
xemu-perf:   slot=9 k=19 v=(0.7500, 0.7500, 0.0000, 1.0000)
xemu-perf:   slot=9 k=20 v=(0.7500, 0.7500, 0.0000, 1.0000)
xemu-perf:   slot=9 k=21 v=(0.7500, 0.7500, 0.0000, 1.0000)
xemu-perf:   slot=9 k=22 v=(0.7500, 0.7500, 0.0000, 1.0000)
xemu-perf:   slot=9 k=23 v=(0.7500, 0.7500, 0.0000, 1.0000)
xemu-perf: metal_set_attr_masks uniform_attrs=0xfdf6 [0]c=3,s=44 [1]c=0,s=0 [2]c=0,s=0 [3]c=4,s=44 [4]c=0,s=0 [9]c=4,s=44
xemu-perf: metal_dispatch_draw_target color_addr=0x03bd4000 depth_addr=0x0397c000 uniform_attrs=0xfdf6 vcount=24 icount=0 prim=5 color_fmt=0x50 depth_fmt=0x104 v0=1 v3=1 v9=1 native_tri=1 native_quad=0
xemu-perf: metal_tex_bind_attrib stage=0 tex_addr=0x3976000 color_target=0x03bd4000 nv2a_fmt=0x06 mtl_fmt=80 w=64 h=64 levels=7 s_levels=7 shape_min_lvl=6 shape_max_lvl=6 min_lod=6.000 max_lod=6.000 lod_bias=0.000 min_f=0 mag_f=0 mip_f=1 addr_u=0 addr_v=0 has_surf=0 self_sample=0 linear=0 tex_dirty=1 next_dump_idx=90508 dump_active=1
xemu-perf: metal_unswizzle_dump w=64 h=64 Q0=(B00 G00 Rff Aff) Q1=(B00 Gff R00 Aff) Q2=(Bff G00 R00 Aff) Q3=(B00 Gff Rff Aff)
xemu-perf: metal_unswizzle_dump w=32 h=32 Q0=(B00 G00 Rdf Aff) Q1=(B00 Gdf R00 Aff) Q2=(Bdf G00 R00 Aff) Q3=(B00 Gdf Rdf Aff)
xemu-perf: metal_unswizzle_dump w=16 h=16 Q0=(B00 G00 Rbf Aff) Q1=(B00 Gbf R00 Aff) Q2=(Bbf G00 R00 Aff) Q3=(B00 Gbf Rbf Aff)
xemu-perf: metal_unswizzle_dump w=8 h=8 Q0=(B00 G00 R9f Aff) Q1=(B00 G9f R00 Aff) Q2=(B9f G00 R00 Aff) Q3=(B00 G9f R9f Aff)
xemu-perf: metal_unswizzle_dump w=4 h=4 Q0=(B00 G00 R7f Aff) Q1=(B00 G7f R00 Aff) Q2=(B7f G00 R00 Aff) Q3=(B00 G7f R7f Aff)
xemu-perf: metal_unswizzle_dump w=2 h=2 Q0=(B00 G00 R5f Aff) Q1=(B00 G5f R00 Aff) Q2=(B5f G00 R00 Aff) Q3=(B00 G5f R5f Aff)
xemu-metal: failed to write target shader dump docs/apple-silicon/task-16-evidence-2026-05-21/cycle4-sampler-rt/glsl-dumps/xemu-metal-target-0x03bd4000.glsl
xemu-metal: failed to write target shader dump docs/apple-silicon/task-16-evidence-2026-05-21/cycle4-sampler-rt/glsl-dumps/xemu-metal-target-0x03bd4000.glsl
xemu-perf: metal_color_bind vram_addr=0x3d00000 guest=640x480 scaled=640x480 pitch=2560 format=8
xemu-perf: metal_draw_target_first vram_addr=0x3d00000 slot=12
xemu-perf: metal_attrib_stream slot=9 min=0 num=24 count=4 stride=44 src=0
xemu-perf:   slot=9 k=0 v=(0.2500, 0.2500, 0.0000, 1.0000)
xemu-perf:   slot=9 k=1 v=(0.2500, 0.2500, 0.0000, 1.0000)
xemu-perf:   slot=9 k=2 v=(0.2500, 0.2500, 0.0000, 1.0000)
xemu-perf:   slot=9 k=3 v=(0.2500, 0.2500, 0.0000, 1.0000)
xemu-perf:   slot=9 k=4 v=(0.2500, 0.2500, 0.0000, 1.0000)
xemu-perf:   slot=9 k=5 v=(0.2500, 0.2500, 0.0000, 1.0000)
xemu-perf:   slot=9 k=6 v=(0.7500, 0.2500, 0.0000, 1.0000)
xemu-perf:   slot=9 k=7 v=(0.7500, 0.2500, 0.0000, 1.0000)
xemu-perf:   slot=9 k=8 v=(0.7500, 0.2500, 0.0000, 1.0000)
xemu-perf:   slot=9 k=9 v=(0.7500, 0.2500, 0.0000, 1.0000)
xemu-perf:   slot=9 k=10 v=(0.7500, 0.2500, 0.0000, 1.0000)
xemu-perf:   slot=9 k=11 v=(0.7500, 0.2500, 0.0000, 1.0000)
xemu-perf:   slot=9 k=12 v=(0.2500, 0.7500, 0.0000, 1.0000)
xemu-perf:   slot=9 k=13 v=(0.2500, 0.7500, 0.0000, 1.0000)
xemu-perf:   slot=9 k=14 v=(0.2500, 0.7500, 0.0000, 1.0000)
xemu-perf:   slot=9 k=15 v=(0.2500, 0.7500, 0.0000, 1.0000)
xemu-perf:   slot=9 k=16 v=(0.2500, 0.7500, 0.0000, 1.0000)
xemu-perf:   slot=9 k=17 v=(0.2500, 0.7500, 0.0000, 1.0000)
xemu-perf:   slot=9 k=18 v=(0.7500, 0.7500, 0.0000, 1.0000)
xemu-perf:   slot=9 k=19 v=(0.7500, 0.7500, 0.0000, 1.0000)
xemu-perf:   slot=9 k=20 v=(0.7500, 0.7500, 0.0000, 1.0000)
xemu-perf:   slot=9 k=21 v=(0.7500, 0.7500, 0.0000, 1.0000)
xemu-perf:   slot=9 k=22 v=(0.7500, 0.7500, 0.0000, 1.0000)
xemu-perf:   slot=9 k=23 v=(0.7500, 0.7500, 0.0000, 1.0000)
xemu-perf: metal_set_attr_masks uniform_attrs=0xfdf6 [0]c=3,s=44 [1]c=0,s=0 [2]c=0,s=0 [3]c=4,s=44 [4]c=0,s=0 [9]c=4,s=44
xemu-perf: metal_dispatch_draw_target color_addr=0x03d00000 depth_addr=0x0397c000 uniform_attrs=0xfdf6 vcount=24 icount=0 prim=5 color_fmt=0x50 depth_fmt=0x104 v0=1 v3=1 v9=1 native_tri=1 native_quad=0
xemu-perf: metal_tex_bind_attrib stage=0 tex_addr=0x3976000 color_target=0x03d00000 nv2a_fmt=0x06 mtl_fmt=80 w=64 h=64 levels=1 s_levels=1 shape_min_lvl=0 shape_max_lvl=0 min_lod=0.000 max_lod=0.000 lod_bias=0.000 min_f=0 mag_f=0 mip_f=0 addr_u=0 addr_v=0 has_surf=0 self_sample=0 linear=0 tex_dirty=1 next_dump_idx=90509 dump_active=1
xemu-metal: failed to write target shader dump docs/apple-silicon/task-16-evidence-2026-05-21/cycle4-sampler-rt/glsl-dumps/xemu-metal-target-0x03d00000.glsl
xemu-metal: failed to write target shader dump docs/apple-silicon/task-16-evidence-2026-05-21/cycle4-sampler-rt/glsl-dumps/xemu-metal-target-0x03d00000.glsl
xemu-perf: metal_attrib_stream slot=9 min=24 num=24 count=4 stride=44 src=0
xemu-perf:   slot=9 k=0 v=(0.2500, 0.2500, 0.0000, 1.0000)
xemu-perf:   slot=9 k=1 v=(0.2500, 0.2500, 0.0000, 1.0000)
xemu-perf:   slot=9 k=2 v=(0.2500, 0.2500, 0.0000, 1.0000)
xemu-perf:   slot=9 k=3 v=(0.2500, 0.2500, 0.0000, 1.0000)
xemu-perf:   slot=9 k=4 v=(0.2500, 0.2500, 0.0000, 1.0000)
xemu-perf:   slot=9 k=5 v=(0.2500, 0.2500, 0.0000, 1.0000)
xemu-perf:   slot=9 k=6 v=(0.7500, 0.2500, 0.0000, 1.0000)
xemu-perf:   slot=9 k=7 v=(0.7500, 0.2500, 0.0000, 1.0000)
xemu-perf:   slot=9 k=8 v=(0.7500, 0.2500, 0.0000, 1.0000)
xemu-perf:   slot=9 k=9 v=(0.7500, 0.2500, 0.0000, 1.0000)
xemu-perf:   slot=9 k=10 v=(0.7500, 0.2500, 0.0000, 1.0000)
xemu-perf:   slot=9 k=11 v=(0.7500, 0.2500, 0.0000, 1.0000)
xemu-perf:   slot=9 k=12 v=(0.2500, 0.7500, 0.0000, 1.0000)
xemu-perf:   slot=9 k=13 v=(0.2500, 0.7500, 0.0000, 1.0000)
xemu-perf:   slot=9 k=14 v=(0.2500, 0.7500, 0.0000, 1.0000)
xemu-perf:   slot=9 k=15 v=(0.2500, 0.7500, 0.0000, 1.0000)
xemu-perf:   slot=9 k=16 v=(0.2500, 0.7500, 0.0000, 1.0000)
xemu-perf:   slot=9 k=17 v=(0.2500, 0.7500, 0.0000, 1.0000)
xemu-perf:   slot=9 k=18 v=(0.7500, 0.7500, 0.0000, 1.0000)
xemu-perf:   slot=9 k=19 v=(0.7500, 0.7500, 0.0000, 1.0000)
xemu-perf:   slot=9 k=20 v=(0.7500, 0.7500, 0.0000, 1.0000)
xemu-perf:   slot=9 k=21 v=(0.7500, 0.7500, 0.0000, 1.0000)
xemu-perf:   slot=9 k=22 v=(0.7500, 0.7500, 0.0000, 1.0000)
xemu-perf:   slot=9 k=23 v=(0.7500, 0.7500, 0.0000, 1.0000)
xemu-perf: metal_set_attr_masks uniform_attrs=0xfdf6 [0]c=3,s=44 [1]c=0,s=0 [2]c=0,s=0 [3]c=4,s=44 [4]c=0,s=0 [9]c=4,s=44
xemu-perf: metal_dispatch_draw_target color_addr=0x03d00000 depth_addr=0x0397c000 uniform_attrs=0xfdf6 vcount=24 icount=0 prim=5 color_fmt=0x50 depth_fmt=0x104 v0=1 v3=1 v9=1 native_tri=1 native_quad=0
xemu-perf: metal_tex_bind_attrib stage=0 tex_addr=0x3976000 color_target=0x03d00000 nv2a_fmt=0x06 mtl_fmt=80 w=64 h=64 levels=2 s_levels=2 shape_min_lvl=1 shape_max_lvl=1 min_lod=1.000 max_lod=1.000 lod_bias=0.000 min_f=0 mag_f=0 mip_f=1 addr_u=0 addr_v=0 has_surf=0 self_sample=0 linear=0 tex_dirty=1 next_dump_idx=90510 dump_active=1
xemu-metal: failed to write target shader dump docs/apple-silicon/task-16-evidence-2026-05-21/cycle4-sampler-rt/glsl-dumps/xemu-metal-target-0x03d00000.glsl
xemu-metal: failed to write target shader dump docs/apple-silicon/task-16-evidence-2026-05-21/cycle4-sampler-rt/glsl-dumps/xemu-metal-target-0x03d00000.glsl
xemu-perf: metal_attrib_stream slot=9 min=48 num=24 count=4 stride=44 src=0
xemu-perf:   slot=9 k=0 v=(0.2500, 0.2500, 0.0000, 1.0000)
xemu-perf:   slot=9 k=1 v=(0.2500, 0.2500, 0.0000, 1.0000)
xemu-perf:   slot=9 k=2 v=(0.2500, 0.2500, 0.0000, 1.0000)
xemu-perf:   slot=9 k=3 v=(0.2500, 0.2500, 0.0000, 1.0000)
xemu-perf:   slot=9 k=4 v=(0.2500, 0.2500, 0.0000, 1.0000)
xemu-perf:   slot=9 k=5 v=(0.2500, 0.2500, 0.0000, 1.0000)
xemu-perf:   slot=9 k=6 v=(0.7500, 0.2500, 0.0000, 1.0000)
xemu-perf:   slot=9 k=7 v=(0.7500, 0.2500, 0.0000, 1.0000)
xemu-perf:   slot=9 k=8 v=(0.7500, 0.2500, 0.0000, 1.0000)
xemu-perf:   slot=9 k=9 v=(0.7500, 0.2500, 0.0000, 1.0000)
xemu-perf:   slot=9 k=10 v=(0.7500, 0.2500, 0.0000, 1.0000)
xemu-perf:   slot=9 k=11 v=(0.7500, 0.2500, 0.0000, 1.0000)
xemu-perf:   slot=9 k=12 v=(0.2500, 0.7500, 0.0000, 1.0000)
xemu-perf:   slot=9 k=13 v=(0.2500, 0.7500, 0.0000, 1.0000)
xemu-perf:   slot=9 k=14 v=(0.2500, 0.7500, 0.0000, 1.0000)
xemu-perf:   slot=9 k=15 v=(0.2500, 0.7500, 0.0000, 1.0000)
xemu-perf:   slot=9 k=16 v=(0.2500, 0.7500, 0.0000, 1.0000)
xemu-perf:   slot=9 k=17 v=(0.2500, 0.7500, 0.0000, 1.0000)
xemu-perf:   slot=9 k=18 v=(0.7500, 0.7500, 0.0000, 1.0000)
xemu-perf:   slot=9 k=19 v=(0.7500, 0.7500, 0.0000, 1.0000)
xemu-perf:   slot=9 k=20 v=(0.7500, 0.7500, 0.0000, 1.0000)
xemu-perf:   slot=9 k=21 v=(0.7500, 0.7500, 0.0000, 1.0000)
xemu-perf:   slot=9 k=22 v=(0.7500, 0.7500, 0.0000, 1.0000)
xemu-perf:   slot=9 k=23 v=(0.7500, 0.7500, 0.0000, 1.0000)
xemu-perf: metal_set_attr_masks uniform_attrs=0xfdf6 [0]c=3,s=44 [1]c=0,s=0 [2]c=0,s=0 [3]c=4,s=44 [4]c=0,s=0 [9]c=4,s=44
xemu-perf: metal_dispatch_draw_target color_addr=0x03d00000 depth_addr=0x0397c000 uniform_attrs=0xfdf6 vcount=24 icount=0 prim=5 color_fmt=0x50 depth_fmt=0x104 v0=1 v3=1 v9=1 native_tri=1 native_quad=0
xemu-perf: metal_tex_bind_attrib stage=0 tex_addr=0x3976000 color_target=0x03d00000 nv2a_fmt=0x06 mtl_fmt=80 w=64 h=64 levels=3 s_levels=3 shape_min_lvl=2 shape_max_lvl=2 min_lod=2.000 max_lod=2.000 lod_bias=0.000 min_f=0 mag_f=0 mip_f=1 addr_u=0 addr_v=0 has_surf=0 self_sample=0 linear=0 tex_dirty=1 next_dump_idx=90511 dump_active=1
xemu-metal: failed to write target shader dump docs/apple-silicon/task-16-evidence-2026-05-21/cycle4-sampler-rt/glsl-dumps/xemu-metal-target-0x03d00000.glsl
xemu-metal: failed to write target shader dump docs/apple-silicon/task-16-evidence-2026-05-21/cycle4-sampler-rt/glsl-dumps/xemu-metal-target-0x03d00000.glsl
xemu-perf: metal_attrib_stream slot=9 min=72 num=24 count=4 stride=44 src=0
xemu-perf:   slot=9 k=0 v=(0.2500, 0.2500, 0.0000, 1.0000)
xemu-perf:   slot=9 k=1 v=(0.2500, 0.2500, 0.0000, 1.0000)
xemu-perf:   slot=9 k=2 v=(0.2500, 0.2500, 0.0000, 1.0000)
xemu-perf:   slot=9 k=3 v=(0.2500, 0.2500, 0.0000, 1.0000)
xemu-perf:   slot=9 k=4 v=(0.2500, 0.2500, 0.0000, 1.0000)
xemu-perf:   slot=9 k=5 v=(0.2500, 0.2500, 0.0000, 1.0000)
xemu-perf:   slot=9 k=6 v=(0.7500, 0.2500, 0.0000, 1.0000)
xemu-perf:   slot=9 k=7 v=(0.7500, 0.2500, 0.0000, 1.0000)
xemu-perf:   slot=9 k=8 v=(0.7500, 0.2500, 0.0000, 1.0000)
xemu-perf:   slot=9 k=9 v=(0.7500, 0.2500, 0.0000, 1.0000)
xemu-perf:   slot=9 k=10 v=(0.7500, 0.2500, 0.0000, 1.0000)
xemu-perf:   slot=9 k=11 v=(0.7500, 0.2500, 0.0000, 1.0000)
xemu-perf:   slot=9 k=12 v=(0.2500, 0.7500, 0.0000, 1.0000)
xemu-perf:   slot=9 k=13 v=(0.2500, 0.7500, 0.0000, 1.0000)
xemu-perf:   slot=9 k=14 v=(0.2500, 0.7500, 0.0000, 1.0000)
xemu-perf:   slot=9 k=15 v=(0.2500, 0.7500, 0.0000, 1.0000)
xemu-perf:   slot=9 k=16 v=(0.2500, 0.7500, 0.0000, 1.0000)
xemu-perf:   slot=9 k=17 v=(0.2500, 0.7500, 0.0000, 1.0000)
xemu-perf:   slot=9 k=18 v=(0.7500, 0.7500, 0.0000, 1.0000)
xemu-perf:   slot=9 k=19 v=(0.7500, 0.7500, 0.0000, 1.0000)
xemu-perf:   slot=9 k=20 v=(0.7500, 0.7500, 0.0000, 1.0000)
xemu-perf:   slot=9 k=21 v=(0.7500, 0.7500, 0.0000, 1.0000)
xemu-perf:   slot=9 k=22 v=(0.7500, 0.7500, 0.0000, 1.0000)
xemu-perf:   slot=9 k=23 v=(0.7500, 0.7500, 0.0000, 1.0000)
xemu-perf: metal_set_attr_masks uniform_attrs=0xfdf6 [0]c=3,s=44 [1]c=0,s=0 [2]c=0,s=0 [3]c=4,s=44 [4]c=0,s=0 [9]c=4,s=44
xemu-perf: metal_dispatch_draw_target color_addr=0x03d00000 depth_addr=0x0397c000 uniform_attrs=0xfdf6 vcount=24 icount=0 prim=5 color_fmt=0x50 depth_fmt=0x104 v0=1 v3=1 v9=1 native_tri=1 native_quad=0
xemu-perf: metal_tex_bind_attrib stage=0 tex_addr=0x3976000 color_target=0x03d00000 nv2a_fmt=0x06 mtl_fmt=80 w=64 h=64 levels=4 s_levels=4 shape_min_lvl=3 shape_max_lvl=3 min_lod=3.000 max_lod=3.000 lod_bias=0.000 min_f=0 mag_f=0 mip_f=1 addr_u=0 addr_v=0 has_surf=0 self_sample=0 linear=0 tex_dirty=1 next_dump_idx=90512 dump_active=1
xemu-metal: failed to write target shader dump docs/apple-silicon/task-16-evidence-2026-05-21/cycle4-sampler-rt/glsl-dumps/xemu-metal-target-0x03d00000.glsl
xemu-metal: failed to write target shader dump docs/apple-silicon/task-16-evidence-2026-05-21/cycle4-sampler-rt/glsl-dumps/xemu-metal-target-0x03d00000.glsl
xemu-perf: metal_attrib_stream slot=9 min=96 num=24 count=4 stride=44 src=0
xemu-perf:   slot=9 k=0 v=(0.2500, 0.2500, 0.0000, 1.0000)
xemu-perf:   slot=9 k=1 v=(0.2500, 0.2500, 0.0000, 1.0000)
xemu-perf:   slot=9 k=2 v=(0.2500, 0.2500, 0.0000, 1.0000)
xemu-perf:   slot=9 k=3 v=(0.2500, 0.2500, 0.0000, 1.0000)
xemu-perf:   slot=9 k=4 v=(0.2500, 0.2500, 0.0000, 1.0000)
xemu-perf:   slot=9 k=5 v=(0.2500, 0.2500, 0.0000, 1.0000)
xemu-perf:   slot=9 k=6 v=(0.7500, 0.2500, 0.0000, 1.0000)
xemu-perf:   slot=9 k=7 v=(0.7500, 0.2500, 0.0000, 1.0000)
xemu-perf:   slot=9 k=8 v=(0.7500, 0.2500, 0.0000, 1.0000)
xemu-perf:   slot=9 k=9 v=(0.7500, 0.2500, 0.0000, 1.0000)
xemu-perf:   slot=9 k=10 v=(0.7500, 0.2500, 0.0000, 1.0000)
xemu-perf:   slot=9 k=11 v=(0.7500, 0.2500, 0.0000, 1.0000)
xemu-perf:   slot=9 k=12 v=(0.2500, 0.7500, 0.0000, 1.0000)
xemu-perf:   slot=9 k=13 v=(0.2500, 0.7500, 0.0000, 1.0000)
xemu-perf:   slot=9 k=14 v=(0.2500, 0.7500, 0.0000, 1.0000)
xemu-perf:   slot=9 k=15 v=(0.2500, 0.7500, 0.0000, 1.0000)
xemu-perf:   slot=9 k=16 v=(0.2500, 0.7500, 0.0000, 1.0000)
xemu-perf:   slot=9 k=17 v=(0.2500, 0.7500, 0.0000, 1.0000)
xemu-perf:   slot=9 k=18 v=(0.7500, 0.7500, 0.0000, 1.0000)
xemu-perf:   slot=9 k=19 v=(0.7500, 0.7500, 0.0000, 1.0000)
xemu-perf:   slot=9 k=20 v=(0.7500, 0.7500, 0.0000, 1.0000)
xemu-perf:   slot=9 k=21 v=(0.7500, 0.7500, 0.0000, 1.0000)
xemu-perf:   slot=9 k=22 v=(0.7500, 0.7500, 0.0000, 1.0000)
xemu-perf:   slot=9 k=23 v=(0.7500, 0.7500, 0.0000, 1.0000)
xemu-perf: metal_set_attr_masks uniform_attrs=0xfdf6 [0]c=3,s=44 [1]c=0,s=0 [2]c=0,s=0 [3]c=4,s=44 [4]c=0,s=0 [9]c=4,s=44
xemu-perf: metal_dispatch_draw_target color_addr=0x03d00000 depth_addr=0x0397c000 uniform_attrs=0xfdf6 vcount=24 icount=0 prim=5 color_fmt=0x50 depth_fmt=0x104 v0=1 v3=1 v9=1 native_tri=1 native_quad=0
xemu-perf: metal_tex_bind_attrib stage=0 tex_addr=0x3976000 color_target=0x03d00000 nv2a_fmt=0x06 mtl_fmt=80 w=64 h=64 levels=5 s_levels=5 shape_min_lvl=4 shape_max_lvl=4 min_lod=4.000 max_lod=4.000 lod_bias=0.000 min_f=0 mag_f=0 mip_f=1 addr_u=0 addr_v=0 has_surf=0 self_sample=0 linear=0 tex_dirty=1 next_dump_idx=90513 dump_active=1
xemu-metal: failed to write target shader dump docs/apple-silicon/task-16-evidence-2026-05-21/cycle4-sampler-rt/glsl-dumps/xemu-metal-target-0x03d00000.glsl
xemu-metal: failed to write target shader dump docs/apple-silicon/task-16-evidence-2026-05-21/cycle4-sampler-rt/glsl-dumps/xemu-metal-target-0x03d00000.glsl
xemu-perf: metal_attrib_stream slot=9 min=120 num=24 count=4 stride=44 src=0
xemu-perf:   slot=9 k=0 v=(0.2500, 0.2500, 0.0000, 1.0000)
xemu-perf:   slot=9 k=1 v=(0.2500, 0.2500, 0.0000, 1.0000)
xemu-perf:   slot=9 k=2 v=(0.2500, 0.2500, 0.0000, 1.0000)
xemu-perf:   slot=9 k=3 v=(0.2500, 0.2500, 0.0000, 1.0000)
xemu-perf:   slot=9 k=4 v=(0.2500, 0.2500, 0.0000, 1.0000)
xemu-perf:   slot=9 k=5 v=(0.2500, 0.2500, 0.0000, 1.0000)
xemu-perf:   slot=9 k=6 v=(0.7500, 0.2500, 0.0000, 1.0000)
xemu-perf:   slot=9 k=7 v=(0.7500, 0.2500, 0.0000, 1.0000)
xemu-perf:   slot=9 k=8 v=(0.7500, 0.2500, 0.0000, 1.0000)
xemu-perf:   slot=9 k=9 v=(0.7500, 0.2500, 0.0000, 1.0000)
xemu-perf:   slot=9 k=10 v=(0.7500, 0.2500, 0.0000, 1.0000)
xemu-perf:   slot=9 k=11 v=(0.7500, 0.2500, 0.0000, 1.0000)
xemu-perf:   slot=9 k=12 v=(0.2500, 0.7500, 0.0000, 1.0000)
xemu-perf:   slot=9 k=13 v=(0.2500, 0.7500, 0.0000, 1.0000)
xemu-perf:   slot=9 k=14 v=(0.2500, 0.7500, 0.0000, 1.0000)
xemu-perf:   slot=9 k=15 v=(0.2500, 0.7500, 0.0000, 1.0000)
xemu-perf:   slot=9 k=16 v=(0.2500, 0.7500, 0.0000, 1.0000)
xemu-perf:   slot=9 k=17 v=(0.2500, 0.7500, 0.0000, 1.0000)
xemu-perf:   slot=9 k=18 v=(0.7500, 0.7500, 0.0000, 1.0000)
xemu-perf:   slot=9 k=19 v=(0.7500, 0.7500, 0.0000, 1.0000)
xemu-perf:   slot=9 k=20 v=(0.7500, 0.7500, 0.0000, 1.0000)
xemu-perf:   slot=9 k=21 v=(0.7500, 0.7500, 0.0000, 1.0000)
xemu-perf:   slot=9 k=22 v=(0.7500, 0.7500, 0.0000, 1.0000)
xemu-perf:   slot=9 k=23 v=(0.7500, 0.7500, 0.0000, 1.0000)
xemu-perf: metal_set_attr_masks uniform_attrs=0xfdf6 [0]c=3,s=44 [1]c=0,s=0 [2]c=0,s=0 [3]c=4,s=44 [4]c=0,s=0 [9]c=4,s=44
xemu-perf: metal_dispatch_draw_target color_addr=0x03d00000 depth_addr=0x0397c000 uniform_attrs=0xfdf6 vcount=24 icount=0 prim=5 color_fmt=0x50 depth_fmt=0x104 v0=1 v3=1 v9=1 native_tri=1 native_quad=0
xemu-perf: metal_tex_bind_attrib stage=0 tex_addr=0x3976000 color_target=0x03d00000 nv2a_fmt=0x06 mtl_fmt=80 w=64 h=64 levels=6 s_levels=6 shape_min_lvl=5 shape_max_lvl=5 min_lod=5.000 max_lod=5.000 lod_bias=0.000 min_f=0 mag_f=0 mip_f=1 addr_u=0 addr_v=0 has_surf=0 self_sample=0 linear=0 tex_dirty=1 next_dump_idx=90514 dump_active=1
xemu-metal: failed to write target shader dump docs/apple-silicon/task-16-evidence-2026-05-21/cycle4-sampler-rt/glsl-dumps/xemu-metal-target-0x03d00000.glsl
xemu-metal: failed to write target shader dump docs/apple-silicon/task-16-evidence-2026-05-21/cycle4-sampler-rt/glsl-dumps/xemu-metal-target-0x03d00000.glsl
xemu-perf: metal_attrib_stream slot=9 min=144 num=24 count=4 stride=44 src=0
xemu-perf:   slot=9 k=0 v=(0.2500, 0.2500, 0.0000, 1.0000)
xemu-perf:   slot=9 k=1 v=(0.2500, 0.2500, 0.0000, 1.0000)
xemu-perf:   slot=9 k=2 v=(0.2500, 0.2500, 0.0000, 1.0000)
xemu-perf:   slot=9 k=3 v=(0.2500, 0.2500, 0.0000, 1.0000)
xemu-perf:   slot=9 k=4 v=(0.2500, 0.2500, 0.0000, 1.0000)
xemu-perf:   slot=9 k=5 v=(0.2500, 0.2500, 0.0000, 1.0000)
xemu-perf:   slot=9 k=6 v=(0.7500, 0.2500, 0.0000, 1.0000)
xemu-perf:   slot=9 k=7 v=(0.7500, 0.2500, 0.0000, 1.0000)
xemu-perf:   slot=9 k=8 v=(0.7500, 0.2500, 0.0000, 1.0000)
xemu-perf:   slot=9 k=9 v=(0.7500, 0.2500, 0.0000, 1.0000)
xemu-perf:   slot=9 k=10 v=(0.7500, 0.2500, 0.0000, 1.0000)
xemu-perf:   slot=9 k=11 v=(0.7500, 0.2500, 0.0000, 1.0000)
xemu-perf:   slot=9 k=12 v=(0.2500, 0.7500, 0.0000, 1.0000)
xemu-perf:   slot=9 k=13 v=(0.2500, 0.7500, 0.0000, 1.0000)
xemu-perf:   slot=9 k=14 v=(0.2500, 0.7500, 0.0000, 1.0000)
xemu-perf:   slot=9 k=15 v=(0.2500, 0.7500, 0.0000, 1.0000)
xemu-perf:   slot=9 k=16 v=(0.2500, 0.7500, 0.0000, 1.0000)
xemu-perf:   slot=9 k=17 v=(0.2500, 0.7500, 0.0000, 1.0000)
xemu-perf:   slot=9 k=18 v=(0.7500, 0.7500, 0.0000, 1.0000)
xemu-perf:   slot=9 k=19 v=(0.7500, 0.7500, 0.0000, 1.0000)
xemu-perf:   slot=9 k=20 v=(0.7500, 0.7500, 0.0000, 1.0000)
xemu-perf:   slot=9 k=21 v=(0.7500, 0.7500, 0.0000, 1.0000)
xemu-perf:   slot=9 k=22 v=(0.7500, 0.7500, 0.0000, 1.0000)
xemu-perf:   slot=9 k=23 v=(0.7500, 0.7500, 0.0000, 1.0000)
xemu-perf: metal_set_attr_masks uniform_attrs=0xfdf6 [0]c=3,s=44 [1]c=0,s=0 [2]c=0,s=0 [3]c=4,s=44 [4]c=0,s=0 [9]c=4,s=44
xemu-perf: metal_dispatch_draw_target color_addr=0x03d00000 depth_addr=0x0397c000 uniform_attrs=0xfdf6 vcount=24 icount=0 prim=5 color_fmt=0x50 depth_fmt=0x104 v0=1 v3=1 v9=1 native_tri=1 native_quad=0
xemu-perf: metal_tex_bind_attrib stage=0 tex_addr=0x3976000 color_target=0x03d00000 nv2a_fmt=0x06 mtl_fmt=80 w=64 h=64 levels=7 s_levels=7 shape_min_lvl=6 shape_max_lvl=6 min_lod=6.000 max_lod=6.000 lod_bias=0.000 min_f=0 mag_f=0 mip_f=1 addr_u=0 addr_v=0 has_surf=0 self_sample=0 linear=0 tex_dirty=1 next_dump_idx=90515 dump_active=1
xemu-metal: failed to write target shader dump docs/apple-silicon/task-16-evidence-2026-05-21/cycle4-sampler-rt/glsl-dumps/xemu-metal-target-0x03d00000.glsl
xemu-metal: failed to write target shader dump docs/apple-silicon/task-16-evidence-2026-05-21/cycle4-sampler-rt/glsl-dumps/xemu-metal-target-0x03d00000.glsl
xemu-perf: metal_color_bind vram_addr=0x3aa8000 guest=640x480 scaled=640x480 pitch=2560 format=8
xemu-perf: metal_draw_target_first vram_addr=0x3aa8000 slot=13
xemu-perf: metal_attrib_stream slot=9 min=0 num=24 count=4 stride=44 src=0
xemu-perf:   slot=9 k=0 v=(0.2500, 0.2500, 0.0000, 1.0000)
xemu-perf:   slot=9 k=1 v=(0.2500, 0.2500, 0.0000, 1.0000)
xemu-perf:   slot=9 k=2 v=(0.2500, 0.2500, 0.0000, 1.0000)
xemu-perf:   slot=9 k=3 v=(0.2500, 0.2500, 0.0000, 1.0000)
xemu-perf:   slot=9 k=4 v=(0.2500, 0.2500, 0.0000, 1.0000)
xemu-perf:   slot=9 k=5 v=(0.2500, 0.2500, 0.0000, 1.0000)
xemu-perf:   slot=9 k=6 v=(0.7500, 0.2500, 0.0000, 1.0000)
xemu-perf:   slot=9 k=7 v=(0.7500, 0.2500, 0.0000, 1.0000)
xemu-perf:   slot=9 k=8 v=(0.7500, 0.2500, 0.0000, 1.0000)
xemu-perf:   slot=9 k=9 v=(0.7500, 0.2500, 0.0000, 1.0000)
xemu-perf:   slot=9 k=10 v=(0.7500, 0.2500, 0.0000, 1.0000)
xemu-perf:   slot=9 k=11 v=(0.7500, 0.2500, 0.0000, 1.0000)
xemu-perf:   slot=9 k=12 v=(0.2500, 0.7500, 0.0000, 1.0000)
xemu-perf:   slot=9 k=13 v=(0.2500, 0.7500, 0.0000, 1.0000)
xemu-perf:   slot=9 k=14 v=(0.2500, 0.7500, 0.0000, 1.0000)
xemu-perf:   slot=9 k=15 v=(0.2500, 0.7500, 0.0000, 1.0000)
xemu-perf:   slot=9 k=16 v=(0.2500, 0.7500, 0.0000, 1.0000)
xemu-perf:   slot=9 k=17 v=(0.2500, 0.7500, 0.0000, 1.0000)
xemu-perf:   slot=9 k=18 v=(0.7500, 0.7500, 0.0000, 1.0000)
xemu-perf:   slot=9 k=19 v=(0.7500, 0.7500, 0.0000, 1.0000)
xemu-perf:   slot=9 k=20 v=(0.7500, 0.7500, 0.0000, 1.0000)
xemu-perf:   slot=9 k=21 v=(0.7500, 0.7500, 0.0000, 1.0000)
xemu-perf:   slot=9 k=22 v=(0.7500, 0.7500, 0.0000, 1.0000)
xemu-perf:   slot=9 k=23 v=(0.7500, 0.7500, 0.0000, 1.0000)
xemu-perf: metal_set_attr_masks uniform_attrs=0xfdf6 [0]c=3,s=44 [1]c=0,s=0 [2]c=0,s=0 [3]c=4,s=44 [4]c=0,s=0 [9]c=4,s=44
xemu-perf: metal_dispatch_draw_target color_addr=0x03aa8000 depth_addr=0x0397c000 uniform_attrs=0xfdf6 vcount=24 icount=0 prim=5 color_fmt=0x50 depth_fmt=0x104 v0=1 v3=1 v9=1 native_tri=1 native_quad=0
xemu-perf: metal_tex_bind_attrib stage=0 tex_addr=0x3976000 color_target=0x03aa8000 nv2a_fmt=0x06 mtl_fmt=80 w=64 h=64 levels=1 s_levels=1 shape_min_lvl=0 shape_max_lvl=0 min_lod=0.000 max_lod=0.000 lod_bias=0.000 min_f=0 mag_f=0 mip_f=0 addr_u=0 addr_v=0 has_surf=0 self_sample=0 linear=0 tex_dirty=1 next_dump_idx=90516 dump_active=1
xemu-metal: failed to write target shader dump docs/apple-silicon/task-16-evidence-2026-05-21/cycle4-sampler-rt/glsl-dumps/xemu-metal-target-0x03aa8000.glsl
xemu-metal: failed to write target shader dump docs/apple-silicon/task-16-evidence-2026-05-21/cycle4-sampler-rt/glsl-dumps/xemu-metal-target-0x03aa8000.glsl
xemu-perf: metal_attrib_stream slot=9 min=24 num=24 count=4 stride=44 src=0
xemu-perf:   slot=9 k=0 v=(0.2500, 0.2500, 0.0000, 1.0000)
xemu-perf:   slot=9 k=1 v=(0.2500, 0.2500, 0.0000, 1.0000)
xemu-perf:   slot=9 k=2 v=(0.2500, 0.2500, 0.0000, 1.0000)
xemu-perf:   slot=9 k=3 v=(0.2500, 0.2500, 0.0000, 1.0000)
xemu-perf:   slot=9 k=4 v=(0.2500, 0.2500, 0.0000, 1.0000)
xemu-perf:   slot=9 k=5 v=(0.2500, 0.2500, 0.0000, 1.0000)
xemu-perf:   slot=9 k=6 v=(0.7500, 0.2500, 0.0000, 1.0000)
xemu-perf:   slot=9 k=7 v=(0.7500, 0.2500, 0.0000, 1.0000)
xemu-perf:   slot=9 k=8 v=(0.7500, 0.2500, 0.0000, 1.0000)
xemu-perf:   slot=9 k=9 v=(0.7500, 0.2500, 0.0000, 1.0000)
xemu-perf:   slot=9 k=10 v=(0.7500, 0.2500, 0.0000, 1.0000)
xemu-perf:   slot=9 k=11 v=(0.7500, 0.2500, 0.0000, 1.0000)
xemu-perf:   slot=9 k=12 v=(0.2500, 0.7500, 0.0000, 1.0000)
xemu-perf:   slot=9 k=13 v=(0.2500, 0.7500, 0.0000, 1.0000)
xemu-perf:   slot=9 k=14 v=(0.2500, 0.7500, 0.0000, 1.0000)
xemu-perf:   slot=9 k=15 v=(0.2500, 0.7500, 0.0000, 1.0000)
xemu-perf:   slot=9 k=16 v=(0.2500, 0.7500, 0.0000, 1.0000)
xemu-perf:   slot=9 k=17 v=(0.2500, 0.7500, 0.0000, 1.0000)
xemu-perf:   slot=9 k=18 v=(0.7500, 0.7500, 0.0000, 1.0000)
xemu-perf:   slot=9 k=19 v=(0.7500, 0.7500, 0.0000, 1.0000)
xemu-perf:   slot=9 k=20 v=(0.7500, 0.7500, 0.0000, 1.0000)
xemu-perf:   slot=9 k=21 v=(0.7500, 0.7500, 0.0000, 1.0000)
xemu-perf:   slot=9 k=22 v=(0.7500, 0.7500, 0.0000, 1.0000)
xemu-perf:   slot=9 k=23 v=(0.7500, 0.7500, 0.0000, 1.0000)
xemu-perf: metal_set_attr_masks uniform_attrs=0xfdf6 [0]c=3,s=44 [1]c=0,s=0 [2]c=0,s=0 [3]c=4,s=44 [4]c=0,s=0 [9]c=4,s=44
xemu-perf: metal_dispatch_draw_target color_addr=0x03aa8000 depth_addr=0x0397c000 uniform_attrs=0xfdf6 vcount=24 icount=0 prim=5 color_fmt=0x50 depth_fmt=0x104 v0=1 v3=1 v9=1 native_tri=1 native_quad=0
xemu-perf: metal_tex_bind_attrib stage=0 tex_addr=0x3976000 color_target=0x03aa8000 nv2a_fmt=0x06 mtl_fmt=80 w=64 h=64 levels=2 s_levels=2 shape_min_lvl=1 shape_max_lvl=1 min_lod=1.000 max_lod=1.000 lod_bias=0.000 min_f=0 mag_f=0 mip_f=1 addr_u=0 addr_v=0 has_surf=0 self_sample=0 linear=0 tex_dirty=1 next_dump_idx=90517 dump_active=1
xemu-metal: failed to write target shader dump docs/apple-silicon/task-16-evidence-2026-05-21/cycle4-sampler-rt/glsl-dumps/xemu-metal-target-0x03aa8000.glsl
xemu-metal: failed to write target shader dump docs/apple-silicon/task-16-evidence-2026-05-21/cycle4-sampler-rt/glsl-dumps/xemu-metal-target-0x03aa8000.glsl
xemu-perf: metal_set_attr_masks uniform_attrs=0xfdf6 [0]c=3,s=44 [1]c=0,s=0 [2]c=0,s=0 [3]c=4,s=44 [4]c=0,s=0 [9]c=4,s=44
xemu-perf: metal_dispatch_draw_target color_addr=0x03aa8000 depth_addr=0x0397c000 uniform_attrs=0xfdf6 vcount=24 icount=0 prim=5 color_fmt=0x50 depth_fmt=0x104 v0=1 v3=1 v9=1 native_tri=1 native_quad=0
xemu-perf: metal_tex_bind_attrib stage=0 tex_addr=0x3976000 color_target=0x03aa8000 nv2a_fmt=0x06 mtl_fmt=80 w=64 h=64 levels=3 s_levels=3 shape_min_lvl=2 shape_max_lvl=2 min_lod=2.000 max_lod=2.000 lod_bias=0.000 min_f=0 mag_f=0 mip_f=1 addr_u=0 addr_v=0 has_surf=0 self_sample=0 linear=0 tex_dirty=1 next_dump_idx=90518 dump_active=1
xemu-metal: failed to write target shader dump docs/apple-silicon/task-16-evidence-2026-05-21/cycle4-sampler-rt/glsl-dumps/xemu-metal-target-0x03aa8000.glsl
xemu-metal: failed to write target shader dump docs/apple-silicon/task-16-evidence-2026-05-21/cycle4-sampler-rt/glsl-dumps/xemu-metal-target-0x03aa8000.glsl
xemu-perf: metal_set_attr_masks uniform_attrs=0xfdf6 [0]c=3,s=44 [1]c=0,s=0 [2]c=0,s=0 [3]c=4,s=44 [4]c=0,s=0 [9]c=4,s=44
xemu-perf: metal_dispatch_draw_target color_addr=0x03aa8000 depth_addr=0x0397c000 uniform_attrs=0xfdf6 vcount=24 icount=0 prim=5 color_fmt=0x50 depth_fmt=0x104 v0=1 v3=1 v9=1 native_tri=1 native_quad=0
xemu-perf: metal_tex_bind_attrib stage=0 tex_addr=0x3976000 color_target=0x03aa8000 nv2a_fmt=0x06 mtl_fmt=80 w=64 h=64 levels=4 s_levels=4 shape_min_lvl=3 shape_max_lvl=3 min_lod=3.000 max_lod=3.000 lod_bias=0.000 min_f=0 mag_f=0 mip_f=1 addr_u=0 addr_v=0 has_surf=0 self_sample=0 linear=0 tex_dirty=1 next_dump_idx=90519 dump_active=1
xemu-metal: failed to write target shader dump docs/apple-silicon/task-16-evidence-2026-05-21/cycle4-sampler-rt/glsl-dumps/xemu-metal-target-0x03aa8000.glsl
xemu-metal: failed to write target shader dump docs/apple-silicon/task-16-evidence-2026-05-21/cycle4-sampler-rt/glsl-dumps/xemu-metal-target-0x03aa8000.glsl
xemu-perf: metal_set_attr_masks uniform_attrs=0xfdf6 [0]c=3,s=44 [1]c=0,s=0 [2]c=0,s=0 [3]c=4,s=44 [4]c=0,s=0 [9]c=4,s=44
xemu-perf: metal_dispatch_draw_target color_addr=0x03aa8000 depth_addr=0x0397c000 uniform_attrs=0xfdf6 vcount=24 icount=0 prim=5 color_fmt=0x50 depth_fmt=0x104 v0=1 v3=1 v9=1 native_tri=1 native_quad=0
xemu-perf: metal_tex_bind_attrib stage=0 tex_addr=0x3976000 color_target=0x03aa8000 nv2a_fmt=0x06 mtl_fmt=80 w=64 h=64 levels=5 s_levels=5 shape_min_lvl=4 shape_max_lvl=4 min_lod=4.000 max_lod=4.000 lod_bias=0.000 min_f=0 mag_f=0 mip_f=1 addr_u=0 addr_v=0 has_surf=0 self_sample=0 linear=0 tex_dirty=1 next_dump_idx=90520 dump_active=1
xemu-metal: failed to write target shader dump docs/apple-silicon/task-16-evidence-2026-05-21/cycle4-sampler-rt/glsl-dumps/xemu-metal-target-0x03aa8000.glsl
xemu-metal: failed to write target shader dump docs/apple-silicon/task-16-evidence-2026-05-21/cycle4-sampler-rt/glsl-dumps/xemu-metal-target-0x03aa8000.glsl
xemu-perf: metal_set_attr_masks uniform_attrs=0xfdf6 [0]c=3,s=44 [1]c=0,s=0 [2]c=0,s=0 [3]c=4,s=44 [4]c=0,s=0 [9]c=4,s=44
xemu-perf: metal_dispatch_draw_target color_addr=0x03aa8000 depth_addr=0x0397c000 uniform_attrs=0xfdf6 vcount=24 icount=0 prim=5 color_fmt=0x50 depth_fmt=0x104 v0=1 v3=1 v9=1 native_tri=1 native_quad=0
xemu-perf: metal_tex_bind_attrib stage=0 tex_addr=0x3976000 color_target=0x03aa8000 nv2a_fmt=0x06 mtl_fmt=80 w=64 h=64 levels=6 s_levels=6 shape_min_lvl=5 shape_max_lvl=5 min_lod=5.000 max_lod=5.000 lod_bias=0.000 min_f=0 mag_f=0 mip_f=1 addr_u=0 addr_v=0 has_surf=0 self_sample=0 linear=0 tex_dirty=1 next_dump_idx=90521 dump_active=1
xemu-metal: failed to write target shader dump docs/apple-silicon/task-16-evidence-2026-05-21/cycle4-sampler-rt/glsl-dumps/xemu-metal-target-0x03aa8000.glsl
xemu-metal: failed to write target shader dump docs/apple-silicon/task-16-evidence-2026-05-21/cycle4-sampler-rt/glsl-dumps/xemu-metal-target-0x03aa8000.glsl
xemu-perf: metal_set_attr_masks uniform_attrs=0xfdf6 [0]c=3,s=44 [1]c=0,s=0 [2]c=0,s=0 [3]c=4,s=44 [4]c=0,s=0 [9]c=4,s=44
xemu-perf: metal_dispatch_draw_target color_addr=0x03aa8000 depth_addr=0x0397c000 uniform_attrs=0xfdf6 vcount=24 icount=0 prim=5 color_fmt=0x50 depth_fmt=0x104 v0=1 v3=1 v9=1 native_tri=1 native_quad=0
xemu-perf: metal_tex_bind_attrib stage=0 tex_addr=0x3976000 color_target=0x03aa8000 nv2a_fmt=0x06 mtl_fmt=80 w=64 h=64 levels=7 s_levels=7 shape_min_lvl=6 shape_max_lvl=6 min_lod=6.000 max_lod=6.000 lod_bias=0.000 min_f=0 mag_f=0 mip_f=1 addr_u=0 addr_v=0 has_surf=0 self_sample=0 linear=0 tex_dirty=1 next_dump_idx=90522 dump_active=1
xemu-metal: failed to write target shader dump docs/apple-silicon/task-16-evidence-2026-05-21/cycle4-sampler-rt/glsl-dumps/xemu-metal-target-0x03aa8000.glsl
xemu-metal: failed to write target shader dump docs/apple-silicon/task-16-evidence-2026-05-21/cycle4-sampler-rt/glsl-dumps/xemu-metal-target-0x03aa8000.glsl
xemu-perf: metal_set_attr_masks uniform_attrs=0xfdf6 [0]c=3,s=44 [1]c=0,s=0 [2]c=0,s=0 [3]c=4,s=44 [4]c=0,s=0 [9]c=4,s=44
xemu-perf: metal_dispatch_draw_target color_addr=0x03bd4000 depth_addr=0x0397c000 uniform_attrs=0xfdf6 vcount=24 icount=0 prim=5 color_fmt=0x50 depth_fmt=0x104 v0=1 v3=1 v9=1 native_tri=1 native_quad=0
xemu-perf: metal_tex_bind_attrib stage=0 tex_addr=0x3976000 color_target=0x03bd4000 nv2a_fmt=0x06 mtl_fmt=80 w=64 h=64 levels=1 s_levels=1 shape_min_lvl=0 shape_max_lvl=0 min_lod=0.000 max_lod=0.000 lod_bias=0.000 min_f=0 mag_f=0 mip_f=0 addr_u=0 addr_v=0 has_surf=0 self_sample=0 linear=0 tex_dirty=1 next_dump_idx=90523 dump_active=1
xemu-metal: failed to write target shader dump docs/apple-silicon/task-16-evidence-2026-05-21/cycle4-sampler-rt/glsl-dumps/xemu-metal-target-0x03bd4000.glsl
xemu-metal: failed to write target shader dump docs/apple-silicon/task-16-evidence-2026-05-21/cycle4-sampler-rt/glsl-dumps/xemu-metal-target-0x03bd4000.glsl
xemu-perf: metal_set_attr_masks uniform_attrs=0xfdf6 [0]c=3,s=44 [1]c=0,s=0 [2]c=0,s=0 [3]c=4,s=44 [4]c=0,s=0 [9]c=4,s=44
xemu-perf: metal_dispatch_draw_target color_addr=0x03bd4000 depth_addr=0x0397c000 uniform_attrs=0xfdf6 vcount=24 icount=0 prim=5 color_fmt=0x50 depth_fmt=0x104 v0=1 v3=1 v9=1 native_tri=1 native_quad=0
xemu-perf: metal_tex_bind_attrib stage=0 tex_addr=0x3976000 color_target=0x03bd4000 nv2a_fmt=0x06 mtl_fmt=80 w=64 h=64 levels=2 s_levels=2 shape_min_lvl=1 shape_max_lvl=1 min_lod=1.000 max_lod=1.000 lod_bias=0.000 min_f=0 mag_f=0 mip_f=1 addr_u=0 addr_v=0 has_surf=0 self_sample=0 linear=0 tex_dirty=1 next_dump_idx=90524 dump_active=1
xemu-metal: failed to write target shader dump docs/apple-silicon/task-16-evidence-2026-05-21/cycle4-sampler-rt/glsl-dumps/xemu-metal-target-0x03bd4000.glsl
xemu-metal: failed to write target shader dump docs/apple-silicon/task-16-evidence-2026-05-21/cycle4-sampler-rt/glsl-dumps/xemu-metal-target-0x03bd4000.glsl
xemu-perf: metal_set_attr_masks uniform_attrs=0xfdf6 [0]c=3,s=44 [1]c=0,s=0 [2]c=0,s=0 [3]c=4,s=44 [4]c=0,s=0 [9]c=4,s=44
xemu-perf: metal_dispatch_draw_target color_addr=0x03bd4000 depth_addr=0x0397c000 uniform_attrs=0xfdf6 vcount=24 icount=0 prim=5 color_fmt=0x50 depth_fmt=0x104 v0=1 v3=1 v9=1 native_tri=1 native_quad=0
xemu-perf: metal_tex_bind_attrib stage=0 tex_addr=0x3976000 color_target=0x03bd4000 nv2a_fmt=0x06 mtl_fmt=80 w=64 h=64 levels=3 s_levels=3 shape_min_lvl=2 shape_max_lvl=2 min_lod=2.000 max_lod=2.000 lod_bias=0.000 min_f=0 mag_f=0 mip_f=1 addr_u=0 addr_v=0 has_surf=0 self_sample=0 linear=0 tex_dirty=1 next_dump_idx=90525 dump_active=1
xemu-metal: failed to write target shader dump docs/apple-silicon/task-16-evidence-2026-05-21/cycle4-sampler-rt/glsl-dumps/xemu-metal-target-0x03bd4000.glsl
xemu-metal: failed to write target shader dump docs/apple-silicon/task-16-evidence-2026-05-21/cycle4-sampler-rt/glsl-dumps/xemu-metal-target-0x03bd4000.glsl
xemu-perf: metal_set_attr_masks uniform_attrs=0xfdf6 [0]c=3,s=44 [1]c=0,s=0 [2]c=0,s=0 [3]c=4,s=44 [4]c=0,s=0 [9]c=4,s=44
xemu-perf: metal_dispatch_draw_target color_addr=0x03bd4000 depth_addr=0x0397c000 uniform_attrs=0xfdf6 vcount=24 icount=0 prim=5 color_fmt=0x50 depth_fmt=0x104 v0=1 v3=1 v9=1 native_tri=1 native_quad=0
xemu-perf: metal_tex_bind_attrib stage=0 tex_addr=0x3976000 color_target=0x03bd4000 nv2a_fmt=0x06 mtl_fmt=80 w=64 h=64 levels=4 s_levels=4 shape_min_lvl=3 shape_max_lvl=3 min_lod=3.000 max_lod=3.000 lod_bias=0.000 min_f=0 mag_f=0 mip_f=1 addr_u=0 addr_v=0 has_surf=0 self_sample=0 linear=0 tex_dirty=1 next_dump_idx=90526 dump_active=1
xemu-metal: failed to write target shader dump docs/apple-silicon/task-16-evidence-2026-05-21/cycle4-sampler-rt/glsl-dumps/xemu-metal-target-0x03bd4000.glsl
xemu-metal: failed to write target shader dump docs/apple-silicon/task-16-evidence-2026-05-21/cycle4-sampler-rt/glsl-dumps/xemu-metal-target-0x03bd4000.glsl
xemu-perf: metal_set_attr_masks uniform_attrs=0xfdf6 [0]c=3,s=44 [1]c=0,s=0 [2]c=0,s=0 [3]c=4,s=44 [4]c=0,s=0 [9]c=4,s=44
xemu-perf: metal_dispatch_draw_target color_addr=0x03bd4000 depth_addr=0x0397c000 uniform_attrs=0xfdf6 vcount=24 icount=0 prim=5 color_fmt=0x50 depth_fmt=0x104 v0=1 v3=1 v9=1 native_tri=1 native_quad=0
xemu-perf: metal_tex_bind_attrib stage=0 tex_addr=0x3976000 color_target=0x03bd4000 nv2a_fmt=0x06 mtl_fmt=80 w=64 h=64 levels=5 s_levels=5 shape_min_lvl=4 shape_max_lvl=4 min_lod=4.000 max_lod=4.000 lod_bias=0.000 min_f=0 mag_f=0 mip_f=1 addr_u=0 addr_v=0 has_surf=0 self_sample=0 linear=0 tex_dirty=1 next_dump_idx=90527 dump_active=1
xemu-metal: failed to write target shader dump docs/apple-silicon/task-16-evidence-2026-05-21/cycle4-sampler-rt/glsl-dumps/xemu-metal-target-0x03bd4000.glsl
xemu-metal: failed to write target shader dump docs/apple-silicon/task-16-evidence-2026-05-21/cycle4-sampler-rt/glsl-dumps/xemu-metal-target-0x03bd4000.glsl
xemu-perf: metal_set_attr_masks uniform_attrs=0xfdf6 [0]c=3,s=44 [1]c=0,s=0 [2]c=0,s=0 [3]c=4,s=44 [4]c=0,s=0 [9]c=4,s=44
xemu-perf: metal_dispatch_draw_target color_addr=0x03bd4000 depth_addr=0x0397c000 uniform_attrs=0xfdf6 vcount=24 icount=0 prim=5 color_fmt=0x50 depth_fmt=0x104 v0=1 v3=1 v9=1 native_tri=1 native_quad=0
xemu-perf: metal_tex_bind_attrib stage=0 tex_addr=0x3976000 color_target=0x03bd4000 nv2a_fmt=0x06 mtl_fmt=80 w=64 h=64 levels=6 s_levels=6 shape_min_lvl=5 shape_max_lvl=5 min_lod=5.000 max_lod=5.000 lod_bias=0.000 min_f=0 mag_f=0 mip_f=1 addr_u=0 addr_v=0 has_surf=0 self_sample=0 linear=0 tex_dirty=1 next_dump_idx=90528 dump_active=1
xemu-metal: failed to write target shader dump docs/apple-silicon/task-16-evidence-2026-05-21/cycle4-sampler-rt/glsl-dumps/xemu-metal-target-0x03bd4000.glsl
xemu-metal: failed to write target shader dump docs/apple-silicon/task-16-evidence-2026-05-21/cycle4-sampler-rt/glsl-dumps/xemu-metal-target-0x03bd4000.glsl
xemu-perf: metal_set_attr_masks uniform_attrs=0xfdf6 [0]c=3,s=44 [1]c=0,s=0 [2]c=0,s=0 [3]c=4,s=44 [4]c=0,s=0 [9]c=4,s=44
xemu-perf: metal_dispatch_draw_target color_addr=0x03bd4000 depth_addr=0x0397c000 uniform_attrs=0xfdf6 vcount=24 icount=0 prim=5 color_fmt=0x50 depth_fmt=0x104 v0=1 v3=1 v9=1 native_tri=1 native_quad=0
xemu-perf: metal_tex_bind_attrib stage=0 tex_addr=0x3976000 color_target=0x03bd4000 nv2a_fmt=0x06 mtl_fmt=80 w=64 h=64 levels=7 s_levels=7 shape_min_lvl=6 shape_max_lvl=6 min_lod=6.000 max_lod=6.000 lod_bias=0.000 min_f=0 mag_f=0 mip_f=1 addr_u=0 addr_v=0 has_surf=0 self_sample=0 linear=0 tex_dirty=1 next_dump_idx=90529 dump_active=1
xemu-metal: failed to write target shader dump docs/apple-silicon/task-16-evidence-2026-05-21/cycle4-sampler-rt/glsl-dumps/xemu-metal-target-0x03bd4000.glsl
xemu-metal: failed to write target shader dump docs/apple-silicon/task-16-evidence-2026-05-21/cycle4-sampler-rt/glsl-dumps/xemu-metal-target-0x03bd4000.glsl
xemu-perf: metal_screenshot_written path=docs/apple-silicon/task-16-evidence-2026-05-21/cycle4-sampler-rt/harness-final/swizzle-mipmap/metal/screenshots/swizzle-mipmap.0066.png w=640 h=480
xemu-perf: metal_set_attr_masks uniform_attrs=0xfdf6 [0]c=3,s=44 [1]c=0,s=0 [2]c=0,s=0 [3]c=4,s=44 [4]c=0,s=0 [9]c=4,s=44
xemu-perf: metal_dispatch_draw_target color_addr=0x03d00000 depth_addr=0x0397c000 uniform_attrs=0xfdf6 vcount=24 icount=0 prim=5 color_fmt=0x50 depth_fmt=0x104 v0=1 v3=1 v9=1 native_tri=1 native_quad=0
xemu-perf: metal_tex_bind_attrib stage=0 tex_addr=0x3976000 color_target=0x03d00000 nv2a_fmt=0x06 mtl_fmt=80 w=64 h=64 levels=1 s_levels=1 shape_min_lvl=0 shape_max_lvl=0 min_lod=0.000 max_lod=0.000 lod_bias=0.000 min_f=0 mag_f=0 mip_f=0 addr_u=0 addr_v=0 has_surf=0 self_sample=0 linear=0 tex_dirty=1 next_dump_idx=90530 dump_active=1
xemu-metal: failed to write target shader dump docs/apple-silicon/task-16-evidence-2026-05-21/cycle4-sampler-rt/glsl-dumps/xemu-metal-target-0x03d00000.glsl
xemu-metal: failed to write target shader dump docs/apple-silicon/task-16-evidence-2026-05-21/cycle4-sampler-rt/glsl-dumps/xemu-metal-target-0x03d00000.glsl
xemu-perf: metal_set_attr_masks uniform_attrs=0xfdf6 [0]c=3,s=44 [1]c=0,s=0 [2]c=0,s=0 [3]c=4,s=44 [4]c=0,s=0 [9]c=4,s=44
xemu-perf: metal_dispatch_draw_target color_addr=0x03d00000 depth_addr=0x0397c000 uniform_attrs=0xfdf6 vcount=24 icount=0 prim=5 color_fmt=0x50 depth_fmt=0x104 v0=1 v3=1 v9=1 native_tri=1 native_quad=0
xemu-perf: metal_tex_bind_attrib stage=0 tex_addr=0x3976000 color_target=0x03d00000 nv2a_fmt=0x06 mtl_fmt=80 w=64 h=64 levels=2 s_levels=2 shape_min_lvl=1 shape_max_lvl=1 min_lod=1.000 max_lod=1.000 lod_bias=0.000 min_f=0 mag_f=0 mip_f=1 addr_u=0 addr_v=0 has_surf=0 self_sample=0 linear=0 tex_dirty=1 next_dump_idx=90531 dump_active=1
xemu-metal: failed to write target shader dump docs/apple-silicon/task-16-evidence-2026-05-21/cycle4-sampler-rt/glsl-dumps/xemu-metal-target-0x03d00000.glsl
xemu-metal: failed to write target shader dump docs/apple-silicon/task-16-evidence-2026-05-21/cycle4-sampler-rt/glsl-dumps/xemu-metal-target-0x03d00000.glsl
xemu-perf: metal_set_attr_masks uniform_attrs=0xfdf6 [0]c=3,s=44 [1]c=0,s=0 [2]c=0,s=0 [3]c=4,s=44 [4]c=0,s=0 [9]c=4,s=44
xemu-perf: metal_dispatch_draw_target color_addr=0x03d00000 depth_addr=0x0397c000 uniform_attrs=0xfdf6 vcount=24 icount=0 prim=5 color_fmt=0x50 depth_fmt=0x104 v0=1 v3=1 v9=1 native_tri=1 native_quad=0
xemu-perf: metal_tex_bind_attrib stage=0 tex_addr=0x3976000 color_target=0x03d00000 nv2a_fmt=0x06 mtl_fmt=80 w=64 h=64 levels=3 s_levels=3 shape_min_lvl=2 shape_max_lvl=2 min_lod=2.000 max_lod=2.000 lod_bias=0.000 min_f=0 mag_f=0 mip_f=1 addr_u=0 addr_v=0 has_surf=0 self_sample=0 linear=0 tex_dirty=1 next_dump_idx=90532 dump_active=1
xemu-metal: failed to write target shader dump docs/apple-silicon/task-16-evidence-2026-05-21/cycle4-sampler-rt/glsl-dumps/xemu-metal-target-0x03d00000.glsl
xemu-metal: failed to write target shader dump docs/apple-silicon/task-16-evidence-2026-05-21/cycle4-sampler-rt/glsl-dumps/xemu-metal-target-0x03d00000.glsl
xemu-perf: metal_set_attr_masks uniform_attrs=0xfdf6 [0]c=3,s=44 [1]c=0,s=0 [2]c=0,s=0 [3]c=4,s=44 [4]c=0,s=0 [9]c=4,s=44
xemu-perf: metal_dispatch_draw_target color_addr=0x03d00000 depth_addr=0x0397c000 uniform_attrs=0xfdf6 vcount=24 icount=0 prim=5 color_fmt=0x50 depth_fmt=0x104 v0=1 v3=1 v9=1 native_tri=1 native_quad=0
xemu-perf: metal_tex_bind_attrib stage=0 tex_addr=0x3976000 color_target=0x03d00000 nv2a_fmt=0x06 mtl_fmt=80 w=64 h=64 levels=4 s_levels=4 shape_min_lvl=3 shape_max_lvl=3 min_lod=3.000 max_lod=3.000 lod_bias=0.000 min_f=0 mag_f=0 mip_f=1 addr_u=0 addr_v=0 has_surf=0 self_sample=0 linear=0 tex_dirty=1 next_dump_idx=90533 dump_active=1
xemu-metal: failed to write target shader dump docs/apple-silicon/task-16-evidence-2026-05-21/cycle4-sampler-rt/glsl-dumps/xemu-metal-target-0x03d00000.glsl
xemu-metal: failed to write target shader dump docs/apple-silicon/task-16-evidence-2026-05-21/cycle4-sampler-rt/glsl-dumps/xemu-metal-target-0x03d00000.glsl
xemu-metal: failed to write target shader dump docs/apple-silicon/task-16-evidence-2026-05-21/cycle4-sampler-rt/glsl-dumps/xemu-metal-target-0x03d00000.glsl
xemu-metal: failed to write target shader dump docs/apple-silicon/task-16-evidence-2026-05-21/cycle4-sampler-rt/glsl-dumps/xemu-metal-target-0x03d00000.glsl
xemu-metal: failed to write target shader dump docs/apple-silicon/task-16-evidence-2026-05-21/cycle4-sampler-rt/glsl-dumps/xemu-metal-target-0x03d00000.glsl
xemu-metal: failed to write target shader dump docs/apple-silicon/task-16-evidence-2026-05-21/cycle4-sampler-rt/glsl-dumps/xemu-metal-target-0x03d00000.glsl
xemu-metal: failed to write target shader dump docs/apple-silicon/task-16-evidence-2026-05-21/cycle4-sampler-rt/glsl-dumps/xemu-metal-target-0x03d00000.glsl
xemu-metal: failed to write target shader dump docs/apple-silicon/task-16-evidence-2026-05-21/cycle4-sampler-rt/glsl-dumps/xemu-metal-target-0x03d00000.glsl
xemu-metal: failed to write target shader dump docs/apple-silicon/task-16-evidence-2026-05-21/cycle4-sampler-rt/glsl-dumps/xemu-metal-target-0x03aa8000.glsl
xemu-metal: failed to write target shader dump docs/apple-silicon/task-16-evidence-2026-05-21/cycle4-sampler-rt/glsl-dumps/xemu-metal-target-0x03aa8000.glsl
xemu-metal: failed to write target shader dump docs/apple-silicon/task-16-evidence-2026-05-21/cycle4-sampler-rt/glsl-dumps/xemu-metal-target-0x03aa8000.glsl
xemu-metal: failed to write target shader dump docs/apple-silicon/task-16-evidence-2026-05-21/cycle4-sampler-rt/glsl-dumps/xemu-metal-target-0x03aa8000.glsl
xemu-metal: failed to write target shader dump docs/apple-silicon/task-16-evidence-2026-05-21/cycle4-sampler-rt/glsl-dumps/xemu-metal-target-0x03aa8000.glsl
xemu-metal: failed to write target shader dump docs/apple-silicon/task-16-evidence-2026-05-21/cycle4-sampler-rt/glsl-dumps/xemu-metal-target-0x03aa8000.glsl
xemu-metal: failed to write target shader dump docs/apple-silicon/task-16-evidence-2026-05-21/cycle4-sampler-rt/glsl-dumps/xemu-metal-target-0x03aa8000.glsl
xemu-metal: failed to write target shader dump docs/apple-silicon/task-16-evidence-2026-05-21/cycle4-sampler-rt/glsl-dumps/xemu-metal-target-0x03aa8000.glsl
xemu-metal: failed to write target shader dump docs/apple-silicon/task-16-evidence-2026-05-21/cycle4-sampler-rt/glsl-dumps/xemu-metal-target-0x03aa8000.glsl
xemu-metal: failed to write target shader dump docs/apple-silicon/task-16-evidence-2026-05-21/cycle4-sampler-rt/glsl-dumps/xemu-metal-target-0x03aa8000.glsl
xemu-metal: failed to write target shader dump docs/apple-silicon/task-16-evidence-2026-05-21/cycle4-sampler-rt/glsl-dumps/xemu-metal-target-0x03aa8000.glsl
xemu-metal: failed to write target shader dump docs/apple-silicon/task-16-evidence-2026-05-21/cycle4-sampler-rt/glsl-dumps/xemu-metal-target-0x03aa8000.glsl
xemu-metal: failed to write target shader dump docs/apple-silicon/task-16-evidence-2026-05-21/cycle4-sampler-rt/glsl-dumps/xemu-metal-target-0x03aa8000.glsl
xemu-metal: failed to write target shader dump docs/apple-silicon/task-16-evidence-2026-05-21/cycle4-sampler-rt/glsl-dumps/xemu-metal-target-0x03aa8000.glsl
xemu-metal: failed to write target shader dump docs/apple-silicon/task-16-evidence-2026-05-21/cycle4-sampler-rt/glsl-dumps/xemu-metal-target-0x03bd4000.glsl
xemu-metal: failed to write target shader dump docs/apple-silicon/task-16-evidence-2026-05-21/cycle4-sampler-rt/glsl-dumps/xemu-metal-target-0x03bd4000.glsl
xemu-metal: failed to write target shader dump docs/apple-silicon/task-16-evidence-2026-05-21/cycle4-sampler-rt/glsl-dumps/xemu-metal-target-0x03bd4000.glsl
xemu-metal: failed to write target shader dump docs/apple-silicon/task-16-evidence-2026-05-21/cycle4-sampler-rt/glsl-dumps/xemu-metal-target-0x03bd4000.glsl
xemu-metal: failed to write target shader dump docs/apple-silicon/task-16-evidence-2026-05-21/cycle4-sampler-rt/glsl-dumps/xemu-metal-target-0x03bd4000.glsl
xemu-metal: failed to write target shader dump docs/apple-silicon/task-16-evidence-2026-05-21/cycle4-sampler-rt/glsl-dumps/xemu-metal-target-0x03bd4000.glsl
xemu-metal: failed to write target shader dump docs/apple-silicon/task-16-evidence-2026-05-21/cycle4-sampler-rt/glsl-dumps/xemu-metal-target-0x03bd4000.glsl
xemu-metal: failed to write target shader dump docs/apple-silicon/task-16-evidence-2026-05-21/cycle4-sampler-rt/glsl-dumps/xemu-metal-target-0x03bd4000.glsl
xemu-metal: failed to write target shader dump docs/apple-silicon/task-16-evidence-2026-05-21/cycle4-sampler-rt/glsl-dumps/xemu-metal-target-0x03bd4000.glsl
xemu-metal: failed to write target shader dump docs/apple-silicon/task-16-evidence-2026-05-21/cycle4-sampler-rt/glsl-dumps/xemu-metal-target-0x03bd4000.glsl
xemu-metal: failed to write target shader dump docs/apple-silicon/task-16-evidence-2026-05-21/cycle4-sampler-rt/glsl-dumps/xemu-metal-target-0x03bd4000.glsl
xemu-metal: failed to write target shader dump docs/apple-silicon/task-16-evidence-2026-05-21/cycle4-sampler-rt/glsl-dumps/xemu-metal-target-0x03bd4000.glsl
xemu-metal: failed to write target shader dump docs/apple-silicon/task-16-evidence-2026-05-21/cycle4-sampler-rt/glsl-dumps/xemu-metal-target-0x03bd4000.glsl
xemu-metal: failed to write target shader dump docs/apple-silicon/task-16-evidence-2026-05-21/cycle4-sampler-rt/glsl-dumps/xemu-metal-target-0x03bd4000.glsl
xemu-metal: failed to write target shader dump docs/apple-silicon/task-16-evidence-2026-05-21/cycle4-sampler-rt/glsl-dumps/xemu-metal-target-0x03d00000.glsl
xemu-metal: failed to write target shader dump docs/apple-silicon/task-16-evidence-2026-05-21/cycle4-sampler-rt/glsl-dumps/xemu-metal-target-0x03d00000.glsl
xemu-metal: failed to write target shader dump docs/apple-silicon/task-16-evidence-2026-05-21/cycle4-sampler-rt/glsl-dumps/xemu-metal-target-0x03d00000.glsl
xemu-metal: failed to write target shader dump docs/apple-silicon/task-16-evidence-2026-05-21/cycle4-sampler-rt/glsl-dumps/xemu-metal-target-0x03d00000.glsl
xemu-metal: failed to write target shader dump docs/apple-silicon/task-16-evidence-2026-05-21/cycle4-sampler-rt/glsl-dumps/xemu-metal-target-0x03d00000.glsl
xemu-metal: failed to write target shader dump docs/apple-silicon/task-16-evidence-2026-05-21/cycle4-sampler-rt/glsl-dumps/xemu-metal-target-0x03d00000.glsl
xemu-metal: failed to write target shader dump docs/apple-silicon/task-16-evidence-2026-05-21/cycle4-sampler-rt/glsl-dumps/xemu-metal-target-0x03d00000.glsl
xemu-metal: failed to write target shader dump docs/apple-silicon/task-16-evidence-2026-05-21/cycle4-sampler-rt/glsl-dumps/xemu-metal-target-0x03d00000.glsl
xemu-metal: failed to write target shader dump docs/apple-silicon/task-16-evidence-2026-05-21/cycle4-sampler-rt/glsl-dumps/xemu-metal-target-0x03d00000.glsl
xemu-metal: failed to write target shader dump docs/apple-silicon/task-16-evidence-2026-05-21/cycle4-sampler-rt/glsl-dumps/xemu-metal-target-0x03d00000.glsl
xemu-metal: failed to write target shader dump docs/apple-silicon/task-16-evidence-2026-05-21/cycle4-sampler-rt/glsl-dumps/xemu-metal-target-0x03d00000.glsl
xemu-metal: failed to write target shader dump docs/apple-silicon/task-16-evidence-2026-05-21/cycle4-sampler-rt/glsl-dumps/xemu-metal-target-0x03d00000.glsl
xemu-metal: failed to write target shader dump docs/apple-silicon/task-16-evidence-2026-05-21/cycle4-sampler-rt/glsl-dumps/xemu-metal-target-0x03d00000.glsl
xemu-metal: failed to write target shader dump docs/apple-silicon/task-16-evidence-2026-05-21/cycle4-sampler-rt/glsl-dumps/xemu-metal-target-0x03d00000.glsl
xemu-metal: failed to write target shader dump docs/apple-silicon/task-16-evidence-2026-05-21/cycle4-sampler-rt/glsl-dumps/xemu-metal-target-0x03aa8000.glsl
xemu-metal: failed to write target shader dump docs/apple-silicon/task-16-evidence-2026-05-21/cycle4-sampler-rt/glsl-dumps/xemu-metal-target-0x03aa8000.glsl
xemu-metal: failed to write target shader dump docs/apple-silicon/task-16-evidence-2026-05-21/cycle4-sampler-rt/glsl-dumps/xemu-metal-target-0x03aa8000.glsl
xemu-metal: failed to write target shader dump docs/apple-silicon/task-16-evidence-2026-05-21/cycle4-sampler-rt/glsl-dumps/xemu-metal-target-0x03aa8000.glsl
xemu-metal: failed to write target shader dump docs/apple-silicon/task-16-evidence-2026-05-21/cycle4-sampler-rt/glsl-dumps/xemu-metal-target-0x03aa8000.glsl
xemu-metal: failed to write target shader dump docs/apple-silicon/task-16-evidence-2026-05-21/cycle4-sampler-rt/glsl-dumps/xemu-metal-target-0x03aa8000.glsl
xemu-metal: failed to write target shader dump docs/apple-silicon/task-16-evidence-2026-05-21/cycle4-sampler-rt/glsl-dumps/xemu-metal-target-0x03aa8000.glsl
xemu-metal: failed to write target shader dump docs/apple-silicon/task-16-evidence-2026-05-21/cycle4-sampler-rt/glsl-dumps/xemu-metal-target-0x03aa8000.glsl
xemu-metal: failed to write target shader dump docs/apple-silicon/task-16-evidence-2026-05-21/cycle4-sampler-rt/glsl-dumps/xemu-metal-target-0x03aa8000.glsl
xemu-metal: failed to write target shader dump docs/apple-silicon/task-16-evidence-2026-05-21/cycle4-sampler-rt/glsl-dumps/xemu-metal-target-0x03aa8000.glsl
xemu-metal: failed to write target shader dump docs/apple-silicon/task-16-evidence-2026-05-21/cycle4-sampler-rt/glsl-dumps/xemu-metal-target-0x03aa8000.glsl
xemu-metal: failed to write target shader dump docs/apple-silicon/task-16-evidence-2026-05-21/cycle4-sampler-rt/glsl-dumps/xemu-metal-target-0x03aa8000.glsl
xemu-metal: failed to write target shader dump docs/apple-silicon/task-16-evidence-2026-05-21/cycle4-sampler-rt/glsl-dumps/xemu-metal-target-0x03aa8000.glsl
xemu-metal: failed to write target shader dump docs/apple-silicon/task-16-evidence-2026-05-21/cycle4-sampler-rt/glsl-dumps/xemu-metal-target-0x03aa8000.glsl
xemu-metal: failed to write target shader dump docs/apple-silicon/task-16-evidence-2026-05-21/cycle4-sampler-rt/glsl-dumps/xemu-metal-target-0x03bd4000.glsl
xemu-metal: failed to write target shader dump docs/apple-silicon/task-16-evidence-2026-05-21/cycle4-sampler-rt/glsl-dumps/xemu-metal-target-0x03bd4000.glsl
xemu-metal: failed to write target shader dump docs/apple-silicon/task-16-evidence-2026-05-21/cycle4-sampler-rt/glsl-dumps/xemu-metal-target-0x03bd4000.glsl
xemu-metal: failed to write target shader dump docs/apple-silicon/task-16-evidence-2026-05-21/cycle4-sampler-rt/glsl-dumps/xemu-metal-target-0x03bd4000.glsl
xemu-metal: failed to write target shader dump docs/apple-silicon/task-16-evidence-2026-05-21/cycle4-sampler-rt/glsl-dumps/xemu-metal-target-0x03bd4000.glsl
xemu-metal: failed to write target shader dump docs/apple-silicon/task-16-evidence-2026-05-21/cycle4-sampler-rt/glsl-dumps/xemu-metal-target-0x03bd4000.glsl
xemu-metal: failed to write target shader dump docs/apple-silicon/task-16-evidence-2026-05-21/cycle4-sampler-rt/glsl-dumps/xemu-metal-target-0x03bd4000.glsl
xemu-metal: failed to write target shader dump docs/apple-silicon/task-16-evidence-2026-05-21/cycle4-sampler-rt/glsl-dumps/xemu-metal-target-0x03bd4000.glsl
xemu-metal: failed to write target shader dump docs/apple-silicon/task-16-evidence-2026-05-21/cycle4-sampler-rt/glsl-dumps/xemu-metal-target-0x03bd4000.glsl
xemu-metal: failed to write target shader dump docs/apple-silicon/task-16-evidence-2026-05-21/cycle4-sampler-rt/glsl-dumps/xemu-metal-target-0x03bd4000.glsl
xemu-metal: failed to write target shader dump docs/apple-silicon/task-16-evidence-2026-05-21/cycle4-sampler-rt/glsl-dumps/xemu-metal-target-0x03bd4000.glsl
xemu-metal: failed to write target shader dump docs/apple-silicon/task-16-evidence-2026-05-21/cycle4-sampler-rt/glsl-dumps/xemu-metal-target-0x03bd4000.glsl
xemu-metal: failed to write target shader dump docs/apple-silicon/task-16-evidence-2026-05-21/cycle4-sampler-rt/glsl-dumps/xemu-metal-target-0x03bd4000.glsl
xemu-metal: failed to write target shader dump docs/apple-silicon/task-16-evidence-2026-05-21/cycle4-sampler-rt/glsl-dumps/xemu-metal-target-0x03bd4000.glsl
xemu-metal: failed to write target shader dump docs/apple-silicon/task-16-evidence-2026-05-21/cycle4-sampler-rt/glsl-dumps/xemu-metal-target-0x03d00000.glsl
xemu-metal: failed to write target shader dump docs/apple-silicon/task-16-evidence-2026-05-21/cycle4-sampler-rt/glsl-dumps/xemu-metal-target-0x03d00000.glsl
xemu-metal: failed to write target shader dump docs/apple-silicon/task-16-evidence-2026-05-21/cycle4-sampler-rt/glsl-dumps/xemu-metal-target-0x03d00000.glsl
xemu-metal: failed to write target shader dump docs/apple-silicon/task-16-evidence-2026-05-21/cycle4-sampler-rt/glsl-dumps/xemu-metal-target-0x03d00000.glsl
xemu-metal: failed to write target shader dump docs/apple-silicon/task-16-evidence-2026-05-21/cycle4-sampler-rt/glsl-dumps/xemu-metal-target-0x03d00000.glsl
xemu-metal: failed to write target shader dump docs/apple-silicon/task-16-evidence-2026-05-21/cycle4-sampler-rt/glsl-dumps/xemu-metal-target-0x03d00000.glsl
xemu-metal: failed to write target shader dump docs/apple-silicon/task-16-evidence-2026-05-21/cycle4-sampler-rt/glsl-dumps/xemu-metal-target-0x03d00000.glsl
xemu-metal: failed to write target shader dump docs/apple-silicon/task-16-evidence-2026-05-21/cycle4-sampler-rt/glsl-dumps/xemu-metal-target-0x03d00000.glsl
xemu-metal: failed to write target shader dump docs/apple-silicon/task-16-evidence-2026-05-21/cycle4-sampler-rt/glsl-dumps/xemu-metal-target-0x03d00000.glsl
xemu-metal: failed to write target shader dump docs/apple-silicon/task-16-evidence-2026-05-21/cycle4-sampler-rt/glsl-dumps/xemu-metal-target-0x03d00000.glsl
xemu-metal: failed to write target shader dump docs/apple-silicon/task-16-evidence-2026-05-21/cycle4-sampler-rt/glsl-dumps/xemu-metal-target-0x03d00000.glsl
xemu-metal: failed to write target shader dump docs/apple-silicon/task-16-evidence-2026-05-21/cycle4-sampler-rt/glsl-dumps/xemu-metal-target-0x03d00000.glsl
xemu-metal: failed to write target shader dump docs/apple-silicon/task-16-evidence-2026-05-21/cycle4-sampler-rt/glsl-dumps/xemu-metal-target-0x03d00000.glsl
xemu-metal: failed to write target shader dump docs/apple-silicon/task-16-evidence-2026-05-21/cycle4-sampler-rt/glsl-dumps/xemu-metal-target-0x03d00000.glsl
xemu-perf: metal_screenshot_written path=docs/apple-silicon/task-16-evidence-2026-05-21/cycle4-sampler-rt/harness-final/swizzle-mipmap/metal/screenshots/swizzle-mipmap.0067.png w=640 h=480
xemu-metal: failed to write target shader dump docs/apple-silicon/task-16-evidence-2026-05-21/cycle4-sampler-rt/glsl-dumps/xemu-metal-target-0x03aa8000.glsl
xemu-metal: failed to write target shader dump docs/apple-silicon/task-16-evidence-2026-05-21/cycle4-sampler-rt/glsl-dumps/xemu-metal-target-0x03aa8000.glsl
xemu-metal: failed to write target shader dump docs/apple-silicon/task-16-evidence-2026-05-21/cycle4-sampler-rt/glsl-dumps/xemu-metal-target-0x03aa8000.glsl
xemu-metal: failed to write target shader dump docs/apple-silicon/task-16-evidence-2026-05-21/cycle4-sampler-rt/glsl-dumps/xemu-metal-target-0x03aa8000.glsl
xemu-metal: failed to write target shader dump docs/apple-silicon/task-16-evidence-2026-05-21/cycle4-sampler-rt/glsl-dumps/xemu-metal-target-0x03aa8000.glsl
xemu-metal: failed to write target shader dump docs/apple-silicon/task-16-evidence-2026-05-21/cycle4-sampler-rt/glsl-dumps/xemu-metal-target-0x03aa8000.glsl
xemu-metal: failed to write target shader dump docs/apple-silicon/task-16-evidence-2026-05-21/cycle4-sampler-rt/glsl-dumps/xemu-metal-target-0x03aa8000.glsl
xemu-metal: failed to write target shader dump docs/apple-silicon/task-16-evidence-2026-05-21/cycle4-sampler-rt/glsl-dumps/xemu-metal-target-0x03aa8000.glsl
xemu-metal: failed to write target shader dump docs/apple-silicon/task-16-evidence-2026-05-21/cycle4-sampler-rt/glsl-dumps/xemu-metal-target-0x03aa8000.glsl
xemu-metal: failed to write target shader dump docs/apple-silicon/task-16-evidence-2026-05-21/cycle4-sampler-rt/glsl-dumps/xemu-metal-target-0x03aa8000.glsl
xemu-metal: failed to write target shader dump docs/apple-silicon/task-16-evidence-2026-05-21/cycle4-sampler-rt/glsl-dumps/xemu-metal-target-0x03aa8000.glsl
xemu-metal: failed to write target shader dump docs/apple-silicon/task-16-evidence-2026-05-21/cycle4-sampler-rt/glsl-dumps/xemu-metal-target-0x03aa8000.glsl
xemu-metal: failed to write target shader dump docs/apple-silicon/task-16-evidence-2026-05-21/cycle4-sampler-rt/glsl-dumps/xemu-metal-target-0x03aa8000.glsl
xemu-metal: failed to write target shader dump docs/apple-silicon/task-16-evidence-2026-05-21/cycle4-sampler-rt/glsl-dumps/xemu-metal-target-0x03aa8000.glsl
xemu-metal: failed to write target shader dump docs/apple-silicon/task-16-evidence-2026-05-21/cycle4-sampler-rt/glsl-dumps/xemu-metal-target-0x03bd4000.glsl
xemu-metal: failed to write target shader dump docs/apple-silicon/task-16-evidence-2026-05-21/cycle4-sampler-rt/glsl-dumps/xemu-metal-target-0x03bd4000.glsl
xemu-metal: failed to write target shader dump docs/apple-silicon/task-16-evidence-2026-05-21/cycle4-sampler-rt/glsl-dumps/xemu-metal-target-0x03bd4000.glsl
xemu-metal: failed to write target shader dump docs/apple-silicon/task-16-evidence-2026-05-21/cycle4-sampler-rt/glsl-dumps/xemu-metal-target-0x03bd4000.glsl
xemu-metal: failed to write target shader dump docs/apple-silicon/task-16-evidence-2026-05-21/cycle4-sampler-rt/glsl-dumps/xemu-metal-target-0x03bd4000.glsl
xemu-metal: failed to write target shader dump docs/apple-silicon/task-16-evidence-2026-05-21/cycle4-sampler-rt/glsl-dumps/xemu-metal-target-0x03bd4000.glsl
xemu-metal: failed to write target shader dump docs/apple-silicon/task-16-evidence-2026-05-21/cycle4-sampler-rt/glsl-dumps/xemu-metal-target-0x03bd4000.glsl
xemu-metal: failed to write target shader dump docs/apple-silicon/task-16-evidence-2026-05-21/cycle4-sampler-rt/glsl-dumps/xemu-metal-target-0x03bd4000.glsl
xemu-metal: failed to write target shader dump docs/apple-silicon/task-16-evidence-2026-05-21/cycle4-sampler-rt/glsl-dumps/xemu-metal-target-0x03bd4000.glsl
xemu-metal: failed to write target shader dump docs/apple-silicon/task-16-evidence-2026-05-21/cycle4-sampler-rt/glsl-dumps/xemu-metal-target-0x03bd4000.glsl
xemu-metal: failed to write target shader dump docs/apple-silicon/task-16-evidence-2026-05-21/cycle4-sampler-rt/glsl-dumps/xemu-metal-target-0x03bd4000.glsl
xemu-metal: failed to write target shader dump docs/apple-silicon/task-16-evidence-2026-05-21/cycle4-sampler-rt/glsl-dumps/xemu-metal-target-0x03bd4000.glsl
xemu-metal: failed to write target shader dump docs/apple-silicon/task-16-evidence-2026-05-21/cycle4-sampler-rt/glsl-dumps/xemu-metal-target-0x03bd4000.glsl
xemu-metal: failed to write target shader dump docs/apple-silicon/task-16-evidence-2026-05-21/cycle4-sampler-rt/glsl-dumps/xemu-metal-target-0x03bd4000.glsl
xemu-metal: failed to write target shader dump docs/apple-silicon/task-16-evidence-2026-05-21/cycle4-sampler-rt/glsl-dumps/xemu-metal-target-0x03d00000.glsl
xemu-metal: failed to write target shader dump docs/apple-silicon/task-16-evidence-2026-05-21/cycle4-sampler-rt/glsl-dumps/xemu-metal-target-0x03d00000.glsl
xemu-metal: failed to write target shader dump docs/apple-silicon/task-16-evidence-2026-05-21/cycle4-sampler-rt/glsl-dumps/xemu-metal-target-0x03d00000.glsl
xemu-metal: failed to write target shader dump docs/apple-silicon/task-16-evidence-2026-05-21/cycle4-sampler-rt/glsl-dumps/xemu-metal-target-0x03d00000.glsl
xemu-metal: failed to write target shader dump docs/apple-silicon/task-16-evidence-2026-05-21/cycle4-sampler-rt/glsl-dumps/xemu-metal-target-0x03d00000.glsl
xemu-metal: failed to write target shader dump docs/apple-silicon/task-16-evidence-2026-05-21/cycle4-sampler-rt/glsl-dumps/xemu-metal-target-0x03d00000.glsl
xemu-metal: failed to write target shader dump docs/apple-silicon/task-16-evidence-2026-05-21/cycle4-sampler-rt/glsl-dumps/xemu-metal-target-0x03d00000.glsl
xemu-metal: failed to write target shader dump docs/apple-silicon/task-16-evidence-2026-05-21/cycle4-sampler-rt/glsl-dumps/xemu-metal-target-0x03d00000.glsl
xemu-metal: failed to write target shader dump docs/apple-silicon/task-16-evidence-2026-05-21/cycle4-sampler-rt/glsl-dumps/xemu-metal-target-0x03d00000.glsl
xemu-metal: failed to write target shader dump docs/apple-silicon/task-16-evidence-2026-05-21/cycle4-sampler-rt/glsl-dumps/xemu-metal-target-0x03d00000.glsl
xemu-metal: failed to write target shader dump docs/apple-silicon/task-16-evidence-2026-05-21/cycle4-sampler-rt/glsl-dumps/xemu-metal-target-0x03d00000.glsl
xemu-metal: failed to write target shader dump docs/apple-silicon/task-16-evidence-2026-05-21/cycle4-sampler-rt/glsl-dumps/xemu-metal-target-0x03d00000.glsl
xemu-metal: failed to write target shader dump docs/apple-silicon/task-16-evidence-2026-05-21/cycle4-sampler-rt/glsl-dumps/xemu-metal-target-0x03d00000.glsl
xemu-metal: failed to write target shader dump docs/apple-silicon/task-16-evidence-2026-05-21/cycle4-sampler-rt/glsl-dumps/xemu-metal-target-0x03d00000.glsl
xemu-metal: failed to write target shader dump docs/apple-silicon/task-16-evidence-2026-05-21/cycle4-sampler-rt/glsl-dumps/xemu-metal-target-0x03aa8000.glsl
xemu-metal: failed to write target shader dump docs/apple-silicon/task-16-evidence-2026-05-21/cycle4-sampler-rt/glsl-dumps/xemu-metal-target-0x03aa8000.glsl
xemu-metal: failed to write target shader dump docs/apple-silicon/task-16-evidence-2026-05-21/cycle4-sampler-rt/glsl-dumps/xemu-metal-target-0x03aa8000.glsl
xemu-metal: failed to write target shader dump docs/apple-silicon/task-16-evidence-2026-05-21/cycle4-sampler-rt/glsl-dumps/xemu-metal-target-0x03aa8000.glsl
xemu-metal: failed to write target shader dump docs/apple-silicon/task-16-evidence-2026-05-21/cycle4-sampler-rt/glsl-dumps/xemu-metal-target-0x03aa8000.glsl
xemu-metal: failed to write target shader dump docs/apple-silicon/task-16-evidence-2026-05-21/cycle4-sampler-rt/glsl-dumps/xemu-metal-target-0x03aa8000.glsl
xemu-metal: failed to write target shader dump docs/apple-silicon/task-16-evidence-2026-05-21/cycle4-sampler-rt/glsl-dumps/xemu-metal-target-0x03aa8000.glsl
xemu-metal: failed to write target shader dump docs/apple-silicon/task-16-evidence-2026-05-21/cycle4-sampler-rt/glsl-dumps/xemu-metal-target-0x03aa8000.glsl
xemu-metal: failed to write target shader dump docs/apple-silicon/task-16-evidence-2026-05-21/cycle4-sampler-rt/glsl-dumps/xemu-metal-target-0x03aa8000.glsl
xemu-metal: failed to write target shader dump docs/apple-silicon/task-16-evidence-2026-05-21/cycle4-sampler-rt/glsl-dumps/xemu-metal-target-0x03aa8000.glsl
xemu-metal: failed to write target shader dump docs/apple-silicon/task-16-evidence-2026-05-21/cycle4-sampler-rt/glsl-dumps/xemu-metal-target-0x03aa8000.glsl
xemu-metal: failed to write target shader dump docs/apple-silicon/task-16-evidence-2026-05-21/cycle4-sampler-rt/glsl-dumps/xemu-metal-target-0x03aa8000.glsl
xemu-metal: failed to write target shader dump docs/apple-silicon/task-16-evidence-2026-05-21/cycle4-sampler-rt/glsl-dumps/xemu-metal-target-0x03aa8000.glsl
xemu-metal: failed to write target shader dump docs/apple-silicon/task-16-evidence-2026-05-21/cycle4-sampler-rt/glsl-dumps/xemu-metal-target-0x03aa8000.glsl
xemu-metal: failed to write target shader dump docs/apple-silicon/task-16-evidence-2026-05-21/cycle4-sampler-rt/glsl-dumps/xemu-metal-target-0x03bd4000.glsl
xemu-metal: failed to write target shader dump docs/apple-silicon/task-16-evidence-2026-05-21/cycle4-sampler-rt/glsl-dumps/xemu-metal-target-0x03bd4000.glsl
xemu-metal: failed to write target shader dump docs/apple-silicon/task-16-evidence-2026-05-21/cycle4-sampler-rt/glsl-dumps/xemu-metal-target-0x03bd4000.glsl
xemu-metal: failed to write target shader dump docs/apple-silicon/task-16-evidence-2026-05-21/cycle4-sampler-rt/glsl-dumps/xemu-metal-target-0x03bd4000.glsl
xemu-metal: failed to write target shader dump docs/apple-silicon/task-16-evidence-2026-05-21/cycle4-sampler-rt/glsl-dumps/xemu-metal-target-0x03bd4000.glsl
xemu-metal: failed to write target shader dump docs/apple-silicon/task-16-evidence-2026-05-21/cycle4-sampler-rt/glsl-dumps/xemu-metal-target-0x03bd4000.glsl
xemu-metal: failed to write target shader dump docs/apple-silicon/task-16-evidence-2026-05-21/cycle4-sampler-rt/glsl-dumps/xemu-metal-target-0x03bd4000.glsl
xemu-metal: failed to write target shader dump docs/apple-silicon/task-16-evidence-2026-05-21/cycle4-sampler-rt/glsl-dumps/xemu-metal-target-0x03bd4000.glsl
xemu-metal: failed to write target shader dump docs/apple-silicon/task-16-evidence-2026-05-21/cycle4-sampler-rt/glsl-dumps/xemu-metal-target-0x03bd4000.glsl
xemu-metal: failed to write target shader dump docs/apple-silicon/task-16-evidence-2026-05-21/cycle4-sampler-rt/glsl-dumps/xemu-metal-target-0x03bd4000.glsl
xemu-metal: failed to write target shader dump docs/apple-silicon/task-16-evidence-2026-05-21/cycle4-sampler-rt/glsl-dumps/xemu-metal-target-0x03bd4000.glsl
xemu-metal: failed to write target shader dump docs/apple-silicon/task-16-evidence-2026-05-21/cycle4-sampler-rt/glsl-dumps/xemu-metal-target-0x03bd4000.glsl
xemu-metal: failed to write target shader dump docs/apple-silicon/task-16-evidence-2026-05-21/cycle4-sampler-rt/glsl-dumps/xemu-metal-target-0x03bd4000.glsl
xemu-metal: failed to write target shader dump docs/apple-silicon/task-16-evidence-2026-05-21/cycle4-sampler-rt/glsl-dumps/xemu-metal-target-0x03bd4000.glsl
xemu-metal: failed to write target shader dump docs/apple-silicon/task-16-evidence-2026-05-21/cycle4-sampler-rt/glsl-dumps/xemu-metal-target-0x03d00000.glsl
xemu-metal: failed to write target shader dump docs/apple-silicon/task-16-evidence-2026-05-21/cycle4-sampler-rt/glsl-dumps/xemu-metal-target-0x03d00000.glsl
xemu-metal: failed to write target shader dump docs/apple-silicon/task-16-evidence-2026-05-21/cycle4-sampler-rt/glsl-dumps/xemu-metal-target-0x03d00000.glsl
xemu-metal: failed to write target shader dump docs/apple-silicon/task-16-evidence-2026-05-21/cycle4-sampler-rt/glsl-dumps/xemu-metal-target-0x03d00000.glsl
xemu-metal: failed to write target shader dump docs/apple-silicon/task-16-evidence-2026-05-21/cycle4-sampler-rt/glsl-dumps/xemu-metal-target-0x03d00000.glsl
xemu-metal: failed to write target shader dump docs/apple-silicon/task-16-evidence-2026-05-21/cycle4-sampler-rt/glsl-dumps/xemu-metal-target-0x03d00000.glsl
xemu-metal: failed to write target shader dump docs/apple-silicon/task-16-evidence-2026-05-21/cycle4-sampler-rt/glsl-dumps/xemu-metal-target-0x03d00000.glsl
xemu-metal: failed to write target shader dump docs/apple-silicon/task-16-evidence-2026-05-21/cycle4-sampler-rt/glsl-dumps/xemu-metal-target-0x03d00000.glsl
xemu-metal: failed to write target shader dump docs/apple-silicon/task-16-evidence-2026-05-21/cycle4-sampler-rt/glsl-dumps/xemu-metal-target-0x03d00000.glsl
xemu-metal: failed to write target shader dump docs/apple-silicon/task-16-evidence-2026-05-21/cycle4-sampler-rt/glsl-dumps/xemu-metal-target-0x03d00000.glsl
xemu-metal: failed to write target shader dump docs/apple-silicon/task-16-evidence-2026-05-21/cycle4-sampler-rt/glsl-dumps/xemu-metal-target-0x03d00000.glsl
xemu-metal: failed to write target shader dump docs/apple-silicon/task-16-evidence-2026-05-21/cycle4-sampler-rt/glsl-dumps/xemu-metal-target-0x03d00000.glsl
xemu-metal: failed to write target shader dump docs/apple-silicon/task-16-evidence-2026-05-21/cycle4-sampler-rt/glsl-dumps/xemu-metal-target-0x03d00000.glsl
xemu-metal: failed to write target shader dump docs/apple-silicon/task-16-evidence-2026-05-21/cycle4-sampler-rt/glsl-dumps/xemu-metal-target-0x03d00000.glsl
xemu-metal: failed to write target shader dump docs/apple-silicon/task-16-evidence-2026-05-21/cycle4-sampler-rt/glsl-dumps/xemu-metal-target-0x03aa8000.glsl
xemu-metal: failed to write target shader dump docs/apple-silicon/task-16-evidence-2026-05-21/cycle4-sampler-rt/glsl-dumps/xemu-metal-target-0x03aa8000.glsl
xemu-metal: failed to write target shader dump docs/apple-silicon/task-16-evidence-2026-05-21/cycle4-sampler-rt/glsl-dumps/xemu-metal-target-0x03aa8000.glsl
xemu-metal: failed to write target shader dump docs/apple-silicon/task-16-evidence-2026-05-21/cycle4-sampler-rt/glsl-dumps/xemu-metal-target-0x03aa8000.glsl
xemu-metal: failed to write target shader dump docs/apple-silicon/task-16-evidence-2026-05-21/cycle4-sampler-rt/glsl-dumps/xemu-metal-target-0x03aa8000.glsl
xemu-metal: failed to write target shader dump docs/apple-silicon/task-16-evidence-2026-05-21/cycle4-sampler-rt/glsl-dumps/xemu-metal-target-0x03aa8000.glsl
xemu-metal: failed to write target shader dump docs/apple-silicon/task-16-evidence-2026-05-21/cycle4-sampler-rt/glsl-dumps/xemu-metal-target-0x03aa8000.glsl
xemu-metal: failed to write target shader dump docs/apple-silicon/task-16-evidence-2026-05-21/cycle4-sampler-rt/glsl-dumps/xemu-metal-target-0x03aa8000.glsl
xemu-metal: failed to write target shader dump docs/apple-silicon/task-16-evidence-2026-05-21/cycle4-sampler-rt/glsl-dumps/xemu-metal-target-0x03aa8000.glsl
xemu-metal: failed to write target shader dump docs/apple-silicon/task-16-evidence-2026-05-21/cycle4-sampler-rt/glsl-dumps/xemu-metal-target-0x03aa8000.glsl
xemu-metal: failed to write target shader dump docs/apple-silicon/task-16-evidence-2026-05-21/cycle4-sampler-rt/glsl-dumps/xemu-metal-target-0x03aa8000.glsl
xemu-metal: failed to write target shader dump docs/apple-silicon/task-16-evidence-2026-05-21/cycle4-sampler-rt/glsl-dumps/xemu-metal-target-0x03aa8000.glsl
xemu-metal: failed to write target shader dump docs/apple-silicon/task-16-evidence-2026-05-21/cycle4-sampler-rt/glsl-dumps/xemu-metal-target-0x03aa8000.glsl
xemu-metal: failed to write target shader dump docs/apple-silicon/task-16-evidence-2026-05-21/cycle4-sampler-rt/glsl-dumps/xemu-metal-target-0x03aa8000.glsl
xemu-metal: failed to write target shader dump docs/apple-silicon/task-16-evidence-2026-05-21/cycle4-sampler-rt/glsl-dumps/xemu-metal-target-0x03bd4000.glsl
xemu-metal: failed to write target shader dump docs/apple-silicon/task-16-evidence-2026-05-21/cycle4-sampler-rt/glsl-dumps/xemu-metal-target-0x03bd4000.glsl
xemu-metal: failed to write target shader dump docs/apple-silicon/task-16-evidence-2026-05-21/cycle4-sampler-rt/glsl-dumps/xemu-metal-target-0x03bd4000.glsl
xemu-metal: failed to write target shader dump docs/apple-silicon/task-16-evidence-2026-05-21/cycle4-sampler-rt/glsl-dumps/xemu-metal-target-0x03bd4000.glsl
xemu-metal: failed to write target shader dump docs/apple-silicon/task-16-evidence-2026-05-21/cycle4-sampler-rt/glsl-dumps/xemu-metal-target-0x03bd4000.glsl
xemu-metal: failed to write target shader dump docs/apple-silicon/task-16-evidence-2026-05-21/cycle4-sampler-rt/glsl-dumps/xemu-metal-target-0x03bd4000.glsl
xemu-metal: failed to write target shader dump docs/apple-silicon/task-16-evidence-2026-05-21/cycle4-sampler-rt/glsl-dumps/xemu-metal-target-0x03bd4000.glsl
xemu-metal: failed to write target shader dump docs/apple-silicon/task-16-evidence-2026-05-21/cycle4-sampler-rt/glsl-dumps/xemu-metal-target-0x03bd4000.glsl
xemu-metal: failed to write target shader dump docs/apple-silicon/task-16-evidence-2026-05-21/cycle4-sampler-rt/glsl-dumps/xemu-metal-target-0x03bd4000.glsl
xemu-metal: failed to write target shader dump docs/apple-silicon/task-16-evidence-2026-05-21/cycle4-sampler-rt/glsl-dumps/xemu-metal-target-0x03bd4000.glsl
xemu-metal: failed to write target shader dump docs/apple-silicon/task-16-evidence-2026-05-21/cycle4-sampler-rt/glsl-dumps/xemu-metal-target-0x03bd4000.glsl
xemu-metal: failed to write target shader dump docs/apple-silicon/task-16-evidence-2026-05-21/cycle4-sampler-rt/glsl-dumps/xemu-metal-target-0x03bd4000.glsl
xemu-metal: failed to write target shader dump docs/apple-silicon/task-16-evidence-2026-05-21/cycle4-sampler-rt/glsl-dumps/xemu-metal-target-0x03bd4000.glsl
xemu-metal: failed to write target shader dump docs/apple-silicon/task-16-evidence-2026-05-21/cycle4-sampler-rt/glsl-dumps/xemu-metal-target-0x03bd4000.glsl
xemu-perf: metal_screenshot_written path=docs/apple-silicon/task-16-evidence-2026-05-21/cycle4-sampler-rt/harness-final/swizzle-mipmap/metal/screenshots/swizzle-mipmap.0068.png w=640 h=480
xemu-metal: failed to write target shader dump docs/apple-silicon/task-16-evidence-2026-05-21/cycle4-sampler-rt/glsl-dumps/xemu-metal-target-0x03d00000.glsl
xemu-metal: failed to write target shader dump docs/apple-silicon/task-16-evidence-2026-05-21/cycle4-sampler-rt/glsl-dumps/xemu-metal-target-0x03d00000.glsl
xemu-metal: failed to write target shader dump docs/apple-silicon/task-16-evidence-2026-05-21/cycle4-sampler-rt/glsl-dumps/xemu-metal-target-0x03d00000.glsl
xemu-metal: failed to write target shader dump docs/apple-silicon/task-16-evidence-2026-05-21/cycle4-sampler-rt/glsl-dumps/xemu-metal-target-0x03d00000.glsl
xemu-metal: failed to write target shader dump docs/apple-silicon/task-16-evidence-2026-05-21/cycle4-sampler-rt/glsl-dumps/xemu-metal-target-0x03d00000.glsl
xemu-metal: failed to write target shader dump docs/apple-silicon/task-16-evidence-2026-05-21/cycle4-sampler-rt/glsl-dumps/xemu-metal-target-0x03d00000.glsl
xemu-metal: failed to write target shader dump docs/apple-silicon/task-16-evidence-2026-05-21/cycle4-sampler-rt/glsl-dumps/xemu-metal-target-0x03d00000.glsl
xemu-metal: failed to write target shader dump docs/apple-silicon/task-16-evidence-2026-05-21/cycle4-sampler-rt/glsl-dumps/xemu-metal-target-0x03d00000.glsl
xemu-metal: failed to write target shader dump docs/apple-silicon/task-16-evidence-2026-05-21/cycle4-sampler-rt/glsl-dumps/xemu-metal-target-0x03d00000.glsl
xemu-metal: failed to write target shader dump docs/apple-silicon/task-16-evidence-2026-05-21/cycle4-sampler-rt/glsl-dumps/xemu-metal-target-0x03d00000.glsl
xemu-metal: failed to write target shader dump docs/apple-silicon/task-16-evidence-2026-05-21/cycle4-sampler-rt/glsl-dumps/xemu-metal-target-0x03d00000.glsl
xemu-metal: failed to write target shader dump docs/apple-silicon/task-16-evidence-2026-05-21/cycle4-sampler-rt/glsl-dumps/xemu-metal-target-0x03d00000.glsl
xemu-metal: failed to write target shader dump docs/apple-silicon/task-16-evidence-2026-05-21/cycle4-sampler-rt/glsl-dumps/xemu-metal-target-0x03d00000.glsl
xemu-metal: failed to write target shader dump docs/apple-silicon/task-16-evidence-2026-05-21/cycle4-sampler-rt/glsl-dumps/xemu-metal-target-0x03d00000.glsl
xemu-metal: failed to write target shader dump docs/apple-silicon/task-16-evidence-2026-05-21/cycle4-sampler-rt/glsl-dumps/xemu-metal-target-0x03aa8000.glsl
xemu-metal: failed to write target shader dump docs/apple-silicon/task-16-evidence-2026-05-21/cycle4-sampler-rt/glsl-dumps/xemu-metal-target-0x03aa8000.glsl
xemu-metal: failed to write target shader dump docs/apple-silicon/task-16-evidence-2026-05-21/cycle4-sampler-rt/glsl-dumps/xemu-metal-target-0x03aa8000.glsl
xemu-metal: failed to write target shader dump docs/apple-silicon/task-16-evidence-2026-05-21/cycle4-sampler-rt/glsl-dumps/xemu-metal-target-0x03aa8000.glsl
xemu-metal: failed to write target shader dump docs/apple-silicon/task-16-evidence-2026-05-21/cycle4-sampler-rt/glsl-dumps/xemu-metal-target-0x03aa8000.glsl
xemu-metal: failed to write target shader dump docs/apple-silicon/task-16-evidence-2026-05-21/cycle4-sampler-rt/glsl-dumps/xemu-metal-target-0x03aa8000.glsl
xemu-metal: failed to write target shader dump docs/apple-silicon/task-16-evidence-2026-05-21/cycle4-sampler-rt/glsl-dumps/xemu-metal-target-0x03aa8000.glsl
xemu-metal: failed to write target shader dump docs/apple-silicon/task-16-evidence-2026-05-21/cycle4-sampler-rt/glsl-dumps/xemu-metal-target-0x03aa8000.glsl
xemu-metal: failed to write target shader dump docs/apple-silicon/task-16-evidence-2026-05-21/cycle4-sampler-rt/glsl-dumps/xemu-metal-target-0x03aa8000.glsl
xemu-metal: failed to write target shader dump docs/apple-silicon/task-16-evidence-2026-05-21/cycle4-sampler-rt/glsl-dumps/xemu-metal-target-0x03aa8000.glsl
xemu-metal: failed to write target shader dump docs/apple-silicon/task-16-evidence-2026-05-21/cycle4-sampler-rt/glsl-dumps/xemu-metal-target-0x03aa8000.glsl
xemu-metal: failed to write target shader dump docs/apple-silicon/task-16-evidence-2026-05-21/cycle4-sampler-rt/glsl-dumps/xemu-metal-target-0x03aa8000.glsl
xemu-metal: failed to write target shader dump docs/apple-silicon/task-16-evidence-2026-05-21/cycle4-sampler-rt/glsl-dumps/xemu-metal-target-0x03aa8000.glsl
xemu-metal: failed to write target shader dump docs/apple-silicon/task-16-evidence-2026-05-21/cycle4-sampler-rt/glsl-dumps/xemu-metal-target-0x03aa8000.glsl
xemu-metal: failed to write target shader dump docs/apple-silicon/task-16-evidence-2026-05-21/cycle4-sampler-rt/glsl-dumps/xemu-metal-target-0x03bd4000.glsl
xemu-metal: failed to write target shader dump docs/apple-silicon/task-16-evidence-2026-05-21/cycle4-sampler-rt/glsl-dumps/xemu-metal-target-0x03bd4000.glsl
xemu-metal: failed to write target shader dump docs/apple-silicon/task-16-evidence-2026-05-21/cycle4-sampler-rt/glsl-dumps/xemu-metal-target-0x03bd4000.glsl
xemu-metal: failed to write target shader dump docs/apple-silicon/task-16-evidence-2026-05-21/cycle4-sampler-rt/glsl-dumps/xemu-metal-target-0x03bd4000.glsl
xemu-metal: failed to write target shader dump docs/apple-silicon/task-16-evidence-2026-05-21/cycle4-sampler-rt/glsl-dumps/xemu-metal-target-0x03bd4000.glsl
xemu-metal: failed to write target shader dump docs/apple-silicon/task-16-evidence-2026-05-21/cycle4-sampler-rt/glsl-dumps/xemu-metal-target-0x03bd4000.glsl
xemu-metal: failed to write target shader dump docs/apple-silicon/task-16-evidence-2026-05-21/cycle4-sampler-rt/glsl-dumps/xemu-metal-target-0x03bd4000.glsl
xemu-metal: failed to write target shader dump docs/apple-silicon/task-16-evidence-2026-05-21/cycle4-sampler-rt/glsl-dumps/xemu-metal-target-0x03bd4000.glsl
xemu-metal: failed to write target shader dump docs/apple-silicon/task-16-evidence-2026-05-21/cycle4-sampler-rt/glsl-dumps/xemu-metal-target-0x03bd4000.glsl
xemu-metal: failed to write target shader dump docs/apple-silicon/task-16-evidence-2026-05-21/cycle4-sampler-rt/glsl-dumps/xemu-metal-target-0x03bd4000.glsl
xemu-metal: failed to write target shader dump docs/apple-silicon/task-16-evidence-2026-05-21/cycle4-sampler-rt/glsl-dumps/xemu-metal-target-0x03bd4000.glsl
xemu-metal: failed to write target shader dump docs/apple-silicon/task-16-evidence-2026-05-21/cycle4-sampler-rt/glsl-dumps/xemu-metal-target-0x03bd4000.glsl
xemu-metal: failed to write target shader dump docs/apple-silicon/task-16-evidence-2026-05-21/cycle4-sampler-rt/glsl-dumps/xemu-metal-target-0x03bd4000.glsl
xemu-metal: failed to write target shader dump docs/apple-silicon/task-16-evidence-2026-05-21/cycle4-sampler-rt/glsl-dumps/xemu-metal-target-0x03bd4000.glsl
xemu-metal: failed to write target shader dump docs/apple-silicon/task-16-evidence-2026-05-21/cycle4-sampler-rt/glsl-dumps/xemu-metal-target-0x03d00000.glsl
xemu-metal: failed to write target shader dump docs/apple-silicon/task-16-evidence-2026-05-21/cycle4-sampler-rt/glsl-dumps/xemu-metal-target-0x03d00000.glsl
xemu-metal: failed to write target shader dump docs/apple-silicon/task-16-evidence-2026-05-21/cycle4-sampler-rt/glsl-dumps/xemu-metal-target-0x03d00000.glsl
xemu-metal: failed to write target shader dump docs/apple-silicon/task-16-evidence-2026-05-21/cycle4-sampler-rt/glsl-dumps/xemu-metal-target-0x03d00000.glsl
xemu-metal: failed to write target shader dump docs/apple-silicon/task-16-evidence-2026-05-21/cycle4-sampler-rt/glsl-dumps/xemu-metal-target-0x03d00000.glsl
xemu-metal: failed to write target shader dump docs/apple-silicon/task-16-evidence-2026-05-21/cycle4-sampler-rt/glsl-dumps/xemu-metal-target-0x03d00000.glsl
xemu-metal: failed to write target shader dump docs/apple-silicon/task-16-evidence-2026-05-21/cycle4-sampler-rt/glsl-dumps/xemu-metal-target-0x03d00000.glsl
xemu-metal: failed to write target shader dump docs/apple-silicon/task-16-evidence-2026-05-21/cycle4-sampler-rt/glsl-dumps/xemu-metal-target-0x03d00000.glsl
xemu-metal: failed to write target shader dump docs/apple-silicon/task-16-evidence-2026-05-21/cycle4-sampler-rt/glsl-dumps/xemu-metal-target-0x03d00000.glsl
xemu-metal: failed to write target shader dump docs/apple-silicon/task-16-evidence-2026-05-21/cycle4-sampler-rt/glsl-dumps/xemu-metal-target-0x03d00000.glsl
xemu-metal: failed to write target shader dump docs/apple-silicon/task-16-evidence-2026-05-21/cycle4-sampler-rt/glsl-dumps/xemu-metal-target-0x03d00000.glsl
xemu-metal: failed to write target shader dump docs/apple-silicon/task-16-evidence-2026-05-21/cycle4-sampler-rt/glsl-dumps/xemu-metal-target-0x03d00000.glsl
xemu-metal: failed to write target shader dump docs/apple-silicon/task-16-evidence-2026-05-21/cycle4-sampler-rt/glsl-dumps/xemu-metal-target-0x03d00000.glsl
xemu-metal: failed to write target shader dump docs/apple-silicon/task-16-evidence-2026-05-21/cycle4-sampler-rt/glsl-dumps/xemu-metal-target-0x03d00000.glsl
xemu-metal: failed to write target shader dump docs/apple-silicon/task-16-evidence-2026-05-21/cycle4-sampler-rt/glsl-dumps/xemu-metal-target-0x03aa8000.glsl
xemu-metal: failed to write target shader dump docs/apple-silicon/task-16-evidence-2026-05-21/cycle4-sampler-rt/glsl-dumps/xemu-metal-target-0x03aa8000.glsl
xemu-metal: failed to write target shader dump docs/apple-silicon/task-16-evidence-2026-05-21/cycle4-sampler-rt/glsl-dumps/xemu-metal-target-0x03aa8000.glsl
xemu-metal: failed to write target shader dump docs/apple-silicon/task-16-evidence-2026-05-21/cycle4-sampler-rt/glsl-dumps/xemu-metal-target-0x03aa8000.glsl
xemu-metal: failed to write target shader dump docs/apple-silicon/task-16-evidence-2026-05-21/cycle4-sampler-rt/glsl-dumps/xemu-metal-target-0x03aa8000.glsl
xemu-metal: failed to write target shader dump docs/apple-silicon/task-16-evidence-2026-05-21/cycle4-sampler-rt/glsl-dumps/xemu-metal-target-0x03aa8000.glsl
xemu-metal: failed to write target shader dump docs/apple-silicon/task-16-evidence-2026-05-21/cycle4-sampler-rt/glsl-dumps/xemu-metal-target-0x03aa8000.glsl
xemu-metal: failed to write target shader dump docs/apple-silicon/task-16-evidence-2026-05-21/cycle4-sampler-rt/glsl-dumps/xemu-metal-target-0x03aa8000.glsl
xemu-metal: failed to write target shader dump docs/apple-silicon/task-16-evidence-2026-05-21/cycle4-sampler-rt/glsl-dumps/xemu-metal-target-0x03aa8000.glsl
xemu-metal: failed to write target shader dump docs/apple-silicon/task-16-evidence-2026-05-21/cycle4-sampler-rt/glsl-dumps/xemu-metal-target-0x03aa8000.glsl
xemu-metal: failed to write target shader dump docs/apple-silicon/task-16-evidence-2026-05-21/cycle4-sampler-rt/glsl-dumps/xemu-metal-target-0x03aa8000.glsl
xemu-metal: failed to write target shader dump docs/apple-silicon/task-16-evidence-2026-05-21/cycle4-sampler-rt/glsl-dumps/xemu-metal-target-0x03aa8000.glsl
xemu-metal: failed to write target shader dump docs/apple-silicon/task-16-evidence-2026-05-21/cycle4-sampler-rt/glsl-dumps/xemu-metal-target-0x03aa8000.glsl
xemu-metal: failed to write target shader dump docs/apple-silicon/task-16-evidence-2026-05-21/cycle4-sampler-rt/glsl-dumps/xemu-metal-target-0x03aa8000.glsl
xemu-metal: failed to write target shader dump docs/apple-silicon/task-16-evidence-2026-05-21/cycle4-sampler-rt/glsl-dumps/xemu-metal-target-0x03bd4000.glsl
xemu-metal: failed to write target shader dump docs/apple-silicon/task-16-evidence-2026-05-21/cycle4-sampler-rt/glsl-dumps/xemu-metal-target-0x03bd4000.glsl
xemu-metal: failed to write target shader dump docs/apple-silicon/task-16-evidence-2026-05-21/cycle4-sampler-rt/glsl-dumps/xemu-metal-target-0x03bd4000.glsl
xemu-metal: failed to write target shader dump docs/apple-silicon/task-16-evidence-2026-05-21/cycle4-sampler-rt/glsl-dumps/xemu-metal-target-0x03bd4000.glsl
xemu-metal: failed to write target shader dump docs/apple-silicon/task-16-evidence-2026-05-21/cycle4-sampler-rt/glsl-dumps/xemu-metal-target-0x03bd4000.glsl
xemu-metal: failed to write target shader dump docs/apple-silicon/task-16-evidence-2026-05-21/cycle4-sampler-rt/glsl-dumps/xemu-metal-target-0x03bd4000.glsl
xemu-metal: failed to write target shader dump docs/apple-silicon/task-16-evidence-2026-05-21/cycle4-sampler-rt/glsl-dumps/xemu-metal-target-0x03bd4000.glsl
xemu-metal: failed to write target shader dump docs/apple-silicon/task-16-evidence-2026-05-21/cycle4-sampler-rt/glsl-dumps/xemu-metal-target-0x03bd4000.glsl
xemu-metal: failed to write target shader dump docs/apple-silicon/task-16-evidence-2026-05-21/cycle4-sampler-rt/glsl-dumps/xemu-metal-target-0x03bd4000.glsl
xemu-metal: failed to write target shader dump docs/apple-silicon/task-16-evidence-2026-05-21/cycle4-sampler-rt/glsl-dumps/xemu-metal-target-0x03bd4000.glsl
xemu-metal: failed to write target shader dump docs/apple-silicon/task-16-evidence-2026-05-21/cycle4-sampler-rt/glsl-dumps/xemu-metal-target-0x03bd4000.glsl
xemu-metal: failed to write target shader dump docs/apple-silicon/task-16-evidence-2026-05-21/cycle4-sampler-rt/glsl-dumps/xemu-metal-target-0x03bd4000.glsl
xemu-metal: failed to write target shader dump docs/apple-silicon/task-16-evidence-2026-05-21/cycle4-sampler-rt/glsl-dumps/xemu-metal-target-0x03bd4000.glsl
xemu-metal: failed to write target shader dump docs/apple-silicon/task-16-evidence-2026-05-21/cycle4-sampler-rt/glsl-dumps/xemu-metal-target-0x03bd4000.glsl
xemu-metal: failed to write target shader dump docs/apple-silicon/task-16-evidence-2026-05-21/cycle4-sampler-rt/glsl-dumps/xemu-metal-target-0x03d00000.glsl
xemu-metal: failed to write target shader dump docs/apple-silicon/task-16-evidence-2026-05-21/cycle4-sampler-rt/glsl-dumps/xemu-metal-target-0x03d00000.glsl
xemu-metal: failed to write target shader dump docs/apple-silicon/task-16-evidence-2026-05-21/cycle4-sampler-rt/glsl-dumps/xemu-metal-target-0x03d00000.glsl
xemu-metal: failed to write target shader dump docs/apple-silicon/task-16-evidence-2026-05-21/cycle4-sampler-rt/glsl-dumps/xemu-metal-target-0x03d00000.glsl
xemu-metal: failed to write target shader dump docs/apple-silicon/task-16-evidence-2026-05-21/cycle4-sampler-rt/glsl-dumps/xemu-metal-target-0x03d00000.glsl
xemu-metal: failed to write target shader dump docs/apple-silicon/task-16-evidence-2026-05-21/cycle4-sampler-rt/glsl-dumps/xemu-metal-target-0x03d00000.glsl
xemu-metal: failed to write target shader dump docs/apple-silicon/task-16-evidence-2026-05-21/cycle4-sampler-rt/glsl-dumps/xemu-metal-target-0x03d00000.glsl
xemu-metal: failed to write target shader dump docs/apple-silicon/task-16-evidence-2026-05-21/cycle4-sampler-rt/glsl-dumps/xemu-metal-target-0x03d00000.glsl
xemu-metal: failed to write target shader dump docs/apple-silicon/task-16-evidence-2026-05-21/cycle4-sampler-rt/glsl-dumps/xemu-metal-target-0x03d00000.glsl
xemu-metal: failed to write target shader dump docs/apple-silicon/task-16-evidence-2026-05-21/cycle4-sampler-rt/glsl-dumps/xemu-metal-target-0x03d00000.glsl
xemu-metal: failed to write target shader dump docs/apple-silicon/task-16-evidence-2026-05-21/cycle4-sampler-rt/glsl-dumps/xemu-metal-target-0x03d00000.glsl
xemu-metal: failed to write target shader dump docs/apple-silicon/task-16-evidence-2026-05-21/cycle4-sampler-rt/glsl-dumps/xemu-metal-target-0x03d00000.glsl
xemu-metal: failed to write target shader dump docs/apple-silicon/task-16-evidence-2026-05-21/cycle4-sampler-rt/glsl-dumps/xemu-metal-target-0x03d00000.glsl
xemu-metal: failed to write target shader dump docs/apple-silicon/task-16-evidence-2026-05-21/cycle4-sampler-rt/glsl-dumps/xemu-metal-target-0x03d00000.glsl
xemu-perf: metal_screenshot_written path=docs/apple-silicon/task-16-evidence-2026-05-21/cycle4-sampler-rt/harness-final/swizzle-mipmap/metal/screenshots/swizzle-mipmap.0069.png w=640 h=480
xemu-metal: failed to write target shader dump docs/apple-silicon/task-16-evidence-2026-05-21/cycle4-sampler-rt/glsl-dumps/xemu-metal-target-0x03aa8000.glsl
xemu-metal: failed to write target shader dump docs/apple-silicon/task-16-evidence-2026-05-21/cycle4-sampler-rt/glsl-dumps/xemu-metal-target-0x03aa8000.glsl
xemu-metal: failed to write target shader dump docs/apple-silicon/task-16-evidence-2026-05-21/cycle4-sampler-rt/glsl-dumps/xemu-metal-target-0x03aa8000.glsl
xemu-metal: failed to write target shader dump docs/apple-silicon/task-16-evidence-2026-05-21/cycle4-sampler-rt/glsl-dumps/xemu-metal-target-0x03aa8000.glsl
xemu-metal: failed to write target shader dump docs/apple-silicon/task-16-evidence-2026-05-21/cycle4-sampler-rt/glsl-dumps/xemu-metal-target-0x03aa8000.glsl
xemu-metal: failed to write target shader dump docs/apple-silicon/task-16-evidence-2026-05-21/cycle4-sampler-rt/glsl-dumps/xemu-metal-target-0x03aa8000.glsl
xemu-metal: failed to write target shader dump docs/apple-silicon/task-16-evidence-2026-05-21/cycle4-sampler-rt/glsl-dumps/xemu-metal-target-0x03aa8000.glsl
xemu-metal: failed to write target shader dump docs/apple-silicon/task-16-evidence-2026-05-21/cycle4-sampler-rt/glsl-dumps/xemu-metal-target-0x03aa8000.glsl
xemu-metal: failed to write target shader dump docs/apple-silicon/task-16-evidence-2026-05-21/cycle4-sampler-rt/glsl-dumps/xemu-metal-target-0x03aa8000.glsl
xemu-metal: failed to write target shader dump docs/apple-silicon/task-16-evidence-2026-05-21/cycle4-sampler-rt/glsl-dumps/xemu-metal-target-0x03aa8000.glsl
xemu-metal: failed to write target shader dump docs/apple-silicon/task-16-evidence-2026-05-21/cycle4-sampler-rt/glsl-dumps/xemu-metal-target-0x03aa8000.glsl
xemu-metal: failed to write target shader dump docs/apple-silicon/task-16-evidence-2026-05-21/cycle4-sampler-rt/glsl-dumps/xemu-metal-target-0x03aa8000.glsl
xemu-metal: failed to write target shader dump docs/apple-silicon/task-16-evidence-2026-05-21/cycle4-sampler-rt/glsl-dumps/xemu-metal-target-0x03aa8000.glsl
xemu-metal: failed to write target shader dump docs/apple-silicon/task-16-evidence-2026-05-21/cycle4-sampler-rt/glsl-dumps/xemu-metal-target-0x03aa8000.glsl
xemu-metal: failed to write target shader dump docs/apple-silicon/task-16-evidence-2026-05-21/cycle4-sampler-rt/glsl-dumps/xemu-metal-target-0x03bd4000.glsl
xemu-metal: failed to write target shader dump docs/apple-silicon/task-16-evidence-2026-05-21/cycle4-sampler-rt/glsl-dumps/xemu-metal-target-0x03bd4000.glsl
xemu-metal: failed to write target shader dump docs/apple-silicon/task-16-evidence-2026-05-21/cycle4-sampler-rt/glsl-dumps/xemu-metal-target-0x03bd4000.glsl
xemu-metal: failed to write target shader dump docs/apple-silicon/task-16-evidence-2026-05-21/cycle4-sampler-rt/glsl-dumps/xemu-metal-target-0x03bd4000.glsl
xemu-metal: failed to write target shader dump docs/apple-silicon/task-16-evidence-2026-05-21/cycle4-sampler-rt/glsl-dumps/xemu-metal-target-0x03bd4000.glsl
xemu-metal: failed to write target shader dump docs/apple-silicon/task-16-evidence-2026-05-21/cycle4-sampler-rt/glsl-dumps/xemu-metal-target-0x03bd4000.glsl
xemu-metal: failed to write target shader dump docs/apple-silicon/task-16-evidence-2026-05-21/cycle4-sampler-rt/glsl-dumps/xemu-metal-target-0x03bd4000.glsl
xemu-metal: failed to write target shader dump docs/apple-silicon/task-16-evidence-2026-05-21/cycle4-sampler-rt/glsl-dumps/xemu-metal-target-0x03bd4000.glsl
xemu-metal: failed to write target shader dump docs/apple-silicon/task-16-evidence-2026-05-21/cycle4-sampler-rt/glsl-dumps/xemu-metal-target-0x03bd4000.glsl
xemu-metal: failed to write target shader dump docs/apple-silicon/task-16-evidence-2026-05-21/cycle4-sampler-rt/glsl-dumps/xemu-metal-target-0x03bd4000.glsl
xemu-metal: failed to write target shader dump docs/apple-silicon/task-16-evidence-2026-05-21/cycle4-sampler-rt/glsl-dumps/xemu-metal-target-0x03bd4000.glsl
xemu-metal: failed to write target shader dump docs/apple-silicon/task-16-evidence-2026-05-21/cycle4-sampler-rt/glsl-dumps/xemu-metal-target-0x03bd4000.glsl
xemu-metal: failed to write target shader dump docs/apple-silicon/task-16-evidence-2026-05-21/cycle4-sampler-rt/glsl-dumps/xemu-metal-target-0x03bd4000.glsl
xemu-metal: failed to write target shader dump docs/apple-silicon/task-16-evidence-2026-05-21/cycle4-sampler-rt/glsl-dumps/xemu-metal-target-0x03bd4000.glsl
xemu-metal: failed to write target shader dump docs/apple-silicon/task-16-evidence-2026-05-21/cycle4-sampler-rt/glsl-dumps/xemu-metal-target-0x03d00000.glsl
xemu-metal: failed to write target shader dump docs/apple-silicon/task-16-evidence-2026-05-21/cycle4-sampler-rt/glsl-dumps/xemu-metal-target-0x03d00000.glsl
xemu-metal: failed to write target shader dump docs/apple-silicon/task-16-evidence-2026-05-21/cycle4-sampler-rt/glsl-dumps/xemu-metal-target-0x03d00000.glsl
xemu-metal: failed to write target shader dump docs/apple-silicon/task-16-evidence-2026-05-21/cycle4-sampler-rt/glsl-dumps/xemu-metal-target-0x03d00000.glsl
xemu-metal: failed to write target shader dump docs/apple-silicon/task-16-evidence-2026-05-21/cycle4-sampler-rt/glsl-dumps/xemu-metal-target-0x03d00000.glsl
xemu-metal: failed to write target shader dump docs/apple-silicon/task-16-evidence-2026-05-21/cycle4-sampler-rt/glsl-dumps/xemu-metal-target-0x03d00000.glsl
xemu-metal: failed to write target shader dump docs/apple-silicon/task-16-evidence-2026-05-21/cycle4-sampler-rt/glsl-dumps/xemu-metal-target-0x03d00000.glsl
xemu-metal: failed to write target shader dump docs/apple-silicon/task-16-evidence-2026-05-21/cycle4-sampler-rt/glsl-dumps/xemu-metal-target-0x03d00000.glsl
xemu-metal: failed to write target shader dump docs/apple-silicon/task-16-evidence-2026-05-21/cycle4-sampler-rt/glsl-dumps/xemu-metal-target-0x03d00000.glsl
xemu-metal: failed to write target shader dump docs/apple-silicon/task-16-evidence-2026-05-21/cycle4-sampler-rt/glsl-dumps/xemu-metal-target-0x03d00000.glsl
xemu-metal: failed to write target shader dump docs/apple-silicon/task-16-evidence-2026-05-21/cycle4-sampler-rt/glsl-dumps/xemu-metal-target-0x03d00000.glsl
xemu-metal: failed to write target shader dump docs/apple-silicon/task-16-evidence-2026-05-21/cycle4-sampler-rt/glsl-dumps/xemu-metal-target-0x03d00000.glsl
xemu-metal: failed to write target shader dump docs/apple-silicon/task-16-evidence-2026-05-21/cycle4-sampler-rt/glsl-dumps/xemu-metal-target-0x03d00000.glsl
xemu-metal: failed to write target shader dump docs/apple-silicon/task-16-evidence-2026-05-21/cycle4-sampler-rt/glsl-dumps/xemu-metal-target-0x03d00000.glsl
xemu-metal: failed to write target shader dump docs/apple-silicon/task-16-evidence-2026-05-21/cycle4-sampler-rt/glsl-dumps/xemu-metal-target-0x03aa8000.glsl
xemu-metal: failed to write target shader dump docs/apple-silicon/task-16-evidence-2026-05-21/cycle4-sampler-rt/glsl-dumps/xemu-metal-target-0x03aa8000.glsl
xemu-metal: failed to write target shader dump docs/apple-silicon/task-16-evidence-2026-05-21/cycle4-sampler-rt/glsl-dumps/xemu-metal-target-0x03aa8000.glsl
xemu-metal: failed to write target shader dump docs/apple-silicon/task-16-evidence-2026-05-21/cycle4-sampler-rt/glsl-dumps/xemu-metal-target-0x03aa8000.glsl
xemu-metal: failed to write target shader dump docs/apple-silicon/task-16-evidence-2026-05-21/cycle4-sampler-rt/glsl-dumps/xemu-metal-target-0x03aa8000.glsl
xemu-metal: failed to write target shader dump docs/apple-silicon/task-16-evidence-2026-05-21/cycle4-sampler-rt/glsl-dumps/xemu-metal-target-0x03aa8000.glsl
xemu-metal: failed to write target shader dump docs/apple-silicon/task-16-evidence-2026-05-21/cycle4-sampler-rt/glsl-dumps/xemu-metal-target-0x03aa8000.glsl
xemu-metal: failed to write target shader dump docs/apple-silicon/task-16-evidence-2026-05-21/cycle4-sampler-rt/glsl-dumps/xemu-metal-target-0x03aa8000.glsl
xemu-metal: failed to write target shader dump docs/apple-silicon/task-16-evidence-2026-05-21/cycle4-sampler-rt/glsl-dumps/xemu-metal-target-0x03aa8000.glsl
xemu-metal: failed to write target shader dump docs/apple-silicon/task-16-evidence-2026-05-21/cycle4-sampler-rt/glsl-dumps/xemu-metal-target-0x03aa8000.glsl
xemu-metal: failed to write target shader dump docs/apple-silicon/task-16-evidence-2026-05-21/cycle4-sampler-rt/glsl-dumps/xemu-metal-target-0x03aa8000.glsl
xemu-metal: failed to write target shader dump docs/apple-silicon/task-16-evidence-2026-05-21/cycle4-sampler-rt/glsl-dumps/xemu-metal-target-0x03aa8000.glsl
xemu-metal: failed to write target shader dump docs/apple-silicon/task-16-evidence-2026-05-21/cycle4-sampler-rt/glsl-dumps/xemu-metal-target-0x03aa8000.glsl
xemu-metal: failed to write target shader dump docs/apple-silicon/task-16-evidence-2026-05-21/cycle4-sampler-rt/glsl-dumps/xemu-metal-target-0x03aa8000.glsl
xemu-metal: failed to write target shader dump docs/apple-silicon/task-16-evidence-2026-05-21/cycle4-sampler-rt/glsl-dumps/xemu-metal-target-0x03bd4000.glsl
xemu-metal: failed to write target shader dump docs/apple-silicon/task-16-evidence-2026-05-21/cycle4-sampler-rt/glsl-dumps/xemu-metal-target-0x03bd4000.glsl
xemu-metal: failed to write target shader dump docs/apple-silicon/task-16-evidence-2026-05-21/cycle4-sampler-rt/glsl-dumps/xemu-metal-target-0x03bd4000.glsl
xemu-metal: failed to write target shader dump docs/apple-silicon/task-16-evidence-2026-05-21/cycle4-sampler-rt/glsl-dumps/xemu-metal-target-0x03bd4000.glsl
xemu-metal: failed to write target shader dump docs/apple-silicon/task-16-evidence-2026-05-21/cycle4-sampler-rt/glsl-dumps/xemu-metal-target-0x03bd4000.glsl
xemu-metal: failed to write target shader dump docs/apple-silicon/task-16-evidence-2026-05-21/cycle4-sampler-rt/glsl-dumps/xemu-metal-target-0x03bd4000.glsl
xemu-metal: failed to write target shader dump docs/apple-silicon/task-16-evidence-2026-05-21/cycle4-sampler-rt/glsl-dumps/xemu-metal-target-0x03bd4000.glsl
xemu-metal: failed to write target shader dump docs/apple-silicon/task-16-evidence-2026-05-21/cycle4-sampler-rt/glsl-dumps/xemu-metal-target-0x03bd4000.glsl
xemu-metal: failed to write target shader dump docs/apple-silicon/task-16-evidence-2026-05-21/cycle4-sampler-rt/glsl-dumps/xemu-metal-target-0x03bd4000.glsl
xemu-metal: failed to write target shader dump docs/apple-silicon/task-16-evidence-2026-05-21/cycle4-sampler-rt/glsl-dumps/xemu-metal-target-0x03bd4000.glsl
xemu-metal: failed to write target shader dump docs/apple-silicon/task-16-evidence-2026-05-21/cycle4-sampler-rt/glsl-dumps/xemu-metal-target-0x03bd4000.glsl
xemu-metal: failed to write target shader dump docs/apple-silicon/task-16-evidence-2026-05-21/cycle4-sampler-rt/glsl-dumps/xemu-metal-target-0x03bd4000.glsl
xemu-metal: failed to write target shader dump docs/apple-silicon/task-16-evidence-2026-05-21/cycle4-sampler-rt/glsl-dumps/xemu-metal-target-0x03bd4000.glsl
xemu-metal: failed to write target shader dump docs/apple-silicon/task-16-evidence-2026-05-21/cycle4-sampler-rt/glsl-dumps/xemu-metal-target-0x03bd4000.glsl
xemu-metal: failed to write target shader dump docs/apple-silicon/task-16-evidence-2026-05-21/cycle4-sampler-rt/glsl-dumps/xemu-metal-target-0x03d00000.glsl
xemu-metal: failed to write target shader dump docs/apple-silicon/task-16-evidence-2026-05-21/cycle4-sampler-rt/glsl-dumps/xemu-metal-target-0x03d00000.glsl
xemu-metal: failed to write target shader dump docs/apple-silicon/task-16-evidence-2026-05-21/cycle4-sampler-rt/glsl-dumps/xemu-metal-target-0x03d00000.glsl
xemu-metal: failed to write target shader dump docs/apple-silicon/task-16-evidence-2026-05-21/cycle4-sampler-rt/glsl-dumps/xemu-metal-target-0x03d00000.glsl
xemu-metal: failed to write target shader dump docs/apple-silicon/task-16-evidence-2026-05-21/cycle4-sampler-rt/glsl-dumps/xemu-metal-target-0x03d00000.glsl
xemu-metal: failed to write target shader dump docs/apple-silicon/task-16-evidence-2026-05-21/cycle4-sampler-rt/glsl-dumps/xemu-metal-target-0x03d00000.glsl
xemu-metal: failed to write target shader dump docs/apple-silicon/task-16-evidence-2026-05-21/cycle4-sampler-rt/glsl-dumps/xemu-metal-target-0x03d00000.glsl
xemu-metal: failed to write target shader dump docs/apple-silicon/task-16-evidence-2026-05-21/cycle4-sampler-rt/glsl-dumps/xemu-metal-target-0x03d00000.glsl
xemu-metal: failed to write target shader dump docs/apple-silicon/task-16-evidence-2026-05-21/cycle4-sampler-rt/glsl-dumps/xemu-metal-target-0x03d00000.glsl
xemu-metal: failed to write target shader dump docs/apple-silicon/task-16-evidence-2026-05-21/cycle4-sampler-rt/glsl-dumps/xemu-metal-target-0x03d00000.glsl
xemu-metal: failed to write target shader dump docs/apple-silicon/task-16-evidence-2026-05-21/cycle4-sampler-rt/glsl-dumps/xemu-metal-target-0x03d00000.glsl
xemu-metal: failed to write target shader dump docs/apple-silicon/task-16-evidence-2026-05-21/cycle4-sampler-rt/glsl-dumps/xemu-metal-target-0x03d00000.glsl
xemu-metal: failed to write target shader dump docs/apple-silicon/task-16-evidence-2026-05-21/cycle4-sampler-rt/glsl-dumps/xemu-metal-target-0x03d00000.glsl
xemu-metal: failed to write target shader dump docs/apple-silicon/task-16-evidence-2026-05-21/cycle4-sampler-rt/glsl-dumps/xemu-metal-target-0x03d00000.glsl
xemu-metal: failed to write target shader dump docs/apple-silicon/task-16-evidence-2026-05-21/cycle4-sampler-rt/glsl-dumps/xemu-metal-target-0x03aa8000.glsl
xemu-metal: failed to write target shader dump docs/apple-silicon/task-16-evidence-2026-05-21/cycle4-sampler-rt/glsl-dumps/xemu-metal-target-0x03aa8000.glsl
xemu-metal: failed to write target shader dump docs/apple-silicon/task-16-evidence-2026-05-21/cycle4-sampler-rt/glsl-dumps/xemu-metal-target-0x03aa8000.glsl
xemu-metal: failed to write target shader dump docs/apple-silicon/task-16-evidence-2026-05-21/cycle4-sampler-rt/glsl-dumps/xemu-metal-target-0x03aa8000.glsl
xemu-metal: failed to write target shader dump docs/apple-silicon/task-16-evidence-2026-05-21/cycle4-sampler-rt/glsl-dumps/xemu-metal-target-0x03aa8000.glsl
xemu-metal: failed to write target shader dump docs/apple-silicon/task-16-evidence-2026-05-21/cycle4-sampler-rt/glsl-dumps/xemu-metal-target-0x03aa8000.glsl
xemu-metal: failed to write target shader dump docs/apple-silicon/task-16-evidence-2026-05-21/cycle4-sampler-rt/glsl-dumps/xemu-metal-target-0x03aa8000.glsl
xemu-metal: failed to write target shader dump docs/apple-silicon/task-16-evidence-2026-05-21/cycle4-sampler-rt/glsl-dumps/xemu-metal-target-0x03aa8000.glsl
xemu-metal: failed to write target shader dump docs/apple-silicon/task-16-evidence-2026-05-21/cycle4-sampler-rt/glsl-dumps/xemu-metal-target-0x03aa8000.glsl
xemu-metal: failed to write target shader dump docs/apple-silicon/task-16-evidence-2026-05-21/cycle4-sampler-rt/glsl-dumps/xemu-metal-target-0x03aa8000.glsl
xemu-metal: failed to write target shader dump docs/apple-silicon/task-16-evidence-2026-05-21/cycle4-sampler-rt/glsl-dumps/xemu-metal-target-0x03aa8000.glsl
xemu-metal: failed to write target shader dump docs/apple-silicon/task-16-evidence-2026-05-21/cycle4-sampler-rt/glsl-dumps/xemu-metal-target-0x03aa8000.glsl
xemu-metal: failed to write target shader dump docs/apple-silicon/task-16-evidence-2026-05-21/cycle4-sampler-rt/glsl-dumps/xemu-metal-target-0x03aa8000.glsl
xemu-metal: failed to write target shader dump docs/apple-silicon/task-16-evidence-2026-05-21/cycle4-sampler-rt/glsl-dumps/xemu-metal-target-0x03aa8000.glsl
xemu-metal: failed to write target shader dump docs/apple-silicon/task-16-evidence-2026-05-21/cycle4-sampler-rt/glsl-dumps/xemu-metal-target-0x03bd4000.glsl
xemu-metal: failed to write target shader dump docs/apple-silicon/task-16-evidence-2026-05-21/cycle4-sampler-rt/glsl-dumps/xemu-metal-target-0x03bd4000.glsl
xemu-metal: failed to write target shader dump docs/apple-silicon/task-16-evidence-2026-05-21/cycle4-sampler-rt/glsl-dumps/xemu-metal-target-0x03bd4000.glsl
xemu-metal: failed to write target shader dump docs/apple-silicon/task-16-evidence-2026-05-21/cycle4-sampler-rt/glsl-dumps/xemu-metal-target-0x03bd4000.glsl
xemu-metal: failed to write target shader dump docs/apple-silicon/task-16-evidence-2026-05-21/cycle4-sampler-rt/glsl-dumps/xemu-metal-target-0x03bd4000.glsl
xemu-metal: failed to write target shader dump docs/apple-silicon/task-16-evidence-2026-05-21/cycle4-sampler-rt/glsl-dumps/xemu-metal-target-0x03bd4000.glsl
xemu-metal: failed to write target shader dump docs/apple-silicon/task-16-evidence-2026-05-21/cycle4-sampler-rt/glsl-dumps/xemu-metal-target-0x03bd4000.glsl
xemu-metal: failed to write target shader dump docs/apple-silicon/task-16-evidence-2026-05-21/cycle4-sampler-rt/glsl-dumps/xemu-metal-target-0x03bd4000.glsl
xemu-metal: failed to write target shader dump docs/apple-silicon/task-16-evidence-2026-05-21/cycle4-sampler-rt/glsl-dumps/xemu-metal-target-0x03bd4000.glsl
xemu-metal: failed to write target shader dump docs/apple-silicon/task-16-evidence-2026-05-21/cycle4-sampler-rt/glsl-dumps/xemu-metal-target-0x03bd4000.glsl
xemu-metal: failed to write target shader dump docs/apple-silicon/task-16-evidence-2026-05-21/cycle4-sampler-rt/glsl-dumps/xemu-metal-target-0x03bd4000.glsl
xemu-metal: failed to write target shader dump docs/apple-silicon/task-16-evidence-2026-05-21/cycle4-sampler-rt/glsl-dumps/xemu-metal-target-0x03bd4000.glsl
xemu-metal: failed to write target shader dump docs/apple-silicon/task-16-evidence-2026-05-21/cycle4-sampler-rt/glsl-dumps/xemu-metal-target-0x03bd4000.glsl
xemu-metal: failed to write target shader dump docs/apple-silicon/task-16-evidence-2026-05-21/cycle4-sampler-rt/glsl-dumps/xemu-metal-target-0x03bd4000.glsl
xemu-perf: metal_screenshot_written path=docs/apple-silicon/task-16-evidence-2026-05-21/cycle4-sampler-rt/harness-final/swizzle-mipmap/metal/screenshots/swizzle-mipmap.0070.png w=640 h=480
xemu-metal: failed to write target shader dump docs/apple-silicon/task-16-evidence-2026-05-21/cycle4-sampler-rt/glsl-dumps/xemu-metal-target-0x03d00000.glsl
xemu-metal: failed to write target shader dump docs/apple-silicon/task-16-evidence-2026-05-21/cycle4-sampler-rt/glsl-dumps/xemu-metal-target-0x03d00000.glsl
xemu-metal: failed to write target shader dump docs/apple-silicon/task-16-evidence-2026-05-21/cycle4-sampler-rt/glsl-dumps/xemu-metal-target-0x03d00000.glsl
xemu-metal: failed to write target shader dump docs/apple-silicon/task-16-evidence-2026-05-21/cycle4-sampler-rt/glsl-dumps/xemu-metal-target-0x03d00000.glsl
xemu-metal: failed to write target shader dump docs/apple-silicon/task-16-evidence-2026-05-21/cycle4-sampler-rt/glsl-dumps/xemu-metal-target-0x03d00000.glsl
xemu-metal: failed to write target shader dump docs/apple-silicon/task-16-evidence-2026-05-21/cycle4-sampler-rt/glsl-dumps/xemu-metal-target-0x03d00000.glsl
xemu-metal: failed to write target shader dump docs/apple-silicon/task-16-evidence-2026-05-21/cycle4-sampler-rt/glsl-dumps/xemu-metal-target-0x03d00000.glsl
xemu-metal: failed to write target shader dump docs/apple-silicon/task-16-evidence-2026-05-21/cycle4-sampler-rt/glsl-dumps/xemu-metal-target-0x03d00000.glsl
xemu-metal: failed to write target shader dump docs/apple-silicon/task-16-evidence-2026-05-21/cycle4-sampler-rt/glsl-dumps/xemu-metal-target-0x03d00000.glsl
xemu-metal: failed to write target shader dump docs/apple-silicon/task-16-evidence-2026-05-21/cycle4-sampler-rt/glsl-dumps/xemu-metal-target-0x03d00000.glsl
xemu-metal: failed to write target shader dump docs/apple-silicon/task-16-evidence-2026-05-21/cycle4-sampler-rt/glsl-dumps/xemu-metal-target-0x03d00000.glsl
xemu-metal: failed to write target shader dump docs/apple-silicon/task-16-evidence-2026-05-21/cycle4-sampler-rt/glsl-dumps/xemu-metal-target-0x03d00000.glsl
xemu-metal: failed to write target shader dump docs/apple-silicon/task-16-evidence-2026-05-21/cycle4-sampler-rt/glsl-dumps/xemu-metal-target-0x03d00000.glsl
xemu-metal: failed to write target shader dump docs/apple-silicon/task-16-evidence-2026-05-21/cycle4-sampler-rt/glsl-dumps/xemu-metal-target-0x03d00000.glsl
xemu-metal: failed to write target shader dump docs/apple-silicon/task-16-evidence-2026-05-21/cycle4-sampler-rt/glsl-dumps/xemu-metal-target-0x03aa8000.glsl
xemu-metal: failed to write target shader dump docs/apple-silicon/task-16-evidence-2026-05-21/cycle4-sampler-rt/glsl-dumps/xemu-metal-target-0x03aa8000.glsl
xemu-metal: failed to write target shader dump docs/apple-silicon/task-16-evidence-2026-05-21/cycle4-sampler-rt/glsl-dumps/xemu-metal-target-0x03aa8000.glsl
xemu-metal: failed to write target shader dump docs/apple-silicon/task-16-evidence-2026-05-21/cycle4-sampler-rt/glsl-dumps/xemu-metal-target-0x03aa8000.glsl
xemu-metal: failed to write target shader dump docs/apple-silicon/task-16-evidence-2026-05-21/cycle4-sampler-rt/glsl-dumps/xemu-metal-target-0x03aa8000.glsl
xemu-metal: failed to write target shader dump docs/apple-silicon/task-16-evidence-2026-05-21/cycle4-sampler-rt/glsl-dumps/xemu-metal-target-0x03aa8000.glsl
xemu-metal: failed to write target shader dump docs/apple-silicon/task-16-evidence-2026-05-21/cycle4-sampler-rt/glsl-dumps/xemu-metal-target-0x03aa8000.glsl
xemu-metal: failed to write target shader dump docs/apple-silicon/task-16-evidence-2026-05-21/cycle4-sampler-rt/glsl-dumps/xemu-metal-target-0x03aa8000.glsl
xemu-metal: failed to write target shader dump docs/apple-silicon/task-16-evidence-2026-05-21/cycle4-sampler-rt/glsl-dumps/xemu-metal-target-0x03aa8000.glsl
xemu-metal: failed to write target shader dump docs/apple-silicon/task-16-evidence-2026-05-21/cycle4-sampler-rt/glsl-dumps/xemu-metal-target-0x03aa8000.glsl
xemu-metal: failed to write target shader dump docs/apple-silicon/task-16-evidence-2026-05-21/cycle4-sampler-rt/glsl-dumps/xemu-metal-target-0x03aa8000.glsl
xemu-metal: failed to write target shader dump docs/apple-silicon/task-16-evidence-2026-05-21/cycle4-sampler-rt/glsl-dumps/xemu-metal-target-0x03aa8000.glsl
xemu-metal: failed to write target shader dump docs/apple-silicon/task-16-evidence-2026-05-21/cycle4-sampler-rt/glsl-dumps/xemu-metal-target-0x03aa8000.glsl
xemu-metal: failed to write target shader dump docs/apple-silicon/task-16-evidence-2026-05-21/cycle4-sampler-rt/glsl-dumps/xemu-metal-target-0x03aa8000.glsl
xemu-metal: failed to write target shader dump docs/apple-silicon/task-16-evidence-2026-05-21/cycle4-sampler-rt/glsl-dumps/xemu-metal-target-0x03bd4000.glsl
xemu-metal: failed to write target shader dump docs/apple-silicon/task-16-evidence-2026-05-21/cycle4-sampler-rt/glsl-dumps/xemu-metal-target-0x03bd4000.glsl
xemu-metal: failed to write target shader dump docs/apple-silicon/task-16-evidence-2026-05-21/cycle4-sampler-rt/glsl-dumps/xemu-metal-target-0x03bd4000.glsl
xemu-metal: failed to write target shader dump docs/apple-silicon/task-16-evidence-2026-05-21/cycle4-sampler-rt/glsl-dumps/xemu-metal-target-0x03bd4000.glsl
xemu-metal: failed to write target shader dump docs/apple-silicon/task-16-evidence-2026-05-21/cycle4-sampler-rt/glsl-dumps/xemu-metal-target-0x03bd4000.glsl
xemu-metal: failed to write target shader dump docs/apple-silicon/task-16-evidence-2026-05-21/cycle4-sampler-rt/glsl-dumps/xemu-metal-target-0x03bd4000.glsl
xemu-metal: failed to write target shader dump docs/apple-silicon/task-16-evidence-2026-05-21/cycle4-sampler-rt/glsl-dumps/xemu-metal-target-0x03bd4000.glsl
xemu-metal: failed to write target shader dump docs/apple-silicon/task-16-evidence-2026-05-21/cycle4-sampler-rt/glsl-dumps/xemu-metal-target-0x03bd4000.glsl
xemu-metal: failed to write target shader dump docs/apple-silicon/task-16-evidence-2026-05-21/cycle4-sampler-rt/glsl-dumps/xemu-metal-target-0x03bd4000.glsl
xemu-metal: failed to write target shader dump docs/apple-silicon/task-16-evidence-2026-05-21/cycle4-sampler-rt/glsl-dumps/xemu-metal-target-0x03bd4000.glsl
xemu-metal: failed to write target shader dump docs/apple-silicon/task-16-evidence-2026-05-21/cycle4-sampler-rt/glsl-dumps/xemu-metal-target-0x03bd4000.glsl
xemu-metal: failed to write target shader dump docs/apple-silicon/task-16-evidence-2026-05-21/cycle4-sampler-rt/glsl-dumps/xemu-metal-target-0x03bd4000.glsl
xemu-metal: failed to write target shader dump docs/apple-silicon/task-16-evidence-2026-05-21/cycle4-sampler-rt/glsl-dumps/xemu-metal-target-0x03bd4000.glsl
xemu-metal: failed to write target shader dump docs/apple-silicon/task-16-evidence-2026-05-21/cycle4-sampler-rt/glsl-dumps/xemu-metal-target-0x03bd4000.glsl
xemu-metal: failed to write target shader dump docs/apple-silicon/task-16-evidence-2026-05-21/cycle4-sampler-rt/glsl-dumps/xemu-metal-target-0x03d00000.glsl
xemu-metal: failed to write target shader dump docs/apple-silicon/task-16-evidence-2026-05-21/cycle4-sampler-rt/glsl-dumps/xemu-metal-target-0x03d00000.glsl
xemu-metal: failed to write target shader dump docs/apple-silicon/task-16-evidence-2026-05-21/cycle4-sampler-rt/glsl-dumps/xemu-metal-target-0x03d00000.glsl
xemu-metal: failed to write target shader dump docs/apple-silicon/task-16-evidence-2026-05-21/cycle4-sampler-rt/glsl-dumps/xemu-metal-target-0x03d00000.glsl
xemu-metal: failed to write target shader dump docs/apple-silicon/task-16-evidence-2026-05-21/cycle4-sampler-rt/glsl-dumps/xemu-metal-target-0x03d00000.glsl
xemu-metal: failed to write target shader dump docs/apple-silicon/task-16-evidence-2026-05-21/cycle4-sampler-rt/glsl-dumps/xemu-metal-target-0x03d00000.glsl
xemu-metal: failed to write target shader dump docs/apple-silicon/task-16-evidence-2026-05-21/cycle4-sampler-rt/glsl-dumps/xemu-metal-target-0x03d00000.glsl
xemu-metal: failed to write target shader dump docs/apple-silicon/task-16-evidence-2026-05-21/cycle4-sampler-rt/glsl-dumps/xemu-metal-target-0x03d00000.glsl
xemu-metal: failed to write target shader dump docs/apple-silicon/task-16-evidence-2026-05-21/cycle4-sampler-rt/glsl-dumps/xemu-metal-target-0x03d00000.glsl
xemu-metal: failed to write target shader dump docs/apple-silicon/task-16-evidence-2026-05-21/cycle4-sampler-rt/glsl-dumps/xemu-metal-target-0x03d00000.glsl
xemu-metal: failed to write target shader dump docs/apple-silicon/task-16-evidence-2026-05-21/cycle4-sampler-rt/glsl-dumps/xemu-metal-target-0x03d00000.glsl
xemu-metal: failed to write target shader dump docs/apple-silicon/task-16-evidence-2026-05-21/cycle4-sampler-rt/glsl-dumps/xemu-metal-target-0x03d00000.glsl
xemu-metal: failed to write target shader dump docs/apple-silicon/task-16-evidence-2026-05-21/cycle4-sampler-rt/glsl-dumps/xemu-metal-target-0x03d00000.glsl
xemu-metal: failed to write target shader dump docs/apple-silicon/task-16-evidence-2026-05-21/cycle4-sampler-rt/glsl-dumps/xemu-metal-target-0x03d00000.glsl
xemu-metal: failed to write target shader dump docs/apple-silicon/task-16-evidence-2026-05-21/cycle4-sampler-rt/glsl-dumps/xemu-metal-target-0x03aa8000.glsl
xemu-metal: failed to write target shader dump docs/apple-silicon/task-16-evidence-2026-05-21/cycle4-sampler-rt/glsl-dumps/xemu-metal-target-0x03aa8000.glsl
xemu-metal: failed to write target shader dump docs/apple-silicon/task-16-evidence-2026-05-21/cycle4-sampler-rt/glsl-dumps/xemu-metal-target-0x03aa8000.glsl
xemu-metal: failed to write target shader dump docs/apple-silicon/task-16-evidence-2026-05-21/cycle4-sampler-rt/glsl-dumps/xemu-metal-target-0x03aa8000.glsl
xemu-metal: failed to write target shader dump docs/apple-silicon/task-16-evidence-2026-05-21/cycle4-sampler-rt/glsl-dumps/xemu-metal-target-0x03aa8000.glsl
xemu-metal: failed to write target shader dump docs/apple-silicon/task-16-evidence-2026-05-21/cycle4-sampler-rt/glsl-dumps/xemu-metal-target-0x03aa8000.glsl
xemu-metal: failed to write target shader dump docs/apple-silicon/task-16-evidence-2026-05-21/cycle4-sampler-rt/glsl-dumps/xemu-metal-target-0x03aa8000.glsl
xemu-metal: failed to write target shader dump docs/apple-silicon/task-16-evidence-2026-05-21/cycle4-sampler-rt/glsl-dumps/xemu-metal-target-0x03aa8000.glsl
xemu-metal: failed to write target shader dump docs/apple-silicon/task-16-evidence-2026-05-21/cycle4-sampler-rt/glsl-dumps/xemu-metal-target-0x03aa8000.glsl
xemu-metal: failed to write target shader dump docs/apple-silicon/task-16-evidence-2026-05-21/cycle4-sampler-rt/glsl-dumps/xemu-metal-target-0x03aa8000.glsl
xemu-metal: failed to write target shader dump docs/apple-silicon/task-16-evidence-2026-05-21/cycle4-sampler-rt/glsl-dumps/xemu-metal-target-0x03aa8000.glsl
xemu-metal: failed to write target shader dump docs/apple-silicon/task-16-evidence-2026-05-21/cycle4-sampler-rt/glsl-dumps/xemu-metal-target-0x03aa8000.glsl
xemu-metal: failed to write target shader dump docs/apple-silicon/task-16-evidence-2026-05-21/cycle4-sampler-rt/glsl-dumps/xemu-metal-target-0x03aa8000.glsl
xemu-metal: failed to write target shader dump docs/apple-silicon/task-16-evidence-2026-05-21/cycle4-sampler-rt/glsl-dumps/xemu-metal-target-0x03aa8000.glsl
xemu-metal: failed to write target shader dump docs/apple-silicon/task-16-evidence-2026-05-21/cycle4-sampler-rt/glsl-dumps/xemu-metal-target-0x03bd4000.glsl
xemu-metal: failed to write target shader dump docs/apple-silicon/task-16-evidence-2026-05-21/cycle4-sampler-rt/glsl-dumps/xemu-metal-target-0x03bd4000.glsl
xemu-metal: failed to write target shader dump docs/apple-silicon/task-16-evidence-2026-05-21/cycle4-sampler-rt/glsl-dumps/xemu-metal-target-0x03bd4000.glsl
xemu-metal: failed to write target shader dump docs/apple-silicon/task-16-evidence-2026-05-21/cycle4-sampler-rt/glsl-dumps/xemu-metal-target-0x03bd4000.glsl
xemu-metal: failed to write target shader dump docs/apple-silicon/task-16-evidence-2026-05-21/cycle4-sampler-rt/glsl-dumps/xemu-metal-target-0x03bd4000.glsl
xemu-metal: failed to write target shader dump docs/apple-silicon/task-16-evidence-2026-05-21/cycle4-sampler-rt/glsl-dumps/xemu-metal-target-0x03bd4000.glsl
xemu-metal: failed to write target shader dump docs/apple-silicon/task-16-evidence-2026-05-21/cycle4-sampler-rt/glsl-dumps/xemu-metal-target-0x03bd4000.glsl
xemu-metal: failed to write target shader dump docs/apple-silicon/task-16-evidence-2026-05-21/cycle4-sampler-rt/glsl-dumps/xemu-metal-target-0x03bd4000.glsl
xemu-metal: failed to write target shader dump docs/apple-silicon/task-16-evidence-2026-05-21/cycle4-sampler-rt/glsl-dumps/xemu-metal-target-0x03bd4000.glsl
xemu-metal: failed to write target shader dump docs/apple-silicon/task-16-evidence-2026-05-21/cycle4-sampler-rt/glsl-dumps/xemu-metal-target-0x03bd4000.glsl
xemu-metal: failed to write target shader dump docs/apple-silicon/task-16-evidence-2026-05-21/cycle4-sampler-rt/glsl-dumps/xemu-metal-target-0x03bd4000.glsl
xemu-metal: failed to write target shader dump docs/apple-silicon/task-16-evidence-2026-05-21/cycle4-sampler-rt/glsl-dumps/xemu-metal-target-0x03bd4000.glsl
xemu-metal: failed to write target shader dump docs/apple-silicon/task-16-evidence-2026-05-21/cycle4-sampler-rt/glsl-dumps/xemu-metal-target-0x03bd4000.glsl
xemu-metal: failed to write target shader dump docs/apple-silicon/task-16-evidence-2026-05-21/cycle4-sampler-rt/glsl-dumps/xemu-metal-target-0x03bd4000.glsl
xemu-metal: failed to write target shader dump docs/apple-silicon/task-16-evidence-2026-05-21/cycle4-sampler-rt/glsl-dumps/xemu-metal-target-0x03d00000.glsl
xemu-metal: failed to write target shader dump docs/apple-silicon/task-16-evidence-2026-05-21/cycle4-sampler-rt/glsl-dumps/xemu-metal-target-0x03d00000.glsl
xemu-metal: failed to write target shader dump docs/apple-silicon/task-16-evidence-2026-05-21/cycle4-sampler-rt/glsl-dumps/xemu-metal-target-0x03d00000.glsl
xemu-metal: failed to write target shader dump docs/apple-silicon/task-16-evidence-2026-05-21/cycle4-sampler-rt/glsl-dumps/xemu-metal-target-0x03d00000.glsl
xemu-metal: failed to write target shader dump docs/apple-silicon/task-16-evidence-2026-05-21/cycle4-sampler-rt/glsl-dumps/xemu-metal-target-0x03d00000.glsl
xemu-metal: failed to write target shader dump docs/apple-silicon/task-16-evidence-2026-05-21/cycle4-sampler-rt/glsl-dumps/xemu-metal-target-0x03d00000.glsl
xemu-metal: failed to write target shader dump docs/apple-silicon/task-16-evidence-2026-05-21/cycle4-sampler-rt/glsl-dumps/xemu-metal-target-0x03d00000.glsl
xemu-metal: failed to write target shader dump docs/apple-silicon/task-16-evidence-2026-05-21/cycle4-sampler-rt/glsl-dumps/xemu-metal-target-0x03d00000.glsl
xemu-metal: failed to write target shader dump docs/apple-silicon/task-16-evidence-2026-05-21/cycle4-sampler-rt/glsl-dumps/xemu-metal-target-0x03d00000.glsl
xemu-metal: failed to write target shader dump docs/apple-silicon/task-16-evidence-2026-05-21/cycle4-sampler-rt/glsl-dumps/xemu-metal-target-0x03d00000.glsl
xemu-metal: failed to write target shader dump docs/apple-silicon/task-16-evidence-2026-05-21/cycle4-sampler-rt/glsl-dumps/xemu-metal-target-0x03d00000.glsl
xemu-metal: failed to write target shader dump docs/apple-silicon/task-16-evidence-2026-05-21/cycle4-sampler-rt/glsl-dumps/xemu-metal-target-0x03d00000.glsl
xemu-metal: failed to write target shader dump docs/apple-silicon/task-16-evidence-2026-05-21/cycle4-sampler-rt/glsl-dumps/xemu-metal-target-0x03d00000.glsl
xemu-metal: failed to write target shader dump docs/apple-silicon/task-16-evidence-2026-05-21/cycle4-sampler-rt/glsl-dumps/xemu-metal-target-0x03d00000.glsl
xemu-perf: metal_screenshot_written path=docs/apple-silicon/task-16-evidence-2026-05-21/cycle4-sampler-rt/harness-final/swizzle-mipmap/metal/screenshots/swizzle-mipmap.0071.png w=640 h=480
xemu-metal: failed to write target shader dump docs/apple-silicon/task-16-evidence-2026-05-21/cycle4-sampler-rt/glsl-dumps/xemu-metal-target-0x03aa8000.glsl
xemu-metal: failed to write target shader dump docs/apple-silicon/task-16-evidence-2026-05-21/cycle4-sampler-rt/glsl-dumps/xemu-metal-target-0x03aa8000.glsl
xemu-metal: failed to write target shader dump docs/apple-silicon/task-16-evidence-2026-05-21/cycle4-sampler-rt/glsl-dumps/xemu-metal-target-0x03aa8000.glsl
xemu-metal: failed to write target shader dump docs/apple-silicon/task-16-evidence-2026-05-21/cycle4-sampler-rt/glsl-dumps/xemu-metal-target-0x03aa8000.glsl
xemu-metal: failed to write target shader dump docs/apple-silicon/task-16-evidence-2026-05-21/cycle4-sampler-rt/glsl-dumps/xemu-metal-target-0x03aa8000.glsl
xemu-metal: failed to write target shader dump docs/apple-silicon/task-16-evidence-2026-05-21/cycle4-sampler-rt/glsl-dumps/xemu-metal-target-0x03aa8000.glsl
xemu-metal: failed to write target shader dump docs/apple-silicon/task-16-evidence-2026-05-21/cycle4-sampler-rt/glsl-dumps/xemu-metal-target-0x03aa8000.glsl
xemu-metal: failed to write target shader dump docs/apple-silicon/task-16-evidence-2026-05-21/cycle4-sampler-rt/glsl-dumps/xemu-metal-target-0x03aa8000.glsl
xemu-metal: failed to write target shader dump docs/apple-silicon/task-16-evidence-2026-05-21/cycle4-sampler-rt/glsl-dumps/xemu-metal-target-0x03aa8000.glsl
xemu-metal: failed to write target shader dump docs/apple-silicon/task-16-evidence-2026-05-21/cycle4-sampler-rt/glsl-dumps/xemu-metal-target-0x03aa8000.glsl
xemu-metal: failed to write target shader dump docs/apple-silicon/task-16-evidence-2026-05-21/cycle4-sampler-rt/glsl-dumps/xemu-metal-target-0x03aa8000.glsl
xemu-metal: failed to write target shader dump docs/apple-silicon/task-16-evidence-2026-05-21/cycle4-sampler-rt/glsl-dumps/xemu-metal-target-0x03aa8000.glsl
xemu-metal: failed to write target shader dump docs/apple-silicon/task-16-evidence-2026-05-21/cycle4-sampler-rt/glsl-dumps/xemu-metal-target-0x03aa8000.glsl
xemu-metal: failed to write target shader dump docs/apple-silicon/task-16-evidence-2026-05-21/cycle4-sampler-rt/glsl-dumps/xemu-metal-target-0x03aa8000.glsl
xemu-metal: failed to write target shader dump docs/apple-silicon/task-16-evidence-2026-05-21/cycle4-sampler-rt/glsl-dumps/xemu-metal-target-0x03bd4000.glsl
xemu-metal: failed to write target shader dump docs/apple-silicon/task-16-evidence-2026-05-21/cycle4-sampler-rt/glsl-dumps/xemu-metal-target-0x03bd4000.glsl
xemu-metal: failed to write target shader dump docs/apple-silicon/task-16-evidence-2026-05-21/cycle4-sampler-rt/glsl-dumps/xemu-metal-target-0x03bd4000.glsl
xemu-metal: failed to write target shader dump docs/apple-silicon/task-16-evidence-2026-05-21/cycle4-sampler-rt/glsl-dumps/xemu-metal-target-0x03bd4000.glsl
xemu-metal: failed to write target shader dump docs/apple-silicon/task-16-evidence-2026-05-21/cycle4-sampler-rt/glsl-dumps/xemu-metal-target-0x03bd4000.glsl
xemu-metal: failed to write target shader dump docs/apple-silicon/task-16-evidence-2026-05-21/cycle4-sampler-rt/glsl-dumps/xemu-metal-target-0x03bd4000.glsl
xemu-metal: failed to write target shader dump docs/apple-silicon/task-16-evidence-2026-05-21/cycle4-sampler-rt/glsl-dumps/xemu-metal-target-0x03bd4000.glsl
xemu-metal: failed to write target shader dump docs/apple-silicon/task-16-evidence-2026-05-21/cycle4-sampler-rt/glsl-dumps/xemu-metal-target-0x03bd4000.glsl
xemu-metal: failed to write target shader dump docs/apple-silicon/task-16-evidence-2026-05-21/cycle4-sampler-rt/glsl-dumps/xemu-metal-target-0x03bd4000.glsl
xemu-metal: failed to write target shader dump docs/apple-silicon/task-16-evidence-2026-05-21/cycle4-sampler-rt/glsl-dumps/xemu-metal-target-0x03bd4000.glsl
xemu-metal: failed to write target shader dump docs/apple-silicon/task-16-evidence-2026-05-21/cycle4-sampler-rt/glsl-dumps/xemu-metal-target-0x03bd4000.glsl
xemu-metal: failed to write target shader dump docs/apple-silicon/task-16-evidence-2026-05-21/cycle4-sampler-rt/glsl-dumps/xemu-metal-target-0x03bd4000.glsl
xemu-metal: failed to write target shader dump docs/apple-silicon/task-16-evidence-2026-05-21/cycle4-sampler-rt/glsl-dumps/xemu-metal-target-0x03bd4000.glsl
xemu-metal: failed to write target shader dump docs/apple-silicon/task-16-evidence-2026-05-21/cycle4-sampler-rt/glsl-dumps/xemu-metal-target-0x03bd4000.glsl
xemu-metal: failed to write target shader dump docs/apple-silicon/task-16-evidence-2026-05-21/cycle4-sampler-rt/glsl-dumps/xemu-metal-target-0x03d00000.glsl
xemu-metal: failed to write target shader dump docs/apple-silicon/task-16-evidence-2026-05-21/cycle4-sampler-rt/glsl-dumps/xemu-metal-target-0x03d00000.glsl
xemu-metal: failed to write target shader dump docs/apple-silicon/task-16-evidence-2026-05-21/cycle4-sampler-rt/glsl-dumps/xemu-metal-target-0x03d00000.glsl
xemu-metal: failed to write target shader dump docs/apple-silicon/task-16-evidence-2026-05-21/cycle4-sampler-rt/glsl-dumps/xemu-metal-target-0x03d00000.glsl
xemu-metal: failed to write target shader dump docs/apple-silicon/task-16-evidence-2026-05-21/cycle4-sampler-rt/glsl-dumps/xemu-metal-target-0x03d00000.glsl
xemu-metal: failed to write target shader dump docs/apple-silicon/task-16-evidence-2026-05-21/cycle4-sampler-rt/glsl-dumps/xemu-metal-target-0x03d00000.glsl
xemu-metal: failed to write target shader dump docs/apple-silicon/task-16-evidence-2026-05-21/cycle4-sampler-rt/glsl-dumps/xemu-metal-target-0x03d00000.glsl
xemu-metal: failed to write target shader dump docs/apple-silicon/task-16-evidence-2026-05-21/cycle4-sampler-rt/glsl-dumps/xemu-metal-target-0x03d00000.glsl
xemu-metal: failed to write target shader dump docs/apple-silicon/task-16-evidence-2026-05-21/cycle4-sampler-rt/glsl-dumps/xemu-metal-target-0x03d00000.glsl
xemu-metal: failed to write target shader dump docs/apple-silicon/task-16-evidence-2026-05-21/cycle4-sampler-rt/glsl-dumps/xemu-metal-target-0x03d00000.glsl
xemu-metal: failed to write target shader dump docs/apple-silicon/task-16-evidence-2026-05-21/cycle4-sampler-rt/glsl-dumps/xemu-metal-target-0x03d00000.glsl
xemu-metal: failed to write target shader dump docs/apple-silicon/task-16-evidence-2026-05-21/cycle4-sampler-rt/glsl-dumps/xemu-metal-target-0x03d00000.glsl
xemu-metal: failed to write target shader dump docs/apple-silicon/task-16-evidence-2026-05-21/cycle4-sampler-rt/glsl-dumps/xemu-metal-target-0x03d00000.glsl
xemu-metal: failed to write target shader dump docs/apple-silicon/task-16-evidence-2026-05-21/cycle4-sampler-rt/glsl-dumps/xemu-metal-target-0x03d00000.glsl
xemu-metal: failed to write target shader dump docs/apple-silicon/task-16-evidence-2026-05-21/cycle4-sampler-rt/glsl-dumps/xemu-metal-target-0x03aa8000.glsl
xemu-metal: failed to write target shader dump docs/apple-silicon/task-16-evidence-2026-05-21/cycle4-sampler-rt/glsl-dumps/xemu-metal-target-0x03aa8000.glsl
xemu-metal: failed to write target shader dump docs/apple-silicon/task-16-evidence-2026-05-21/cycle4-sampler-rt/glsl-dumps/xemu-metal-target-0x03aa8000.glsl
xemu-metal: failed to write target shader dump docs/apple-silicon/task-16-evidence-2026-05-21/cycle4-sampler-rt/glsl-dumps/xemu-metal-target-0x03aa8000.glsl
xemu-metal: failed to write target shader dump docs/apple-silicon/task-16-evidence-2026-05-21/cycle4-sampler-rt/glsl-dumps/xemu-metal-target-0x03aa8000.glsl
xemu-metal: failed to write target shader dump docs/apple-silicon/task-16-evidence-2026-05-21/cycle4-sampler-rt/glsl-dumps/xemu-metal-target-0x03aa8000.glsl
xemu-metal: failed to write target shader dump docs/apple-silicon/task-16-evidence-2026-05-21/cycle4-sampler-rt/glsl-dumps/xemu-metal-target-0x03aa8000.glsl
xemu-metal: failed to write target shader dump docs/apple-silicon/task-16-evidence-2026-05-21/cycle4-sampler-rt/glsl-dumps/xemu-metal-target-0x03aa8000.glsl
xemu-metal: failed to write target shader dump docs/apple-silicon/task-16-evidence-2026-05-21/cycle4-sampler-rt/glsl-dumps/xemu-metal-target-0x03aa8000.glsl
xemu-metal: failed to write target shader dump docs/apple-silicon/task-16-evidence-2026-05-21/cycle4-sampler-rt/glsl-dumps/xemu-metal-target-0x03aa8000.glsl
xemu-metal: failed to write target shader dump docs/apple-silicon/task-16-evidence-2026-05-21/cycle4-sampler-rt/glsl-dumps/xemu-metal-target-0x03aa8000.glsl
xemu-metal: failed to write target shader dump docs/apple-silicon/task-16-evidence-2026-05-21/cycle4-sampler-rt/glsl-dumps/xemu-metal-target-0x03aa8000.glsl
xemu-metal: failed to write target shader dump docs/apple-silicon/task-16-evidence-2026-05-21/cycle4-sampler-rt/glsl-dumps/xemu-metal-target-0x03aa8000.glsl
xemu-metal: failed to write target shader dump docs/apple-silicon/task-16-evidence-2026-05-21/cycle4-sampler-rt/glsl-dumps/xemu-metal-target-0x03aa8000.glsl
xemu-metal: failed to write target shader dump docs/apple-silicon/task-16-evidence-2026-05-21/cycle4-sampler-rt/glsl-dumps/xemu-metal-target-0x03bd4000.glsl
xemu-metal: failed to write target shader dump docs/apple-silicon/task-16-evidence-2026-05-21/cycle4-sampler-rt/glsl-dumps/xemu-metal-target-0x03bd4000.glsl
xemu-metal: failed to write target shader dump docs/apple-silicon/task-16-evidence-2026-05-21/cycle4-sampler-rt/glsl-dumps/xemu-metal-target-0x03bd4000.glsl
xemu-metal: failed to write target shader dump docs/apple-silicon/task-16-evidence-2026-05-21/cycle4-sampler-rt/glsl-dumps/xemu-metal-target-0x03bd4000.glsl
xemu-metal: failed to write target shader dump docs/apple-silicon/task-16-evidence-2026-05-21/cycle4-sampler-rt/glsl-dumps/xemu-metal-target-0x03bd4000.glsl
xemu-metal: failed to write target shader dump docs/apple-silicon/task-16-evidence-2026-05-21/cycle4-sampler-rt/glsl-dumps/xemu-metal-target-0x03bd4000.glsl
xemu-metal: failed to write target shader dump docs/apple-silicon/task-16-evidence-2026-05-21/cycle4-sampler-rt/glsl-dumps/xemu-metal-target-0x03bd4000.glsl
xemu-metal: failed to write target shader dump docs/apple-silicon/task-16-evidence-2026-05-21/cycle4-sampler-rt/glsl-dumps/xemu-metal-target-0x03bd4000.glsl
xemu-metal: failed to write target shader dump docs/apple-silicon/task-16-evidence-2026-05-21/cycle4-sampler-rt/glsl-dumps/xemu-metal-target-0x03bd4000.glsl
xemu-metal: failed to write target shader dump docs/apple-silicon/task-16-evidence-2026-05-21/cycle4-sampler-rt/glsl-dumps/xemu-metal-target-0x03bd4000.glsl
xemu-metal: failed to write target shader dump docs/apple-silicon/task-16-evidence-2026-05-21/cycle4-sampler-rt/glsl-dumps/xemu-metal-target-0x03bd4000.glsl
xemu-metal: failed to write target shader dump docs/apple-silicon/task-16-evidence-2026-05-21/cycle4-sampler-rt/glsl-dumps/xemu-metal-target-0x03bd4000.glsl
xemu-metal: failed to write target shader dump docs/apple-silicon/task-16-evidence-2026-05-21/cycle4-sampler-rt/glsl-dumps/xemu-metal-target-0x03bd4000.glsl
xemu-metal: failed to write target shader dump docs/apple-silicon/task-16-evidence-2026-05-21/cycle4-sampler-rt/glsl-dumps/xemu-metal-target-0x03bd4000.glsl
xemu-metal: failed to write target shader dump docs/apple-silicon/task-16-evidence-2026-05-21/cycle4-sampler-rt/glsl-dumps/xemu-metal-target-0x03d00000.glsl
xemu-metal: failed to write target shader dump docs/apple-silicon/task-16-evidence-2026-05-21/cycle4-sampler-rt/glsl-dumps/xemu-metal-target-0x03d00000.glsl
xemu-metal: failed to write target shader dump docs/apple-silicon/task-16-evidence-2026-05-21/cycle4-sampler-rt/glsl-dumps/xemu-metal-target-0x03d00000.glsl
xemu-metal: failed to write target shader dump docs/apple-silicon/task-16-evidence-2026-05-21/cycle4-sampler-rt/glsl-dumps/xemu-metal-target-0x03d00000.glsl
xemu-metal: failed to write target shader dump docs/apple-silicon/task-16-evidence-2026-05-21/cycle4-sampler-rt/glsl-dumps/xemu-metal-target-0x03d00000.glsl
xemu-metal: failed to write target shader dump docs/apple-silicon/task-16-evidence-2026-05-21/cycle4-sampler-rt/glsl-dumps/xemu-metal-target-0x03d00000.glsl
xemu-metal: failed to write target shader dump docs/apple-silicon/task-16-evidence-2026-05-21/cycle4-sampler-rt/glsl-dumps/xemu-metal-target-0x03d00000.glsl
xemu-metal: failed to write target shader dump docs/apple-silicon/task-16-evidence-2026-05-21/cycle4-sampler-rt/glsl-dumps/xemu-metal-target-0x03d00000.glsl
xemu-metal: failed to write target shader dump docs/apple-silicon/task-16-evidence-2026-05-21/cycle4-sampler-rt/glsl-dumps/xemu-metal-target-0x03d00000.glsl
xemu-metal: failed to write target shader dump docs/apple-silicon/task-16-evidence-2026-05-21/cycle4-sampler-rt/glsl-dumps/xemu-metal-target-0x03d00000.glsl
xemu-metal: failed to write target shader dump docs/apple-silicon/task-16-evidence-2026-05-21/cycle4-sampler-rt/glsl-dumps/xemu-metal-target-0x03d00000.glsl
xemu-metal: failed to write target shader dump docs/apple-silicon/task-16-evidence-2026-05-21/cycle4-sampler-rt/glsl-dumps/xemu-metal-target-0x03d00000.glsl
xemu-metal: failed to write target shader dump docs/apple-silicon/task-16-evidence-2026-05-21/cycle4-sampler-rt/glsl-dumps/xemu-metal-target-0x03d00000.glsl
xemu-metal: failed to write target shader dump docs/apple-silicon/task-16-evidence-2026-05-21/cycle4-sampler-rt/glsl-dumps/xemu-metal-target-0x03d00000.glsl
xemu-metal: failed to write target shader dump docs/apple-silicon/task-16-evidence-2026-05-21/cycle4-sampler-rt/glsl-dumps/xemu-metal-target-0x03aa8000.glsl
xemu-metal: failed to write target shader dump docs/apple-silicon/task-16-evidence-2026-05-21/cycle4-sampler-rt/glsl-dumps/xemu-metal-target-0x03aa8000.glsl
xemu-metal: failed to write target shader dump docs/apple-silicon/task-16-evidence-2026-05-21/cycle4-sampler-rt/glsl-dumps/xemu-metal-target-0x03aa8000.glsl
xemu-metal: failed to write target shader dump docs/apple-silicon/task-16-evidence-2026-05-21/cycle4-sampler-rt/glsl-dumps/xemu-metal-target-0x03aa8000.glsl
xemu-metal: failed to write target shader dump docs/apple-silicon/task-16-evidence-2026-05-21/cycle4-sampler-rt/glsl-dumps/xemu-metal-target-0x03aa8000.glsl
xemu-metal: failed to write target shader dump docs/apple-silicon/task-16-evidence-2026-05-21/cycle4-sampler-rt/glsl-dumps/xemu-metal-target-0x03aa8000.glsl
xemu-metal: failed to write target shader dump docs/apple-silicon/task-16-evidence-2026-05-21/cycle4-sampler-rt/glsl-dumps/xemu-metal-target-0x03aa8000.glsl
xemu-metal: failed to write target shader dump docs/apple-silicon/task-16-evidence-2026-05-21/cycle4-sampler-rt/glsl-dumps/xemu-metal-target-0x03aa8000.glsl
xemu-metal: failed to write target shader dump docs/apple-silicon/task-16-evidence-2026-05-21/cycle4-sampler-rt/glsl-dumps/xemu-metal-target-0x03aa8000.glsl
xemu-metal: failed to write target shader dump docs/apple-silicon/task-16-evidence-2026-05-21/cycle4-sampler-rt/glsl-dumps/xemu-metal-target-0x03aa8000.glsl
xemu-metal: failed to write target shader dump docs/apple-silicon/task-16-evidence-2026-05-21/cycle4-sampler-rt/glsl-dumps/xemu-metal-target-0x03aa8000.glsl
xemu-metal: failed to write target shader dump docs/apple-silicon/task-16-evidence-2026-05-21/cycle4-sampler-rt/glsl-dumps/xemu-metal-target-0x03aa8000.glsl
xemu-metal: failed to write target shader dump docs/apple-silicon/task-16-evidence-2026-05-21/cycle4-sampler-rt/glsl-dumps/xemu-metal-target-0x03aa8000.glsl
xemu-metal: failed to write target shader dump docs/apple-silicon/task-16-evidence-2026-05-21/cycle4-sampler-rt/glsl-dumps/xemu-metal-target-0x03aa8000.glsl
xemu-metal: failed to write target shader dump docs/apple-silicon/task-16-evidence-2026-05-21/cycle4-sampler-rt/glsl-dumps/xemu-metal-target-0x03bd4000.glsl
xemu-metal: failed to write target shader dump docs/apple-silicon/task-16-evidence-2026-05-21/cycle4-sampler-rt/glsl-dumps/xemu-metal-target-0x03bd4000.glsl
xemu-metal: failed to write target shader dump docs/apple-silicon/task-16-evidence-2026-05-21/cycle4-sampler-rt/glsl-dumps/xemu-metal-target-0x03bd4000.glsl
xemu-metal: failed to write target shader dump docs/apple-silicon/task-16-evidence-2026-05-21/cycle4-sampler-rt/glsl-dumps/xemu-metal-target-0x03bd4000.glsl
xemu-metal: failed to write target shader dump docs/apple-silicon/task-16-evidence-2026-05-21/cycle4-sampler-rt/glsl-dumps/xemu-metal-target-0x03bd4000.glsl
xemu-metal: failed to write target shader dump docs/apple-silicon/task-16-evidence-2026-05-21/cycle4-sampler-rt/glsl-dumps/xemu-metal-target-0x03bd4000.glsl
xemu-metal: failed to write target shader dump docs/apple-silicon/task-16-evidence-2026-05-21/cycle4-sampler-rt/glsl-dumps/xemu-metal-target-0x03bd4000.glsl
xemu-metal: failed to write target shader dump docs/apple-silicon/task-16-evidence-2026-05-21/cycle4-sampler-rt/glsl-dumps/xemu-metal-target-0x03bd4000.glsl
xemu-metal: failed to write target shader dump docs/apple-silicon/task-16-evidence-2026-05-21/cycle4-sampler-rt/glsl-dumps/xemu-metal-target-0x03bd4000.glsl
xemu-metal: failed to write target shader dump docs/apple-silicon/task-16-evidence-2026-05-21/cycle4-sampler-rt/glsl-dumps/xemu-metal-target-0x03bd4000.glsl
xemu-metal: failed to write target shader dump docs/apple-silicon/task-16-evidence-2026-05-21/cycle4-sampler-rt/glsl-dumps/xemu-metal-target-0x03bd4000.glsl
xemu-metal: failed to write target shader dump docs/apple-silicon/task-16-evidence-2026-05-21/cycle4-sampler-rt/glsl-dumps/xemu-metal-target-0x03bd4000.glsl
xemu-metal: failed to write target shader dump docs/apple-silicon/task-16-evidence-2026-05-21/cycle4-sampler-rt/glsl-dumps/xemu-metal-target-0x03bd4000.glsl
xemu-metal: failed to write target shader dump docs/apple-silicon/task-16-evidence-2026-05-21/cycle4-sampler-rt/glsl-dumps/xemu-metal-target-0x03bd4000.glsl
xemu-perf: metal_screenshot_written path=docs/apple-silicon/task-16-evidence-2026-05-21/cycle4-sampler-rt/harness-final/swizzle-mipmap/metal/screenshots/swizzle-mipmap.0072.png w=640 h=480
xemu-metal: failed to write target shader dump docs/apple-silicon/task-16-evidence-2026-05-21/cycle4-sampler-rt/glsl-dumps/xemu-metal-target-0x03d00000.glsl
xemu-metal: failed to write target shader dump docs/apple-silicon/task-16-evidence-2026-05-21/cycle4-sampler-rt/glsl-dumps/xemu-metal-target-0x03d00000.glsl
xemu-metal: failed to write target shader dump docs/apple-silicon/task-16-evidence-2026-05-21/cycle4-sampler-rt/glsl-dumps/xemu-metal-target-0x03d00000.glsl
xemu-metal: failed to write target shader dump docs/apple-silicon/task-16-evidence-2026-05-21/cycle4-sampler-rt/glsl-dumps/xemu-metal-target-0x03d00000.glsl
xemu-metal: failed to write target shader dump docs/apple-silicon/task-16-evidence-2026-05-21/cycle4-sampler-rt/glsl-dumps/xemu-metal-target-0x03d00000.glsl
xemu-metal: failed to write target shader dump docs/apple-silicon/task-16-evidence-2026-05-21/cycle4-sampler-rt/glsl-dumps/xemu-metal-target-0x03d00000.glsl
xemu-metal: failed to write target shader dump docs/apple-silicon/task-16-evidence-2026-05-21/cycle4-sampler-rt/glsl-dumps/xemu-metal-target-0x03d00000.glsl
xemu-metal: failed to write target shader dump docs/apple-silicon/task-16-evidence-2026-05-21/cycle4-sampler-rt/glsl-dumps/xemu-metal-target-0x03d00000.glsl
xemu-metal: failed to write target shader dump docs/apple-silicon/task-16-evidence-2026-05-21/cycle4-sampler-rt/glsl-dumps/xemu-metal-target-0x03d00000.glsl
xemu-metal: failed to write target shader dump docs/apple-silicon/task-16-evidence-2026-05-21/cycle4-sampler-rt/glsl-dumps/xemu-metal-target-0x03d00000.glsl
xemu-metal: failed to write target shader dump docs/apple-silicon/task-16-evidence-2026-05-21/cycle4-sampler-rt/glsl-dumps/xemu-metal-target-0x03d00000.glsl
xemu-metal: failed to write target shader dump docs/apple-silicon/task-16-evidence-2026-05-21/cycle4-sampler-rt/glsl-dumps/xemu-metal-target-0x03d00000.glsl
xemu-metal: failed to write target shader dump docs/apple-silicon/task-16-evidence-2026-05-21/cycle4-sampler-rt/glsl-dumps/xemu-metal-target-0x03d00000.glsl
xemu-metal: failed to write target shader dump docs/apple-silicon/task-16-evidence-2026-05-21/cycle4-sampler-rt/glsl-dumps/xemu-metal-target-0x03d00000.glsl
xemu-metal: failed to write target shader dump docs/apple-silicon/task-16-evidence-2026-05-21/cycle4-sampler-rt/glsl-dumps/xemu-metal-target-0x03aa8000.glsl
xemu-metal: failed to write target shader dump docs/apple-silicon/task-16-evidence-2026-05-21/cycle4-sampler-rt/glsl-dumps/xemu-metal-target-0x03aa8000.glsl
xemu-metal: failed to write target shader dump docs/apple-silicon/task-16-evidence-2026-05-21/cycle4-sampler-rt/glsl-dumps/xemu-metal-target-0x03aa8000.glsl
xemu-metal: failed to write target shader dump docs/apple-silicon/task-16-evidence-2026-05-21/cycle4-sampler-rt/glsl-dumps/xemu-metal-target-0x03aa8000.glsl
xemu-metal: failed to write target shader dump docs/apple-silicon/task-16-evidence-2026-05-21/cycle4-sampler-rt/glsl-dumps/xemu-metal-target-0x03aa8000.glsl
xemu-metal: failed to write target shader dump docs/apple-silicon/task-16-evidence-2026-05-21/cycle4-sampler-rt/glsl-dumps/xemu-metal-target-0x03aa8000.glsl
xemu-metal: failed to write target shader dump docs/apple-silicon/task-16-evidence-2026-05-21/cycle4-sampler-rt/glsl-dumps/xemu-metal-target-0x03aa8000.glsl
xemu-metal: failed to write target shader dump docs/apple-silicon/task-16-evidence-2026-05-21/cycle4-sampler-rt/glsl-dumps/xemu-metal-target-0x03aa8000.glsl
xemu-metal: failed to write target shader dump docs/apple-silicon/task-16-evidence-2026-05-21/cycle4-sampler-rt/glsl-dumps/xemu-metal-target-0x03aa8000.glsl
xemu-metal: failed to write target shader dump docs/apple-silicon/task-16-evidence-2026-05-21/cycle4-sampler-rt/glsl-dumps/xemu-metal-target-0x03aa8000.glsl
xemu-metal: failed to write target shader dump docs/apple-silicon/task-16-evidence-2026-05-21/cycle4-sampler-rt/glsl-dumps/xemu-metal-target-0x03aa8000.glsl
xemu-metal: failed to write target shader dump docs/apple-silicon/task-16-evidence-2026-05-21/cycle4-sampler-rt/glsl-dumps/xemu-metal-target-0x03aa8000.glsl
xemu-metal: failed to write target shader dump docs/apple-silicon/task-16-evidence-2026-05-21/cycle4-sampler-rt/glsl-dumps/xemu-metal-target-0x03aa8000.glsl
xemu-metal: failed to write target shader dump docs/apple-silicon/task-16-evidence-2026-05-21/cycle4-sampler-rt/glsl-dumps/xemu-metal-target-0x03aa8000.glsl
xemu-metal: failed to write target shader dump docs/apple-silicon/task-16-evidence-2026-05-21/cycle4-sampler-rt/glsl-dumps/xemu-metal-target-0x03bd4000.glsl
xemu-metal: failed to write target shader dump docs/apple-silicon/task-16-evidence-2026-05-21/cycle4-sampler-rt/glsl-dumps/xemu-metal-target-0x03bd4000.glsl
xemu-metal: failed to write target shader dump docs/apple-silicon/task-16-evidence-2026-05-21/cycle4-sampler-rt/glsl-dumps/xemu-metal-target-0x03bd4000.glsl
xemu-metal: failed to write target shader dump docs/apple-silicon/task-16-evidence-2026-05-21/cycle4-sampler-rt/glsl-dumps/xemu-metal-target-0x03bd4000.glsl
xemu-metal: failed to write target shader dump docs/apple-silicon/task-16-evidence-2026-05-21/cycle4-sampler-rt/glsl-dumps/xemu-metal-target-0x03bd4000.glsl
xemu-metal: failed to write target shader dump docs/apple-silicon/task-16-evidence-2026-05-21/cycle4-sampler-rt/glsl-dumps/xemu-metal-target-0x03bd4000.glsl
xemu-metal: failed to write target shader dump docs/apple-silicon/task-16-evidence-2026-05-21/cycle4-sampler-rt/glsl-dumps/xemu-metal-target-0x03bd4000.glsl
xemu-metal: failed to write target shader dump docs/apple-silicon/task-16-evidence-2026-05-21/cycle4-sampler-rt/glsl-dumps/xemu-metal-target-0x03bd4000.glsl
xemu-metal: failed to write target shader dump docs/apple-silicon/task-16-evidence-2026-05-21/cycle4-sampler-rt/glsl-dumps/xemu-metal-target-0x03bd4000.glsl
xemu-metal: failed to write target shader dump docs/apple-silicon/task-16-evidence-2026-05-21/cycle4-sampler-rt/glsl-dumps/xemu-metal-target-0x03bd4000.glsl
xemu-metal: failed to write target shader dump docs/apple-silicon/task-16-evidence-2026-05-21/cycle4-sampler-rt/glsl-dumps/xemu-metal-target-0x03bd4000.glsl
xemu-metal: failed to write target shader dump docs/apple-silicon/task-16-evidence-2026-05-21/cycle4-sampler-rt/glsl-dumps/xemu-metal-target-0x03bd4000.glsl
xemu-metal: failed to write target shader dump docs/apple-silicon/task-16-evidence-2026-05-21/cycle4-sampler-rt/glsl-dumps/xemu-metal-target-0x03bd4000.glsl
xemu-metal: failed to write target shader dump docs/apple-silicon/task-16-evidence-2026-05-21/cycle4-sampler-rt/glsl-dumps/xemu-metal-target-0x03bd4000.glsl
xemu-metal: failed to write target shader dump docs/apple-silicon/task-16-evidence-2026-05-21/cycle4-sampler-rt/glsl-dumps/xemu-metal-target-0x03d00000.glsl
xemu-metal: failed to write target shader dump docs/apple-silicon/task-16-evidence-2026-05-21/cycle4-sampler-rt/glsl-dumps/xemu-metal-target-0x03d00000.glsl
xemu-metal: failed to write target shader dump docs/apple-silicon/task-16-evidence-2026-05-21/cycle4-sampler-rt/glsl-dumps/xemu-metal-target-0x03d00000.glsl
xemu-metal: failed to write target shader dump docs/apple-silicon/task-16-evidence-2026-05-21/cycle4-sampler-rt/glsl-dumps/xemu-metal-target-0x03d00000.glsl
xemu-metal: failed to write target shader dump docs/apple-silicon/task-16-evidence-2026-05-21/cycle4-sampler-rt/glsl-dumps/xemu-metal-target-0x03d00000.glsl
xemu-metal: failed to write target shader dump docs/apple-silicon/task-16-evidence-2026-05-21/cycle4-sampler-rt/glsl-dumps/xemu-metal-target-0x03d00000.glsl
xemu-metal: failed to write target shader dump docs/apple-silicon/task-16-evidence-2026-05-21/cycle4-sampler-rt/glsl-dumps/xemu-metal-target-0x03d00000.glsl
xemu-metal: failed to write target shader dump docs/apple-silicon/task-16-evidence-2026-05-21/cycle4-sampler-rt/glsl-dumps/xemu-metal-target-0x03d00000.glsl
xemu-metal: failed to write target shader dump docs/apple-silicon/task-16-evidence-2026-05-21/cycle4-sampler-rt/glsl-dumps/xemu-metal-target-0x03d00000.glsl
xemu-metal: failed to write target shader dump docs/apple-silicon/task-16-evidence-2026-05-21/cycle4-sampler-rt/glsl-dumps/xemu-metal-target-0x03d00000.glsl
xemu-metal: failed to write target shader dump docs/apple-silicon/task-16-evidence-2026-05-21/cycle4-sampler-rt/glsl-dumps/xemu-metal-target-0x03d00000.glsl
xemu-metal: failed to write target shader dump docs/apple-silicon/task-16-evidence-2026-05-21/cycle4-sampler-rt/glsl-dumps/xemu-metal-target-0x03d00000.glsl
xemu-metal: failed to write target shader dump docs/apple-silicon/task-16-evidence-2026-05-21/cycle4-sampler-rt/glsl-dumps/xemu-metal-target-0x03d00000.glsl
xemu-metal: failed to write target shader dump docs/apple-silicon/task-16-evidence-2026-05-21/cycle4-sampler-rt/glsl-dumps/xemu-metal-target-0x03d00000.glsl
xemu-metal: failed to write target shader dump docs/apple-silicon/task-16-evidence-2026-05-21/cycle4-sampler-rt/glsl-dumps/xemu-metal-target-0x03aa8000.glsl
xemu-metal: failed to write target shader dump docs/apple-silicon/task-16-evidence-2026-05-21/cycle4-sampler-rt/glsl-dumps/xemu-metal-target-0x03aa8000.glsl
xemu-metal: failed to write target shader dump docs/apple-silicon/task-16-evidence-2026-05-21/cycle4-sampler-rt/glsl-dumps/xemu-metal-target-0x03aa8000.glsl
xemu-metal: failed to write target shader dump docs/apple-silicon/task-16-evidence-2026-05-21/cycle4-sampler-rt/glsl-dumps/xemu-metal-target-0x03aa8000.glsl
xemu-metal: failed to write target shader dump docs/apple-silicon/task-16-evidence-2026-05-21/cycle4-sampler-rt/glsl-dumps/xemu-metal-target-0x03aa8000.glsl
xemu-metal: failed to write target shader dump docs/apple-silicon/task-16-evidence-2026-05-21/cycle4-sampler-rt/glsl-dumps/xemu-metal-target-0x03aa8000.glsl
xemu-metal: failed to write target shader dump docs/apple-silicon/task-16-evidence-2026-05-21/cycle4-sampler-rt/glsl-dumps/xemu-metal-target-0x03aa8000.glsl
xemu-metal: failed to write target shader dump docs/apple-silicon/task-16-evidence-2026-05-21/cycle4-sampler-rt/glsl-dumps/xemu-metal-target-0x03aa8000.glsl
xemu-metal: failed to write target shader dump docs/apple-silicon/task-16-evidence-2026-05-21/cycle4-sampler-rt/glsl-dumps/xemu-metal-target-0x03aa8000.glsl
xemu-metal: failed to write target shader dump docs/apple-silicon/task-16-evidence-2026-05-21/cycle4-sampler-rt/glsl-dumps/xemu-metal-target-0x03aa8000.glsl
xemu-metal: failed to write target shader dump docs/apple-silicon/task-16-evidence-2026-05-21/cycle4-sampler-rt/glsl-dumps/xemu-metal-target-0x03aa8000.glsl
xemu-metal: failed to write target shader dump docs/apple-silicon/task-16-evidence-2026-05-21/cycle4-sampler-rt/glsl-dumps/xemu-metal-target-0x03aa8000.glsl
xemu-metal: failed to write target shader dump docs/apple-silicon/task-16-evidence-2026-05-21/cycle4-sampler-rt/glsl-dumps/xemu-metal-target-0x03aa8000.glsl
xemu-metal: failed to write target shader dump docs/apple-silicon/task-16-evidence-2026-05-21/cycle4-sampler-rt/glsl-dumps/xemu-metal-target-0x03aa8000.glsl
xemu-metal: failed to write target shader dump docs/apple-silicon/task-16-evidence-2026-05-21/cycle4-sampler-rt/glsl-dumps/xemu-metal-target-0x03bd4000.glsl
xemu-metal: failed to write target shader dump docs/apple-silicon/task-16-evidence-2026-05-21/cycle4-sampler-rt/glsl-dumps/xemu-metal-target-0x03bd4000.glsl
xemu-metal: failed to write target shader dump docs/apple-silicon/task-16-evidence-2026-05-21/cycle4-sampler-rt/glsl-dumps/xemu-metal-target-0x03bd4000.glsl
xemu-metal: failed to write target shader dump docs/apple-silicon/task-16-evidence-2026-05-21/cycle4-sampler-rt/glsl-dumps/xemu-metal-target-0x03bd4000.glsl
xemu-metal: failed to write target shader dump docs/apple-silicon/task-16-evidence-2026-05-21/cycle4-sampler-rt/glsl-dumps/xemu-metal-target-0x03bd4000.glsl
xemu-metal: failed to write target shader dump docs/apple-silicon/task-16-evidence-2026-05-21/cycle4-sampler-rt/glsl-dumps/xemu-metal-target-0x03bd4000.glsl
xemu-metal: failed to write target shader dump docs/apple-silicon/task-16-evidence-2026-05-21/cycle4-sampler-rt/glsl-dumps/xemu-metal-target-0x03bd4000.glsl
xemu-metal: failed to write target shader dump docs/apple-silicon/task-16-evidence-2026-05-21/cycle4-sampler-rt/glsl-dumps/xemu-metal-target-0x03bd4000.glsl
xemu-metal: failed to write target shader dump docs/apple-silicon/task-16-evidence-2026-05-21/cycle4-sampler-rt/glsl-dumps/xemu-metal-target-0x03bd4000.glsl
xemu-metal: failed to write target shader dump docs/apple-silicon/task-16-evidence-2026-05-21/cycle4-sampler-rt/glsl-dumps/xemu-metal-target-0x03bd4000.glsl
xemu-metal: failed to write target shader dump docs/apple-silicon/task-16-evidence-2026-05-21/cycle4-sampler-rt/glsl-dumps/xemu-metal-target-0x03bd4000.glsl
xemu-metal: failed to write target shader dump docs/apple-silicon/task-16-evidence-2026-05-21/cycle4-sampler-rt/glsl-dumps/xemu-metal-target-0x03bd4000.glsl
xemu-metal: failed to write target shader dump docs/apple-silicon/task-16-evidence-2026-05-21/cycle4-sampler-rt/glsl-dumps/xemu-metal-target-0x03bd4000.glsl
xemu-metal: failed to write target shader dump docs/apple-silicon/task-16-evidence-2026-05-21/cycle4-sampler-rt/glsl-dumps/xemu-metal-target-0x03bd4000.glsl
xemu-metal: failed to write target shader dump docs/apple-silicon/task-16-evidence-2026-05-21/cycle4-sampler-rt/glsl-dumps/xemu-metal-target-0x03d00000.glsl
xemu-metal: failed to write target shader dump docs/apple-silicon/task-16-evidence-2026-05-21/cycle4-sampler-rt/glsl-dumps/xemu-metal-target-0x03d00000.glsl
xemu-metal: failed to write target shader dump docs/apple-silicon/task-16-evidence-2026-05-21/cycle4-sampler-rt/glsl-dumps/xemu-metal-target-0x03d00000.glsl
xemu-metal: failed to write target shader dump docs/apple-silicon/task-16-evidence-2026-05-21/cycle4-sampler-rt/glsl-dumps/xemu-metal-target-0x03d00000.glsl
xemu-metal: failed to write target shader dump docs/apple-silicon/task-16-evidence-2026-05-21/cycle4-sampler-rt/glsl-dumps/xemu-metal-target-0x03d00000.glsl
xemu-metal: failed to write target shader dump docs/apple-silicon/task-16-evidence-2026-05-21/cycle4-sampler-rt/glsl-dumps/xemu-metal-target-0x03d00000.glsl
xemu-metal: failed to write target shader dump docs/apple-silicon/task-16-evidence-2026-05-21/cycle4-sampler-rt/glsl-dumps/xemu-metal-target-0x03d00000.glsl
xemu-metal: failed to write target shader dump docs/apple-silicon/task-16-evidence-2026-05-21/cycle4-sampler-rt/glsl-dumps/xemu-metal-target-0x03d00000.glsl
xemu-metal: failed to write target shader dump docs/apple-silicon/task-16-evidence-2026-05-21/cycle4-sampler-rt/glsl-dumps/xemu-metal-target-0x03d00000.glsl
xemu-metal: failed to write target shader dump docs/apple-silicon/task-16-evidence-2026-05-21/cycle4-sampler-rt/glsl-dumps/xemu-metal-target-0x03d00000.glsl
xemu-metal: failed to write target shader dump docs/apple-silicon/task-16-evidence-2026-05-21/cycle4-sampler-rt/glsl-dumps/xemu-metal-target-0x03d00000.glsl
xemu-metal: failed to write target shader dump docs/apple-silicon/task-16-evidence-2026-05-21/cycle4-sampler-rt/glsl-dumps/xemu-metal-target-0x03d00000.glsl
xemu-metal: failed to write target shader dump docs/apple-silicon/task-16-evidence-2026-05-21/cycle4-sampler-rt/glsl-dumps/xemu-metal-target-0x03d00000.glsl
xemu-metal: failed to write target shader dump docs/apple-silicon/task-16-evidence-2026-05-21/cycle4-sampler-rt/glsl-dumps/xemu-metal-target-0x03d00000.glsl
xemu-perf: metal_screenshot_written path=docs/apple-silicon/task-16-evidence-2026-05-21/cycle4-sampler-rt/harness-final/swizzle-mipmap/metal/screenshots/swizzle-mipmap.0073.png w=640 h=480
xemu-metal: failed to write target shader dump docs/apple-silicon/task-16-evidence-2026-05-21/cycle4-sampler-rt/glsl-dumps/xemu-metal-target-0x03aa8000.glsl
xemu-metal: failed to write target shader dump docs/apple-silicon/task-16-evidence-2026-05-21/cycle4-sampler-rt/glsl-dumps/xemu-metal-target-0x03aa8000.glsl
xemu-metal: failed to write target shader dump docs/apple-silicon/task-16-evidence-2026-05-21/cycle4-sampler-rt/glsl-dumps/xemu-metal-target-0x03aa8000.glsl
xemu-metal: failed to write target shader dump docs/apple-silicon/task-16-evidence-2026-05-21/cycle4-sampler-rt/glsl-dumps/xemu-metal-target-0x03aa8000.glsl
xemu-metal: failed to write target shader dump docs/apple-silicon/task-16-evidence-2026-05-21/cycle4-sampler-rt/glsl-dumps/xemu-metal-target-0x03aa8000.glsl
xemu-metal: failed to write target shader dump docs/apple-silicon/task-16-evidence-2026-05-21/cycle4-sampler-rt/glsl-dumps/xemu-metal-target-0x03aa8000.glsl
xemu-metal: failed to write target shader dump docs/apple-silicon/task-16-evidence-2026-05-21/cycle4-sampler-rt/glsl-dumps/xemu-metal-target-0x03aa8000.glsl
xemu-metal: failed to write target shader dump docs/apple-silicon/task-16-evidence-2026-05-21/cycle4-sampler-rt/glsl-dumps/xemu-metal-target-0x03aa8000.glsl
xemu-metal: failed to write target shader dump docs/apple-silicon/task-16-evidence-2026-05-21/cycle4-sampler-rt/glsl-dumps/xemu-metal-target-0x03aa8000.glsl
xemu-metal: failed to write target shader dump docs/apple-silicon/task-16-evidence-2026-05-21/cycle4-sampler-rt/glsl-dumps/xemu-metal-target-0x03aa8000.glsl
xemu-metal: failed to write target shader dump docs/apple-silicon/task-16-evidence-2026-05-21/cycle4-sampler-rt/glsl-dumps/xemu-metal-target-0x03aa8000.glsl
xemu-metal: failed to write target shader dump docs/apple-silicon/task-16-evidence-2026-05-21/cycle4-sampler-rt/glsl-dumps/xemu-metal-target-0x03aa8000.glsl
xemu-metal: failed to write target shader dump docs/apple-silicon/task-16-evidence-2026-05-21/cycle4-sampler-rt/glsl-dumps/xemu-metal-target-0x03aa8000.glsl
xemu-metal: failed to write target shader dump docs/apple-silicon/task-16-evidence-2026-05-21/cycle4-sampler-rt/glsl-dumps/xemu-metal-target-0x03aa8000.glsl
xemu-metal: failed to write target shader dump docs/apple-silicon/task-16-evidence-2026-05-21/cycle4-sampler-rt/glsl-dumps/xemu-metal-target-0x03bd4000.glsl
xemu-metal: failed to write target shader dump docs/apple-silicon/task-16-evidence-2026-05-21/cycle4-sampler-rt/glsl-dumps/xemu-metal-target-0x03bd4000.glsl
xemu-metal: failed to write target shader dump docs/apple-silicon/task-16-evidence-2026-05-21/cycle4-sampler-rt/glsl-dumps/xemu-metal-target-0x03bd4000.glsl
xemu-metal: failed to write target shader dump docs/apple-silicon/task-16-evidence-2026-05-21/cycle4-sampler-rt/glsl-dumps/xemu-metal-target-0x03bd4000.glsl
xemu-metal: failed to write target shader dump docs/apple-silicon/task-16-evidence-2026-05-21/cycle4-sampler-rt/glsl-dumps/xemu-metal-target-0x03bd4000.glsl
xemu-metal: failed to write target shader dump docs/apple-silicon/task-16-evidence-2026-05-21/cycle4-sampler-rt/glsl-dumps/xemu-metal-target-0x03bd4000.glsl
xemu-metal: failed to write target shader dump docs/apple-silicon/task-16-evidence-2026-05-21/cycle4-sampler-rt/glsl-dumps/xemu-metal-target-0x03bd4000.glsl
xemu-metal: failed to write target shader dump docs/apple-silicon/task-16-evidence-2026-05-21/cycle4-sampler-rt/glsl-dumps/xemu-metal-target-0x03bd4000.glsl
xemu-metal: failed to write target shader dump docs/apple-silicon/task-16-evidence-2026-05-21/cycle4-sampler-rt/glsl-dumps/xemu-metal-target-0x03bd4000.glsl
xemu-metal: failed to write target shader dump docs/apple-silicon/task-16-evidence-2026-05-21/cycle4-sampler-rt/glsl-dumps/xemu-metal-target-0x03bd4000.glsl
xemu-metal: failed to write target shader dump docs/apple-silicon/task-16-evidence-2026-05-21/cycle4-sampler-rt/glsl-dumps/xemu-metal-target-0x03bd4000.glsl
xemu-metal: failed to write target shader dump docs/apple-silicon/task-16-evidence-2026-05-21/cycle4-sampler-rt/glsl-dumps/xemu-metal-target-0x03bd4000.glsl
xemu-metal: failed to write target shader dump docs/apple-silicon/task-16-evidence-2026-05-21/cycle4-sampler-rt/glsl-dumps/xemu-metal-target-0x03bd4000.glsl
xemu-metal: failed to write target shader dump docs/apple-silicon/task-16-evidence-2026-05-21/cycle4-sampler-rt/glsl-dumps/xemu-metal-target-0x03bd4000.glsl
xemu-metal: failed to write target shader dump docs/apple-silicon/task-16-evidence-2026-05-21/cycle4-sampler-rt/glsl-dumps/xemu-metal-target-0x03d00000.glsl
xemu-metal: failed to write target shader dump docs/apple-silicon/task-16-evidence-2026-05-21/cycle4-sampler-rt/glsl-dumps/xemu-metal-target-0x03d00000.glsl
xemu-metal: failed to write target shader dump docs/apple-silicon/task-16-evidence-2026-05-21/cycle4-sampler-rt/glsl-dumps/xemu-metal-target-0x03d00000.glsl
xemu-metal: failed to write target shader dump docs/apple-silicon/task-16-evidence-2026-05-21/cycle4-sampler-rt/glsl-dumps/xemu-metal-target-0x03d00000.glsl
xemu-metal: failed to write target shader dump docs/apple-silicon/task-16-evidence-2026-05-21/cycle4-sampler-rt/glsl-dumps/xemu-metal-target-0x03d00000.glsl
xemu-metal: failed to write target shader dump docs/apple-silicon/task-16-evidence-2026-05-21/cycle4-sampler-rt/glsl-dumps/xemu-metal-target-0x03d00000.glsl
xemu-metal: failed to write target shader dump docs/apple-silicon/task-16-evidence-2026-05-21/cycle4-sampler-rt/glsl-dumps/xemu-metal-target-0x03d00000.glsl
xemu-metal: failed to write target shader dump docs/apple-silicon/task-16-evidence-2026-05-21/cycle4-sampler-rt/glsl-dumps/xemu-metal-target-0x03d00000.glsl
xemu-metal: failed to write target shader dump docs/apple-silicon/task-16-evidence-2026-05-21/cycle4-sampler-rt/glsl-dumps/xemu-metal-target-0x03d00000.glsl
xemu-metal: failed to write target shader dump docs/apple-silicon/task-16-evidence-2026-05-21/cycle4-sampler-rt/glsl-dumps/xemu-metal-target-0x03d00000.glsl
xemu-metal: failed to write target shader dump docs/apple-silicon/task-16-evidence-2026-05-21/cycle4-sampler-rt/glsl-dumps/xemu-metal-target-0x03d00000.glsl
xemu-metal: failed to write target shader dump docs/apple-silicon/task-16-evidence-2026-05-21/cycle4-sampler-rt/glsl-dumps/xemu-metal-target-0x03d00000.glsl
xemu-metal: failed to write target shader dump docs/apple-silicon/task-16-evidence-2026-05-21/cycle4-sampler-rt/glsl-dumps/xemu-metal-target-0x03d00000.glsl
xemu-metal: failed to write target shader dump docs/apple-silicon/task-16-evidence-2026-05-21/cycle4-sampler-rt/glsl-dumps/xemu-metal-target-0x03d00000.glsl
xemu-metal: failed to write target shader dump docs/apple-silicon/task-16-evidence-2026-05-21/cycle4-sampler-rt/glsl-dumps/xemu-metal-target-0x03aa8000.glsl
xemu-metal: failed to write target shader dump docs/apple-silicon/task-16-evidence-2026-05-21/cycle4-sampler-rt/glsl-dumps/xemu-metal-target-0x03aa8000.glsl
xemu-metal: failed to write target shader dump docs/apple-silicon/task-16-evidence-2026-05-21/cycle4-sampler-rt/glsl-dumps/xemu-metal-target-0x03aa8000.glsl
xemu-metal: failed to write target shader dump docs/apple-silicon/task-16-evidence-2026-05-21/cycle4-sampler-rt/glsl-dumps/xemu-metal-target-0x03aa8000.glsl
xemu-metal: failed to write target shader dump docs/apple-silicon/task-16-evidence-2026-05-21/cycle4-sampler-rt/glsl-dumps/xemu-metal-target-0x03aa8000.glsl
xemu-metal: failed to write target shader dump docs/apple-silicon/task-16-evidence-2026-05-21/cycle4-sampler-rt/glsl-dumps/xemu-metal-target-0x03aa8000.glsl
xemu-metal: failed to write target shader dump docs/apple-silicon/task-16-evidence-2026-05-21/cycle4-sampler-rt/glsl-dumps/xemu-metal-target-0x03aa8000.glsl
xemu-metal: failed to write target shader dump docs/apple-silicon/task-16-evidence-2026-05-21/cycle4-sampler-rt/glsl-dumps/xemu-metal-target-0x03aa8000.glsl
xemu-metal: failed to write target shader dump docs/apple-silicon/task-16-evidence-2026-05-21/cycle4-sampler-rt/glsl-dumps/xemu-metal-target-0x03aa8000.glsl
xemu-metal: failed to write target shader dump docs/apple-silicon/task-16-evidence-2026-05-21/cycle4-sampler-rt/glsl-dumps/xemu-metal-target-0x03aa8000.glsl
xemu-metal: failed to write target shader dump docs/apple-silicon/task-16-evidence-2026-05-21/cycle4-sampler-rt/glsl-dumps/xemu-metal-target-0x03aa8000.glsl
xemu-metal: failed to write target shader dump docs/apple-silicon/task-16-evidence-2026-05-21/cycle4-sampler-rt/glsl-dumps/xemu-metal-target-0x03aa8000.glsl
xemu-metal: failed to write target shader dump docs/apple-silicon/task-16-evidence-2026-05-21/cycle4-sampler-rt/glsl-dumps/xemu-metal-target-0x03aa8000.glsl
xemu-metal: failed to write target shader dump docs/apple-silicon/task-16-evidence-2026-05-21/cycle4-sampler-rt/glsl-dumps/xemu-metal-target-0x03aa8000.glsl
xemu-metal: failed to write target shader dump docs/apple-silicon/task-16-evidence-2026-05-21/cycle4-sampler-rt/glsl-dumps/xemu-metal-target-0x03bd4000.glsl
xemu-metal: failed to write target shader dump docs/apple-silicon/task-16-evidence-2026-05-21/cycle4-sampler-rt/glsl-dumps/xemu-metal-target-0x03bd4000.glsl
xemu-metal: failed to write target shader dump docs/apple-silicon/task-16-evidence-2026-05-21/cycle4-sampler-rt/glsl-dumps/xemu-metal-target-0x03bd4000.glsl
xemu-metal: failed to write target shader dump docs/apple-silicon/task-16-evidence-2026-05-21/cycle4-sampler-rt/glsl-dumps/xemu-metal-target-0x03bd4000.glsl
xemu-metal: failed to write target shader dump docs/apple-silicon/task-16-evidence-2026-05-21/cycle4-sampler-rt/glsl-dumps/xemu-metal-target-0x03bd4000.glsl
xemu-metal: failed to write target shader dump docs/apple-silicon/task-16-evidence-2026-05-21/cycle4-sampler-rt/glsl-dumps/xemu-metal-target-0x03bd4000.glsl
xemu-metal: failed to write target shader dump docs/apple-silicon/task-16-evidence-2026-05-21/cycle4-sampler-rt/glsl-dumps/xemu-metal-target-0x03bd4000.glsl
xemu-metal: failed to write target shader dump docs/apple-silicon/task-16-evidence-2026-05-21/cycle4-sampler-rt/glsl-dumps/xemu-metal-target-0x03bd4000.glsl
xemu-metal: failed to write target shader dump docs/apple-silicon/task-16-evidence-2026-05-21/cycle4-sampler-rt/glsl-dumps/xemu-metal-target-0x03bd4000.glsl
xemu-metal: failed to write target shader dump docs/apple-silicon/task-16-evidence-2026-05-21/cycle4-sampler-rt/glsl-dumps/xemu-metal-target-0x03bd4000.glsl
xemu-metal: failed to write target shader dump docs/apple-silicon/task-16-evidence-2026-05-21/cycle4-sampler-rt/glsl-dumps/xemu-metal-target-0x03bd4000.glsl
xemu-metal: failed to write target shader dump docs/apple-silicon/task-16-evidence-2026-05-21/cycle4-sampler-rt/glsl-dumps/xemu-metal-target-0x03bd4000.glsl
xemu-metal: failed to write target shader dump docs/apple-silicon/task-16-evidence-2026-05-21/cycle4-sampler-rt/glsl-dumps/xemu-metal-target-0x03bd4000.glsl
xemu-metal: failed to write target shader dump docs/apple-silicon/task-16-evidence-2026-05-21/cycle4-sampler-rt/glsl-dumps/xemu-metal-target-0x03bd4000.glsl
xemu-metal: failed to write target shader dump docs/apple-silicon/task-16-evidence-2026-05-21/cycle4-sampler-rt/glsl-dumps/xemu-metal-target-0x03d00000.glsl
xemu-metal: failed to write target shader dump docs/apple-silicon/task-16-evidence-2026-05-21/cycle4-sampler-rt/glsl-dumps/xemu-metal-target-0x03d00000.glsl
xemu-metal: failed to write target shader dump docs/apple-silicon/task-16-evidence-2026-05-21/cycle4-sampler-rt/glsl-dumps/xemu-metal-target-0x03d00000.glsl
xemu-metal: failed to write target shader dump docs/apple-silicon/task-16-evidence-2026-05-21/cycle4-sampler-rt/glsl-dumps/xemu-metal-target-0x03d00000.glsl
xemu-metal: failed to write target shader dump docs/apple-silicon/task-16-evidence-2026-05-21/cycle4-sampler-rt/glsl-dumps/xemu-metal-target-0x03d00000.glsl
xemu-metal: failed to write target shader dump docs/apple-silicon/task-16-evidence-2026-05-21/cycle4-sampler-rt/glsl-dumps/xemu-metal-target-0x03d00000.glsl
xemu-metal: failed to write target shader dump docs/apple-silicon/task-16-evidence-2026-05-21/cycle4-sampler-rt/glsl-dumps/xemu-metal-target-0x03d00000.glsl
xemu-metal: failed to write target shader dump docs/apple-silicon/task-16-evidence-2026-05-21/cycle4-sampler-rt/glsl-dumps/xemu-metal-target-0x03d00000.glsl
xemu-metal: failed to write target shader dump docs/apple-silicon/task-16-evidence-2026-05-21/cycle4-sampler-rt/glsl-dumps/xemu-metal-target-0x03d00000.glsl
xemu-metal: failed to write target shader dump docs/apple-silicon/task-16-evidence-2026-05-21/cycle4-sampler-rt/glsl-dumps/xemu-metal-target-0x03d00000.glsl
xemu-metal: failed to write target shader dump docs/apple-silicon/task-16-evidence-2026-05-21/cycle4-sampler-rt/glsl-dumps/xemu-metal-target-0x03d00000.glsl
xemu-metal: failed to write target shader dump docs/apple-silicon/task-16-evidence-2026-05-21/cycle4-sampler-rt/glsl-dumps/xemu-metal-target-0x03d00000.glsl
xemu-metal: failed to write target shader dump docs/apple-silicon/task-16-evidence-2026-05-21/cycle4-sampler-rt/glsl-dumps/xemu-metal-target-0x03d00000.glsl
xemu-metal: failed to write target shader dump docs/apple-silicon/task-16-evidence-2026-05-21/cycle4-sampler-rt/glsl-dumps/xemu-metal-target-0x03d00000.glsl
xemu-metal: failed to write target shader dump docs/apple-silicon/task-16-evidence-2026-05-21/cycle4-sampler-rt/glsl-dumps/xemu-metal-target-0x03aa8000.glsl
xemu-metal: failed to write target shader dump docs/apple-silicon/task-16-evidence-2026-05-21/cycle4-sampler-rt/glsl-dumps/xemu-metal-target-0x03aa8000.glsl
xemu-metal: failed to write target shader dump docs/apple-silicon/task-16-evidence-2026-05-21/cycle4-sampler-rt/glsl-dumps/xemu-metal-target-0x03aa8000.glsl
xemu-metal: failed to write target shader dump docs/apple-silicon/task-16-evidence-2026-05-21/cycle4-sampler-rt/glsl-dumps/xemu-metal-target-0x03aa8000.glsl
xemu-metal: failed to write target shader dump docs/apple-silicon/task-16-evidence-2026-05-21/cycle4-sampler-rt/glsl-dumps/xemu-metal-target-0x03aa8000.glsl
xemu-metal: failed to write target shader dump docs/apple-silicon/task-16-evidence-2026-05-21/cycle4-sampler-rt/glsl-dumps/xemu-metal-target-0x03aa8000.glsl
xemu-metal: failed to write target shader dump docs/apple-silicon/task-16-evidence-2026-05-21/cycle4-sampler-rt/glsl-dumps/xemu-metal-target-0x03aa8000.glsl
xemu-metal: failed to write target shader dump docs/apple-silicon/task-16-evidence-2026-05-21/cycle4-sampler-rt/glsl-dumps/xemu-metal-target-0x03aa8000.glsl
xemu-metal: failed to write target shader dump docs/apple-silicon/task-16-evidence-2026-05-21/cycle4-sampler-rt/glsl-dumps/xemu-metal-target-0x03aa8000.glsl
xemu-metal: failed to write target shader dump docs/apple-silicon/task-16-evidence-2026-05-21/cycle4-sampler-rt/glsl-dumps/xemu-metal-target-0x03aa8000.glsl
xemu-metal: failed to write target shader dump docs/apple-silicon/task-16-evidence-2026-05-21/cycle4-sampler-rt/glsl-dumps/xemu-metal-target-0x03aa8000.glsl
xemu-metal: failed to write target shader dump docs/apple-silicon/task-16-evidence-2026-05-21/cycle4-sampler-rt/glsl-dumps/xemu-metal-target-0x03aa8000.glsl
xemu-metal: failed to write target shader dump docs/apple-silicon/task-16-evidence-2026-05-21/cycle4-sampler-rt/glsl-dumps/xemu-metal-target-0x03aa8000.glsl
xemu-metal: failed to write target shader dump docs/apple-silicon/task-16-evidence-2026-05-21/cycle4-sampler-rt/glsl-dumps/xemu-metal-target-0x03aa8000.glsl
xemu-metal: failed to write target shader dump docs/apple-silicon/task-16-evidence-2026-05-21/cycle4-sampler-rt/glsl-dumps/xemu-metal-target-0x03bd4000.glsl
xemu-metal: failed to write target shader dump docs/apple-silicon/task-16-evidence-2026-05-21/cycle4-sampler-rt/glsl-dumps/xemu-metal-target-0x03bd4000.glsl
xemu-metal: failed to write target shader dump docs/apple-silicon/task-16-evidence-2026-05-21/cycle4-sampler-rt/glsl-dumps/xemu-metal-target-0x03bd4000.glsl
xemu-metal: failed to write target shader dump docs/apple-silicon/task-16-evidence-2026-05-21/cycle4-sampler-rt/glsl-dumps/xemu-metal-target-0x03bd4000.glsl
xemu-metal: failed to write target shader dump docs/apple-silicon/task-16-evidence-2026-05-21/cycle4-sampler-rt/glsl-dumps/xemu-metal-target-0x03bd4000.glsl
xemu-metal: failed to write target shader dump docs/apple-silicon/task-16-evidence-2026-05-21/cycle4-sampler-rt/glsl-dumps/xemu-metal-target-0x03bd4000.glsl
xemu-metal: failed to write target shader dump docs/apple-silicon/task-16-evidence-2026-05-21/cycle4-sampler-rt/glsl-dumps/xemu-metal-target-0x03bd4000.glsl
xemu-metal: failed to write target shader dump docs/apple-silicon/task-16-evidence-2026-05-21/cycle4-sampler-rt/glsl-dumps/xemu-metal-target-0x03bd4000.glsl
xemu-metal: failed to write target shader dump docs/apple-silicon/task-16-evidence-2026-05-21/cycle4-sampler-rt/glsl-dumps/xemu-metal-target-0x03bd4000.glsl
xemu-metal: failed to write target shader dump docs/apple-silicon/task-16-evidence-2026-05-21/cycle4-sampler-rt/glsl-dumps/xemu-metal-target-0x03bd4000.glsl
xemu-metal: failed to write target shader dump docs/apple-silicon/task-16-evidence-2026-05-21/cycle4-sampler-rt/glsl-dumps/xemu-metal-target-0x03bd4000.glsl
xemu-metal: failed to write target shader dump docs/apple-silicon/task-16-evidence-2026-05-21/cycle4-sampler-rt/glsl-dumps/xemu-metal-target-0x03bd4000.glsl
xemu-metal: failed to write target shader dump docs/apple-silicon/task-16-evidence-2026-05-21/cycle4-sampler-rt/glsl-dumps/xemu-metal-target-0x03bd4000.glsl
xemu-metal: failed to write target shader dump docs/apple-silicon/task-16-evidence-2026-05-21/cycle4-sampler-rt/glsl-dumps/xemu-metal-target-0x03bd4000.glsl
xemu-perf: metal_screenshot_written path=docs/apple-silicon/task-16-evidence-2026-05-21/cycle4-sampler-rt/harness-final/swizzle-mipmap/metal/screenshots/swizzle-mipmap.0074.png w=640 h=480
xemu-metal: failed to write target shader dump docs/apple-silicon/task-16-evidence-2026-05-21/cycle4-sampler-rt/glsl-dumps/xemu-metal-target-0x03d00000.glsl
xemu-metal: failed to write target shader dump docs/apple-silicon/task-16-evidence-2026-05-21/cycle4-sampler-rt/glsl-dumps/xemu-metal-target-0x03d00000.glsl
xemu-metal: failed to write target shader dump docs/apple-silicon/task-16-evidence-2026-05-21/cycle4-sampler-rt/glsl-dumps/xemu-metal-target-0x03d00000.glsl
xemu-metal: failed to write target shader dump docs/apple-silicon/task-16-evidence-2026-05-21/cycle4-sampler-rt/glsl-dumps/xemu-metal-target-0x03d00000.glsl
xemu-metal: failed to write target shader dump docs/apple-silicon/task-16-evidence-2026-05-21/cycle4-sampler-rt/glsl-dumps/xemu-metal-target-0x03d00000.glsl
xemu-metal: failed to write target shader dump docs/apple-silicon/task-16-evidence-2026-05-21/cycle4-sampler-rt/glsl-dumps/xemu-metal-target-0x03d00000.glsl
xemu-metal: failed to write target shader dump docs/apple-silicon/task-16-evidence-2026-05-21/cycle4-sampler-rt/glsl-dumps/xemu-metal-target-0x03d00000.glsl
xemu-metal: failed to write target shader dump docs/apple-silicon/task-16-evidence-2026-05-21/cycle4-sampler-rt/glsl-dumps/xemu-metal-target-0x03d00000.glsl
xemu-metal: failed to write target shader dump docs/apple-silicon/task-16-evidence-2026-05-21/cycle4-sampler-rt/glsl-dumps/xemu-metal-target-0x03d00000.glsl
xemu-metal: failed to write target shader dump docs/apple-silicon/task-16-evidence-2026-05-21/cycle4-sampler-rt/glsl-dumps/xemu-metal-target-0x03d00000.glsl
xemu-metal: failed to write target shader dump docs/apple-silicon/task-16-evidence-2026-05-21/cycle4-sampler-rt/glsl-dumps/xemu-metal-target-0x03d00000.glsl
xemu-metal: failed to write target shader dump docs/apple-silicon/task-16-evidence-2026-05-21/cycle4-sampler-rt/glsl-dumps/xemu-metal-target-0x03d00000.glsl
xemu-metal: failed to write target shader dump docs/apple-silicon/task-16-evidence-2026-05-21/cycle4-sampler-rt/glsl-dumps/xemu-metal-target-0x03d00000.glsl
xemu-metal: failed to write target shader dump docs/apple-silicon/task-16-evidence-2026-05-21/cycle4-sampler-rt/glsl-dumps/xemu-metal-target-0x03d00000.glsl
xemu-metal: failed to write target shader dump docs/apple-silicon/task-16-evidence-2026-05-21/cycle4-sampler-rt/glsl-dumps/xemu-metal-target-0x03aa8000.glsl
xemu-metal: failed to write target shader dump docs/apple-silicon/task-16-evidence-2026-05-21/cycle4-sampler-rt/glsl-dumps/xemu-metal-target-0x03aa8000.glsl
xemu-metal: failed to write target shader dump docs/apple-silicon/task-16-evidence-2026-05-21/cycle4-sampler-rt/glsl-dumps/xemu-metal-target-0x03aa8000.glsl
xemu-metal: failed to write target shader dump docs/apple-silicon/task-16-evidence-2026-05-21/cycle4-sampler-rt/glsl-dumps/xemu-metal-target-0x03aa8000.glsl
xemu-metal: failed to write target shader dump docs/apple-silicon/task-16-evidence-2026-05-21/cycle4-sampler-rt/glsl-dumps/xemu-metal-target-0x03aa8000.glsl
xemu-metal: failed to write target shader dump docs/apple-silicon/task-16-evidence-2026-05-21/cycle4-sampler-rt/glsl-dumps/xemu-metal-target-0x03aa8000.glsl
xemu-metal: failed to write target shader dump docs/apple-silicon/task-16-evidence-2026-05-21/cycle4-sampler-rt/glsl-dumps/xemu-metal-target-0x03aa8000.glsl
xemu-metal: failed to write target shader dump docs/apple-silicon/task-16-evidence-2026-05-21/cycle4-sampler-rt/glsl-dumps/xemu-metal-target-0x03aa8000.glsl
xemu-metal: failed to write target shader dump docs/apple-silicon/task-16-evidence-2026-05-21/cycle4-sampler-rt/glsl-dumps/xemu-metal-target-0x03aa8000.glsl
xemu-metal: failed to write target shader dump docs/apple-silicon/task-16-evidence-2026-05-21/cycle4-sampler-rt/glsl-dumps/xemu-metal-target-0x03aa8000.glsl
xemu-metal: failed to write target shader dump docs/apple-silicon/task-16-evidence-2026-05-21/cycle4-sampler-rt/glsl-dumps/xemu-metal-target-0x03aa8000.glsl
xemu-metal: failed to write target shader dump docs/apple-silicon/task-16-evidence-2026-05-21/cycle4-sampler-rt/glsl-dumps/xemu-metal-target-0x03aa8000.glsl
xemu-metal: failed to write target shader dump docs/apple-silicon/task-16-evidence-2026-05-21/cycle4-sampler-rt/glsl-dumps/xemu-metal-target-0x03aa8000.glsl
xemu-metal: failed to write target shader dump docs/apple-silicon/task-16-evidence-2026-05-21/cycle4-sampler-rt/glsl-dumps/xemu-metal-target-0x03aa8000.glsl
xemu-metal: failed to write target shader dump docs/apple-silicon/task-16-evidence-2026-05-21/cycle4-sampler-rt/glsl-dumps/xemu-metal-target-0x03bd4000.glsl
xemu-metal: failed to write target shader dump docs/apple-silicon/task-16-evidence-2026-05-21/cycle4-sampler-rt/glsl-dumps/xemu-metal-target-0x03bd4000.glsl
xemu-metal: failed to write target shader dump docs/apple-silicon/task-16-evidence-2026-05-21/cycle4-sampler-rt/glsl-dumps/xemu-metal-target-0x03bd4000.glsl
xemu-metal: failed to write target shader dump docs/apple-silicon/task-16-evidence-2026-05-21/cycle4-sampler-rt/glsl-dumps/xemu-metal-target-0x03bd4000.glsl
xemu-metal: failed to write target shader dump docs/apple-silicon/task-16-evidence-2026-05-21/cycle4-sampler-rt/glsl-dumps/xemu-metal-target-0x03bd4000.glsl
xemu-metal: failed to write target shader dump docs/apple-silicon/task-16-evidence-2026-05-21/cycle4-sampler-rt/glsl-dumps/xemu-metal-target-0x03bd4000.glsl
xemu-metal: failed to write target shader dump docs/apple-silicon/task-16-evidence-2026-05-21/cycle4-sampler-rt/glsl-dumps/xemu-metal-target-0x03bd4000.glsl
xemu-metal: failed to write target shader dump docs/apple-silicon/task-16-evidence-2026-05-21/cycle4-sampler-rt/glsl-dumps/xemu-metal-target-0x03bd4000.glsl
xemu-metal: failed to write target shader dump docs/apple-silicon/task-16-evidence-2026-05-21/cycle4-sampler-rt/glsl-dumps/xemu-metal-target-0x03bd4000.glsl
xemu-metal: failed to write target shader dump docs/apple-silicon/task-16-evidence-2026-05-21/cycle4-sampler-rt/glsl-dumps/xemu-metal-target-0x03bd4000.glsl
xemu-metal: failed to write target shader dump docs/apple-silicon/task-16-evidence-2026-05-21/cycle4-sampler-rt/glsl-dumps/xemu-metal-target-0x03bd4000.glsl
xemu-metal: failed to write target shader dump docs/apple-silicon/task-16-evidence-2026-05-21/cycle4-sampler-rt/glsl-dumps/xemu-metal-target-0x03bd4000.glsl
xemu-metal: failed to write target shader dump docs/apple-silicon/task-16-evidence-2026-05-21/cycle4-sampler-rt/glsl-dumps/xemu-metal-target-0x03bd4000.glsl
xemu-metal: failed to write target shader dump docs/apple-silicon/task-16-evidence-2026-05-21/cycle4-sampler-rt/glsl-dumps/xemu-metal-target-0x03bd4000.glsl
xemu-metal: failed to write target shader dump docs/apple-silicon/task-16-evidence-2026-05-21/cycle4-sampler-rt/glsl-dumps/xemu-metal-target-0x03d00000.glsl
xemu-metal: failed to write target shader dump docs/apple-silicon/task-16-evidence-2026-05-21/cycle4-sampler-rt/glsl-dumps/xemu-metal-target-0x03d00000.glsl
xemu-metal: failed to write target shader dump docs/apple-silicon/task-16-evidence-2026-05-21/cycle4-sampler-rt/glsl-dumps/xemu-metal-target-0x03d00000.glsl
xemu-metal: failed to write target shader dump docs/apple-silicon/task-16-evidence-2026-05-21/cycle4-sampler-rt/glsl-dumps/xemu-metal-target-0x03d00000.glsl
xemu-metal: failed to write target shader dump docs/apple-silicon/task-16-evidence-2026-05-21/cycle4-sampler-rt/glsl-dumps/xemu-metal-target-0x03d00000.glsl
xemu-metal: failed to write target shader dump docs/apple-silicon/task-16-evidence-2026-05-21/cycle4-sampler-rt/glsl-dumps/xemu-metal-target-0x03d00000.glsl
xemu-metal: failed to write target shader dump docs/apple-silicon/task-16-evidence-2026-05-21/cycle4-sampler-rt/glsl-dumps/xemu-metal-target-0x03d00000.glsl
xemu-metal: failed to write target shader dump docs/apple-silicon/task-16-evidence-2026-05-21/cycle4-sampler-rt/glsl-dumps/xemu-metal-target-0x03d00000.glsl
xemu-metal: failed to write target shader dump docs/apple-silicon/task-16-evidence-2026-05-21/cycle4-sampler-rt/glsl-dumps/xemu-metal-target-0x03d00000.glsl
xemu-metal: failed to write target shader dump docs/apple-silicon/task-16-evidence-2026-05-21/cycle4-sampler-rt/glsl-dumps/xemu-metal-target-0x03d00000.glsl
xemu-metal: failed to write target shader dump docs/apple-silicon/task-16-evidence-2026-05-21/cycle4-sampler-rt/glsl-dumps/xemu-metal-target-0x03d00000.glsl
xemu-metal: failed to write target shader dump docs/apple-silicon/task-16-evidence-2026-05-21/cycle4-sampler-rt/glsl-dumps/xemu-metal-target-0x03d00000.glsl
xemu-metal: failed to write target shader dump docs/apple-silicon/task-16-evidence-2026-05-21/cycle4-sampler-rt/glsl-dumps/xemu-metal-target-0x03d00000.glsl
xemu-metal: failed to write target shader dump docs/apple-silicon/task-16-evidence-2026-05-21/cycle4-sampler-rt/glsl-dumps/xemu-metal-target-0x03d00000.glsl
xemu-metal: failed to write target shader dump docs/apple-silicon/task-16-evidence-2026-05-21/cycle4-sampler-rt/glsl-dumps/xemu-metal-target-0x03aa8000.glsl
xemu-metal: failed to write target shader dump docs/apple-silicon/task-16-evidence-2026-05-21/cycle4-sampler-rt/glsl-dumps/xemu-metal-target-0x03aa8000.glsl
xemu-metal: failed to write target shader dump docs/apple-silicon/task-16-evidence-2026-05-21/cycle4-sampler-rt/glsl-dumps/xemu-metal-target-0x03aa8000.glsl
xemu-metal: failed to write target shader dump docs/apple-silicon/task-16-evidence-2026-05-21/cycle4-sampler-rt/glsl-dumps/xemu-metal-target-0x03aa8000.glsl
xemu-metal: failed to write target shader dump docs/apple-silicon/task-16-evidence-2026-05-21/cycle4-sampler-rt/glsl-dumps/xemu-metal-target-0x03aa8000.glsl
xemu-metal: failed to write target shader dump docs/apple-silicon/task-16-evidence-2026-05-21/cycle4-sampler-rt/glsl-dumps/xemu-metal-target-0x03aa8000.glsl
xemu-metal: failed to write target shader dump docs/apple-silicon/task-16-evidence-2026-05-21/cycle4-sampler-rt/glsl-dumps/xemu-metal-target-0x03aa8000.glsl
xemu-metal: failed to write target shader dump docs/apple-silicon/task-16-evidence-2026-05-21/cycle4-sampler-rt/glsl-dumps/xemu-metal-target-0x03aa8000.glsl
xemu-metal: failed to write target shader dump docs/apple-silicon/task-16-evidence-2026-05-21/cycle4-sampler-rt/glsl-dumps/xemu-metal-target-0x03aa8000.glsl
xemu-metal: failed to write target shader dump docs/apple-silicon/task-16-evidence-2026-05-21/cycle4-sampler-rt/glsl-dumps/xemu-metal-target-0x03aa8000.glsl
xemu-metal: failed to write target shader dump docs/apple-silicon/task-16-evidence-2026-05-21/cycle4-sampler-rt/glsl-dumps/xemu-metal-target-0x03aa8000.glsl
xemu-metal: failed to write target shader dump docs/apple-silicon/task-16-evidence-2026-05-21/cycle4-sampler-rt/glsl-dumps/xemu-metal-target-0x03aa8000.glsl
xemu-metal: failed to write target shader dump docs/apple-silicon/task-16-evidence-2026-05-21/cycle4-sampler-rt/glsl-dumps/xemu-metal-target-0x03aa8000.glsl
xemu-metal: failed to write target shader dump docs/apple-silicon/task-16-evidence-2026-05-21/cycle4-sampler-rt/glsl-dumps/xemu-metal-target-0x03aa8000.glsl
xemu-metal: failed to write target shader dump docs/apple-silicon/task-16-evidence-2026-05-21/cycle4-sampler-rt/glsl-dumps/xemu-metal-target-0x03bd4000.glsl
xemu-metal: failed to write target shader dump docs/apple-silicon/task-16-evidence-2026-05-21/cycle4-sampler-rt/glsl-dumps/xemu-metal-target-0x03bd4000.glsl
xemu-metal: failed to write target shader dump docs/apple-silicon/task-16-evidence-2026-05-21/cycle4-sampler-rt/glsl-dumps/xemu-metal-target-0x03bd4000.glsl
xemu-metal: failed to write target shader dump docs/apple-silicon/task-16-evidence-2026-05-21/cycle4-sampler-rt/glsl-dumps/xemu-metal-target-0x03bd4000.glsl
xemu-metal: failed to write target shader dump docs/apple-silicon/task-16-evidence-2026-05-21/cycle4-sampler-rt/glsl-dumps/xemu-metal-target-0x03bd4000.glsl
xemu-metal: failed to write target shader dump docs/apple-silicon/task-16-evidence-2026-05-21/cycle4-sampler-rt/glsl-dumps/xemu-metal-target-0x03bd4000.glsl
xemu-metal: failed to write target shader dump docs/apple-silicon/task-16-evidence-2026-05-21/cycle4-sampler-rt/glsl-dumps/xemu-metal-target-0x03bd4000.glsl
xemu-metal: failed to write target shader dump docs/apple-silicon/task-16-evidence-2026-05-21/cycle4-sampler-rt/glsl-dumps/xemu-metal-target-0x03bd4000.glsl
xemu-metal: failed to write target shader dump docs/apple-silicon/task-16-evidence-2026-05-21/cycle4-sampler-rt/glsl-dumps/xemu-metal-target-0x03bd4000.glsl
xemu-metal: failed to write target shader dump docs/apple-silicon/task-16-evidence-2026-05-21/cycle4-sampler-rt/glsl-dumps/xemu-metal-target-0x03bd4000.glsl
xemu-metal: failed to write target shader dump docs/apple-silicon/task-16-evidence-2026-05-21/cycle4-sampler-rt/glsl-dumps/xemu-metal-target-0x03bd4000.glsl
xemu-metal: failed to write target shader dump docs/apple-silicon/task-16-evidence-2026-05-21/cycle4-sampler-rt/glsl-dumps/xemu-metal-target-0x03bd4000.glsl
xemu-metal: failed to write target shader dump docs/apple-silicon/task-16-evidence-2026-05-21/cycle4-sampler-rt/glsl-dumps/xemu-metal-target-0x03bd4000.glsl
xemu-metal: failed to write target shader dump docs/apple-silicon/task-16-evidence-2026-05-21/cycle4-sampler-rt/glsl-dumps/xemu-metal-target-0x03bd4000.glsl
xemu-metal: failed to write target shader dump docs/apple-silicon/task-16-evidence-2026-05-21/cycle4-sampler-rt/glsl-dumps/xemu-metal-target-0x03d00000.glsl
xemu-metal: failed to write target shader dump docs/apple-silicon/task-16-evidence-2026-05-21/cycle4-sampler-rt/glsl-dumps/xemu-metal-target-0x03d00000.glsl
xemu-metal: failed to write target shader dump docs/apple-silicon/task-16-evidence-2026-05-21/cycle4-sampler-rt/glsl-dumps/xemu-metal-target-0x03d00000.glsl
xemu-metal: failed to write target shader dump docs/apple-silicon/task-16-evidence-2026-05-21/cycle4-sampler-rt/glsl-dumps/xemu-metal-target-0x03d00000.glsl
xemu-metal: failed to write target shader dump docs/apple-silicon/task-16-evidence-2026-05-21/cycle4-sampler-rt/glsl-dumps/xemu-metal-target-0x03d00000.glsl
xemu-metal: failed to write target shader dump docs/apple-silicon/task-16-evidence-2026-05-21/cycle4-sampler-rt/glsl-dumps/xemu-metal-target-0x03d00000.glsl
xemu-metal: failed to write target shader dump docs/apple-silicon/task-16-evidence-2026-05-21/cycle4-sampler-rt/glsl-dumps/xemu-metal-target-0x03d00000.glsl
xemu-metal: failed to write target shader dump docs/apple-silicon/task-16-evidence-2026-05-21/cycle4-sampler-rt/glsl-dumps/xemu-metal-target-0x03d00000.glsl
xemu-metal: failed to write target shader dump docs/apple-silicon/task-16-evidence-2026-05-21/cycle4-sampler-rt/glsl-dumps/xemu-metal-target-0x03d00000.glsl
xemu-metal: failed to write target shader dump docs/apple-silicon/task-16-evidence-2026-05-21/cycle4-sampler-rt/glsl-dumps/xemu-metal-target-0x03d00000.glsl
xemu-metal: failed to write target shader dump docs/apple-silicon/task-16-evidence-2026-05-21/cycle4-sampler-rt/glsl-dumps/xemu-metal-target-0x03d00000.glsl
xemu-metal: failed to write target shader dump docs/apple-silicon/task-16-evidence-2026-05-21/cycle4-sampler-rt/glsl-dumps/xemu-metal-target-0x03d00000.glsl
xemu-metal: failed to write target shader dump docs/apple-silicon/task-16-evidence-2026-05-21/cycle4-sampler-rt/glsl-dumps/xemu-metal-target-0x03d00000.glsl
xemu-metal: failed to write target shader dump docs/apple-silicon/task-16-evidence-2026-05-21/cycle4-sampler-rt/glsl-dumps/xemu-metal-target-0x03d00000.glsl
xemu-perf: metal_screenshot_written path=docs/apple-silicon/task-16-evidence-2026-05-21/cycle4-sampler-rt/harness-final/swizzle-mipmap/metal/screenshots/swizzle-mipmap.0075.png w=640 h=480
xemu-metal: failed to write target shader dump docs/apple-silicon/task-16-evidence-2026-05-21/cycle4-sampler-rt/glsl-dumps/xemu-metal-target-0x03aa8000.glsl
xemu-metal: failed to write target shader dump docs/apple-silicon/task-16-evidence-2026-05-21/cycle4-sampler-rt/glsl-dumps/xemu-metal-target-0x03aa8000.glsl
xemu-metal: failed to write target shader dump docs/apple-silicon/task-16-evidence-2026-05-21/cycle4-sampler-rt/glsl-dumps/xemu-metal-target-0x03aa8000.glsl
xemu-metal: failed to write target shader dump docs/apple-silicon/task-16-evidence-2026-05-21/cycle4-sampler-rt/glsl-dumps/xemu-metal-target-0x03aa8000.glsl
xemu-metal: failed to write target shader dump docs/apple-silicon/task-16-evidence-2026-05-21/cycle4-sampler-rt/glsl-dumps/xemu-metal-target-0x03aa8000.glsl
xemu-metal: failed to write target shader dump docs/apple-silicon/task-16-evidence-2026-05-21/cycle4-sampler-rt/glsl-dumps/xemu-metal-target-0x03aa8000.glsl
xemu-metal: failed to write target shader dump docs/apple-silicon/task-16-evidence-2026-05-21/cycle4-sampler-rt/glsl-dumps/xemu-metal-target-0x03aa8000.glsl
xemu-metal: failed to write target shader dump docs/apple-silicon/task-16-evidence-2026-05-21/cycle4-sampler-rt/glsl-dumps/xemu-metal-target-0x03aa8000.glsl
xemu-metal: failed to write target shader dump docs/apple-silicon/task-16-evidence-2026-05-21/cycle4-sampler-rt/glsl-dumps/xemu-metal-target-0x03aa8000.glsl
xemu-metal: failed to write target shader dump docs/apple-silicon/task-16-evidence-2026-05-21/cycle4-sampler-rt/glsl-dumps/xemu-metal-target-0x03aa8000.glsl
xemu-metal: failed to write target shader dump docs/apple-silicon/task-16-evidence-2026-05-21/cycle4-sampler-rt/glsl-dumps/xemu-metal-target-0x03aa8000.glsl
xemu-metal: failed to write target shader dump docs/apple-silicon/task-16-evidence-2026-05-21/cycle4-sampler-rt/glsl-dumps/xemu-metal-target-0x03aa8000.glsl
xemu-metal: failed to write target shader dump docs/apple-silicon/task-16-evidence-2026-05-21/cycle4-sampler-rt/glsl-dumps/xemu-metal-target-0x03aa8000.glsl
xemu-metal: failed to write target shader dump docs/apple-silicon/task-16-evidence-2026-05-21/cycle4-sampler-rt/glsl-dumps/xemu-metal-target-0x03aa8000.glsl
xemu-metal: failed to write target shader dump docs/apple-silicon/task-16-evidence-2026-05-21/cycle4-sampler-rt/glsl-dumps/xemu-metal-target-0x03bd4000.glsl
xemu-metal: failed to write target shader dump docs/apple-silicon/task-16-evidence-2026-05-21/cycle4-sampler-rt/glsl-dumps/xemu-metal-target-0x03bd4000.glsl
xemu-metal: failed to write target shader dump docs/apple-silicon/task-16-evidence-2026-05-21/cycle4-sampler-rt/glsl-dumps/xemu-metal-target-0x03bd4000.glsl
xemu-metal: failed to write target shader dump docs/apple-silicon/task-16-evidence-2026-05-21/cycle4-sampler-rt/glsl-dumps/xemu-metal-target-0x03bd4000.glsl
xemu-metal: failed to write target shader dump docs/apple-silicon/task-16-evidence-2026-05-21/cycle4-sampler-rt/glsl-dumps/xemu-metal-target-0x03bd4000.glsl
xemu-metal: failed to write target shader dump docs/apple-silicon/task-16-evidence-2026-05-21/cycle4-sampler-rt/glsl-dumps/xemu-metal-target-0x03bd4000.glsl
xemu-metal: failed to write target shader dump docs/apple-silicon/task-16-evidence-2026-05-21/cycle4-sampler-rt/glsl-dumps/xemu-metal-target-0x03bd4000.glsl
xemu-metal: failed to write target shader dump docs/apple-silicon/task-16-evidence-2026-05-21/cycle4-sampler-rt/glsl-dumps/xemu-metal-target-0x03bd4000.glsl
xemu-metal: failed to write target shader dump docs/apple-silicon/task-16-evidence-2026-05-21/cycle4-sampler-rt/glsl-dumps/xemu-metal-target-0x03bd4000.glsl
xemu-metal: failed to write target shader dump docs/apple-silicon/task-16-evidence-2026-05-21/cycle4-sampler-rt/glsl-dumps/xemu-metal-target-0x03bd4000.glsl
xemu-metal: failed to write target shader dump docs/apple-silicon/task-16-evidence-2026-05-21/cycle4-sampler-rt/glsl-dumps/xemu-metal-target-0x03bd4000.glsl
xemu-metal: failed to write target shader dump docs/apple-silicon/task-16-evidence-2026-05-21/cycle4-sampler-rt/glsl-dumps/xemu-metal-target-0x03bd4000.glsl
xemu-metal: failed to write target shader dump docs/apple-silicon/task-16-evidence-2026-05-21/cycle4-sampler-rt/glsl-dumps/xemu-metal-target-0x03bd4000.glsl
xemu-metal: failed to write target shader dump docs/apple-silicon/task-16-evidence-2026-05-21/cycle4-sampler-rt/glsl-dumps/xemu-metal-target-0x03bd4000.glsl
xemu-metal: failed to write target shader dump docs/apple-silicon/task-16-evidence-2026-05-21/cycle4-sampler-rt/glsl-dumps/xemu-metal-target-0x03d00000.glsl
xemu-metal: failed to write target shader dump docs/apple-silicon/task-16-evidence-2026-05-21/cycle4-sampler-rt/glsl-dumps/xemu-metal-target-0x03d00000.glsl
xemu-perf: metal_screenshot_written path=docs/apple-silicon/task-16-evidence-2026-05-21/cycle4-sampler-rt/harness-final/swizzle-mipmap/metal/screenshots/swizzle-mipmap.0076.png w=640 h=480
xemu-perf: metal_screenshot_written path=docs/apple-silicon/task-16-evidence-2026-05-21/cycle4-sampler-rt/harness-final/swizzle-mipmap/metal/screenshots/swizzle-mipmap.0077.png w=640 h=480
xemu-perf: metal_screenshot_written path=docs/apple-silicon/task-16-evidence-2026-05-21/cycle4-sampler-rt/harness-final/swizzle-mipmap/metal/screenshots/swizzle-mipmap.0078.png w=640 h=480
xemu-perf: metal_screenshot_written path=docs/apple-silicon/task-16-evidence-2026-05-21/cycle4-sampler-rt/harness-final/swizzle-mipmap/metal/screenshots/swizzle-mipmap.0079.png w=640 h=480
xemu-perf: metal_screenshot_written path=docs/apple-silicon/task-16-evidence-2026-05-21/cycle4-sampler-rt/harness-final/swizzle-mipmap/metal/screenshots/swizzle-mipmap.0080.png w=640 h=480
xemu-perf: metal_screenshot_written path=docs/apple-silicon/task-16-evidence-2026-05-21/cycle4-sampler-rt/harness-final/swizzle-mipmap/metal/screenshots/swizzle-mipmap.0081.png w=640 h=480
xemu-perf: metal_screenshot_written path=docs/apple-silicon/task-16-evidence-2026-05-21/cycle4-sampler-rt/harness-final/swizzle-mipmap/metal/screenshots/swizzle-mipmap.0082.png w=640 h=480
xemu-perf: metal_screenshot_written path=docs/apple-silicon/task-16-evidence-2026-05-21/cycle4-sampler-rt/harness-final/swizzle-mipmap/metal/screenshots/swizzle-mipmap.0083.png w=640 h=480
xemu-perf: metal_screenshot_written path=docs/apple-silicon/task-16-evidence-2026-05-21/cycle4-sampler-rt/harness-final/swizzle-mipmap/metal/screenshots/swizzle-mipmap.0084.png w=640 h=480
xemu-perf: metal_screenshot_written path=docs/apple-silicon/task-16-evidence-2026-05-21/cycle4-sampler-rt/harness-final/swizzle-mipmap/metal/screenshots/swizzle-mipmap.0085.png w=640 h=480
xemu-perf: metal_screenshot_written path=docs/apple-silicon/task-16-evidence-2026-05-21/cycle4-sampler-rt/harness-final/swizzle-mipmap/metal/screenshots/swizzle-mipmap.0086.png w=640 h=480
xemu-perf: metal_screenshot_written path=docs/apple-silicon/task-16-evidence-2026-05-21/cycle4-sampler-rt/harness-final/swizzle-mipmap/metal/screenshots/swizzle-mipmap.0087.png w=640 h=480
xemu-perf: metal_screenshot_written path=docs/apple-silicon/task-16-evidence-2026-05-21/cycle4-sampler-rt/harness-final/swizzle-mipmap/metal/screenshots/swizzle-mipmap.0088.png w=640 h=480
xemu-perf: metal_screenshot_written path=docs/apple-silicon/task-16-evidence-2026-05-21/cycle4-sampler-rt/harness-final/swizzle-mipmap/metal/screenshots/swizzle-mipmap.0089.png w=640 h=480
xemu-perf: metal_screenshot_written path=docs/apple-silicon/task-16-evidence-2026-05-21/cycle4-sampler-rt/harness-final/swizzle-mipmap/metal/screenshots/swizzle-mipmap.0090.png w=640 h=480
xemu-perf: metal_screenshot_written path=docs/apple-silicon/task-16-evidence-2026-05-21/cycle4-sampler-rt/harness-final/swizzle-mipmap/metal/screenshots/swizzle-mipmap.0091.png w=640 h=480
xemu-perf: metal_screenshot_written path=docs/apple-silicon/task-16-evidence-2026-05-21/cycle4-sampler-rt/harness-final/swizzle-mipmap/metal/screenshots/swizzle-mipmap.0092.png w=640 h=480
xemu-perf: metal_screenshot_written path=docs/apple-silicon/task-16-evidence-2026-05-21/cycle4-sampler-rt/harness-final/swizzle-mipmap/metal/screenshots/swizzle-mipmap.0093.png w=640 h=480
xemu-perf: metal_screenshot_written path=docs/apple-silicon/task-16-evidence-2026-05-21/cycle4-sampler-rt/harness-final/swizzle-mipmap/metal/screenshots/swizzle-mipmap.0094.png w=640 h=480
xemu-perf: metal_screenshot_written path=docs/apple-silicon/task-16-evidence-2026-05-21/cycle4-sampler-rt/harness-final/swizzle-mipmap/metal/screenshots/swizzle-mipmap.0095.png w=640 h=480
xemu-perf: metal_screenshot_written path=docs/apple-silicon/task-16-evidence-2026-05-21/cycle4-sampler-rt/harness-final/swizzle-mipmap/metal/screenshots/swizzle-mipmap.0096.png w=640 h=480
xemu-perf: metal_screenshot_written path=docs/apple-silicon/task-16-evidence-2026-05-21/cycle4-sampler-rt/harness-final/swizzle-mipmap/metal/screenshots/swizzle-mipmap.0097.png w=640 h=480
xemu-perf: metal_screenshot_written path=docs/apple-silicon/task-16-evidence-2026-05-21/cycle4-sampler-rt/harness-final/swizzle-mipmap/metal/screenshots/swizzle-mipmap.0098.png w=640 h=480
xemu-perf: metal_screenshot_written path=docs/apple-silicon/task-16-evidence-2026-05-21/cycle4-sampler-rt/harness-final/swizzle-mipmap/metal/screenshots/swizzle-mipmap.0099.png w=640 h=480
xemu-perf: metal_screenshot_written path=docs/apple-silicon/task-16-evidence-2026-05-21/cycle4-sampler-rt/harness-final/swizzle-mipmap/metal/screenshots/swizzle-mipmap.0100.png w=640 h=480
xemu-perf: metal_screenshot_written path=docs/apple-silicon/task-16-evidence-2026-05-21/cycle4-sampler-rt/harness-final/swizzle-mipmap/metal/screenshots/swizzle-mipmap.0101.png w=640 h=480
xemu-perf: metal_screenshot_written path=docs/apple-silicon/task-16-evidence-2026-05-21/cycle4-sampler-rt/harness-final/swizzle-mipmap/metal/screenshots/swizzle-mipmap.0102.png w=640 h=480
xemu-perf: metal_screenshot_written path=docs/apple-silicon/task-16-evidence-2026-05-21/cycle4-sampler-rt/harness-final/swizzle-mipmap/metal/screenshots/swizzle-mipmap.0103.png w=640 h=480
xemu-perf: metal_screenshot_written path=docs/apple-silicon/task-16-evidence-2026-05-21/cycle4-sampler-rt/harness-final/swizzle-mipmap/metal/screenshots/swizzle-mipmap.0104.png w=640 h=480
xemu-perf: metal_screenshot_written path=docs/apple-silicon/task-16-evidence-2026-05-21/cycle4-sampler-rt/harness-final/swizzle-mipmap/metal/screenshots/swizzle-mipmap.0105.png w=640 h=480
xemu-perf: metal_screenshot_written path=docs/apple-silicon/task-16-evidence-2026-05-21/cycle4-sampler-rt/harness-final/swizzle-mipmap/metal/screenshots/swizzle-mipmap.0106.png w=640 h=480
xemu-perf: metal_screenshot_written path=docs/apple-silicon/task-16-evidence-2026-05-21/cycle4-sampler-rt/harness-final/swizzle-mipmap/metal/screenshots/swizzle-mipmap.0107.png w=640 h=480
xemu-perf: metal_screenshot_written path=docs/apple-silicon/task-16-evidence-2026-05-21/cycle4-sampler-rt/harness-final/swizzle-mipmap/metal/screenshots/swizzle-mipmap.0108.png w=640 h=480
xemu-perf: metal_screenshot_written path=docs/apple-silicon/task-16-evidence-2026-05-21/cycle4-sampler-rt/harness-final/swizzle-mipmap/metal/screenshots/swizzle-mipmap.0109.png w=640 h=480
xemu-perf: metal_screenshot_written path=docs/apple-silicon/task-16-evidence-2026-05-21/cycle4-sampler-rt/harness-final/swizzle-mipmap/metal/screenshots/swizzle-mipmap.0110.png w=640 h=480
xemu-perf: metal_screenshot_written path=docs/apple-silicon/task-16-evidence-2026-05-21/cycle4-sampler-rt/harness-final/swizzle-mipmap/metal/screenshots/swizzle-mipmap.0111.png w=640 h=480
xemu-perf: metal_screenshot_written path=docs/apple-silicon/task-16-evidence-2026-05-21/cycle4-sampler-rt/harness-final/swizzle-mipmap/metal/screenshots/swizzle-mipmap.0112.png w=640 h=480
xemu-perf: metal_screenshot_written path=docs/apple-silicon/task-16-evidence-2026-05-21/cycle4-sampler-rt/harness-final/swizzle-mipmap/metal/screenshots/swizzle-mipmap.0113.png w=640 h=480
xemu-perf: metal_screenshot_written path=docs/apple-silicon/task-16-evidence-2026-05-21/cycle4-sampler-rt/harness-final/swizzle-mipmap/metal/screenshots/swizzle-mipmap.0114.png w=640 h=480
xemu-perf: metal_screenshot_written path=docs/apple-silicon/task-16-evidence-2026-05-21/cycle4-sampler-rt/harness-final/swizzle-mipmap/metal/screenshots/swizzle-mipmap.0115.png w=640 h=480
xemu-perf: metal_screenshot_written path=docs/apple-silicon/task-16-evidence-2026-05-21/cycle4-sampler-rt/harness-final/swizzle-mipmap/metal/screenshots/swizzle-mipmap.0116.png w=640 h=480
xemu-perf: metal_screenshot_written path=docs/apple-silicon/task-16-evidence-2026-05-21/cycle4-sampler-rt/harness-final/swizzle-mipmap/metal/screenshots/swizzle-mipmap.0117.png w=640 h=480
xemu-perf: metal_screenshot_written path=docs/apple-silicon/task-16-evidence-2026-05-21/cycle4-sampler-rt/harness-final/swizzle-mipmap/metal/screenshots/swizzle-mipmap.0118.png w=640 h=480
xemu-perf: metal_screenshot_written path=docs/apple-silicon/task-16-evidence-2026-05-21/cycle4-sampler-rt/harness-final/swizzle-mipmap/metal/screenshots/swizzle-mipmap.0119.png w=640 h=480
xemu-perf: metal_screenshot_written path=docs/apple-silicon/task-16-evidence-2026-05-21/cycle4-sampler-rt/harness-final/swizzle-mipmap/metal/screenshots/swizzle-mipmap.0120.png w=640 h=480
xemu-perf: metal_screenshot_written path=docs/apple-silicon/task-16-evidence-2026-05-21/cycle4-sampler-rt/harness-final/swizzle-mipmap/metal/screenshots/swizzle-mipmap.0121.png w=640 h=480
xemu-perf: metal_access_cb cb_n=1 addr=0x2555548 len=4 write=1
xemu-perf: metal_surface_dirty vram_addr=0x2454000 size=4194304 write_addr=0x2555548 write_len=4 is_color=1
xemu-perf: metal_access_cb cb_n=2 addr=0x2555548 len=4 write=0
xemu-perf: metal_access_cb cb_n=3 addr=0x2555558 len=4 write=1
xemu-perf: metal_access_cb cb_n=4 addr=0x2555558 len=4 write=0
xemu-perf: metal_surface_dirty vram_addr=0x397c000 size=1228800 write_addr=0x3994000 write_len=4 is_color=0
xemu-perf: metal_surface_dirty vram_addr=0x3aa8000 size=1228800 write_addr=0x3aa8000 write_len=4 is_color=1
xemu-perf: metal_screenshot_written path=docs/apple-silicon/task-16-evidence-2026-05-21/cycle4-sampler-rt/harness-final/swizzle-mipmap/metal/screenshots/swizzle-mipmap.0122.png w=640 h=480
xemu-perf: metal_surface_dirty vram_addr=0x3bd4000 size=1228800 write_addr=0x3bd4000 write_len=4 is_color=1
xemu-perf: metal_surface_dirty vram_addr=0x3d00000 size=1228800 write_addr=0x3d00000 write_len=4 is_color=1
xemu-perf: interval_id=7 interval_start_us=204081165940 interval_end_us=204089289446 interval_ms=8123 frames=58 fps=7.14 mspf_avg=39.117 mspf_min=2.326 mspf_max=2126.205 increment_fps=59 BEGIN_ENDS=2215 NATIVE_TRI_DEPTH_DRAW=2215 NATIVE_TRI_DEPTH_DRAW_SMOOTH=2215 TCG_TB_EXEC_COUNT=642493197 TCG_TB_INVALIDATE_COUNT=22250 TCG_NOTDIRTY_TRIPS=399451 TCG_NOTDIRTY_PAGES_HIT=393755 TCG_TB_INVALIDATE_BURST_MAX=507 TCG_JMP_CACHE_ZEROED_BUCKETS=39622378 TCG_INVALIDATE_WALL_US_MAX=120 TCG_INVALIDATE_WALL_US_TOTAL=4972 TCG_TB_LOOKUP_US_TOTAL=0 TCG_TB_GEN_CODE_US_TOTAL=0 TCG_HANDLE_INTERRUPT_US_TOTAL=0 TCG_XBOX_IDLE_LOOP_HITS=0 TCG_XBOX_IDLE_LOOP_YIELDS=0 TCG_XBOX_IDLE_LOOP_HALTS=0 MMIO_READ_COUNT=0 MMIO_READ_US_TOTAL=0 MMIO_READ_US_MAX=0 MMIO_READ_PGRAPH_COUNT=0 MMIO_READ_PGRAPH_US_TOTAL=0 MMIO_READ_PGRAPH_US_MAX=0 NV2A_VBLANK_FIRES=488 NV2A_FLIP_STALL_WRITES=58 NV2A_PRESENT_HEARTBEAT=358 XEMU_GL_SWAPS=0 RATE_SLEW_RATIO_E6=1000000 RATE_SLEW_ACTIVE=0 APU_LOCK_HOLD_US_TOTAL=40321 APU_VCPU_LOCK_WAIT_US_MAX=93 PFIFO_PUSHER_RUNS=9161 PFIFO_PUSHER_STALLS=7324 PFIFO_PUSHER_STALL_FLIP=0 PFIFO_PUSHER_STALL_NOP=6803 PFIFO_PUSHER_STALL_FIFO=1398 PFIFO_PULLER_CALLS=59439 PFIFO_PULLER_STALLS=59 PFIFO_PULLER_STALL_FLIP=59 PFIFO_PULLER_STALL_NOP=0 PFIFO_PULLER_STALL_CONTEXT=0 PFIFO_PULLER_STALL_FIFO=0 PFIFO_PUSHER_WORDS=142878 PFIFO_PULLER_METHOD_WORDS=96150 PFIFO_DMA_BACKLOG_BYTES_MAX=65204224 PFIFO_USER_DMA_PUT_WRITES=9398 PFIFO_USER_DMA_GET_WRITES=0 PFIFO_USER_DMA_PUT_READS=0 PFIFO_USER_DMA_GET_READS=1436231 PGRAPH_PATT_COLOR0_WRITES=0 PGRAPH_PATT_COLOR0_READS=0 PGRAPH_FLIP_STALL_SETS=58 PGRAPH_FLIP_STALL_CHECKS=117 PGRAPH_FLIP_STALL_STILL_WAITING=59 PGRAPH_FLIP_STALL_COMPLETES=58 METAL_DRAW_COUNT=2215 METAL_DRAW_INDEXED_COUNT=57 METAL_NATIVE_TRI_DEPTH_DRAWS=2215 METAL_NATIVE_QUAD_DRAWS=0 METAL_CLEAR_COUNT=359 METAL_GLSL_TRANSLATE=0 METAL_GLSL_TRANSLATE_FAIL=0 METAL_SHADER_VALIDATE_OK=0 METAL_SHADER_VALIDATE_FAIL=0 METAL_PIPELINE_HITS=2214 METAL_PIPELINE_MISSES=1 METAL_PIPELINE_FAILED=0 METAL_TEX_UPLOADS_TOTAL=67 METAL_TEX_UPLOAD_BYTES_TOTAL=142723300 METAL_TEX_CACHE_HITS=2148 METAL_TEX_CACHE_MISSES=67 METAL_PIPELINE_KEY_BUILT=2215 METAL_PIPELINE_TRANSLATED_OK=2215 METAL_PIPELINE_TRANSLATED_FAILED=0 METAL_DISPATCH_US_TOTAL=147665 METAL_TEX_BIND_US_TOTAL=38790 METAL_DRAW_ENCODE_US_TOTAL=48163 METAL_DRAW_PASS_OPENS=2215 METAL_DRAW_PASS_COALESCED=0 METAL_DRAW_PASS_FLUSHES=2215 METAL_OPEN_PASS_FLUSH_US_TOTAL=30317 METAL_TEX_UPLOAD_US_TOTAL=3610 METAL_DRAW_TRANSLATED=2215 METAL_PIPELINE_FALLBACKS=0 METAL_UNIFORM_PACK=4430 METAL_UNIFORM_BYTES=14494960 METAL_SHADER_COMPILE_QUEUED_TOTAL=0 METAL_SHADER_COMPILE_COMPLETED_TOTAL=0 METAL_SHADER_COMPILE_FAILED_TOTAL=0 METAL_DRAWS_SKIPPED_PENDING_TOTAL=0 METAL_DRAWS_USING_UBERSHADER_TOTAL=0 METAL_SHADER_CACHE_LOADS=1 METAL_SHADER_CACHE_HITS=1 METAL_SHADER_CACHE_MISSES=0 METAL_PRESENTS=0 METAL_PRESENT_JITTER_US_TOTAL=0 METAL_PRESENT_JITTER_US_AVG=0 METAL_PRESENT_JITTER_US_MAX=0 METAL_DRAWABLE_ACQUIRE_FAILS=0 METAL_DISPLAY_LINK_CALLBACKS=0 METAL_MSAA_RESOLVE_COUNT=0 METAL_MSAA_RESOLVE_US_TOTAL=0 METAL_MSAA_SAMPLE_COUNT=1 METAL_FX_SPATIAL_PRESENTS=0 METAL_FX_SPATIAL_US_TOTAL=0 METAL_FX_SCALE_FACTOR=1 METAL_FX_SPATIAL_GPU_US_TOTAL=0 METAL_VERTEX_US_TOTAL=14829 METAL_FRAGMENT_US_TOTAL=18771 METAL_PRESENT_GPU_US_TOTAL=35198 METAL_PRESENT_GPU_FRAMES=977 METAL_CAPTURE_FRAMES=0 METAL_CAPTURE_ACTIVE=0 METAL_SCREENSHOTS_TAKEN=65 METAL_FRONT_FB_PUBLISHES=58 METAL_SURFACE_CACHE_SIZE=23 METAL_IMAGE_BLITS=0 METAL_SURFACE_VRAM_DIRTY_HITS=63 METAL_SURFACE_VRAM_UPLOADS=60 METAL_SURFACE_VRAM_UPLOAD_BYTES=143769600 METAL_SURFACE_RECREATE_SHAPE_MISMATCH=0 METAL_SURFACE_DOWNLOADS=58 METAL_SURFACE_DOWNLOAD_BYTES=142540800 METAL_SURFACE_DOWNLOAD_US_TOTAL=27373 METAL_DRAW_RT_DUMPS=0 METAL_SURFACE_GRAPH_DUMPS=0 METAL_SIBLING_SYNCS=0 METAL_SIBLING_SYNC_SKIPS=0 METAL_FLAT_QUAD_PROPAGATIONS=0 INPUT_USB_POLLS=0 INPUT_BACKEND_UPDATES=977 INPUT_LAT_US_TOTAL=0 INPUT_LAT_US_MAX=0 IDE_READ_SUBMITS=8 IDE_READ_COMPLETES=8 IDE_READ_BYTES=155648 IDE_READ_LAT_US_TOTAL=5799 IDE_READ_LAT_US_MAX=1419 IDE_READ_LAT_GT_16MS=0 IDE_READ_LAT_GT_33MS=0 IDE_READ_LAT_GT_50MS=0 IDE_READ_LAT_GT_100MS=0 IDE_READ_INFLIGHT_MAX=1 ATAPI_PIO_SYNC_READS=0 ATAPI_PIO_SYNC_BYTES=0 ATAPI_PIO_SYNC_US_TOTAL=0 ATAPI_PIO_SYNC_US_MAX=0 HELPER_RDTSC_CALLS=3923 PIT_IRQ_TIMER_FIRES=16243 PIT_COALESCE_EVENTS=0 PIT_COALESCE_LATE_US_TOTAL=0 PIT_COALESCE_LATE_US_MAX=0 PIT_COALESCE_SKIPPED_TRANSITIONS=0
xemu-perf: metal_draw_target vram_addr=0x32a4000 count=58
xemu-perf: metal_draw_target vram_addr=0x3628000 count=57
xemu-perf: metal_draw_target vram_addr=0x3bd4000 count=700
xemu-perf: metal_draw_target vram_addr=0x3d00000 count=700
xemu-perf: metal_draw_target vram_addr=0x3aa8000 count=700
xemu-perf: metal_screenshot_written path=docs/apple-silicon/task-16-evidence-2026-05-21/cycle4-sampler-rt/harness-final/swizzle-mipmap/metal/screenshots/swizzle-mipmap.0123.png w=640 h=480
xemu-perf: metal_screenshot_written path=docs/apple-silicon/task-16-evidence-2026-05-21/cycle4-sampler-rt/harness-final/swizzle-mipmap/metal/screenshots/swizzle-mipmap.0124.png w=640 h=480
xemu-perf: metal_surface_dirty vram_addr=0x2e06000 size=2097152 write_addr=0x2fe6400 write_len=4 is_color=1
xemu-perf: metal_surface_dirty vram_addr=0x2994000 size=262144 write_addr=0x29a4000 write_len=4 is_color=1
xemu-perf: metal_screenshot_written path=docs/apple-silicon/task-16-evidence-2026-05-21/cycle4-sampler-rt/harness-final/swizzle-mipmap/metal/screenshots/swizzle-mipmap.0125.png w=640 h=480
xemu-perf: metal_color_bind vram_addr=0x3ba1000 guest=1024x1024 scaled=1024x1024 pitch=4096 format=8
xemu-perf: metal_draw_target_first vram_addr=0x3ba1000 slot=14
xemu-perf: metal_surface_dirty vram_addr=0x3628000 size=2457600 write_addr=0x3628000 write_len=2457600 is_color=1
xemu-perf: metal_screenshot_written path=docs/apple-silicon/task-16-evidence-2026-05-21/cycle4-sampler-rt/harness-final/swizzle-mipmap/metal/screenshots/swizzle-mipmap.0126.png w=640 h=480
xemu-perf: metal_surface_dirty vram_addr=0x3628000 size=2457600 write_addr=0x3628000 write_len=2457600 is_color=1
xemu-perf: metal_surface_dirty vram_addr=0x3628000 size=2457600 write_addr=0x3628000 write_len=2457600 is_color=1
xemu-perf: metal_surface_dirty vram_addr=0x3628000 size=2457600 write_addr=0x3628000 write_len=2457600 is_color=1
xemu-perf: metal_surface_dirty vram_addr=0x3628000 size=2457600 write_addr=0x3628000 write_len=2457600 is_color=1
xemu-perf: metal_surface_dirty vram_addr=0x3628000 size=2457600 write_addr=0x3628000 write_len=2457600 is_color=1
xemu-perf: metal_surface_dirty vram_addr=0x3628000 size=2457600 write_addr=0x3628000 write_len=2457600 is_color=1
xemu-perf: metal_surface_dirty vram_addr=0x3628000 size=2457600 write_addr=0x3628000 write_len=2457600 is_color=1
xemu-perf: metal_screenshot_written path=docs/apple-silicon/task-16-evidence-2026-05-21/cycle4-sampler-rt/harness-final/swizzle-mipmap/metal/screenshots/swizzle-mipmap.0127.png w=640 h=480
xemu-perf: metal_surface_dirty vram_addr=0x3628000 size=2457600 write_addr=0x3628000 write_len=2457600 is_color=1
xemu-perf: metal_surface_dirty vram_addr=0x3628000 size=2457600 write_addr=0x3628000 write_len=2457600 is_color=1
xemu-perf: metal_surface_dirty vram_addr=0x3628000 size=2457600 write_addr=0x3628000 write_len=2457600 is_color=1
xemu-perf: metal_surface_dirty vram_addr=0x3628000 size=2457600 write_addr=0x3628000 write_len=2457600 is_color=1
xemu-perf: metal_surface_dirty vram_addr=0x3628000 size=2457600 write_addr=0x3628000 write_len=2457600 is_color=1
xemu-perf: metal_surface_dirty vram_addr=0x3628000 size=2457600 write_addr=0x3628000 write_len=2457600 is_color=1
xemu-perf: metal_surface_dirty vram_addr=0x3628000 size=2457600 write_addr=0x3628000 write_len=2457600 is_color=1
xemu-perf: metal_surface_dirty vram_addr=0x3628000 size=2457600 write_addr=0x3628000 write_len=2457600 is_color=1
xemu-perf: metal_screenshot_written path=docs/apple-silicon/task-16-evidence-2026-05-21/cycle4-sampler-rt/harness-final/swizzle-mipmap/metal/screenshots/swizzle-mipmap.0128.png w=640 h=480
xemu-perf: metal_surface_dirty vram_addr=0x3628000 size=2457600 write_addr=0x3628000 write_len=2457600 is_color=1
xemu-perf: metal_surface_dirty vram_addr=0x3628000 size=2457600 write_addr=0x3628000 write_len=2457600 is_color=1
xemu-perf: metal_surface_dirty vram_addr=0x3628000 size=2457600 write_addr=0x3628000 write_len=2457600 is_color=1
xemu-perf: metal_surface_dirty vram_addr=0x3628000 size=2457600 write_addr=0x3628000 write_len=2457600 is_color=1
xemu-perf: metal_surface_dirty vram_addr=0x3628000 size=2457600 write_addr=0x3628000 write_len=2457600 is_color=1
xemu-perf: metal_surface_dirty vram_addr=0x3628000 size=2457600 write_addr=0x3628000 write_len=2457600 is_color=1
xemu-perf: metal_surface_dirty vram_addr=0x3628000 size=2457600 write_addr=0x3628000 write_len=2457600 is_color=1
xemu-perf: metal_screenshot_written path=docs/apple-silicon/task-16-evidence-2026-05-21/cycle4-sampler-rt/harness-final/swizzle-mipmap/metal/screenshots/swizzle-mipmap.0129.png w=640 h=480
xemu-perf: metal_surface_dirty vram_addr=0x3628000 size=2457600 write_addr=0x3628000 write_len=2457600 is_color=1
xemu-perf: metal_surface_dirty vram_addr=0x3628000 size=2457600 write_addr=0x3628000 write_len=2457600 is_color=1
xemu-perf: metal_surface_dirty vram_addr=0x3628000 size=2457600 write_addr=0x3628000 write_len=2457600 is_color=1
xemu-perf: metal_surface_dirty vram_addr=0x3628000 size=2457600 write_addr=0x3628000 write_len=2457600 is_color=1
xemu-perf: metal_surface_dirty vram_addr=0x3628000 size=2457600 write_addr=0x3628000 write_len=2457600 is_color=1
xemu-perf: metal_surface_dirty vram_addr=0x3628000 size=2457600 write_addr=0x3628000 write_len=2457600 is_color=1
xemu-perf: metal_surface_dirty vram_addr=0x3628000 size=2457600 write_addr=0x3628000 write_len=2457600 is_color=1
xemu-perf: metal_surface_dirty vram_addr=0x3628000 size=2457600 write_addr=0x3628000 write_len=2457600 is_color=1
xemu-perf: metal_screenshot_written path=docs/apple-silicon/task-16-evidence-2026-05-21/cycle4-sampler-rt/harness-final/swizzle-mipmap/metal/screenshots/swizzle-mipmap.0130.png w=640 h=480
xemu-perf: metal_surface_dirty vram_addr=0x3628000 size=2457600 write_addr=0x3628000 write_len=2457600 is_color=1
xemu-perf: metal_surface_dirty vram_addr=0x3628000 size=2457600 write_addr=0x3628000 write_len=2457600 is_color=1
xemu-perf: metal_surface_dirty vram_addr=0x3ba1000 size=4194304 write_addr=0x3eb4000 write_len=1 is_color=1
xemu-perf: metal_screenshot_written path=docs/apple-silicon/task-16-evidence-2026-05-21/cycle4-sampler-rt/harness-final/swizzle-mipmap/metal/screenshots/swizzle-mipmap.0131.png w=640 h=480
xemu-perf: metal_surface_dirty vram_addr=0x3aa8000 size=1228800 write_addr=0x3aa8000 write_len=1 is_color=1
xemu-perf: metal_screenshot_written path=docs/apple-silicon/task-16-evidence-2026-05-21/cycle4-sampler-rt/harness-final/swizzle-mipmap/metal/screenshots/swizzle-mipmap.0132.png w=640 h=480
xemu-perf: metal_surface_dirty vram_addr=0x3ba1000 size=4194304 write_addr=0x3e2f280 write_len=4 is_color=1
xemu-perf: metal_surface_dirty vram_addr=0x3ba1000 size=4194304 write_addr=0x3e2f2c0 write_len=4 is_color=1
xemu-perf: metal_surface_dirty vram_addr=0x3ba1000 size=4194304 write_addr=0x3e2f2f8 write_len=4 is_color=1
xemu-perf: metal_surface_dirty vram_addr=0x3ba1000 size=4194304 write_addr=0x3e2f328 write_len=4 is_color=1
xemu-perf: metal_unswizzle_dump w=64 h=64 Q0=(B00 G00 Rff Aff) Q1=(B00 Gff R00 Aff) Q2=(Bff G00 R00 Aff) Q3=(B00 Gff Rff Aff)
xemu-perf: metal_unswizzle_dump w=32 h=32 Q0=(B00 G00 Rdf Aff) Q1=(B00 Gdf R00 Aff) Q2=(Bdf G00 R00 Aff) Q3=(B00 Gdf Rdf Aff)
xemu-perf: metal_unswizzle_dump w=16 h=16 Q0=(B00 G00 Rbf Aff) Q1=(B00 Gbf R00 Aff) Q2=(Bbf G00 R00 Aff) Q3=(B00 Gbf Rbf Aff)
xemu-perf: metal_unswizzle_dump w=8 h=8 Q0=(B00 G00 R9f Aff) Q1=(B00 G9f R00 Aff) Q2=(B9f G00 R00 Aff) Q3=(B00 G9f R9f Aff)
xemu-perf: metal_unswizzle_dump w=4 h=4 Q0=(B00 G00 R7f Aff) Q1=(B00 G7f R00 Aff) Q2=(B7f G00 R00 Aff) Q3=(B00 G7f R7f Aff)
xemu-perf: metal_unswizzle_dump w=2 h=2 Q0=(B00 G00 R5f Aff) Q1=(B00 G5f R00 Aff) Q2=(B5f G00 R00 Aff) Q3=(B00 G5f R5f Aff)
xemu-perf: metal_surface_dirty vram_addr=0x3ba1000 size=4194304 write_addr=0x3e2f340 write_len=4 is_color=1
xemu-perf: metal_surface_dirty vram_addr=0x3ba1000 size=4194304 write_addr=0x3e2f2c0 write_len=4 is_color=1
xemu-perf: metal_surface_dirty vram_addr=0x3ba1000 size=4194304 write_addr=0x3e2f340 write_len=4 is_color=1
xemu-perf: metal_surface_dirty vram_addr=0x3ba1000 size=4194304 write_addr=0x3e2f290 write_len=4 is_color=1
xemu-perf: metal_surface_dirty vram_addr=0x3ba1000 size=4194304 write_addr=0x3e2f2e0 write_len=4 is_color=1
xemu-perf: metal_surface_dirty vram_addr=0x3ba1000 size=4194304 write_addr=0x3e2f308 write_len=4 is_color=1
xemu-perf: metal_surface_dirty vram_addr=0x3ba1000 size=4194304 write_addr=0x3e2f340 write_len=4 is_color=1
xemu-perf: metal_surface_dirty vram_addr=0x3ba1000 size=4194304 write_addr=0x3e2f2d0 write_len=4 is_color=1
xemu-perf: metal_surface_dirty vram_addr=0x3ba1000 size=4194304 write_addr=0x3e2f328 write_len=4 is_color=1
xemu-perf: metal_surface_dirty vram_addr=0x3ba1000 size=4194304 write_addr=0x3e2f340 write_len=4 is_color=1
xemu-perf: metal_surface_dirty vram_addr=0x3ba1000 size=4194304 write_addr=0x3e2f2a8 write_len=4 is_color=1
xemu-perf: metal_surface_dirty vram_addr=0x3ba1000 size=4194304 write_addr=0x3e2f300 write_len=4 is_color=1
xemu-perf: metal_surface_dirty vram_addr=0x3ba1000 size=4194304 write_addr=0x3e2f340 write_len=4 is_color=1
xemu-perf: metal_surface_dirty vram_addr=0x3ba1000 size=4194304 write_addr=0x3e2f290 write_len=4 is_color=1
xemu-perf: metal_surface_dirty vram_addr=0x3ba1000 size=4194304 write_addr=0x3e2f2c0 write_len=4 is_color=1
xemu-perf: metal_surface_dirty vram_addr=0x3ba1000 size=4194304 write_addr=0x3e2f2f0 write_len=4 is_color=1
xemu-perf: metal_surface_dirty vram_addr=0x3ba1000 size=4194304 write_addr=0x3e2f328 write_len=4 is_color=1
xemu-perf: metal_surface_dirty vram_addr=0x3ba1000 size=4194304 write_addr=0x3e2f340 write_len=4 is_color=1
xemu-perf: metal_screenshot_written path=docs/apple-silicon/task-16-evidence-2026-05-21/cycle4-sampler-rt/harness-final/swizzle-mipmap/metal/screenshots/swizzle-mipmap.0133.png w=640 h=480
xemu-perf: metal_surface_dirty vram_addr=0x3ba1000 size=4194304 write_addr=0x3e2f290 write_len=4 is_color=1
xemu-perf: metal_surface_dirty vram_addr=0x3ba1000 size=4194304 write_addr=0x3e2f2e0 write_len=4 is_color=1
xemu-perf: metal_surface_dirty vram_addr=0x3ba1000 size=4194304 write_addr=0x3e2f340 write_len=4 is_color=1
xemu-perf: metal_surface_dirty vram_addr=0x3ba1000 size=4194304 write_addr=0x3e2f290 write_len=4 is_color=1
xemu-perf: metal_surface_dirty vram_addr=0x3ba1000 size=4194304 write_addr=0x3e2f2b0 write_len=4 is_color=1
xemu-perf: metal_surface_dirty vram_addr=0x3ba1000 size=4194304 write_addr=0x3e2f2e0 write_len=4 is_color=1
xemu-perf: metal_surface_dirty vram_addr=0x3ba1000 size=4194304 write_addr=0x3e2f308 write_len=4 is_color=1
xemu-perf: metal_surface_dirty vram_addr=0x3ba1000 size=4194304 write_addr=0x3e2f340 write_len=4 is_color=1
xemu-perf: metal_surface_dirty vram_addr=0x3ba1000 size=4194304 write_addr=0x3e2f2c0 write_len=4 is_color=1
xemu-perf: metal_surface_dirty vram_addr=0x3ba1000 size=4194304 write_addr=0x3e2f308 write_len=4 is_color=1
xemu-perf: metal_surface_dirty vram_addr=0x3ba1000 size=4194304 write_addr=0x3e2f340 write_len=4 is_color=1
xemu-perf: metal_surface_dirty vram_addr=0x3ba1000 size=4194304 write_addr=0x3e2f288 write_len=4 is_color=1
xemu-perf: metal_surface_dirty vram_addr=0x3ba1000 size=4194304 write_addr=0x3e2f2b0 write_len=4 is_color=1
xemu-perf: metal_surface_dirty vram_addr=0x3ba1000 size=4194304 write_addr=0x3e2f2e0 write_len=4 is_color=1
xemu-perf: metal_surface_dirty vram_addr=0x3ba1000 size=4194304 write_addr=0x3e2f328 write_len=4 is_color=1
xemu-perf: metal_surface_dirty vram_addr=0x3ba1000 size=4194304 write_addr=0x3e2f340 write_len=4 is_color=1
xemu-perf: metal_surface_dirty vram_addr=0x3ba1000 size=4194304 write_addr=0x3e2f290 write_len=4 is_color=1
xemu-perf: metal_surface_dirty vram_addr=0x3ba1000 size=4194304 write_addr=0x3e2f2e0 write_len=4 is_color=1
xemu-perf: metal_screenshot_written path=docs/apple-silicon/task-16-evidence-2026-05-21/cycle4-sampler-rt/harness-final/swizzle-mipmap/metal/screenshots/swizzle-mipmap.0134.png w=640 h=480
xemu-perf: metal_surface_dirty vram_addr=0x3ba1000 size=4194304 write_addr=0x3e2f340 write_len=4 is_color=1
xemu-perf: metal_surface_dirty vram_addr=0x3ba1000 size=4194304 write_addr=0x3e2f2a8 write_len=4 is_color=1
xemu-perf: metal_surface_dirty vram_addr=0x3ba1000 size=4194304 write_addr=0x3e2f340 write_len=4 is_color=1
xemu-perf: metal_surface_dirty vram_addr=0x3ba1000 size=4194304 write_addr=0x3e2f2c8 write_len=4 is_color=1
xemu-perf: metal_surface_dirty vram_addr=0x3ba1000 size=4194304 write_addr=0x3e2f330 write_len=4 is_color=1
xemu-perf: metal_surface_dirty vram_addr=0x3ba1000 size=4194304 write_addr=0x3e2f340 write_len=4 is_color=1
xemu-perf: metal_surface_dirty vram_addr=0x3ba1000 size=4194304 write_addr=0x3e2f2c8 write_len=4 is_color=1
xemu-perf: metal_surface_dirty vram_addr=0x3ba1000 size=4194304 write_addr=0x3e2f328 write_len=4 is_color=1
xemu-perf: metal_surface_dirty vram_addr=0x3ba1000 size=4194304 write_addr=0x3e2f340 write_len=4 is_color=1
xemu-perf: metal_surface_dirty vram_addr=0x3ba1000 size=4194304 write_addr=0x3e2f2d0 write_len=4 is_color=1
xemu-perf: metal_surface_dirty vram_addr=0x3ba1000 size=4194304 write_addr=0x3e2f340 write_len=4 is_color=1
xemu-perf: metal_surface_dirty vram_addr=0x3ba1000 size=4194304 write_addr=0x3e2f290 write_len=4 is_color=1
xemu-perf: metal_surface_dirty vram_addr=0x3ba1000 size=4194304 write_addr=0x3e2f2e0 write_len=4 is_color=1
xemu-perf: metal_surface_dirty vram_addr=0x3ba1000 size=4194304 write_addr=0x3e2f328 write_len=4 is_color=1
xemu-perf: metal_surface_dirty vram_addr=0x3ba1000 size=4194304 write_addr=0x3e2f340 write_len=4 is_color=1
xemu-perf: metal_screenshot_written path=docs/apple-silicon/task-16-evidence-2026-05-21/cycle4-sampler-rt/harness-final/swizzle-mipmap/metal/screenshots/swizzle-mipmap.0135.png w=640 h=480
xemu-perf: metal_surface_dirty vram_addr=0x3ba1000 size=4194304 write_addr=0x3e2f290 write_len=4 is_color=1
xemu-perf: metal_surface_dirty vram_addr=0x3ba1000 size=4194304 write_addr=0x3e2f340 write_len=4 is_color=1
xemu-perf: metal_surface_dirty vram_addr=0x3ba1000 size=4194304 write_addr=0x3e2f2d8 write_len=4 is_color=1
xemu-perf: metal_surface_dirty vram_addr=0x3ba1000 size=4194304 write_addr=0x3e2f310 write_len=4 is_color=1
xemu-perf: metal_surface_dirty vram_addr=0x3ba1000 size=4194304 write_addr=0x3e2f340 write_len=4 is_color=1
xemu-perf: metal_surface_dirty vram_addr=0x3ba1000 size=4194304 write_addr=0x3e2f2c0 write_len=4 is_color=1
xemu-perf: metal_surface_dirty vram_addr=0x3ba1000 size=4194304 write_addr=0x3e2f2c4 write_len=4 is_color=1
xemu-perf: metal_surface_dirty vram_addr=0x3ba1000 size=4194304 write_addr=0x3e2f300 write_len=4 is_color=1
xemu-perf: metal_surface_dirty vram_addr=0x3ba1000 size=4194304 write_addr=0x3e2f340 write_len=4 is_color=1
xemu-perf: metal_surface_dirty vram_addr=0x3ba1000 size=4194304 write_addr=0x3e2f340 write_len=4 is_color=1
xemu-perf: metal_surface_dirty vram_addr=0x3ba1000 size=4194304 write_addr=0x3e2f280 write_len=4 is_color=1
xemu-perf: metal_surface_dirty vram_addr=0x3ba1000 size=4194304 write_addr=0x3e2f2e0 write_len=4 is_color=1
xemu-perf: metal_screenshot_written path=docs/apple-silicon/task-16-evidence-2026-05-21/cycle4-sampler-rt/harness-final/swizzle-mipmap/metal/screenshots/swizzle-mipmap.0136.png w=640 h=480
xemu-perf: metal_surface_dirty vram_addr=0x3ba1000 size=4194304 write_addr=0x3e2f328 write_len=4 is_color=1
xemu-perf: metal_surface_dirty vram_addr=0x3ba1000 size=4194304 write_addr=0x3e2f340 write_len=4 is_color=1
xemu-perf: metal_surface_dirty vram_addr=0x3ba1000 size=4194304 write_addr=0x3e2f288 write_len=4 is_color=1
xemu-perf: metal_surface_dirty vram_addr=0x3ba1000 size=4194304 write_addr=0x3e2f2e8 write_len=4 is_color=1
xemu-perf: metal_surface_dirty vram_addr=0x3ba1000 size=4194304 write_addr=0x3e2f340 write_len=4 is_color=1
xemu-perf: metal_surface_dirty vram_addr=0x3ba1000 size=4194304 write_addr=0x3e2f2cc write_len=4 is_color=1
xemu-perf: metal_surface_dirty vram_addr=0x3ba1000 size=4194304 write_addr=0x3e2f320 write_len=4 is_color=1
xemu-perf: metal_surface_dirty vram_addr=0x3ba1000 size=4194304 write_addr=0x3e2f340 write_len=4 is_color=1
xemu-perf: metal_surface_dirty vram_addr=0x3ba1000 size=4194304 write_addr=0x3e2f290 write_len=4 is_color=1
xemu-perf: metal_surface_dirty vram_addr=0x3ba1000 size=4194304 write_addr=0x3e2f2a8 write_len=4 is_color=1
xemu-perf: metal_surface_dirty vram_addr=0x3ba1000 size=4194304 write_addr=0x3e2f2e0 write_len=4 is_color=1
xemu-perf: metal_surface_dirty vram_addr=0x3ba1000 size=4194304 write_addr=0x3e2f328 write_len=4 is_color=1
xemu-perf: metal_surface_dirty vram_addr=0x3ba1000 size=4194304 write_addr=0x3e2f340 write_len=4 is_color=1
xemu-perf: metal_surface_dirty vram_addr=0x3ba1000 size=4194304 write_addr=0x3e2f2a0 write_len=4 is_color=1
xemu-perf: metal_surface_dirty vram_addr=0x3ba1000 size=4194304 write_addr=0x3e2f2f0 write_len=4 is_color=1
xemu-perf: metal_surface_dirty vram_addr=0x3ba1000 size=4194304 write_addr=0x3e2f340 write_len=4 is_color=1
xemu-perf: metal_surface_dirty vram_addr=0x3ba1000 size=4194304 write_addr=0x3e2f2c8 write_len=4 is_color=1
xemu-perf: metal_surface_dirty vram_addr=0x3ba1000 size=4194304 write_addr=0x3e2f340 write_len=4 is_color=1
xemu-perf: metal_screenshot_written path=docs/apple-silicon/task-16-evidence-2026-05-21/cycle4-sampler-rt/harness-final/swizzle-mipmap/metal/screenshots/swizzle-mipmap.0137.png w=640 h=480
xemu-perf: metal_surface_dirty vram_addr=0x3ba1000 size=4194304 write_addr=0x3e2f2c0 write_len=4 is_color=1
xemu-perf: metal_surface_dirty vram_addr=0x3ba1000 size=4194304 write_addr=0x3e2f340 write_len=4 is_color=1
xemu-perf: metal_surface_dirty vram_addr=0x3ba1000 size=4194304 write_addr=0x3e2f280 write_len=4 is_color=1
xemu-perf: metal_surface_dirty vram_addr=0x3ba1000 size=4194304 write_addr=0x3e2f2c8 write_len=4 is_color=1
xemu-perf: metal_surface_dirty vram_addr=0x3ba1000 size=4194304 write_addr=0x3e2f2e8 write_len=4 is_color=1
xemu-perf: metal_surface_dirty vram_addr=0x3ba1000 size=4194304 write_addr=0x3e2f328 write_len=4 is_color=1
xemu-perf: metal_surface_dirty vram_addr=0x3ba1000 size=4194304 write_addr=0x3e2f340 write_len=4 is_color=1
xemu-perf: metal_surface_dirty vram_addr=0x3ba1000 size=4194304 write_addr=0x3e2f2b0 write_len=4 is_color=1
xemu-perf: metal_surface_dirty vram_addr=0x3ba1000 size=4194304 write_addr=0x3e2f308 write_len=4 is_color=1
xemu-perf: metal_surface_dirty vram_addr=0x3ba1000 size=4194304 write_addr=0x3e2f340 write_len=4 is_color=1
xemu-perf: metal_surface_dirty vram_addr=0x3ba1000 size=4194304 write_addr=0x3e2f2c0 write_len=4 is_color=1
xemu-perf: metal_surface_dirty vram_addr=0x3ba1000 size=4194304 write_addr=0x3e2f2e8 write_len=4 is_color=1
xemu-perf: metal_surface_dirty vram_addr=0x3ba1000 size=4194304 write_addr=0x3e2f330 write_len=4 is_color=1
xemu-perf: metal_surface_dirty vram_addr=0x3ba1000 size=4194304 write_addr=0x3e2f334 write_len=4 is_color=1
xemu-perf: metal_surface_dirty vram_addr=0x3ba1000 size=4194304 write_addr=0x3e2f340 write_len=4 is_color=1
xemu-perf: metal_surface_dirty vram_addr=0x3ba1000 size=4194304 write_addr=0x3e2f2c8 write_len=4 is_color=1
xemu-perf: metal_screenshot_written path=docs/apple-silicon/task-16-evidence-2026-05-21/cycle4-sampler-rt/harness-final/swizzle-mipmap/metal/screenshots/swizzle-mipmap.0138.png w=640 h=480
xemu-perf: metal_surface_dirty vram_addr=0x3ba1000 size=4194304 write_addr=0x3e2f320 write_len=4 is_color=1
xemu-perf: metal_surface_dirty vram_addr=0x3ba1000 size=4194304 write_addr=0x3e2f340 write_len=4 is_color=1
xemu-perf: metal_surface_dirty vram_addr=0x3ba1000 size=4194304 write_addr=0x3e2f2c8 write_len=4 is_color=1
xemu-perf: metal_surface_dirty vram_addr=0x3ba1000 size=4194304 write_addr=0x3e2f340 write_len=4 is_color=1
xemu-perf: metal_surface_dirty vram_addr=0x3ba1000 size=4194304 write_addr=0x3e2f2c8 write_len=4 is_color=1
xemu-perf: metal_surface_dirty vram_addr=0x3ba1000 size=4194304 write_addr=0x3e2f320 write_len=4 is_color=1
xemu-perf: metal_surface_dirty vram_addr=0x3ba1000 size=4194304 write_addr=0x3e2f340 write_len=4 is_color=1
xemu-perf: metal_surface_dirty vram_addr=0x3ba1000 size=4194304 write_addr=0x3e2f290 write_len=4 is_color=1
xemu-perf: metal_surface_dirty vram_addr=0x3ba1000 size=4194304 write_addr=0x3e2f340 write_len=4 is_color=1
xemu-perf: metal_surface_dirty vram_addr=0x3ba1000 size=4194304 write_addr=0x3e2f290 write_len=4 is_color=1
xemu-perf: metal_surface_dirty vram_addr=0x3ba1000 size=4194304 write_addr=0x3e2f2d8 write_len=4 is_color=1
xemu-perf: metal_surface_dirty vram_addr=0x3ba1000 size=4194304 write_addr=0x3e2f340 write_len=4 is_color=1
xemu-perf: metal_surface_dirty vram_addr=0x3ba1000 size=4194304 write_addr=0x3e2f2a8 write_len=4 is_color=1
xemu-perf: metal_surface_dirty vram_addr=0x3ba1000 size=4194304 write_addr=0x3e2f314 write_len=4 is_color=1
xemu-perf: metal_surface_dirty vram_addr=0x3ba1000 size=4194304 write_addr=0x3e2f340 write_len=4 is_color=1
xemu-perf: metal_screenshot_written path=docs/apple-silicon/task-16-evidence-2026-05-21/cycle4-sampler-rt/harness-final/swizzle-mipmap/metal/screenshots/swizzle-mipmap.0139.png w=640 h=480
xemu-perf: metal_surface_dirty vram_addr=0x3ba1000 size=4194304 write_addr=0x3e2f2a0 write_len=4 is_color=1
xemu-perf: metal_surface_dirty vram_addr=0x3ba1000 size=4194304 write_addr=0x3e2f340 write_len=4 is_color=1
xemu-perf: metal_surface_dirty vram_addr=0x3ba1000 size=4194304 write_addr=0x3e2f290 write_len=4 is_color=1
xemu-perf: metal_surface_dirty vram_addr=0x3ba1000 size=4194304 write_addr=0x3e2f2c0 write_len=4 is_color=1
xemu-perf: metal_surface_dirty vram_addr=0x3ba1000 size=4194304 write_addr=0x3e2f340 write_len=4 is_color=1
xemu-perf: metal_surface_dirty vram_addr=0x3ba1000 size=4194304 write_addr=0x3e2f2a0 write_len=4 is_color=1
xemu-perf: metal_surface_dirty vram_addr=0x3ba1000 size=4194304 write_addr=0x3e2f2cc write_len=4 is_color=1
xemu-perf: metal_surface_dirty vram_addr=0x3ba1000 size=4194304 write_addr=0x3e2f2e8 write_len=4 is_color=1
xemu-perf: metal_surface_dirty vram_addr=0x3ba1000 size=4194304 write_addr=0x3e2f320 write_len=4 is_color=1
xemu-perf: metal_surface_dirty vram_addr=0x3ba1000 size=4194304 write_addr=0x3e2f340 write_len=4 is_color=1
xemu-perf: metal_surface_dirty vram_addr=0x3ba1000 size=4194304 write_addr=0x3e2f290 write_len=4 is_color=1
xemu-perf: metal_surface_dirty vram_addr=0x3ba1000 size=4194304 write_addr=0x3e2f320 write_len=4 is_color=1
xemu-perf: metal_surface_dirty vram_addr=0x3ba1000 size=4194304 write_addr=0x3e2f340 write_len=4 is_color=1
xemu-perf: metal_surface_dirty vram_addr=0x3ba1000 size=4194304 write_addr=0x3e2f290 write_len=4 is_color=1
xemu-perf: metal_screenshot_written path=docs/apple-silicon/task-16-evidence-2026-05-21/cycle4-sampler-rt/harness-final/swizzle-mipmap/metal/screenshots/swizzle-mipmap.0140.png w=640 h=480
xemu-perf: metal_surface_dirty vram_addr=0x3ba1000 size=4194304 write_addr=0x3e2f2e8 write_len=4 is_color=1
xemu-perf: metal_surface_dirty vram_addr=0x3ba1000 size=4194304 write_addr=0x3e2f308 write_len=4 is_color=1
xemu-perf: metal_surface_dirty vram_addr=0x3ba1000 size=4194304 write_addr=0x3e2f340 write_len=4 is_color=1
xemu-perf: metal_surface_dirty vram_addr=0x3ba1000 size=4194304 write_addr=0x3e2f308 write_len=4 is_color=1
xemu-perf: metal_surface_dirty vram_addr=0x3ba1000 size=4194304 write_addr=0x3e2f328 write_len=4 is_color=1
xemu-perf: metal_surface_dirty vram_addr=0x3ba1000 size=4194304 write_addr=0x3e2f340 write_len=4 is_color=1
xemu-perf: metal_surface_dirty vram_addr=0x3ba1000 size=4194304 write_addr=0x3e2f2b8 write_len=4 is_color=1
xemu-perf: metal_surface_dirty vram_addr=0x3ba1000 size=4194304 write_addr=0x3e2f304 write_len=4 is_color=1
xemu-perf: metal_surface_dirty vram_addr=0x3ba1000 size=4194304 write_addr=0x3e2f340 write_len=4 is_color=1
xemu-perf: metal_surface_dirty vram_addr=0x3ba1000 size=4194304 write_addr=0x3e2f288 write_len=4 is_color=1
xemu-perf: metal_surface_dirty vram_addr=0x3ba1000 size=4194304 write_addr=0x3e2f2b4 write_len=4 is_color=1
xemu-perf: metal_surface_dirty vram_addr=0x3ba1000 size=4194304 write_addr=0x3e2f2e8 write_len=4 is_color=1
xemu-perf: metal_surface_dirty vram_addr=0x3ba1000 size=4194304 write_addr=0x3e2f340 write_len=4 is_color=1
xemu-perf: metal_surface_dirty vram_addr=0x3ba1000 size=4194304 write_addr=0x3e2f2a0 write_len=4 is_color=1
xemu-perf: metal_surface_dirty vram_addr=0x3ba1000 size=4194304 write_addr=0x3e2f2c0 write_len=4 is_color=1
xemu-perf: metal_surface_dirty vram_addr=0x3ba1000 size=4194304 write_addr=0x3e2f340 write_len=4 is_color=1
xemu-perf: metal_surface_dirty vram_addr=0x3ba1000 size=4194304 write_addr=0x3e2f28c write_len=4 is_color=1
xemu-perf: metal_surface_dirty vram_addr=0x3ba1000 size=4194304 write_addr=0x3e2f300 write_len=4 is_color=1
xemu-perf: metal_surface_dirty vram_addr=0x3ba1000 size=4194304 write_addr=0x3e2f328 write_len=4 is_color=1
xemu-perf: metal_surface_dirty vram_addr=0x3ba1000 size=4194304 write_addr=0x3e2f340 write_len=4 is_color=1
xemu-perf: metal_screenshot_written path=docs/apple-silicon/task-16-evidence-2026-05-21/cycle4-sampler-rt/harness-final/swizzle-mipmap/metal/screenshots/swizzle-mipmap.0141.png w=640 h=480
xemu-perf: metal_surface_dirty vram_addr=0x3ba1000 size=4194304 write_addr=0x3e2f2a0 write_len=4 is_color=1
xemu-perf: metal_surface_dirty vram_addr=0x3ba1000 size=4194304 write_addr=0x3e2f2e8 write_len=4 is_color=1
xemu-perf: metal_surface_dirty vram_addr=0x3ba1000 size=4194304 write_addr=0x3e2f328 write_len=4 is_color=1
xemu-perf: metal_surface_dirty vram_addr=0x3ba1000 size=4194304 write_addr=0x3e2f340 write_len=4 is_color=1
xemu-perf: metal_surface_dirty vram_addr=0x3ba1000 size=4194304 write_addr=0x3e2f288 write_len=4 is_color=1
xemu-perf: metal_surface_dirty vram_addr=0x3ba1000 size=4194304 write_addr=0x3e2f2a8 write_len=4 is_color=1
xemu-perf: metal_surface_dirty vram_addr=0x3ba1000 size=4194304 write_addr=0x3e2f2c8 write_len=4 is_color=1
xemu-perf: metal_surface_dirty vram_addr=0x3ba1000 size=4194304 write_addr=0x3e2f300 write_len=4 is_color=1
xemu-perf: metal_surface_dirty vram_addr=0x3ba1000 size=4194304 write_addr=0x3e2f330 write_len=4 is_color=1
xemu-perf: metal_surface_dirty vram_addr=0x3ba1000 size=4194304 write_addr=0x3e2f340 write_len=4 is_color=1
xemu-perf: metal_surface_dirty vram_addr=0x3ba1000 size=4194304 write_addr=0x3e2f288 write_len=4 is_color=1
xemu-perf: metal_surface_dirty vram_addr=0x3ba1000 size=4194304 write_addr=0x3e2f2c0 write_len=4 is_color=1
xemu-perf: metal_surface_dirty vram_addr=0x3ba1000 size=4194304 write_addr=0x3e2f2e0 write_len=4 is_color=1
xemu-perf: metal_surface_dirty vram_addr=0x3ba1000 size=4194304 write_addr=0x3e2f308 write_len=4 is_color=1
xemu-perf: metal_surface_dirty vram_addr=0x3ba1000 size=4194304 write_addr=0x3e2f340 write_len=4 is_color=1
xemu-perf: metal_surface_dirty vram_addr=0x3ba1000 size=4194304 write_addr=0x3e2f290 write_len=4 is_color=1
xemu-perf: metal_surface_dirty vram_addr=0x3ba1000 size=4194304 write_addr=0x3e2f2c0 write_len=4 is_color=1
xemu-perf: metal_surface_dirty vram_addr=0x3ba1000 size=4194304 write_addr=0x3e2f2e0 write_len=4 is_color=1
xemu-perf: metal_surface_dirty vram_addr=0x3ba1000 size=4194304 write_addr=0x3e2f308 write_len=4 is_color=1
xemu-perf: metal_surface_dirty vram_addr=0x3ba1000 size=4194304 write_addr=0x3e2f340 write_len=4 is_color=1
xemu-perf: metal_surface_dirty vram_addr=0x3ba1000 size=4194304 write_addr=0x3e2f290 write_len=4 is_color=1
xemu-perf: metal_screenshot_written path=docs/apple-silicon/task-16-evidence-2026-05-21/cycle4-sampler-rt/harness-final/swizzle-mipmap/metal/screenshots/swizzle-mipmap.0142.png w=640 h=480
xemu-perf: metal_surface_dirty vram_addr=0x3ba1000 size=4194304 write_addr=0x3e2f308 write_len=4 is_color=1
xemu-perf: metal_surface_dirty vram_addr=0x3ba1000 size=4194304 write_addr=0x3e2f340 write_len=4 is_color=1
xemu-perf: metal_surface_dirty vram_addr=0x3ba1000 size=4194304 write_addr=0x3e2f290 write_len=4 is_color=1
xemu-perf: metal_surface_dirty vram_addr=0x3ba1000 size=4194304 write_addr=0x3e2f2b0 write_len=4 is_color=1
xemu-perf: metal_surface_dirty vram_addr=0x3ba1000 size=4194304 write_addr=0x3e2f2c8 write_len=4 is_color=1
xemu-perf: metal_surface_dirty vram_addr=0x3ba1000 size=4194304 write_addr=0x3e2f2e8 write_len=4 is_color=1
xemu-perf: metal_surface_dirty vram_addr=0x3ba1000 size=4194304 write_addr=0x3e2f320 write_len=4 is_color=1
xemu-perf: metal_surface_dirty vram_addr=0x3ba1000 size=4194304 write_addr=0x3e2f340 write_len=4 is_color=1
xemu-perf: metal_surface_dirty vram_addr=0x3ba1000 size=4194304 write_addr=0x3e2f290 write_len=4 is_color=1
xemu-perf: metal_surface_dirty vram_addr=0x3ba1000 size=4194304 write_addr=0x3e2f2c8 write_len=4 is_color=1
xemu-perf: metal_surface_dirty vram_addr=0x3ba1000 size=4194304 write_addr=0x3e2f2f4 write_len=4 is_color=1
xemu-perf: metal_surface_dirty vram_addr=0x3ba1000 size=4194304 write_addr=0x3e2f308 write_len=4 is_color=1
xemu-perf: metal_surface_dirty vram_addr=0x3ba1000 size=4194304 write_addr=0x3e2f340 write_len=4 is_color=1
xemu-perf: metal_surface_dirty vram_addr=0x3ba1000 size=4194304 write_addr=0x3e2f2a0 write_len=4 is_color=1
xemu-perf: metal_surface_dirty vram_addr=0x3ba1000 size=4194304 write_addr=0x3e2f2c4 write_len=4 is_color=1
xemu-perf: metal_surface_dirty vram_addr=0x3ba1000 size=4194304 write_addr=0x3e2f2e8 write_len=4 is_color=1
xemu-perf: metal_surface_dirty vram_addr=0x3ba1000 size=4194304 write_addr=0x3e2f340 write_len=4 is_color=1
xemu-perf: metal_surface_dirty vram_addr=0x3ba1000 size=4194304 write_addr=0x3e2f2a8 write_len=4 is_color=1
xemu-perf: metal_surface_dirty vram_addr=0x3ba1000 size=4194304 write_addr=0x3e2f2e8 write_len=4 is_color=1
xemu-perf: metal_surface_dirty vram_addr=0x3ba1000 size=4194304 write_addr=0x3e2f308 write_len=4 is_color=1
xemu-perf: metal_surface_dirty vram_addr=0x3ba1000 size=4194304 write_addr=0x3e2f340 write_len=4 is_color=1
xemu-perf: metal_surface_dirty vram_addr=0x3ba1000 size=4194304 write_addr=0x3e2f28c write_len=4 is_color=1
xemu-perf: metal_surface_dirty vram_addr=0x3ba1000 size=4194304 write_addr=0x3e2f2c0 write_len=4 is_color=1
xemu-perf: metal_surface_dirty vram_addr=0x3ba1000 size=4194304 write_addr=0x3e2f2f0 write_len=4 is_color=1
xemu-perf: metal_surface_dirty vram_addr=0x3ba1000 size=4194304 write_addr=0x3e2f320 write_len=4 is_color=1
xemu-perf: metal_surface_dirty vram_addr=0x3ba1000 size=4194304 write_addr=0x3e2f340 write_len=4 is_color=1
xemu-perf: metal_screenshot_written path=docs/apple-silicon/task-16-evidence-2026-05-21/cycle4-sampler-rt/harness-final/swizzle-mipmap/metal/screenshots/swizzle-mipmap.0143.png w=640 h=480
xemu-perf: metal_surface_dirty vram_addr=0x3ba1000 size=4194304 write_addr=0x3e2f288 write_len=4 is_color=1
xemu-perf: metal_surface_dirty vram_addr=0x3ba1000 size=4194304 write_addr=0x3e2f300 write_len=4 is_color=1
xemu-perf: metal_surface_dirty vram_addr=0x3ba1000 size=4194304 write_addr=0x3e2f340 write_len=4 is_color=1
xemu-perf: metal_surface_dirty vram_addr=0x3ba1000 size=4194304 write_addr=0x3e2f290 write_len=4 is_color=1
xemu-perf: metal_surface_dirty vram_addr=0x3ba1000 size=4194304 write_addr=0x3e2f2c0 write_len=4 is_color=1
xemu-perf: metal_surface_dirty vram_addr=0x3ba1000 size=4194304 write_addr=0x3e2f300 write_len=4 is_color=1
xemu-perf: metal_surface_dirty vram_addr=0x3ba1000 size=4194304 write_addr=0x3e2f328 write_len=4 is_color=1
xemu-perf: metal_surface_dirty vram_addr=0x3ba1000 size=4194304 write_addr=0x3e2f340 write_len=4 is_color=1
xemu-perf: metal_surface_dirty vram_addr=0x3ba1000 size=4194304 write_addr=0x3e2f290 write_len=4 is_color=1
xemu-perf: metal_surface_dirty vram_addr=0x3ba1000 size=4194304 write_addr=0x3e2f2c0 write_len=4 is_color=1
xemu-perf: metal_surface_dirty vram_addr=0x3ba1000 size=4194304 write_addr=0x3e2f300 write_len=4 is_color=1
xemu-perf: metal_surface_dirty vram_addr=0x3ba1000 size=4194304 write_addr=0x3e2f340 write_len=4 is_color=1
xemu-perf: metal_surface_dirty vram_addr=0x3ba1000 size=4194304 write_addr=0x3e2f290 write_len=4 is_color=1
xemu-perf: metal_surface_dirty vram_addr=0x3ba1000 size=4194304 write_addr=0x3e2f2a8 write_len=4 is_color=1
xemu-perf: metal_surface_dirty vram_addr=0x3ba1000 size=4194304 write_addr=0x3e2f2e8 write_len=4 is_color=1
xemu-perf: metal_surface_dirty vram_addr=0x3ba1000 size=4194304 write_addr=0x3e2f320 write_len=4 is_color=1
xemu-perf: metal_surface_dirty vram_addr=0x3ba1000 size=4194304 write_addr=0x3e2f340 write_len=4 is_color=1
xemu-perf: metal_surface_dirty vram_addr=0x3ba1000 size=4194304 write_addr=0x3e2f2a8 write_len=4 is_color=1
xemu-perf: metal_surface_dirty vram_addr=0x3ba1000 size=4194304 write_addr=0x3e2f2e0 write_len=4 is_color=1
xemu-perf: metal_screenshot_written path=docs/apple-silicon/task-16-evidence-2026-05-21/cycle4-sampler-rt/harness-final/swizzle-mipmap/metal/screenshots/swizzle-mipmap.0144.png w=640 h=480
xemu-perf: metal_surface_dirty vram_addr=0x3ba1000 size=4194304 write_addr=0x3e2f328 write_len=4 is_color=1
xemu-perf: metal_surface_dirty vram_addr=0x3ba1000 size=4194304 write_addr=0x3e2f340 write_len=4 is_color=1
xemu-perf: metal_surface_dirty vram_addr=0x3ba1000 size=4194304 write_addr=0x3e2f288 write_len=4 is_color=1
xemu-perf: metal_surface_dirty vram_addr=0x3ba1000 size=4194304 write_addr=0x3e2f2a8 write_len=4 is_color=1
xemu-perf: metal_surface_dirty vram_addr=0x3ba1000 size=4194304 write_addr=0x3e2f2e8 write_len=4 is_color=1
xemu-perf: metal_surface_dirty vram_addr=0x3ba1000 size=4194304 write_addr=0x3e2f320 write_len=4 is_color=1
xemu-perf: metal_surface_dirty vram_addr=0x3ba1000 size=4194304 write_addr=0x3e2f340 write_len=4 is_color=1
xemu-perf: metal_surface_dirty vram_addr=0x3ba1000 size=4194304 write_addr=0x3e2f2c0 write_len=4 is_color=1
xemu-perf: metal_surface_dirty vram_addr=0x3ba1000 size=4194304 write_addr=0x3e2f2e8 write_len=4 is_color=1
xemu-perf: metal_surface_dirty vram_addr=0x3ba1000 size=4194304 write_addr=0x3e2f340 write_len=4 is_color=1
xemu-perf: metal_surface_dirty vram_addr=0x3ba1000 size=4194304 write_addr=0x3e2f2c8 write_len=4 is_color=1
xemu-perf: metal_surface_dirty vram_addr=0x3ba1000 size=4194304 write_addr=0x3e2f328 write_len=4 is_color=1
xemu-perf: metal_surface_dirty vram_addr=0x3ba1000 size=4194304 write_addr=0x3e2f340 write_len=4 is_color=1
xemu-perf: metal_surface_dirty vram_addr=0x3ba1000 size=4194304 write_addr=0x3e2f290 write_len=4 is_color=1
xemu-perf: metal_surface_dirty vram_addr=0x3ba1000 size=4194304 write_addr=0x3e2f340 write_len=4 is_color=1
xemu-perf: metal_surface_dirty vram_addr=0x3ba1000 size=4194304 write_addr=0x3e2f288 write_len=4 is_color=1
xemu-perf: metal_surface_dirty vram_addr=0x3ba1000 size=4194304 write_addr=0x3e2f2e0 write_len=4 is_color=1
xemu-perf: metal_surface_dirty vram_addr=0x3ba1000 size=4194304 write_addr=0x3e2f314 write_len=4 is_color=1
xemu-perf: metal_surface_dirty vram_addr=0x3ba1000 size=4194304 write_addr=0x3e2f340 write_len=4 is_color=1
xemu-perf: metal_screenshot_written path=docs/apple-silicon/task-16-evidence-2026-05-21/cycle4-sampler-rt/harness-final/swizzle-mipmap/metal/screenshots/swizzle-mipmap.0145.png w=640 h=480
xemu-perf: metal_surface_dirty vram_addr=0x3ba1000 size=4194304 write_addr=0x3e2f290 write_len=4 is_color=1
xemu-perf: metal_surface_dirty vram_addr=0x3ba1000 size=4194304 write_addr=0x3e2f340 write_len=4 is_color=1
xemu-perf: metal_surface_dirty vram_addr=0x3ba1000 size=4194304 write_addr=0x3e2f2c0 write_len=4 is_color=1
xemu-perf: metal_surface_dirty vram_addr=0x3ba1000 size=4194304 write_addr=0x3e2f300 write_len=4 is_color=1
xemu-perf: metal_surface_dirty vram_addr=0x3ba1000 size=4194304 write_addr=0x3e2f340 write_len=4 is_color=1
xemu-perf: metal_surface_dirty vram_addr=0x3ba1000 size=4194304 write_addr=0x3e2f2c8 write_len=4 is_color=1
xemu-perf: metal_surface_dirty vram_addr=0x3ba1000 size=4194304 write_addr=0x3e2f310 write_len=4 is_color=1
xemu-perf: metal_surface_dirty vram_addr=0x3ba1000 size=4194304 write_addr=0x3e2f340 write_len=4 is_color=1
xemu-perf: metal_surface_dirty vram_addr=0x3ba1000 size=4194304 write_addr=0x3e2f290 write_len=4 is_color=1
xemu-perf: metal_surface_dirty vram_addr=0x3ba1000 size=4194304 write_addr=0x3e2f2b0 write_len=4 is_color=1
xemu-perf: metal_surface_dirty vram_addr=0x3ba1000 size=4194304 write_addr=0x3e2f2e8 write_len=4 is_color=1
xemu-perf: metal_surface_dirty vram_addr=0x3ba1000 size=4194304 write_addr=0x3e2f340 write_len=4 is_color=1
xemu-perf: metal_surface_dirty vram_addr=0x3ba1000 size=4194304 write_addr=0x3e2f290 write_len=4 is_color=1
xemu-perf: metal_surface_dirty vram_addr=0x3ba1000 size=4194304 write_addr=0x3e2f2c0 write_len=4 is_color=1
xemu-perf: metal_screenshot_written path=docs/apple-silicon/task-16-evidence-2026-05-21/cycle4-sampler-rt/harness-final/swizzle-mipmap/metal/screenshots/swizzle-mipmap.0146.png w=640 h=480
xemu-perf: metal_surface_dirty vram_addr=0x3ba1000 size=4194304 write_addr=0x3e2f2e8 write_len=4 is_color=1
xemu-perf: metal_surface_dirty vram_addr=0x3ba1000 size=4194304 write_addr=0x3e2f328 write_len=4 is_color=1
xemu-perf: metal_surface_dirty vram_addr=0x3ba1000 size=4194304 write_addr=0x3e2f340 write_len=4 is_color=1
xemu-perf: metal_surface_dirty vram_addr=0x3ba1000 size=4194304 write_addr=0x3e2f2b8 write_len=4 is_color=1
xemu-perf: metal_surface_dirty vram_addr=0x3ba1000 size=4194304 write_addr=0x3e2f2e8 write_len=4 is_color=1
xemu-perf: metal_surface_dirty vram_addr=0x3ba1000 size=4194304 write_addr=0x3e2f338 write_len=4 is_color=1
xemu-perf: metal_surface_dirty vram_addr=0x3ba1000 size=4194304 write_addr=0x3e2f340 write_len=4 is_color=1
xemu-perf: metal_surface_dirty vram_addr=0x3ba1000 size=4194304 write_addr=0x3e2f290 write_len=4 is_color=1
xemu-perf: metal_surface_dirty vram_addr=0x3ba1000 size=4194304 write_addr=0x3e2f308 write_len=4 is_color=1
xemu-perf: metal_surface_dirty vram_addr=0x3ba1000 size=4194304 write_addr=0x3e2f340 write_len=4 is_color=1
xemu-perf: metal_surface_dirty vram_addr=0x3ba1000 size=4194304 write_addr=0x3e2f290 write_len=4 is_color=1
xemu-perf: metal_surface_dirty vram_addr=0x3ba1000 size=4194304 write_addr=0x3e2f2e8 write_len=4 is_color=1
xemu-perf: metal_surface_dirty vram_addr=0x3ba1000 size=4194304 write_addr=0x3e2f340 write_len=4 is_color=1
xemu-perf: metal_surface_dirty vram_addr=0x3ba1000 size=4194304 write_addr=0x3e2f2c0 write_len=4 is_color=1
xemu-perf: metal_surface_dirty vram_addr=0x3ba1000 size=4194304 write_addr=0x3e2f300 write_len=4 is_color=1
xemu-perf: metal_surface_dirty vram_addr=0x3ba1000 size=4194304 write_addr=0x3e2f340 write_len=4 is_color=1
xemu-perf: metal_surface_dirty vram_addr=0x3ba1000 size=4194304 write_addr=0x3e2f2c0 write_len=4 is_color=1
xemu-perf: metal_surface_dirty vram_addr=0x3ba1000 size=4194304 write_addr=0x3e2f300 write_len=4 is_color=1
xemu-perf: metal_surface_dirty vram_addr=0x3ba1000 size=4194304 write_addr=0x3e2f340 write_len=4 is_color=1
xemu-perf: metal_screenshot_written path=docs/apple-silicon/task-16-evidence-2026-05-21/cycle4-sampler-rt/harness-final/swizzle-mipmap/metal/screenshots/swizzle-mipmap.0147.png w=640 h=480
xemu-perf: metal_surface_dirty vram_addr=0x3ba1000 size=4194304 write_addr=0x3e2f2c0 write_len=4 is_color=1
xemu-perf: metal_surface_dirty vram_addr=0x3ba1000 size=4194304 write_addr=0x3e2f340 write_len=4 is_color=1
xemu-perf: metal_surface_dirty vram_addr=0x3ba1000 size=4194304 write_addr=0x3e2f2c0 write_len=4 is_color=1
xemu-perf: metal_surface_dirty vram_addr=0x3ba1000 size=4194304 write_addr=0x3e2f308 write_len=4 is_color=1
xemu-perf: metal_surface_dirty vram_addr=0x3ba1000 size=4194304 write_addr=0x3e2f340 write_len=4 is_color=1
xemu-perf: metal_surface_dirty vram_addr=0x3ba1000 size=4194304 write_addr=0x3e2f2c8 write_len=4 is_color=1
xemu-perf: metal_surface_dirty vram_addr=0x3ba1000 size=4194304 write_addr=0x3e2f320 write_len=4 is_color=1
xemu-perf: metal_surface_dirty vram_addr=0x3ba1000 size=4194304 write_addr=0x3e2f340 write_len=4 is_color=1
xemu-perf: metal_surface_dirty vram_addr=0x3ba1000 size=4194304 write_addr=0x3e2f280 write_len=4 is_color=1
xemu-perf: metal_surface_dirty vram_addr=0x3ba1000 size=4194304 write_addr=0x3e2f308 write_len=4 is_color=1
xemu-perf: metal_surface_dirty vram_addr=0x3ba1000 size=4194304 write_addr=0x3e2f334 write_len=4 is_color=1
xemu-perf: metal_surface_dirty vram_addr=0x3ba1000 size=4194304 write_addr=0x3e2f340 write_len=4 is_color=1
xemu-perf: metal_surface_dirty vram_addr=0x3ba1000 size=4194304 write_addr=0x3e2f280 write_len=4 is_color=1
xemu-perf: metal_surface_dirty vram_addr=0x3ba1000 size=4194304 write_addr=0x3e2f2c8 write_len=4 is_color=1
xemu-perf: metal_screenshot_written path=docs/apple-silicon/task-16-evidence-2026-05-21/cycle4-sampler-rt/harness-final/swizzle-mipmap/metal/screenshots/swizzle-mipmap.0148.png w=640 h=480
xemu-perf: metal_surface_dirty vram_addr=0x3ba1000 size=4194304 write_addr=0x3e2f31c write_len=4 is_color=1
xemu-perf: metal_surface_dirty vram_addr=0x3ba1000 size=4194304 write_addr=0x3e2f340 write_len=4 is_color=1
xemu-perf: metal_surface_dirty vram_addr=0x3ba1000 size=4194304 write_addr=0x3e2f288 write_len=4 is_color=1
xemu-perf: metal_surface_dirty vram_addr=0x3ba1000 size=4194304 write_addr=0x3e2f2a8 write_len=4 is_color=1
xemu-perf: metal_surface_dirty vram_addr=0x3ba1000 size=4194304 write_addr=0x3e2f320 write_len=4 is_color=1
xemu-perf: metal_surface_dirty vram_addr=0x3ba1000 size=4194304 write_addr=0x3e2f340 write_len=4 is_color=1
xemu-perf: metal_surface_dirty vram_addr=0x3ba1000 size=4194304 write_addr=0x3e2f298 write_len=4 is_color=1
xemu-perf: metal_surface_dirty vram_addr=0x3ba1000 size=4194304 write_addr=0x3e2f2b0 write_len=4 is_color=1
xemu-perf: metal_surface_dirty vram_addr=0x3ba1000 size=4194304 write_addr=0x3e2f300 write_len=4 is_color=1
xemu-perf: metal_surface_dirty vram_addr=0x3ba1000 size=4194304 write_addr=0x3e2f340 write_len=4 is_color=1
xemu-perf: metal_surface_dirty vram_addr=0x3ba1000 size=4194304 write_addr=0x3e2f2c8 write_len=4 is_color=1
xemu-perf: metal_surface_dirty vram_addr=0x3ba1000 size=4194304 write_addr=0x3e2f308 write_len=4 is_color=1
xemu-perf: metal_surface_dirty vram_addr=0x3ba1000 size=4194304 write_addr=0x3e2f328 write_len=4 is_color=1
xemu-perf: metal_surface_dirty vram_addr=0x3ba1000 size=4194304 write_addr=0x3e2f340 write_len=4 is_color=1
xemu-perf: metal_surface_dirty vram_addr=0x3ba1000 size=4194304 write_addr=0x3e2f280 write_len=4 is_color=1
xemu-perf: metal_surface_dirty vram_addr=0x3ba1000 size=4194304 write_addr=0x3e2f2c8 write_len=4 is_color=1
xemu-perf: metal_surface_dirty vram_addr=0x3ba1000 size=4194304 write_addr=0x3e2f340 write_len=4 is_color=1
xemu-perf: metal_surface_dirty vram_addr=0x3ba1000 size=4194304 write_addr=0x3e2f2c0 write_len=4 is_color=1
xemu-perf: metal_surface_dirty vram_addr=0x3ba1000 size=4194304 write_addr=0x3e2f300 write_len=4 is_color=1
xemu-perf: metal_surface_dirty vram_addr=0x3ba1000 size=4194304 write_addr=0x3e2f340 write_len=4 is_color=1
xemu-perf: metal_screenshot_written path=docs/apple-silicon/task-16-evidence-2026-05-21/cycle4-sampler-rt/harness-final/swizzle-mipmap/metal/screenshots/swizzle-mipmap.0149.png w=640 h=480
xemu-perf: metal_surface_dirty vram_addr=0x3ba1000 size=4194304 write_addr=0x3e2f340 write_len=4 is_color=1
xemu-perf: metal_surface_dirty vram_addr=0x3ba1000 size=4194304 write_addr=0x3e2f290 write_len=4 is_color=1
xemu-perf: metal_surface_dirty vram_addr=0x3ba1000 size=4194304 write_addr=0x3e2f2d4 write_len=4 is_color=1
xemu-perf: metal_surface_dirty vram_addr=0x3ba1000 size=4194304 write_addr=0x3e2f320 write_len=4 is_color=1
xemu-perf: metal_surface_dirty vram_addr=0x3ba1000 size=4194304 write_addr=0x3e2f340 write_len=4 is_color=1
xemu-perf: metal_surface_dirty vram_addr=0x3ba1000 size=4194304 write_addr=0x3e2f290 write_len=4 is_color=1
xemu-perf: metal_surface_dirty vram_addr=0x3ba1000 size=4194304 write_addr=0x3e2f2e8 write_len=4 is_color=1
xemu-perf: metal_surface_dirty vram_addr=0x3ba1000 size=4194304 write_addr=0x3e2f340 write_len=4 is_color=1
xemu-perf: metal_surface_dirty vram_addr=0x3ba1000 size=4194304 write_addr=0x3e2f2c0 write_len=4 is_color=1
xemu-perf: metal_surface_dirty vram_addr=0x3ba1000 size=4194304 write_addr=0x3e2f2f0 write_len=4 is_color=1
xemu-perf: metal_surface_dirty vram_addr=0x3ba1000 size=4194304 write_addr=0x3e2f340 write_len=4 is_color=1
xemu-perf: metal_surface_dirty vram_addr=0x3ba1000 size=4194304 write_addr=0x3e2f2c0 write_len=4 is_color=1
xemu-perf: metal_screenshot_written path=docs/apple-silicon/task-16-evidence-2026-05-21/cycle4-sampler-rt/harness-final/swizzle-mipmap/metal/screenshots/swizzle-mipmap.0150.png w=640 h=480
xemu-perf: metal_surface_dirty vram_addr=0x3ba1000 size=4194304 write_addr=0x3e2f340 write_len=4 is_color=1
xemu-perf: metal_surface_dirty vram_addr=0x3ba1000 size=4194304 write_addr=0x3e2f2a0 write_len=4 is_color=1
xemu-perf: metal_surface_dirty vram_addr=0x3ba1000 size=4194304 write_addr=0x3e2f2e8 write_len=4 is_color=1
xemu-perf: metal_surface_dirty vram_addr=0x3ba1000 size=4194304 write_addr=0x3e2f340 write_len=4 is_color=1
xemu-perf: metal_surface_dirty vram_addr=0x3ba1000 size=4194304 write_addr=0x3e2f2c8 write_len=4 is_color=1
xemu-perf: metal_surface_dirty vram_addr=0x3ba1000 size=4194304 write_addr=0x3e2f2cc write_len=4 is_color=1
xemu-perf: metal_surface_dirty vram_addr=0x3ba1000 size=4194304 write_addr=0x3e2f340 write_len=4 is_color=1
xemu-perf: metal_surface_dirty vram_addr=0x3ba1000 size=4194304 write_addr=0x3e2f290 write_len=4 is_color=1
xemu-perf: metal_surface_dirty vram_addr=0x3ba1000 size=4194304 write_addr=0x3e2f2e8 write_len=4 is_color=1
xemu-perf: metal_surface_dirty vram_addr=0x3ba1000 size=4194304 write_addr=0x3e2f340 write_len=4 is_color=1
xemu-perf: metal_surface_dirty vram_addr=0x3ba1000 size=4194304 write_addr=0x3e2f284 write_len=4 is_color=1
xemu-perf: metal_surface_dirty vram_addr=0x3ba1000 size=4194304 write_addr=0x3e2f2c0 write_len=4 is_color=1
xemu-perf: metal_surface_dirty vram_addr=0x3ba1000 size=4194304 write_addr=0x3e2f308 write_len=4 is_color=1
xemu-perf: metal_surface_dirty vram_addr=0x3ba1000 size=4194304 write_addr=0x3e2f340 write_len=4 is_color=1
xemu-perf: metal_surface_dirty vram_addr=0x3ba1000 size=4194304 write_addr=0x3e2f290 write_len=4 is_color=1
xemu-perf: metal_surface_dirty vram_addr=0x3ba1000 size=4194304 write_addr=0x3e2f328 write_len=4 is_color=1
xemu-perf: metal_surface_dirty vram_addr=0x3ba1000 size=4194304 write_addr=0x3e2f340 write_len=4 is_color=1
xemu-perf: metal_screenshot_written path=docs/apple-silicon/task-16-evidence-2026-05-21/cycle4-sampler-rt/harness-final/swizzle-mipmap/metal/screenshots/swizzle-mipmap.0151.png w=640 h=480
xemu-perf: metal_surface_dirty vram_addr=0x3ba1000 size=4194304 write_addr=0x3e2f2c8 write_len=4 is_color=1
xemu-perf: metal_surface_dirty vram_addr=0x3ba1000 size=4194304 write_addr=0x3e2f340 write_len=4 is_color=1
xemu-perf: metal_surface_dirty vram_addr=0x3ba1000 size=4194304 write_addr=0x3e2f2c8 write_len=4 is_color=1
xemu-perf: metal_surface_dirty vram_addr=0x3ba1000 size=4194304 write_addr=0x3e2f340 write_len=4 is_color=1
xemu-perf: metal_surface_dirty vram_addr=0x3ba1000 size=4194304 write_addr=0x3e2f2c8 write_len=4 is_color=1
xemu-perf: metal_surface_dirty vram_addr=0x3ba1000 size=4194304 write_addr=0x3e2f320 write_len=4 is_color=1
xemu-perf: metal_surface_dirty vram_addr=0x3ba1000 size=4194304 write_addr=0x3e2f340 write_len=4 is_color=1
xemu-perf: metal_surface_dirty vram_addr=0x3ba1000 size=4194304 write_addr=0x3e2f2bc write_len=4 is_color=1
xemu-perf: metal_surface_dirty vram_addr=0x3ba1000 size=4194304 write_addr=0x3e2f2e0 write_len=4 is_color=1
xemu-perf: metal_surface_dirty vram_addr=0x3ba1000 size=4194304 write_addr=0x3e2f320 write_len=4 is_color=1
xemu-perf: metal_surface_dirty vram_addr=0x3ba1000 size=4194304 write_addr=0x3e2f340 write_len=4 is_color=1
xemu-perf: metal_surface_dirty vram_addr=0x3ba1000 size=4194304 write_addr=0x3e2f2c8 write_len=4 is_color=1
xemu-perf: metal_surface_dirty vram_addr=0x3ba1000 size=4194304 write_addr=0x3e2f328 write_len=4 is_color=1
xemu-perf: metal_screenshot_written path=docs/apple-silicon/task-16-evidence-2026-05-21/cycle4-sampler-rt/harness-final/swizzle-mipmap/metal/screenshots/swizzle-mipmap.0152.png w=640 h=480
xemu-perf: metal_surface_dirty vram_addr=0x3ba1000 size=4194304 write_addr=0x3e2f340 write_len=4 is_color=1
xemu-perf: metal_surface_dirty vram_addr=0x3ba1000 size=4194304 write_addr=0x3e2f2e0 write_len=4 is_color=1
xemu-perf: metal_surface_dirty vram_addr=0x3ba1000 size=4194304 write_addr=0x3e2f308 write_len=4 is_color=1
xemu-perf: metal_surface_dirty vram_addr=0x3ba1000 size=4194304 write_addr=0x3e2f340 write_len=4 is_color=1
xemu-perf: metal_surface_dirty vram_addr=0x3ba1000 size=4194304 write_addr=0x3e2f2d0 write_len=4 is_color=1
xemu-perf: metal_surface_dirty vram_addr=0x3ba1000 size=4194304 write_addr=0x3e2f328 write_len=4 is_color=1
xemu-perf: metal_surface_dirty vram_addr=0x3ba1000 size=4194304 write_addr=0x3e2f340 write_len=4 is_color=1
xemu-perf: metal_surface_dirty vram_addr=0x3ba1000 size=4194304 write_addr=0x3e2f2e0 write_len=4 is_color=1
xemu-perf: metal_surface_dirty vram_addr=0x3ba1000 size=4194304 write_addr=0x3e2f2e4 write_len=4 is_color=1
xemu-perf: metal_surface_dirty vram_addr=0x3ba1000 size=4194304 write_addr=0x3e2f328 write_len=4 is_color=1
xemu-perf: metal_surface_dirty vram_addr=0x3ba1000 size=4194304 write_addr=0x3e2f340 write_len=4 is_color=1
xemu-perf: metal_surface_dirty vram_addr=0x3ba1000 size=4194304 write_addr=0x3e2f288 write_len=4 is_color=1
xemu-perf: metal_surface_dirty vram_addr=0x3ba1000 size=4194304 write_addr=0x3e2f2e0 write_len=4 is_color=1
xemu-perf: metal_surface_dirty vram_addr=0x3ba1000 size=4194304 write_addr=0x3e2f320 write_len=4 is_color=1
xemu-perf: metal_surface_dirty vram_addr=0x3ba1000 size=4194304 write_addr=0x3e2f340 write_len=4 is_color=1
xemu-perf: metal_surface_dirty vram_addr=0x3ba1000 size=4194304 write_addr=0x3e2f2a8 write_len=4 is_color=1
xemu-perf: metal_surface_dirty vram_addr=0x3ba1000 size=4194304 write_addr=0x3e2f300 write_len=4 is_color=1
xemu-perf: metal_surface_dirty vram_addr=0x3ba1000 size=4194304 write_addr=0x3e2f340 write_len=4 is_color=1
xemu-perf: metal_screenshot_written path=docs/apple-silicon/task-16-evidence-2026-05-21/cycle4-sampler-rt/harness-final/swizzle-mipmap/metal/screenshots/swizzle-mipmap.0153.png w=640 h=480
xemu-perf: metal_surface_dirty vram_addr=0x3ba1000 size=4194304 write_addr=0x3e2f288 write_len=4 is_color=1
xemu-perf: metal_surface_dirty vram_addr=0x3ba1000 size=4194304 write_addr=0x3e2f2b0 write_len=4 is_color=1
xemu-perf: metal_surface_dirty vram_addr=0x3ba1000 size=4194304 write_addr=0x3e2f2e0 write_len=4 is_color=1
xemu-perf: metal_surface_dirty vram_addr=0x3ba1000 size=4194304 write_addr=0x3e2f340 write_len=4 is_color=1
xemu-perf: metal_surface_dirty vram_addr=0x3ba1000 size=4194304 write_addr=0x3e2f2a8 write_len=4 is_color=1
xemu-perf: metal_surface_dirty vram_addr=0x3ba1000 size=4194304 write_addr=0x3e2f2c8 write_len=4 is_color=1
xemu-perf: metal_surface_dirty vram_addr=0x3ba1000 size=4194304 write_addr=0x3e2f300 write_len=4 is_color=1
xemu-perf: metal_surface_dirty vram_addr=0x3ba1000 size=4194304 write_addr=0x3e2f340 write_len=4 is_color=1
xemu-perf: metal_surface_dirty vram_addr=0x3ba1000 size=4194304 write_addr=0x3e2f2a0 write_len=4 is_color=1
xemu-perf: metal_surface_dirty vram_addr=0x3ba1000 size=4194304 write_addr=0x3e2f2e0 write_len=4 is_color=1
xemu-perf: metal_surface_dirty vram_addr=0x3ba1000 size=4194304 write_addr=0x3e2f320 write_len=4 is_color=1
xemu-perf: metal_surface_dirty vram_addr=0x3ba1000 size=4194304 write_addr=0x3e2f340 write_len=4 is_color=1
xemu-perf: metal_surface_dirty vram_addr=0x3ba1000 size=4194304 write_addr=0x3e2f2e0 write_len=4 is_color=1
xemu-perf: metal_surface_dirty vram_addr=0x3ba1000 size=4194304 write_addr=0x3e2f324 write_len=4 is_color=1
xemu-perf: metal_surface_dirty vram_addr=0x3ba1000 size=4194304 write_addr=0x3e2f340 write_len=4 is_color=1
xemu-perf: metal_surface_dirty vram_addr=0x3ba1000 size=4194304 write_addr=0x3e2f280 write_len=4 is_color=1
xemu-perf: metal_surface_dirty vram_addr=0x3ba1000 size=4194304 write_addr=0x3e2f2a8 write_len=4 is_color=1
xemu-perf: metal_surface_dirty vram_addr=0x3ba1000 size=4194304 write_addr=0x3e2f2d0 write_len=4 is_color=1
xemu-perf: metal_screenshot_written path=docs/apple-silicon/task-16-evidence-2026-05-21/cycle4-sampler-rt/harness-final/swizzle-mipmap/metal/screenshots/swizzle-mipmap.0154.png w=640 h=480
xemu-perf: metal_surface_dirty vram_addr=0x3ba1000 size=4194304 write_addr=0x3e2f320 write_len=4 is_color=1
xemu-perf: metal_surface_dirty vram_addr=0x3ba1000 size=4194304 write_addr=0x3e2f340 write_len=4 is_color=1
xemu-perf: metal_surface_dirty vram_addr=0x3ba1000 size=4194304 write_addr=0x3e2f340 write_len=4 is_color=1
xemu-perf: metal_surface_dirty vram_addr=0x3ba1000 size=4194304 write_addr=0x3e2f2c8 write_len=4 is_color=1
xemu-perf: metal_surface_dirty vram_addr=0x3ba1000 size=4194304 write_addr=0x3e2f310 write_len=4 is_color=1
xemu-perf: metal_surface_dirty vram_addr=0x3ba1000 size=4194304 write_addr=0x3e2f340 write_len=4 is_color=1
xemu-perf: metal_surface_dirty vram_addr=0x3ba1000 size=4194304 write_addr=0x3e2f2a8 write_len=4 is_color=1
xemu-perf: metal_surface_dirty vram_addr=0x3ba1000 size=4194304 write_addr=0x3e2f2ac write_len=4 is_color=1
xemu-perf: metal_surface_dirty vram_addr=0x3ba1000 size=4194304 write_addr=0x3e2f300 write_len=4 is_color=1
xemu-perf: metal_surface_dirty vram_addr=0x3ba1000 size=4194304 write_addr=0x3e2f328 write_len=4 is_color=1
xemu-perf: metal_surface_dirty vram_addr=0x3ba1000 size=4194304 write_addr=0x3e2f340 write_len=4 is_color=1
xemu-perf: metal_surface_dirty vram_addr=0x3ba1000 size=4194304 write_addr=0x3e2f28c write_len=4 is_color=1
xemu-perf: metal_surface_dirty vram_addr=0x3ba1000 size=4194304 write_addr=0x3e2f2a8 write_len=4 is_color=1
xemu-perf: metal_surface_dirty vram_addr=0x3ba1000 size=4194304 write_addr=0x3e2f340 write_len=4 is_color=1
xemu-perf: metal_surface_dirty vram_addr=0x3ba1000 size=4194304 write_addr=0x3e2f2c0 write_len=4 is_color=1
xemu-perf: metal_surface_dirty vram_addr=0x3ba1000 size=4194304 write_addr=0x3e2f308 write_len=4 is_color=1
xemu-perf: metal_surface_dirty vram_addr=0x3ba1000 size=4194304 write_addr=0x3e2f340 write_len=4 is_color=1
xemu-perf: metal_screenshot_written path=docs/apple-silicon/task-16-evidence-2026-05-21/cycle4-sampler-rt/harness-final/swizzle-mipmap/metal/screenshots/swizzle-mipmap.0155.png w=640 h=480
xemu-perf: metal_surface_dirty vram_addr=0x3ba1000 size=4194304 write_addr=0x3e2f2a0 write_len=4 is_color=1
xemu-perf: metal_surface_dirty vram_addr=0x3ba1000 size=4194304 write_addr=0x3e2f340 write_len=4 is_color=1
xemu-perf: metal_surface_dirty vram_addr=0x3ba1000 size=4194304 write_addr=0x3e2f2a0 write_len=4 is_color=1
xemu-perf: metal_surface_dirty vram_addr=0x3ba1000 size=4194304 write_addr=0x3e2f2c8 write_len=4 is_color=1
xemu-perf: metal_surface_dirty vram_addr=0x3ba1000 size=4194304 write_addr=0x3e2f340 write_len=4 is_color=1
xemu-perf: metal_surface_dirty vram_addr=0x3ba1000 size=4194304 write_addr=0x3e2f288 write_len=4 is_color=1
xemu-perf: metal_surface_dirty vram_addr=0x3ba1000 size=4194304 write_addr=0x3e2f2e8 write_len=4 is_color=1
xemu-perf: metal_surface_dirty vram_addr=0x3ba1000 size=4194304 write_addr=0x3e2f340 write_len=4 is_color=1
xemu-perf: metal_surface_dirty vram_addr=0x3ba1000 size=4194304 write_addr=0x3e2f2c0 write_len=4 is_color=1
xemu-perf: metal_surface_dirty vram_addr=0x3ba1000 size=4194304 write_addr=0x3e2f308 write_len=4 is_color=1
xemu-perf: metal_surface_dirty vram_addr=0x3ba1000 size=4194304 write_addr=0x3e2f340 write_len=4 is_color=1
xemu-perf: metal_surface_dirty vram_addr=0x3ba1000 size=4194304 write_addr=0x3e2f280 write_len=4 is_color=1
xemu-perf: metal_surface_dirty vram_addr=0x3ba1000 size=4194304 write_addr=0x3e2f2a8 write_len=4 is_color=1
xemu-perf: metal_surface_dirty vram_addr=0x3ba1000 size=4194304 write_addr=0x3e2f308 write_len=4 is_color=1
xemu-perf: metal_screenshot_written path=docs/apple-silicon/task-16-evidence-2026-05-21/cycle4-sampler-rt/harness-final/swizzle-mipmap/metal/screenshots/swizzle-mipmap.0156.png w=640 h=480
xemu-perf: metal_surface_dirty vram_addr=0x3ba1000 size=4194304 write_addr=0x3e2f340 write_len=4 is_color=1
xemu-perf: metal_surface_dirty vram_addr=0x3ba1000 size=4194304 write_addr=0x3e2f2c8 write_len=4 is_color=1
xemu-perf: metal_surface_dirty vram_addr=0x3ba1000 size=4194304 write_addr=0x3e2f300 write_len=4 is_color=1
xemu-perf: metal_surface_dirty vram_addr=0x3ba1000 size=4194304 write_addr=0x3e2f330 write_len=4 is_color=1
xemu-perf: metal_surface_dirty vram_addr=0x3ba1000 size=4194304 write_addr=0x3e2f340 write_len=4 is_color=1
xemu-perf: metal_surface_dirty vram_addr=0x3ba1000 size=4194304 write_addr=0x3e2f290 write_len=4 is_color=1
xemu-perf: metal_surface_dirty vram_addr=0x3ba1000 size=4194304 write_addr=0x3e2f320 write_len=4 is_color=1
xemu-perf: metal_surface_dirty vram_addr=0x3ba1000 size=4194304 write_addr=0x3e2f340 write_len=4 is_color=1
xemu-perf: metal_surface_dirty vram_addr=0x3ba1000 size=4194304 write_addr=0x3e2f2c0 write_len=4 is_color=1
xemu-perf: metal_surface_dirty vram_addr=0x3ba1000 size=4194304 write_addr=0x3e2f300 write_len=4 is_color=1
xemu-perf: metal_surface_dirty vram_addr=0x3ba1000 size=4194304 write_addr=0x3e2f340 write_len=4 is_color=1
xemu-perf: metal_surface_dirty vram_addr=0x3ba1000 size=4194304 write_addr=0x3e2f288 write_len=4 is_color=1
xemu-perf: metal_surface_dirty vram_addr=0x3ba1000 size=4194304 write_addr=0x3e2f2e8 write_len=4 is_color=1
xemu-perf: metal_surface_dirty vram_addr=0x3ba1000 size=4194304 write_addr=0x3e2f340 write_len=4 is_color=1
xemu-perf: metal_surface_dirty vram_addr=0x3ba1000 size=4194304 write_addr=0x3e2f290 write_len=4 is_color=1
xemu-perf: metal_surface_dirty vram_addr=0x3ba1000 size=4194304 write_addr=0x3e2f2a8 write_len=4 is_color=1
xemu-perf: metal_surface_dirty vram_addr=0x3ba1000 size=4194304 write_addr=0x3e2f300 write_len=4 is_color=1
xemu-perf: metal_surface_dirty vram_addr=0x3ba1000 size=4194304 write_addr=0x3e2f340 write_len=4 is_color=1
xemu-perf: metal_screenshot_written path=docs/apple-silicon/task-16-evidence-2026-05-21/cycle4-sampler-rt/harness-final/swizzle-mipmap/metal/screenshots/swizzle-mipmap.0157.png w=640 h=480
xemu-perf: metal_surface_dirty vram_addr=0x3ba1000 size=4194304 write_addr=0x3e2f288 write_len=4 is_color=1
xemu-perf: metal_surface_dirty vram_addr=0x3ba1000 size=4194304 write_addr=0x3e2f2e8 write_len=4 is_color=1
xemu-perf: metal_surface_dirty vram_addr=0x3ba1000 size=4194304 write_addr=0x3e2f340 write_len=4 is_color=1
xemu-perf: metal_surface_dirty vram_addr=0x3ba1000 size=4194304 write_addr=0x3e2f2c8 write_len=4 is_color=1
xemu-perf: metal_surface_dirty vram_addr=0x3ba1000 size=4194304 write_addr=0x3e2f318 write_len=4 is_color=1
xemu-perf: metal_surface_dirty vram_addr=0x3ba1000 size=4194304 write_addr=0x3e2f328 write_len=4 is_color=1
xemu-perf: metal_surface_dirty vram_addr=0x3ba1000 size=4194304 write_addr=0x3e2f340 write_len=4 is_color=1
xemu-perf: metal_surface_dirty vram_addr=0x3ba1000 size=4194304 write_addr=0x3e2f2a0 write_len=4 is_color=1
xemu-perf: metal_surface_dirty vram_addr=0x3ba1000 size=4194304 write_addr=0x3e2f2c8 write_len=4 is_color=1
xemu-perf: metal_surface_dirty vram_addr=0x3ba1000 size=4194304 write_addr=0x3e2f320 write_len=4 is_color=1
xemu-perf: metal_surface_dirty vram_addr=0x3ba1000 size=4194304 write_addr=0x3e2f340 write_len=4 is_color=1
xemu-perf: metal_surface_dirty vram_addr=0x3ba1000 size=4194304 write_addr=0x3e2f2a0 write_len=4 is_color=1
xemu-perf: metal_surface_dirty vram_addr=0x3ba1000 size=4194304 write_addr=0x3e2f2d0 write_len=4 is_color=1
xemu-perf: metal_surface_dirty vram_addr=0x3ba1000 size=4194304 write_addr=0x3e2f320 write_len=4 is_color=1
xemu-perf: metal_surface_dirty vram_addr=0x3ba1000 size=4194304 write_addr=0x3e2f340 write_len=4 is_color=1
xemu-perf: metal_surface_dirty vram_addr=0x3ba1000 size=4194304 write_addr=0x3e2f2c8 write_len=4 is_color=1
xemu-perf: metal_screenshot_written path=docs/apple-silicon/task-16-evidence-2026-05-21/cycle4-sampler-rt/harness-final/swizzle-mipmap/metal/screenshots/swizzle-mipmap.0158.png w=640 h=480
xemu-perf: metal_surface_dirty vram_addr=0x3ba1000 size=4194304 write_addr=0x3e2f320 write_len=4 is_color=1
xemu-perf: metal_surface_dirty vram_addr=0x3ba1000 size=4194304 write_addr=0x3e2f340 write_len=4 is_color=1
xemu-perf: metal_surface_dirty vram_addr=0x3ba1000 size=4194304 write_addr=0x3e2f2a0 write_len=4 is_color=1
xemu-perf: metal_surface_dirty vram_addr=0x3ba1000 size=4194304 write_addr=0x3e2f2c8 write_len=4 is_color=1
xemu-perf: metal_surface_dirty vram_addr=0x3ba1000 size=4194304 write_addr=0x3e2f320 write_len=4 is_color=1
xemu-perf: metal_surface_dirty vram_addr=0x3ba1000 size=4194304 write_addr=0x3e2f340 write_len=4 is_color=1
xemu-perf: metal_surface_dirty vram_addr=0x3ba1000 size=4194304 write_addr=0x3e2f2a8 write_len=4 is_color=1
xemu-perf: metal_surface_dirty vram_addr=0x3ba1000 size=4194304 write_addr=0x3e2f300 write_len=4 is_color=1
xemu-perf: metal_surface_dirty vram_addr=0x3ba1000 size=4194304 write_addr=0x3e2f324 write_len=4 is_color=1
xemu-perf: metal_surface_dirty vram_addr=0x3ba1000 size=4194304 write_addr=0x3e2f340 write_len=4 is_color=1
xemu-perf: metal_surface_dirty vram_addr=0x3ba1000 size=4194304 write_addr=0x3e2f280 write_len=4 is_color=1
xemu-perf: metal_surface_dirty vram_addr=0x3ba1000 size=4194304 write_addr=0x3e2f2b0 write_len=4 is_color=1
xemu-perf: metal_surface_dirty vram_addr=0x3ba1000 size=4194304 write_addr=0x3e2f308 write_len=4 is_color=1
xemu-perf: metal_surface_dirty vram_addr=0x3ba1000 size=4194304 write_addr=0x3e2f340 write_len=4 is_color=1
xemu-perf: metal_surface_dirty vram_addr=0x3ba1000 size=4194304 write_addr=0x3e2f290 write_len=4 is_color=1
xemu-perf: metal_surface_dirty vram_addr=0x3ba1000 size=4194304 write_addr=0x3e2f2e8 write_len=4 is_color=1
xemu-perf: metal_surface_dirty vram_addr=0x3ba1000 size=4194304 write_addr=0x3e2f340 write_len=4 is_color=1
xemu-perf: metal_surface_dirty vram_addr=0x3ba1000 size=4194304 write_addr=0x3e2f2c0 write_len=4 is_color=1
xemu-perf: metal_surface_dirty vram_addr=0x3ba1000 size=4194304 write_addr=0x3e2f308 write_len=4 is_color=1
xemu-perf: metal_surface_dirty vram_addr=0x3ba1000 size=4194304 write_addr=0x3e2f340 write_len=4 is_color=1
xemu-perf: metal_screenshot_written path=docs/apple-silicon/task-16-evidence-2026-05-21/cycle4-sampler-rt/harness-final/swizzle-mipmap/metal/screenshots/swizzle-mipmap.0159.png w=640 h=480
xemu-perf: metal_surface_dirty vram_addr=0x3ba1000 size=4194304 write_addr=0x3e2f2c8 write_len=4 is_color=1
xemu-perf: metal_surface_dirty vram_addr=0x3ba1000 size=4194304 write_addr=0x3e2f340 write_len=4 is_color=1
xemu-perf: metal_surface_dirty vram_addr=0x3ba1000 size=4194304 write_addr=0x3e2f2c0 write_len=4 is_color=1
xemu-perf: metal_surface_dirty vram_addr=0x3ba1000 size=4194304 write_addr=0x3e2f300 write_len=4 is_color=1
xemu-perf: metal_surface_dirty vram_addr=0x3ba1000 size=4194304 write_addr=0x3e2f340 write_len=4 is_color=1
xemu-perf: metal_surface_dirty vram_addr=0x3ba1000 size=4194304 write_addr=0x3e2f2c8 write_len=4 is_color=1
xemu-perf: metal_surface_dirty vram_addr=0x3ba1000 size=4194304 write_addr=0x3e2f328 write_len=4 is_color=1
xemu-perf: metal_surface_dirty vram_addr=0x3ba1000 size=4194304 write_addr=0x3e2f340 write_len=4 is_color=1
xemu-perf: metal_surface_dirty vram_addr=0x3ba1000 size=4194304 write_addr=0x3e2f280 write_len=4 is_color=1
xemu-perf: metal_surface_dirty vram_addr=0x3ba1000 size=4194304 write_addr=0x3e2f300 write_len=4 is_color=1
xemu-perf: metal_surface_dirty vram_addr=0x3ba1000 size=4194304 write_addr=0x3e2f340 write_len=4 is_color=1
xemu-perf: metal_surface_dirty vram_addr=0x3ba1000 size=4194304 write_addr=0x3e2f29c write_len=4 is_color=1
xemu-perf: metal_screenshot_written path=docs/apple-silicon/task-16-evidence-2026-05-21/cycle4-sampler-rt/harness-final/swizzle-mipmap/metal/screenshots/swizzle-mipmap.0160.png w=640 h=480
xemu-perf: metal_surface_dirty vram_addr=0x3ba1000 size=4194304 write_addr=0x3e2f2c8 write_len=4 is_color=1
xemu-perf: metal_surface_dirty vram_addr=0x3ba1000 size=4194304 write_addr=0x3e2f340 write_len=4 is_color=1
xemu-perf: metal_surface_dirty vram_addr=0x3ba1000 size=4194304 write_addr=0x3e2f2c8 write_len=4 is_color=1
xemu-perf: metal_surface_dirty vram_addr=0x3ba1000 size=4194304 write_addr=0x3e2f328 write_len=4 is_color=1
xemu-perf: metal_surface_dirty vram_addr=0x3ba1000 size=4194304 write_addr=0x3e2f340 write_len=4 is_color=1
xemu-perf: metal_surface_dirty vram_addr=0x3ba1000 size=4194304 write_addr=0x3e2f2a8 write_len=4 is_color=1
xemu-perf: metal_surface_dirty vram_addr=0x3ba1000 size=4194304 write_addr=0x3e2f308 write_len=4 is_color=1
xemu-perf: metal_surface_dirty vram_addr=0x3ba1000 size=4194304 write_addr=0x3e2f340 write_len=4 is_color=1
xemu-perf: metal_surface_dirty vram_addr=0x3ba1000 size=4194304 write_addr=0x3e2f2c0 write_len=4 is_color=1
xemu-perf: metal_surface_dirty vram_addr=0x3ba1000 size=4194304 write_addr=0x3e2f340 write_len=4 is_color=1
xemu-perf: metal_surface_dirty vram_addr=0x3ba1000 size=4194304 write_addr=0x3e2f290 write_len=4 is_color=1
xemu-perf: metal_surface_dirty vram_addr=0x3ba1000 size=4194304 write_addr=0x3e2f308 write_len=4 is_color=1
xemu-perf: metal_surface_dirty vram_addr=0x3ba1000 size=4194304 write_addr=0x3e2f340 write_len=4 is_color=1
xemu-perf: metal_surface_dirty vram_addr=0x3ba1000 size=4194304 write_addr=0x3e2f2c8 write_len=4 is_color=1
xemu-perf: metal_surface_dirty vram_addr=0x3ba1000 size=4194304 write_addr=0x3e2f340 write_len=4 is_color=1
xemu-perf: metal_screenshot_written path=docs/apple-silicon/task-16-evidence-2026-05-21/cycle4-sampler-rt/harness-final/swizzle-mipmap/metal/screenshots/swizzle-mipmap.0161.png w=640 h=480
xemu-perf: metal_surface_dirty vram_addr=0x3ba1000 size=4194304 write_addr=0x3e2f280 write_len=4 is_color=1
xemu-perf: metal_surface_dirty vram_addr=0x3ba1000 size=4194304 write_addr=0x3e2f2e0 write_len=4 is_color=1
xemu-perf: metal_surface_dirty vram_addr=0x3ba1000 size=4194304 write_addr=0x3e2f320 write_len=4 is_color=1
xemu-perf: metal_surface_dirty vram_addr=0x3ba1000 size=4194304 write_addr=0x3e2f340 write_len=4 is_color=1
xemu-perf: metal_surface_dirty vram_addr=0x3ba1000 size=4194304 write_addr=0x3e2f2c0 write_len=4 is_color=1
xemu-perf: metal_surface_dirty vram_addr=0x3ba1000 size=4194304 write_addr=0x3e2f300 write_len=4 is_color=1
xemu-perf: metal_surface_dirty vram_addr=0x3ba1000 size=4194304 write_addr=0x3e2f340 write_len=4 is_color=1
xemu-perf: metal_surface_dirty vram_addr=0x3ba1000 size=4194304 write_addr=0x3e2f290 write_len=4 is_color=1
xemu-perf: metal_surface_dirty vram_addr=0x3ba1000 size=4194304 write_addr=0x3e2f340 write_len=4 is_color=1
xemu-perf: metal_surface_dirty vram_addr=0x3ba1000 size=4194304 write_addr=0x3e2f2c8 write_len=4 is_color=1
xemu-perf: metal_surface_dirty vram_addr=0x3ba1000 size=4194304 write_addr=0x3e2f308 write_len=4 is_color=1
xemu-perf: metal_surface_dirty vram_addr=0x3ba1000 size=4194304 write_addr=0x3e2f320 write_len=4 is_color=1
xemu-perf: metal_surface_dirty vram_addr=0x3ba1000 size=4194304 write_addr=0x3e2f340 write_len=4 is_color=1
xemu-perf: metal_surface_dirty vram_addr=0x3ba1000 size=4194304 write_addr=0x3e2f2c0 write_len=4 is_color=1
xemu-perf: metal_surface_dirty vram_addr=0x3ba1000 size=4194304 write_addr=0x3e2f328 write_len=4 is_color=1
xemu-perf: metal_screenshot_written path=docs/apple-silicon/task-16-evidence-2026-05-21/cycle4-sampler-rt/harness-final/swizzle-mipmap/metal/screenshots/swizzle-mipmap.0162.png w=640 h=480
xemu-perf: metal_surface_dirty vram_addr=0x3ba1000 size=4194304 write_addr=0x3e2f340 write_len=4 is_color=1
xemu-perf: metal_surface_dirty vram_addr=0x3ba1000 size=4194304 write_addr=0x3e2f290 write_len=4 is_color=1
xemu-perf: metal_surface_dirty vram_addr=0x3ba1000 size=4194304 write_addr=0x3e2f320 write_len=4 is_color=1
xemu-perf: metal_surface_dirty vram_addr=0x3ba1000 size=4194304 write_addr=0x3e2f340 write_len=4 is_color=1
xemu-perf: metal_surface_dirty vram_addr=0x3ba1000 size=4194304 write_addr=0x3e2f2a8 write_len=4 is_color=1
xemu-perf: metal_surface_dirty vram_addr=0x3ba1000 size=4194304 write_addr=0x3e2f2e0 write_len=4 is_color=1
xemu-perf: metal_surface_dirty vram_addr=0x3ba1000 size=4194304 write_addr=0x3e2f340 write_len=4 is_color=1
xemu-perf: metal_surface_dirty vram_addr=0x3ba1000 size=4194304 write_addr=0x3e2f290 write_len=4 is_color=1
xemu-perf: metal_surface_dirty vram_addr=0x3ba1000 size=4194304 write_addr=0x3e2f2e0 write_len=4 is_color=1
xemu-perf: metal_surface_dirty vram_addr=0x3ba1000 size=4194304 write_addr=0x3e2f328 write_len=4 is_color=1
xemu-perf: metal_surface_dirty vram_addr=0x3ba1000 size=4194304 write_addr=0x3e2f340 write_len=4 is_color=1
xemu-perf: metal_surface_dirty vram_addr=0x3ba1000 size=4194304 write_addr=0x3e2f28c write_len=4 is_color=1
xemu-perf: metal_surface_dirty vram_addr=0x3ba1000 size=4194304 write_addr=0x3e2f2e0 write_len=4 is_color=1
xemu-perf: metal_surface_dirty vram_addr=0x3ba1000 size=4194304 write_addr=0x3e2f340 write_len=4 is_color=1
xemu-perf: metal_surface_dirty vram_addr=0x3ba1000 size=4194304 write_addr=0x3e2f2c0 write_len=4 is_color=1
xemu-perf: metal_surface_dirty vram_addr=0x3ba1000 size=4194304 write_addr=0x3e2f2e8 write_len=4 is_color=1
xemu-perf: metal_surface_dirty vram_addr=0x3ba1000 size=4194304 write_addr=0x3e2f340 write_len=4 is_color=1
xemu-perf: metal_screenshot_written path=docs/apple-silicon/task-16-evidence-2026-05-21/cycle4-sampler-rt/harness-final/swizzle-mipmap/metal/screenshots/swizzle-mipmap.0163.png w=640 h=480
xemu-perf: metal_surface_dirty vram_addr=0x3ba1000 size=4194304 write_addr=0x3e2f290 write_len=4 is_color=1
xemu-perf: metal_surface_dirty vram_addr=0x3ba1000 size=4194304 write_addr=0x3e2f2a8 write_len=4 is_color=1
xemu-perf: metal_surface_dirty vram_addr=0x3ba1000 size=4194304 write_addr=0x3e2f2d0 write_len=4 is_color=1
xemu-perf: metal_surface_dirty vram_addr=0x3ba1000 size=4194304 write_addr=0x3e2f340 write_len=4 is_color=1
xemu-perf: metal_surface_dirty vram_addr=0x3ba1000 size=4194304 write_addr=0x3e2f2c0 write_len=4 is_color=1
xemu-perf: metal_surface_dirty vram_addr=0x3ba1000 size=4194304 write_addr=0x3e2f2e8 write_len=4 is_color=1
xemu-perf: metal_surface_dirty vram_addr=0x3ba1000 size=4194304 write_addr=0x3e2f328 write_len=4 is_color=1
xemu-perf: metal_surface_dirty vram_addr=0x3ba1000 size=4194304 write_addr=0x3e2f340 write_len=4 is_color=1
xemu-perf: metal_surface_dirty vram_addr=0x3ba1000 size=4194304 write_addr=0x3e2f2a4 write_len=4 is_color=1
xemu-perf: metal_surface_dirty vram_addr=0x3ba1000 size=4194304 write_addr=0x3e2f2e0 write_len=4 is_color=1
xemu-perf: metal_surface_dirty vram_addr=0x3ba1000 size=4194304 write_addr=0x3e2f320 write_len=4 is_color=1
xemu-perf: metal_surface_dirty vram_addr=0x3ba1000 size=4194304 write_addr=0x3e2f340 write_len=4 is_color=1
xemu-perf: metal_surface_dirty vram_addr=0x3ba1000 size=4194304 write_addr=0x3e2f280 write_len=4 is_color=1
xemu-perf: metal_surface_dirty vram_addr=0x3ba1000 size=4194304 write_addr=0x3e2f2bc write_len=4 is_color=1
xemu-perf: metal_surface_dirty vram_addr=0x3ba1000 size=4194304 write_addr=0x3e2f2e8 write_len=4 is_color=1
xemu-perf: metal_surface_dirty vram_addr=0x3ba1000 size=4194304 write_addr=0x3e2f320 write_len=4 is_color=1
xemu-perf: metal_surface_dirty vram_addr=0x3ba1000 size=4194304 write_addr=0x3e2f340 write_len=4 is_color=1
xemu-perf: metal_surface_dirty vram_addr=0x3ba1000 size=4194304 write_addr=0x3e2f2a0 write_len=4 is_color=1
xemu-perf: metal_surface_dirty vram_addr=0x3ba1000 size=4194304 write_addr=0x3e2f2c8 write_len=4 is_color=1
xemu-perf: metal_screenshot_written path=docs/apple-silicon/task-16-evidence-2026-05-21/cycle4-sampler-rt/harness-final/swizzle-mipmap/metal/screenshots/swizzle-mipmap.0164.png w=640 h=480
xemu-perf: metal_surface_dirty vram_addr=0x3ba1000 size=4194304 write_addr=0x3e2f300 write_len=4 is_color=1
xemu-perf: metal_surface_dirty vram_addr=0x3ba1000 size=4194304 write_addr=0x3e2f330 write_len=4 is_color=1
xemu-perf: metal_surface_dirty vram_addr=0x3ba1000 size=4194304 write_addr=0x3e2f340 write_len=4 is_color=1
xemu-perf: metal_surface_dirty vram_addr=0x3ba1000 size=4194304 write_addr=0x3e2f288 write_len=4 is_color=1
xemu-perf: metal_surface_dirty vram_addr=0x3ba1000 size=4194304 write_addr=0x3e2f2c8 write_len=4 is_color=1
xemu-perf: metal_surface_dirty vram_addr=0x3ba1000 size=4194304 write_addr=0x3e2f300 write_len=4 is_color=1
xemu-perf: metal_surface_dirty vram_addr=0x3ba1000 size=4194304 write_addr=0x3e2f328 write_len=4 is_color=1
xemu-perf: metal_surface_dirty vram_addr=0x3ba1000 size=4194304 write_addr=0x3e2f340 write_len=4 is_color=1
xemu-perf: metal_surface_dirty vram_addr=0x3ba1000 size=4194304 write_addr=0x3e2f2a0 write_len=4 is_color=1
xemu-perf: metal_surface_dirty vram_addr=0x3ba1000 size=4194304 write_addr=0x3e2f2c8 write_len=4 is_color=1
xemu-perf: metal_surface_dirty vram_addr=0x3ba1000 size=4194304 write_addr=0x3e2f340 write_len=4 is_color=1
xemu-perf: metal_surface_dirty vram_addr=0x3ba1000 size=4194304 write_addr=0x3e2f290 write_len=4 is_color=1
xemu-perf: metal_surface_dirty vram_addr=0x3ba1000 size=4194304 write_addr=0x3e2f2c8 write_len=4 is_color=1
xemu-perf: metal_surface_dirty vram_addr=0x3ba1000 size=4194304 write_addr=0x3e2f2e8 write_len=4 is_color=1
xemu-perf: metal_surface_dirty vram_addr=0x3ba1000 size=4194304 write_addr=0x3e2f320 write_len=4 is_color=1
xemu-perf: metal_surface_dirty vram_addr=0x3ba1000 size=4194304 write_addr=0x3e2f340 write_len=4 is_color=1
xemu-perf: metal_surface_dirty vram_addr=0x3ba1000 size=4194304 write_addr=0x3e2f2a0 write_len=4 is_color=1
xemu-perf: metal_surface_dirty vram_addr=0x3ba1000 size=4194304 write_addr=0x3e2f2d0 write_len=4 is_color=1
xemu-perf: metal_surface_dirty vram_addr=0x3ba1000 size=4194304 write_addr=0x3e2f308 write_len=4 is_color=1
xemu-perf: metal_surface_dirty vram_addr=0x3ba1000 size=4194304 write_addr=0x3e2f340 write_len=4 is_color=1
xemu-perf: metal_surface_dirty vram_addr=0x3ba1000 size=4194304 write_addr=0x3e2f298 write_len=4 is_color=1
xemu-perf: metal_surface_dirty vram_addr=0x3ba1000 size=4194304 write_addr=0x3e2f2c0 write_len=4 is_color=1
xemu-perf: metal_surface_dirty vram_addr=0x3ba1000 size=4194304 write_addr=0x3e2f340 write_len=4 is_color=1
xemu-perf: metal_screenshot_written path=docs/apple-silicon/task-16-evidence-2026-05-21/cycle4-sampler-rt/harness-final/swizzle-mipmap/metal/screenshots/swizzle-mipmap.0165.png w=640 h=480
xemu-perf: metal_surface_dirty vram_addr=0x3ba1000 size=4194304 write_addr=0x3e2f2a0 write_len=4 is_color=1
xemu-perf: metal_surface_dirty vram_addr=0x3ba1000 size=4194304 write_addr=0x3e2f2e8 write_len=4 is_color=1
xemu-perf: metal_surface_dirty vram_addr=0x3ba1000 size=4194304 write_addr=0x3e2f310 write_len=4 is_color=1
xemu-perf: metal_surface_dirty vram_addr=0x3ba1000 size=4194304 write_addr=0x3e2f340 write_len=4 is_color=1
xemu-perf: metal_surface_dirty vram_addr=0x3ba1000 size=4194304 write_addr=0x3e2f2c0 write_len=4 is_color=1
xemu-perf: metal_surface_dirty vram_addr=0x3ba1000 size=4194304 write_addr=0x3e2f300 write_len=4 is_color=1
xemu-perf: metal_surface_dirty vram_addr=0x3ba1000 size=4194304 write_addr=0x3e2f340 write_len=4 is_color=1
xemu-perf: metal_surface_dirty vram_addr=0x3ba1000 size=4194304 write_addr=0x3e2f2b0 write_len=4 is_color=1
xemu-perf: metal_surface_dirty vram_addr=0x3ba1000 size=4194304 write_addr=0x3e2f2d0 write_len=4 is_color=1
xemu-perf: metal_surface_dirty vram_addr=0x3ba1000 size=4194304 write_addr=0x3e2f340 write_len=4 is_color=1
xemu-perf: metal_surface_dirty vram_addr=0x3ba1000 size=4194304 write_addr=0x3e2f290 write_len=4 is_color=1
xemu-perf: metal_surface_dirty vram_addr=0x3ba1000 size=4194304 write_addr=0x3e2f2c0 write_len=4 is_color=1
xemu-perf: metal_surface_dirty vram_addr=0x3ba1000 size=4194304 write_addr=0x3e2f308 write_len=4 is_color=1
xemu-perf: metal_surface_dirty vram_addr=0x3ba1000 size=4194304 write_addr=0x3e2f330 write_len=4 is_color=1
xemu-perf: metal_surface_dirty vram_addr=0x3ba1000 size=4194304 write_addr=0x3e2f340 write_len=4 is_color=1
xemu-perf: metal_surface_dirty vram_addr=0x3ba1000 size=4194304 write_addr=0x3e2f2d0 write_len=4 is_color=1
xemu-perf: metal_surface_dirty vram_addr=0x3ba1000 size=4194304 write_addr=0x3e2f320 write_len=4 is_color=1
xemu-perf: metal_screenshot_written path=docs/apple-silicon/task-16-evidence-2026-05-21/cycle4-sampler-rt/harness-final/swizzle-mipmap/metal/screenshots/swizzle-mipmap.0166.png w=640 h=480
xemu-perf: metal_surface_dirty vram_addr=0x3ba1000 size=4194304 write_addr=0x3e2f340 write_len=4 is_color=1
xemu-perf: metal_surface_dirty vram_addr=0x3ba1000 size=4194304 write_addr=0x3e2f2a8 write_len=4 is_color=1
xemu-perf: metal_surface_dirty vram_addr=0x3ba1000 size=4194304 write_addr=0x3e2f320 write_len=4 is_color=1
xemu-perf: metal_surface_dirty vram_addr=0x3ba1000 size=4194304 write_addr=0x3e2f340 write_len=4 is_color=1
xemu-perf: metal_surface_dirty vram_addr=0x3ba1000 size=4194304 write_addr=0x3e2f290 write_len=4 is_color=1
xemu-perf: metal_surface_dirty vram_addr=0x3ba1000 size=4194304 write_addr=0x3e2f2e0 write_len=4 is_color=1
xemu-perf: metal_surface_dirty vram_addr=0x3ba1000 size=4194304 write_addr=0x3e2f320 write_len=4 is_color=1
xemu-perf: metal_surface_dirty vram_addr=0x3ba1000 size=4194304 write_addr=0x3e2f340 write_len=4 is_color=1
xemu-perf: metal_surface_dirty vram_addr=0x3ba1000 size=4194304 write_addr=0x3e2f288 write_len=4 is_color=1
xemu-perf: metal_surface_dirty vram_addr=0x3ba1000 size=4194304 write_addr=0x3e2f2a8 write_len=4 is_color=1
xemu-perf: metal_surface_dirty vram_addr=0x3ba1000 size=4194304 write_addr=0x3e2f2d4 write_len=4 is_color=1
xemu-perf: metal_surface_dirty vram_addr=0x3ba1000 size=4194304 write_addr=0x3e2f318 write_len=4 is_color=1
xemu-perf: metal_surface_dirty vram_addr=0x3ba1000 size=4194304 write_addr=0x3e2f340 write_len=4 is_color=1
xemu-perf: metal_surface_dirty vram_addr=0x3ba1000 size=4194304 write_addr=0x3e2f28c write_len=4 is_color=1
xemu-perf: metal_surface_dirty vram_addr=0x3ba1000 size=4194304 write_addr=0x3e2f2d4 write_len=4 is_color=1
xemu-perf: metal_surface_dirty vram_addr=0x3ba1000 size=4194304 write_addr=0x3e2f320 write_len=4 is_color=1
xemu-perf: metal_surface_dirty vram_addr=0x3ba1000 size=4194304 write_addr=0x3e2f340 write_len=4 is_color=1
xemu-perf: metal_surface_dirty vram_addr=0x3ba1000 size=4194304 write_addr=0x3e2f290 write_len=4 is_color=1
xemu-perf: metal_surface_dirty vram_addr=0x3ba1000 size=4194304 write_addr=0x3e2f2a8 write_len=4 is_color=1
xemu-perf: metal_surface_dirty vram_addr=0x3ba1000 size=4194304 write_addr=0x3e2f2d8 write_len=4 is_color=1
xemu-perf: metal_surface_dirty vram_addr=0x3ba1000 size=4194304 write_addr=0x3e2f300 write_len=4 is_color=1
xemu-perf: metal_surface_dirty vram_addr=0x3ba1000 size=4194304 write_addr=0x3e2f340 write_len=4 is_color=1
xemu-perf: metal_screenshot_written path=docs/apple-silicon/task-16-evidence-2026-05-21/cycle4-sampler-rt/harness-final/swizzle-mipmap/metal/screenshots/swizzle-mipmap.0167.png w=640 h=480
xemu-perf: metal_surface_dirty vram_addr=0x3ba1000 size=4194304 write_addr=0x3e2f290 write_len=4 is_color=1
xemu-perf: metal_surface_dirty vram_addr=0x3ba1000 size=4194304 write_addr=0x3e2f2b0 write_len=4 is_color=1
xemu-perf: metal_surface_dirty vram_addr=0x3ba1000 size=4194304 write_addr=0x3e2f2e0 write_len=4 is_color=1
xemu-perf: metal_surface_dirty vram_addr=0x3ba1000 size=4194304 write_addr=0x3e2f340 write_len=4 is_color=1
xemu-perf: metal_surface_dirty vram_addr=0x3ba1000 size=4194304 write_addr=0x3e2f290 write_len=4 is_color=1
xemu-perf: metal_surface_dirty vram_addr=0x3ba1000 size=4194304 write_addr=0x3e2f2c0 write_len=4 is_color=1
xemu-perf: metal_surface_dirty vram_addr=0x3ba1000 size=4194304 write_addr=0x3e2f2e8 write_len=4 is_color=1
xemu-perf: metal_surface_dirty vram_addr=0x3ba1000 size=4194304 write_addr=0x3e2f308 write_len=4 is_color=1
xemu-perf: metal_surface_dirty vram_addr=0x3ba1000 size=4194304 write_addr=0x3e2f340 write_len=4 is_color=1
xemu-perf: metal_surface_dirty vram_addr=0x3ba1000 size=4194304 write_addr=0x3e2f2a4 write_len=4 is_color=1
xemu-perf: metal_surface_dirty vram_addr=0x3ba1000 size=4194304 write_addr=0x3e2f2c0 write_len=4 is_color=1
xemu-perf: metal_surface_dirty vram_addr=0x3ba1000 size=4194304 write_addr=0x3e2f300 write_len=4 is_color=1
xemu-perf: metal_surface_dirty vram_addr=0x3ba1000 size=4194304 write_addr=0x3e2f340 write_len=4 is_color=1
xemu-perf: metal_surface_dirty vram_addr=0x3ba1000 size=4194304 write_addr=0x3e2f2a0 write_len=4 is_color=1
xemu-perf: metal_surface_dirty vram_addr=0x3ba1000 size=4194304 write_addr=0x3e2f2c8 write_len=4 is_color=1
xemu-perf: metal_surface_dirty vram_addr=0x3ba1000 size=4194304 write_addr=0x3e2f300 write_len=4 is_color=1
xemu-perf: metal_surface_dirty vram_addr=0x3ba1000 size=4194304 write_addr=0x3e2f330 write_len=4 is_color=1
xemu-perf: metal_surface_dirty vram_addr=0x3ba1000 size=4194304 write_addr=0x3e2f340 write_len=4 is_color=1
xemu-perf: metal_surface_dirty vram_addr=0x3ba1000 size=4194304 write_addr=0x3e2f290 write_len=4 is_color=1
xemu-perf: metal_surface_dirty vram_addr=0x3ba1000 size=4194304 write_addr=0x3e2f2cc write_len=4 is_color=1
xemu-perf: metal_surface_dirty vram_addr=0x3ba1000 size=4194304 write_addr=0x3e2f2e8 write_len=4 is_color=1
xemu-perf: metal_screenshot_written path=docs/apple-silicon/task-16-evidence-2026-05-21/cycle4-sampler-rt/harness-final/swizzle-mipmap/metal/screenshots/swizzle-mipmap.0168.png w=640 h=480
xemu-perf: metal_surface_dirty vram_addr=0x3ba1000 size=4194304 write_addr=0x3e2f340 write_len=4 is_color=1
xemu-perf: metal_surface_dirty vram_addr=0x3ba1000 size=4194304 write_addr=0x3e2f28c write_len=4 is_color=1
xemu-perf: metal_surface_dirty vram_addr=0x3ba1000 size=4194304 write_addr=0x3e2f2b0 write_len=4 is_color=1
xemu-perf: metal_surface_dirty vram_addr=0x3ba1000 size=4194304 write_addr=0x3e2f2e0 write_len=4 is_color=1
xemu-perf: metal_surface_dirty vram_addr=0x3ba1000 size=4194304 write_addr=0x3e2f328 write_len=4 is_color=1
xemu-perf: metal_surface_dirty vram_addr=0x3ba1000 size=4194304 write_addr=0x3e2f340 write_len=4 is_color=1
xemu-perf: metal_surface_dirty vram_addr=0x3ba1000 size=4194304 write_addr=0x3e2f2a0 write_len=4 is_color=1
xemu-perf: metal_surface_dirty vram_addr=0x3ba1000 size=4194304 write_addr=0x3e2f2e0 write_len=4 is_color=1
xemu-perf: metal_surface_dirty vram_addr=0x3ba1000 size=4194304 write_addr=0x3e2f330 write_len=4 is_color=1
xemu-perf: metal_surface_dirty vram_addr=0x3ba1000 size=4194304 write_addr=0x3e2f340 write_len=4 is_color=1
xemu-perf: metal_surface_dirty vram_addr=0x3ba1000 size=4194304 write_addr=0x3e2f288 write_len=4 is_color=1
xemu-perf: metal_surface_dirty vram_addr=0x3ba1000 size=4194304 write_addr=0x3e2f340 write_len=4 is_color=1
xemu-perf: metal_surface_dirty vram_addr=0x3ba1000 size=4194304 write_addr=0x3e2f290 write_len=4 is_color=1
xemu-perf: metal_surface_dirty vram_addr=0x3ba1000 size=4194304 write_addr=0x3e2f2b0 write_len=4 is_color=1
xemu-perf: metal_surface_dirty vram_addr=0x3ba1000 size=4194304 write_addr=0x3e2f2c8 write_len=4 is_color=1
xemu-perf: metal_surface_dirty vram_addr=0x3ba1000 size=4194304 write_addr=0x3e2f340 write_len=4 is_color=1
xemu-perf: metal_surface_dirty vram_addr=0x3ba1000 size=4194304 write_addr=0x3e2f2c8 write_len=4 is_color=1
xemu-perf: metal_surface_dirty vram_addr=0x3ba1000 size=4194304 write_addr=0x3e2f2e8 write_len=4 is_color=1
xemu-perf: metal_surface_dirty vram_addr=0x3ba1000 size=4194304 write_addr=0x3e2f32c write_len=4 is_color=1
xemu-perf: metal_surface_dirty vram_addr=0x3ba1000 size=4194304 write_addr=0x3e2f340 write_len=4 is_color=1
xemu-perf: metal_screenshot_written path=docs/apple-silicon/task-16-evidence-2026-05-21/cycle4-sampler-rt/harness-final/swizzle-mipmap/metal/screenshots/swizzle-mipmap.0169.png w=640 h=480
xemu-perf: metal_surface_dirty vram_addr=0x3ba1000 size=4194304 write_addr=0x3e2f2a0 write_len=4 is_color=1
xemu-perf: metal_surface_dirty vram_addr=0x3ba1000 size=4194304 write_addr=0x3e2f2d0 write_len=4 is_color=1
xemu-perf: metal_surface_dirty vram_addr=0x3ba1000 size=4194304 write_addr=0x3e2f2f0 write_len=4 is_color=1
xemu-perf: metal_surface_dirty vram_addr=0x3ba1000 size=4194304 write_addr=0x3e2f310 write_len=4 is_color=1
xemu-perf: metal_surface_dirty vram_addr=0x3ba1000 size=4194304 write_addr=0x3e2f328 write_len=4 is_color=1
xemu-perf: metal_surface_dirty vram_addr=0x3ba1000 size=4194304 write_addr=0x3e2f340 write_len=4 is_color=1
xemu-perf: metal_surface_dirty vram_addr=0x3ba1000 size=4194304 write_addr=0x3e2f290 write_len=4 is_color=1
xemu-perf: metal_surface_dirty vram_addr=0x3ba1000 size=4194304 write_addr=0x3e2f2d0 write_len=4 is_color=1
xemu-perf: metal_surface_dirty vram_addr=0x3ba1000 size=4194304 write_addr=0x3e2f2e8 write_len=4 is_color=1
xemu-perf: metal_surface_dirty vram_addr=0x3ba1000 size=4194304 write_addr=0x3e2f340 write_len=4 is_color=1
xemu-perf: metal_surface_dirty vram_addr=0x3ba1000 size=4194304 write_addr=0x3e2f290 write_len=4 is_color=1
xemu-perf: metal_surface_dirty vram_addr=0x3ba1000 size=4194304 write_addr=0x3e2f2c8 write_len=4 is_color=1
xemu-perf: metal_surface_dirty vram_addr=0x3ba1000 size=4194304 write_addr=0x3e2f340 write_len=4 is_color=1
xemu-perf: metal_surface_dirty vram_addr=0x3ba1000 size=4194304 write_addr=0x3e2f288 write_len=4 is_color=1
xemu-perf: metal_surface_dirty vram_addr=0x3ba1000 size=4194304 write_addr=0x3e2f2c8 write_len=4 is_color=1
xemu-perf: metal_surface_dirty vram_addr=0x3ba1000 size=4194304 write_addr=0x3e2f330 write_len=4 is_color=1
xemu-perf: metal_surface_dirty vram_addr=0x3ba1000 size=4194304 write_addr=0x3e2f340 write_len=4 is_color=1
xemu-perf: metal_surface_dirty vram_addr=0x3ba1000 size=4194304 write_addr=0x3e2f290 write_len=4 is_color=1
xemu-perf: metal_surface_dirty vram_addr=0x3ba1000 size=4194304 write_addr=0x3e2f2e0 write_len=4 is_color=1
xemu-perf: metal_screenshot_written path=docs/apple-silicon/task-16-evidence-2026-05-21/cycle4-sampler-rt/harness-final/swizzle-mipmap/metal/screenshots/swizzle-mipmap.0170.png w=640 h=480
xemu-perf: metal_surface_dirty vram_addr=0x3ba1000 size=4194304 write_addr=0x3e2f340 write_len=4 is_color=1
xemu-perf: metal_surface_dirty vram_addr=0x3ba1000 size=4194304 write_addr=0x3e2f2a0 write_len=4 is_color=1
xemu-perf: metal_surface_dirty vram_addr=0x3ba1000 size=4194304 write_addr=0x3e2f308 write_len=4 is_color=1
xemu-perf: metal_surface_dirty vram_addr=0x3ba1000 size=4194304 write_addr=0x3e2f328 write_len=4 is_color=1
xemu-perf: metal_surface_dirty vram_addr=0x3ba1000 size=4194304 write_addr=0x3e2f340 write_len=4 is_color=1
xemu-perf: metal_surface_dirty vram_addr=0x3ba1000 size=4194304 write_addr=0x3e2f28c write_len=4 is_color=1
xemu-perf: metal_surface_dirty vram_addr=0x3ba1000 size=4194304 write_addr=0x3e2f2c0 write_len=4 is_color=1
xemu-perf: metal_surface_dirty vram_addr=0x3ba1000 size=4194304 write_addr=0x3e2f2f0 write_len=4 is_color=1
xemu-perf: metal_surface_dirty vram_addr=0x3ba1000 size=4194304 write_addr=0x3e2f328 write_len=4 is_color=1
xemu-perf: metal_surface_dirty vram_addr=0x3ba1000 size=4194304 write_addr=0x3e2f340 write_len=4 is_color=1
xemu-perf: metal_surface_dirty vram_addr=0x3ba1000 size=4194304 write_addr=0x3e2f28c write_len=4 is_color=1
xemu-perf: metal_surface_dirty vram_addr=0x3ba1000 size=4194304 write_addr=0x3e2f2f8 write_len=4 is_color=1
xemu-perf: metal_surface_dirty vram_addr=0x3ba1000 size=4194304 write_addr=0x3e2f308 write_len=4 is_color=1
xemu-perf: metal_surface_dirty vram_addr=0x3ba1000 size=4194304 write_addr=0x3e2f340 write_len=4 is_color=1
xemu-perf: metal_surface_dirty vram_addr=0x3ba1000 size=4194304 write_addr=0x3e2f290 write_len=4 is_color=1
xemu-perf: metal_surface_dirty vram_addr=0x3ba1000 size=4194304 write_addr=0x3e2f2ec write_len=4 is_color=1
xemu-perf: metal_surface_dirty vram_addr=0x3ba1000 size=4194304 write_addr=0x3e2f318 write_len=4 is_color=1
xemu-perf: metal_surface_dirty vram_addr=0x3ba1000 size=4194304 write_addr=0x3e2f340 write_len=4 is_color=1
xemu-perf: metal_surface_dirty vram_addr=0x3ba1000 size=4194304 write_addr=0x3e2f288 write_len=4 is_color=1
xemu-perf: metal_surface_dirty vram_addr=0x3ba1000 size=4194304 write_addr=0x3e2f2a8 write_len=4 is_color=1
xemu-perf: metal_surface_dirty vram_addr=0x3ba1000 size=4194304 write_addr=0x3e2f2e0 write_len=4 is_color=1
xemu-perf: metal_surface_dirty vram_addr=0x3ba1000 size=4194304 write_addr=0x3e2f310 write_len=4 is_color=1
xemu-perf: metal_surface_dirty vram_addr=0x3ba1000 size=4194304 write_addr=0x3e2f340 write_len=4 is_color=1
xemu-perf: metal_screenshot_written path=docs/apple-silicon/task-16-evidence-2026-05-21/cycle4-sampler-rt/harness-final/swizzle-mipmap/metal/screenshots/swizzle-mipmap.0171.png w=640 h=480
xemu-perf: metal_surface_dirty vram_addr=0x3ba1000 size=4194304 write_addr=0x3e2f290 write_len=4 is_color=1
xemu-perf: metal_surface_dirty vram_addr=0x3ba1000 size=4194304 write_addr=0x3e2f308 write_len=4 is_color=1
xemu-perf: metal_surface_dirty vram_addr=0x3ba1000 size=4194304 write_addr=0x3e2f328 write_len=4 is_color=1
xemu-perf: metal_surface_dirty vram_addr=0x3ba1000 size=4194304 write_addr=0x3e2f340 write_len=4 is_color=1
xemu-perf: metal_surface_dirty vram_addr=0x3ba1000 size=4194304 write_addr=0x3e2f288 write_len=4 is_color=1
xemu-perf: metal_surface_dirty vram_addr=0x3ba1000 size=4194304 write_addr=0x3e2f300 write_len=4 is_color=1
xemu-perf: metal_surface_dirty vram_addr=0x3ba1000 size=4194304 write_addr=0x3e2f328 write_len=4 is_color=1
xemu-perf: metal_surface_dirty vram_addr=0x3ba1000 size=4194304 write_addr=0x3e2f340 write_len=4 is_color=1
xemu-perf: metal_surface_dirty vram_addr=0x3ba1000 size=4194304 write_addr=0x3e2f28c write_len=4 is_color=1
xemu-perf: metal_surface_dirty vram_addr=0x3ba1000 size=4194304 write_addr=0x3e2f2c0 write_len=4 is_color=1
xemu-perf: metal_surface_dirty vram_addr=0x3ba1000 size=4194304 write_addr=0x3e2f300 write_len=4 is_color=1
xemu-perf: metal_surface_dirty vram_addr=0x3ba1000 size=4194304 write_addr=0x3e2f340 write_len=4 is_color=1
xemu-perf: metal_surface_dirty vram_addr=0x3ba1000 size=4194304 write_addr=0x3e2f2a8 write_len=4 is_color=1
xemu-perf: metal_surface_dirty vram_addr=0x3ba1000 size=4194304 write_addr=0x3e2f300 write_len=4 is_color=1
xemu-perf: metal_surface_dirty vram_addr=0x3ba1000 size=4194304 write_addr=0x3e2f340 write_len=4 is_color=1
xemu-perf: metal_screenshot_written path=docs/apple-silicon/task-16-evidence-2026-05-21/cycle4-sampler-rt/harness-final/swizzle-mipmap/metal/screenshots/swizzle-mipmap.0172.png w=640 h=480
xemu-perf: metal_screenshot_written path=docs/apple-silicon/task-16-evidence-2026-05-21/cycle4-sampler-rt/harness-final/swizzle-mipmap/metal/screenshots/swizzle-mipmap.0173.png w=640 h=480
xemu-perf: metal_screenshot_written path=docs/apple-silicon/task-16-evidence-2026-05-21/cycle4-sampler-rt/harness-final/swizzle-mipmap/metal/screenshots/swizzle-mipmap.0174.png w=640 h=480
xemu-perf: metal_screenshot_written path=docs/apple-silicon/task-16-evidence-2026-05-21/cycle4-sampler-rt/harness-final/swizzle-mipmap/metal/screenshots/swizzle-mipmap.0175.png w=640 h=480
xemu-perf: metal_screenshot_written path=docs/apple-silicon/task-16-evidence-2026-05-21/cycle4-sampler-rt/harness-final/swizzle-mipmap/metal/screenshots/swizzle-mipmap.0176.png w=640 h=480
xemu-perf: metal_screenshot_written path=docs/apple-silicon/task-16-evidence-2026-05-21/cycle4-sampler-rt/harness-final/swizzle-mipmap/metal/screenshots/swizzle-mipmap.0177.png w=640 h=480
xemu-perf: metal_screenshot_written path=docs/apple-silicon/task-16-evidence-2026-05-21/cycle4-sampler-rt/harness-final/swizzle-mipmap/metal/screenshots/swizzle-mipmap.0178.png w=640 h=480
xemu-perf: metal_screenshot_written path=docs/apple-silicon/task-16-evidence-2026-05-21/cycle4-sampler-rt/harness-final/swizzle-mipmap/metal/screenshots/swizzle-mipmap.0179.png w=640 h=480
xemu-perf: metal_screenshot_written path=docs/apple-silicon/task-16-evidence-2026-05-21/cycle4-sampler-rt/harness-final/swizzle-mipmap/metal/screenshots/swizzle-mipmap.0180.png w=640 h=480
xemu-perf: metal_screenshot_written path=docs/apple-silicon/task-16-evidence-2026-05-21/cycle4-sampler-rt/harness-final/swizzle-mipmap/metal/screenshots/swizzle-mipmap.0181.png w=640 h=480
xemu-perf: metal_screenshot_written path=docs/apple-silicon/task-16-evidence-2026-05-21/cycle4-sampler-rt/harness-final/swizzle-mipmap/metal/screenshots/swizzle-mipmap.0182.png w=640 h=480
xemu-perf: metal_screenshot_written path=docs/apple-silicon/task-16-evidence-2026-05-21/cycle4-sampler-rt/harness-final/swizzle-mipmap/metal/screenshots/swizzle-mipmap.0183.png w=640 h=480
xemu-perf: metal_screenshot_written path=docs/apple-silicon/task-16-evidence-2026-05-21/cycle4-sampler-rt/harness-final/swizzle-mipmap/metal/screenshots/swizzle-mipmap.0184.png w=640 h=480
xemu-perf: metal_screenshot_written path=docs/apple-silicon/task-16-evidence-2026-05-21/cycle4-sampler-rt/harness-final/swizzle-mipmap/metal/screenshots/swizzle-mipmap.0185.png w=640 h=480
xemu-perf: metal_screenshot_written path=docs/apple-silicon/task-16-evidence-2026-05-21/cycle4-sampler-rt/harness-final/swizzle-mipmap/metal/screenshots/swizzle-mipmap.0186.png w=640 h=480
xemu-perf: metal_screenshot_written path=docs/apple-silicon/task-16-evidence-2026-05-21/cycle4-sampler-rt/harness-final/swizzle-mipmap/metal/screenshots/swizzle-mipmap.0187.png w=640 h=480
xemu-perf: metal_surface_dirty vram_addr=0x2454000 size=4194304 write_addr=0x2555548 write_len=4 is_color=0
xemu-perf: metal_screenshot_written path=docs/apple-silicon/task-16-evidence-2026-05-21/cycle4-sampler-rt/harness-final/swizzle-mipmap/metal/screenshots/swizzle-mipmap.0188.png w=640 h=480
xemu-perf: metal_surface_dirty vram_addr=0x3aa8000 size=1228800 write_addr=0x3aa8000 write_len=4 is_color=1
xemu-perf: metal_surface_dirty vram_addr=0x3bd4000 size=1228800 write_addr=0x3bd4000 write_len=4 is_color=1
xemu-perf: metal_surface_dirty vram_addr=0x3d00000 size=1228800 write_addr=0x3d00000 write_len=4 is_color=1
xemu-perf: metal_screenshot_written path=docs/apple-silicon/task-16-evidence-2026-05-21/cycle4-sampler-rt/harness-final/swizzle-mipmap/metal/screenshots/swizzle-mipmap.0189.png w=640 h=480
xemu-perf: interval_id=8 interval_start_us=204089723240 interval_end_us=204097667838 interval_ms=7944 frames=34 fps=4.28 mspf_avg=79.264 mspf_min=2.213 mspf_max=2187.930 increment_fps=60 BEGIN_ENDS=4772 NATIVE_TRI_DEPTH_DRAW=4772 NATIVE_TRI_DEPTH_DRAW_SMOOTH=4772 TCG_TB_EXEC_COUNT=632973643 TCG_TB_INVALIDATE_COUNT=19940 TCG_NOTDIRTY_TRIPS=774060 TCG_NOTDIRTY_PAGES_HIT=773955 TCG_TB_INVALIDATE_BURST_MAX=425 TCG_JMP_CACHE_ZEROED_BUCKETS=81747428 TCG_INVALIDATE_WALL_US_MAX=98 TCG_INVALIDATE_WALL_US_TOTAL=4415 TCG_TB_LOOKUP_US_TOTAL=0 TCG_TB_GEN_CODE_US_TOTAL=0 TCG_HANDLE_INTERRUPT_US_TOTAL=0 TCG_XBOX_IDLE_LOOP_HITS=0 TCG_XBOX_IDLE_LOOP_YIELDS=0 TCG_XBOX_IDLE_LOOP_HALTS=0 MMIO_READ_COUNT=0 MMIO_READ_US_TOTAL=0 MMIO_READ_US_MAX=0 MMIO_READ_PGRAPH_COUNT=0 MMIO_READ_PGRAPH_US_TOTAL=0 MMIO_READ_PGRAPH_US_MAX=0 NV2A_VBLANK_FIRES=503 NV2A_FLIP_STALL_WRITES=34 NV2A_PRESENT_HEARTBEAT=334 XEMU_GL_SWAPS=0 RATE_SLEW_RATIO_E6=1000000 RATE_SLEW_ACTIVE=0 APU_LOCK_HOLD_US_TOTAL=19286 APU_VCPU_LOCK_WAIT_US_MAX=1 PFIFO_PUSHER_RUNS=12777 PFIFO_PUSHER_STALLS=7912 PFIFO_PUSHER_STALL_FLIP=0 PFIFO_PUSHER_STALL_NOP=7212 PFIFO_PUSHER_STALL_FIFO=2051 PFIFO_PULLER_CALLS=86301 PFIFO_PULLER_STALLS=34 PFIFO_PULLER_STALL_FLIP=34 PFIFO_PULLER_STALL_NOP=0 PFIFO_PULLER_STALL_CONTEXT=0 PFIFO_PULLER_STALL_FIFO=0 PFIFO_PUSHER_WORDS=311361 PFIFO_PULLER_METHOD_WORDS=237802 PFIFO_DMA_BACKLOG_BYTES_MAX=65204224 PFIFO_USER_DMA_PUT_WRITES=9398 PFIFO_USER_DMA_GET_WRITES=0 PFIFO_USER_DMA_PUT_READS=0 PFIFO_USER_DMA_GET_READS=503260 PGRAPH_PATT_COLOR0_WRITES=0 PGRAPH_PATT_COLOR0_READS=0 PGRAPH_FLIP_STALL_SETS=34 PGRAPH_FLIP_STALL_CHECKS=68 PGRAPH_FLIP_STALL_STILL_WAITING=34 PGRAPH_FLIP_STALL_COMPLETES=34 METAL_DRAW_COUNT=4772 METAL_DRAW_INDEXED_COUNT=2638 METAL_NATIVE_TRI_DEPTH_DRAWS=4772 METAL_NATIVE_QUAD_DRAWS=0 METAL_CLEAR_COUNT=342 METAL_GLSL_TRANSLATE=0 METAL_GLSL_TRANSLATE_FAIL=0 METAL_SHADER_VALIDATE_OK=0 METAL_SHADER_VALIDATE_FAIL=0 METAL_PIPELINE_HITS=4766 METAL_PIPELINE_MISSES=6 METAL_PIPELINE_FAILED=0 METAL_TEX_UPLOADS_TOTAL=50 METAL_TEX_UPLOAD_BYTES_TOTAL=86314212 METAL_TEX_CACHE_HITS=10064 METAL_TEX_CACHE_MISSES=50 METAL_PIPELINE_KEY_BUILT=4772 METAL_PIPELINE_TRANSLATED_OK=4772 METAL_PIPELINE_TRANSLATED_FAILED=0 METAL_DISPATCH_US_TOTAL=183381 METAL_TEX_BIND_US_TOTAL=30956 METAL_DRAW_ENCODE_US_TOTAL=118123 METAL_DRAW_PASS_OPENS=4772 METAL_DRAW_PASS_COALESCED=0 METAL_DRAW_PASS_FLUSHES=4772 METAL_OPEN_PASS_FLUSH_US_TOTAL=67768 METAL_TEX_UPLOAD_US_TOTAL=2508 METAL_DRAW_TRANSLATED=4772 METAL_PIPELINE_FALLBACKS=0 METAL_UNIFORM_PACK=9544 METAL_UNIFORM_BYTES=31227968 METAL_SHADER_COMPILE_QUEUED_TOTAL=0 METAL_SHADER_COMPILE_COMPLETED_TOTAL=0 METAL_SHADER_COMPILE_FAILED_TOTAL=0 METAL_DRAWS_SKIPPED_PENDING_TOTAL=0 METAL_DRAWS_USING_UBERSHADER_TOTAL=0 METAL_SHADER_CACHE_LOADS=6 METAL_SHADER_CACHE_HITS=6 METAL_SHADER_CACHE_MISSES=0 METAL_PRESENTS=0 METAL_PRESENT_JITTER_US_TOTAL=0 METAL_PRESENT_JITTER_US_AVG=0 METAL_PRESENT_JITTER_US_MAX=0 METAL_DRAWABLE_ACQUIRE_FAILS=0 METAL_DISPLAY_LINK_CALLBACKS=0 METAL_MSAA_RESOLVE_COUNT=0 METAL_MSAA_RESOLVE_US_TOTAL=0 METAL_MSAA_SAMPLE_COUNT=1 METAL_FX_SPATIAL_PRESENTS=0 METAL_FX_SPATIAL_US_TOTAL=0 METAL_FX_SCALE_FACTOR=1 METAL_FX_SPATIAL_GPU_US_TOTAL=0 METAL_VERTEX_US_TOTAL=15444 METAL_FRAGMENT_US_TOTAL=19195 METAL_PRESENT_GPU_US_TOTAL=35428 METAL_PRESENT_GPU_FRAMES=1004 METAL_CAPTURE_FRAMES=0 METAL_CAPTURE_ACTIVE=0 METAL_SCREENSHOTS_TAKEN=67 METAL_FRONT_FB_PUBLISHES=34 METAL_SURFACE_CACHE_SIZE=24 METAL_IMAGE_BLITS=0 METAL_SURFACE_VRAM_DIRTY_HITS=744 METAL_SURFACE_VRAM_UPLOADS=742 METAL_SURFACE_VRAM_UPLOAD_BYTES=3039068160 METAL_SURFACE_RECREATE_SHAPE_MISMATCH=0 METAL_SURFACE_DOWNLOADS=34 METAL_SURFACE_DOWNLOAD_BYTES=85295104 METAL_SURFACE_DOWNLOAD_US_TOTAL=18323 METAL_DRAW_RT_DUMPS=0 METAL_SURFACE_GRAPH_DUMPS=0 METAL_SIBLING_SYNCS=0 METAL_SIBLING_SYNC_SKIPS=0 METAL_FLAT_QUAD_PROPAGATIONS=0 INPUT_USB_POLLS=0 INPUT_BACKEND_UPDATES=1015 INPUT_LAT_US_TOTAL=0 INPUT_LAT_US_MAX=0 IDE_READ_SUBMITS=8 IDE_READ_COMPLETES=8 IDE_READ_BYTES=155648 IDE_READ_LAT_US_TOTAL=4529 IDE_READ_LAT_US_MAX=935 IDE_READ_LAT_GT_16MS=0 IDE_READ_LAT_GT_33MS=0 IDE_READ_LAT_GT_50MS=0 IDE_READ_LAT_GT_100MS=0 IDE_READ_INFLIGHT_MAX=1 ATAPI_PIO_SYNC_READS=0 ATAPI_PIO_SYNC_BYTES=0 ATAPI_PIO_SYNC_US_TOTAL=0 ATAPI_PIO_SYNC_US_MAX=0 HELPER_RDTSC_CALLS=4204 PIT_IRQ_TIMER_FIRES=16718 PIT_COALESCE_EVENTS=0 PIT_COALESCE_LATE_US_TOTAL=0 PIT_COALESCE_LATE_US_MAX=0 PIT_COALESCE_SKIPPED_TRANSITIONS=0
xemu-perf: metal_draw_target vram_addr=0x32a4000 count=34
xemu-perf: metal_draw_target vram_addr=0x2854000 count=433
xemu-perf: metal_draw_target vram_addr=0x2894000 count=433
xemu-perf: metal_draw_target vram_addr=0x28d4000 count=433
xemu-perf: metal_draw_target vram_addr=0x2914000 count=433
xemu-perf: metal_draw_target vram_addr=0x2954000 count=433
xemu-perf: metal_draw_target vram_addr=0x2994000 count=433
xemu-perf: metal_draw_target vram_addr=0x3628000 count=33
xemu-perf: metal_draw_target vram_addr=0x3bd4000 count=700
xemu-perf: metal_draw_target vram_addr=0x3d00000 count=700
xemu-perf: metal_draw_target vram_addr=0x3aa8000 count=700
xemu-perf: metal_draw_target vram_addr=0x3ba1000 count=7
xemu-perf: metal_screenshot_written path=docs/apple-silicon/task-16-evidence-2026-05-21/cycle4-sampler-rt/harness-final/swizzle-mipmap/metal/screenshots/swizzle-mipmap.0190.png w=640 h=480
xemu-perf: metal_screenshot_written path=docs/apple-silicon/task-16-evidence-2026-05-21/cycle4-sampler-rt/harness-final/swizzle-mipmap/metal/screenshots/swizzle-mipmap.0191.png w=640 h=480
xemu-perf: metal_surface_dirty vram_addr=0x2994000 size=262144 write_addr=0x29a4000 write_len=4 is_color=1
xemu-perf: metal_screenshot_written path=docs/apple-silicon/task-16-evidence-2026-05-21/cycle4-sampler-rt/harness-final/swizzle-mipmap/metal/screenshots/swizzle-mipmap.0192.png w=640 h=480
xemu-perf: metal_screenshot_written path=docs/apple-silicon/task-16-evidence-2026-05-21/cycle4-sampler-rt/harness-final/swizzle-mipmap/metal/screenshots/swizzle-mipmap.0193.png w=640 h=480
xemu-perf: metal_surface_dirty vram_addr=0x3628000 size=2457600 write_addr=0x3628000 write_len=2457600 is_color=1
xemu-perf: metal_surface_dirty vram_addr=0x3628000 size=2457600 write_addr=0x3628000 write_len=2457600 is_color=1
xemu-perf: metal_surface_dirty vram_addr=0x3628000 size=2457600 write_addr=0x3628000 write_len=2457600 is_color=1
xemu-perf: metal_surface_dirty vram_addr=0x3628000 size=2457600 write_addr=0x3628000 write_len=2457600 is_color=1
xemu-perf: metal_surface_dirty vram_addr=0x3628000 size=2457600 write_addr=0x3628000 write_len=2457600 is_color=1
xemu-perf: metal_surface_dirty vram_addr=0x3628000 size=2457600 write_addr=0x3628000 write_len=2457600 is_color=1
xemu-perf: metal_surface_dirty vram_addr=0x3628000 size=2457600 write_addr=0x3628000 write_len=2457600 is_color=1
xemu-perf: metal_surface_dirty vram_addr=0x3628000 size=2457600 write_addr=0x3628000 write_len=2457600 is_color=1
xemu-perf: metal_screenshot_written path=docs/apple-silicon/task-16-evidence-2026-05-21/cycle4-sampler-rt/harness-final/swizzle-mipmap/metal/screenshots/swizzle-mipmap.0194.png w=640 h=480
xemu-perf: metal_surface_dirty vram_addr=0x3628000 size=2457600 write_addr=0x3628000 write_len=2457600 is_color=1
xemu-perf: metal_surface_dirty vram_addr=0x3628000 size=2457600 write_addr=0x3628000 write_len=2457600 is_color=1
xemu-perf: metal_surface_dirty vram_addr=0x3628000 size=2457600 write_addr=0x3628000 write_len=2457600 is_color=1
xemu-perf: metal_surface_dirty vram_addr=0x3628000 size=2457600 write_addr=0x3628000 write_len=2457600 is_color=1
xemu-perf: metal_surface_dirty vram_addr=0x3628000 size=2457600 write_addr=0x3628000 write_len=2457600 is_color=1
xemu-perf: metal_surface_dirty vram_addr=0x3628000 size=2457600 write_addr=0x3628000 write_len=2457600 is_color=1
xemu-perf: metal_surface_dirty vram_addr=0x3628000 size=2457600 write_addr=0x3628000 write_len=2457600 is_color=1
xemu-perf: metal_screenshot_written path=docs/apple-silicon/task-16-evidence-2026-05-21/cycle4-sampler-rt/harness-final/swizzle-mipmap/metal/screenshots/swizzle-mipmap.0195.png w=640 h=480
xemu-perf: metal_surface_dirty vram_addr=0x3628000 size=2457600 write_addr=0x3628000 write_len=2457600 is_color=1
xemu-perf: metal_surface_dirty vram_addr=0x3628000 size=2457600 write_addr=0x3628000 write_len=2457600 is_color=1
xemu-perf: metal_surface_dirty vram_addr=0x3628000 size=2457600 write_addr=0x3628000 write_len=2457600 is_color=1
xemu-perf: metal_surface_dirty vram_addr=0x3628000 size=2457600 write_addr=0x3628000 write_len=2457600 is_color=1
xemu-perf: metal_surface_dirty vram_addr=0x3628000 size=2457600 write_addr=0x3628000 write_len=2457600 is_color=1
xemu-perf: metal_surface_dirty vram_addr=0x3628000 size=2457600 write_addr=0x3628000 write_len=2457600 is_color=1
xemu-perf: metal_surface_dirty vram_addr=0x3628000 size=2457600 write_addr=0x3628000 write_len=2457600 is_color=1
xemu-perf: metal_surface_dirty vram_addr=0x3628000 size=2457600 write_addr=0x3628000 write_len=2457600 is_color=1
xemu-perf: metal_screenshot_written path=docs/apple-silicon/task-16-evidence-2026-05-21/cycle4-sampler-rt/harness-final/swizzle-mipmap/metal/screenshots/swizzle-mipmap.0196.png w=640 h=480
xemu-perf: metal_surface_dirty vram_addr=0x3628000 size=2457600 write_addr=0x3628000 write_len=2457600 is_color=1
xemu-perf: metal_surface_dirty vram_addr=0x3628000 size=2457600 write_addr=0x3628000 write_len=2457600 is_color=1
xemu-perf: metal_surface_dirty vram_addr=0x3628000 size=2457600 write_addr=0x3628000 write_len=2457600 is_color=1
xemu-perf: metal_surface_dirty vram_addr=0x3628000 size=2457600 write_addr=0x3628000 write_len=2457600 is_color=1
xemu-perf: metal_surface_dirty vram_addr=0x3628000 size=2457600 write_addr=0x3628000 write_len=2457600 is_color=1
xemu-perf: metal_surface_dirty vram_addr=0x3628000 size=2457600 write_addr=0x3628000 write_len=2457600 is_color=1
xemu-perf: metal_surface_dirty vram_addr=0x3628000 size=2457600 write_addr=0x3628000 write_len=2457600 is_color=1
xemu-perf: metal_screenshot_written path=docs/apple-silicon/task-16-evidence-2026-05-21/cycle4-sampler-rt/harness-final/swizzle-mipmap/metal/screenshots/swizzle-mipmap.0197.png w=640 h=480
xemu-perf: metal_surface_dirty vram_addr=0x3628000 size=2457600 write_addr=0x3628000 write_len=2457600 is_color=1
xemu-perf: metal_surface_dirty vram_addr=0x3628000 size=2457600 write_addr=0x3628000 write_len=2457600 is_color=1
xemu-perf: metal_surface_dirty vram_addr=0x3628000 size=2457600 write_addr=0x3628000 write_len=2457600 is_color=1
xemu-perf: metal_surface_dirty vram_addr=0x3ba1000 size=4194304 write_addr=0x3eb4000 write_len=1 is_color=1
xemu-perf: metal_surface_dirty vram_addr=0x3aa8000 size=1228800 write_addr=0x3aa8000 write_len=1 is_color=1
xemu-perf: metal_screenshot_written path=docs/apple-silicon/task-16-evidence-2026-05-21/cycle4-sampler-rt/harness-final/swizzle-mipmap/metal/screenshots/swizzle-mipmap.0198.png w=640 h=480
xemu-perf: metal_surface_dirty vram_addr=0x3ba1000 size=4194304 write_addr=0x3e2f2a8 write_len=4 is_color=1
xemu-perf: metal_surface_dirty vram_addr=0x3ba1000 size=4194304 write_addr=0x3e2f2f0 write_len=4 is_color=1
xemu-perf: metal_unswizzle_dump w=64 h=64 Q0=(B00 G00 Rff Aff) Q1=(B00 Gff R00 Aff) Q2=(Bff G00 R00 Aff) Q3=(B00 Gff Rff Aff)
xemu-perf: metal_unswizzle_dump w=32 h=32 Q0=(B00 G00 Rdf Aff) Q1=(B00 Gdf R00 Aff) Q2=(Bdf G00 R00 Aff) Q3=(B00 Gdf Rdf Aff)
xemu-perf: metal_unswizzle_dump w=16 h=16 Q0=(B00 G00 Rbf Aff) Q1=(B00 Gbf R00 Aff) Q2=(Bbf G00 R00 Aff) Q3=(B00 Gbf Rbf Aff)
xemu-perf: metal_unswizzle_dump w=8 h=8 Q0=(B00 G00 R9f Aff) Q1=(B00 G9f R00 Aff) Q2=(B9f G00 R00 Aff) Q3=(B00 G9f R9f Aff)
xemu-perf: metal_unswizzle_dump w=4 h=4 Q0=(B00 G00 R7f Aff) Q1=(B00 G7f R00 Aff) Q2=(B7f G00 R00 Aff) Q3=(B00 G7f R7f Aff)
xemu-perf: metal_unswizzle_dump w=2 h=2 Q0=(B00 G00 R5f Aff) Q1=(B00 G5f R00 Aff) Q2=(B5f G00 R00 Aff) Q3=(B00 G5f R5f Aff)
xemu-perf: metal_surface_dirty vram_addr=0x3ba1000 size=4194304 write_addr=0x3e2f340 write_len=4 is_color=1
xemu-perf: metal_screenshot_written path=docs/apple-silicon/task-16-evidence-2026-05-21/cycle4-sampler-rt/harness-final/swizzle-mipmap/metal/screenshots/swizzle-mipmap.0199.png w=640 h=480
xemu-perf: metal_surface_dirty vram_addr=0x3ba1000 size=4194304 write_addr=0x3e2f2c4 write_len=4 is_color=1
xemu-perf: metal_surface_dirty vram_addr=0x3ba1000 size=4194304 write_addr=0x3e2f2e8 write_len=4 is_color=1
xemu-perf: metal_surface_dirty vram_addr=0x3ba1000 size=4194304 write_addr=0x3e2f340 write_len=4 is_color=1
xemu-perf: metal_surface_dirty vram_addr=0x3ba1000 size=4194304 write_addr=0x3e2f2c0 write_len=4 is_color=1
xemu-perf: metal_surface_dirty vram_addr=0x3ba1000 size=4194304 write_addr=0x3e2f2e8 write_len=4 is_color=1
xemu-perf: metal_surface_dirty vram_addr=0x3ba1000 size=4194304 write_addr=0x3e2f308 write_len=4 is_color=1
xemu-perf: metal_surface_dirty vram_addr=0x3ba1000 size=4194304 write_addr=0x3e2f330 write_len=4 is_color=1
xemu-perf: metal_surface_dirty vram_addr=0x3ba1000 size=4194304 write_addr=0x3e2f340 write_len=4 is_color=1
xemu-perf: metal_surface_dirty vram_addr=0x3ba1000 size=4194304 write_addr=0x3e2f2c0 write_len=4 is_color=1
xemu-perf: metal_surface_dirty vram_addr=0x3ba1000 size=4194304 write_addr=0x3e2f300 write_len=4 is_color=1
xemu-perf: metal_surface_dirty vram_addr=0x3ba1000 size=4194304 write_addr=0x3e2f340 write_len=4 is_color=1
xemu-perf: metal_surface_dirty vram_addr=0x3ba1000 size=4194304 write_addr=0x3e2f2c8 write_len=4 is_color=1
xemu-perf: metal_surface_dirty vram_addr=0x3ba1000 size=4194304 write_addr=0x3e2f320 write_len=4 is_color=1
xemu-perf: metal_surface_dirty vram_addr=0x3ba1000 size=4194304 write_addr=0x3e2f340 write_len=4 is_color=1
xemu-perf: metal_surface_dirty vram_addr=0x3ba1000 size=4194304 write_addr=0x3e2f2a8 write_len=4 is_color=1
xemu-perf: metal_surface_dirty vram_addr=0x3ba1000 size=4194304 write_addr=0x3e2f2f0 write_len=4 is_color=1
xemu-perf: metal_surface_dirty vram_addr=0x3ba1000 size=4194304 write_addr=0x3e2f308 write_len=4 is_color=1
xemu-perf: metal_surface_dirty vram_addr=0x3ba1000 size=4194304 write_addr=0x3e2f330 write_len=4 is_color=1
xemu-perf: metal_surface_dirty vram_addr=0x3ba1000 size=4194304 write_addr=0x3e2f340 write_len=4 is_color=1
xemu-perf: metal_screenshot_written path=docs/apple-silicon/task-16-evidence-2026-05-21/cycle4-sampler-rt/harness-final/swizzle-mipmap/metal/screenshots/swizzle-mipmap.0200.png w=640 h=480
xemu-perf: metal_surface_dirty vram_addr=0x3ba1000 size=4194304 write_addr=0x3e2f288 write_len=4 is_color=1
xemu-perf: metal_surface_dirty vram_addr=0x3ba1000 size=4194304 write_addr=0x3e2f340 write_len=4 is_color=1
xemu-perf: metal_surface_dirty vram_addr=0x3ba1000 size=4194304 write_addr=0x3e2f290 write_len=4 is_color=1
xemu-perf: metal_surface_dirty vram_addr=0x3ba1000 size=4194304 write_addr=0x3e2f2a8 write_len=4 is_color=1
xemu-perf: metal_surface_dirty vram_addr=0x3ba1000 size=4194304 write_addr=0x3e2f2e0 write_len=4 is_color=1
xemu-perf: metal_surface_dirty vram_addr=0x3ba1000 size=4194304 write_addr=0x3e2f320 write_len=4 is_color=1
xemu-perf: metal_surface_dirty vram_addr=0x3ba1000 size=4194304 write_addr=0x3e2f340 write_len=4 is_color=1
xemu-perf: metal_surface_dirty vram_addr=0x3ba1000 size=4194304 write_addr=0x3e2f2a0 write_len=4 is_color=1
xemu-perf: metal_surface_dirty vram_addr=0x3ba1000 size=4194304 write_addr=0x3e2f2d0 write_len=4 is_color=1
xemu-perf: metal_surface_dirty vram_addr=0x3ba1000 size=4194304 write_addr=0x3e2f340 write_len=4 is_color=1
xemu-perf: metal_surface_dirty vram_addr=0x3ba1000 size=4194304 write_addr=0x3e2f288 write_len=4 is_color=1
xemu-perf: metal_surface_dirty vram_addr=0x3ba1000 size=4194304 write_addr=0x3e2f340 write_len=4 is_color=1
xemu-perf: metal_surface_dirty vram_addr=0x3ba1000 size=4194304 write_addr=0x3e2f2a8 write_len=4 is_color=1
xemu-perf: metal_surface_dirty vram_addr=0x3ba1000 size=4194304 write_addr=0x3e2f328 write_len=4 is_color=1
xemu-perf: metal_surface_dirty vram_addr=0x3ba1000 size=4194304 write_addr=0x3e2f340 write_len=4 is_color=1
xemu-perf: metal_screenshot_written path=docs/apple-silicon/task-16-evidence-2026-05-21/cycle4-sampler-rt/harness-final/swizzle-mipmap/metal/screenshots/swizzle-mipmap.0201.png w=640 h=480
xemu-perf: metal_surface_dirty vram_addr=0x3ba1000 size=4194304 write_addr=0x3e2f2a0 write_len=4 is_color=1
xemu-perf: metal_surface_dirty vram_addr=0x3ba1000 size=4194304 write_addr=0x3e2f2e0 write_len=4 is_color=1
xemu-perf: metal_surface_dirty vram_addr=0x3ba1000 size=4194304 write_addr=0x3e2f320 write_len=4 is_color=1
xemu-perf: metal_surface_dirty vram_addr=0x3ba1000 size=4194304 write_addr=0x3e2f340 write_len=4 is_color=1
xemu-perf: metal_surface_dirty vram_addr=0x3ba1000 size=4194304 write_addr=0x3e2f2c0 write_len=4 is_color=1
xemu-perf: metal_surface_dirty vram_addr=0x3ba1000 size=4194304 write_addr=0x3e2f300 write_len=4 is_color=1
xemu-perf: metal_surface_dirty vram_addr=0x3ba1000 size=4194304 write_addr=0x3e2f340 write_len=4 is_color=1
xemu-perf: metal_surface_dirty vram_addr=0x3ba1000 size=4194304 write_addr=0x3e2f2b0 write_len=4 is_color=1
xemu-perf: metal_surface_dirty vram_addr=0x3ba1000 size=4194304 write_addr=0x3e2f2e0 write_len=4 is_color=1
xemu-perf: metal_surface_dirty vram_addr=0x3ba1000 size=4194304 write_addr=0x3e2f340 write_len=4 is_color=1
xemu-perf: metal_surface_dirty vram_addr=0x3ba1000 size=4194304 write_addr=0x3e2f288 write_len=4 is_color=1
xemu-perf: metal_surface_dirty vram_addr=0x3ba1000 size=4194304 write_addr=0x3e2f340 write_len=4 is_color=1
xemu-perf: metal_surface_dirty vram_addr=0x3ba1000 size=4194304 write_addr=0x3e2f288 write_len=4 is_color=1
xemu-perf: metal_surface_dirty vram_addr=0x3ba1000 size=4194304 write_addr=0x3e2f2e0 write_len=4 is_color=1
xemu-perf: metal_surface_dirty vram_addr=0x3ba1000 size=4194304 write_addr=0x3e2f340 write_len=4 is_color=1
xemu-perf: metal_screenshot_written path=docs/apple-silicon/task-16-evidence-2026-05-21/cycle4-sampler-rt/harness-final/swizzle-mipmap/metal/screenshots/swizzle-mipmap.0202.png w=640 h=480
xemu-perf: metal_surface_dirty vram_addr=0x3ba1000 size=4194304 write_addr=0x3e2f290 write_len=4 is_color=1
xemu-perf: metal_surface_dirty vram_addr=0x3ba1000 size=4194304 write_addr=0x3e2f2e0 write_len=4 is_color=1
xemu-perf: metal_surface_dirty vram_addr=0x3ba1000 size=4194304 write_addr=0x3e2f320 write_len=4 is_color=1
xemu-perf: metal_surface_dirty vram_addr=0x3ba1000 size=4194304 write_addr=0x3e2f340 write_len=4 is_color=1
xemu-perf: metal_surface_dirty vram_addr=0x3ba1000 size=4194304 write_addr=0x3e2f294 write_len=4 is_color=1
xemu-perf: metal_surface_dirty vram_addr=0x3ba1000 size=4194304 write_addr=0x3e2f2e0 write_len=4 is_color=1
xemu-perf: metal_surface_dirty vram_addr=0x3ba1000 size=4194304 write_addr=0x3e2f300 write_len=4 is_color=1
xemu-perf: metal_surface_dirty vram_addr=0x3ba1000 size=4194304 write_addr=0x3e2f340 write_len=4 is_color=1
xemu-perf: metal_surface_dirty vram_addr=0x3ba1000 size=4194304 write_addr=0x3e2f290 write_len=4 is_color=1
xemu-perf: metal_surface_dirty vram_addr=0x3ba1000 size=4194304 write_addr=0x3e2f2c8 write_len=4 is_color=1
xemu-perf: metal_surface_dirty vram_addr=0x3ba1000 size=4194304 write_addr=0x3e2f318 write_len=4 is_color=1
xemu-perf: metal_surface_dirty vram_addr=0x3ba1000 size=4194304 write_addr=0x3e2f340 write_len=4 is_color=1
xemu-perf: metal_surface_dirty vram_addr=0x3ba1000 size=4194304 write_addr=0x3e2f2a8 write_len=4 is_color=1
xemu-perf: metal_surface_dirty vram_addr=0x3ba1000 size=4194304 write_addr=0x3e2f340 write_len=4 is_color=1
xemu-perf: metal_surface_dirty vram_addr=0x3ba1000 size=4194304 write_addr=0x3e2f2a8 write_len=4 is_color=1
xemu-perf: metal_surface_dirty vram_addr=0x3ba1000 size=4194304 write_addr=0x3e2f2e0 write_len=4 is_color=1
xemu-perf: metal_surface_dirty vram_addr=0x3ba1000 size=4194304 write_addr=0x3e2f320 write_len=4 is_color=1
xemu-perf: metal_surface_dirty vram_addr=0x3ba1000 size=4194304 write_addr=0x3e2f340 write_len=4 is_color=1
xemu-perf: metal_screenshot_written path=docs/apple-silicon/task-16-evidence-2026-05-21/cycle4-sampler-rt/harness-final/swizzle-mipmap/metal/screenshots/swizzle-mipmap.0203.png w=640 h=480
xemu-perf: metal_surface_dirty vram_addr=0x3ba1000 size=4194304 write_addr=0x3e2f280 write_len=4 is_color=1
xemu-perf: metal_surface_dirty vram_addr=0x3ba1000 size=4194304 write_addr=0x3e2f2e0 write_len=4 is_color=1
xemu-perf: metal_surface_dirty vram_addr=0x3ba1000 size=4194304 write_addr=0x3e2f300 write_len=4 is_color=1
xemu-perf: metal_surface_dirty vram_addr=0x3ba1000 size=4194304 write_addr=0x3e2f340 write_len=4 is_color=1
xemu-perf: metal_surface_dirty vram_addr=0x3ba1000 size=4194304 write_addr=0x3e2f290 write_len=4 is_color=1
xemu-perf: metal_surface_dirty vram_addr=0x3ba1000 size=4194304 write_addr=0x3e2f2e8 write_len=4 is_color=1
xemu-perf: metal_surface_dirty vram_addr=0x3ba1000 size=4194304 write_addr=0x3e2f340 write_len=4 is_color=1
xemu-perf: metal_surface_dirty vram_addr=0x3ba1000 size=4194304 write_addr=0x3e2f288 write_len=4 is_color=1
xemu-perf: metal_surface_dirty vram_addr=0x3ba1000 size=4194304 write_addr=0x3e2f2e0 write_len=4 is_color=1
xemu-perf: metal_surface_dirty vram_addr=0x3ba1000 size=4194304 write_addr=0x3e2f320 write_len=4 is_color=1
xemu-perf: metal_surface_dirty vram_addr=0x3ba1000 size=4194304 write_addr=0x3e2f340 write_len=4 is_color=1
xemu-perf: metal_surface_dirty vram_addr=0x3ba1000 size=4194304 write_addr=0x3e2f288 write_len=4 is_color=1
xemu-perf: metal_surface_dirty vram_addr=0x3ba1000 size=4194304 write_addr=0x3e2f2dc write_len=4 is_color=1
xemu-perf: metal_surface_dirty vram_addr=0x3ba1000 size=4194304 write_addr=0x3e2f308 write_len=4 is_color=1
xemu-perf: metal_surface_dirty vram_addr=0x3ba1000 size=4194304 write_addr=0x3e2f340 write_len=4 is_color=1
xemu-perf: metal_surface_dirty vram_addr=0x3ba1000 size=4194304 write_addr=0x3e2f290 write_len=4 is_color=1
xemu-perf: metal_surface_dirty vram_addr=0x3ba1000 size=4194304 write_addr=0x3e2f300 write_len=4 is_color=1
xemu-perf: metal_surface_dirty vram_addr=0x3ba1000 size=4194304 write_addr=0x3e2f330 write_len=4 is_color=1
xemu-perf: metal_surface_dirty vram_addr=0x3ba1000 size=4194304 write_addr=0x3e2f340 write_len=4 is_color=1
xemu-perf: metal_screenshot_written path=docs/apple-silicon/task-16-evidence-2026-05-21/cycle4-sampler-rt/harness-final/swizzle-mipmap/metal/screenshots/swizzle-mipmap.0204.png w=640 h=480
xemu-perf: metal_surface_dirty vram_addr=0x3ba1000 size=4194304 write_addr=0x3e2f290 write_len=4 is_color=1
xemu-perf: metal_surface_dirty vram_addr=0x3ba1000 size=4194304 write_addr=0x3e2f2e0 write_len=4 is_color=1
xemu-perf: metal_surface_dirty vram_addr=0x3ba1000 size=4194304 write_addr=0x3e2f328 write_len=4 is_color=1
xemu-perf: metal_surface_dirty vram_addr=0x3ba1000 size=4194304 write_addr=0x3e2f340 write_len=4 is_color=1
xemu-perf: metal_surface_dirty vram_addr=0x3ba1000 size=4194304 write_addr=0x3e2f298 write_len=4 is_color=1
xemu-perf: metal_surface_dirty vram_addr=0x3ba1000 size=4194304 write_addr=0x3e2f2e0 write_len=4 is_color=1
xemu-perf: metal_surface_dirty vram_addr=0x3ba1000 size=4194304 write_addr=0x3e2f340 write_len=4 is_color=1
xemu-perf: metal_surface_dirty vram_addr=0x3ba1000 size=4194304 write_addr=0x3e2f290 write_len=4 is_color=1
xemu-perf: metal_surface_dirty vram_addr=0x3ba1000 size=4194304 write_addr=0x3e2f2a8 write_len=4 is_color=1
xemu-perf: metal_surface_dirty vram_addr=0x3ba1000 size=4194304 write_addr=0x3e2f328 write_len=4 is_color=1
xemu-perf: metal_surface_dirty vram_addr=0x3ba1000 size=4194304 write_addr=0x3e2f340 write_len=4 is_color=1
xemu-perf: metal_surface_dirty vram_addr=0x3ba1000 size=4194304 write_addr=0x3e2f290 write_len=4 is_color=1
xemu-perf: metal_surface_dirty vram_addr=0x3ba1000 size=4194304 write_addr=0x3e2f2e0 write_len=4 is_color=1
xemu-perf: metal_surface_dirty vram_addr=0x3ba1000 size=4194304 write_addr=0x3e2f308 write_len=4 is_color=1
xemu-perf: metal_surface_dirty vram_addr=0x3ba1000 size=4194304 write_addr=0x3e2f340 write_len=4 is_color=1
xemu-perf: metal_surface_dirty vram_addr=0x3ba1000 size=4194304 write_addr=0x3e2f288 write_len=4 is_color=1
xemu-perf: metal_surface_dirty vram_addr=0x3ba1000 size=4194304 write_addr=0x3e2f300 write_len=4 is_color=1
xemu-perf: metal_surface_dirty vram_addr=0x3ba1000 size=4194304 write_addr=0x3e2f340 write_len=4 is_color=1
xemu-perf: metal_screenshot_written path=docs/apple-silicon/task-16-evidence-2026-05-21/cycle4-sampler-rt/harness-final/swizzle-mipmap/metal/screenshots/swizzle-mipmap.0205.png w=640 h=480
xemu-perf: metal_surface_dirty vram_addr=0x3ba1000 size=4194304 write_addr=0x3e2f290 write_len=4 is_color=1
xemu-perf: metal_surface_dirty vram_addr=0x3ba1000 size=4194304 write_addr=0x3e2f2e0 write_len=4 is_color=1
xemu-perf: metal_surface_dirty vram_addr=0x3ba1000 size=4194304 write_addr=0x3e2f334 write_len=4 is_color=1
xemu-perf: metal_surface_dirty vram_addr=0x3ba1000 size=4194304 write_addr=0x3e2f340 write_len=4 is_color=1
xemu-perf: metal_surface_dirty vram_addr=0x3ba1000 size=4194304 write_addr=0x3e2f2b0 write_len=4 is_color=1
xemu-perf: metal_surface_dirty vram_addr=0x3ba1000 size=4194304 write_addr=0x3e2f2c8 write_len=4 is_color=1
xemu-perf: metal_surface_dirty vram_addr=0x3ba1000 size=4194304 write_addr=0x3e2f2f0 write_len=4 is_color=1
xemu-perf: metal_surface_dirty vram_addr=0x3ba1000 size=4194304 write_addr=0x3e2f340 write_len=4 is_color=1
xemu-perf: metal_surface_dirty vram_addr=0x3ba1000 size=4194304 write_addr=0x3e2f2a8 write_len=4 is_color=1
xemu-perf: metal_surface_dirty vram_addr=0x3ba1000 size=4194304 write_addr=0x3e2f340 write_len=4 is_color=1
xemu-perf: metal_surface_dirty vram_addr=0x3ba1000 size=4194304 write_addr=0x3e2f2c0 write_len=4 is_color=1
xemu-perf: metal_surface_dirty vram_addr=0x3ba1000 size=4194304 write_addr=0x3e2f308 write_len=4 is_color=1
xemu-perf: metal_surface_dirty vram_addr=0x3ba1000 size=4194304 write_addr=0x3e2f340 write_len=4 is_color=1
xemu-perf: metal_surface_dirty vram_addr=0x3ba1000 size=4194304 write_addr=0x3e2f288 write_len=4 is_color=1
xemu-perf: metal_surface_dirty vram_addr=0x3ba1000 size=4194304 write_addr=0x3e2f2b4 write_len=4 is_color=1
xemu-perf: metal_surface_dirty vram_addr=0x3ba1000 size=4194304 write_addr=0x3e2f2e8 write_len=4 is_color=1
xemu-perf: metal_surface_dirty vram_addr=0x3ba1000 size=4194304 write_addr=0x3e2f320 write_len=4 is_color=1
xemu-perf: metal_surface_dirty vram_addr=0x3ba1000 size=4194304 write_addr=0x3e2f340 write_len=4 is_color=1
xemu-perf: metal_screenshot_written path=docs/apple-silicon/task-16-evidence-2026-05-21/cycle4-sampler-rt/harness-final/swizzle-mipmap/metal/screenshots/swizzle-mipmap.0206.png w=640 h=480
xemu-perf: metal_surface_dirty vram_addr=0x3ba1000 size=4194304 write_addr=0x3e2f288 write_len=4 is_color=1
xemu-perf: metal_surface_dirty vram_addr=0x3ba1000 size=4194304 write_addr=0x3e2f330 write_len=4 is_color=1
xemu-perf: metal_surface_dirty vram_addr=0x3ba1000 size=4194304 write_addr=0x3e2f340 write_len=4 is_color=1
xemu-perf: metal_surface_dirty vram_addr=0x3ba1000 size=4194304 write_addr=0x3e2f2a8 write_len=4 is_color=1
xemu-perf: metal_surface_dirty vram_addr=0x3ba1000 size=4194304 write_addr=0x3e2f300 write_len=4 is_color=1
xemu-perf: metal_surface_dirty vram_addr=0x3ba1000 size=4194304 write_addr=0x3e2f340 write_len=4 is_color=1
xemu-perf: metal_surface_dirty vram_addr=0x3ba1000 size=4194304 write_addr=0x3e2f280 write_len=4 is_color=1
xemu-perf: metal_surface_dirty vram_addr=0x3ba1000 size=4194304 write_addr=0x3e2f320 write_len=4 is_color=1
xemu-perf: metal_surface_dirty vram_addr=0x3ba1000 size=4194304 write_addr=0x3e2f340 write_len=4 is_color=1
xemu-perf: metal_surface_dirty vram_addr=0x3ba1000 size=4194304 write_addr=0x3e2f2c0 write_len=4 is_color=1
xemu-perf: metal_surface_dirty vram_addr=0x3ba1000 size=4194304 write_addr=0x3e2f328 write_len=4 is_color=1
xemu-perf: metal_surface_dirty vram_addr=0x3ba1000 size=4194304 write_addr=0x3e2f340 write_len=4 is_color=1
xemu-perf: metal_surface_dirty vram_addr=0x3ba1000 size=4194304 write_addr=0x3e2f2a4 write_len=4 is_color=1
xemu-perf: metal_surface_dirty vram_addr=0x3ba1000 size=4194304 write_addr=0x3e2f2dc write_len=4 is_color=1
xemu-perf: metal_surface_dirty vram_addr=0x3ba1000 size=4194304 write_addr=0x3e2f2e8 write_len=4 is_color=1
xemu-perf: metal_surface_dirty vram_addr=0x3ba1000 size=4194304 write_addr=0x3e2f340 write_len=4 is_color=1
xemu-perf: metal_screenshot_written path=docs/apple-silicon/task-16-evidence-2026-05-21/cycle4-sampler-rt/harness-final/swizzle-mipmap/metal/screenshots/swizzle-mipmap.0207.png w=640 h=480
xemu-perf: metal_surface_dirty vram_addr=0x3ba1000 size=4194304 write_addr=0x3e2f2c8 write_len=4 is_color=1
xemu-perf: metal_surface_dirty vram_addr=0x3ba1000 size=4194304 write_addr=0x3e2f2e8 write_len=4 is_color=1
xemu-perf: metal_surface_dirty vram_addr=0x3ba1000 size=4194304 write_addr=0x3e2f308 write_len=4 is_color=1
xemu-perf: metal_surface_dirty vram_addr=0x3ba1000 size=4194304 write_addr=0x3e2f328 write_len=4 is_color=1
xemu-perf: metal_surface_dirty vram_addr=0x3ba1000 size=4194304 write_addr=0x3e2f340 write_len=4 is_color=1
xemu-perf: metal_surface_dirty vram_addr=0x3ba1000 size=4194304 write_addr=0x3e2f288 write_len=4 is_color=1
xemu-perf: metal_surface_dirty vram_addr=0x3ba1000 size=4194304 write_addr=0x3e2f320 write_len=4 is_color=1
xemu-perf: metal_surface_dirty vram_addr=0x3ba1000 size=4194304 write_addr=0x3e2f340 write_len=4 is_color=1
xemu-perf: metal_surface_dirty vram_addr=0x3ba1000 size=4194304 write_addr=0x3e2f290 write_len=4 is_color=1
xemu-perf: metal_surface_dirty vram_addr=0x3ba1000 size=4194304 write_addr=0x3e2f2e8 write_len=4 is_color=1
xemu-perf: metal_surface_dirty vram_addr=0x3ba1000 size=4194304 write_addr=0x3e2f340 write_len=4 is_color=1
xemu-perf: metal_surface_dirty vram_addr=0x3ba1000 size=4194304 write_addr=0x3e2f290 write_len=4 is_color=1
xemu-perf: metal_surface_dirty vram_addr=0x3ba1000 size=4194304 write_addr=0x3e2f320 write_len=4 is_color=1
xemu-perf: metal_surface_dirty vram_addr=0x3ba1000 size=4194304 write_addr=0x3e2f340 write_len=4 is_color=1
xemu-perf: metal_surface_dirty vram_addr=0x3ba1000 size=4194304 write_addr=0x3e2f290 write_len=4 is_color=1
xemu-perf: metal_surface_dirty vram_addr=0x3ba1000 size=4194304 write_addr=0x3e2f2c8 write_len=4 is_color=1
xemu-perf: metal_surface_dirty vram_addr=0x3ba1000 size=4194304 write_addr=0x3e2f340 write_len=4 is_color=1
xemu-perf: metal_screenshot_written path=docs/apple-silicon/task-16-evidence-2026-05-21/cycle4-sampler-rt/harness-final/swizzle-mipmap/metal/screenshots/swizzle-mipmap.0208.png w=640 h=480
xemu-perf: metal_surface_dirty vram_addr=0x3ba1000 size=4194304 write_addr=0x3e2f2c4 write_len=4 is_color=1
xemu-perf: metal_surface_dirty vram_addr=0x3ba1000 size=4194304 write_addr=0x3e2f340 write_len=4 is_color=1
xemu-perf: metal_surface_dirty vram_addr=0x3ba1000 size=4194304 write_addr=0x3e2f290 write_len=4 is_color=1
xemu-perf: metal_surface_dirty vram_addr=0x3ba1000 size=4194304 write_addr=0x3e2f2c0 write_len=4 is_color=1
xemu-perf: metal_surface_dirty vram_addr=0x3ba1000 size=4194304 write_addr=0x3e2f340 write_len=4 is_color=1
xemu-perf: metal_surface_dirty vram_addr=0x3ba1000 size=4194304 write_addr=0x3e2f28c write_len=4 is_color=1
xemu-perf: metal_surface_dirty vram_addr=0x3ba1000 size=4194304 write_addr=0x3e2f308 write_len=4 is_color=1
xemu-perf: metal_surface_dirty vram_addr=0x3ba1000 size=4194304 write_addr=0x3e2f340 write_len=4 is_color=1
xemu-perf: metal_surface_dirty vram_addr=0x3ba1000 size=4194304 write_addr=0x3e2f2a0 write_len=4 is_color=1
xemu-perf: metal_surface_dirty vram_addr=0x3ba1000 size=4194304 write_addr=0x3e2f2c0 write_len=4 is_color=1
xemu-perf: metal_surface_dirty vram_addr=0x3ba1000 size=4194304 write_addr=0x3e2f2e8 write_len=4 is_color=1
xemu-perf: metal_surface_dirty vram_addr=0x3ba1000 size=4194304 write_addr=0x3e2f340 write_len=4 is_color=1
xemu-perf: metal_surface_dirty vram_addr=0x3ba1000 size=4194304 write_addr=0x3e2f2a0 write_len=4 is_color=1
xemu-perf: metal_surface_dirty vram_addr=0x3ba1000 size=4194304 write_addr=0x3e2f2c8 write_len=4 is_color=1
xemu-perf: metal_surface_dirty vram_addr=0x3ba1000 size=4194304 write_addr=0x3e2f340 write_len=4 is_color=1
xemu-perf: metal_screenshot_written path=docs/apple-silicon/task-16-evidence-2026-05-21/cycle4-sampler-rt/harness-final/swizzle-mipmap/metal/screenshots/swizzle-mipmap.0209.png w=640 h=480
xemu-perf: metal_surface_dirty vram_addr=0x3ba1000 size=4194304 write_addr=0x3e2f2a0 write_len=4 is_color=1
xemu-perf: metal_surface_dirty vram_addr=0x3ba1000 size=4194304 write_addr=0x3e2f2f0 write_len=4 is_color=1
xemu-perf: metal_surface_dirty vram_addr=0x3ba1000 size=4194304 write_addr=0x3e2f308 write_len=4 is_color=1
xemu-perf: metal_surface_dirty vram_addr=0x3ba1000 size=4194304 write_addr=0x3e2f328 write_len=4 is_color=1
xemu-perf: metal_surface_dirty vram_addr=0x3ba1000 size=4194304 write_addr=0x3e2f340 write_len=4 is_color=1
xemu-perf: metal_surface_dirty vram_addr=0x3ba1000 size=4194304 write_addr=0x3e2f280 write_len=4 is_color=1
xemu-perf: metal_surface_dirty vram_addr=0x3ba1000 size=4194304 write_addr=0x3e2f2d8 write_len=4 is_color=1
xemu-perf: metal_surface_dirty vram_addr=0x3ba1000 size=4194304 write_addr=0x3e2f2e0 write_len=4 is_color=1
xemu-perf: metal_surface_dirty vram_addr=0x3ba1000 size=4194304 write_addr=0x3e2f328 write_len=4 is_color=1
xemu-perf: metal_surface_dirty vram_addr=0x3ba1000 size=4194304 write_addr=0x3e2f340 write_len=4 is_color=1
xemu-perf: metal_surface_dirty vram_addr=0x3ba1000 size=4194304 write_addr=0x3e2f2c8 write_len=4 is_color=1
xemu-perf: metal_surface_dirty vram_addr=0x3ba1000 size=4194304 write_addr=0x3e2f328 write_len=4 is_color=1
xemu-perf: metal_surface_dirty vram_addr=0x3ba1000 size=4194304 write_addr=0x3e2f340 write_len=4 is_color=1
xemu-perf: metal_surface_dirty vram_addr=0x3ba1000 size=4194304 write_addr=0x3e2f2a8 write_len=4 is_color=1
xemu-perf: metal_surface_dirty vram_addr=0x3ba1000 size=4194304 write_addr=0x3e2f308 write_len=4 is_color=1
xemu-perf: metal_surface_dirty vram_addr=0x3ba1000 size=4194304 write_addr=0x3e2f330 write_len=4 is_color=1
xemu-perf: metal_surface_dirty vram_addr=0x3ba1000 size=4194304 write_addr=0x3e2f340 write_len=4 is_color=1
xemu-perf: metal_surface_dirty vram_addr=0x3ba1000 size=4194304 write_addr=0x3e2f280 write_len=4 is_color=1
xemu-perf: metal_surface_dirty vram_addr=0x3ba1000 size=4194304 write_addr=0x3e2f2c8 write_len=4 is_color=1
xemu-perf: metal_surface_dirty vram_addr=0x3ba1000 size=4194304 write_addr=0x3e2f340 write_len=4 is_color=1
xemu-perf: metal_screenshot_written path=docs/apple-silicon/task-16-evidence-2026-05-21/cycle4-sampler-rt/harness-final/swizzle-mipmap/metal/screenshots/swizzle-mipmap.0210.png w=640 h=480
xemu-perf: metal_surface_dirty vram_addr=0x3ba1000 size=4194304 write_addr=0x3e2f2b0 write_len=4 is_color=1
xemu-perf: metal_surface_dirty vram_addr=0x3ba1000 size=4194304 write_addr=0x3e2f308 write_len=4 is_color=1
xemu-perf: metal_surface_dirty vram_addr=0x3ba1000 size=4194304 write_addr=0x3e2f340 write_len=4 is_color=1
xemu-perf: metal_surface_dirty vram_addr=0x3ba1000 size=4194304 write_addr=0x3e2f280 write_len=4 is_color=1
xemu-perf: metal_surface_dirty vram_addr=0x3ba1000 size=4194304 write_addr=0x3e2f2c8 write_len=4 is_color=1
xemu-perf: metal_surface_dirty vram_addr=0x3ba1000 size=4194304 write_addr=0x3e2f328 write_len=4 is_color=1
xemu-perf: metal_surface_dirty vram_addr=0x3ba1000 size=4194304 write_addr=0x3e2f340 write_len=4 is_color=1
xemu-perf: metal_surface_dirty vram_addr=0x3ba1000 size=4194304 write_addr=0x3e2f2b0 write_len=4 is_color=1
xemu-perf: metal_surface_dirty vram_addr=0x3ba1000 size=4194304 write_addr=0x3e2f308 write_len=4 is_color=1
xemu-perf: metal_surface_dirty vram_addr=0x3ba1000 size=4194304 write_addr=0x3e2f340 write_len=4 is_color=1
xemu-perf: metal_surface_dirty vram_addr=0x3ba1000 size=4194304 write_addr=0x3e2f290 write_len=4 is_color=1
xemu-perf: metal_surface_dirty vram_addr=0x3ba1000 size=4194304 write_addr=0x3e2f2b4 write_len=4 is_color=1
xemu-perf: metal_surface_dirty vram_addr=0x3ba1000 size=4194304 write_addr=0x3e2f2c8 write_len=4 is_color=1
xemu-perf: metal_surface_dirty vram_addr=0x3ba1000 size=4194304 write_addr=0x3e2f2e8 write_len=4 is_color=1
xemu-perf: metal_surface_dirty vram_addr=0x3ba1000 size=4194304 write_addr=0x3e2f320 write_len=4 is_color=1
xemu-perf: metal_surface_dirty vram_addr=0x3ba1000 size=4194304 write_addr=0x3e2f340 write_len=4 is_color=1
xemu-perf: metal_surface_dirty vram_addr=0x3ba1000 size=4194304 write_addr=0x3e2f2a0 write_len=4 is_color=1
xemu-perf: metal_surface_dirty vram_addr=0x3ba1000 size=4194304 write_addr=0x3e2f2e0 write_len=4 is_color=1
xemu-perf: metal_surface_dirty vram_addr=0x3ba1000 size=4194304 write_addr=0x3e2f340 write_len=4 is_color=1
xemu-perf: metal_screenshot_written path=docs/apple-silicon/task-16-evidence-2026-05-21/cycle4-sampler-rt/harness-final/swizzle-mipmap/metal/screenshots/swizzle-mipmap.0211.png w=640 h=480
xemu-perf: metal_surface_dirty vram_addr=0x3ba1000 size=4194304 write_addr=0x3e2f288 write_len=4 is_color=1
xemu-perf: metal_surface_dirty vram_addr=0x3ba1000 size=4194304 write_addr=0x3e2f300 write_len=4 is_color=1
xemu-perf: metal_surface_dirty vram_addr=0x3ba1000 size=4194304 write_addr=0x3e2f340 write_len=4 is_color=1
xemu-perf: metal_surface_dirty vram_addr=0x3ba1000 size=4194304 write_addr=0x3e2f2a0 write_len=4 is_color=1
xemu-perf: metal_surface_dirty vram_addr=0x3ba1000 size=4194304 write_addr=0x3e2f300 write_len=4 is_color=1
xemu-perf: metal_surface_dirty vram_addr=0x3ba1000 size=4194304 write_addr=0x3e2f340 write_len=4 is_color=1
xemu-perf: metal_surface_dirty vram_addr=0x3ba1000 size=4194304 write_addr=0x3e2f288 write_len=4 is_color=1
xemu-perf: metal_surface_dirty vram_addr=0x3ba1000 size=4194304 write_addr=0x3e2f2c8 write_len=4 is_color=1
xemu-perf: metal_surface_dirty vram_addr=0x3ba1000 size=4194304 write_addr=0x3e2f2e8 write_len=4 is_color=1
xemu-perf: metal_surface_dirty vram_addr=0x3ba1000 size=4194304 write_addr=0x3e2f308 write_len=4 is_color=1
xemu-perf: metal_surface_dirty vram_addr=0x3ba1000 size=4194304 write_addr=0x3e2f320 write_len=4 is_color=1
xemu-perf: metal_surface_dirty vram_addr=0x3ba1000 size=4194304 write_addr=0x3e2f340 write_len=4 is_color=1
xemu-perf: metal_surface_dirty vram_addr=0x3ba1000 size=4194304 write_addr=0x3e2f2c0 write_len=4 is_color=1
xemu-perf: metal_surface_dirty vram_addr=0x3ba1000 size=4194304 write_addr=0x3e2f320 write_len=4 is_color=1
xemu-perf: metal_surface_dirty vram_addr=0x3ba1000 size=4194304 write_addr=0x3e2f340 write_len=4 is_color=1
xemu-perf: metal_surface_dirty vram_addr=0x3ba1000 size=4194304 write_addr=0x3e2f2a0 write_len=4 is_color=1
xemu-perf: metal_surface_dirty vram_addr=0x3ba1000 size=4194304 write_addr=0x3e2f2e0 write_len=4 is_color=1
xemu-perf: metal_surface_dirty vram_addr=0x3ba1000 size=4194304 write_addr=0x3e2f308 write_len=4 is_color=1
xemu-perf: metal_surface_dirty vram_addr=0x3ba1000 size=4194304 write_addr=0x3e2f330 write_len=4 is_color=1
xemu-perf: metal_surface_dirty vram_addr=0x3ba1000 size=4194304 write_addr=0x3e2f340 write_len=4 is_color=1
xemu-perf: metal_screenshot_written path=docs/apple-silicon/task-16-evidence-2026-05-21/cycle4-sampler-rt/harness-final/swizzle-mipmap/metal/screenshots/swizzle-mipmap.0212.png w=640 h=480
xemu-perf: metal_surface_dirty vram_addr=0x3ba1000 size=4194304 write_addr=0x3e2f2a8 write_len=4 is_color=1
xemu-perf: metal_surface_dirty vram_addr=0x3ba1000 size=4194304 write_addr=0x3e2f300 write_len=4 is_color=1
xemu-perf: metal_surface_dirty vram_addr=0x3ba1000 size=4194304 write_addr=0x3e2f340 write_len=4 is_color=1
xemu-perf: metal_surface_dirty vram_addr=0x3ba1000 size=4194304 write_addr=0x3e2f2d0 write_len=4 is_color=1
xemu-perf: metal_surface_dirty vram_addr=0x3ba1000 size=4194304 write_addr=0x3e2f328 write_len=4 is_color=1
xemu-perf: metal_surface_dirty vram_addr=0x3ba1000 size=4194304 write_addr=0x3e2f340 write_len=4 is_color=1
xemu-perf: metal_surface_dirty vram_addr=0x3ba1000 size=4194304 write_addr=0x3e2f288 write_len=4 is_color=1
xemu-perf: metal_surface_dirty vram_addr=0x3ba1000 size=4194304 write_addr=0x3e2f330 write_len=4 is_color=1
xemu-perf: metal_surface_dirty vram_addr=0x3ba1000 size=4194304 write_addr=0x3e2f340 write_len=4 is_color=1
xemu-perf: metal_surface_dirty vram_addr=0x3ba1000 size=4194304 write_addr=0x3e2f288 write_len=4 is_color=1
xemu-perf: metal_surface_dirty vram_addr=0x3ba1000 size=4194304 write_addr=0x3e2f2a8 write_len=4 is_color=1
xemu-perf: metal_surface_dirty vram_addr=0x3ba1000 size=4194304 write_addr=0x3e2f300 write_len=4 is_color=1
xemu-perf: metal_surface_dirty vram_addr=0x3ba1000 size=4194304 write_addr=0x3e2f330 write_len=4 is_color=1
xemu-perf: metal_surface_dirty vram_addr=0x3ba1000 size=4194304 write_addr=0x3e2f340 write_len=4 is_color=1
xemu-perf: metal_surface_dirty vram_addr=0x3ba1000 size=4194304 write_addr=0x3e2f2a8 write_len=4 is_color=1
xemu-perf: metal_surface_dirty vram_addr=0x3ba1000 size=4194304 write_addr=0x3e2f308 write_len=4 is_color=1
xemu-perf: metal_surface_dirty vram_addr=0x3ba1000 size=4194304 write_addr=0x3e2f340 write_len=4 is_color=1
xemu-perf: metal_screenshot_written path=docs/apple-silicon/task-16-evidence-2026-05-21/cycle4-sampler-rt/harness-final/swizzle-mipmap/metal/screenshots/swizzle-mipmap.0213.png w=640 h=480
xemu-perf: metal_surface_dirty vram_addr=0x3ba1000 size=4194304 write_addr=0x3e2f280 write_len=4 is_color=1
xemu-perf: metal_surface_dirty vram_addr=0x3ba1000 size=4194304 write_addr=0x3e2f308 write_len=4 is_color=1
xemu-perf: metal_surface_dirty vram_addr=0x3ba1000 size=4194304 write_addr=0x3e2f340 write_len=4 is_color=1
xemu-perf: metal_surface_dirty vram_addr=0x3ba1000 size=4194304 write_addr=0x3e2f288 write_len=4 is_color=1
xemu-perf: metal_surface_dirty vram_addr=0x3ba1000 size=4194304 write_addr=0x3e2f2a0 write_len=4 is_color=1
xemu-perf: metal_surface_dirty vram_addr=0x3ba1000 size=4194304 write_addr=0x3e2f2e8 write_len=4 is_color=1
xemu-perf: metal_surface_dirty vram_addr=0x3ba1000 size=4194304 write_addr=0x3e2f340 write_len=4 is_color=1
xemu-perf: metal_surface_dirty vram_addr=0x3ba1000 size=4194304 write_addr=0x3e2f2a0 write_len=4 is_color=1
xemu-perf: metal_surface_dirty vram_addr=0x3ba1000 size=4194304 write_addr=0x3e2f2c0 write_len=4 is_color=1
xemu-perf: metal_surface_dirty vram_addr=0x3ba1000 size=4194304 write_addr=0x3e2f320 write_len=4 is_color=1
xemu-perf: metal_surface_dirty vram_addr=0x3ba1000 size=4194304 write_addr=0x3e2f340 write_len=4 is_color=1
xemu-perf: metal_surface_dirty vram_addr=0x3ba1000 size=4194304 write_addr=0x3e2f288 write_len=4 is_color=1
xemu-perf: metal_surface_dirty vram_addr=0x3ba1000 size=4194304 write_addr=0x3e2f2e8 write_len=4 is_color=1
xemu-perf: metal_surface_dirty vram_addr=0x3ba1000 size=4194304 write_addr=0x3e2f340 write_len=4 is_color=1
xemu-perf: metal_surface_dirty vram_addr=0x3ba1000 size=4194304 write_addr=0x3e2f290 write_len=4 is_color=1
xemu-perf: metal_surface_dirty vram_addr=0x3ba1000 size=4194304 write_addr=0x3e2f308 write_len=4 is_color=1
xemu-perf: metal_surface_dirty vram_addr=0x3ba1000 size=4194304 write_addr=0x3e2f340 write_len=4 is_color=1
xemu-perf: metal_screenshot_written path=docs/apple-silicon/task-16-evidence-2026-05-21/cycle4-sampler-rt/harness-final/swizzle-mipmap/metal/screenshots/swizzle-mipmap.0214.png w=640 h=480
xemu-perf: metal_surface_dirty vram_addr=0x3ba1000 size=4194304 write_addr=0x3e2f2c8 write_len=4 is_color=1
xemu-perf: metal_surface_dirty vram_addr=0x3ba1000 size=4194304 write_addr=0x3e2f320 write_len=4 is_color=1
xemu-perf: metal_surface_dirty vram_addr=0x3ba1000 size=4194304 write_addr=0x3e2f340 write_len=4 is_color=1
xemu-perf: metal_surface_dirty vram_addr=0x3ba1000 size=4194304 write_addr=0x3e2f2c0 write_len=4 is_color=1
xemu-perf: metal_surface_dirty vram_addr=0x3ba1000 size=4194304 write_addr=0x3e2f320 write_len=4 is_color=1
xemu-perf: metal_surface_dirty vram_addr=0x3ba1000 size=4194304 write_addr=0x3e2f340 write_len=4 is_color=1
xemu-perf: metal_surface_dirty vram_addr=0x3ba1000 size=4194304 write_addr=0x3e2f2c0 write_len=4 is_color=1
xemu-perf: metal_surface_dirty vram_addr=0x3ba1000 size=4194304 write_addr=0x3e2f300 write_len=4 is_color=1
xemu-perf: metal_surface_dirty vram_addr=0x3ba1000 size=4194304 write_addr=0x3e2f340 write_len=4 is_color=1
xemu-perf: metal_surface_dirty vram_addr=0x3ba1000 size=4194304 write_addr=0x3e2f2a8 write_len=4 is_color=1
xemu-perf: metal_surface_dirty vram_addr=0x3ba1000 size=4194304 write_addr=0x3e2f300 write_len=4 is_color=1
xemu-perf: metal_surface_dirty vram_addr=0x3ba1000 size=4194304 write_addr=0x3e2f340 write_len=4 is_color=1
xemu-perf: metal_surface_dirty vram_addr=0x3ba1000 size=4194304 write_addr=0x3e2f2e8 write_len=4 is_color=1
xemu-perf: metal_surface_dirty vram_addr=0x3ba1000 size=4194304 write_addr=0x3e2f340 write_len=4 is_color=1
xemu-perf: metal_screenshot_written path=docs/apple-silicon/task-16-evidence-2026-05-21/cycle4-sampler-rt/harness-final/swizzle-mipmap/metal/screenshots/swizzle-mipmap.0215.png w=640 h=480
xemu-perf: metal_surface_dirty vram_addr=0x3ba1000 size=4194304 write_addr=0x3e2f2a0 write_len=4 is_color=1
xemu-perf: metal_surface_dirty vram_addr=0x3ba1000 size=4194304 write_addr=0x3e2f2d0 write_len=4 is_color=1
xemu-perf: metal_surface_dirty vram_addr=0x3ba1000 size=4194304 write_addr=0x3e2f300 write_len=4 is_color=1
xemu-perf: metal_surface_dirty vram_addr=0x3ba1000 size=4194304 write_addr=0x3e2f340 write_len=4 is_color=1
xemu-perf: metal_surface_dirty vram_addr=0x3ba1000 size=4194304 write_addr=0x3e2f2a0 write_len=4 is_color=1
xemu-perf: metal_surface_dirty vram_addr=0x3ba1000 size=4194304 write_addr=0x3e2f2e0 write_len=4 is_color=1
xemu-perf: metal_surface_dirty vram_addr=0x3ba1000 size=4194304 write_addr=0x3e2f328 write_len=4 is_color=1
xemu-perf: metal_surface_dirty vram_addr=0x3ba1000 size=4194304 write_addr=0x3e2f340 write_len=4 is_color=1
xemu-perf: metal_surface_dirty vram_addr=0x3ba1000 size=4194304 write_addr=0x3e2f288 write_len=4 is_color=1
xemu-perf: metal_surface_dirty vram_addr=0x3ba1000 size=4194304 write_addr=0x3e2f2c8 write_len=4 is_color=1
xemu-perf: metal_surface_dirty vram_addr=0x3ba1000 size=4194304 write_addr=0x3e2f2e8 write_len=4 is_color=1
xemu-perf: metal_surface_dirty vram_addr=0x3ba1000 size=4194304 write_addr=0x3e2f340 write_len=4 is_color=1
xemu-perf: metal_surface_dirty vram_addr=0x3ba1000 size=4194304 write_addr=0x3e2f29c write_len=4 is_color=1
xemu-perf: metal_surface_dirty vram_addr=0x3ba1000 size=4194304 write_addr=0x3e2f2e0 write_len=4 is_color=1
xemu-perf: metal_surface_dirty vram_addr=0x3ba1000 size=4194304 write_addr=0x3e2f320 write_len=4 is_color=1
xemu-perf: metal_surface_dirty vram_addr=0x3ba1000 size=4194304 write_addr=0x3e2f340 write_len=4 is_color=1
xemu-perf: metal_surface_dirty vram_addr=0x3ba1000 size=4194304 write_addr=0x3e2f298 write_len=4 is_color=1
xemu-perf: metal_surface_dirty vram_addr=0x3ba1000 size=4194304 write_addr=0x3e2f2e8 write_len=4 is_color=1
xemu-perf: metal_surface_dirty vram_addr=0x3ba1000 size=4194304 write_addr=0x3e2f340 write_len=4 is_color=1
xemu-perf: metal_screenshot_written path=docs/apple-silicon/task-16-evidence-2026-05-21/cycle4-sampler-rt/harness-final/swizzle-mipmap/metal/screenshots/swizzle-mipmap.0216.png w=640 h=480
xemu-perf: metal_surface_dirty vram_addr=0x3ba1000 size=4194304 write_addr=0x3e2f280 write_len=4 is_color=1
xemu-perf: metal_surface_dirty vram_addr=0x3ba1000 size=4194304 write_addr=0x3e2f2c8 write_len=4 is_color=1
xemu-perf: metal_surface_dirty vram_addr=0x3ba1000 size=4194304 write_addr=0x3e2f320 write_len=4 is_color=1
xemu-perf: metal_surface_dirty vram_addr=0x3ba1000 size=4194304 write_addr=0x3e2f340 write_len=4 is_color=1
xemu-perf: metal_surface_dirty vram_addr=0x3ba1000 size=4194304 write_addr=0x3e2f2a8 write_len=4 is_color=1
xemu-perf: metal_surface_dirty vram_addr=0x3ba1000 size=4194304 write_addr=0x3e2f2c8 write_len=4 is_color=1
xemu-perf: metal_surface_dirty vram_addr=0x3ba1000 size=4194304 write_addr=0x3e2f2e8 write_len=4 is_color=1
xemu-perf: metal_surface_dirty vram_addr=0x3ba1000 size=4194304 write_addr=0x3e2f300 write_len=4 is_color=1
xemu-perf: metal_surface_dirty vram_addr=0x3ba1000 size=4194304 write_addr=0x3e2f328 write_len=4 is_color=1
xemu-perf: metal_surface_dirty vram_addr=0x3ba1000 size=4194304 write_addr=0x3e2f340 write_len=4 is_color=1
xemu-perf: metal_surface_dirty vram_addr=0x3ba1000 size=4194304 write_addr=0x3e2f288 write_len=4 is_color=1
xemu-perf: metal_surface_dirty vram_addr=0x3ba1000 size=4194304 write_addr=0x3e2f340 write_len=4 is_color=1
xemu-perf: metal_surface_dirty vram_addr=0x3ba1000 size=4194304 write_addr=0x3e2f288 write_len=4 is_color=1
xemu-perf: metal_surface_dirty vram_addr=0x3ba1000 size=4194304 write_addr=0x3e2f2e0 write_len=4 is_color=1
xemu-perf: metal_surface_dirty vram_addr=0x3ba1000 size=4194304 write_addr=0x3e2f320 write_len=4 is_color=1
xemu-perf: metal_surface_dirty vram_addr=0x3ba1000 size=4194304 write_addr=0x3e2f340 write_len=4 is_color=1
xemu-perf: metal_surface_dirty vram_addr=0x3ba1000 size=4194304 write_addr=0x3e2f290 write_len=4 is_color=1
xemu-perf: metal_surface_dirty vram_addr=0x3ba1000 size=4194304 write_addr=0x3e2f2c8 write_len=4 is_color=1
xemu-perf: metal_surface_dirty vram_addr=0x3ba1000 size=4194304 write_addr=0x3e2f340 write_len=4 is_color=1
xemu-perf: metal_screenshot_written path=docs/apple-silicon/task-16-evidence-2026-05-21/cycle4-sampler-rt/harness-final/swizzle-mipmap/metal/screenshots/swizzle-mipmap.0217.png w=640 h=480
xemu-perf: metal_surface_dirty vram_addr=0x3ba1000 size=4194304 write_addr=0x3e2f2d0 write_len=4 is_color=1
xemu-perf: metal_surface_dirty vram_addr=0x3ba1000 size=4194304 write_addr=0x3e2f310 write_len=4 is_color=1
xemu-perf: metal_surface_dirty vram_addr=0x3ba1000 size=4194304 write_addr=0x3e2f340 write_len=4 is_color=1
xemu-perf: metal_surface_dirty vram_addr=0x3ba1000 size=4194304 write_addr=0x3e2f298 write_len=4 is_color=1
xemu-perf: metal_surface_dirty vram_addr=0x3ba1000 size=4194304 write_addr=0x3e2f308 write_len=4 is_color=1
xemu-perf: metal_surface_dirty vram_addr=0x3ba1000 size=4194304 write_addr=0x3e2f320 write_len=4 is_color=1
xemu-perf: metal_surface_dirty vram_addr=0x3ba1000 size=4194304 write_addr=0x3e2f340 write_len=4 is_color=1
xemu-perf: metal_surface_dirty vram_addr=0x3ba1000 size=4194304 write_addr=0x3e2f290 write_len=4 is_color=1
xemu-perf: metal_surface_dirty vram_addr=0x3ba1000 size=4194304 write_addr=0x3e2f340 write_len=4 is_color=1
xemu-perf: metal_surface_dirty vram_addr=0x3ba1000 size=4194304 write_addr=0x3e2f290 write_len=4 is_color=1
xemu-perf: metal_surface_dirty vram_addr=0x3ba1000 size=4194304 write_addr=0x3e2f2e0 write_len=4 is_color=1
xemu-perf: metal_surface_dirty vram_addr=0x3ba1000 size=4194304 write_addr=0x3e2f340 write_len=4 is_color=1
xemu-perf: metal_surface_dirty vram_addr=0x3ba1000 size=4194304 write_addr=0x3e2f2c0 write_len=4 is_color=1
xemu-perf: metal_surface_dirty vram_addr=0x3ba1000 size=4194304 write_addr=0x3e2f314 write_len=4 is_color=1
xemu-perf: metal_surface_dirty vram_addr=0x3ba1000 size=4194304 write_addr=0x3e2f340 write_len=4 is_color=1
xemu-perf: metal_screenshot_written path=docs/apple-silicon/task-16-evidence-2026-05-21/cycle4-sampler-rt/harness-final/swizzle-mipmap/metal/screenshots/swizzle-mipmap.0218.png w=640 h=480
xemu-perf: metal_surface_dirty vram_addr=0x3ba1000 size=4194304 write_addr=0x3e2f284 write_len=4 is_color=1
xemu-perf: metal_surface_dirty vram_addr=0x3ba1000 size=4194304 write_addr=0x3e2f2a0 write_len=4 is_color=1
xemu-perf: metal_surface_dirty vram_addr=0x3ba1000 size=4194304 write_addr=0x3e2f340 write_len=4 is_color=1
xemu-perf: metal_surface_dirty vram_addr=0x3ba1000 size=4194304 write_addr=0x3e2f288 write_len=4 is_color=1
xemu-perf: metal_surface_dirty vram_addr=0x3ba1000 size=4194304 write_addr=0x3e2f308 write_len=4 is_color=1
xemu-perf: metal_surface_dirty vram_addr=0x3ba1000 size=4194304 write_addr=0x3e2f340 write_len=4 is_color=1
xemu-perf: metal_surface_dirty vram_addr=0x3ba1000 size=4194304 write_addr=0x3e2f2c0 write_len=4 is_color=1
xemu-perf: metal_surface_dirty vram_addr=0x3ba1000 size=4194304 write_addr=0x3e2f300 write_len=4 is_color=1
xemu-perf: metal_surface_dirty vram_addr=0x3ba1000 size=4194304 write_addr=0x3e2f340 write_len=4 is_color=1
xemu-perf: metal_surface_dirty vram_addr=0x3ba1000 size=4194304 write_addr=0x3e2f2a8 write_len=4 is_color=1
xemu-perf: metal_surface_dirty vram_addr=0x3ba1000 size=4194304 write_addr=0x3e2f340 write_len=4 is_color=1
xemu-perf: metal_surface_dirty vram_addr=0x3ba1000 size=4194304 write_addr=0x3e2f2c0 write_len=4 is_color=1
xemu-perf: metal_surface_dirty vram_addr=0x3ba1000 size=4194304 write_addr=0x3e2f300 write_len=4 is_color=1
xemu-perf: metal_surface_dirty vram_addr=0x3ba1000 size=4194304 write_addr=0x3e2f340 write_len=4 is_color=1
xemu-perf: metal_screenshot_written path=docs/apple-silicon/task-16-evidence-2026-05-21/cycle4-sampler-rt/harness-final/swizzle-mipmap/metal/screenshots/swizzle-mipmap.0219.png w=640 h=480
xemu-perf: metal_surface_dirty vram_addr=0x3ba1000 size=4194304 write_addr=0x3e2f2c0 write_len=4 is_color=1
xemu-perf: metal_surface_dirty vram_addr=0x3ba1000 size=4194304 write_addr=0x3e2f300 write_len=4 is_color=1
xemu-perf: metal_surface_dirty vram_addr=0x3ba1000 size=4194304 write_addr=0x3e2f340 write_len=4 is_color=1
xemu-perf: metal_surface_dirty vram_addr=0x3ba1000 size=4194304 write_addr=0x3e2f288 write_len=4 is_color=1
xemu-perf: metal_surface_dirty vram_addr=0x3ba1000 size=4194304 write_addr=0x3e2f328 write_len=4 is_color=1
xemu-perf: metal_surface_dirty vram_addr=0x3ba1000 size=4194304 write_addr=0x3e2f340 write_len=4 is_color=1
xemu-perf: metal_surface_dirty vram_addr=0x3ba1000 size=4194304 write_addr=0x3e2f290 write_len=4 is_color=1
xemu-perf: metal_surface_dirty vram_addr=0x3ba1000 size=4194304 write_addr=0x3e2f338 write_len=4 is_color=1
xemu-perf: metal_surface_dirty vram_addr=0x3ba1000 size=4194304 write_addr=0x3e2f340 write_len=4 is_color=1
xemu-perf: metal_surface_dirty vram_addr=0x3ba1000 size=4194304 write_addr=0x3e2f2c8 write_len=4 is_color=1
xemu-perf: metal_surface_dirty vram_addr=0x3ba1000 size=4194304 write_addr=0x3e2f328 write_len=4 is_color=1
xemu-perf: metal_surface_dirty vram_addr=0x3ba1000 size=4194304 write_addr=0x3e2f340 write_len=4 is_color=1
xemu-perf: metal_surface_dirty vram_addr=0x3ba1000 size=4194304 write_addr=0x3e2f2a8 write_len=4 is_color=1
xemu-perf: metal_surface_dirty vram_addr=0x3ba1000 size=4194304 write_addr=0x3e2f300 write_len=4 is_color=1
xemu-perf: metal_surface_dirty vram_addr=0x3ba1000 size=4194304 write_addr=0x3e2f340 write_len=4 is_color=1
xemu-perf: metal_screenshot_written path=docs/apple-silicon/task-16-evidence-2026-05-21/cycle4-sampler-rt/harness-final/swizzle-mipmap/metal/screenshots/swizzle-mipmap.0220.png w=640 h=480
xemu-perf: metal_surface_dirty vram_addr=0x3ba1000 size=4194304 write_addr=0x3e2f2d0 write_len=4 is_color=1
xemu-perf: metal_surface_dirty vram_addr=0x3ba1000 size=4194304 write_addr=0x3e2f328 write_len=4 is_color=1
xemu-perf: metal_surface_dirty vram_addr=0x3ba1000 size=4194304 write_addr=0x3e2f340 write_len=4 is_color=1
xemu-perf: metal_surface_dirty vram_addr=0x3ba1000 size=4194304 write_addr=0x3e2f2c0 write_len=4 is_color=1
xemu-perf: metal_surface_dirty vram_addr=0x3ba1000 size=4194304 write_addr=0x3e2f300 write_len=4 is_color=1
xemu-perf: metal_surface_dirty vram_addr=0x3ba1000 size=4194304 write_addr=0x3e2f340 write_len=4 is_color=1
xemu-perf: metal_surface_dirty vram_addr=0x3ba1000 size=4194304 write_addr=0x3e2f288 write_len=4 is_color=1
xemu-perf: metal_surface_dirty vram_addr=0x3ba1000 size=4194304 write_addr=0x3e2f2c0 write_len=4 is_color=1
xemu-perf: metal_surface_dirty vram_addr=0x3ba1000 size=4194304 write_addr=0x3e2f2f0 write_len=4 is_color=1
xemu-perf: metal_surface_dirty vram_addr=0x3ba1000 size=4194304 write_addr=0x3e2f340 write_len=4 is_color=1
xemu-perf: metal_surface_dirty vram_addr=0x3ba1000 size=4194304 write_addr=0x3e2f2d0 write_len=4 is_color=1
xemu-perf: metal_surface_dirty vram_addr=0x3ba1000 size=4194304 write_addr=0x3e2f2e0 write_len=4 is_color=1
xemu-perf: metal_surface_dirty vram_addr=0x3ba1000 size=4194304 write_addr=0x3e2f330 write_len=4 is_color=1
xemu-perf: metal_surface_dirty vram_addr=0x3ba1000 size=4194304 write_addr=0x3e2f340 write_len=4 is_color=1
xemu-perf: metal_surface_dirty vram_addr=0x3ba1000 size=4194304 write_addr=0x3e2f280 write_len=4 is_color=1
xemu-perf: metal_surface_dirty vram_addr=0x3ba1000 size=4194304 write_addr=0x3e2f320 write_len=4 is_color=1
xemu-perf: metal_surface_dirty vram_addr=0x3ba1000 size=4194304 write_addr=0x3e2f340 write_len=4 is_color=1
xemu-perf: metal_screenshot_written path=docs/apple-silicon/task-16-evidence-2026-05-21/cycle4-sampler-rt/harness-final/swizzle-mipmap/metal/screenshots/swizzle-mipmap.0221.png w=640 h=480
xemu-perf: metal_surface_dirty vram_addr=0x3ba1000 size=4194304 write_addr=0x3e2f2a8 write_len=4 is_color=1
xemu-perf: metal_surface_dirty vram_addr=0x3ba1000 size=4194304 write_addr=0x3e2f340 write_len=4 is_color=1
xemu-perf: metal_surface_dirty vram_addr=0x3ba1000 size=4194304 write_addr=0x3e2f290 write_len=4 is_color=1
xemu-perf: metal_surface_dirty vram_addr=0x3ba1000 size=4194304 write_addr=0x3e2f320 write_len=4 is_color=1
xemu-perf: metal_surface_dirty vram_addr=0x3ba1000 size=4194304 write_addr=0x3e2f340 write_len=4 is_color=1
xemu-perf: metal_surface_dirty vram_addr=0x3ba1000 size=4194304 write_addr=0x3e2f290 write_len=4 is_color=1
xemu-perf: metal_surface_dirty vram_addr=0x3ba1000 size=4194304 write_addr=0x3e2f2c8 write_len=4 is_color=1
xemu-perf: metal_surface_dirty vram_addr=0x3ba1000 size=4194304 write_addr=0x3e2f300 write_len=4 is_color=1
xemu-perf: metal_surface_dirty vram_addr=0x3ba1000 size=4194304 write_addr=0x3e2f340 write_len=4 is_color=1
xemu-perf: metal_surface_dirty vram_addr=0x3ba1000 size=4194304 write_addr=0x3e2f2c8 write_len=4 is_color=1
xemu-perf: metal_surface_dirty vram_addr=0x3ba1000 size=4194304 write_addr=0x3e2f328 write_len=4 is_color=1
xemu-perf: metal_surface_dirty vram_addr=0x3ba1000 size=4194304 write_addr=0x3e2f340 write_len=4 is_color=1
xemu-perf: metal_surface_dirty vram_addr=0x3ba1000 size=4194304 write_addr=0x3e2f288 write_len=4 is_color=1
xemu-perf: metal_surface_dirty vram_addr=0x3ba1000 size=4194304 write_addr=0x3e2f2c0 write_len=4 is_color=1
xemu-perf: metal_surface_dirty vram_addr=0x3ba1000 size=4194304 write_addr=0x3e2f308 write_len=4 is_color=1
xemu-perf: metal_surface_dirty vram_addr=0x3ba1000 size=4194304 write_addr=0x3e2f340 write_len=4 is_color=1
xemu-perf: metal_screenshot_written path=docs/apple-silicon/task-16-evidence-2026-05-21/cycle4-sampler-rt/harness-final/swizzle-mipmap/metal/screenshots/swizzle-mipmap.0222.png w=640 h=480
xemu-perf: metal_surface_dirty vram_addr=0x3ba1000 size=4194304 write_addr=0x3e2f2c8 write_len=4 is_color=1
xemu-perf: metal_surface_dirty vram_addr=0x3ba1000 size=4194304 write_addr=0x3e2f320 write_len=4 is_color=1
xemu-perf: metal_surface_dirty vram_addr=0x3ba1000 size=4194304 write_addr=0x3e2f340 write_len=4 is_color=1
xemu-perf: metal_surface_dirty vram_addr=0x3ba1000 size=4194304 write_addr=0x3e2f2c8 write_len=4 is_color=1
xemu-perf: metal_surface_dirty vram_addr=0x3ba1000 size=4194304 write_addr=0x3e2f320 write_len=4 is_color=1
xemu-perf: metal_surface_dirty vram_addr=0x3ba1000 size=4194304 write_addr=0x3e2f340 write_len=4 is_color=1
xemu-perf: metal_surface_dirty vram_addr=0x3ba1000 size=4194304 write_addr=0x3e2f288 write_len=4 is_color=1
xemu-perf: metal_surface_dirty vram_addr=0x3ba1000 size=4194304 write_addr=0x3e2f340 write_len=4 is_color=1
xemu-perf: metal_surface_dirty vram_addr=0x3ba1000 size=4194304 write_addr=0x3e2f2a0 write_len=4 is_color=1
xemu-perf: metal_surface_dirty vram_addr=0x3ba1000 size=4194304 write_addr=0x3e2f2e0 write_len=4 is_color=1
xemu-perf: metal_surface_dirty vram_addr=0x3ba1000 size=4194304 write_addr=0x3e2f320 write_len=4 is_color=1
xemu-perf: metal_surface_dirty vram_addr=0x3ba1000 size=4194304 write_addr=0x3e2f340 write_len=4 is_color=1
xemu-perf: metal_surface_dirty vram_addr=0x3ba1000 size=4194304 write_addr=0x3e2f2a8 write_len=4 is_color=1
xemu-perf: metal_surface_dirty vram_addr=0x3ba1000 size=4194304 write_addr=0x3e2f308 write_len=4 is_color=1
xemu-perf: metal_surface_dirty vram_addr=0x3ba1000 size=4194304 write_addr=0x3e2f340 write_len=4 is_color=1
xemu-perf: metal_screenshot_written path=docs/apple-silicon/task-16-evidence-2026-05-21/cycle4-sampler-rt/harness-final/swizzle-mipmap/metal/screenshots/swizzle-mipmap.0223.png w=640 h=480
xemu-perf: metal_surface_dirty vram_addr=0x3ba1000 size=4194304 write_addr=0x3e2f2d0 write_len=4 is_color=1
xemu-perf: metal_surface_dirty vram_addr=0x3ba1000 size=4194304 write_addr=0x3e2f320 write_len=4 is_color=1
xemu-perf: metal_surface_dirty vram_addr=0x3ba1000 size=4194304 write_addr=0x3e2f340 write_len=4 is_color=1
xemu-perf: metal_surface_dirty vram_addr=0x3ba1000 size=4194304 write_addr=0x3e2f2a0 write_len=4 is_color=1
xemu-perf: metal_surface_dirty vram_addr=0x3ba1000 size=4194304 write_addr=0x3e2f304 write_len=4 is_color=1
xemu-perf: metal_surface_dirty vram_addr=0x3ba1000 size=4194304 write_addr=0x3e2f340 write_len=4 is_color=1
xemu-perf: metal_surface_dirty vram_addr=0x3ba1000 size=4194304 write_addr=0x3e2f2c0 write_len=4 is_color=1
xemu-perf: metal_surface_dirty vram_addr=0x3ba1000 size=4194304 write_addr=0x3e2f300 write_len=4 is_color=1
xemu-perf: metal_surface_dirty vram_addr=0x3ba1000 size=4194304 write_addr=0x3e2f340 write_len=4 is_color=1
xemu-perf: metal_surface_dirty vram_addr=0x3ba1000 size=4194304 write_addr=0x3e2f294 write_len=4 is_color=1
xemu-perf: metal_surface_dirty vram_addr=0x3ba1000 size=4194304 write_addr=0x3e2f2e0 write_len=4 is_color=1
xemu-perf: metal_surface_dirty vram_addr=0x3ba1000 size=4194304 write_addr=0x3e2f320 write_len=4 is_color=1
xemu-perf: metal_surface_dirty vram_addr=0x3ba1000 size=4194304 write_addr=0x3e2f340 write_len=4 is_color=1
xemu-perf: metal_surface_dirty vram_addr=0x3ba1000 size=4194304 write_addr=0x3e2f288 write_len=4 is_color=1
xemu-perf: metal_surface_dirty vram_addr=0x3ba1000 size=4194304 write_addr=0x3e2f308 write_len=4 is_color=1
xemu-perf: metal_surface_dirty vram_addr=0x3ba1000 size=4194304 write_addr=0x3e2f340 write_len=4 is_color=1
xemu-perf: metal_screenshot_written path=docs/apple-silicon/task-16-evidence-2026-05-21/cycle4-sampler-rt/harness-final/swizzle-mipmap/metal/screenshots/swizzle-mipmap.0224.png w=640 h=480
xemu-perf: metal_surface_dirty vram_addr=0x3ba1000 size=4194304 write_addr=0x3e2f280 write_len=4 is_color=1
xemu-perf: metal_surface_dirty vram_addr=0x3ba1000 size=4194304 write_addr=0x3e2f2c8 write_len=4 is_color=1
xemu-perf: metal_surface_dirty vram_addr=0x3ba1000 size=4194304 write_addr=0x3e2f320 write_len=4 is_color=1
xemu-perf: metal_surface_dirty vram_addr=0x3ba1000 size=4194304 write_addr=0x3e2f340 write_len=4 is_color=1
xemu-perf: metal_surface_dirty vram_addr=0x3ba1000 size=4194304 write_addr=0x3e2f2b0 write_len=4 is_color=1
xemu-perf: metal_surface_dirty vram_addr=0x3ba1000 size=4194304 write_addr=0x3e2f340 write_len=4 is_color=1
xemu-perf: metal_surface_dirty vram_addr=0x3ba1000 size=4194304 write_addr=0x3e2f2c8 write_len=4 is_color=1
xemu-perf: metal_surface_dirty vram_addr=0x3ba1000 size=4194304 write_addr=0x3e2f328 write_len=4 is_color=1
xemu-perf: metal_surface_dirty vram_addr=0x3ba1000 size=4194304 write_addr=0x3e2f340 write_len=4 is_color=1
xemu-perf: metal_surface_dirty vram_addr=0x3ba1000 size=4194304 write_addr=0x3e2f2c8 write_len=4 is_color=1
xemu-perf: metal_surface_dirty vram_addr=0x3ba1000 size=4194304 write_addr=0x3e2f320 write_len=4 is_color=1
xemu-perf: metal_surface_dirty vram_addr=0x3ba1000 size=4194304 write_addr=0x3e2f340 write_len=4 is_color=1
xemu-perf: metal_surface_dirty vram_addr=0x3ba1000 size=4194304 write_addr=0x3e2f288 write_len=4 is_color=1
xemu-perf: metal_surface_dirty vram_addr=0x3ba1000 size=4194304 write_addr=0x3e2f2a8 write_len=4 is_color=1
xemu-perf: metal_surface_dirty vram_addr=0x3ba1000 size=4194304 write_addr=0x3e2f320 write_len=4 is_color=1
xemu-perf: metal_surface_dirty vram_addr=0x3ba1000 size=4194304 write_addr=0x3e2f340 write_len=4 is_color=1
xemu-perf: metal_screenshot_written path=docs/apple-silicon/task-16-evidence-2026-05-21/cycle4-sampler-rt/harness-final/swizzle-mipmap/metal/screenshots/swizzle-mipmap.0225.png w=640 h=480
xemu-perf: metal_surface_dirty vram_addr=0x3ba1000 size=4194304 write_addr=0x3e2f290 write_len=4 is_color=1
xemu-perf: metal_surface_dirty vram_addr=0x3ba1000 size=4194304 write_addr=0x3e2f2e8 write_len=4 is_color=1
xemu-perf: metal_surface_dirty vram_addr=0x3ba1000 size=4194304 write_addr=0x3e2f330 write_len=4 is_color=1
xemu-perf: metal_surface_dirty vram_addr=0x3ba1000 size=4194304 write_addr=0x3e2f340 write_len=4 is_color=1
xemu-perf: metal_surface_dirty vram_addr=0x3ba1000 size=4194304 write_addr=0x3e2f2c8 write_len=4 is_color=1
xemu-perf: metal_surface_dirty vram_addr=0x3ba1000 size=4194304 write_addr=0x3e2f320 write_len=4 is_color=1
xemu-perf: metal_surface_dirty vram_addr=0x3ba1000 size=4194304 write_addr=0x3e2f340 write_len=4 is_color=1
xemu-perf: metal_surface_dirty vram_addr=0x3ba1000 size=4194304 write_addr=0x3e2f2c0 write_len=4 is_color=1
xemu-perf: metal_surface_dirty vram_addr=0x3ba1000 size=4194304 write_addr=0x3e2f308 write_len=4 is_color=1
xemu-perf: metal_surface_dirty vram_addr=0x3ba1000 size=4194304 write_addr=0x3e2f340 write_len=4 is_color=1
xemu-perf: metal_surface_dirty vram_addr=0x3ba1000 size=4194304 write_addr=0x3e2f2c0 write_len=4 is_color=1
xemu-perf: metal_surface_dirty vram_addr=0x3ba1000 size=4194304 write_addr=0x3e2f300 write_len=4 is_color=1
xemu-perf: metal_surface_dirty vram_addr=0x3ba1000 size=4194304 write_addr=0x3e2f328 write_len=4 is_color=1
xemu-perf: metal_surface_dirty vram_addr=0x3ba1000 size=4194304 write_addr=0x3e2f340 write_len=4 is_color=1
xemu-perf: metal_surface_dirty vram_addr=0x3ba1000 size=4194304 write_addr=0x3e2f2a8 write_len=4 is_color=1
xemu-perf: metal_surface_dirty vram_addr=0x3ba1000 size=4194304 write_addr=0x3e2f308 write_len=4 is_color=1
xemu-perf: metal_surface_dirty vram_addr=0x3ba1000 size=4194304 write_addr=0x3e2f340 write_len=4 is_color=1
xemu-perf: metal_screenshot_written path=docs/apple-silicon/task-16-evidence-2026-05-21/cycle4-sampler-rt/harness-final/swizzle-mipmap/metal/screenshots/swizzle-mipmap.0226.png w=640 h=480
xemu-perf: metal_surface_dirty vram_addr=0x3ba1000 size=4194304 write_addr=0x3e2f290 write_len=4 is_color=1
xemu-perf: metal_surface_dirty vram_addr=0x3ba1000 size=4194304 write_addr=0x3e2f2e0 write_len=4 is_color=1
xemu-perf: metal_surface_dirty vram_addr=0x3ba1000 size=4194304 write_addr=0x3e2f300 write_len=4 is_color=1
xemu-perf: metal_surface_dirty vram_addr=0x3ba1000 size=4194304 write_addr=0x3e2f340 write_len=4 is_color=1
xemu-perf: metal_surface_dirty vram_addr=0x3ba1000 size=4194304 write_addr=0x3e2f284 write_len=4 is_color=1
xemu-perf: metal_surface_dirty vram_addr=0x3ba1000 size=4194304 write_addr=0x3e2f300 write_len=4 is_color=1
xemu-perf: metal_surface_dirty vram_addr=0x3ba1000 size=4194304 write_addr=0x3e2f328 write_len=4 is_color=1
xemu-perf: metal_surface_dirty vram_addr=0x3ba1000 size=4194304 write_addr=0x3e2f340 write_len=4 is_color=1
xemu-perf: metal_surface_dirty vram_addr=0x3ba1000 size=4194304 write_addr=0x3e2f298 write_len=4 is_color=1
xemu-perf: metal_surface_dirty vram_addr=0x3ba1000 size=4194304 write_addr=0x3e2f2e8 write_len=4 is_color=1
xemu-perf: metal_surface_dirty vram_addr=0x3ba1000 size=4194304 write_addr=0x3e2f310 write_len=4 is_color=1
xemu-perf: metal_surface_dirty vram_addr=0x3ba1000 size=4194304 write_addr=0x3e2f330 write_len=4 is_color=1
xemu-perf: metal_surface_dirty vram_addr=0x3ba1000 size=4194304 write_addr=0x3e2f340 write_len=4 is_color=1
xemu-perf: metal_surface_dirty vram_addr=0x3ba1000 size=4194304 write_addr=0x3e2f280 write_len=4 is_color=1
xemu-perf: metal_surface_dirty vram_addr=0x3ba1000 size=4194304 write_addr=0x3e2f2c8 write_len=4 is_color=1
xemu-perf: metal_surface_dirty vram_addr=0x3ba1000 size=4194304 write_addr=0x3e2f340 write_len=4 is_color=1
xemu-perf: metal_surface_dirty vram_addr=0x3ba1000 size=4194304 write_addr=0x3e2f29c write_len=4 is_color=1
xemu-perf: metal_surface_dirty vram_addr=0x3ba1000 size=4194304 write_addr=0x3e2f2e8 write_len=4 is_color=1
xemu-perf: metal_surface_dirty vram_addr=0x3ba1000 size=4194304 write_addr=0x3e2f340 write_len=4 is_color=1
xemu-perf: metal_screenshot_written path=docs/apple-silicon/task-16-evidence-2026-05-21/cycle4-sampler-rt/harness-final/swizzle-mipmap/metal/screenshots/swizzle-mipmap.0227.png w=640 h=480
xemu-perf: metal_surface_dirty vram_addr=0x3ba1000 size=4194304 write_addr=0x3e2f2c0 write_len=4 is_color=1
xemu-perf: metal_surface_dirty vram_addr=0x3ba1000 size=4194304 write_addr=0x3e2f2e8 write_len=4 is_color=1
xemu-perf: metal_surface_dirty vram_addr=0x3ba1000 size=4194304 write_addr=0x3e2f314 write_len=4 is_color=1
xemu-perf: metal_surface_dirty vram_addr=0x3ba1000 size=4194304 write_addr=0x3e2f340 write_len=4 is_color=1
xemu-perf: metal_surface_dirty vram_addr=0x3ba1000 size=4194304 write_addr=0x3e2f290 write_len=4 is_color=1
xemu-perf: metal_surface_dirty vram_addr=0x3ba1000 size=4194304 write_addr=0x3e2f2e8 write_len=4 is_color=1
xemu-perf: metal_surface_dirty vram_addr=0x3ba1000 size=4194304 write_addr=0x3e2f340 write_len=4 is_color=1
xemu-perf: metal_surface_dirty vram_addr=0x3ba1000 size=4194304 write_addr=0x3e2f2a0 write_len=4 is_color=1
xemu-perf: metal_surface_dirty vram_addr=0x3ba1000 size=4194304 write_addr=0x3e2f320 write_len=4 is_color=1
xemu-perf: metal_surface_dirty vram_addr=0x3ba1000 size=4194304 write_addr=0x3e2f340 write_len=4 is_color=1
xemu-perf: metal_surface_dirty vram_addr=0x3ba1000 size=4194304 write_addr=0x3e2f2b0 write_len=4 is_color=1
xemu-perf: metal_surface_dirty vram_addr=0x3ba1000 size=4194304 write_addr=0x3e2f320 write_len=4 is_color=1
xemu-perf: metal_surface_dirty vram_addr=0x3ba1000 size=4194304 write_addr=0x3e2f340 write_len=4 is_color=1
xemu-perf: metal_surface_dirty vram_addr=0x3ba1000 size=4194304 write_addr=0x3e2f280 write_len=4 is_color=1
xemu-perf: metal_surface_dirty vram_addr=0x3ba1000 size=4194304 write_addr=0x3e2f328 write_len=4 is_color=1
xemu-perf: metal_surface_dirty vram_addr=0x3ba1000 size=4194304 write_addr=0x3e2f340 write_len=4 is_color=1
xemu-perf: metal_screenshot_written path=docs/apple-silicon/task-16-evidence-2026-05-21/cycle4-sampler-rt/harness-final/swizzle-mipmap/metal/screenshots/swizzle-mipmap.0228.png w=640 h=480
xemu-perf: metal_surface_dirty vram_addr=0x3ba1000 size=4194304 write_addr=0x3e2f2c0 write_len=4 is_color=1
xemu-perf: metal_surface_dirty vram_addr=0x3ba1000 size=4194304 write_addr=0x3e2f308 write_len=4 is_color=1
xemu-perf: metal_surface_dirty vram_addr=0x3ba1000 size=4194304 write_addr=0x3e2f340 write_len=4 is_color=1
xemu-perf: metal_surface_dirty vram_addr=0x3ba1000 size=4194304 write_addr=0x3e2f280 write_len=4 is_color=1
xemu-perf: metal_surface_dirty vram_addr=0x3ba1000 size=4194304 write_addr=0x3e2f2e8 write_len=4 is_color=1
xemu-perf: metal_surface_dirty vram_addr=0x3ba1000 size=4194304 write_addr=0x3e2f328 write_len=4 is_color=1
xemu-perf: metal_surface_dirty vram_addr=0x3ba1000 size=4194304 write_addr=0x3e2f340 write_len=4 is_color=1
xemu-perf: metal_surface_dirty vram_addr=0x3ba1000 size=4194304 write_addr=0x3e2f290 write_len=4 is_color=1
xemu-perf: metal_surface_dirty vram_addr=0x3ba1000 size=4194304 write_addr=0x3e2f328 write_len=4 is_color=1
xemu-perf: metal_surface_dirty vram_addr=0x3ba1000 size=4194304 write_addr=0x3e2f340 write_len=4 is_color=1
xemu-perf: metal_surface_dirty vram_addr=0x3ba1000 size=4194304 write_addr=0x3e2f288 write_len=4 is_color=1
xemu-perf: metal_surface_dirty vram_addr=0x3ba1000 size=4194304 write_addr=0x3e2f2e8 write_len=4 is_color=1
xemu-perf: metal_surface_dirty vram_addr=0x3ba1000 size=4194304 write_addr=0x3e2f300 write_len=4 is_color=1
xemu-perf: metal_surface_dirty vram_addr=0x3ba1000 size=4194304 write_addr=0x3e2f340 write_len=4 is_color=1
xemu-perf: metal_surface_dirty vram_addr=0x3ba1000 size=4194304 write_addr=0x3e2f290 write_len=4 is_color=1
xemu-perf: metal_surface_dirty vram_addr=0x3ba1000 size=4194304 write_addr=0x3e2f340 write_len=4 is_color=1
xemu-perf: metal_screenshot_written path=docs/apple-silicon/task-16-evidence-2026-05-21/cycle4-sampler-rt/harness-final/swizzle-mipmap/metal/screenshots/swizzle-mipmap.0229.png w=640 h=480
xemu-perf: metal_surface_dirty vram_addr=0x3ba1000 size=4194304 write_addr=0x3e2f2d0 write_len=4 is_color=1
xemu-perf: metal_surface_dirty vram_addr=0x3ba1000 size=4194304 write_addr=0x3e2f320 write_len=4 is_color=1
xemu-perf: metal_surface_dirty vram_addr=0x3ba1000 size=4194304 write_addr=0x3e2f340 write_len=4 is_color=1
xemu-perf: metal_surface_dirty vram_addr=0x3ba1000 size=4194304 write_addr=0x3e2f288 write_len=4 is_color=1
xemu-perf: metal_surface_dirty vram_addr=0x3ba1000 size=4194304 write_addr=0x3e2f2f4 write_len=4 is_color=1
xemu-perf: metal_surface_dirty vram_addr=0x3ba1000 size=4194304 write_addr=0x3e2f328 write_len=4 is_color=1
xemu-perf: metal_surface_dirty vram_addr=0x3ba1000 size=4194304 write_addr=0x3e2f340 write_len=4 is_color=1
xemu-perf: metal_surface_dirty vram_addr=0x3ba1000 size=4194304 write_addr=0x3e2f290 write_len=4 is_color=1
xemu-perf: metal_surface_dirty vram_addr=0x3ba1000 size=4194304 write_addr=0x3e2f2e0 write_len=4 is_color=1
xemu-perf: metal_surface_dirty vram_addr=0x3ba1000 size=4194304 write_addr=0x3e2f340 write_len=4 is_color=1
xemu-perf: metal_surface_dirty vram_addr=0x3ba1000 size=4194304 write_addr=0x3e2f290 write_len=4 is_color=1
xemu-perf: metal_surface_dirty vram_addr=0x3ba1000 size=4194304 write_addr=0x3e2f2e0 write_len=4 is_color=1
xemu-perf: metal_surface_dirty vram_addr=0x3ba1000 size=4194304 write_addr=0x3e2f320 write_len=4 is_color=1
xemu-perf: metal_surface_dirty vram_addr=0x3ba1000 size=4194304 write_addr=0x3e2f340 write_len=4 is_color=1
xemu-perf: metal_surface_dirty vram_addr=0x3ba1000 size=4194304 write_addr=0x3e2f2a0 write_len=4 is_color=1
xemu-perf: metal_surface_dirty vram_addr=0x3ba1000 size=4194304 write_addr=0x3e2f2e0 write_len=4 is_color=1
xemu-perf: metal_surface_dirty vram_addr=0x3ba1000 size=4194304 write_addr=0x3e2f328 write_len=4 is_color=1
xemu-perf: metal_surface_dirty vram_addr=0x3ba1000 size=4194304 write_addr=0x3e2f340 write_len=4 is_color=1
xemu-perf: metal_screenshot_written path=docs/apple-silicon/task-16-evidence-2026-05-21/cycle4-sampler-rt/harness-final/swizzle-mipmap/metal/screenshots/swizzle-mipmap.0230.png w=640 h=480
xemu-perf: metal_surface_dirty vram_addr=0x3ba1000 size=4194304 write_addr=0x3e2f290 write_len=4 is_color=1
xemu-perf: metal_surface_dirty vram_addr=0x3ba1000 size=4194304 write_addr=0x3e2f2c8 write_len=4 is_color=1
xemu-perf: metal_surface_dirty vram_addr=0x3ba1000 size=4194304 write_addr=0x3e2f340 write_len=4 is_color=1
xemu-perf: metal_surface_dirty vram_addr=0x3ba1000 size=4194304 write_addr=0x3e2f2d0 write_len=4 is_color=1
xemu-perf: metal_surface_dirty vram_addr=0x3ba1000 size=4194304 write_addr=0x3e2f320 write_len=4 is_color=1
xemu-perf: metal_surface_dirty vram_addr=0x3ba1000 size=4194304 write_addr=0x3e2f340 write_len=4 is_color=1
xemu-perf: metal_surface_dirty vram_addr=0x3ba1000 size=4194304 write_addr=0x3e2f280 write_len=4 is_color=1
xemu-perf: metal_surface_dirty vram_addr=0x3ba1000 size=4194304 write_addr=0x3e2f2b0 write_len=4 is_color=1
xemu-perf: metal_surface_dirty vram_addr=0x3ba1000 size=4194304 write_addr=0x3e2f340 write_len=4 is_color=1
xemu-perf: metal_surface_dirty vram_addr=0x3ba1000 size=4194304 write_addr=0x3e2f298 write_len=4 is_color=1
xemu-perf: metal_surface_dirty vram_addr=0x3ba1000 size=4194304 write_addr=0x3e2f2e8 write_len=4 is_color=1
xemu-perf: metal_surface_dirty vram_addr=0x3ba1000 size=4194304 write_addr=0x3e2f2ec write_len=4 is_color=1
xemu-perf: metal_surface_dirty vram_addr=0x3ba1000 size=4194304 write_addr=0x3e2f340 write_len=4 is_color=1
xemu-perf: metal_surface_dirty vram_addr=0x3ba1000 size=4194304 write_addr=0x3e2f29c write_len=4 is_color=1
xemu-perf: metal_surface_dirty vram_addr=0x3ba1000 size=4194304 write_addr=0x3e2f320 write_len=4 is_color=1
xemu-perf: metal_surface_dirty vram_addr=0x3ba1000 size=4194304 write_addr=0x3e2f340 write_len=4 is_color=1
xemu-perf: metal_screenshot_written path=docs/apple-silicon/task-16-evidence-2026-05-21/cycle4-sampler-rt/harness-final/swizzle-mipmap/metal/screenshots/swizzle-mipmap.0231.png w=640 h=480
xemu-perf: metal_surface_dirty vram_addr=0x3ba1000 size=4194304 write_addr=0x3e2f288 write_len=4 is_color=1
xemu-perf: metal_surface_dirty vram_addr=0x3ba1000 size=4194304 write_addr=0x3e2f2e0 write_len=4 is_color=1
xemu-perf: metal_surface_dirty vram_addr=0x3ba1000 size=4194304 write_addr=0x3e2f320 write_len=4 is_color=1
xemu-perf: metal_surface_dirty vram_addr=0x3ba1000 size=4194304 write_addr=0x3e2f340 write_len=4 is_color=1
xemu-perf: metal_surface_dirty vram_addr=0x3ba1000 size=4194304 write_addr=0x3e2f290 write_len=4 is_color=1
xemu-perf: metal_surface_dirty vram_addr=0x3ba1000 size=4194304 write_addr=0x3e2f2b0 write_len=4 is_color=1
xemu-perf: metal_surface_dirty vram_addr=0x3ba1000 size=4194304 write_addr=0x3e2f2d0 write_len=4 is_color=1
xemu-perf: metal_surface_dirty vram_addr=0x3ba1000 size=4194304 write_addr=0x3e2f2e8 write_len=4 is_color=1
xemu-perf: metal_surface_dirty vram_addr=0x3ba1000 size=4194304 write_addr=0x3e2f320 write_len=4 is_color=1
xemu-perf: metal_surface_dirty vram_addr=0x3ba1000 size=4194304 write_addr=0x3e2f340 write_len=4 is_color=1
xemu-perf: metal_surface_dirty vram_addr=0x3ba1000 size=4194304 write_addr=0x3e2f280 write_len=4 is_color=1
xemu-perf: metal_surface_dirty vram_addr=0x3ba1000 size=4194304 write_addr=0x3e2f2c0 write_len=4 is_color=1
xemu-perf: metal_surface_dirty vram_addr=0x3ba1000 size=4194304 write_addr=0x3e2f340 write_len=4 is_color=1
xemu-perf: metal_surface_dirty vram_addr=0x3ba1000 size=4194304 write_addr=0x3e2f2a0 write_len=4 is_color=1
xemu-perf: metal_surface_dirty vram_addr=0x3ba1000 size=4194304 write_addr=0x3e2f328 write_len=4 is_color=1
xemu-perf: metal_surface_dirty vram_addr=0x3ba1000 size=4194304 write_addr=0x3e2f340 write_len=4 is_color=1
xemu-perf: metal_surface_dirty vram_addr=0x3ba1000 size=4194304 write_addr=0x3e2f2d0 write_len=4 is_color=1
xemu-perf: metal_surface_dirty vram_addr=0x3ba1000 size=4194304 write_addr=0x3e2f340 write_len=4 is_color=1
xemu-perf: metal_screenshot_written path=docs/apple-silicon/task-16-evidence-2026-05-21/cycle4-sampler-rt/harness-final/swizzle-mipmap/metal/screenshots/swizzle-mipmap.0232.png w=640 h=480
xemu-perf: metal_surface_dirty vram_addr=0x3ba1000 size=4194304 write_addr=0x3e2f2a8 write_len=4 is_color=1
xemu-perf: metal_surface_dirty vram_addr=0x3ba1000 size=4194304 write_addr=0x3e2f2c8 write_len=4 is_color=1
xemu-perf: metal_surface_dirty vram_addr=0x3ba1000 size=4194304 write_addr=0x3e2f300 write_len=4 is_color=1
xemu-perf: metal_surface_dirty vram_addr=0x3ba1000 size=4194304 write_addr=0x3e2f340 write_len=4 is_color=1
xemu-perf: metal_surface_dirty vram_addr=0x3ba1000 size=4194304 write_addr=0x3e2f2bc write_len=4 is_color=1
xemu-perf: metal_surface_dirty vram_addr=0x3ba1000 size=4194304 write_addr=0x3e2f2c0 write_len=4 is_color=1
xemu-perf: metal_surface_dirty vram_addr=0x3ba1000 size=4194304 write_addr=0x3e2f320 write_len=4 is_color=1
xemu-perf: metal_surface_dirty vram_addr=0x3ba1000 size=4194304 write_addr=0x3e2f340 write_len=4 is_color=1
xemu-perf: metal_surface_dirty vram_addr=0x3ba1000 size=4194304 write_addr=0x3e2f290 write_len=4 is_color=1
xemu-perf: metal_surface_dirty vram_addr=0x3ba1000 size=4194304 write_addr=0x3e2f2e8 write_len=4 is_color=1
xemu-perf: metal_surface_dirty vram_addr=0x3ba1000 size=4194304 write_addr=0x3e2f340 write_len=4 is_color=1
xemu-perf: metal_surface_dirty vram_addr=0x3ba1000 size=4194304 write_addr=0x3e2f288 write_len=4 is_color=1
xemu-perf: metal_surface_dirty vram_addr=0x3ba1000 size=4194304 write_addr=0x3e2f2e0 write_len=4 is_color=1
xemu-perf: metal_surface_dirty vram_addr=0x3ba1000 size=4194304 write_addr=0x3e2f328 write_len=4 is_color=1
xemu-perf: metal_surface_dirty vram_addr=0x3ba1000 size=4194304 write_addr=0x3e2f340 write_len=4 is_color=1
xemu-perf: metal_surface_dirty vram_addr=0x3ba1000 size=4194304 write_addr=0x3e2f2d0 write_len=4 is_color=1
xemu-perf: metal_surface_dirty vram_addr=0x3ba1000 size=4194304 write_addr=0x3e2f320 write_len=4 is_color=1
xemu-perf: metal_surface_dirty vram_addr=0x3ba1000 size=4194304 write_addr=0x3e2f340 write_len=4 is_color=1
xemu-perf: metal_screenshot_written path=docs/apple-silicon/task-16-evidence-2026-05-21/cycle4-sampler-rt/harness-final/swizzle-mipmap/metal/screenshots/swizzle-mipmap.0233.png w=640 h=480
xemu-perf: metal_surface_dirty vram_addr=0x3ba1000 size=4194304 write_addr=0x3e2f2c8 write_len=4 is_color=1
xemu-perf: metal_surface_dirty vram_addr=0x3ba1000 size=4194304 write_addr=0x3e2f318 write_len=4 is_color=1
xemu-perf: metal_surface_dirty vram_addr=0x3ba1000 size=4194304 write_addr=0x3e2f340 write_len=4 is_color=1
xemu-perf: metal_surface_dirty vram_addr=0x3ba1000 size=4194304 write_addr=0x3e2f288 write_len=4 is_color=1
xemu-perf: metal_surface_dirty vram_addr=0x3ba1000 size=4194304 write_addr=0x3e2f300 write_len=4 is_color=1
xemu-perf: metal_surface_dirty vram_addr=0x3ba1000 size=4194304 write_addr=0x3e2f338 write_len=4 is_color=1
xemu-perf: metal_surface_dirty vram_addr=0x3ba1000 size=4194304 write_addr=0x3e2f340 write_len=4 is_color=1
xemu-perf: metal_surface_dirty vram_addr=0x3ba1000 size=4194304 write_addr=0x3e2f2a0 write_len=4 is_color=1
xemu-perf: metal_surface_dirty vram_addr=0x3ba1000 size=4194304 write_addr=0x3e2f2c8 write_len=4 is_color=1
xemu-perf: metal_surface_dirty vram_addr=0x3ba1000 size=4194304 write_addr=0x3e2f308 write_len=4 is_color=1
xemu-perf: metal_surface_dirty vram_addr=0x3ba1000 size=4194304 write_addr=0x3e2f340 write_len=4 is_color=1
xemu-perf: metal_surface_dirty vram_addr=0x3ba1000 size=4194304 write_addr=0x3e2f280 write_len=4 is_color=1
xemu-perf: metal_surface_dirty vram_addr=0x3ba1000 size=4194304 write_addr=0x3e2f2c0 write_len=4 is_color=1
xemu-perf: metal_surface_dirty vram_addr=0x3ba1000 size=4194304 write_addr=0x3e2f2e8 write_len=4 is_color=1
xemu-perf: metal_surface_dirty vram_addr=0x3ba1000 size=4194304 write_addr=0x3e2f340 write_len=4 is_color=1
xemu-perf: metal_surface_dirty vram_addr=0x3ba1000 size=4194304 write_addr=0x3e2f2a8 write_len=4 is_color=1
xemu-perf: metal_surface_dirty vram_addr=0x3ba1000 size=4194304 write_addr=0x3e2f308 write_len=4 is_color=1
xemu-perf: metal_surface_dirty vram_addr=0x3ba1000 size=4194304 write_addr=0x3e2f340 write_len=4 is_color=1
xemu-perf: metal_screenshot_written path=docs/apple-silicon/task-16-evidence-2026-05-21/cycle4-sampler-rt/harness-final/swizzle-mipmap/metal/screenshots/swizzle-mipmap.0234.png w=640 h=480
xemu-perf: metal_surface_dirty vram_addr=0x3ba1000 size=4194304 write_addr=0x3e2f2a8 write_len=4 is_color=1
xemu-perf: metal_surface_dirty vram_addr=0x3ba1000 size=4194304 write_addr=0x3e2f340 write_len=4 is_color=1
xemu-perf: metal_surface_dirty vram_addr=0x3ba1000 size=4194304 write_addr=0x3e2f298 write_len=4 is_color=1
xemu-perf: metal_surface_dirty vram_addr=0x3ba1000 size=4194304 write_addr=0x3e2f340 write_len=4 is_color=1
xemu-perf: metal_surface_dirty vram_addr=0x3ba1000 size=4194304 write_addr=0x3e2f2c8 write_len=4 is_color=1
xemu-perf: metal_surface_dirty vram_addr=0x3ba1000 size=4194304 write_addr=0x3e2f320 write_len=4 is_color=1
xemu-perf: metal_surface_dirty vram_addr=0x3ba1000 size=4194304 write_addr=0x3e2f340 write_len=4 is_color=1
xemu-perf: metal_surface_dirty vram_addr=0x3ba1000 size=4194304 write_addr=0x3e2f288 write_len=4 is_color=1
xemu-perf: metal_surface_dirty vram_addr=0x3ba1000 size=4194304 write_addr=0x3e2f340 write_len=4 is_color=1
xemu-perf: metal_surface_dirty vram_addr=0x3ba1000 size=4194304 write_addr=0x3e2f288 write_len=4 is_color=1
xemu-perf: metal_surface_dirty vram_addr=0x3ba1000 size=4194304 write_addr=0x3e2f308 write_len=4 is_color=1
xemu-perf: metal_surface_dirty vram_addr=0x3ba1000 size=4194304 write_addr=0x3e2f340 write_len=4 is_color=1
xemu-perf: metal_screenshot_written path=docs/apple-silicon/task-16-evidence-2026-05-21/cycle4-sampler-rt/harness-final/swizzle-mipmap/metal/screenshots/swizzle-mipmap.0235.png w=640 h=480
xemu-perf: metal_surface_dirty vram_addr=0x3ba1000 size=4194304 write_addr=0x3e2f288 write_len=4 is_color=1
xemu-perf: metal_surface_dirty vram_addr=0x3ba1000 size=4194304 write_addr=0x3e2f318 write_len=4 is_color=1
xemu-perf: metal_surface_dirty vram_addr=0x3ba1000 size=4194304 write_addr=0x3e2f340 write_len=4 is_color=1
xemu-perf: metal_surface_dirty vram_addr=0x3ba1000 size=4194304 write_addr=0x3e2f2d0 write_len=4 is_color=1
xemu-perf: metal_surface_dirty vram_addr=0x3ba1000 size=4194304 write_addr=0x3e2f320 write_len=4 is_color=1
xemu-perf: metal_surface_dirty vram_addr=0x3ba1000 size=4194304 write_addr=0x3e2f340 write_len=4 is_color=1
xemu-perf: metal_surface_dirty vram_addr=0x3ba1000 size=4194304 write_addr=0x3e2f2c8 write_len=4 is_color=1
xemu-perf: metal_surface_dirty vram_addr=0x3ba1000 size=4194304 write_addr=0x3e2f324 write_len=4 is_color=1
xemu-perf: metal_surface_dirty vram_addr=0x3ba1000 size=4194304 write_addr=0x3e2f328 write_len=4 is_color=1
xemu-perf: metal_surface_dirty vram_addr=0x3ba1000 size=4194304 write_addr=0x3e2f340 write_len=4 is_color=1
xemu-perf: metal_surface_dirty vram_addr=0x3ba1000 size=4194304 write_addr=0x3e2f2c8 write_len=4 is_color=1
xemu-perf: metal_surface_dirty vram_addr=0x3ba1000 size=4194304 write_addr=0x3e2f328 write_len=4 is_color=1
xemu-perf: metal_surface_dirty vram_addr=0x3ba1000 size=4194304 write_addr=0x3e2f340 write_len=4 is_color=1
xemu-perf: metal_surface_dirty vram_addr=0x3ba1000 size=4194304 write_addr=0x3e2f2a0 write_len=4 is_color=1
xemu-perf: metal_surface_dirty vram_addr=0x3ba1000 size=4194304 write_addr=0x3e2f2e0 write_len=4 is_color=1
xemu-perf: metal_surface_dirty vram_addr=0x3ba1000 size=4194304 write_addr=0x3e2f320 write_len=4 is_color=1
xemu-perf: metal_surface_dirty vram_addr=0x3ba1000 size=4194304 write_addr=0x3e2f340 write_len=4 is_color=1
xemu-perf: metal_screenshot_written path=docs/apple-silicon/task-16-evidence-2026-05-21/cycle4-sampler-rt/harness-final/swizzle-mipmap/metal/screenshots/swizzle-mipmap.0236.png w=640 h=480
xemu-perf: metal_surface_dirty vram_addr=0x3ba1000 size=4194304 write_addr=0x3e2f2d0 write_len=4 is_color=1
xemu-perf: metal_surface_dirty vram_addr=0x3ba1000 size=4194304 write_addr=0x3e2f320 write_len=4 is_color=1
xemu-perf: metal_surface_dirty vram_addr=0x3ba1000 size=4194304 write_addr=0x3e2f340 write_len=4 is_color=1
xemu-perf: metal_surface_dirty vram_addr=0x3ba1000 size=4194304 write_addr=0x3e2f2a0 write_len=4 is_color=1
xemu-perf: metal_surface_dirty vram_addr=0x3ba1000 size=4194304 write_addr=0x3e2f2d0 write_len=4 is_color=1
xemu-perf: metal_surface_dirty vram_addr=0x3ba1000 size=4194304 write_addr=0x3e2f2e8 write_len=4 is_color=1
xemu-perf: metal_surface_dirty vram_addr=0x3ba1000 size=4194304 write_addr=0x3e2f320 write_len=4 is_color=1
xemu-perf: metal_surface_dirty vram_addr=0x3ba1000 size=4194304 write_addr=0x3e2f340 write_len=4 is_color=1
xemu-perf: metal_surface_dirty vram_addr=0x3ba1000 size=4194304 write_addr=0x3e2f2a0 write_len=4 is_color=1
xemu-perf: metal_surface_dirty vram_addr=0x3ba1000 size=4194304 write_addr=0x3e2f300 write_len=4 is_color=1
xemu-perf: metal_surface_dirty vram_addr=0x3ba1000 size=4194304 write_addr=0x3e2f340 write_len=4 is_color=1
xemu-perf: metal_surface_dirty vram_addr=0x3ba1000 size=4194304 write_addr=0x3e2f290 write_len=4 is_color=1
xemu-perf: metal_surface_dirty vram_addr=0x3ba1000 size=4194304 write_addr=0x3e2f2c0 write_len=4 is_color=1
xemu-perf: metal_surface_dirty vram_addr=0x3ba1000 size=4194304 write_addr=0x3e2f2e0 write_len=4 is_color=1
xemu-perf: metal_surface_dirty vram_addr=0x3ba1000 size=4194304 write_addr=0x3e2f308 write_len=4 is_color=1
xemu-perf: metal_surface_dirty vram_addr=0x3ba1000 size=4194304 write_addr=0x3e2f340 write_len=4 is_color=1
xemu-perf: metal_surface_dirty vram_addr=0x3ba1000 size=4194304 write_addr=0x3e2f2a8 write_len=4 is_color=1
xemu-perf: metal_surface_dirty vram_addr=0x3ba1000 size=4194304 write_addr=0x3e2f320 write_len=4 is_color=1
xemu-perf: metal_surface_dirty vram_addr=0x3ba1000 size=4194304 write_addr=0x3e2f340 write_len=4 is_color=1
xemu-perf: metal_screenshot_written path=docs/apple-silicon/task-16-evidence-2026-05-21/cycle4-sampler-rt/harness-final/swizzle-mipmap/metal/screenshots/swizzle-mipmap.0237.png w=640 h=480
xemu-perf: metal_surface_dirty vram_addr=0x3ba1000 size=4194304 write_addr=0x3e2f29c write_len=4 is_color=1
xemu-perf: metal_surface_dirty vram_addr=0x3ba1000 size=4194304 write_addr=0x3e2f2e0 write_len=4 is_color=1
xemu-perf: metal_surface_dirty vram_addr=0x3ba1000 size=4194304 write_addr=0x3e2f320 write_len=4 is_color=1
xemu-perf: metal_surface_dirty vram_addr=0x3ba1000 size=4194304 write_addr=0x3e2f340 write_len=4 is_color=1
xemu-perf: metal_surface_dirty vram_addr=0x3ba1000 size=4194304 write_addr=0x3e2f2a8 write_len=4 is_color=1
xemu-perf: metal_surface_dirty vram_addr=0x3ba1000 size=4194304 write_addr=0x3e2f300 write_len=4 is_color=1
xemu-perf: metal_surface_dirty vram_addr=0x3ba1000 size=4194304 write_addr=0x3e2f340 write_len=4 is_color=1
xemu-perf: metal_surface_dirty vram_addr=0x3ba1000 size=4194304 write_addr=0x3e2f2c8 write_len=4 is_color=1
xemu-perf: metal_surface_dirty vram_addr=0x3ba1000 size=4194304 write_addr=0x3e2f320 write_len=4 is_color=1
xemu-perf: metal_surface_dirty vram_addr=0x3ba1000 size=4194304 write_addr=0x3e2f340 write_len=4 is_color=1
xemu-perf: metal_surface_dirty vram_addr=0x3ba1000 size=4194304 write_addr=0x3e2f2ac write_len=4 is_color=1
xemu-perf: metal_surface_dirty vram_addr=0x3ba1000 size=4194304 write_addr=0x3e2f308 write_len=4 is_color=1
xemu-perf: metal_surface_dirty vram_addr=0x3ba1000 size=4194304 write_addr=0x3e2f340 write_len=4 is_color=1
xemu-perf: metal_surface_dirty vram_addr=0x3ba1000 size=4194304 write_addr=0x3e2f290 write_len=4 is_color=1
xemu-perf: metal_surface_dirty vram_addr=0x3ba1000 size=4194304 write_addr=0x3e2f300 write_len=4 is_color=1
xemu-perf: metal_surface_dirty vram_addr=0x3ba1000 size=4194304 write_addr=0x3e2f340 write_len=4 is_color=1
xemu-perf: metal_screenshot_written path=docs/apple-silicon/task-16-evidence-2026-05-21/cycle4-sampler-rt/harness-final/swizzle-mipmap/metal/screenshots/swizzle-mipmap.0238.png w=640 h=480
xemu-perf: metal_surface_dirty vram_addr=0x3ba1000 size=4194304 write_addr=0x3e2f288 write_len=4 is_color=1
xemu-perf: metal_surface_dirty vram_addr=0x3ba1000 size=4194304 write_addr=0x3e2f2b0 write_len=4 is_color=1
xemu-perf: metal_surface_dirty vram_addr=0x3ba1000 size=4194304 write_addr=0x3e2f2e8 write_len=4 is_color=1
xemu-perf: metal_surface_dirty vram_addr=0x3ba1000 size=4194304 write_addr=0x3e2f328 write_len=4 is_color=1
xemu-perf: metal_surface_dirty vram_addr=0x3ba1000 size=4194304 write_addr=0x3e2f340 write_len=4 is_color=1
xemu-perf: metal_surface_dirty vram_addr=0x3ba1000 size=4194304 write_addr=0x3e2f2c0 write_len=4 is_color=1
xemu-perf: metal_surface_dirty vram_addr=0x3ba1000 size=4194304 write_addr=0x3e2f308 write_len=4 is_color=1
xemu-perf: metal_surface_dirty vram_addr=0x3ba1000 size=4194304 write_addr=0x3e2f340 write_len=4 is_color=1
xemu-perf: metal_surface_dirty vram_addr=0x3ba1000 size=4194304 write_addr=0x3e2f2c8 write_len=4 is_color=1
xemu-perf: metal_surface_dirty vram_addr=0x3ba1000 size=4194304 write_addr=0x3e2f320 write_len=4 is_color=1
xemu-perf: metal_surface_dirty vram_addr=0x3ba1000 size=4194304 write_addr=0x3e2f340 write_len=4 is_color=1
xemu-perf: metal_surface_dirty vram_addr=0x3ba1000 size=4194304 write_addr=0x3e2f280 write_len=4 is_color=1
xemu-perf: metal_surface_dirty vram_addr=0x3ba1000 size=4194304 write_addr=0x3e2f2c8 write_len=4 is_color=1
xemu-perf: metal_surface_dirty vram_addr=0x3ba1000 size=4194304 write_addr=0x3e2f320 write_len=4 is_color=1
xemu-perf: metal_surface_dirty vram_addr=0x3ba1000 size=4194304 write_addr=0x3e2f340 write_len=4 is_color=1
xemu-perf: metal_screenshot_written path=docs/apple-silicon/task-16-evidence-2026-05-21/cycle4-sampler-rt/harness-final/swizzle-mipmap/metal/screenshots/swizzle-mipmap.0239.png w=640 h=480
xemu-perf: metal_screenshot_written path=docs/apple-silicon/task-16-evidence-2026-05-21/cycle4-sampler-rt/harness-final/swizzle-mipmap/metal/screenshots/swizzle-mipmap.0240.png w=640 h=480
xemu-perf: metal_screenshot_written path=docs/apple-silicon/task-16-evidence-2026-05-21/cycle4-sampler-rt/harness-final/swizzle-mipmap/metal/screenshots/swizzle-mipmap.0241.png w=640 h=480
xemu-perf: metal_screenshot_written path=docs/apple-silicon/task-16-evidence-2026-05-21/cycle4-sampler-rt/harness-final/swizzle-mipmap/metal/screenshots/swizzle-mipmap.0242.png w=640 h=480
xemu-perf: metal_screenshot_written path=docs/apple-silicon/task-16-evidence-2026-05-21/cycle4-sampler-rt/harness-final/swizzle-mipmap/metal/screenshots/swizzle-mipmap.0243.png w=640 h=480
xemu-perf: metal_screenshot_written path=docs/apple-silicon/task-16-evidence-2026-05-21/cycle4-sampler-rt/harness-final/swizzle-mipmap/metal/screenshots/swizzle-mipmap.0244.png w=640 h=480
xemu-perf: metal_screenshot_written path=docs/apple-silicon/task-16-evidence-2026-05-21/cycle4-sampler-rt/harness-final/swizzle-mipmap/metal/screenshots/swizzle-mipmap.0245.png w=640 h=480
xemu-perf: metal_screenshot_written path=docs/apple-silicon/task-16-evidence-2026-05-21/cycle4-sampler-rt/harness-final/swizzle-mipmap/metal/screenshots/swizzle-mipmap.0246.png w=640 h=480
xemu-perf: metal_screenshot_written path=docs/apple-silicon/task-16-evidence-2026-05-21/cycle4-sampler-rt/harness-final/swizzle-mipmap/metal/screenshots/swizzle-mipmap.0247.png w=640 h=480
xemu-perf: metal_screenshot_written path=docs/apple-silicon/task-16-evidence-2026-05-21/cycle4-sampler-rt/harness-final/swizzle-mipmap/metal/screenshots/swizzle-mipmap.0248.png w=640 h=480
xemu-perf: metal_screenshot_written path=docs/apple-silicon/task-16-evidence-2026-05-21/cycle4-sampler-rt/harness-final/swizzle-mipmap/metal/screenshots/swizzle-mipmap.0249.png w=640 h=480
xemu-perf: metal_screenshot_written path=docs/apple-silicon/task-16-evidence-2026-05-21/cycle4-sampler-rt/harness-final/swizzle-mipmap/metal/screenshots/swizzle-mipmap.0250.png w=640 h=480
xemu-perf: metal_screenshot_written path=docs/apple-silicon/task-16-evidence-2026-05-21/cycle4-sampler-rt/harness-final/swizzle-mipmap/metal/screenshots/swizzle-mipmap.0251.png w=640 h=480
xemu-perf: metal_screenshot_written path=docs/apple-silicon/task-16-evidence-2026-05-21/cycle4-sampler-rt/harness-final/swizzle-mipmap/metal/screenshots/swizzle-mipmap.0252.png w=640 h=480
xemu-perf: metal_screenshot_written path=docs/apple-silicon/task-16-evidence-2026-05-21/cycle4-sampler-rt/harness-final/swizzle-mipmap/metal/screenshots/swizzle-mipmap.0253.png w=640 h=480
xemu-perf: metal_screenshot_written path=docs/apple-silicon/task-16-evidence-2026-05-21/cycle4-sampler-rt/harness-final/swizzle-mipmap/metal/screenshots/swizzle-mipmap.0254.png w=640 h=480
xemu-perf: metal_screenshot_written path=docs/apple-silicon/task-16-evidence-2026-05-21/cycle4-sampler-rt/harness-final/swizzle-mipmap/metal/screenshots/swizzle-mipmap.0255.png w=640 h=480
xemu-perf: metal_surface_dirty vram_addr=0x3aa8000 size=1228800 write_addr=0x3aa8000 write_len=4 is_color=1
xemu-perf: metal_surface_dirty vram_addr=0x3bd4000 size=1228800 write_addr=0x3bd4000 write_len=4 is_color=1
xemu-perf: metal_surface_dirty vram_addr=0x3d00000 size=1228800 write_addr=0x3d00000 write_len=4 is_color=1
xemu-perf: metal_screenshot_written path=docs/apple-silicon/task-16-evidence-2026-05-21/cycle4-sampler-rt/harness-final/swizzle-mipmap/metal/screenshots/swizzle-mipmap.0256.png w=640 h=480
xemu-perf: interval_id=9 interval_start_us=204098099542 interval_end_us=204106037517 interval_ms=7937 frames=34 fps=4.28 mspf_avg=79.242 mspf_min=2.149 mspf_max=2190.943 increment_fps=60 BEGIN_ENDS=4772 NATIVE_TRI_DEPTH_DRAW=4772 NATIVE_TRI_DEPTH_DRAW_SMOOTH=4772 TCG_TB_EXEC_COUNT=640121328 TCG_TB_INVALIDATE_COUNT=19810 TCG_NOTDIRTY_TRIPS=696289 TCG_NOTDIRTY_PAGES_HIT=696154 TCG_TB_INVALIDATE_BURST_MAX=424 TCG_JMP_CACHE_ZEROED_BUCKETS=81751394 TCG_INVALIDATE_WALL_US_MAX=88 TCG_INVALIDATE_WALL_US_TOTAL=4062 TCG_TB_LOOKUP_US_TOTAL=0 TCG_TB_GEN_CODE_US_TOTAL=0 TCG_HANDLE_INTERRUPT_US_TOTAL=0 TCG_XBOX_IDLE_LOOP_HITS=0 TCG_XBOX_IDLE_LOOP_YIELDS=0 TCG_XBOX_IDLE_LOOP_HALTS=0 MMIO_READ_COUNT=0 MMIO_READ_US_TOTAL=0 MMIO_READ_US_MAX=0 MMIO_READ_PGRAPH_COUNT=0 MMIO_READ_PGRAPH_US_TOTAL=0 MMIO_READ_PGRAPH_US_MAX=0 NV2A_VBLANK_FIRES=502 NV2A_FLIP_STALL_WRITES=34 NV2A_PRESENT_HEARTBEAT=334 XEMU_GL_SWAPS=0 RATE_SLEW_RATIO_E6=1000000 RATE_SLEW_ACTIVE=0 APU_LOCK_HOLD_US_TOTAL=19891 APU_VCPU_LOCK_WAIT_US_MAX=0 PFIFO_PUSHER_RUNS=10385 PFIFO_PUSHER_STALLS=6468 PFIFO_PUSHER_STALL_FLIP=0 PFIFO_PUSHER_STALL_NOP=6187 PFIFO_PUSHER_STALL_FIFO=430 PFIFO_PULLER_CALLS=86301 PFIFO_PULLER_STALLS=34 PFIFO_PULLER_STALL_FLIP=34 PFIFO_PULLER_STALL_NOP=0 PFIFO_PULLER_STALL_CONTEXT=0 PFIFO_PULLER_STALL_FIFO=0 PFIFO_PUSHER_WORDS=311361 PFIFO_PULLER_METHOD_WORDS=237802 PFIFO_DMA_BACKLOG_BYTES_MAX=65204224 PFIFO_USER_DMA_PUT_WRITES=9398 PFIFO_USER_DMA_GET_WRITES=0 PFIFO_USER_DMA_PUT_READS=0 PFIFO_USER_DMA_GET_READS=485277 PGRAPH_PATT_COLOR0_WRITES=0 PGRAPH_PATT_COLOR0_READS=0 PGRAPH_FLIP_STALL_SETS=34 PGRAPH_FLIP_STALL_CHECKS=68 PGRAPH_FLIP_STALL_STILL_WAITING=34 PGRAPH_FLIP_STALL_COMPLETES=34 METAL_DRAW_COUNT=4772 METAL_DRAW_INDEXED_COUNT=2638 METAL_NATIVE_TRI_DEPTH_DRAWS=4772 METAL_NATIVE_QUAD_DRAWS=0 METAL_CLEAR_COUNT=342 METAL_GLSL_TRANSLATE=0 METAL_GLSL_TRANSLATE_FAIL=0 METAL_SHADER_VALIDATE_OK=0 METAL_SHADER_VALIDATE_FAIL=0 METAL_PIPELINE_HITS=4772 METAL_PIPELINE_MISSES=0 METAL_PIPELINE_FAILED=0 METAL_TEX_UPLOADS_TOTAL=50 METAL_TEX_UPLOAD_BYTES_TOTAL=86314212 METAL_TEX_CACHE_HITS=10064 METAL_TEX_CACHE_MISSES=50 METAL_PIPELINE_KEY_BUILT=4772 METAL_PIPELINE_TRANSLATED_OK=4772 METAL_PIPELINE_TRANSLATED_FAILED=0 METAL_DISPATCH_US_TOTAL=180049 METAL_TEX_BIND_US_TOTAL=35802 METAL_DRAW_ENCODE_US_TOTAL=114552 METAL_DRAW_PASS_OPENS=4772 METAL_DRAW_PASS_COALESCED=0 METAL_DRAW_PASS_FLUSHES=4772 METAL_OPEN_PASS_FLUSH_US_TOTAL=67431 METAL_TEX_UPLOAD_US_TOTAL=2536 METAL_DRAW_TRANSLATED=4772 METAL_PIPELINE_FALLBACKS=0 METAL_UNIFORM_PACK=9544 METAL_UNIFORM_BYTES=31227968 METAL_SHADER_COMPILE_QUEUED_TOTAL=0 METAL_SHADER_COMPILE_COMPLETED_TOTAL=0 METAL_SHADER_COMPILE_FAILED_TOTAL=0 METAL_DRAWS_SKIPPED_PENDING_TOTAL=0 METAL_DRAWS_USING_UBERSHADER_TOTAL=0 METAL_SHADER_CACHE_LOADS=0 METAL_SHADER_CACHE_HITS=0 METAL_SHADER_CACHE_MISSES=0 METAL_PRESENTS=0 METAL_PRESENT_JITTER_US_TOTAL=0 METAL_PRESENT_JITTER_US_AVG=0 METAL_PRESENT_JITTER_US_MAX=0 METAL_DRAWABLE_ACQUIRE_FAILS=0 METAL_DISPLAY_LINK_CALLBACKS=0 METAL_MSAA_RESOLVE_COUNT=0 METAL_MSAA_RESOLVE_US_TOTAL=0 METAL_MSAA_SAMPLE_COUNT=1 METAL_FX_SPATIAL_PRESENTS=0 METAL_FX_SPATIAL_US_TOTAL=0 METAL_FX_SCALE_FACTOR=1 METAL_FX_SPATIAL_GPU_US_TOTAL=0 METAL_VERTEX_US_TOTAL=14104 METAL_FRAGMENT_US_TOTAL=18755 METAL_PRESENT_GPU_US_TOTAL=35948 METAL_PRESENT_GPU_FRAMES=1004 METAL_CAPTURE_FRAMES=0 METAL_CAPTURE_ACTIVE=0 METAL_SCREENSHOTS_TAKEN=67 METAL_FRONT_FB_PUBLISHES=34 METAL_SURFACE_CACHE_SIZE=24 METAL_IMAGE_BLITS=0 METAL_SURFACE_VRAM_DIRTY_HITS=716 METAL_SURFACE_VRAM_UPLOADS=716 METAL_SURFACE_VRAM_UPLOAD_BYTES=2930016256 METAL_SURFACE_RECREATE_SHAPE_MISMATCH=0 METAL_SURFACE_DOWNLOADS=34 METAL_SURFACE_DOWNLOAD_BYTES=85295104 METAL_SURFACE_DOWNLOAD_US_TOTAL=23475 METAL_DRAW_RT_DUMPS=0 METAL_SURFACE_GRAPH_DUMPS=0 METAL_SIBLING_SYNCS=0 METAL_SIBLING_SYNC_SKIPS=0 METAL_FLAT_QUAD_PROPAGATIONS=0 INPUT_USB_POLLS=0 INPUT_BACKEND_UPDATES=1004 INPUT_LAT_US_TOTAL=0 INPUT_LAT_US_MAX=0 IDE_READ_SUBMITS=8 IDE_READ_COMPLETES=8 IDE_READ_BYTES=155648 IDE_READ_LAT_US_TOTAL=3991 IDE_READ_LAT_US_MAX=950 IDE_READ_LAT_GT_16MS=0 IDE_READ_LAT_GT_33MS=0 IDE_READ_LAT_GT_50MS=0 IDE_READ_LAT_GT_100MS=0 IDE_READ_INFLIGHT_MAX=1 ATAPI_PIO_SYNC_READS=0 ATAPI_PIO_SYNC_BYTES=0 ATAPI_PIO_SYNC_US_TOTAL=0 ATAPI_PIO_SYNC_US_MAX=0 HELPER_RDTSC_CALLS=3665 PIT_IRQ_TIMER_FIRES=16703 PIT_COALESCE_EVENTS=0 PIT_COALESCE_LATE_US_TOTAL=0 PIT_COALESCE_LATE_US_MAX=0 PIT_COALESCE_SKIPPED_TRANSITIONS=0
xemu-perf: metal_draw_target vram_addr=0x32a4000 count=34
xemu-perf: metal_draw_target vram_addr=0x2854000 count=433
xemu-perf: metal_draw_target vram_addr=0x2894000 count=433
xemu-perf: metal_draw_target vram_addr=0x28d4000 count=433
xemu-perf: metal_draw_target vram_addr=0x2914000 count=433
xemu-perf: metal_draw_target vram_addr=0x2954000 count=433
xemu-perf: metal_draw_target vram_addr=0x2994000 count=433
xemu-perf: metal_draw_target vram_addr=0x3628000 count=33
xemu-perf: metal_draw_target vram_addr=0x3bd4000 count=700
xemu-perf: metal_draw_target vram_addr=0x3d00000 count=700
xemu-perf: metal_draw_target vram_addr=0x3aa8000 count=700
xemu-perf: metal_draw_target vram_addr=0x3ba1000 count=7
xemu-perf: metal_screenshot_written path=docs/apple-silicon/task-16-evidence-2026-05-21/cycle4-sampler-rt/harness-final/swizzle-mipmap/metal/screenshots/swizzle-mipmap.0257.png w=640 h=480
xemu-perf: metal_screenshot_written path=docs/apple-silicon/task-16-evidence-2026-05-21/cycle4-sampler-rt/harness-final/swizzle-mipmap/metal/screenshots/swizzle-mipmap.0258.png w=640 h=480
xemu-perf: metal_surface_dirty vram_addr=0x2994000 size=262144 write_addr=0x29a4000 write_len=4 is_color=1
xemu-perf: metal_screenshot_written path=docs/apple-silicon/task-16-evidence-2026-05-21/cycle4-sampler-rt/harness-final/swizzle-mipmap/metal/screenshots/swizzle-mipmap.0259.png w=640 h=480
xemu-perf: metal_surface_dirty vram_addr=0x3628000 size=2457600 write_addr=0x3628000 write_len=2457600 is_color=1
xemu-perf: metal_screenshot_written path=docs/apple-silicon/task-16-evidence-2026-05-21/cycle4-sampler-rt/harness-final/swizzle-mipmap/metal/screenshots/swizzle-mipmap.0260.png w=640 h=480
xemu-perf: metal_surface_dirty vram_addr=0x3628000 size=2457600 write_addr=0x3628000 write_len=2457600 is_color=1
xemu-perf: metal_surface_dirty vram_addr=0x3628000 size=2457600 write_addr=0x3628000 write_len=2457600 is_color=1
xemu-perf: metal_surface_dirty vram_addr=0x3628000 size=2457600 write_addr=0x3628000 write_len=2457600 is_color=1
xemu-perf: metal_surface_dirty vram_addr=0x3628000 size=2457600 write_addr=0x3628000 write_len=2457600 is_color=1
xemu-perf: metal_surface_dirty vram_addr=0x3628000 size=2457600 write_addr=0x3628000 write_len=2457600 is_color=1
xemu-perf: metal_surface_dirty vram_addr=0x3628000 size=2457600 write_addr=0x3628000 write_len=2457600 is_color=1
xemu-perf: metal_surface_dirty vram_addr=0x3628000 size=2457600 write_addr=0x3628000 write_len=2457600 is_color=1
xemu-perf: metal_surface_dirty vram_addr=0x3628000 size=2457600 write_addr=0x3628000 write_len=2457600 is_color=1
xemu-perf: metal_screenshot_written path=docs/apple-silicon/task-16-evidence-2026-05-21/cycle4-sampler-rt/harness-final/swizzle-mipmap/metal/screenshots/swizzle-mipmap.0261.png w=640 h=480
xemu-perf: metal_surface_dirty vram_addr=0x3628000 size=2457600 write_addr=0x3628000 write_len=2457600 is_color=1
xemu-perf: metal_surface_dirty vram_addr=0x3628000 size=2457600 write_addr=0x3628000 write_len=2457600 is_color=1
xemu-perf: metal_surface_dirty vram_addr=0x3628000 size=2457600 write_addr=0x3628000 write_len=2457600 is_color=1
xemu-perf: metal_surface_dirty vram_addr=0x3628000 size=2457600 write_addr=0x3628000 write_len=2457600 is_color=1
xemu-perf: metal_surface_dirty vram_addr=0x3628000 size=2457600 write_addr=0x3628000 write_len=2457600 is_color=1
xemu-perf: metal_surface_dirty vram_addr=0x3628000 size=2457600 write_addr=0x3628000 write_len=2457600 is_color=1
xemu-perf: metal_surface_dirty vram_addr=0x3628000 size=2457600 write_addr=0x3628000 write_len=2457600 is_color=1
xemu-perf: metal_surface_dirty vram_addr=0x3628000 size=2457600 write_addr=0x3628000 write_len=2457600 is_color=1
xemu-perf: metal_screenshot_written path=docs/apple-silicon/task-16-evidence-2026-05-21/cycle4-sampler-rt/harness-final/swizzle-mipmap/metal/screenshots/swizzle-mipmap.0262.png w=640 h=480
xemu-perf: metal_surface_dirty vram_addr=0x3628000 size=2457600 write_addr=0x3628000 write_len=2457600 is_color=1
xemu-perf: metal_surface_dirty vram_addr=0x3628000 size=2457600 write_addr=0x3628000 write_len=2457600 is_color=1
xemu-perf: metal_surface_dirty vram_addr=0x3628000 size=2457600 write_addr=0x3628000 write_len=2457600 is_color=1
xemu-perf: metal_surface_dirty vram_addr=0x3628000 size=2457600 write_addr=0x3628000 write_len=2457600 is_color=1
xemu-perf: metal_surface_dirty vram_addr=0x3628000 size=2457600 write_addr=0x3628000 write_len=2457600 is_color=1
xemu-perf: metal_surface_dirty vram_addr=0x3628000 size=2457600 write_addr=0x3628000 write_len=2457600 is_color=1
xemu-perf: metal_surface_dirty vram_addr=0x3628000 size=2457600 write_addr=0x3628000 write_len=2457600 is_color=1
xemu-perf: metal_screenshot_written path=docs/apple-silicon/task-16-evidence-2026-05-21/cycle4-sampler-rt/harness-final/swizzle-mipmap/metal/screenshots/swizzle-mipmap.0263.png w=640 h=480
xemu-perf: metal_surface_dirty vram_addr=0x3628000 size=2457600 write_addr=0x3628000 write_len=2457600 is_color=1
xemu-perf: metal_surface_dirty vram_addr=0x3628000 size=2457600 write_addr=0x3628000 write_len=2457600 is_color=1
xemu-perf: metal_surface_dirty vram_addr=0x3628000 size=2457600 write_addr=0x3628000 write_len=2457600 is_color=1
xemu-perf: metal_surface_dirty vram_addr=0x3628000 size=2457600 write_addr=0x3628000 write_len=2457600 is_color=1
xemu-perf: metal_surface_dirty vram_addr=0x3628000 size=2457600 write_addr=0x3628000 write_len=2457600 is_color=1
xemu-perf: metal_surface_dirty vram_addr=0x3628000 size=2457600 write_addr=0x3628000 write_len=2457600 is_color=1
xemu-perf: metal_surface_dirty vram_addr=0x3628000 size=2457600 write_addr=0x3628000 write_len=2457600 is_color=1
xemu-perf: metal_screenshot_written path=docs/apple-silicon/task-16-evidence-2026-05-21/cycle4-sampler-rt/harness-final/swizzle-mipmap/metal/screenshots/swizzle-mipmap.0264.png w=640 h=480
xemu-perf: metal_surface_dirty vram_addr=0x3628000 size=2457600 write_addr=0x3628000 write_len=2457600 is_color=1
xemu-perf: metal_surface_dirty vram_addr=0x3628000 size=2457600 write_addr=0x3628000 write_len=2457600 is_color=1
xemu-perf: metal_surface_dirty vram_addr=0x3628000 size=2457600 write_addr=0x3628000 write_len=2457600 is_color=1
xemu-perf: metal_surface_dirty vram_addr=0x3ba1000 size=4194304 write_addr=0x3eb4000 write_len=1 is_color=1
xemu-perf: metal_surface_dirty vram_addr=0x3aa8000 size=1228800 write_addr=0x3aa8000 write_len=1 is_color=1
xemu-perf: metal_screenshot_written path=docs/apple-silicon/task-16-evidence-2026-05-21/cycle4-sampler-rt/harness-final/swizzle-mipmap/metal/screenshots/swizzle-mipmap.0265.png w=640 h=480
xemu-perf: metal_surface_dirty vram_addr=0x3ba1000 size=4194304 write_addr=0x3e2f2ac write_len=4 is_color=1
xemu-perf: metal_surface_dirty vram_addr=0x3ba1000 size=4194304 write_addr=0x3e2f2f8 write_len=4 is_color=1
xemu-perf: metal_unswizzle_dump w=64 h=64 Q0=(B00 G00 Rff Aff) Q1=(B00 Gff R00 Aff) Q2=(Bff G00 R00 Aff) Q3=(B00 Gff Rff Aff)
xemu-perf: metal_unswizzle_dump w=32 h=32 Q0=(B00 G00 Rdf Aff) Q1=(B00 Gdf R00 Aff) Q2=(Bdf G00 R00 Aff) Q3=(B00 Gdf Rdf Aff)
xemu-perf: metal_unswizzle_dump w=16 h=16 Q0=(B00 G00 Rbf Aff) Q1=(B00 Gbf R00 Aff) Q2=(Bbf G00 R00 Aff) Q3=(B00 Gbf Rbf Aff)
xemu-perf: metal_unswizzle_dump w=8 h=8 Q0=(B00 G00 R9f Aff) Q1=(B00 G9f R00 Aff) Q2=(B9f G00 R00 Aff) Q3=(B00 G9f R9f Aff)
xemu-perf: metal_unswizzle_dump w=4 h=4 Q0=(B00 G00 R7f Aff) Q1=(B00 G7f R00 Aff) Q2=(B7f G00 R00 Aff) Q3=(B00 G7f R7f Aff)
xemu-perf: metal_unswizzle_dump w=2 h=2 Q0=(B00 G00 R5f Aff) Q1=(B00 G5f R00 Aff) Q2=(B5f G00 R00 Aff) Q3=(B00 G5f R5f Aff)
xemu-perf: metal_surface_dirty vram_addr=0x3ba1000 size=4194304 write_addr=0x3e2f340 write_len=4 is_color=1
xemu-perf: metal_screenshot_written path=docs/apple-silicon/task-16-evidence-2026-05-21/cycle4-sampler-rt/harness-final/swizzle-mipmap/metal/screenshots/swizzle-mipmap.0266.png w=640 h=480
xemu-perf: metal_surface_dirty vram_addr=0x3ba1000 size=4194304 write_addr=0x3e2f290 write_len=4 is_color=1
xemu-perf: metal_surface_dirty vram_addr=0x3ba1000 size=4194304 write_addr=0x3e2f2d0 write_len=4 is_color=1
xemu-perf: metal_surface_dirty vram_addr=0x3ba1000 size=4194304 write_addr=0x3e2f310 write_len=4 is_color=1
xemu-perf: metal_surface_dirty vram_addr=0x3ba1000 size=4194304 write_addr=0x3e2f340 write_len=4 is_color=1
xemu-perf: metal_surface_dirty vram_addr=0x3ba1000 size=4194304 write_addr=0x3e2f288 write_len=4 is_color=1
xemu-perf: metal_surface_dirty vram_addr=0x3ba1000 size=4194304 write_addr=0x3e2f320 write_len=4 is_color=1
xemu-perf: metal_surface_dirty vram_addr=0x3ba1000 size=4194304 write_addr=0x3e2f340 write_len=4 is_color=1
xemu-perf: metal_surface_dirty vram_addr=0x3ba1000 size=4194304 write_addr=0x3e2f2c0 write_len=4 is_color=1
xemu-perf: metal_surface_dirty vram_addr=0x3ba1000 size=4194304 write_addr=0x3e2f300 write_len=4 is_color=1
xemu-perf: metal_surface_dirty vram_addr=0x3ba1000 size=4194304 write_addr=0x3e2f340 write_len=4 is_color=1
xemu-perf: metal_surface_dirty vram_addr=0x3ba1000 size=4194304 write_addr=0x3e2f2c8 write_len=4 is_color=1
xemu-perf: metal_surface_dirty vram_addr=0x3ba1000 size=4194304 write_addr=0x3e2f320 write_len=4 is_color=1
xemu-perf: metal_surface_dirty vram_addr=0x3ba1000 size=4194304 write_addr=0x3e2f340 write_len=4 is_color=1
xemu-perf: metal_surface_dirty vram_addr=0x3ba1000 size=4194304 write_addr=0x3e2f2a8 write_len=4 is_color=1
xemu-perf: metal_surface_dirty vram_addr=0x3ba1000 size=4194304 write_addr=0x3e2f308 write_len=4 is_color=1
xemu-perf: metal_surface_dirty vram_addr=0x3ba1000 size=4194304 write_addr=0x3e2f328 write_len=4 is_color=1
xemu-perf: metal_surface_dirty vram_addr=0x3ba1000 size=4194304 write_addr=0x3e2f340 write_len=4 is_color=1
xemu-perf: metal_screenshot_written path=docs/apple-silicon/task-16-evidence-2026-05-21/cycle4-sampler-rt/harness-final/swizzle-mipmap/metal/screenshots/swizzle-mipmap.0267.png w=640 h=480
xemu-perf: metal_surface_dirty vram_addr=0x3ba1000 size=4194304 write_addr=0x3e2f298 write_len=4 is_color=1
xemu-perf: metal_surface_dirty vram_addr=0x3ba1000 size=4194304 write_addr=0x3e2f2a8 write_len=4 is_color=1
xemu-perf: metal_surface_dirty vram_addr=0x3ba1000 size=4194304 write_addr=0x3e2f300 write_len=4 is_color=1
xemu-perf: metal_surface_dirty vram_addr=0x3ba1000 size=4194304 write_addr=0x3e2f328 write_len=4 is_color=1
xemu-perf: metal_surface_dirty vram_addr=0x3ba1000 size=4194304 write_addr=0x3e2f340 write_len=4 is_color=1
xemu-perf: metal_surface_dirty vram_addr=0x3ba1000 size=4194304 write_addr=0x3e2f2c0 write_len=4 is_color=1
xemu-perf: metal_surface_dirty vram_addr=0x3ba1000 size=4194304 write_addr=0x3e2f300 write_len=4 is_color=1
xemu-perf: metal_surface_dirty vram_addr=0x3ba1000 size=4194304 write_addr=0x3e2f340 write_len=4 is_color=1
xemu-perf: metal_surface_dirty vram_addr=0x3ba1000 size=4194304 write_addr=0x3e2f2a0 write_len=4 is_color=1
xemu-perf: metal_surface_dirty vram_addr=0x3ba1000 size=4194304 write_addr=0x3e2f2a8 write_len=4 is_color=1
xemu-perf: metal_surface_dirty vram_addr=0x3ba1000 size=4194304 write_addr=0x3e2f2e0 write_len=4 is_color=1
xemu-perf: metal_surface_dirty vram_addr=0x3ba1000 size=4194304 write_addr=0x3e2f328 write_len=4 is_color=1
xemu-perf: metal_surface_dirty vram_addr=0x3ba1000 size=4194304 write_addr=0x3e2f340 write_len=4 is_color=1
xemu-perf: metal_surface_dirty vram_addr=0x3ba1000 size=4194304 write_addr=0x3e2f280 write_len=4 is_color=1
xemu-perf: metal_surface_dirty vram_addr=0x3ba1000 size=4194304 write_addr=0x3e2f2c8 write_len=4 is_color=1
xemu-perf: metal_surface_dirty vram_addr=0x3ba1000 size=4194304 write_addr=0x3e2f340 write_len=4 is_color=1
xemu-perf: metal_surface_dirty vram_addr=0x3ba1000 size=4194304 write_addr=0x3e2f2a8 write_len=4 is_color=1
xemu-perf: metal_surface_dirty vram_addr=0x3ba1000 size=4194304 write_addr=0x3e2f2e8 write_len=4 is_color=1
xemu-perf: metal_surface_dirty vram_addr=0x3ba1000 size=4194304 write_addr=0x3e2f340 write_len=4 is_color=1
xemu-perf: metal_surface_dirty vram_addr=0x3ba1000 size=4194304 write_addr=0x3e2f2a0 write_len=4 is_color=1
xemu-perf: metal_surface_dirty vram_addr=0x3ba1000 size=4194304 write_addr=0x3e2f2e0 write_len=4 is_color=1
xemu-perf: metal_screenshot_written path=docs/apple-silicon/task-16-evidence-2026-05-21/cycle4-sampler-rt/harness-final/swizzle-mipmap/metal/screenshots/swizzle-mipmap.0268.png w=640 h=480
xemu-perf: metal_surface_dirty vram_addr=0x3ba1000 size=4194304 write_addr=0x3e2f320 write_len=4 is_color=1
xemu-perf: metal_surface_dirty vram_addr=0x3ba1000 size=4194304 write_addr=0x3e2f340 write_len=4 is_color=1
xemu-perf: metal_surface_dirty vram_addr=0x3ba1000 size=4194304 write_addr=0x3e2f290 write_len=4 is_color=1
xemu-perf: metal_surface_dirty vram_addr=0x3ba1000 size=4194304 write_addr=0x3e2f328 write_len=4 is_color=1
xemu-perf: metal_surface_dirty vram_addr=0x3ba1000 size=4194304 write_addr=0x3e2f340 write_len=4 is_color=1
xemu-perf: metal_surface_dirty vram_addr=0x3ba1000 size=4194304 write_addr=0x3e2f2a0 write_len=4 is_color=1
xemu-perf: metal_surface_dirty vram_addr=0x3ba1000 size=4194304 write_addr=0x3e2f2e0 write_len=4 is_color=1
xemu-perf: metal_surface_dirty vram_addr=0x3ba1000 size=4194304 write_addr=0x3e2f340 write_len=4 is_color=1
xemu-perf: metal_surface_dirty vram_addr=0x3ba1000 size=4194304 write_addr=0x3e2f290 write_len=4 is_color=1
xemu-perf: metal_surface_dirty vram_addr=0x3ba1000 size=4194304 write_addr=0x3e2f340 write_len=4 is_color=1
xemu-perf: metal_surface_dirty vram_addr=0x3ba1000 size=4194304 write_addr=0x3e2f2a0 write_len=4 is_color=1
xemu-perf: metal_surface_dirty vram_addr=0x3ba1000 size=4194304 write_addr=0x3e2f300 write_len=4 is_color=1
xemu-perf: metal_surface_dirty vram_addr=0x3ba1000 size=4194304 write_addr=0x3e2f340 write_len=4 is_color=1
xemu-perf: metal_screenshot_written path=docs/apple-silicon/task-16-evidence-2026-05-21/cycle4-sampler-rt/harness-final/swizzle-mipmap/metal/screenshots/swizzle-mipmap.0269.png w=640 h=480
xemu-perf: metal_surface_dirty vram_addr=0x3ba1000 size=4194304 write_addr=0x3e2f310 write_len=4 is_color=1
xemu-perf: metal_surface_dirty vram_addr=0x3ba1000 size=4194304 write_addr=0x3e2f340 write_len=4 is_color=1
xemu-perf: metal_surface_dirty vram_addr=0x3ba1000 size=4194304 write_addr=0x3e2f288 write_len=4 is_color=1
xemu-perf: metal_surface_dirty vram_addr=0x3ba1000 size=4194304 write_addr=0x3e2f330 write_len=4 is_color=1
xemu-perf: metal_surface_dirty vram_addr=0x3ba1000 size=4194304 write_addr=0x3e2f340 write_len=4 is_color=1
xemu-perf: metal_surface_dirty vram_addr=0x3ba1000 size=4194304 write_addr=0x3e2f2c8 write_len=4 is_color=1
xemu-perf: metal_surface_dirty vram_addr=0x3ba1000 size=4194304 write_addr=0x3e2f320 write_len=4 is_color=1
xemu-perf: metal_surface_dirty vram_addr=0x3ba1000 size=4194304 write_addr=0x3e2f340 write_len=4 is_color=1
xemu-perf: metal_surface_dirty vram_addr=0x3ba1000 size=4194304 write_addr=0x3e2f2a0 write_len=4 is_color=1
xemu-perf: metal_surface_dirty vram_addr=0x3ba1000 size=4194304 write_addr=0x3e2f2c8 write_len=4 is_color=1
xemu-perf: metal_surface_dirty vram_addr=0x3ba1000 size=4194304 write_addr=0x3e2f340 write_len=4 is_color=1
xemu-perf: metal_surface_dirty vram_addr=0x3ba1000 size=4194304 write_addr=0x3e2f2d0 write_len=4 is_color=1
xemu-perf: metal_surface_dirty vram_addr=0x3ba1000 size=4194304 write_addr=0x3e2f320 write_len=4 is_color=1
xemu-perf: metal_surface_dirty vram_addr=0x3ba1000 size=4194304 write_addr=0x3e2f340 write_len=4 is_color=1
xemu-perf: metal_screenshot_written path=docs/apple-silicon/task-16-evidence-2026-05-21/cycle4-sampler-rt/harness-final/swizzle-mipmap/metal/screenshots/swizzle-mipmap.0270.png w=640 h=480
xemu-perf: metal_surface_dirty vram_addr=0x3ba1000 size=4194304 write_addr=0x3e2f2e0 write_len=4 is_color=1
xemu-perf: metal_surface_dirty vram_addr=0x3ba1000 size=4194304 write_addr=0x3e2f320 write_len=4 is_color=1
xemu-perf: metal_surface_dirty vram_addr=0x3ba1000 size=4194304 write_addr=0x3e2f340 write_len=4 is_color=1
xemu-perf: metal_surface_dirty vram_addr=0x3ba1000 size=4194304 write_addr=0x3e2f288 write_len=4 is_color=1
xemu-perf: metal_surface_dirty vram_addr=0x3ba1000 size=4194304 write_addr=0x3e2f300 write_len=4 is_color=1
xemu-perf: metal_surface_dirty vram_addr=0x3ba1000 size=4194304 write_addr=0x3e2f340 write_len=4 is_color=1
xemu-perf: metal_surface_dirty vram_addr=0x3ba1000 size=4194304 write_addr=0x3e2f2c0 write_len=4 is_color=1
xemu-perf: metal_surface_dirty vram_addr=0x3ba1000 size=4194304 write_addr=0x3e2f300 write_len=4 is_color=1
xemu-perf: metal_surface_dirty vram_addr=0x3ba1000 size=4194304 write_addr=0x3e2f328 write_len=4 is_color=1
xemu-perf: metal_surface_dirty vram_addr=0x3ba1000 size=4194304 write_addr=0x3e2f340 write_len=4 is_color=1
xemu-perf: metal_surface_dirty vram_addr=0x3ba1000 size=4194304 write_addr=0x3e2f290 write_len=4 is_color=1
xemu-perf: metal_surface_dirty vram_addr=0x3ba1000 size=4194304 write_addr=0x3e2f2e0 write_len=4 is_color=1
xemu-perf: metal_surface_dirty vram_addr=0x3ba1000 size=4194304 write_addr=0x3e2f308 write_len=4 is_color=1
xemu-perf: metal_surface_dirty vram_addr=0x3ba1000 size=4194304 write_addr=0x3e2f340 write_len=4 is_color=1
xemu-perf: metal_surface_dirty vram_addr=0x3ba1000 size=4194304 write_addr=0x3e2f2c8 write_len=4 is_color=1
xemu-perf: metal_surface_dirty vram_addr=0x3ba1000 size=4194304 write_addr=0x3e2f2f0 write_len=4 is_color=1
xemu-perf: metal_surface_dirty vram_addr=0x3ba1000 size=4194304 write_addr=0x3e2f310 write_len=4 is_color=1
xemu-perf: metal_surface_dirty vram_addr=0x3ba1000 size=4194304 write_addr=0x3e2f330 write_len=4 is_color=1
xemu-perf: metal_surface_dirty vram_addr=0x3ba1000 size=4194304 write_addr=0x3e2f340 write_len=4 is_color=1
xemu-perf: metal_screenshot_written path=docs/apple-silicon/task-16-evidence-2026-05-21/cycle4-sampler-rt/harness-final/swizzle-mipmap/metal/screenshots/swizzle-mipmap.0271.png w=640 h=480
xemu-perf: metal_surface_dirty vram_addr=0x3ba1000 size=4194304 write_addr=0x3e2f2c0 write_len=4 is_color=1
xemu-perf: metal_surface_dirty vram_addr=0x3ba1000 size=4194304 write_addr=0x3e2f300 write_len=4 is_color=1
xemu-perf: metal_surface_dirty vram_addr=0x3ba1000 size=4194304 write_addr=0x3e2f340 write_len=4 is_color=1
xemu-perf: metal_surface_dirty vram_addr=0x3ba1000 size=4194304 write_addr=0x3e2f288 write_len=4 is_color=1
xemu-perf: metal_surface_dirty vram_addr=0x3ba1000 size=4194304 write_addr=0x3e2f308 write_len=4 is_color=1
xemu-perf: metal_surface_dirty vram_addr=0x3ba1000 size=4194304 write_addr=0x3e2f340 write_len=4 is_color=1
xemu-perf: metal_surface_dirty vram_addr=0x3ba1000 size=4194304 write_addr=0x3e2f2c8 write_len=4 is_color=1
xemu-perf: metal_surface_dirty vram_addr=0x3ba1000 size=4194304 write_addr=0x3e2f320 write_len=4 is_color=1
xemu-perf: metal_surface_dirty vram_addr=0x3ba1000 size=4194304 write_addr=0x3e2f340 write_len=4 is_color=1
xemu-perf: metal_surface_dirty vram_addr=0x3ba1000 size=4194304 write_addr=0x3e2f288 write_len=4 is_color=1
xemu-perf: metal_surface_dirty vram_addr=0x3ba1000 size=4194304 write_addr=0x3e2f300 write_len=4 is_color=1
xemu-perf: metal_surface_dirty vram_addr=0x3ba1000 size=4194304 write_addr=0x3e2f330 write_len=4 is_color=1
xemu-perf: metal_surface_dirty vram_addr=0x3ba1000 size=4194304 write_addr=0x3e2f340 write_len=4 is_color=1
xemu-perf: metal_surface_dirty vram_addr=0x3ba1000 size=4194304 write_addr=0x3e2f2d0 write_len=4 is_color=1
xemu-perf: metal_surface_dirty vram_addr=0x3ba1000 size=4194304 write_addr=0x3e2f320 write_len=4 is_color=1
xemu-perf: metal_surface_dirty vram_addr=0x3ba1000 size=4194304 write_addr=0x3e2f340 write_len=4 is_color=1
xemu-perf: metal_screenshot_written path=docs/apple-silicon/task-16-evidence-2026-05-21/cycle4-sampler-rt/harness-final/swizzle-mipmap/metal/screenshots/swizzle-mipmap.0272.png w=640 h=480
xemu-perf: metal_surface_dirty vram_addr=0x3ba1000 size=4194304 write_addr=0x3e2f288 write_len=4 is_color=1
xemu-perf: metal_surface_dirty vram_addr=0x3ba1000 size=4194304 write_addr=0x3e2f308 write_len=4 is_color=1
xemu-perf: metal_surface_dirty vram_addr=0x3ba1000 size=4194304 write_addr=0x3e2f340 write_len=4 is_color=1
xemu-perf: metal_surface_dirty vram_addr=0x3ba1000 size=4194304 write_addr=0x3e2f2c0 write_len=4 is_color=1
xemu-perf: metal_surface_dirty vram_addr=0x3ba1000 size=4194304 write_addr=0x3e2f300 write_len=4 is_color=1
xemu-perf: metal_surface_dirty vram_addr=0x3ba1000 size=4194304 write_addr=0x3e2f340 write_len=4 is_color=1
xemu-perf: metal_surface_dirty vram_addr=0x3ba1000 size=4194304 write_addr=0x3e2f2c0 write_len=4 is_color=1
xemu-perf: metal_surface_dirty vram_addr=0x3ba1000 size=4194304 write_addr=0x3e2f340 write_len=4 is_color=1
xemu-perf: metal_surface_dirty vram_addr=0x3ba1000 size=4194304 write_addr=0x3e2f2b0 write_len=4 is_color=1
xemu-perf: metal_surface_dirty vram_addr=0x3ba1000 size=4194304 write_addr=0x3e2f340 write_len=4 is_color=1
xemu-perf: metal_surface_dirty vram_addr=0x3ba1000 size=4194304 write_addr=0x3e2f290 write_len=4 is_color=1
xemu-perf: metal_surface_dirty vram_addr=0x3ba1000 size=4194304 write_addr=0x3e2f2b0 write_len=4 is_color=1
xemu-perf: metal_surface_dirty vram_addr=0x3ba1000 size=4194304 write_addr=0x3e2f2c8 write_len=4 is_color=1
xemu-perf: metal_surface_dirty vram_addr=0x3ba1000 size=4194304 write_addr=0x3e2f2e0 write_len=4 is_color=1
xemu-perf: metal_surface_dirty vram_addr=0x3ba1000 size=4194304 write_addr=0x3e2f300 write_len=4 is_color=1
xemu-perf: metal_surface_dirty vram_addr=0x3ba1000 size=4194304 write_addr=0x3e2f340 write_len=4 is_color=1
xemu-perf: metal_screenshot_written path=docs/apple-silicon/task-16-evidence-2026-05-21/cycle4-sampler-rt/harness-final/swizzle-mipmap/metal/screenshots/swizzle-mipmap.0273.png w=640 h=480
xemu-perf: metal_surface_dirty vram_addr=0x3ba1000 size=4194304 write_addr=0x3e2f280 write_len=4 is_color=1
xemu-perf: metal_surface_dirty vram_addr=0x3ba1000 size=4194304 write_addr=0x3e2f2c8 write_len=4 is_color=1
xemu-perf: metal_surface_dirty vram_addr=0x3ba1000 size=4194304 write_addr=0x3e2f2e8 write_len=4 is_color=1
xemu-perf: metal_surface_dirty vram_addr=0x3ba1000 size=4194304 write_addr=0x3e2f328 write_len=4 is_color=1
xemu-perf: metal_surface_dirty vram_addr=0x3ba1000 size=4194304 write_addr=0x3e2f340 write_len=4 is_color=1
xemu-perf: metal_surface_dirty vram_addr=0x3ba1000 size=4194304 write_addr=0x3e2f280 write_len=4 is_color=1
xemu-perf: metal_surface_dirty vram_addr=0x3ba1000 size=4194304 write_addr=0x3e2f2c0 write_len=4 is_color=1
xemu-perf: metal_surface_dirty vram_addr=0x3ba1000 size=4194304 write_addr=0x3e2f2e0 write_len=4 is_color=1
xemu-perf: metal_surface_dirty vram_addr=0x3ba1000 size=4194304 write_addr=0x3e2f340 write_len=4 is_color=1
xemu-perf: metal_surface_dirty vram_addr=0x3ba1000 size=4194304 write_addr=0x3e2f290 write_len=4 is_color=1
xemu-perf: metal_surface_dirty vram_addr=0x3ba1000 size=4194304 write_addr=0x3e2f308 write_len=4 is_color=1
xemu-perf: metal_surface_dirty vram_addr=0x3ba1000 size=4194304 write_addr=0x3e2f340 write_len=4 is_color=1
xemu-perf: metal_surface_dirty vram_addr=0x3ba1000 size=4194304 write_addr=0x3e2f2b0 write_len=4 is_color=1
xemu-perf: metal_surface_dirty vram_addr=0x3ba1000 size=4194304 write_addr=0x3e2f330 write_len=4 is_color=1
xemu-perf: metal_surface_dirty vram_addr=0x3ba1000 size=4194304 write_addr=0x3e2f340 write_len=4 is_color=1
xemu-perf: interval_id=10 interval_start_us=204106473960 interval_end_us=204108352030 interval_ms=1878 frames=35 fps=18.64 mspf_avg=14.500 mspf_min=0.000 mspf_max=427.280 increment_fps=60 final=1 reason=atexit BEGIN_ENDS=3087 NATIVE_TRI_DEPTH_DRAW=3087 NATIVE_TRI_DEPTH_DRAW_SMOOTH=3087 TCG_TB_EXEC_COUNT=100749481 TCG_TB_INVALIDATE_COUNT=1209 TCG_NOTDIRTY_TRIPS=98058 TCG_NOTDIRTY_PAGES_HIT=97963 TCG_TB_INVALIDATE_BURST_MAX=22 TCG_JMP_CACHE_ZEROED_BUCKETS=51778745 TCG_INVALIDATE_WALL_US_MAX=10 TCG_INVALIDATE_WALL_US_TOTAL=296 TCG_TB_LOOKUP_US_TOTAL=0 TCG_TB_GEN_CODE_US_TOTAL=0 TCG_HANDLE_INTERRUPT_US_TOTAL=0 TCG_XBOX_IDLE_LOOP_HITS=0 TCG_XBOX_IDLE_LOOP_YIELDS=0 TCG_XBOX_IDLE_LOOP_HALTS=0 MMIO_READ_COUNT=0 MMIO_READ_US_TOTAL=0 MMIO_READ_US_MAX=0 MMIO_READ_PGRAPH_COUNT=0 MMIO_READ_PGRAPH_US_TOTAL=0 MMIO_READ_PGRAPH_US_MAX=0 NV2A_VBLANK_FIRES=130 NV2A_FLIP_STALL_WRITES=35 NV2A_PRESENT_HEARTBEAT=93 XEMU_GL_SWAPS=0 RATE_SLEW_RATIO_E6=1000000 RATE_SLEW_ACTIVE=0 APU_LOCK_HOLD_US_TOTAL=19688 APU_VCPU_LOCK_WAIT_US_MAX=2 PFIFO_PUSHER_RUNS=2170 PFIFO_PUSHER_STALLS=1351 PFIFO_PUSHER_STALL_FLIP=0 PFIFO_PUSHER_STALL_NOP=1293 PFIFO_PUSHER_STALL_FIFO=98 PFIFO_PULLER_CALLS=53507 PFIFO_PULLER_STALLS=35 PFIFO_PULLER_STALL_FLIP=35 PFIFO_PULLER_STALL_NOP=0 PFIFO_PULLER_STALL_CONTEXT=0 PFIFO_PULLER_STALL_FIFO=0 PFIFO_PUSHER_WORDS=244492 PFIFO_PULLER_METHOD_WORDS=197952 PFIFO_DMA_BACKLOG_BYTES_MAX=65204224 PFIFO_USER_DMA_PUT_WRITES=1925 PFIFO_USER_DMA_GET_WRITES=0 PFIFO_USER_DMA_PUT_READS=0 PFIFO_USER_DMA_GET_READS=94302 PGRAPH_PATT_COLOR0_WRITES=0 PGRAPH_PATT_COLOR0_READS=0 PGRAPH_FLIP_STALL_SETS=35 PGRAPH_FLIP_STALL_CHECKS=70 PGRAPH_FLIP_STALL_STILL_WAITING=35 PGRAPH_FLIP_STALL_COMPLETES=35 METAL_DRAW_COUNT=3087 METAL_DRAW_INDEXED_COUNT=2639 METAL_NATIVE_TRI_DEPTH_DRAWS=3087 METAL_NATIVE_QUAD_DRAWS=0 METAL_CLEAR_COUNT=100 METAL_GLSL_TRANSLATE=0 METAL_GLSL_TRANSLATE_FAIL=0 METAL_SHADER_VALIDATE_OK=0 METAL_SHADER_VALIDATE_FAIL=0 METAL_PIPELINE_HITS=3087 METAL_PIPELINE_MISSES=0 METAL_PIPELINE_FAILED=0 METAL_TEX_UPLOADS_TOTAL=51 METAL_TEX_UPLOAD_BYTES_TOTAL=88771812 METAL_TEX_CACHE_HITS=8382 METAL_TEX_CACHE_MISSES=51 METAL_PIPELINE_KEY_BUILT=3087 METAL_PIPELINE_TRANSLATED_OK=3087 METAL_PIPELINE_TRANSLATED_FAILED=0 METAL_DISPATCH_US_TOTAL=129665 METAL_TEX_BIND_US_TOTAL=27885 METAL_DRAW_ENCODE_US_TOTAL=81335 METAL_DRAW_PASS_OPENS=3087 METAL_DRAW_PASS_COALESCED=0 METAL_DRAW_PASS_FLUSHES=3087 METAL_OPEN_PASS_FLUSH_US_TOTAL=46514 METAL_TEX_UPLOAD_US_TOTAL=3234 METAL_DRAW_TRANSLATED=3087 METAL_PIPELINE_FALLBACKS=0 METAL_UNIFORM_PACK=6174 METAL_UNIFORM_BYTES=20201328 METAL_SHADER_COMPILE_QUEUED_TOTAL=0 METAL_SHADER_COMPILE_COMPLETED_TOTAL=0 METAL_SHADER_COMPILE_FAILED_TOTAL=0 METAL_DRAWS_SKIPPED_PENDING_TOTAL=0 METAL_DRAWS_USING_UBERSHADER_TOTAL=0 METAL_SHADER_CACHE_LOADS=0 METAL_SHADER_CACHE_HITS=0 METAL_SHADER_CACHE_MISSES=0 METAL_PRESENTS=0 METAL_PRESENT_JITTER_US_TOTAL=0 METAL_PRESENT_JITTER_US_AVG=0 METAL_PRESENT_JITTER_US_MAX=0 METAL_DRAWABLE_ACQUIRE_FAILS=0 METAL_DISPLAY_LINK_CALLBACKS=0 METAL_MSAA_RESOLVE_COUNT=0 METAL_MSAA_RESOLVE_US_TOTAL=0 METAL_MSAA_SAMPLE_COUNT=1 METAL_FX_SPATIAL_PRESENTS=0 METAL_FX_SPATIAL_US_TOTAL=0 METAL_FX_SCALE_FACTOR=1 METAL_FX_SPATIAL_GPU_US_TOTAL=0 METAL_VERTEX_US_TOTAL=3731 METAL_FRAGMENT_US_TOTAL=4800 METAL_PRESENT_GPU_US_TOTAL=8724 METAL_PRESENT_GPU_FRAMES=261 METAL_CAPTURE_FRAMES=0 METAL_CAPTURE_ACTIVE=0 METAL_SCREENSHOTS_TAKEN=17 METAL_FRONT_FB_PUBLISHES=34 METAL_SURFACE_CACHE_SIZE=24 METAL_IMAGE_BLITS=0 METAL_SURFACE_VRAM_DIRTY_HITS=171 METAL_SURFACE_VRAM_UPLOADS=174 METAL_SURFACE_VRAM_UPLOAD_BYTES=654966784 METAL_SURFACE_RECREATE_SHAPE_MISMATCH=0 METAL_SURFACE_DOWNLOADS=35 METAL_SURFACE_DOWNLOAD_BYTES=87752704 METAL_SURFACE_DOWNLOAD_US_TOTAL=15737 METAL_DRAW_RT_DUMPS=0 METAL_SURFACE_GRAPH_DUMPS=0 METAL_SIBLING_SYNCS=0 METAL_SIBLING_SYNC_SKIPS=0 METAL_FLAT_QUAD_PROPAGATIONS=0 INPUT_USB_POLLS=0 INPUT_BACKEND_UPDATES=260 INPUT_LAT_US_TOTAL=0 INPUT_LAT_US_MAX=0 HELPER_RDTSC_CALLS=2 PIT_IRQ_TIMER_FIRES=4347 PIT_COALESCE_EVENTS=0 PIT_COALESCE_LATE_US_TOTAL=0 PIT_COALESCE_LATE_US_MAX=0 PIT_COALESCE_SKIPPED_TRANSITIONS=0
xemu-perf: metal_draw_target vram_addr=0x32a4000 count=35
xemu-perf: metal_draw_target vram_addr=0x2854000 count=433
xemu-perf: metal_draw_target vram_addr=0x2894000 count=433
xemu-perf: metal_draw_target vram_addr=0x28d4000 count=433
xemu-perf: metal_draw_target vram_addr=0x2914000 count=433
xemu-perf: metal_draw_target vram_addr=0x2954000 count=433
xemu-perf: metal_draw_target vram_addr=0x2994000 count=433
xemu-perf: metal_draw_target vram_addr=0x3628000 count=34
xemu-perf: metal_draw_target vram_addr=0x3bd4000 count=140
xemu-perf: metal_draw_target vram_addr=0x3d00000 count=140
xemu-perf: metal_draw_target vram_addr=0x3aa8000 count=133
xemu-perf: metal_draw_target vram_addr=0x3ba1000 count=7
