xemu_version: 0.8.134-186-g0f572aac4f
xemu_commit: 0f572aac4f08e42b38e079089ecb0eb1633ba150
xemu_date: Fri 22 May 2026 01:53:50 UTC
xemu_settings_set_path: config path: /tmp/task16-repro2/swizzle-mipmap/metal/xemu.toml
2026-05-21 20:54:23.991 xemu[96872:5199127] ApplePersistence=NO
xemu-rate-slew: enabled=0 host_hz=60.0000 ratio=1.000000 active=0 vblank_interval_ns=16666666
xemu-perf: metal_screenshot path=/tmp/task16-repro2/swizzle-mipmap/metal/screenshots/swizzle-mipmap.png at_frame=30 interval=15 source=nv2a
xemu-perf: metal_fx_scale=1 source=XEMU_METAL_FX_SCALE requested=0 configured=1 enabled=0
xemu-metal: device=Apple M3 Ultra headless=0 low-power=0 max-buf-len=179357827072 force-legacy-present=0
xemu-perf: metal_validation requested=1 promoted=1 mtl_debug_layer_active=1 mtl_shader_validation_active=1
xemu-perf: metal_hud requested=0 promoted=0 mtl_hud_enabled_active=0
xemu-perf: metal_counter_sampling enabled (buffer_capacity=4 storage=Shared)
CPU: 
OS_Version: Version 26.4.1 (Build 25E253)
xemu_settings_get_base_path: base path: /Users/jbbrack03/Library/Application Support/xemu/xemu/
Created QEMU launch parameters: /Users/jbbrack03/XEMU_MacOS/xemu-fork/dist/xemu.app/Contents/MacOS/xemu -machine xbox,bootrom=/Users/jbbrack03/XEMU_MacOS/Xbox-Emulator-Files/mcpx/mcpx_1.0.bin,kernel-irqchip=off,avpack=hdtv -device smbus-storage,file=/Users/jbbrack03/Library/Application Support/xemu/xemu/eeprom.bin -bios /Users/jbbrack03/XEMU_MacOS/Xbox-Emulator-Files/bios/Complex_4627.bin -m 64 -drive index=0,media=disk,file=/tmp/task16-repro2/swizzle-mipmap/metal/xbox_hdd.qcow2,locked=on -drive index=1,media=cdrom,file=/Users/jbbrack03/XEMU_MacOS/xemu-fork/scripts/apple-silicon/xbe-tests/swizzle-mipmap/swizzle-mipmap.iso -display xemu -device usb-hub,port=1,ports=4 -qmp unix:/tmp/xq-96868-1f42de4d.sock,server=on,wait=off 
xemu-perf: apu_lock_release=1 source=auto-default
pgraph-mtl-heap: color_rts=256 MiB depth_rts=256 MiB textures=512 MiB type=Automatic storage=Private color/depth=tracked textures=untracked apple1_framebuffer_fetch=1
pgraph_mtl_disk_cache_init: enabled root=/Users/jbbrack03/Library/Application Support/xemu/xemu/metal_shaders feature_set=AppleGPUFamily9/macOS26.4
xemu-perf: metal_msaa=1 source=XEMU_METAL_MSAA requested=0 configured=1
xemu-perf: renderer=Metal host_os=darwin host_arch=arm64 log_interval_ms=1000
xemu-perf: fast_rdtsc=1 source=auto-default tb_numer=125 tb_denom=3
xemu-perf: pit_coalesce=0 source=auto-default threshold_us=4000
xemu-perf: pgraph_fast_read=1 source=XEMU_PGRAPH_FAST_READ
xemu-perf: metal_arm_cb n=1 vram_addr=0x33d0000 size=2457600 cb=0x80cc60040 tcg=1
xemu-perf: metal_color_bind vram_addr=0x3628000 guest=1280x480 scaled=1280x480 pitch=5120 format=8
xemu-perf: metal_arm_cb n=2 vram_addr=0x3628000 size=2457600 cb=0x80cc60000 tcg=1
xemu-perf: metal_arm_cb n=3 vram_addr=0x33d0000 size=2457600 cb=0x80cc600c0 tcg=1
xemu-perf: metal_color_bind vram_addr=0x32a4000 guest=640x480 scaled=640x480 pitch=2560 format=8
xemu-perf: metal_arm_cb n=4 vram_addr=0x32a4000 size=1228800 cb=0x80cc60080 tcg=1
xemu-perf: metal_draw_target_first vram_addr=0x32a4000 slot=0
xemu-perf: native_tri_depth=1 source=XEMU_NATIVE_TRI_DEPTH mode=safe
xemu-perf: metal_set_attr_masks uniform_attrs=0xffff [0]c=2,s=0 [1]c=0,s=0 [2]c=0,s=0 [3]c=0,s=0 [4]c=0,s=0 [9]c=2,s=0
xemu-perf: native_quad=1 source=XEMU_NATIVE_QUAD mode=smooth-fill
xemu-perf: metal_screenshot_written path=/tmp/task16-repro2/swizzle-mipmap/metal/screenshots/swizzle-mipmap.0001.png w=640 h=480
xemu-perf: metal_color_bind vram_addr=0x2854000 guest=256x256 scaled=256x256 pitch=1024 format=8
xemu-perf: metal_arm_cb n=5 vram_addr=0x2854000 size=262144 cb=0x809813480 tcg=1
xemu-perf: metal_arm_cb n=6 vram_addr=0x2814000 size=262144 cb=0x809811240 tcg=1
xemu-perf: metal_arm_cb n=7 vram_addr=0x2854000 size=262144 cb=0x80cc60a40 tcg=1
xemu-perf: metal_arm_cb n=8 vram_addr=0x2814000 size=262144 cb=0x80cc60ac0 tcg=1
xemu-perf: metal_draw_target_first vram_addr=0x2854000 slot=1
xemu-perf: metal_color_bind vram_addr=0x2894000 guest=256x256 scaled=256x256 pitch=1024 format=8
xemu-perf: metal_draw_target_first vram_addr=0x2894000 slot=2
xemu-perf: metal_color_bind vram_addr=0x28d4000 guest=256x256 scaled=256x256 pitch=1024 format=8
xemu-perf: metal_draw_target_first vram_addr=0x28d4000 slot=3
xemu-perf: metal_color_bind vram_addr=0x2914000 guest=256x256 scaled=256x256 pitch=1024 format=8
xemu-perf: metal_draw_target_first vram_addr=0x2914000 slot=4
xemu-perf: metal_color_bind vram_addr=0x2954000 guest=256x256 scaled=256x256 pitch=1024 format=8
xemu-perf: metal_draw_target_first vram_addr=0x2954000 slot=5
xemu-perf: metal_color_bind vram_addr=0x2994000 guest=256x256 scaled=256x256 pitch=1024 format=8
xemu-perf: metal_draw_target_first vram_addr=0x2994000 slot=6
xemu-perf: metal_screenshot_written path=/tmp/task16-repro2/swizzle-mipmap/metal/screenshots/swizzle-mipmap.0002.png w=640 h=480
xemu-perf: metal_color_bind vram_addr=0x0 guest=512x512 scaled=512x512 pitch=1024 format=3
xemu-perf: metal_color_bind vram_addr=0x2e06000 guest=1024x512 scaled=1024x512 pitch=4096 format=8
xemu-perf: metal_draw_target_first vram_addr=0x2e06000 slot=7
xemu-perf: metal_draw_target_first vram_addr=0x3628000 slot=8
xemu-perf: metal_set_attr_masks uniform_attrs=0xf9fe [0]c=3,s=28 [1]c=0,s=28 [2]c=0,s=28 [3]c=0,s=28 [4]c=0,s=28 [9]c=2,s=28
xemu-perf: metal_set_attr_masks uniform_attrs=0xffff [0]c=2,s=0 [1]c=0,s=0 [2]c=0,s=0 [3]c=0,s=0 [4]c=0,s=0 [9]c=2,s=0
xemu-perf: metal_surface_dirty vram_addr=0x3628000 size=2457600 write_addr=0x3628000 write_len=2457600 is_color=1
xemu-perf: metal_color_bind vram_addr=0x2c06000 guest=1024x512 scaled=1024x512 pitch=4096 format=8
xemu-perf: metal_draw_target_first vram_addr=0x2c06000 slot=9
xemu-perf: metal_set_attr_masks uniform_attrs=0xf9fe [0]c=3,s=28 [1]c=0,s=28 [2]c=0,s=28 [3]c=0,s=28 [4]c=0,s=28 [9]c=2,s=28
xemu-perf: metal_set_attr_masks uniform_attrs=0xffff [0]c=2,s=0 [1]c=0,s=0 [2]c=0,s=0 [3]c=0,s=0 [4]c=0,s=0 [9]c=2,s=0
xemu-perf: metal_surface_dirty vram_addr=0x3628000 size=2457600 write_addr=0x3628000 write_len=2457600 is_color=1
xemu-perf: metal_set_attr_masks uniform_attrs=0xf9fe [0]c=3,s=28 [1]c=0,s=28 [2]c=0,s=28 [3]c=0,s=28 [4]c=0,s=28 [9]c=2,s=28
xemu-perf: metal_set_attr_masks uniform_attrs=0xffff [0]c=2,s=0 [1]c=0,s=0 [2]c=0,s=0 [3]c=0,s=0 [4]c=0,s=0 [9]c=2,s=0
xemu-perf: metal_surface_dirty vram_addr=0x3628000 size=2457600 write_addr=0x3628000 write_len=2457600 is_color=1
xemu-perf: metal_screenshot_written path=/tmp/task16-repro2/swizzle-mipmap/metal/screenshots/swizzle-mipmap.0003.png w=640 h=480
xemu-perf: metal_set_attr_masks uniform_attrs=0xf9fe [0]c=3,s=28 [1]c=0,s=28 [2]c=0,s=28 [3]c=0,s=28 [4]c=0,s=28 [9]c=2,s=28
xemu-perf: metal_set_attr_masks uniform_attrs=0xffff [0]c=2,s=0 [1]c=0,s=0 [2]c=0,s=0 [3]c=0,s=0 [4]c=0,s=0 [9]c=2,s=0
xemu-perf: metal_surface_dirty vram_addr=0x3628000 size=2457600 write_addr=0x3628000 write_len=2457600 is_color=1
xemu-perf: metal_set_attr_masks uniform_attrs=0xf9fe [0]c=3,s=28 [1]c=0,s=28 [2]c=0,s=28 [3]c=0,s=28 [4]c=0,s=28 [9]c=2,s=28
xemu-perf: metal_set_attr_masks uniform_attrs=0xffff [0]c=2,s=0 [1]c=0,s=0 [2]c=0,s=0 [3]c=0,s=0 [4]c=0,s=0 [9]c=2,s=0
xemu-perf: metal_surface_dirty vram_addr=0x3628000 size=2457600 write_addr=0x3628000 write_len=2457600 is_color=1
xemu-perf: metal_set_attr_masks uniform_attrs=0xf9fe [0]c=3,s=28 [1]c=0,s=28 [2]c=0,s=28 [3]c=0,s=28 [4]c=0,s=28 [9]c=2,s=28
xemu-perf: metal_set_attr_masks uniform_attrs=0xffff [0]c=2,s=0 [1]c=0,s=0 [2]c=0,s=0 [3]c=0,s=0 [4]c=0,s=0 [9]c=2,s=0
xemu-perf: metal_surface_dirty vram_addr=0x3628000 size=2457600 write_addr=0x3628000 write_len=2457600 is_color=1
xemu-perf: metal_set_attr_masks uniform_attrs=0xf9fe [0]c=3,s=28 [1]c=0,s=28 [2]c=0,s=28 [3]c=0,s=28 [4]c=0,s=28 [9]c=2,s=28
xemu-perf: metal_set_attr_masks uniform_attrs=0xffff [0]c=2,s=0 [1]c=0,s=0 [2]c=0,s=0 [3]c=0,s=0 [4]c=0,s=0 [9]c=2,s=0
xemu-perf: metal_surface_dirty vram_addr=0x3628000 size=2457600 write_addr=0x3628000 write_len=2457600 is_color=1
xemu-perf: metal_set_attr_masks uniform_attrs=0xf9fe [0]c=3,s=28 [1]c=0,s=28 [2]c=0,s=28 [3]c=0,s=28 [4]c=0,s=28 [9]c=2,s=28
xemu-perf: metal_set_attr_masks uniform_attrs=0xffff [0]c=2,s=0 [1]c=0,s=0 [2]c=0,s=0 [3]c=0,s=0 [4]c=0,s=0 [9]c=2,s=0
xemu-perf: metal_surface_dirty vram_addr=0x3628000 size=2457600 write_addr=0x3628000 write_len=2457600 is_color=1
xemu-perf: metal_set_attr_masks uniform_attrs=0xf9fe [0]c=3,s=28 [1]c=0,s=28 [2]c=0,s=28 [3]c=0,s=28 [4]c=0,s=28 [9]c=2,s=28
xemu-perf: metal_set_attr_masks uniform_attrs=0xffff [0]c=2,s=0 [1]c=0,s=0 [2]c=0,s=0 [3]c=0,s=0 [4]c=0,s=0 [9]c=2,s=0
xemu-perf: metal_surface_dirty vram_addr=0x3628000 size=2457600 write_addr=0x3628000 write_len=2457600 is_color=1
xemu-perf: metal_set_attr_masks uniform_attrs=0xf9fe [0]c=3,s=28 [1]c=0,s=28 [2]c=0,s=28 [3]c=0,s=28 [4]c=0,s=28 [9]c=2,s=28
xemu-perf: metal_set_attr_masks uniform_attrs=0xffff [0]c=2,s=0 [1]c=0,s=0 [2]c=0,s=0 [3]c=0,s=0 [4]c=0,s=0 [9]c=2,s=0
xemu-perf: metal_surface_dirty vram_addr=0x3628000 size=2457600 write_addr=0x3628000 write_len=2457600 is_color=1
xemu-perf: metal_screenshot_written path=/tmp/task16-repro2/swizzle-mipmap/metal/screenshots/swizzle-mipmap.0004.png w=640 h=480
xemu-perf: metal_set_attr_masks uniform_attrs=0xf9fe [0]c=3,s=28 [1]c=0,s=28 [2]c=0,s=28 [3]c=0,s=28 [4]c=0,s=28 [9]c=2,s=28
xemu-perf: metal_set_attr_masks uniform_attrs=0xffff [0]c=2,s=0 [1]c=0,s=0 [2]c=0,s=0 [3]c=0,s=0 [4]c=0,s=0 [9]c=2,s=0
xemu-perf: metal_surface_dirty vram_addr=0x3628000 size=2457600 write_addr=0x3628000 write_len=2457600 is_color=1
xemu-perf: metal_set_attr_masks uniform_attrs=0xf9fe [0]c=3,s=28 [1]c=0,s=28 [2]c=0,s=28 [3]c=0,s=28 [4]c=0,s=28 [9]c=2,s=28
xemu-perf: metal_set_attr_masks uniform_attrs=0xffff [0]c=2,s=0 [1]c=0,s=0 [2]c=0,s=0 [3]c=0,s=0 [4]c=0,s=0 [9]c=2,s=0
xemu-perf: metal_surface_dirty vram_addr=0x3628000 size=2457600 write_addr=0x3628000 write_len=2457600 is_color=1
xemu-perf: metal_set_attr_masks uniform_attrs=0xf9fe [0]c=3,s=28 [1]c=0,s=28 [2]c=0,s=28 [3]c=0,s=28 [4]c=0,s=28 [9]c=2,s=28
xemu-perf: metal_set_attr_masks uniform_attrs=0xffff [0]c=2,s=0 [1]c=0,s=0 [2]c=0,s=0 [3]c=0,s=0 [4]c=0,s=0 [9]c=2,s=0
xemu-perf: metal_surface_dirty vram_addr=0x3628000 size=2457600 write_addr=0x3628000 write_len=2457600 is_color=1
xemu-perf: metal_set_attr_masks uniform_attrs=0xf9fe [0]c=3,s=28 [1]c=0,s=28 [2]c=0,s=28 [3]c=0,s=28 [4]c=0,s=28 [9]c=2,s=28
xemu-perf: metal_set_attr_masks uniform_attrs=0xffff [0]c=2,s=0 [1]c=0,s=0 [2]c=0,s=0 [3]c=0,s=0 [4]c=0,s=0 [9]c=2,s=0
xemu-perf: metal_surface_dirty vram_addr=0x3628000 size=2457600 write_addr=0x3628000 write_len=2457600 is_color=1
xemu-perf: metal_set_attr_masks uniform_attrs=0xf9fe [0]c=3,s=28 [1]c=0,s=28 [2]c=0,s=28 [3]c=0,s=28 [4]c=0,s=28 [9]c=2,s=28
xemu-perf: metal_set_attr_masks uniform_attrs=0xffff [0]c=2,s=0 [1]c=0,s=0 [2]c=0,s=0 [3]c=0,s=0 [4]c=0,s=0 [9]c=2,s=0
xemu-perf: metal_surface_dirty vram_addr=0x3628000 size=2457600 write_addr=0x3628000 write_len=2457600 is_color=1
xemu-perf: metal_set_attr_masks uniform_attrs=0xf9fe [0]c=3,s=28 [1]c=0,s=28 [2]c=0,s=28 [3]c=0,s=28 [4]c=0,s=28 [9]c=2,s=28
xemu-perf: metal_set_attr_masks uniform_attrs=0xffff [0]c=2,s=0 [1]c=0,s=0 [2]c=0,s=0 [3]c=0,s=0 [4]c=0,s=0 [9]c=2,s=0
xemu-perf: metal_surface_dirty vram_addr=0x3628000 size=2457600 write_addr=0x3628000 write_len=2457600 is_color=1
xemu-perf: metal_set_attr_masks uniform_attrs=0xf9fe [0]c=3,s=28 [1]c=0,s=28 [2]c=0,s=28 [3]c=0,s=28 [4]c=0,s=28 [9]c=2,s=28
xemu-perf: metal_set_attr_masks uniform_attrs=0xffff [0]c=2,s=0 [1]c=0,s=0 [2]c=0,s=0 [3]c=0,s=0 [4]c=0,s=0 [9]c=2,s=0
xemu-perf: metal_surface_dirty vram_addr=0x3628000 size=2457600 write_addr=0x3628000 write_len=2457600 is_color=1
xemu-perf: metal_set_attr_masks uniform_attrs=0xf9fe [0]c=3,s=28 [1]c=0,s=28 [2]c=0,s=28 [3]c=0,s=28 [4]c=0,s=28 [9]c=2,s=28
xemu-perf: metal_set_attr_masks uniform_attrs=0xffff [0]c=2,s=0 [1]c=0,s=0 [2]c=0,s=0 [3]c=0,s=0 [4]c=0,s=0 [9]c=2,s=0
xemu-perf: metal_surface_dirty vram_addr=0x3628000 size=2457600 write_addr=0x3628000 write_len=2457600 is_color=1
xemu-perf: metal_screenshot_written path=/tmp/task16-repro2/swizzle-mipmap/metal/screenshots/swizzle-mipmap.0005.png w=640 h=480
xemu-perf: metal_set_attr_masks uniform_attrs=0xf9fe [0]c=3,s=28 [1]c=0,s=28 [2]c=0,s=28 [3]c=0,s=28 [4]c=0,s=28 [9]c=2,s=28
xemu-perf: metal_set_attr_masks uniform_attrs=0xffff [0]c=2,s=0 [1]c=0,s=0 [2]c=0,s=0 [3]c=0,s=0 [4]c=0,s=0 [9]c=2,s=0
xemu-perf: metal_surface_dirty vram_addr=0x3628000 size=2457600 write_addr=0x3628000 write_len=2457600 is_color=1
xemu-perf: metal_set_attr_masks uniform_attrs=0xf9fe [0]c=3,s=28 [1]c=0,s=28 [2]c=0,s=28 [3]c=0,s=28 [4]c=0,s=28 [9]c=2,s=28
xemu-perf: metal_set_attr_masks uniform_attrs=0xffff [0]c=2,s=0 [1]c=0,s=0 [2]c=0,s=0 [3]c=0,s=0 [4]c=0,s=0 [9]c=2,s=0
xemu-perf: metal_surface_dirty vram_addr=0x3628000 size=2457600 write_addr=0x3628000 write_len=2457600 is_color=1
xemu-perf: metal_set_attr_masks uniform_attrs=0xf9fe [0]c=3,s=28 [1]c=0,s=28 [2]c=0,s=28 [3]c=0,s=28 [4]c=0,s=28 [9]c=2,s=28
xemu-perf: metal_set_attr_masks uniform_attrs=0xffff [0]c=2,s=0 [1]c=0,s=0 [2]c=0,s=0 [3]c=0,s=0 [4]c=0,s=0 [9]c=2,s=0
xemu-perf: metal_surface_dirty vram_addr=0x3628000 size=2457600 write_addr=0x3628000 write_len=2457600 is_color=1
xemu-perf: metal_set_attr_masks uniform_attrs=0xf9fe [0]c=3,s=28 [1]c=0,s=28 [2]c=0,s=28 [3]c=0,s=28 [4]c=0,s=28 [9]c=2,s=28
xemu-perf: metal_set_attr_masks uniform_attrs=0xffff [0]c=2,s=0 [1]c=0,s=0 [2]c=0,s=0 [3]c=0,s=0 [4]c=0,s=0 [9]c=2,s=0
xemu-perf: metal_surface_dirty vram_addr=0x3628000 size=2457600 write_addr=0x3628000 write_len=2457600 is_color=1
xemu-perf: metal_set_attr_masks uniform_attrs=0xf9fe [0]c=3,s=28 [1]c=0,s=28 [2]c=0,s=28 [3]c=0,s=28 [4]c=0,s=28 [9]c=2,s=28
xemu-perf: metal_set_attr_masks uniform_attrs=0xffff [0]c=2,s=0 [1]c=0,s=0 [2]c=0,s=0 [3]c=0,s=0 [4]c=0,s=0 [9]c=2,s=0
xemu-perf: metal_surface_dirty vram_addr=0x3628000 size=2457600 write_addr=0x3628000 write_len=2457600 is_color=1
xemu-perf: metal_set_attr_masks uniform_attrs=0xf9fe [0]c=3,s=28 [1]c=0,s=28 [2]c=0,s=28 [3]c=0,s=28 [4]c=0,s=28 [9]c=2,s=28
xemu-perf: metal_set_attr_masks uniform_attrs=0xffff [0]c=2,s=0 [1]c=0,s=0 [2]c=0,s=0 [3]c=0,s=0 [4]c=0,s=0 [9]c=2,s=0
xemu-perf: metal_surface_dirty vram_addr=0x3628000 size=2457600 write_addr=0x3628000 write_len=2457600 is_color=1
xemu-perf: metal_set_attr_masks uniform_attrs=0xf9fe [0]c=3,s=28 [1]c=0,s=28 [2]c=0,s=28 [3]c=0,s=28 [4]c=0,s=28 [9]c=2,s=28
xemu-perf: metal_set_attr_masks uniform_attrs=0xffff [0]c=2,s=0 [1]c=0,s=0 [2]c=0,s=0 [3]c=0,s=0 [4]c=0,s=0 [9]c=2,s=0
xemu-perf: metal_surface_dirty vram_addr=0x3628000 size=2457600 write_addr=0x3628000 write_len=2457600 is_color=1
xemu-perf: metal_screenshot_written path=/tmp/task16-repro2/swizzle-mipmap/metal/screenshots/swizzle-mipmap.0006.png w=640 h=480
xemu-perf: metal_set_attr_masks uniform_attrs=0xf9fe [0]c=3,s=28 [1]c=0,s=28 [2]c=0,s=28 [3]c=0,s=28 [4]c=0,s=28 [9]c=2,s=28
xemu-perf: metal_set_attr_masks uniform_attrs=0xffff [0]c=2,s=0 [1]c=0,s=0 [2]c=0,s=0 [3]c=0,s=0 [4]c=0,s=0 [9]c=2,s=0
xemu-perf: metal_surface_dirty vram_addr=0x3628000 size=2457600 write_addr=0x3628000 write_len=2457600 is_color=1
xemu-perf: metal_set_attr_masks uniform_attrs=0xf9fe [0]c=3,s=28 [1]c=0,s=28 [2]c=0,s=28 [3]c=0,s=28 [4]c=0,s=28 [9]c=2,s=28
xemu-perf: metal_set_attr_masks uniform_attrs=0xffff [0]c=2,s=0 [1]c=0,s=0 [2]c=0,s=0 [3]c=0,s=0 [4]c=0,s=0 [9]c=2,s=0
xemu-perf: metal_surface_dirty vram_addr=0x3628000 size=2457600 write_addr=0x3628000 write_len=2457600 is_color=1
xemu-perf: metal_set_attr_masks uniform_attrs=0xf9fe [0]c=3,s=28 [1]c=0,s=28 [2]c=0,s=28 [3]c=0,s=28 [4]c=0,s=28 [9]c=2,s=28
xemu-perf: metal_set_attr_masks uniform_attrs=0xffff [0]c=2,s=0 [1]c=0,s=0 [2]c=0,s=0 [3]c=0,s=0 [4]c=0,s=0 [9]c=2,s=0
xemu-perf: metal_surface_dirty vram_addr=0x3628000 size=2457600 write_addr=0x3628000 write_len=2457600 is_color=1
xemu-perf: metal_set_attr_masks uniform_attrs=0xf9fe [0]c=3,s=28 [1]c=0,s=28 [2]c=0,s=28 [3]c=0,s=28 [4]c=0,s=28 [9]c=2,s=28
xemu-perf: metal_set_attr_masks uniform_attrs=0xffff [0]c=2,s=0 [1]c=0,s=0 [2]c=0,s=0 [3]c=0,s=0 [4]c=0,s=0 [9]c=2,s=0
xemu-perf: metal_surface_dirty vram_addr=0x3628000 size=2457600 write_addr=0x3628000 write_len=2457600 is_color=1
xemu-perf: metal_set_attr_masks uniform_attrs=0xf9fe [0]c=3,s=28 [1]c=0,s=28 [2]c=0,s=28 [3]c=0,s=28 [4]c=0,s=28 [9]c=2,s=28
xemu-perf: metal_set_attr_masks uniform_attrs=0xffff [0]c=2,s=0 [1]c=0,s=0 [2]c=0,s=0 [3]c=0,s=0 [4]c=0,s=0 [9]c=2,s=0
xemu-perf: metal_surface_dirty vram_addr=0x3628000 size=2457600 write_addr=0x3628000 write_len=2457600 is_color=1
xemu-perf: metal_set_attr_masks uniform_attrs=0xf9fe [0]c=3,s=28 [1]c=0,s=28 [2]c=0,s=28 [3]c=0,s=28 [4]c=0,s=28 [9]c=2,s=28
xemu-perf: interval_id=0 interval_start_us=197558660594 interval_end_us=197559675326 interval_ms=1014 frames=32 fps=31.54 mspf_avg=28.480 mspf_min=0.000 mspf_max=469.858 increment_fps=52 BEGIN_ENDS=28514 NATIVE_TRI_DEPTH_DRAW=28514 NATIVE_TRI_DEPTH_DRAW_SMOOTH=28514 TCG_TB_EXEC_COUNT=10601523 TCG_TB_INVALIDATE_COUNT=1674 TCG_NOTDIRTY_TRIPS=695 TCG_NOTDIRTY_PAGES_HIT=227 TCG_TB_INVALIDATE_BURST_MAX=214 TCG_JMP_CACHE_ZEROED_BUCKETS=368981642 TCG_INVALIDATE_WALL_US_MAX=52 TCG_INVALIDATE_WALL_US_TOTAL=400 TCG_TB_LOOKUP_US_TOTAL=0 TCG_TB_GEN_CODE_US_TOTAL=0 TCG_HANDLE_INTERRUPT_US_TOTAL=0 TCG_XBOX_IDLE_LOOP_HITS=0 TCG_XBOX_IDLE_LOOP_YIELDS=0 TCG_XBOX_IDLE_LOOP_HALTS=0 MMIO_READ_COUNT=0 MMIO_READ_US_TOTAL=0 MMIO_READ_US_MAX=0 MMIO_READ_PGRAPH_COUNT=0 MMIO_READ_PGRAPH_US_TOTAL=0 MMIO_READ_PGRAPH_US_MAX=0 NV2A_VBLANK_FIRES=66 NV2A_FLIP_STALL_WRITES=31 NV2A_PRESENT_HEARTBEAT=31 XEMU_GL_SWAPS=0 RATE_SLEW_RATIO_E6=1000000 RATE_SLEW_ACTIVE=0 APU_LOCK_HOLD_US_TOTAL=44188 APU_VCPU_LOCK_WAIT_US_MAX=54 PFIFO_PUSHER_RUNS=362 PFIFO_PUSHER_STALLS=322 PFIFO_PUSHER_STALL_FLIP=0 PFIFO_PUSHER_STALL_NOP=279 PFIFO_PUSHER_STALL_FIFO=52 PFIFO_PULLER_CALLS=191390 PFIFO_PULLER_STALLS=31 PFIFO_PULLER_STALL_FLIP=31 PFIFO_PULLER_STALL_NOP=0 PFIFO_PULLER_STALL_CONTEXT=0 PFIFO_PULLER_STALL_FIFO=0 PFIFO_PUSHER_WORDS=2376401 PFIFO_PULLER_METHOD_WORDS=2193539 PFIFO_DMA_BACKLOG_BYTES_MAX=59244544 PFIFO_USER_DMA_PUT_WRITES=335 PFIFO_USER_DMA_GET_WRITES=0 PFIFO_USER_DMA_PUT_READS=0 PFIFO_USER_DMA_GET_READS=163 PGRAPH_PATT_COLOR0_WRITES=0 PGRAPH_PATT_COLOR0_READS=0 PGRAPH_FLIP_STALL_SETS=31 PGRAPH_FLIP_STALL_CHECKS=62 PGRAPH_FLIP_STALL_STILL_WAITING=31 PGRAPH_FLIP_STALL_COMPLETES=31 METAL_DRAW_COUNT=28514 METAL_DRAW_INDEXED_COUNT=28483 METAL_NATIVE_TRI_DEPTH_DRAWS=28514 METAL_NATIVE_QUAD_DRAWS=0 METAL_CLEAR_COUNT=163 METAL_GLSL_TRANSLATE=34 METAL_GLSL_TRANSLATE_FAIL=0 METAL_SHADER_VALIDATE_OK=0 METAL_SHADER_VALIDATE_FAIL=0 METAL_PIPELINE_HITS=28497 METAL_PIPELINE_MISSES=17 METAL_PIPELINE_FAILED=0 METAL_TEX_UPLOADS_TOTAL=38 METAL_TEX_UPLOAD_BYTES_TOTAL=77878608 METAL_TEX_CACHE_HITS=7940 METAL_TEX_CACHE_MISSES=40 METAL_PIPELINE_KEY_BUILT=28514 METAL_PIPELINE_TRANSLATED_OK=28514 METAL_PIPELINE_TRANSLATED_FAILED=0 METAL_DISPATCH_US_TOTAL=404776 METAL_TEX_BIND_US_TOTAL=45109 METAL_DRAW_ENCODE_US_TOTAL=48254 METAL_DRAW_PASS_OPENS=163 METAL_DRAW_PASS_COALESCED=28351 METAL_DRAW_PASS_FLUSHES=161 METAL_OPEN_PASS_FLUSH_US_TOTAL=2740 METAL_TEX_UPLOAD_US_TOTAL=3216 METAL_DRAW_TRANSLATED=28514 METAL_PIPELINE_FALLBACKS=0 METAL_UNIFORM_PACK=57028 METAL_UNIFORM_BYTES=186595616 METAL_SHADER_COMPILE_QUEUED_TOTAL=0 METAL_SHADER_COMPILE_COMPLETED_TOTAL=0 METAL_SHADER_COMPILE_FAILED_TOTAL=0 METAL_DRAWS_SKIPPED_PENDING_TOTAL=0 METAL_DRAWS_USING_UBERSHADER_TOTAL=0 METAL_SHADER_CACHE_LOADS=17 METAL_SHADER_CACHE_HITS=0 METAL_SHADER_CACHE_MISSES=17 METAL_PRESENTS=0 METAL_PRESENT_JITTER_US_TOTAL=0 METAL_PRESENT_JITTER_US_AVG=0 METAL_PRESENT_JITTER_US_MAX=0 METAL_DRAWABLE_ACQUIRE_FAILS=0 METAL_DISPLAY_LINK_CALLBACKS=0 METAL_MSAA_RESOLVE_COUNT=0 METAL_MSAA_RESOLVE_US_TOTAL=0 METAL_MSAA_SAMPLE_COUNT=1 METAL_FX_SPATIAL_PRESENTS=0 METAL_FX_SPATIAL_US_TOTAL=0 METAL_FX_SCALE_FACTOR=1 METAL_FX_SPATIAL_GPU_US_TOTAL=0 METAL_VERTEX_US_TOTAL=1591 METAL_FRAGMENT_US_TOTAL=3023 METAL_PRESENT_GPU_US_TOTAL=4782 METAL_PRESENT_GPU_FRAMES=115 METAL_CAPTURE_FRAMES=0 METAL_CAPTURE_ACTIVE=0 METAL_SCREENSHOTS_TAKEN=6 METAL_FRONT_FB_PUBLISHES=32 METAL_SURFACE_CACHE_SIZE=17 METAL_IMAGE_BLITS=0 METAL_SURFACE_VRAM_DIRTY_HITS=30 METAL_SURFACE_VRAM_UPLOADS=41 METAL_SURFACE_VRAM_UPLOAD_BYTES=83705856 METAL_SURFACE_RECREATE_SHAPE_MISMATCH=0 METAL_SURFACE_DOWNLOADS=30 METAL_SURFACE_DOWNLOAD_BYTES=73728000 METAL_SURFACE_DOWNLOAD_US_TOTAL=19208 METAL_DRAW_RT_DUMPS=0 METAL_SURFACE_GRAPH_DUMPS=0 METAL_SIBLING_SYNCS=0 METAL_SIBLING_SYNC_SKIPS=0 METAL_FLAT_QUAD_PROPAGATIONS=0 INPUT_USB_POLLS=0 INPUT_BACKEND_UPDATES=118 INPUT_LAT_US_TOTAL=0 INPUT_LAT_US_MAX=0 IDE_READ_SUBMITS=8 IDE_READ_COMPLETES=8 IDE_READ_BYTES=155648 IDE_READ_LAT_US_TOTAL=5131 IDE_READ_LAT_US_MAX=957 IDE_READ_LAT_GT_16MS=0 IDE_READ_LAT_GT_33MS=0 IDE_READ_LAT_GT_50MS=0 IDE_READ_LAT_GT_100MS=0 IDE_READ_INFLIGHT_MAX=1 ATAPI_PIO_SYNC_READS=0 ATAPI_PIO_SYNC_BYTES=0 ATAPI_PIO_SYNC_US_TOTAL=0 ATAPI_PIO_SYNC_US_MAX=0 HELPER_RDTSC_CALLS=3410 PIT_IRQ_TIMER_FIRES=2144 PIT_COALESCE_EVENTS=0 PIT_COALESCE_LATE_US_TOTAL=0 PIT_COALESCE_LATE_US_MAX=0 PIT_COALESCE_SKIPPED_TRANSITIONS=0
xemu-perf: metal_draw_target vram_addr=0x32a4000 count=31
xemu-perf: metal_draw_target vram_addr=0x2854000 count=433
xemu-perf: metal_draw_target vram_addr=0x2894000 count=433
xemu-perf: metal_draw_target vram_addr=0x28d4000 count=433
xemu-perf: metal_draw_target vram_addr=0x2914000 count=433
xemu-perf: metal_draw_target vram_addr=0x2954000 count=433
xemu-perf: metal_draw_target vram_addr=0x2994000 count=433
xemu-perf: metal_draw_target vram_addr=0x2e06000 count=6944
xemu-perf: metal_draw_target vram_addr=0x3628000 count=62
xemu-perf: metal_draw_target vram_addr=0x2c06000 count=6510
xemu-perf: metal_draw_target_zero count=12369
xemu-perf: metal_set_attr_masks uniform_attrs=0xffff [0]c=2,s=0 [1]c=0,s=0 [2]c=0,s=0 [3]c=0,s=0 [4]c=0,s=0 [9]c=2,s=0
xemu-perf: metal_surface_dirty vram_addr=0x3628000 size=2457600 write_addr=0x3628000 write_len=2457600 is_color=1
xemu-perf: metal_set_attr_masks uniform_attrs=0xfdfe [0]c=3,s=20 [1]c=0,s=20 [2]c=0,s=20 [3]c=0,s=20 [4]c=0,s=20 [9]c=2,s=20
xemu-perf: metal_screenshot_written path=/tmp/task16-repro2/swizzle-mipmap/metal/screenshots/swizzle-mipmap.0007.png w=640 h=480
xemu-perf: metal_surface_dirty vram_addr=0x3628000 size=2457600 write_addr=0x3628000 write_len=2457600 is_color=1
xemu-perf: metal_surface_dirty vram_addr=0x3628000 size=2457600 write_addr=0x3628000 write_len=2457600 is_color=1
xemu-perf: metal_surface_dirty vram_addr=0x3628000 size=2457600 write_addr=0x3628000 write_len=2457600 is_color=1
xemu-perf: metal_screenshot_written path=/tmp/task16-repro2/swizzle-mipmap/metal/screenshots/swizzle-mipmap.0008.png w=640 h=480
xemu-perf: metal_surface_dirty vram_addr=0x3628000 size=2457600 write_addr=0x3628000 write_len=2457600 is_color=1
xemu-perf: metal_surface_dirty vram_addr=0x3628000 size=2457600 write_addr=0x3628000 write_len=2457600 is_color=1
xemu-perf: metal_surface_dirty vram_addr=0x3628000 size=2457600 write_addr=0x3628000 write_len=2457600 is_color=1
xemu-perf: metal_surface_dirty vram_addr=0x3628000 size=2457600 write_addr=0x3628000 write_len=2457600 is_color=1
xemu-perf: metal_screenshot_written path=/tmp/task16-repro2/swizzle-mipmap/metal/screenshots/swizzle-mipmap.0009.png w=640 h=480
xemu-perf: metal_surface_dirty vram_addr=0x3628000 size=2457600 write_addr=0x3628000 write_len=2457600 is_color=1
xemu-perf: metal_surface_dirty vram_addr=0x3628000 size=2457600 write_addr=0x3628000 write_len=2457600 is_color=1
xemu-perf: metal_surface_dirty vram_addr=0x3628000 size=2457600 write_addr=0x3628000 write_len=2457600 is_color=1
xemu-perf: metal_surface_dirty vram_addr=0x3628000 size=2457600 write_addr=0x3628000 write_len=2457600 is_color=1
xemu-perf: metal_surface_dirty vram_addr=0x3628000 size=2457600 write_addr=0x3628000 write_len=2457600 is_color=1
xemu-perf: metal_screenshot_written path=/tmp/task16-repro2/swizzle-mipmap/metal/screenshots/swizzle-mipmap.0010.png w=640 h=480
xemu-perf: metal_surface_dirty vram_addr=0x3628000 size=2457600 write_addr=0x3628000 write_len=2457600 is_color=1
xemu-perf: metal_surface_dirty vram_addr=0x3628000 size=2457600 write_addr=0x3628000 write_len=2457600 is_color=1
xemu-perf: metal_surface_dirty vram_addr=0x3628000 size=2457600 write_addr=0x3628000 write_len=2457600 is_color=1
xemu-perf: metal_screenshot_written path=/tmp/task16-repro2/swizzle-mipmap/metal/screenshots/swizzle-mipmap.0011.png w=640 h=480
xemu-perf: metal_surface_dirty vram_addr=0x3628000 size=2457600 write_addr=0x3628000 write_len=2457600 is_color=1
xemu-perf: metal_surface_dirty vram_addr=0x3628000 size=2457600 write_addr=0x3628000 write_len=2457600 is_color=1
xemu-perf: metal_surface_dirty vram_addr=0x3628000 size=2457600 write_addr=0x3628000 write_len=2457600 is_color=1
xemu-perf: metal_surface_dirty vram_addr=0x3628000 size=2457600 write_addr=0x3628000 write_len=2457600 is_color=1
xemu-perf: metal_screenshot_written path=/tmp/task16-repro2/swizzle-mipmap/metal/screenshots/swizzle-mipmap.0012.png w=640 h=480
xemu-perf: metal_surface_dirty vram_addr=0x3628000 size=2457600 write_addr=0x3628000 write_len=2457600 is_color=1
xemu-perf: metal_surface_dirty vram_addr=0x3628000 size=2457600 write_addr=0x3628000 write_len=2457600 is_color=1
xemu-perf: metal_surface_dirty vram_addr=0x3628000 size=2457600 write_addr=0x3628000 write_len=2457600 is_color=1
xemu-perf: metal_surface_dirty vram_addr=0x3628000 size=2457600 write_addr=0x3628000 write_len=2457600 is_color=1
xemu-perf: metal_screenshot_written path=/tmp/task16-repro2/swizzle-mipmap/metal/screenshots/swizzle-mipmap.0013.png w=640 h=480
xemu-perf: metal_surface_dirty vram_addr=0x3628000 size=2457600 write_addr=0x3628000 write_len=2457600 is_color=1
xemu-perf: metal_surface_dirty vram_addr=0x3628000 size=2457600 write_addr=0x3628000 write_len=2457600 is_color=1
xemu-perf: metal_surface_dirty vram_addr=0x3628000 size=2457600 write_addr=0x3628000 write_len=2457600 is_color=1
xemu-perf: metal_surface_dirty vram_addr=0x3628000 size=2457600 write_addr=0x3628000 write_len=2457600 is_color=1
xemu-perf: metal_screenshot_written path=/tmp/task16-repro2/swizzle-mipmap/metal/screenshots/swizzle-mipmap.0014.png w=640 h=480
xemu-perf: metal_surface_dirty vram_addr=0x3628000 size=2457600 write_addr=0x3628000 write_len=2457600 is_color=1
xemu-perf: metal_surface_dirty vram_addr=0x3628000 size=2457600 write_addr=0x3628000 write_len=2457600 is_color=1
xemu-perf: metal_surface_dirty vram_addr=0x3628000 size=2457600 write_addr=0x3628000 write_len=2457600 is_color=1
xemu-perf: interval_id=1 interval_start_us=197559777511 interval_end_us=197560798820 interval_ms=1021 frames=31 fps=30.35 mspf_avg=29.356 mspf_min=14.172 mspf_max=98.194 increment_fps=30 BEGIN_ENDS=36146 NATIVE_TRI_DEPTH_DRAW=36146 NATIVE_TRI_DEPTH_DRAW_SMOOTH=36146 TCG_TB_EXEC_COUNT=16516115 TCG_TB_INVALIDATE_COUNT=553 TCG_NOTDIRTY_TRIPS=294 TCG_NOTDIRTY_PAGES_HIT=3 TCG_TB_INVALIDATE_BURST_MAX=16 TCG_JMP_CACHE_ZEROED_BUCKETS=492413481 TCG_INVALIDATE_WALL_US_MAX=5 TCG_INVALIDATE_WALL_US_TOTAL=176 TCG_TB_LOOKUP_US_TOTAL=0 TCG_TB_GEN_CODE_US_TOTAL=0 TCG_HANDLE_INTERRUPT_US_TOTAL=0 TCG_XBOX_IDLE_LOOP_HITS=0 TCG_XBOX_IDLE_LOOP_YIELDS=0 TCG_XBOX_IDLE_LOOP_HALTS=0 MMIO_READ_COUNT=0 MMIO_READ_US_TOTAL=0 MMIO_READ_US_MAX=0 MMIO_READ_PGRAPH_COUNT=0 MMIO_READ_PGRAPH_US_TOTAL=0 MMIO_READ_PGRAPH_US_MAX=0 NV2A_VBLANK_FIRES=68 NV2A_FLIP_STALL_WRITES=31 NV2A_PRESENT_HEARTBEAT=31 XEMU_GL_SWAPS=0 RATE_SLEW_RATIO_E6=1000000 RATE_SLEW_ACTIVE=0 APU_LOCK_HOLD_US_TOTAL=46351 APU_VCPU_LOCK_WAIT_US_MAX=66 PFIFO_PUSHER_RUNS=468 PFIFO_PUSHER_STALLS=277 PFIFO_PUSHER_STALL_FLIP=0 PFIFO_PUSHER_STALL_NOP=225 PFIFO_PUSHER_STALL_FIFO=64 PFIFO_PULLER_CALLS=323295 PFIFO_PULLER_STALLS=43 PFIFO_PULLER_STALL_FLIP=43 PFIFO_PULLER_STALL_NOP=0 PFIFO_PULLER_STALL_CONTEXT=0 PFIFO_PULLER_STALL_FIFO=0 PFIFO_PUSHER_WORDS=3461874 PFIFO_PULLER_METHOD_WORDS=3153916 PFIFO_DMA_BACKLOG_BYTES_MAX=565520 PFIFO_USER_DMA_PUT_WRITES=443 PFIFO_USER_DMA_GET_WRITES=0 PFIFO_USER_DMA_PUT_READS=0 PFIFO_USER_DMA_GET_READS=237 PGRAPH_PATT_COLOR0_WRITES=0 PGRAPH_PATT_COLOR0_READS=0 PGRAPH_FLIP_STALL_SETS=31 PGRAPH_FLIP_STALL_CHECKS=74 PGRAPH_FLIP_STALL_STILL_WAITING=43 PGRAPH_FLIP_STALL_COMPLETES=31 METAL_DRAW_COUNT=36146 METAL_DRAW_INDEXED_COUNT=36115 METAL_NATIVE_TRI_DEPTH_DRAWS=36146 METAL_NATIVE_QUAD_DRAWS=0 METAL_CLEAR_COUNT=155 METAL_GLSL_TRANSLATE=36 METAL_GLSL_TRANSLATE_FAIL=0 METAL_SHADER_VALIDATE_OK=0 METAL_SHADER_VALIDATE_FAIL=0 METAL_PIPELINE_HITS=36128 METAL_PIPELINE_MISSES=18 METAL_PIPELINE_FAILED=0 METAL_TEX_UPLOADS_TOTAL=31 METAL_TEX_UPLOAD_BYTES_TOTAL=76185600 METAL_TEX_CACHE_HITS=30811 METAL_TEX_CACHE_MISSES=31 METAL_PIPELINE_KEY_BUILT=36146 METAL_PIPELINE_TRANSLATED_OK=36146 METAL_PIPELINE_TRANSLATED_FAILED=0 METAL_DISPATCH_US_TOTAL=415903 METAL_TEX_BIND_US_TOTAL=43033 METAL_DRAW_ENCODE_US_TOTAL=66106 METAL_DRAW_PASS_OPENS=178 METAL_DRAW_PASS_COALESCED=35968 METAL_DRAW_PASS_FLUSHES=178 METAL_OPEN_PASS_FLUSH_US_TOTAL=3105 METAL_TEX_UPLOAD_US_TOTAL=1786 METAL_DRAW_TRANSLATED=36146 METAL_PIPELINE_FALLBACKS=0 METAL_UNIFORM_PACK=72292 METAL_UNIFORM_BYTES=236539424 METAL_SHADER_COMPILE_QUEUED_TOTAL=0 METAL_SHADER_COMPILE_COMPLETED_TOTAL=0 METAL_SHADER_COMPILE_FAILED_TOTAL=0 METAL_DRAWS_SKIPPED_PENDING_TOTAL=0 METAL_DRAWS_USING_UBERSHADER_TOTAL=0 METAL_SHADER_CACHE_LOADS=18 METAL_SHADER_CACHE_HITS=0 METAL_SHADER_CACHE_MISSES=18 METAL_PRESENTS=0 METAL_PRESENT_JITTER_US_TOTAL=0 METAL_PRESENT_JITTER_US_AVG=0 METAL_PRESENT_JITTER_US_MAX=0 METAL_DRAWABLE_ACQUIRE_FAILS=0 METAL_DISPLAY_LINK_CALLBACKS=0 METAL_MSAA_RESOLVE_COUNT=0 METAL_MSAA_RESOLVE_US_TOTAL=0 METAL_MSAA_SAMPLE_COUNT=1 METAL_FX_SPATIAL_PRESENTS=0 METAL_FX_SPATIAL_US_TOTAL=0 METAL_FX_SCALE_FACTOR=1 METAL_FX_SPATIAL_GPU_US_TOTAL=0 METAL_VERTEX_US_TOTAL=1634 METAL_FRAGMENT_US_TOTAL=3108 METAL_PRESENT_GPU_US_TOTAL=5443 METAL_PRESENT_GPU_FRAMES=124 METAL_CAPTURE_FRAMES=0 METAL_CAPTURE_ACTIVE=0 METAL_SCREENSHOTS_TAKEN=8 METAL_FRONT_FB_PUBLISHES=31 METAL_SURFACE_CACHE_SIZE=17 METAL_IMAGE_BLITS=0 METAL_SURFACE_VRAM_DIRTY_HITS=31 METAL_SURFACE_VRAM_UPLOADS=31 METAL_SURFACE_VRAM_UPLOAD_BYTES=76185600 METAL_SURFACE_RECREATE_SHAPE_MISMATCH=0 METAL_SURFACE_DOWNLOADS=31 METAL_SURFACE_DOWNLOAD_BYTES=76185600 METAL_SURFACE_DOWNLOAD_US_TOTAL=15560 METAL_DRAW_RT_DUMPS=0 METAL_SURFACE_GRAPH_DUMPS=0 METAL_SIBLING_SYNCS=0 METAL_SIBLING_SYNC_SKIPS=0 METAL_FLAT_QUAD_PROPAGATIONS=0 INPUT_USB_POLLS=0 INPUT_BACKEND_UPDATES=122 INPUT_LAT_US_TOTAL=0 INPUT_LAT_US_MAX=0 PIT_IRQ_TIMER_FIRES=2246 PIT_COALESCE_EVENTS=0 PIT_COALESCE_LATE_US_TOTAL=0 PIT_COALESCE_LATE_US_MAX=0 PIT_COALESCE_SKIPPED_TRANSITIONS=0
xemu-perf: metal_draw_target vram_addr=0x32a4000 count=31
xemu-perf: metal_draw_target vram_addr=0x2e06000 count=4774
xemu-perf: metal_draw_target vram_addr=0x3628000 count=10292
xemu-perf: metal_draw_target vram_addr=0x2c06000 count=8680
xemu-perf: metal_draw_target_zero count=12369
xemu-perf: metal_screenshot_written path=/tmp/task16-repro2/swizzle-mipmap/metal/screenshots/swizzle-mipmap.0015.png w=640 h=480
xemu-perf: metal_surface_dirty vram_addr=0x3628000 size=2457600 write_addr=0x3628000 write_len=2457600 is_color=1
xemu-perf: metal_surface_dirty vram_addr=0x3628000 size=2457600 write_addr=0x3628000 write_len=2457600 is_color=1
xemu-perf: metal_surface_dirty vram_addr=0x3628000 size=2457600 write_addr=0x3628000 write_len=2457600 is_color=1
xemu-perf: metal_surface_dirty vram_addr=0x3628000 size=2457600 write_addr=0x3628000 write_len=2457600 is_color=1
xemu-perf: metal_screenshot_written path=/tmp/task16-repro2/swizzle-mipmap/metal/screenshots/swizzle-mipmap.0016.png w=640 h=480
xemu-perf: metal_surface_dirty vram_addr=0x3628000 size=2457600 write_addr=0x3628000 write_len=2457600 is_color=1
xemu-perf: metal_surface_dirty vram_addr=0x3628000 size=2457600 write_addr=0x3628000 write_len=2457600 is_color=1
xemu-perf: metal_surface_dirty vram_addr=0x3628000 size=2457600 write_addr=0x3628000 write_len=2457600 is_color=1
xemu-perf: metal_surface_dirty vram_addr=0x3628000 size=2457600 write_addr=0x3628000 write_len=2457600 is_color=1
xemu-perf: metal_screenshot_written path=/tmp/task16-repro2/swizzle-mipmap/metal/screenshots/swizzle-mipmap.0017.png w=640 h=480
xemu-perf: metal_surface_dirty vram_addr=0x3628000 size=2457600 write_addr=0x3628000 write_len=2457600 is_color=1
xemu-perf: metal_surface_dirty vram_addr=0x3628000 size=2457600 write_addr=0x3628000 write_len=2457600 is_color=1
xemu-perf: metal_surface_dirty vram_addr=0x3628000 size=2457600 write_addr=0x3628000 write_len=2457600 is_color=1
xemu-perf: metal_surface_dirty vram_addr=0x3628000 size=2457600 write_addr=0x3628000 write_len=2457600 is_color=1
xemu-perf: metal_screenshot_written path=/tmp/task16-repro2/swizzle-mipmap/metal/screenshots/swizzle-mipmap.0018.png w=640 h=480
xemu-perf: metal_surface_dirty vram_addr=0x3628000 size=2457600 write_addr=0x3628000 write_len=2457600 is_color=1
xemu-perf: metal_surface_dirty vram_addr=0x3628000 size=2457600 write_addr=0x3628000 write_len=2457600 is_color=1
xemu-perf: metal_surface_dirty vram_addr=0x3628000 size=2457600 write_addr=0x3628000 write_len=2457600 is_color=1
xemu-perf: metal_screenshot_written path=/tmp/task16-repro2/swizzle-mipmap/metal/screenshots/swizzle-mipmap.0019.png w=640 h=480
xemu-perf: metal_surface_dirty vram_addr=0x3628000 size=2457600 write_addr=0x3628000 write_len=2457600 is_color=1
xemu-perf: metal_surface_dirty vram_addr=0x3628000 size=2457600 write_addr=0x3628000 write_len=2457600 is_color=1
xemu-perf: metal_surface_dirty vram_addr=0x3628000 size=2457600 write_addr=0x3628000 write_len=2457600 is_color=1
xemu-perf: metal_surface_dirty vram_addr=0x3628000 size=2457600 write_addr=0x3628000 write_len=2457600 is_color=1
xemu-perf: metal_screenshot_written path=/tmp/task16-repro2/swizzle-mipmap/metal/screenshots/swizzle-mipmap.0020.png w=640 h=480
xemu-perf: metal_surface_dirty vram_addr=0x3628000 size=2457600 write_addr=0x3628000 write_len=2457600 is_color=1
xemu-perf: metal_surface_dirty vram_addr=0x3628000 size=2457600 write_addr=0x3628000 write_len=2457600 is_color=1
xemu-perf: metal_surface_dirty vram_addr=0x3628000 size=2457600 write_addr=0x3628000 write_len=2457600 is_color=1
xemu-perf: metal_surface_dirty vram_addr=0x3628000 size=2457600 write_addr=0x3628000 write_len=2457600 is_color=1
xemu-perf: metal_screenshot_written path=/tmp/task16-repro2/swizzle-mipmap/metal/screenshots/swizzle-mipmap.0021.png w=640 h=480
xemu-perf: metal_surface_dirty vram_addr=0x3628000 size=2457600 write_addr=0x3628000 write_len=2457600 is_color=1
xemu-perf: metal_surface_dirty vram_addr=0x3628000 size=2457600 write_addr=0x3628000 write_len=2457600 is_color=1
xemu-perf: metal_surface_dirty vram_addr=0x3628000 size=2457600 write_addr=0x3628000 write_len=2457600 is_color=1
xemu-perf: metal_surface_dirty vram_addr=0x3628000 size=2457600 write_addr=0x3628000 write_len=2457600 is_color=1
xemu-perf: metal_screenshot_written path=/tmp/task16-repro2/swizzle-mipmap/metal/screenshots/swizzle-mipmap.0022.png w=640 h=480
xemu-perf: metal_surface_dirty vram_addr=0x3628000 size=2457600 write_addr=0x3628000 write_len=2457600 is_color=1
xemu-perf: metal_surface_dirty vram_addr=0x3628000 size=2457600 write_addr=0x3628000 write_len=2457600 is_color=1
xemu-perf: metal_surface_dirty vram_addr=0x3628000 size=2457600 write_addr=0x3628000 write_len=2457600 is_color=1
xemu-perf: metal_screenshot_written path=/tmp/task16-repro2/swizzle-mipmap/metal/screenshots/swizzle-mipmap.0023.png w=640 h=480
xemu-perf: metal_surface_dirty vram_addr=0x3628000 size=2457600 write_addr=0x3628000 write_len=2457600 is_color=1
xemu-perf: interval_id=2 interval_start_us=197560833265 interval_end_us=197561840477 interval_ms=1007 frames=31 fps=30.78 mspf_avg=26.449 mspf_min=20.633 mspf_max=31.998 increment_fps=30 BEGIN_ENDS=39618 NATIVE_TRI_DEPTH_DRAW=39618 NATIVE_TRI_DEPTH_DRAW_SMOOTH=39618 TCG_TB_EXEC_COUNT=65919 TCG_TB_INVALIDATE_COUNT=490 TCG_NOTDIRTY_TRIPS=271 TCG_NOTDIRTY_PAGES_HIT=3 TCG_TB_INVALIDATE_BURST_MAX=14 TCG_JMP_CACHE_ZEROED_BUCKETS=549298666 TCG_INVALIDATE_WALL_US_MAX=6 TCG_INVALIDATE_WALL_US_TOTAL=173 TCG_TB_LOOKUP_US_TOTAL=0 TCG_TB_GEN_CODE_US_TOTAL=0 TCG_HANDLE_INTERRUPT_US_TOTAL=0 TCG_XBOX_IDLE_LOOP_HITS=0 TCG_XBOX_IDLE_LOOP_YIELDS=0 TCG_XBOX_IDLE_LOOP_HALTS=0 MMIO_READ_COUNT=0 MMIO_READ_US_TOTAL=0 MMIO_READ_US_MAX=0 MMIO_READ_PGRAPH_COUNT=0 MMIO_READ_PGRAPH_US_TOTAL=0 MMIO_READ_PGRAPH_US_MAX=0 NV2A_VBLANK_FIRES=62 NV2A_FLIP_STALL_WRITES=31 NV2A_PRESENT_HEARTBEAT=31 XEMU_GL_SWAPS=0 RATE_SLEW_RATIO_E6=1000000 RATE_SLEW_ACTIVE=0 APU_LOCK_HOLD_US_TOTAL=42113 APU_VCPU_LOCK_WAIT_US_MAX=71 PFIFO_PUSHER_RUNS=478 PFIFO_PUSHER_STALLS=260 PFIFO_PUSHER_STALL_FLIP=0 PFIFO_PUSHER_STALL_NOP=225 PFIFO_PUSHER_STALL_FIFO=37 PFIFO_PULLER_CALLS=382484 PFIFO_PULLER_STALLS=41 PFIFO_PULLER_STALL_FLIP=41 PFIFO_PULLER_STALL_NOP=0 PFIFO_PULLER_STALL_CONTEXT=0 PFIFO_PULLER_STALL_FIFO=0 PFIFO_PUSHER_WORDS=3892925 PFIFO_PULLER_METHOD_WORDS=3528886 PFIFO_DMA_BACKLOG_BYTES_MAX=230648 PFIFO_USER_DMA_PUT_WRITES=507 PFIFO_USER_DMA_GET_WRITES=0 PFIFO_USER_DMA_PUT_READS=0 PFIFO_USER_DMA_GET_READS=253 PGRAPH_PATT_COLOR0_WRITES=0 PGRAPH_PATT_COLOR0_READS=0 PGRAPH_FLIP_STALL_SETS=31 PGRAPH_FLIP_STALL_CHECKS=72 PGRAPH_FLIP_STALL_STILL_WAITING=41 PGRAPH_FLIP_STALL_COMPLETES=31 METAL_DRAW_COUNT=39618 METAL_DRAW_INDEXED_COUNT=39587 METAL_NATIVE_TRI_DEPTH_DRAWS=39618 METAL_NATIVE_QUAD_DRAWS=0 METAL_CLEAR_COUNT=155 METAL_GLSL_TRANSLATE=0 METAL_GLSL_TRANSLATE_FAIL=0 METAL_SHADER_VALIDATE_OK=0 METAL_SHADER_VALIDATE_FAIL=0 METAL_PIPELINE_HITS=39618 METAL_PIPELINE_MISSES=0 METAL_PIPELINE_FAILED=0 METAL_TEX_UPLOADS_TOTAL=31 METAL_TEX_UPLOAD_BYTES_TOTAL=76185600 METAL_TEX_CACHE_HITS=41323 METAL_TEX_CACHE_MISSES=31 METAL_PIPELINE_KEY_BUILT=39618 METAL_PIPELINE_TRANSLATED_OK=39618 METAL_PIPELINE_TRANSLATED_FAILED=0 METAL_DISPATCH_US_TOTAL=303983 METAL_TEX_BIND_US_TOTAL=61853 METAL_DRAW_ENCODE_US_TOTAL=73431 METAL_DRAW_PASS_OPENS=186 METAL_DRAW_PASS_COALESCED=39432 METAL_DRAW_PASS_FLUSHES=186 METAL_OPEN_PASS_FLUSH_US_TOTAL=3465 METAL_TEX_UPLOAD_US_TOTAL=1902 METAL_DRAW_TRANSLATED=39618 METAL_PIPELINE_FALLBACKS=0 METAL_UNIFORM_PACK=79236 METAL_UNIFORM_BYTES=259260192 METAL_SHADER_COMPILE_QUEUED_TOTAL=0 METAL_SHADER_COMPILE_COMPLETED_TOTAL=0 METAL_SHADER_COMPILE_FAILED_TOTAL=0 METAL_DRAWS_SKIPPED_PENDING_TOTAL=0 METAL_DRAWS_USING_UBERSHADER_TOTAL=0 METAL_SHADER_CACHE_LOADS=0 METAL_SHADER_CACHE_HITS=0 METAL_SHADER_CACHE_MISSES=0 METAL_PRESENTS=0 METAL_PRESENT_JITTER_US_TOTAL=0 METAL_PRESENT_JITTER_US_AVG=0 METAL_PRESENT_JITTER_US_MAX=0 METAL_DRAWABLE_ACQUIRE_FAILS=0 METAL_DISPLAY_LINK_CALLBACKS=0 METAL_MSAA_RESOLVE_COUNT=0 METAL_MSAA_RESOLVE_US_TOTAL=0 METAL_MSAA_SAMPLE_COUNT=1 METAL_FX_SPATIAL_PRESENTS=0 METAL_FX_SPATIAL_US_TOTAL=0 METAL_FX_SCALE_FACTOR=1 METAL_FX_SPATIAL_GPU_US_TOTAL=0 METAL_VERTEX_US_TOTAL=1750 METAL_FRAGMENT_US_TOTAL=2829 METAL_PRESENT_GPU_US_TOTAL=5031 METAL_PRESENT_GPU_FRAMES=125 METAL_CAPTURE_FRAMES=0 METAL_CAPTURE_ACTIVE=0 METAL_SCREENSHOTS_TAKEN=9 METAL_FRONT_FB_PUBLISHES=31 METAL_SURFACE_CACHE_SIZE=17 METAL_IMAGE_BLITS=0 METAL_SURFACE_VRAM_DIRTY_HITS=31 METAL_SURFACE_VRAM_UPLOADS=31 METAL_SURFACE_VRAM_UPLOAD_BYTES=76185600 METAL_SURFACE_RECREATE_SHAPE_MISMATCH=0 METAL_SURFACE_DOWNLOADS=31 METAL_SURFACE_DOWNLOAD_BYTES=76185600 METAL_SURFACE_DOWNLOAD_US_TOTAL=27395 METAL_DRAW_RT_DUMPS=0 METAL_SURFACE_GRAPH_DUMPS=0 METAL_SIBLING_SYNCS=0 METAL_SIBLING_SYNC_SKIPS=0 METAL_FLAT_QUAD_PROPAGATIONS=0 INPUT_USB_POLLS=0 INPUT_BACKEND_UPDATES=125 INPUT_LAT_US_TOTAL=0 INPUT_LAT_US_MAX=0 PIT_IRQ_TIMER_FIRES=2084 PIT_COALESCE_EVENTS=0 PIT_COALESCE_LATE_US_TOTAL=0 PIT_COALESCE_LATE_US_MAX=0 PIT_COALESCE_SKIPPED_TRANSITIONS=0
xemu-perf: metal_draw_target vram_addr=0x32a4000 count=31
xemu-perf: metal_draw_target vram_addr=0x2e06000 count=6944
xemu-perf: metal_draw_target vram_addr=0x3628000 count=13764
xemu-perf: metal_draw_target vram_addr=0x2c06000 count=6510
xemu-perf: metal_draw_target_zero count=12369
xemu-perf: metal_surface_dirty vram_addr=0x3628000 size=2457600 write_addr=0x3628000 write_len=2457600 is_color=1
xemu-perf: metal_surface_dirty vram_addr=0x3628000 size=2457600 write_addr=0x3628000 write_len=2457600 is_color=1
xemu-perf: metal_surface_dirty vram_addr=0x3628000 size=2457600 write_addr=0x3628000 write_len=2457600 is_color=1
xemu-perf: metal_screenshot_written path=/tmp/task16-repro2/swizzle-mipmap/metal/screenshots/swizzle-mipmap.0024.png w=640 h=480
xemu-perf: metal_surface_dirty vram_addr=0x3628000 size=2457600 write_addr=0x3628000 write_len=2457600 is_color=1
xemu-perf: metal_surface_dirty vram_addr=0x3628000 size=2457600 write_addr=0x3628000 write_len=2457600 is_color=1
xemu-perf: metal_surface_dirty vram_addr=0x3628000 size=2457600 write_addr=0x3628000 write_len=2457600 is_color=1
xemu-perf: metal_surface_dirty vram_addr=0x3628000 size=2457600 write_addr=0x3628000 write_len=2457600 is_color=1
xemu-perf: metal_screenshot_written path=/tmp/task16-repro2/swizzle-mipmap/metal/screenshots/swizzle-mipmap.0025.png w=640 h=480
xemu-perf: metal_surface_dirty vram_addr=0x3628000 size=2457600 write_addr=0x3628000 write_len=2457600 is_color=1
xemu-perf: metal_surface_dirty vram_addr=0x3628000 size=2457600 write_addr=0x3628000 write_len=2457600 is_color=1
xemu-perf: metal_surface_dirty vram_addr=0x3628000 size=2457600 write_addr=0x3628000 write_len=2457600 is_color=1
xemu-perf: metal_surface_dirty vram_addr=0x3628000 size=2457600 write_addr=0x3628000 write_len=2457600 is_color=1
xemu-perf: metal_screenshot_written path=/tmp/task16-repro2/swizzle-mipmap/metal/screenshots/swizzle-mipmap.0026.png w=640 h=480
xemu-perf: metal_surface_dirty vram_addr=0x3628000 size=2457600 write_addr=0x3628000 write_len=2457600 is_color=1
xemu-perf: metal_surface_dirty vram_addr=0x3628000 size=2457600 write_addr=0x3628000 write_len=2457600 is_color=1
xemu-perf: metal_surface_dirty vram_addr=0x3628000 size=2457600 write_addr=0x3628000 write_len=2457600 is_color=1
xemu-perf: metal_screenshot_written path=/tmp/task16-repro2/swizzle-mipmap/metal/screenshots/swizzle-mipmap.0027.png w=640 h=480
xemu-perf: metal_surface_dirty vram_addr=0x3628000 size=2457600 write_addr=0x3628000 write_len=2457600 is_color=1
xemu-perf: metal_surface_dirty vram_addr=0x3628000 size=2457600 write_addr=0x3628000 write_len=2457600 is_color=1
xemu-perf: metal_surface_dirty vram_addr=0x3628000 size=2457600 write_addr=0x3628000 write_len=2457600 is_color=1
xemu-perf: metal_surface_dirty vram_addr=0x3628000 size=2457600 write_addr=0x3628000 write_len=2457600 is_color=1
xemu-perf: metal_screenshot_written path=/tmp/task16-repro2/swizzle-mipmap/metal/screenshots/swizzle-mipmap.0028.png w=640 h=480
xemu-perf: metal_surface_dirty vram_addr=0x3628000 size=2457600 write_addr=0x3628000 write_len=2457600 is_color=1
xemu-perf: metal_surface_dirty vram_addr=0x3628000 size=2457600 write_addr=0x3628000 write_len=2457600 is_color=1
xemu-perf: metal_surface_dirty vram_addr=0x3628000 size=2457600 write_addr=0x3628000 write_len=2457600 is_color=1
xemu-perf: metal_surface_dirty vram_addr=0x3628000 size=2457600 write_addr=0x3628000 write_len=2457600 is_color=1
xemu-perf: metal_screenshot_written path=/tmp/task16-repro2/swizzle-mipmap/metal/screenshots/swizzle-mipmap.0029.png w=640 h=480
xemu-perf: metal_surface_dirty vram_addr=0x3628000 size=2457600 write_addr=0x3628000 write_len=2457600 is_color=1
xemu-perf: metal_surface_dirty vram_addr=0x3628000 size=2457600 write_addr=0x3628000 write_len=2457600 is_color=1
xemu-perf: metal_surface_dirty vram_addr=0x3628000 size=2457600 write_addr=0x3628000 write_len=2457600 is_color=1
xemu-perf: metal_surface_dirty vram_addr=0x3628000 size=2457600 write_addr=0x3628000 write_len=2457600 is_color=1
xemu-perf: metal_screenshot_written path=/tmp/task16-repro2/swizzle-mipmap/metal/screenshots/swizzle-mipmap.0030.png w=640 h=480
xemu-perf: metal_surface_dirty vram_addr=0x3628000 size=2457600 write_addr=0x3628000 write_len=2457600 is_color=1
xemu-perf: metal_surface_dirty vram_addr=0x3628000 size=2457600 write_addr=0x3628000 write_len=2457600 is_color=1
xemu-perf: metal_surface_dirty vram_addr=0x3628000 size=2457600 write_addr=0x3628000 write_len=2457600 is_color=1
xemu-perf: metal_screenshot_written path=/tmp/task16-repro2/swizzle-mipmap/metal/screenshots/swizzle-mipmap.0031.png w=640 h=480
xemu-perf: metal_surface_dirty vram_addr=0x3628000 size=2457600 write_addr=0x3628000 write_len=2457600 is_color=1
xemu-perf: metal_surface_dirty vram_addr=0x3628000 size=2457600 write_addr=0x3628000 write_len=2457600 is_color=1
xemu-perf: metal_surface_dirty vram_addr=0x3628000 size=2457600 write_addr=0x3628000 write_len=2457600 is_color=1
xemu-perf: interval_id=3 interval_start_us=197561873927 interval_end_us=197562901231 interval_ms=1027 frames=32 fps=31.15 mspf_avg=23.568 mspf_min=20.394 mspf_max=27.960 increment_fps=29 BEGIN_ENDS=40896 NATIVE_TRI_DEPTH_DRAW=40896 NATIVE_TRI_DEPTH_DRAW_SMOOTH=40896 TCG_TB_EXEC_COUNT=328583 TCG_TB_INVALIDATE_COUNT=554 TCG_NOTDIRTY_TRIPS=288 TCG_NOTDIRTY_PAGES_HIT=3 TCG_TB_INVALIDATE_BURST_MAX=16 TCG_JMP_CACHE_ZEROED_BUCKETS=567018026 TCG_INVALIDATE_WALL_US_MAX=6 TCG_INVALIDATE_WALL_US_TOTAL=177 TCG_TB_LOOKUP_US_TOTAL=0 TCG_TB_GEN_CODE_US_TOTAL=0 TCG_HANDLE_INTERRUPT_US_TOTAL=0 TCG_XBOX_IDLE_LOOP_HITS=0 TCG_XBOX_IDLE_LOOP_YIELDS=0 TCG_XBOX_IDLE_LOOP_HALTS=0 MMIO_READ_COUNT=0 MMIO_READ_US_TOTAL=0 MMIO_READ_US_MAX=0 MMIO_READ_PGRAPH_COUNT=0 MMIO_READ_PGRAPH_US_TOTAL=0 MMIO_READ_PGRAPH_US_MAX=0 NV2A_VBLANK_FIRES=64 NV2A_FLIP_STALL_WRITES=32 NV2A_PRESENT_HEARTBEAT=32 XEMU_GL_SWAPS=0 RATE_SLEW_RATIO_E6=1000000 RATE_SLEW_ACTIVE=0 APU_LOCK_HOLD_US_TOTAL=42293 APU_VCPU_LOCK_WAIT_US_MAX=67 PFIFO_PUSHER_RUNS=481 PFIFO_PUSHER_STALLS=287 PFIFO_PUSHER_STALL_FLIP=0 PFIFO_PUSHER_STALL_NOP=250 PFIFO_PUSHER_STALL_FIFO=38 PFIFO_PULLER_CALLS=394845 PFIFO_PULLER_STALLS=59 PFIFO_PULLER_STALL_FLIP=59 PFIFO_PULLER_STALL_NOP=0 PFIFO_PULLER_STALL_CONTEXT=0 PFIFO_PULLER_STALL_FIFO=0 PFIFO_PUSHER_WORDS=4018554 PFIFO_PULLER_METHOD_WORDS=3642722 PFIFO_DMA_BACKLOG_BYTES_MAX=314944 PFIFO_USER_DMA_PUT_WRITES=524 PFIFO_USER_DMA_GET_WRITES=0 PFIFO_USER_DMA_PUT_READS=0 PFIFO_USER_DMA_GET_READS=265 PGRAPH_PATT_COLOR0_WRITES=0 PGRAPH_PATT_COLOR0_READS=0 PGRAPH_FLIP_STALL_SETS=32 PGRAPH_FLIP_STALL_CHECKS=91 PGRAPH_FLIP_STALL_STILL_WAITING=59 PGRAPH_FLIP_STALL_COMPLETES=32 METAL_DRAW_COUNT=40896 METAL_DRAW_INDEXED_COUNT=40864 METAL_NATIVE_TRI_DEPTH_DRAWS=40896 METAL_NATIVE_QUAD_DRAWS=0 METAL_CLEAR_COUNT=160 METAL_GLSL_TRANSLATE=0 METAL_GLSL_TRANSLATE_FAIL=0 METAL_SHADER_VALIDATE_OK=0 METAL_SHADER_VALIDATE_FAIL=0 METAL_PIPELINE_HITS=40896 METAL_PIPELINE_MISSES=0 METAL_PIPELINE_FAILED=0 METAL_TEX_UPLOADS_TOTAL=32 METAL_TEX_UPLOAD_BYTES_TOTAL=78643200 METAL_TEX_CACHE_HITS=42656 METAL_TEX_CACHE_MISSES=32 METAL_PIPELINE_KEY_BUILT=40896 METAL_PIPELINE_TRANSLATED_OK=40896 METAL_PIPELINE_TRANSLATED_FAILED=0 METAL_DISPATCH_US_TOTAL=317384 METAL_TEX_BIND_US_TOTAL=67549 METAL_DRAW_ENCODE_US_TOTAL=76263 METAL_DRAW_PASS_OPENS=192 METAL_DRAW_PASS_COALESCED=40704 METAL_DRAW_PASS_FLUSHES=192 METAL_OPEN_PASS_FLUSH_US_TOTAL=3196 METAL_TEX_UPLOAD_US_TOTAL=1994 METAL_DRAW_TRANSLATED=40896 METAL_PIPELINE_FALLBACKS=0 METAL_UNIFORM_PACK=81792 METAL_UNIFORM_BYTES=267623424 METAL_SHADER_COMPILE_QUEUED_TOTAL=0 METAL_SHADER_COMPILE_COMPLETED_TOTAL=0 METAL_SHADER_COMPILE_FAILED_TOTAL=0 METAL_DRAWS_SKIPPED_PENDING_TOTAL=0 METAL_DRAWS_USING_UBERSHADER_TOTAL=0 METAL_SHADER_CACHE_LOADS=0 METAL_SHADER_CACHE_HITS=0 METAL_SHADER_CACHE_MISSES=0 METAL_PRESENTS=0 METAL_PRESENT_JITTER_US_TOTAL=0 METAL_PRESENT_JITTER_US_AVG=0 METAL_PRESENT_JITTER_US_MAX=0 METAL_DRAWABLE_ACQUIRE_FAILS=0 METAL_DISPLAY_LINK_CALLBACKS=0 METAL_MSAA_RESOLVE_COUNT=0 METAL_MSAA_RESOLVE_US_TOTAL=0 METAL_MSAA_SAMPLE_COUNT=1 METAL_FX_SPATIAL_PRESENTS=0 METAL_FX_SPATIAL_US_TOTAL=0 METAL_FX_SCALE_FACTOR=1 METAL_FX_SPATIAL_GPU_US_TOTAL=0 METAL_VERTEX_US_TOTAL=1760 METAL_FRAGMENT_US_TOTAL=2746 METAL_PRESENT_GPU_US_TOTAL=4930 METAL_PRESENT_GPU_FRAMES=127 METAL_CAPTURE_FRAMES=0 METAL_CAPTURE_ACTIVE=0 METAL_SCREENSHOTS_TAKEN=8 METAL_FRONT_FB_PUBLISHES=32 METAL_SURFACE_CACHE_SIZE=17 METAL_IMAGE_BLITS=0 METAL_SURFACE_VRAM_DIRTY_HITS=32 METAL_SURFACE_VRAM_UPLOADS=32 METAL_SURFACE_VRAM_UPLOAD_BYTES=78643200 METAL_SURFACE_RECREATE_SHAPE_MISMATCH=0 METAL_SURFACE_DOWNLOADS=32 METAL_SURFACE_DOWNLOAD_BYTES=78643200 METAL_SURFACE_DOWNLOAD_US_TOTAL=31777 METAL_DRAW_RT_DUMPS=0 METAL_SURFACE_GRAPH_DUMPS=0 METAL_SIBLING_SYNCS=0 METAL_SIBLING_SYNC_SKIPS=0 METAL_FLAT_QUAD_PROPAGATIONS=0 INPUT_USB_POLLS=0 INPUT_BACKEND_UPDATES=127 INPUT_LAT_US_TOTAL=0 INPUT_LAT_US_MAX=0 PIT_IRQ_TIMER_FIRES=2120 PIT_COALESCE_EVENTS=0 PIT_COALESCE_LATE_US_TOTAL=0 PIT_COALESCE_LATE_US_MAX=0 PIT_COALESCE_SKIPPED_TRANSITIONS=0
xemu-perf: metal_draw_target vram_addr=0x32a4000 count=32
xemu-perf: metal_draw_target vram_addr=0x2e06000 count=6944
xemu-perf: metal_draw_target vram_addr=0x3628000 count=14208
xemu-perf: metal_draw_target vram_addr=0x2c06000 count=6944
xemu-perf: metal_draw_target_zero count=12768
xemu-perf: metal_surface_dirty vram_addr=0x3628000 size=2457600 write_addr=0x3628000 write_len=2457600 is_color=1
xemu-perf: metal_screenshot_written path=/tmp/task16-repro2/swizzle-mipmap/metal/screenshots/swizzle-mipmap.0032.png w=640 h=480
xemu-perf: metal_surface_dirty vram_addr=0x3628000 size=2457600 write_addr=0x3628000 write_len=2457600 is_color=1
xemu-perf: metal_surface_dirty vram_addr=0x3628000 size=2457600 write_addr=0x3628000 write_len=2457600 is_color=1
xemu-perf: metal_surface_dirty vram_addr=0x3628000 size=2457600 write_addr=0x3628000 write_len=2457600 is_color=1
xemu-perf: metal_surface_dirty vram_addr=0x3628000 size=2457600 write_addr=0x3628000 write_len=2457600 is_color=1
xemu-perf: metal_screenshot_written path=/tmp/task16-repro2/swizzle-mipmap/metal/screenshots/swizzle-mipmap.0033.png w=640 h=480
xemu-perf: metal_surface_dirty vram_addr=0x3628000 size=2457600 write_addr=0x3628000 write_len=2457600 is_color=1
xemu-perf: metal_surface_dirty vram_addr=0x3628000 size=2457600 write_addr=0x3628000 write_len=2457600 is_color=1
xemu-perf: metal_surface_dirty vram_addr=0x3628000 size=2457600 write_addr=0x3628000 write_len=2457600 is_color=1
xemu-perf: metal_surface_dirty vram_addr=0x3628000 size=2457600 write_addr=0x3628000 write_len=2457600 is_color=1
xemu-perf: metal_screenshot_written path=/tmp/task16-repro2/swizzle-mipmap/metal/screenshots/swizzle-mipmap.0034.png w=640 h=480
xemu-perf: metal_surface_dirty vram_addr=0x3628000 size=2457600 write_addr=0x3628000 write_len=2457600 is_color=1
xemu-perf: metal_surface_dirty vram_addr=0x3628000 size=2457600 write_addr=0x3628000 write_len=2457600 is_color=1
xemu-perf: metal_surface_dirty vram_addr=0x3628000 size=2457600 write_addr=0x3628000 write_len=2457600 is_color=1
xemu-perf: metal_screenshot_written path=/tmp/task16-repro2/swizzle-mipmap/metal/screenshots/swizzle-mipmap.0035.png w=640 h=480
xemu-perf: metal_surface_dirty vram_addr=0x3628000 size=2457600 write_addr=0x3628000 write_len=2457600 is_color=1
xemu-perf: metal_surface_dirty vram_addr=0x3628000 size=2457600 write_addr=0x3628000 write_len=2457600 is_color=1
xemu-perf: metal_surface_dirty vram_addr=0x3628000 size=2457600 write_addr=0x3628000 write_len=2457600 is_color=1
xemu-perf: metal_surface_dirty vram_addr=0x3628000 size=2457600 write_addr=0x3628000 write_len=2457600 is_color=1
xemu-perf: metal_screenshot_written path=/tmp/task16-repro2/swizzle-mipmap/metal/screenshots/swizzle-mipmap.0036.png w=640 h=480
xemu-perf: metal_surface_dirty vram_addr=0x3628000 size=2457600 write_addr=0x3628000 write_len=2457600 is_color=1
xemu-perf: metal_surface_dirty vram_addr=0x3628000 size=2457600 write_addr=0x3628000 write_len=2457600 is_color=1
xemu-perf: metal_surface_dirty vram_addr=0x3628000 size=2457600 write_addr=0x3628000 write_len=2457600 is_color=1
xemu-perf: metal_screenshot_written path=/tmp/task16-repro2/swizzle-mipmap/metal/screenshots/swizzle-mipmap.0037.png w=640 h=480
xemu-perf: metal_surface_dirty vram_addr=0x3628000 size=2457600 write_addr=0x3628000 write_len=2457600 is_color=1
xemu-perf: metal_surface_dirty vram_addr=0x3628000 size=2457600 write_addr=0x3628000 write_len=2457600 is_color=1
xemu-perf: metal_surface_dirty vram_addr=0x3628000 size=2457600 write_addr=0x3628000 write_len=2457600 is_color=1
xemu-perf: metal_surface_dirty vram_addr=0x3628000 size=2457600 write_addr=0x3628000 write_len=2457600 is_color=1
xemu-perf: metal_screenshot_written path=/tmp/task16-repro2/swizzle-mipmap/metal/screenshots/swizzle-mipmap.0038.png w=640 h=480
xemu-perf: metal_surface_dirty vram_addr=0x3628000 size=2457600 write_addr=0x3628000 write_len=2457600 is_color=1
xemu-perf: metal_surface_dirty vram_addr=0x3628000 size=2457600 write_addr=0x3628000 write_len=2457600 is_color=1
xemu-perf: metal_surface_dirty vram_addr=0x3628000 size=2457600 write_addr=0x3628000 write_len=2457600 is_color=1
xemu-perf: metal_surface_dirty vram_addr=0x3628000 size=2457600 write_addr=0x3628000 write_len=2457600 is_color=1
xemu-perf: metal_screenshot_written path=/tmp/task16-repro2/swizzle-mipmap/metal/screenshots/swizzle-mipmap.0039.png w=640 h=480
xemu-perf: metal_surface_dirty vram_addr=0x3628000 size=2457600 write_addr=0x3628000 write_len=2457600 is_color=1
xemu-perf: metal_surface_dirty vram_addr=0x3628000 size=2457600 write_addr=0x3628000 write_len=2457600 is_color=1
xemu-perf: metal_surface_dirty vram_addr=0x3628000 size=2457600 write_addr=0x3628000 write_len=2457600 is_color=1
xemu-perf: metal_screenshot_written path=/tmp/task16-repro2/swizzle-mipmap/metal/screenshots/swizzle-mipmap.0040.png w=640 h=480
xemu-perf: interval_id=4 interval_start_us=197562935144 interval_end_us=197563945060 interval_ms=1009 frames=30 fps=29.71 mspf_avg=26.551 mspf_min=21.715 mspf_max=44.519 increment_fps=29 BEGIN_ENDS=38345 NATIVE_TRI_DEPTH_DRAW=38345 NATIVE_TRI_DEPTH_DRAW_SMOOTH=38345 TCG_TB_EXEC_COUNT=1568823 TCG_TB_INVALIDATE_COUNT=637 TCG_NOTDIRTY_TRIPS=289 TCG_NOTDIRTY_PAGES_HIT=3 TCG_TB_INVALIDATE_BURST_MAX=20 TCG_JMP_CACHE_ZEROED_BUCKETS=531661437 TCG_INVALIDATE_WALL_US_MAX=7 TCG_INVALIDATE_WALL_US_TOTAL=208 TCG_TB_LOOKUP_US_TOTAL=0 TCG_TB_GEN_CODE_US_TOTAL=0 TCG_HANDLE_INTERRUPT_US_TOTAL=0 TCG_XBOX_IDLE_LOOP_HITS=0 TCG_XBOX_IDLE_LOOP_YIELDS=0 TCG_XBOX_IDLE_LOOP_HALTS=0 MMIO_READ_COUNT=0 MMIO_READ_US_TOTAL=0 MMIO_READ_US_MAX=0 MMIO_READ_PGRAPH_COUNT=0 MMIO_READ_PGRAPH_US_TOTAL=0 MMIO_READ_PGRAPH_US_MAX=0 NV2A_VBLANK_FIRES=62 NV2A_FLIP_STALL_WRITES=30 NV2A_PRESENT_HEARTBEAT=30 XEMU_GL_SWAPS=0 RATE_SLEW_RATIO_E6=1000000 RATE_SLEW_ACTIVE=0 APU_LOCK_HOLD_US_TOTAL=41634 APU_VCPU_LOCK_WAIT_US_MAX=63 PFIFO_PUSHER_RUNS=464 PFIFO_PUSHER_STALLS=274 PFIFO_PUSHER_STALL_FLIP=0 PFIFO_PUSHER_STALL_NOP=235 PFIFO_PUSHER_STALL_FIFO=48 PFIFO_PULLER_CALLS=370300 PFIFO_PULLER_STALLS=44 PFIFO_PULLER_STALL_FLIP=44 PFIFO_PULLER_STALL_NOP=0 PFIFO_PULLER_STALL_CONTEXT=0 PFIFO_PULLER_STALL_FIFO=0 PFIFO_PUSHER_WORDS=3768271 PFIFO_PULLER_METHOD_WORDS=3415742 PFIFO_DMA_BACKLOG_BYTES_MAX=461520 PFIFO_USER_DMA_PUT_WRITES=492 PFIFO_USER_DMA_GET_WRITES=0 PFIFO_USER_DMA_PUT_READS=0 PFIFO_USER_DMA_GET_READS=249 PGRAPH_PATT_COLOR0_WRITES=0 PGRAPH_PATT_COLOR0_READS=0 PGRAPH_FLIP_STALL_SETS=30 PGRAPH_FLIP_STALL_CHECKS=74 PGRAPH_FLIP_STALL_STILL_WAITING=44 PGRAPH_FLIP_STALL_COMPLETES=30 METAL_DRAW_COUNT=38345 METAL_DRAW_INDEXED_COUNT=38315 METAL_NATIVE_TRI_DEPTH_DRAWS=38345 METAL_NATIVE_QUAD_DRAWS=0 METAL_CLEAR_COUNT=150 METAL_GLSL_TRANSLATE=8 METAL_GLSL_TRANSLATE_FAIL=0 METAL_SHADER_VALIDATE_OK=0 METAL_SHADER_VALIDATE_FAIL=0 METAL_PIPELINE_HITS=38341 METAL_PIPELINE_MISSES=4 METAL_PIPELINE_FAILED=0 METAL_TEX_UPLOADS_TOTAL=30 METAL_TEX_UPLOAD_BYTES_TOTAL=73728000 METAL_TEX_CACHE_HITS=39995 METAL_TEX_CACHE_MISSES=30 METAL_PIPELINE_KEY_BUILT=38345 METAL_PIPELINE_TRANSLATED_OK=38345 METAL_PIPELINE_TRANSLATED_FAILED=0 METAL_DISPATCH_US_TOTAL=319485 METAL_TEX_BIND_US_TOTAL=59201 METAL_DRAW_ENCODE_US_TOTAL=71228 METAL_DRAW_PASS_OPENS=180 METAL_DRAW_PASS_COALESCED=38165 METAL_DRAW_PASS_FLUSHES=180 METAL_OPEN_PASS_FLUSH_US_TOTAL=3156 METAL_TEX_UPLOAD_US_TOTAL=1798 METAL_DRAW_TRANSLATED=38345 METAL_PIPELINE_FALLBACKS=0 METAL_UNIFORM_PACK=76690 METAL_UNIFORM_BYTES=250929680 METAL_SHADER_COMPILE_QUEUED_TOTAL=0 METAL_SHADER_COMPILE_COMPLETED_TOTAL=0 METAL_SHADER_COMPILE_FAILED_TOTAL=0 METAL_DRAWS_SKIPPED_PENDING_TOTAL=0 METAL_DRAWS_USING_UBERSHADER_TOTAL=0 METAL_SHADER_CACHE_LOADS=4 METAL_SHADER_CACHE_HITS=0 METAL_SHADER_CACHE_MISSES=4 METAL_PRESENTS=0 METAL_PRESENT_JITTER_US_TOTAL=0 METAL_PRESENT_JITTER_US_AVG=0 METAL_PRESENT_JITTER_US_MAX=0 METAL_DRAWABLE_ACQUIRE_FAILS=0 METAL_DISPLAY_LINK_CALLBACKS=0 METAL_MSAA_RESOLVE_COUNT=0 METAL_MSAA_RESOLVE_US_TOTAL=0 METAL_MSAA_SAMPLE_COUNT=1 METAL_FX_SPATIAL_PRESENTS=0 METAL_FX_SPATIAL_US_TOTAL=0 METAL_FX_SCALE_FACTOR=1 METAL_FX_SPATIAL_GPU_US_TOTAL=0 METAL_VERTEX_US_TOTAL=1711 METAL_FRAGMENT_US_TOTAL=4416 METAL_PRESENT_GPU_US_TOTAL=6889 METAL_PRESENT_GPU_FRAMES=124 METAL_CAPTURE_FRAMES=0 METAL_CAPTURE_ACTIVE=0 METAL_SCREENSHOTS_TAKEN=9 METAL_FRONT_FB_PUBLISHES=30 METAL_SURFACE_CACHE_SIZE=17 METAL_IMAGE_BLITS=0 METAL_SURFACE_VRAM_DIRTY_HITS=30 METAL_SURFACE_VRAM_UPLOADS=30 METAL_SURFACE_VRAM_UPLOAD_BYTES=73728000 METAL_SURFACE_RECREATE_SHAPE_MISMATCH=0 METAL_SURFACE_DOWNLOADS=30 METAL_SURFACE_DOWNLOAD_BYTES=73728000 METAL_SURFACE_DOWNLOAD_US_TOTAL=25821 METAL_DRAW_RT_DUMPS=0 METAL_SURFACE_GRAPH_DUMPS=0 METAL_SIBLING_SYNCS=0 METAL_SIBLING_SYNC_SKIPS=0 METAL_FLAT_QUAD_PROPAGATIONS=0 INPUT_USB_POLLS=0 INPUT_BACKEND_UPDATES=124 INPUT_LAT_US_TOTAL=0 INPUT_LAT_US_MAX=0 PIT_IRQ_TIMER_FIRES=2088 PIT_COALESCE_EVENTS=0 PIT_COALESCE_LATE_US_TOTAL=0 PIT_COALESCE_LATE_US_MAX=0 PIT_COALESCE_SKIPPED_TRANSITIONS=0
xemu-perf: metal_draw_target vram_addr=0x32a4000 count=30
xemu-perf: metal_draw_target vram_addr=0x2e06000 count=6510
xemu-perf: metal_draw_target vram_addr=0x3628000 count=13325
xemu-perf: metal_draw_target vram_addr=0x2c06000 count=6510
xemu-perf: metal_draw_target_zero count=11970
xemu-perf: metal_surface_dirty vram_addr=0x3628000 size=2457600 write_addr=0x3628000 write_len=2457600 is_color=1
xemu-perf: metal_surface_dirty vram_addr=0x3628000 size=2457600 write_addr=0x3628000 write_len=2457600 is_color=1
xemu-perf: metal_surface_dirty vram_addr=0x3628000 size=2457600 write_addr=0x3628000 write_len=2457600 is_color=1
xemu-perf: metal_surface_dirty vram_addr=0x3628000 size=2457600 write_addr=0x3628000 write_len=2457600 is_color=1
xemu-perf: metal_screenshot_written path=/tmp/task16-repro2/swizzle-mipmap/metal/screenshots/swizzle-mipmap.0041.png w=640 h=480
xemu-perf: metal_surface_dirty vram_addr=0x3628000 size=2457600 write_addr=0x3628000 write_len=2457600 is_color=1
xemu-perf: metal_surface_dirty vram_addr=0x3628000 size=2457600 write_addr=0x3628000 write_len=2457600 is_color=1
xemu-perf: metal_surface_dirty vram_addr=0x3628000 size=2457600 write_addr=0x3628000 write_len=2457600 is_color=1
xemu-perf: metal_screenshot_written path=/tmp/task16-repro2/swizzle-mipmap/metal/screenshots/swizzle-mipmap.0042.png w=640 h=480
xemu-perf: metal_surface_dirty vram_addr=0x3628000 size=2457600 write_addr=0x3628000 write_len=2457600 is_color=1
xemu-perf: metal_surface_dirty vram_addr=0x3628000 size=2457600 write_addr=0x3628000 write_len=2457600 is_color=1
xemu-perf: metal_surface_dirty vram_addr=0x3628000 size=2457600 write_addr=0x3628000 write_len=2457600 is_color=1
xemu-perf: metal_surface_dirty vram_addr=0x3628000 size=2457600 write_addr=0x3628000 write_len=2457600 is_color=1
xemu-perf: metal_screenshot_written path=/tmp/task16-repro2/swizzle-mipmap/metal/screenshots/swizzle-mipmap.0043.png w=640 h=480
xemu-perf: metal_surface_dirty vram_addr=0x3628000 size=2457600 write_addr=0x3628000 write_len=2457600 is_color=1
xemu-perf: metal_surface_dirty vram_addr=0x3628000 size=2457600 write_addr=0x3628000 write_len=2457600 is_color=1
xemu-perf: metal_surface_dirty vram_addr=0x3628000 size=2457600 write_addr=0x3628000 write_len=2457600 is_color=1
xemu-perf: metal_screenshot_written path=/tmp/task16-repro2/swizzle-mipmap/metal/screenshots/swizzle-mipmap.0044.png w=640 h=480
xemu-perf: metal_surface_dirty vram_addr=0x3628000 size=2457600 write_addr=0x3628000 write_len=2457600 is_color=1
xemu-perf: metal_surface_dirty vram_addr=0x3628000 size=2457600 write_addr=0x3628000 write_len=2457600 is_color=1
xemu-perf: metal_surface_dirty vram_addr=0x3628000 size=2457600 write_addr=0x3628000 write_len=2457600 is_color=1
xemu-perf: metal_surface_dirty vram_addr=0x3628000 size=2457600 write_addr=0x3628000 write_len=2457600 is_color=1
xemu-perf: metal_screenshot_written path=/tmp/task16-repro2/swizzle-mipmap/metal/screenshots/swizzle-mipmap.0045.png w=640 h=480
xemu-perf: metal_surface_dirty vram_addr=0x3628000 size=2457600 write_addr=0x3628000 write_len=2457600 is_color=1
xemu-perf: metal_surface_dirty vram_addr=0x3628000 size=2457600 write_addr=0x3628000 write_len=2457600 is_color=1
xemu-perf: metal_surface_dirty vram_addr=0x3628000 size=2457600 write_addr=0x3628000 write_len=2457600 is_color=1
xemu-perf: metal_surface_dirty vram_addr=0x3628000 size=2457600 write_addr=0x3628000 write_len=2457600 is_color=1
xemu-perf: metal_screenshot_written path=/tmp/task16-repro2/swizzle-mipmap/metal/screenshots/swizzle-mipmap.0046.png w=640 h=480
xemu-perf: metal_surface_dirty vram_addr=0x3628000 size=2457600 write_addr=0x3628000 write_len=2457600 is_color=1
xemu-perf: metal_surface_dirty vram_addr=0x3628000 size=2457600 write_addr=0x3628000 write_len=2457600 is_color=1
xemu-perf: metal_surface_dirty vram_addr=0x3628000 size=2457600 write_addr=0x3628000 write_len=2457600 is_color=1
xemu-perf: metal_surface_dirty vram_addr=0x3628000 size=2457600 write_addr=0x3628000 write_len=2457600 is_color=1
xemu-perf: metal_screenshot_written path=/tmp/task16-repro2/swizzle-mipmap/metal/screenshots/swizzle-mipmap.0047.png w=640 h=480
xemu-perf: metal_surface_dirty vram_addr=0x3628000 size=2457600 write_addr=0x3628000 write_len=2457600 is_color=1
xemu-perf: metal_surface_dirty vram_addr=0x3628000 size=2457600 write_addr=0x3628000 write_len=2457600 is_color=1
xemu-perf: metal_surface_dirty vram_addr=0x3628000 size=2457600 write_addr=0x3628000 write_len=2457600 is_color=1
xemu-perf: metal_screenshot_written path=/tmp/task16-repro2/swizzle-mipmap/metal/screenshots/swizzle-mipmap.0048.png w=640 h=480
xemu-perf: metal_surface_dirty vram_addr=0x3628000 size=2457600 write_addr=0x3628000 write_len=2457600 is_color=1
xemu-perf: interval_id=5 interval_start_us=197563979793 interval_end_us=197564994391 interval_ms=1014 frames=30 fps=29.57 mspf_avg=25.210 mspf_min=19.874 mspf_max=55.274 increment_fps=29 BEGIN_ENDS=38450 NATIVE_TRI_DEPTH_DRAW=38450 NATIVE_TRI_DEPTH_DRAW_SMOOTH=38450 TCG_TB_EXEC_COUNT=2485321 TCG_TB_INVALIDATE_COUNT=627 TCG_NOTDIRTY_TRIPS=291 TCG_NOTDIRTY_PAGES_HIT=3 TCG_TB_INVALIDATE_BURST_MAX=18 TCG_JMP_CACHE_ZEROED_BUCKETS=533545587 TCG_INVALIDATE_WALL_US_MAX=9 TCG_INVALIDATE_WALL_US_TOTAL=227 TCG_TB_LOOKUP_US_TOTAL=0 TCG_TB_GEN_CODE_US_TOTAL=0 TCG_HANDLE_INTERRUPT_US_TOTAL=0 TCG_XBOX_IDLE_LOOP_HITS=0 TCG_XBOX_IDLE_LOOP_YIELDS=0 TCG_XBOX_IDLE_LOOP_HALTS=0 MMIO_READ_COUNT=0 MMIO_READ_US_TOTAL=0 MMIO_READ_US_MAX=0 MMIO_READ_PGRAPH_COUNT=0 MMIO_READ_PGRAPH_US_TOTAL=0 MMIO_READ_PGRAPH_US_MAX=0 NV2A_VBLANK_FIRES=63 NV2A_FLIP_STALL_WRITES=30 NV2A_PRESENT_HEARTBEAT=30 XEMU_GL_SWAPS=0 RATE_SLEW_RATIO_E6=1000000 RATE_SLEW_ACTIVE=0 APU_LOCK_HOLD_US_TOTAL=43016 APU_VCPU_LOCK_WAIT_US_MAX=68 PFIFO_PUSHER_RUNS=412 PFIFO_PUSHER_STALLS=267 PFIFO_PUSHER_STALL_FLIP=0 PFIFO_PUSHER_STALL_NOP=219 PFIFO_PUSHER_STALL_FIFO=54 PFIFO_PULLER_CALLS=368528 PFIFO_PULLER_STALLS=59 PFIFO_PULLER_STALL_FLIP=59 PFIFO_PULLER_STALL_NOP=0 PFIFO_PULLER_STALL_CONTEXT=0 PFIFO_PULLER_STALL_FIFO=0 PFIFO_PUSHER_WORDS=2781713 PFIFO_PULLER_METHOD_WORDS=2433008 PFIFO_DMA_BACKLOG_BYTES_MAX=246580 PFIFO_USER_DMA_PUT_WRITES=371 PFIFO_USER_DMA_GET_WRITES=0 PFIFO_USER_DMA_PUT_READS=0 PFIFO_USER_DMA_GET_READS=196 PGRAPH_PATT_COLOR0_WRITES=0 PGRAPH_PATT_COLOR0_READS=0 PGRAPH_FLIP_STALL_SETS=30 PGRAPH_FLIP_STALL_CHECKS=89 PGRAPH_FLIP_STALL_STILL_WAITING=59 PGRAPH_FLIP_STALL_COMPLETES=30 METAL_DRAW_COUNT=38450 METAL_DRAW_INDEXED_COUNT=38420 METAL_NATIVE_TRI_DEPTH_DRAWS=38450 METAL_NATIVE_QUAD_DRAWS=0 METAL_CLEAR_COUNT=170 METAL_GLSL_TRANSLATE=8 METAL_GLSL_TRANSLATE_FAIL=0 METAL_SHADER_VALIDATE_OK=0 METAL_SHADER_VALIDATE_FAIL=0 METAL_PIPELINE_HITS=38446 METAL_PIPELINE_MISSES=4 METAL_PIPELINE_FAILED=0 METAL_TEX_UPLOADS_TOTAL=33 METAL_TEX_UPLOAD_BYTES_TOTAL=74006528 METAL_TEX_CACHE_HITS=40177 METAL_TEX_CACHE_MISSES=33 METAL_PIPELINE_KEY_BUILT=38450 METAL_PIPELINE_TRANSLATED_OK=38450 METAL_PIPELINE_TRANSLATED_FAILED=0 METAL_DISPATCH_US_TOTAL=317126 METAL_TEX_BIND_US_TOTAL=51293 METAL_DRAW_ENCODE_US_TOTAL=71675 METAL_DRAW_PASS_OPENS=202 METAL_DRAW_PASS_COALESCED=38248 METAL_DRAW_PASS_FLUSHES=200 METAL_OPEN_PASS_FLUSH_US_TOTAL=3285 METAL_TEX_UPLOAD_US_TOTAL=1784 METAL_DRAW_TRANSLATED=38450 METAL_PIPELINE_FALLBACKS=0 METAL_UNIFORM_PACK=76900 METAL_UNIFORM_BYTES=251616800 METAL_SHADER_COMPILE_QUEUED_TOTAL=0 METAL_SHADER_COMPILE_COMPLETED_TOTAL=0 METAL_SHADER_COMPILE_FAILED_TOTAL=0 METAL_DRAWS_SKIPPED_PENDING_TOTAL=0 METAL_DRAWS_USING_UBERSHADER_TOTAL=0 METAL_SHADER_CACHE_LOADS=4 METAL_SHADER_CACHE_HITS=0 METAL_SHADER_CACHE_MISSES=4 METAL_PRESENTS=0 METAL_PRESENT_JITTER_US_TOTAL=0 METAL_PRESENT_JITTER_US_AVG=0 METAL_PRESENT_JITTER_US_MAX=0 METAL_DRAWABLE_ACQUIRE_FAILS=0 METAL_DISPLAY_LINK_CALLBACKS=0 METAL_MSAA_RESOLVE_COUNT=0 METAL_MSAA_RESOLVE_US_TOTAL=0 METAL_MSAA_SAMPLE_COUNT=1 METAL_FX_SPATIAL_PRESENTS=0 METAL_FX_SPATIAL_US_TOTAL=0 METAL_FX_SCALE_FACTOR=1 METAL_FX_SPATIAL_GPU_US_TOTAL=0 METAL_VERTEX_US_TOTAL=1627 METAL_FRAGMENT_US_TOTAL=2944 METAL_PRESENT_GPU_US_TOTAL=4981 METAL_PRESENT_GPU_FRAMES=124 METAL_CAPTURE_FRAMES=0 METAL_CAPTURE_ACTIVE=0 METAL_SCREENSHOTS_TAKEN=8 METAL_FRONT_FB_PUBLISHES=30 METAL_SURFACE_CACHE_SIZE=17 METAL_IMAGE_BLITS=0 METAL_SURFACE_VRAM_DIRTY_HITS=30 METAL_SURFACE_VRAM_UPLOADS=30 METAL_SURFACE_VRAM_UPLOAD_BYTES=73728000 METAL_SURFACE_RECREATE_SHAPE_MISMATCH=0 METAL_SURFACE_DOWNLOADS=30 METAL_SURFACE_DOWNLOAD_BYTES=73728000 METAL_SURFACE_DOWNLOAD_US_TOTAL=18052 METAL_DRAW_RT_DUMPS=0 METAL_SURFACE_GRAPH_DUMPS=0 METAL_SIBLING_SYNCS=0 METAL_SIBLING_SYNC_SKIPS=0 METAL_FLAT_QUAD_PROPAGATIONS=0 INPUT_USB_POLLS=0 INPUT_BACKEND_UPDATES=124 INPUT_LAT_US_TOTAL=0 INPUT_LAT_US_MAX=0 PIT_IRQ_TIMER_FIRES=2100 PIT_COALESCE_EVENTS=0 PIT_COALESCE_LATE_US_TOTAL=0 PIT_COALESCE_LATE_US_MAX=0 PIT_COALESCE_SKIPPED_TRANSITIONS=0
xemu-perf: metal_draw_target vram_addr=0x32a4000 count=30
xemu-perf: metal_draw_target vram_addr=0x2e06000 count=6510
xemu-perf: metal_draw_target vram_addr=0x3628000 count=13430
xemu-perf: metal_draw_target vram_addr=0x2c06000 count=6510
xemu-perf: metal_draw_target_zero count=11970
xemu-perf: metal_surface_dirty vram_addr=0x3628000 size=2457600 write_addr=0x3628000 write_len=2457600 is_color=1
xemu-perf: metal_surface_dirty vram_addr=0x3628000 size=2457600 write_addr=0x3628000 write_len=2457600 is_color=1
xemu-perf: metal_surface_dirty vram_addr=0x3628000 size=2457600 write_addr=0x3628000 write_len=2457600 is_color=1
xemu-perf: metal_surface_dirty vram_addr=0x3628000 size=2457600 write_addr=0x3628000 write_len=2457600 is_color=1
xemu-perf: metal_surface_dirty vram_addr=0x3628000 size=2457600 write_addr=0x3628000 write_len=2457600 is_color=1
xemu-perf: metal_color_bind vram_addr=0x2454000 guest=1024x1024 scaled=1024x1024 pitch=4096 format=8
xemu-perf: metal_draw_target_first vram_addr=0x2454000 slot=10
xemu-perf: metal_screenshot_written path=/tmp/task16-repro2/swizzle-mipmap/metal/screenshots/swizzle-mipmap.0049.png w=640 h=480
xemu-perf: metal_surface_dirty vram_addr=0x3628000 size=2457600 write_addr=0x3628000 write_len=2457600 is_color=1
xemu-perf: metal_surface_dirty vram_addr=0x3628000 size=2457600 write_addr=0x3628000 write_len=2457600 is_color=1
xemu-perf: metal_surface_dirty vram_addr=0x3628000 size=2457600 write_addr=0x3628000 write_len=2457600 is_color=1
xemu-perf: metal_surface_dirty vram_addr=0x3628000 size=2457600 write_addr=0x3628000 write_len=2457600 is_color=1
xemu-perf: metal_surface_dirty vram_addr=0x3628000 size=2457600 write_addr=0x3628000 write_len=2457600 is_color=1
xemu-perf: metal_surface_dirty vram_addr=0x3628000 size=2457600 write_addr=0x3628000 write_len=2457600 is_color=1
xemu-perf: metal_surface_dirty vram_addr=0x3628000 size=2457600 write_addr=0x3628000 write_len=2457600 is_color=1
xemu-perf: metal_screenshot_written path=/tmp/task16-repro2/swizzle-mipmap/metal/screenshots/swizzle-mipmap.0050.png w=640 h=480
xemu-perf: metal_surface_dirty vram_addr=0x3628000 size=2457600 write_addr=0x3628000 write_len=2457600 is_color=1
xemu-perf: metal_surface_dirty vram_addr=0x3628000 size=2457600 write_addr=0x3628000 write_len=2457600 is_color=1
xemu-perf: metal_surface_dirty vram_addr=0x3628000 size=2457600 write_addr=0x3628000 write_len=2457600 is_color=1
xemu-perf: metal_surface_dirty vram_addr=0x3628000 size=2457600 write_addr=0x3628000 write_len=2457600 is_color=1
xemu-perf: metal_surface_dirty vram_addr=0x3628000 size=2457600 write_addr=0x3628000 write_len=2457600 is_color=1
xemu-perf: metal_surface_dirty vram_addr=0x3628000 size=2457600 write_addr=0x3628000 write_len=2457600 is_color=1
xemu-perf: metal_surface_dirty vram_addr=0x3628000 size=2457600 write_addr=0x3628000 write_len=2457600 is_color=1
xemu-perf: metal_surface_dirty vram_addr=0x3628000 size=2457600 write_addr=0x3628000 write_len=2457600 is_color=1
xemu-perf: metal_screenshot_written path=/tmp/task16-repro2/swizzle-mipmap/metal/screenshots/swizzle-mipmap.0051.png w=640 h=480
xemu-perf: metal_surface_dirty vram_addr=0x3628000 size=2457600 write_addr=0x3628000 write_len=2457600 is_color=1
xemu-perf: metal_surface_dirty vram_addr=0x3628000 size=2457600 write_addr=0x3628000 write_len=2457600 is_color=1
xemu-perf: metal_surface_dirty vram_addr=0x3628000 size=2457600 write_addr=0x3628000 write_len=2457600 is_color=1
xemu-perf: metal_surface_dirty vram_addr=0x3628000 size=2457600 write_addr=0x3628000 write_len=2457600 is_color=1
xemu-perf: metal_surface_dirty vram_addr=0x3628000 size=2457600 write_addr=0x3628000 write_len=2457600 is_color=1
xemu-perf: metal_surface_dirty vram_addr=0x3628000 size=2457600 write_addr=0x3628000 write_len=2457600 is_color=1
xemu-perf: metal_surface_dirty vram_addr=0x3628000 size=2457600 write_addr=0x3628000 write_len=2457600 is_color=1
xemu-perf: metal_screenshot_written path=/tmp/task16-repro2/swizzle-mipmap/metal/screenshots/swizzle-mipmap.0052.png w=640 h=480
xemu-perf: metal_surface_dirty vram_addr=0x3628000 size=2457600 write_addr=0x3628000 write_len=2457600 is_color=1
xemu-perf: metal_surface_dirty vram_addr=0x3628000 size=2457600 write_addr=0x3628000 write_len=2457600 is_color=1
xemu-perf: metal_surface_dirty vram_addr=0x3628000 size=2457600 write_addr=0x3628000 write_len=2457600 is_color=1
xemu-perf: metal_surface_dirty vram_addr=0x3628000 size=2457600 write_addr=0x3628000 write_len=2457600 is_color=1
xemu-perf: metal_surface_dirty vram_addr=0x3628000 size=2457600 write_addr=0x3628000 write_len=2457600 is_color=1
xemu-perf: metal_surface_dirty vram_addr=0x3628000 size=2457600 write_addr=0x3628000 write_len=2457600 is_color=1
xemu-perf: metal_surface_dirty vram_addr=0x3628000 size=2457600 write_addr=0x3628000 write_len=2457600 is_color=1
xemu-perf: metal_surface_dirty vram_addr=0x3628000 size=2457600 write_addr=0x3628000 write_len=2457600 is_color=1
xemu-perf: metal_screenshot_written path=/tmp/task16-repro2/swizzle-mipmap/metal/screenshots/swizzle-mipmap.0053.png w=640 h=480
xemu-perf: metal_surface_dirty vram_addr=0x3628000 size=2457600 write_addr=0x3628000 write_len=2457600 is_color=1
xemu-perf: metal_surface_dirty vram_addr=0x3628000 size=2457600 write_addr=0x3628000 write_len=2457600 is_color=1
xemu-perf: metal_surface_dirty vram_addr=0x3628000 size=2457600 write_addr=0x3628000 write_len=2457600 is_color=1
xemu-perf: metal_surface_dirty vram_addr=0x3628000 size=2457600 write_addr=0x3628000 write_len=2457600 is_color=1
xemu-perf: metal_surface_dirty vram_addr=0x3628000 size=2457600 write_addr=0x3628000 write_len=2457600 is_color=1
xemu-perf: metal_surface_dirty vram_addr=0x3628000 size=2457600 write_addr=0x3628000 write_len=2457600 is_color=1
xemu-perf: metal_surface_dirty vram_addr=0x3628000 size=2457600 write_addr=0x3628000 write_len=2457600 is_color=1
xemu-perf: metal_screenshot_written path=/tmp/task16-repro2/swizzle-mipmap/metal/screenshots/swizzle-mipmap.0054.png w=640 h=480
xemu-perf: metal_surface_dirty vram_addr=0x3628000 size=2457600 write_addr=0x3628000 write_len=2457600 is_color=1
xemu-perf: metal_surface_dirty vram_addr=0x3628000 size=2457600 write_addr=0x3628000 write_len=2457600 is_color=1
xemu-perf: metal_surface_dirty vram_addr=0x3628000 size=2457600 write_addr=0x3628000 write_len=2457600 is_color=1
xemu-perf: metal_surface_dirty vram_addr=0x3628000 size=2457600 write_addr=0x3628000 write_len=2457600 is_color=1
xemu-perf: metal_surface_dirty vram_addr=0x3628000 size=2457600 write_addr=0x3628000 write_len=2457600 is_color=1
xemu-perf: metal_surface_dirty vram_addr=0x3628000 size=2457600 write_addr=0x3628000 write_len=2457600 is_color=1
xemu-perf: metal_surface_dirty vram_addr=0x3628000 size=2457600 write_addr=0x3628000 write_len=2457600 is_color=1
xemu-perf: metal_surface_dirty vram_addr=0x3628000 size=2457600 write_addr=0x3628000 write_len=2457600 is_color=1
xemu-perf: metal_screenshot_written path=/tmp/task16-repro2/swizzle-mipmap/metal/screenshots/swizzle-mipmap.0055.png w=640 h=480
xemu-perf: metal_surface_dirty vram_addr=0x3628000 size=2457600 write_addr=0x3628000 write_len=2457600 is_color=1
xemu-perf: metal_surface_dirty vram_addr=0x3628000 size=2457600 write_addr=0x3628000 write_len=2457600 is_color=1
xemu-perf: metal_surface_dirty vram_addr=0x3628000 size=2457600 write_addr=0x3628000 write_len=2457600 is_color=1
xemu-perf: metal_surface_dirty vram_addr=0x3628000 size=2457600 write_addr=0x3628000 write_len=2457600 is_color=1
xemu-perf: metal_surface_dirty vram_addr=0x3628000 size=2457600 write_addr=0x3628000 write_len=2457600 is_color=1
xemu-perf: metal_surface_dirty vram_addr=0x3628000 size=2457600 write_addr=0x3628000 write_len=2457600 is_color=1
xemu-perf: metal_surface_dirty vram_addr=0x3628000 size=2457600 write_addr=0x3628000 write_len=2457600 is_color=1
xemu-perf: metal_screenshot_written path=/tmp/task16-repro2/swizzle-mipmap/metal/screenshots/swizzle-mipmap.0056.png w=640 h=480
xemu-perf: metal_surface_dirty vram_addr=0x3628000 size=2457600 write_addr=0x3628000 write_len=2457600 is_color=1
xemu-perf: metal_surface_dirty vram_addr=0x3628000 size=2457600 write_addr=0x3628000 write_len=2457600 is_color=1
xemu-perf: metal_surface_dirty vram_addr=0x3628000 size=2457600 write_addr=0x3628000 write_len=2457600 is_color=1
xemu-perf: interval_id=6 interval_start_us=197565014375 interval_end_us=197566015850 interval_ms=1001 frames=60 fps=59.91 mspf_avg=4.173 mspf_min=3.059 mspf_max=28.367 increment_fps=59 BEGIN_ENDS=185 NATIVE_TRI_DEPTH_DRAW=185 NATIVE_TRI_DEPTH_DRAW_SMOOTH=185 TCG_TB_EXEC_COUNT=17225 TCG_TB_INVALIDATE_COUNT=397 TCG_NOTDIRTY_TRIPS=172 TCG_NOTDIRTY_PAGES_HIT=3 TCG_TB_INVALIDATE_BURST_MAX=16 TCG_JMP_CACHE_ZEROED_BUCKETS=3568013 TCG_INVALIDATE_WALL_US_MAX=12 TCG_INVALIDATE_WALL_US_TOTAL=132 TCG_TB_LOOKUP_US_TOTAL=0 TCG_TB_GEN_CODE_US_TOTAL=0 TCG_HANDLE_INTERRUPT_US_TOTAL=0 TCG_XBOX_IDLE_LOOP_HITS=0 TCG_XBOX_IDLE_LOOP_YIELDS=0 TCG_XBOX_IDLE_LOOP_HALTS=0 MMIO_READ_COUNT=0 MMIO_READ_US_TOTAL=0 MMIO_READ_US_MAX=0 MMIO_READ_PGRAPH_COUNT=0 MMIO_READ_PGRAPH_US_TOTAL=0 MMIO_READ_PGRAPH_US_MAX=0 NV2A_VBLANK_FIRES=62 NV2A_FLIP_STALL_WRITES=60 NV2A_PRESENT_HEARTBEAT=60 XEMU_GL_SWAPS=0 RATE_SLEW_RATIO_E6=1000000 RATE_SLEW_ACTIVE=0 APU_LOCK_HOLD_US_TOTAL=39371 APU_VCPU_LOCK_WAIT_US_MAX=63 PFIFO_PUSHER_RUNS=192 PFIFO_PUSHER_STALLS=128 PFIFO_PUSHER_STALL_FLIP=0 PFIFO_PUSHER_STALL_NOP=121 PFIFO_PUSHER_STALL_FIFO=10 PFIFO_PULLER_CALLS=21512 PFIFO_PULLER_STALLS=60 PFIFO_PULLER_STALL_FLIP=60 PFIFO_PULLER_STALL_NOP=0 PFIFO_PULLER_STALL_CONTEXT=0 PFIFO_PULLER_STALL_FIFO=0 PFIFO_PUSHER_WORDS=78150 PFIFO_PULLER_METHOD_WORDS=62882 PFIFO_DMA_BACKLOG_BYTES_MAX=26192 PFIFO_USER_DMA_PUT_WRITES=74 PFIFO_USER_DMA_GET_WRITES=0 PFIFO_USER_DMA_PUT_READS=0 PFIFO_USER_DMA_GET_READS=9 PGRAPH_PATT_COLOR0_WRITES=0 PGRAPH_PATT_COLOR0_READS=0 PGRAPH_FLIP_STALL_SETS=60 PGRAPH_FLIP_STALL_CHECKS=120 PGRAPH_FLIP_STALL_STILL_WAITING=60 PGRAPH_FLIP_STALL_COMPLETES=60 METAL_DRAW_COUNT=185 METAL_DRAW_INDEXED_COUNT=125 METAL_NATIVE_TRI_DEPTH_DRAWS=185 METAL_NATIVE_QUAD_DRAWS=0 METAL_CLEAR_COUNT=62 METAL_GLSL_TRANSLATE=14 METAL_GLSL_TRANSLATE_FAIL=0 METAL_SHADER_VALIDATE_OK=0 METAL_SHADER_VALIDATE_FAIL=0 METAL_PIPELINE_HITS=178 METAL_PIPELINE_MISSES=7 METAL_PIPELINE_FAILED=0 METAL_TEX_UPLOADS_TOTAL=63 METAL_TEX_UPLOAD_BYTES_TOTAL=155845632 METAL_TEX_CACHE_HITS=122 METAL_TEX_CACHE_MISSES=63 METAL_PIPELINE_KEY_BUILT=185 METAL_PIPELINE_TRANSLATED_OK=185 METAL_PIPELINE_TRANSLATED_FAILED=0 METAL_DISPATCH_US_TOTAL=121056 METAL_TEX_BIND_US_TOTAL=68017 METAL_DRAW_ENCODE_US_TOTAL=2895 METAL_DRAW_PASS_OPENS=123 METAL_DRAW_PASS_COALESCED=62 METAL_DRAW_PASS_FLUSHES=122 METAL_OPEN_PASS_FLUSH_US_TOTAL=1743 METAL_TEX_UPLOAD_US_TOTAL=3671 METAL_DRAW_TRANSLATED=185 METAL_PIPELINE_FALLBACKS=0 METAL_UNIFORM_PACK=370 METAL_UNIFORM_BYTES=1210640 METAL_SHADER_COMPILE_QUEUED_TOTAL=0 METAL_SHADER_COMPILE_COMPLETED_TOTAL=0 METAL_SHADER_COMPILE_FAILED_TOTAL=0 METAL_DRAWS_SKIPPED_PENDING_TOTAL=0 METAL_DRAWS_USING_UBERSHADER_TOTAL=0 METAL_SHADER_CACHE_LOADS=7 METAL_SHADER_CACHE_HITS=0 METAL_SHADER_CACHE_MISSES=7 METAL_PRESENTS=0 METAL_PRESENT_JITTER_US_TOTAL=0 METAL_PRESENT_JITTER_US_AVG=0 METAL_PRESENT_JITTER_US_MAX=0 METAL_DRAWABLE_ACQUIRE_FAILS=0 METAL_DISPLAY_LINK_CALLBACKS=0 METAL_MSAA_RESOLVE_COUNT=0 METAL_MSAA_RESOLVE_US_TOTAL=0 METAL_MSAA_SAMPLE_COUNT=1 METAL_FX_SPATIAL_PRESENTS=0 METAL_FX_SPATIAL_US_TOTAL=0 METAL_FX_SCALE_FACTOR=1 METAL_FX_SPATIAL_GPU_US_TOTAL=0 METAL_VERTEX_US_TOTAL=1734 METAL_FRAGMENT_US_TOTAL=2251 METAL_PRESENT_GPU_US_TOTAL=4471 METAL_PRESENT_GPU_FRAMES=120 METAL_CAPTURE_FRAMES=0 METAL_CAPTURE_ACTIVE=0 METAL_SCREENSHOTS_TAKEN=8 METAL_FRONT_FB_PUBLISHES=60 METAL_SURFACE_CACHE_SIZE=19 METAL_IMAGE_BLITS=0 METAL_SURFACE_VRAM_DIRTY_HITS=60 METAL_SURFACE_VRAM_UPLOADS=61 METAL_SURFACE_VRAM_UPLOAD_BYTES=151650304 METAL_SURFACE_RECREATE_SHAPE_MISMATCH=0 METAL_SURFACE_DOWNLOADS=62 METAL_SURFACE_DOWNLOAD_BYTES=155844608 METAL_SURFACE_DOWNLOAD_US_TOTAL=60132 METAL_DRAW_RT_DUMPS=0 METAL_SURFACE_GRAPH_DUMPS=0 METAL_SIBLING_SYNCS=0 METAL_SIBLING_SYNC_SKIPS=0 METAL_FLAT_QUAD_PROPAGATIONS=0 INPUT_USB_POLLS=0 INPUT_BACKEND_UPDATES=121 INPUT_LAT_US_TOTAL=0 INPUT_LAT_US_MAX=0 PIT_IRQ_TIMER_FIRES=2042 PIT_COALESCE_EVENTS=0 PIT_COALESCE_LATE_US_TOTAL=0 PIT_COALESCE_LATE_US_MAX=0 PIT_COALESCE_SKIPPED_TRANSITIONS=0
xemu-perf: metal_draw_target vram_addr=0x32a4000 count=60
xemu-perf: metal_draw_target vram_addr=0x3628000 count=114
xemu-perf: metal_draw_target vram_addr=0x2454000 count=11
xemu-perf: metal_surface_dirty vram_addr=0x3628000 size=2457600 write_addr=0x3628000 write_len=2457600 is_color=1
xemu-perf: metal_surface_dirty vram_addr=0x3628000 size=2457600 write_addr=0x3628000 write_len=2457600 is_color=1
xemu-perf: metal_surface_dirty vram_addr=0x3628000 size=2457600 write_addr=0x3628000 write_len=2457600 is_color=1
xemu-perf: metal_surface_dirty vram_addr=0x3628000 size=2457600 write_addr=0x3628000 write_len=2457600 is_color=1
xemu-perf: metal_surface_dirty vram_addr=0x3628000 size=2457600 write_addr=0x3628000 write_len=2457600 is_color=1
xemu-perf: metal_screenshot_written path=/tmp/task16-repro2/swizzle-mipmap/metal/screenshots/swizzle-mipmap.0057.png w=640 h=480
xemu-perf: metal_surface_dirty vram_addr=0x3628000 size=2457600 write_addr=0x3628000 write_len=2457600 is_color=1
xemu-perf: metal_surface_dirty vram_addr=0x3628000 size=2457600 write_addr=0x3628000 write_len=2457600 is_color=1
xemu-perf: metal_surface_dirty vram_addr=0x3628000 size=2457600 write_addr=0x3628000 write_len=2457600 is_color=1
xemu-perf: metal_surface_dirty vram_addr=0x3628000 size=2457600 write_addr=0x3628000 write_len=2457600 is_color=1
xemu-perf: metal_surface_dirty vram_addr=0x3628000 size=2457600 write_addr=0x3628000 write_len=2457600 is_color=1
xemu-perf: metal_surface_dirty vram_addr=0x3628000 size=2457600 write_addr=0x3628000 write_len=2457600 is_color=1
xemu-perf: metal_surface_dirty vram_addr=0x3628000 size=2457600 write_addr=0x3628000 write_len=2457600 is_color=1
xemu-perf: metal_screenshot_written path=/tmp/task16-repro2/swizzle-mipmap/metal/screenshots/swizzle-mipmap.0058.png w=640 h=480
xemu-perf: metal_surface_dirty vram_addr=0x3628000 size=2457600 write_addr=0x3628000 write_len=2457600 is_color=1
xemu-perf: metal_surface_dirty vram_addr=0x3628000 size=2457600 write_addr=0x3628000 write_len=2457600 is_color=1
xemu-perf: metal_surface_dirty vram_addr=0x3628000 size=2457600 write_addr=0x3628000 write_len=2457600 is_color=1
xemu-perf: metal_surface_dirty vram_addr=0x3628000 size=2457600 write_addr=0x3628000 write_len=2457600 is_color=1
xemu-perf: metal_surface_dirty vram_addr=0x3628000 size=2457600 write_addr=0x3628000 write_len=2457600 is_color=1
xemu-perf: metal_surface_dirty vram_addr=0x3628000 size=2457600 write_addr=0x3628000 write_len=2457600 is_color=1
xemu-perf: metal_surface_dirty vram_addr=0x3628000 size=2457600 write_addr=0x3628000 write_len=2457600 is_color=1
xemu-perf: metal_surface_dirty vram_addr=0x3628000 size=2457600 write_addr=0x3628000 write_len=2457600 is_color=1
xemu-perf: metal_screenshot_written path=/tmp/task16-repro2/swizzle-mipmap/metal/screenshots/swizzle-mipmap.0059.png w=640 h=480
xemu-perf: metal_surface_dirty vram_addr=0x3628000 size=2457600 write_addr=0x3628000 write_len=2457600 is_color=1
xemu-perf: metal_surface_dirty vram_addr=0x3628000 size=2457600 write_addr=0x3628000 write_len=2457600 is_color=1
xemu-perf: metal_surface_dirty vram_addr=0x3628000 size=2457600 write_addr=0x3628000 write_len=2457600 is_color=1
xemu-perf: metal_surface_dirty vram_addr=0x3628000 size=2457600 write_addr=0x3628000 write_len=2457600 is_color=1
xemu-perf: metal_surface_dirty vram_addr=0x3628000 size=2457600 write_addr=0x3628000 write_len=2457600 is_color=1
xemu-perf: metal_surface_dirty vram_addr=0x3628000 size=2457600 write_addr=0x3628000 write_len=2457600 is_color=1
xemu-perf: metal_surface_dirty vram_addr=0x3628000 size=2457600 write_addr=0x3628000 write_len=2457600 is_color=1
xemu-perf: metal_screenshot_written path=/tmp/task16-repro2/swizzle-mipmap/metal/screenshots/swizzle-mipmap.0060.png w=640 h=480
xemu-perf: metal_surface_dirty vram_addr=0x3628000 size=2457600 write_addr=0x3628000 write_len=2457600 is_color=1
xemu-perf: metal_surface_dirty vram_addr=0x3628000 size=2457600 write_addr=0x3628000 write_len=2457600 is_color=1
xemu-perf: metal_surface_dirty vram_addr=0x3628000 size=2457600 write_addr=0x3628000 write_len=2457600 is_color=1
xemu-perf: metal_surface_dirty vram_addr=0x3628000 size=2457600 write_addr=0x3628000 write_len=2457600 is_color=1
xemu-perf: metal_surface_dirty vram_addr=0x3628000 size=2457600 write_addr=0x3628000 write_len=2457600 is_color=1
xemu-perf: metal_surface_dirty vram_addr=0x3628000 size=2457600 write_addr=0x3628000 write_len=2457600 is_color=1
xemu-perf: metal_surface_dirty vram_addr=0x3628000 size=2457600 write_addr=0x3628000 write_len=2457600 is_color=1
xemu-perf: metal_surface_dirty vram_addr=0x3628000 size=2457600 write_addr=0x3628000 write_len=2457600 is_color=1
xemu-perf: metal_screenshot_written path=/tmp/task16-repro2/swizzle-mipmap/metal/screenshots/swizzle-mipmap.0061.png w=640 h=480
xemu-perf: metal_surface_dirty vram_addr=0x3628000 size=2457600 write_addr=0x3628000 write_len=2457600 is_color=1
xemu-perf: metal_surface_dirty vram_addr=0x3628000 size=2457600 write_addr=0x3628000 write_len=2457600 is_color=1
xemu-perf: metal_surface_dirty vram_addr=0x3628000 size=2457600 write_addr=0x3628000 write_len=2457600 is_color=1
xemu-perf: metal_surface_dirty vram_addr=0x3628000 size=2457600 write_addr=0x3628000 write_len=2457600 is_color=1
xemu-perf: metal_surface_dirty vram_addr=0x3628000 size=2457600 write_addr=0x3628000 write_len=2457600 is_color=1
xemu-perf: metal_surface_dirty vram_addr=0x3628000 size=2457600 write_addr=0x3628000 write_len=2457600 is_color=1
xemu-perf: metal_surface_dirty vram_addr=0x3628000 size=2457600 write_addr=0x3628000 write_len=2457600 is_color=1
xemu-perf: metal_screenshot_written path=/tmp/task16-repro2/swizzle-mipmap/metal/screenshots/swizzle-mipmap.0062.png w=640 h=480
xemu-perf: metal_surface_dirty vram_addr=0x3628000 size=2457600 write_addr=0x3628000 write_len=2457600 is_color=1
xemu-perf: metal_surface_dirty vram_addr=0x3628000 size=2457600 write_addr=0x3628000 write_len=2457600 is_color=1
xemu-perf: metal_surface_dirty vram_addr=0x3628000 size=2457600 write_addr=0x3628000 write_len=2457600 is_color=1
xemu-perf: metal_surface_dirty vram_addr=0x3628000 size=2457600 write_addr=0x3628000 write_len=2457600 is_color=1
xemu-perf: metal_surface_dirty vram_addr=0x3628000 size=2457600 write_addr=0x3628000 write_len=2457600 is_color=1
xemu-perf: metal_surface_dirty vram_addr=0x3628000 size=2457600 write_addr=0x3628000 write_len=2457600 is_color=1
xemu-perf: metal_surface_dirty vram_addr=0x3628000 size=2457600 write_addr=0x3628000 write_len=2457600 is_color=1
xemu-perf: metal_surface_dirty vram_addr=0x3628000 size=2457600 write_addr=0x3628000 write_len=2457600 is_color=1
xemu-perf: metal_screenshot_written path=/tmp/task16-repro2/swizzle-mipmap/metal/screenshots/swizzle-mipmap.0063.png w=640 h=480
xemu-perf: metal_surface_dirty vram_addr=0x3628000 size=2457600 write_addr=0x3628000 write_len=2457600 is_color=1
xemu-perf: metal_surface_dirty vram_addr=0x3628000 size=2457600 write_addr=0x3628000 write_len=2457600 is_color=1
xemu-perf: metal_surface_dirty vram_addr=0x3628000 size=2457600 write_addr=0x3628000 write_len=2457600 is_color=1
xemu-perf: metal_surface_dirty vram_addr=0x3628000 size=2457600 write_addr=0x3628000 write_len=2457600 is_color=1
xemu-perf: metal_surface_dirty vram_addr=0x3628000 size=2457600 write_addr=0x3628000 write_len=2457600 is_color=1
xemu-perf: metal_surface_dirty vram_addr=0x3628000 size=2457600 write_addr=0x3628000 write_len=2457600 is_color=1
xemu-perf: metal_surface_dirty vram_addr=0x3628000 size=2457600 write_addr=0x3628000 write_len=2457600 is_color=1
xemu-perf: metal_screenshot_written path=/tmp/task16-repro2/swizzle-mipmap/metal/screenshots/swizzle-mipmap.0064.png w=640 h=480
xemu-perf: metal_surface_dirty vram_addr=0x3628000 size=2457600 write_addr=0x3628000 write_len=2457600 is_color=1
xemu-perf: metal_surface_dirty vram_addr=0x3628000 size=2457600 write_addr=0x3628000 write_len=2457600 is_color=1
xemu-perf: metal_surface_dirty vram_addr=0x3628000 size=2457600 write_addr=0x3628000 write_len=2457600 is_color=1
xemu-perf: metal_surface_dirty vram_addr=0x3628000 size=2457600 write_addr=0x3628000 write_len=2457600 is_color=1
xemu-perf: metal_surface_dirty vram_addr=0x3628000 size=2457600 write_addr=0x3628000 write_len=2457600 is_color=1
xemu-perf: interval_id=7 interval_start_us=197566032615 interval_end_us=197567049117 interval_ms=1016 frames=62 fps=60.99 mspf_avg=3.167 mspf_min=2.609 mspf_max=3.509 increment_fps=59 BEGIN_ENDS=124 NATIVE_TRI_DEPTH_DRAW=124 NATIVE_TRI_DEPTH_DRAW_SMOOTH=124 TCG_TB_EXEC_COUNT=13856 TCG_TB_INVALIDATE_COUNT=502 TCG_NOTDIRTY_TRIPS=184 TCG_NOTDIRTY_PAGES_HIT=3 TCG_TB_INVALIDATE_BURST_MAX=16 TCG_JMP_CACHE_ZEROED_BUCKETS=2540022 TCG_INVALIDATE_WALL_US_MAX=9 TCG_INVALIDATE_WALL_US_TOTAL=164 TCG_TB_LOOKUP_US_TOTAL=0 TCG_TB_GEN_CODE_US_TOTAL=0 TCG_HANDLE_INTERRUPT_US_TOTAL=0 TCG_XBOX_IDLE_LOOP_HITS=0 TCG_XBOX_IDLE_LOOP_YIELDS=0 TCG_XBOX_IDLE_LOOP_HALTS=0 MMIO_READ_COUNT=0 MMIO_READ_US_TOTAL=0 MMIO_READ_US_MAX=0 MMIO_READ_PGRAPH_COUNT=0 MMIO_READ_PGRAPH_US_TOTAL=0 MMIO_READ_PGRAPH_US_MAX=0 NV2A_VBLANK_FIRES=62 NV2A_FLIP_STALL_WRITES=62 NV2A_PRESENT_HEARTBEAT=62 XEMU_GL_SWAPS=0 RATE_SLEW_RATIO_E6=1000000 RATE_SLEW_ACTIVE=0 APU_LOCK_HOLD_US_TOTAL=37854 APU_VCPU_LOCK_WAIT_US_MAX=69 PFIFO_PUSHER_RUNS=196 PFIFO_PUSHER_STALLS=134 PFIFO_PUSHER_STALL_FLIP=0 PFIFO_PUSHER_STALL_NOP=127 PFIFO_PUSHER_STALL_FIFO=10 PFIFO_PULLER_CALLS=19542 PFIFO_PULLER_STALLS=62 PFIFO_PULLER_STALL_FLIP=62 PFIFO_PULLER_STALL_NOP=0 PFIFO_PULLER_STALL_CONTEXT=0 PFIFO_PULLER_STALL_FIFO=0 PFIFO_PUSHER_WORDS=62769 PFIFO_PULLER_METHOD_WORDS=49054 PFIFO_DMA_BACKLOG_BYTES_MAX=9200 PFIFO_USER_DMA_PUT_WRITES=68 PFIFO_USER_DMA_GET_WRITES=0 PFIFO_USER_DMA_PUT_READS=0 PFIFO_USER_DMA_GET_READS=4 PGRAPH_PATT_COLOR0_WRITES=0 PGRAPH_PATT_COLOR0_READS=0 PGRAPH_FLIP_STALL_SETS=62 PGRAPH_FLIP_STALL_CHECKS=124 PGRAPH_FLIP_STALL_STILL_WAITING=62 PGRAPH_FLIP_STALL_COMPLETES=62 METAL_DRAW_COUNT=124 METAL_DRAW_INDEXED_COUNT=62 METAL_NATIVE_TRI_DEPTH_DRAWS=124 METAL_NATIVE_QUAD_DRAWS=0 METAL_CLEAR_COUNT=62 METAL_GLSL_TRANSLATE=0 METAL_GLSL_TRANSLATE_FAIL=0 METAL_SHADER_VALIDATE_OK=0 METAL_SHADER_VALIDATE_FAIL=0 METAL_PIPELINE_HITS=124 METAL_PIPELINE_MISSES=0 METAL_PIPELINE_FAILED=0 METAL_TEX_UPLOADS_TOTAL=62 METAL_TEX_UPLOAD_BYTES_TOTAL=152371200 METAL_TEX_CACHE_HITS=62 METAL_TEX_CACHE_MISSES=62 METAL_PIPELINE_KEY_BUILT=124 METAL_PIPELINE_TRANSLATED_OK=124 METAL_PIPELINE_TRANSLATED_FAILED=0 METAL_DISPATCH_US_TOTAL=72313 METAL_TEX_BIND_US_TOTAL=68891 METAL_DRAW_ENCODE_US_TOTAL=2570 METAL_DRAW_PASS_OPENS=124 METAL_DRAW_PASS_COALESCED=0 METAL_DRAW_PASS_FLUSHES=124 METAL_OPEN_PASS_FLUSH_US_TOTAL=1750 METAL_TEX_UPLOAD_US_TOTAL=3488 METAL_DRAW_TRANSLATED=124 METAL_PIPELINE_FALLBACKS=0 METAL_UNIFORM_PACK=248 METAL_UNIFORM_BYTES=811456 METAL_SHADER_COMPILE_QUEUED_TOTAL=0 METAL_SHADER_COMPILE_COMPLETED_TOTAL=0 METAL_SHADER_COMPILE_FAILED_TOTAL=0 METAL_DRAWS_SKIPPED_PENDING_TOTAL=0 METAL_DRAWS_USING_UBERSHADER_TOTAL=0 METAL_SHADER_CACHE_LOADS=0 METAL_SHADER_CACHE_HITS=0 METAL_SHADER_CACHE_MISSES=0 METAL_PRESENTS=0 METAL_PRESENT_JITTER_US_TOTAL=0 METAL_PRESENT_JITTER_US_AVG=0 METAL_PRESENT_JITTER_US_MAX=0 METAL_DRAWABLE_ACQUIRE_FAILS=0 METAL_DISPLAY_LINK_CALLBACKS=0 METAL_MSAA_RESOLVE_COUNT=0 METAL_MSAA_RESOLVE_US_TOTAL=0 METAL_MSAA_SAMPLE_COUNT=1 METAL_FX_SPATIAL_PRESENTS=0 METAL_FX_SPATIAL_US_TOTAL=0 METAL_FX_SCALE_FACTOR=1 METAL_FX_SPATIAL_GPU_US_TOTAL=0 METAL_VERTEX_US_TOTAL=1774 METAL_FRAGMENT_US_TOTAL=2331 METAL_PRESENT_GPU_US_TOTAL=4417 METAL_PRESENT_GPU_FRAMES=124 METAL_CAPTURE_FRAMES=0 METAL_CAPTURE_ACTIVE=0 METAL_SCREENSHOTS_TAKEN=8 METAL_FRONT_FB_PUBLISHES=62 METAL_SURFACE_CACHE_SIZE=19 METAL_IMAGE_BLITS=0 METAL_SURFACE_VRAM_DIRTY_HITS=62 METAL_SURFACE_VRAM_UPLOADS=62 METAL_SURFACE_VRAM_UPLOAD_BYTES=152371200 METAL_SURFACE_RECREATE_SHAPE_MISMATCH=0 METAL_SURFACE_DOWNLOADS=62 METAL_SURFACE_DOWNLOAD_BYTES=152371200 METAL_SURFACE_DOWNLOAD_US_TOTAL=60354 METAL_DRAW_RT_DUMPS=0 METAL_SURFACE_GRAPH_DUMPS=0 METAL_SIBLING_SYNCS=0 METAL_SIBLING_SYNC_SKIPS=0 METAL_FLAT_QUAD_PROPAGATIONS=0 INPUT_USB_POLLS=0 INPUT_BACKEND_UPDATES=124 INPUT_LAT_US_TOTAL=0 INPUT_LAT_US_MAX=0 PIT_IRQ_TIMER_FIRES=2066 PIT_COALESCE_EVENTS=0 PIT_COALESCE_LATE_US_TOTAL=0 PIT_COALESCE_LATE_US_MAX=0 PIT_COALESCE_SKIPPED_TRANSITIONS=0
xemu-perf: metal_draw_target vram_addr=0x32a4000 count=62
xemu-perf: metal_draw_target vram_addr=0x3628000 count=62
xemu-perf: metal_surface_dirty vram_addr=0x3628000 size=2457600 write_addr=0x3628000 write_len=2457600 is_color=1
xemu-perf: metal_surface_dirty vram_addr=0x3628000 size=2457600 write_addr=0x3628000 write_len=2457600 is_color=1
xemu-perf: metal_surface_dirty vram_addr=0x3628000 size=2457600 write_addr=0x3628000 write_len=2457600 is_color=1
xemu-perf: metal_screenshot_written path=/tmp/task16-repro2/swizzle-mipmap/metal/screenshots/swizzle-mipmap.0065.png w=640 h=480
xemu-perf: metal_color_bind vram_addr=0x3bd4000 guest=640x480 scaled=640x480 pitch=2560 format=8
xemu-perf: metal_draw_target_first vram_addr=0x3bd4000 slot=11
xemu-perf: metal_attrib_stream slot=9 min=0 num=24 count=4 stride=44 src=0
xemu-perf:   slot=9 k=0 v=(0.2500, 0.2500, 0.0000, 1.0000)
xemu-perf:   slot=9 k=1 v=(0.2500, 0.2500, 0.0000, 1.0000)
xemu-perf:   slot=9 k=2 v=(0.2500, 0.2500, 0.0000, 1.0000)
xemu-perf:   slot=9 k=3 v=(0.2500, 0.2500, 0.0000, 1.0000)
xemu-perf:   slot=9 k=4 v=(0.2500, 0.2500, 0.0000, 1.0000)
xemu-perf:   slot=9 k=5 v=(0.2500, 0.2500, 0.0000, 1.0000)
xemu-perf:   slot=9 k=6 v=(0.7500, 0.2500, 0.0000, 1.0000)
xemu-perf:   slot=9 k=7 v=(0.7500, 0.2500, 0.0000, 1.0000)
xemu-perf:   slot=9 k=8 v=(0.7500, 0.2500, 0.0000, 1.0000)
xemu-perf:   slot=9 k=9 v=(0.7500, 0.2500, 0.0000, 1.0000)
xemu-perf:   slot=9 k=10 v=(0.7500, 0.2500, 0.0000, 1.0000)
xemu-perf:   slot=9 k=11 v=(0.7500, 0.2500, 0.0000, 1.0000)
xemu-perf:   slot=9 k=12 v=(0.2500, 0.7500, 0.0000, 1.0000)
xemu-perf:   slot=9 k=13 v=(0.2500, 0.7500, 0.0000, 1.0000)
xemu-perf:   slot=9 k=14 v=(0.2500, 0.7500, 0.0000, 1.0000)
xemu-perf:   slot=9 k=15 v=(0.2500, 0.7500, 0.0000, 1.0000)
xemu-perf:   slot=9 k=16 v=(0.2500, 0.7500, 0.0000, 1.0000)
xemu-perf:   slot=9 k=17 v=(0.2500, 0.7500, 0.0000, 1.0000)
xemu-perf:   slot=9 k=18 v=(0.7500, 0.7500, 0.0000, 1.0000)
xemu-perf:   slot=9 k=19 v=(0.7500, 0.7500, 0.0000, 1.0000)
xemu-perf:   slot=9 k=20 v=(0.7500, 0.7500, 0.0000, 1.0000)
xemu-perf:   slot=9 k=21 v=(0.7500, 0.7500, 0.0000, 1.0000)
xemu-perf:   slot=9 k=22 v=(0.7500, 0.7500, 0.0000, 1.0000)
xemu-perf:   slot=9 k=23 v=(0.7500, 0.7500, 0.0000, 1.0000)
xemu-perf: metal_attrib_stream slot=9 min=24 num=24 count=4 stride=44 src=0
xemu-perf:   slot=9 k=0 v=(0.2500, 0.2500, 0.0000, 1.0000)
xemu-perf:   slot=9 k=1 v=(0.2500, 0.2500, 0.0000, 1.0000)
xemu-perf:   slot=9 k=2 v=(0.2500, 0.2500, 0.0000, 1.0000)
xemu-perf:   slot=9 k=3 v=(0.2500, 0.2500, 0.0000, 1.0000)
xemu-perf:   slot=9 k=4 v=(0.2500, 0.2500, 0.0000, 1.0000)
xemu-perf:   slot=9 k=5 v=(0.2500, 0.2500, 0.0000, 1.0000)
xemu-perf:   slot=9 k=6 v=(0.7500, 0.2500, 0.0000, 1.0000)
xemu-perf:   slot=9 k=7 v=(0.7500, 0.2500, 0.0000, 1.0000)
xemu-perf:   slot=9 k=8 v=(0.7500, 0.2500, 0.0000, 1.0000)
xemu-perf:   slot=9 k=9 v=(0.7500, 0.2500, 0.0000, 1.0000)
xemu-perf:   slot=9 k=10 v=(0.7500, 0.2500, 0.0000, 1.0000)
xemu-perf:   slot=9 k=11 v=(0.7500, 0.2500, 0.0000, 1.0000)
xemu-perf:   slot=9 k=12 v=(0.2500, 0.7500, 0.0000, 1.0000)
xemu-perf:   slot=9 k=13 v=(0.2500, 0.7500, 0.0000, 1.0000)
xemu-perf:   slot=9 k=14 v=(0.2500, 0.7500, 0.0000, 1.0000)
xemu-perf:   slot=9 k=15 v=(0.2500, 0.7500, 0.0000, 1.0000)
xemu-perf:   slot=9 k=16 v=(0.2500, 0.7500, 0.0000, 1.0000)
xemu-perf:   slot=9 k=17 v=(0.2500, 0.7500, 0.0000, 1.0000)
xemu-perf:   slot=9 k=18 v=(0.7500, 0.7500, 0.0000, 1.0000)
xemu-perf:   slot=9 k=19 v=(0.7500, 0.7500, 0.0000, 1.0000)
xemu-perf:   slot=9 k=20 v=(0.7500, 0.7500, 0.0000, 1.0000)
xemu-perf:   slot=9 k=21 v=(0.7500, 0.7500, 0.0000, 1.0000)
xemu-perf:   slot=9 k=22 v=(0.7500, 0.7500, 0.0000, 1.0000)
xemu-perf:   slot=9 k=23 v=(0.7500, 0.7500, 0.0000, 1.0000)
xemu-perf: metal_attrib_stream slot=9 min=48 num=24 count=4 stride=44 src=0
xemu-perf:   slot=9 k=0 v=(0.2500, 0.2500, 0.0000, 1.0000)
xemu-perf:   slot=9 k=1 v=(0.2500, 0.2500, 0.0000, 1.0000)
xemu-perf:   slot=9 k=2 v=(0.2500, 0.2500, 0.0000, 1.0000)
xemu-perf:   slot=9 k=3 v=(0.2500, 0.2500, 0.0000, 1.0000)
xemu-perf:   slot=9 k=4 v=(0.2500, 0.2500, 0.0000, 1.0000)
xemu-perf:   slot=9 k=5 v=(0.2500, 0.2500, 0.0000, 1.0000)
xemu-perf:   slot=9 k=6 v=(0.7500, 0.2500, 0.0000, 1.0000)
xemu-perf:   slot=9 k=7 v=(0.7500, 0.2500, 0.0000, 1.0000)
xemu-perf:   slot=9 k=8 v=(0.7500, 0.2500, 0.0000, 1.0000)
xemu-perf:   slot=9 k=9 v=(0.7500, 0.2500, 0.0000, 1.0000)
xemu-perf:   slot=9 k=10 v=(0.7500, 0.2500, 0.0000, 1.0000)
xemu-perf:   slot=9 k=11 v=(0.7500, 0.2500, 0.0000, 1.0000)
xemu-perf:   slot=9 k=12 v=(0.2500, 0.7500, 0.0000, 1.0000)
xemu-perf:   slot=9 k=13 v=(0.2500, 0.7500, 0.0000, 1.0000)
xemu-perf:   slot=9 k=14 v=(0.2500, 0.7500, 0.0000, 1.0000)
xemu-perf:   slot=9 k=15 v=(0.2500, 0.7500, 0.0000, 1.0000)
xemu-perf:   slot=9 k=16 v=(0.2500, 0.7500, 0.0000, 1.0000)
xemu-perf:   slot=9 k=17 v=(0.2500, 0.7500, 0.0000, 1.0000)
xemu-perf:   slot=9 k=18 v=(0.7500, 0.7500, 0.0000, 1.0000)
xemu-perf:   slot=9 k=19 v=(0.7500, 0.7500, 0.0000, 1.0000)
xemu-perf:   slot=9 k=20 v=(0.7500, 0.7500, 0.0000, 1.0000)
xemu-perf:   slot=9 k=21 v=(0.7500, 0.7500, 0.0000, 1.0000)
xemu-perf:   slot=9 k=22 v=(0.7500, 0.7500, 0.0000, 1.0000)
xemu-perf:   slot=9 k=23 v=(0.7500, 0.7500, 0.0000, 1.0000)
xemu-perf: metal_attrib_stream slot=9 min=72 num=24 count=4 stride=44 src=0
xemu-perf:   slot=9 k=0 v=(0.2500, 0.2500, 0.0000, 1.0000)
xemu-perf:   slot=9 k=1 v=(0.2500, 0.2500, 0.0000, 1.0000)
xemu-perf:   slot=9 k=2 v=(0.2500, 0.2500, 0.0000, 1.0000)
xemu-perf:   slot=9 k=3 v=(0.2500, 0.2500, 0.0000, 1.0000)
xemu-perf:   slot=9 k=4 v=(0.2500, 0.2500, 0.0000, 1.0000)
xemu-perf:   slot=9 k=5 v=(0.2500, 0.2500, 0.0000, 1.0000)
xemu-perf:   slot=9 k=6 v=(0.7500, 0.2500, 0.0000, 1.0000)
xemu-perf:   slot=9 k=7 v=(0.7500, 0.2500, 0.0000, 1.0000)
xemu-perf:   slot=9 k=8 v=(0.7500, 0.2500, 0.0000, 1.0000)
xemu-perf:   slot=9 k=9 v=(0.7500, 0.2500, 0.0000, 1.0000)
xemu-perf:   slot=9 k=10 v=(0.7500, 0.2500, 0.0000, 1.0000)
xemu-perf:   slot=9 k=11 v=(0.7500, 0.2500, 0.0000, 1.0000)
xemu-perf:   slot=9 k=12 v=(0.2500, 0.7500, 0.0000, 1.0000)
xemu-perf:   slot=9 k=13 v=(0.2500, 0.7500, 0.0000, 1.0000)
xemu-perf:   slot=9 k=14 v=(0.2500, 0.7500, 0.0000, 1.0000)
xemu-perf:   slot=9 k=15 v=(0.2500, 0.7500, 0.0000, 1.0000)
xemu-perf:   slot=9 k=16 v=(0.2500, 0.7500, 0.0000, 1.0000)
xemu-perf:   slot=9 k=17 v=(0.2500, 0.7500, 0.0000, 1.0000)
xemu-perf:   slot=9 k=18 v=(0.7500, 0.7500, 0.0000, 1.0000)
xemu-perf:   slot=9 k=19 v=(0.7500, 0.7500, 0.0000, 1.0000)
xemu-perf:   slot=9 k=20 v=(0.7500, 0.7500, 0.0000, 1.0000)
xemu-perf:   slot=9 k=21 v=(0.7500, 0.7500, 0.0000, 1.0000)
xemu-perf:   slot=9 k=22 v=(0.7500, 0.7500, 0.0000, 1.0000)
xemu-perf:   slot=9 k=23 v=(0.7500, 0.7500, 0.0000, 1.0000)
xemu-perf: metal_attrib_stream slot=9 min=96 num=24 count=4 stride=44 src=0
xemu-perf:   slot=9 k=0 v=(0.2500, 0.2500, 0.0000, 1.0000)
xemu-perf:   slot=9 k=1 v=(0.2500, 0.2500, 0.0000, 1.0000)
xemu-perf:   slot=9 k=2 v=(0.2500, 0.2500, 0.0000, 1.0000)
xemu-perf:   slot=9 k=3 v=(0.2500, 0.2500, 0.0000, 1.0000)
xemu-perf:   slot=9 k=4 v=(0.2500, 0.2500, 0.0000, 1.0000)
xemu-perf:   slot=9 k=5 v=(0.2500, 0.2500, 0.0000, 1.0000)
xemu-perf:   slot=9 k=6 v=(0.7500, 0.2500, 0.0000, 1.0000)
xemu-perf:   slot=9 k=7 v=(0.7500, 0.2500, 0.0000, 1.0000)
xemu-perf:   slot=9 k=8 v=(0.7500, 0.2500, 0.0000, 1.0000)
xemu-perf:   slot=9 k=9 v=(0.7500, 0.2500, 0.0000, 1.0000)
xemu-perf:   slot=9 k=10 v=(0.7500, 0.2500, 0.0000, 1.0000)
xemu-perf:   slot=9 k=11 v=(0.7500, 0.2500, 0.0000, 1.0000)
xemu-perf:   slot=9 k=12 v=(0.2500, 0.7500, 0.0000, 1.0000)
xemu-perf:   slot=9 k=13 v=(0.2500, 0.7500, 0.0000, 1.0000)
xemu-perf:   slot=9 k=14 v=(0.2500, 0.7500, 0.0000, 1.0000)
xemu-perf:   slot=9 k=15 v=(0.2500, 0.7500, 0.0000, 1.0000)
xemu-perf:   slot=9 k=16 v=(0.2500, 0.7500, 0.0000, 1.0000)
xemu-perf:   slot=9 k=17 v=(0.2500, 0.7500, 0.0000, 1.0000)
xemu-perf:   slot=9 k=18 v=(0.7500, 0.7500, 0.0000, 1.0000)
xemu-perf:   slot=9 k=19 v=(0.7500, 0.7500, 0.0000, 1.0000)
xemu-perf:   slot=9 k=20 v=(0.7500, 0.7500, 0.0000, 1.0000)
xemu-perf:   slot=9 k=21 v=(0.7500, 0.7500, 0.0000, 1.0000)
xemu-perf:   slot=9 k=22 v=(0.7500, 0.7500, 0.0000, 1.0000)
xemu-perf:   slot=9 k=23 v=(0.7500, 0.7500, 0.0000, 1.0000)
xemu-perf: metal_attrib_stream slot=9 min=120 num=24 count=4 stride=44 src=0
xemu-perf:   slot=9 k=0 v=(0.2500, 0.2500, 0.0000, 1.0000)
xemu-perf:   slot=9 k=1 v=(0.2500, 0.2500, 0.0000, 1.0000)
xemu-perf:   slot=9 k=2 v=(0.2500, 0.2500, 0.0000, 1.0000)
xemu-perf:   slot=9 k=3 v=(0.2500, 0.2500, 0.0000, 1.0000)
xemu-perf:   slot=9 k=4 v=(0.2500, 0.2500, 0.0000, 1.0000)
xemu-perf:   slot=9 k=5 v=(0.2500, 0.2500, 0.0000, 1.0000)
xemu-perf:   slot=9 k=6 v=(0.7500, 0.2500, 0.0000, 1.0000)
xemu-perf:   slot=9 k=7 v=(0.7500, 0.2500, 0.0000, 1.0000)
xemu-perf:   slot=9 k=8 v=(0.7500, 0.2500, 0.0000, 1.0000)
xemu-perf:   slot=9 k=9 v=(0.7500, 0.2500, 0.0000, 1.0000)
xemu-perf:   slot=9 k=10 v=(0.7500, 0.2500, 0.0000, 1.0000)
xemu-perf:   slot=9 k=11 v=(0.7500, 0.2500, 0.0000, 1.0000)
xemu-perf:   slot=9 k=12 v=(0.2500, 0.7500, 0.0000, 1.0000)
xemu-perf:   slot=9 k=13 v=(0.2500, 0.7500, 0.0000, 1.0000)
xemu-perf:   slot=9 k=14 v=(0.2500, 0.7500, 0.0000, 1.0000)
xemu-perf:   slot=9 k=15 v=(0.2500, 0.7500, 0.0000, 1.0000)
xemu-perf:   slot=9 k=16 v=(0.2500, 0.7500, 0.0000, 1.0000)
xemu-perf:   slot=9 k=17 v=(0.2500, 0.7500, 0.0000, 1.0000)
xemu-perf:   slot=9 k=18 v=(0.7500, 0.7500, 0.0000, 1.0000)
xemu-perf:   slot=9 k=19 v=(0.7500, 0.7500, 0.0000, 1.0000)
xemu-perf:   slot=9 k=20 v=(0.7500, 0.7500, 0.0000, 1.0000)
xemu-perf:   slot=9 k=21 v=(0.7500, 0.7500, 0.0000, 1.0000)
xemu-perf:   slot=9 k=22 v=(0.7500, 0.7500, 0.0000, 1.0000)
xemu-perf:   slot=9 k=23 v=(0.7500, 0.7500, 0.0000, 1.0000)
xemu-perf: metal_attrib_stream slot=9 min=144 num=24 count=4 stride=44 src=0
xemu-perf:   slot=9 k=0 v=(0.2500, 0.2500, 0.0000, 1.0000)
xemu-perf:   slot=9 k=1 v=(0.2500, 0.2500, 0.0000, 1.0000)
xemu-perf:   slot=9 k=2 v=(0.2500, 0.2500, 0.0000, 1.0000)
xemu-perf:   slot=9 k=3 v=(0.2500, 0.2500, 0.0000, 1.0000)
xemu-perf:   slot=9 k=4 v=(0.2500, 0.2500, 0.0000, 1.0000)
xemu-perf:   slot=9 k=5 v=(0.2500, 0.2500, 0.0000, 1.0000)
xemu-perf:   slot=9 k=6 v=(0.7500, 0.2500, 0.0000, 1.0000)
xemu-perf:   slot=9 k=7 v=(0.7500, 0.2500, 0.0000, 1.0000)
xemu-perf:   slot=9 k=8 v=(0.7500, 0.2500, 0.0000, 1.0000)
xemu-perf:   slot=9 k=9 v=(0.7500, 0.2500, 0.0000, 1.0000)
xemu-perf:   slot=9 k=10 v=(0.7500, 0.2500, 0.0000, 1.0000)
xemu-perf:   slot=9 k=11 v=(0.7500, 0.2500, 0.0000, 1.0000)
xemu-perf:   slot=9 k=12 v=(0.2500, 0.7500, 0.0000, 1.0000)
xemu-perf:   slot=9 k=13 v=(0.2500, 0.7500, 0.0000, 1.0000)
xemu-perf:   slot=9 k=14 v=(0.2500, 0.7500, 0.0000, 1.0000)
xemu-perf:   slot=9 k=15 v=(0.2500, 0.7500, 0.0000, 1.0000)
xemu-perf:   slot=9 k=16 v=(0.2500, 0.7500, 0.0000, 1.0000)
xemu-perf:   slot=9 k=17 v=(0.2500, 0.7500, 0.0000, 1.0000)
xemu-perf:   slot=9 k=18 v=(0.7500, 0.7500, 0.0000, 1.0000)
xemu-perf:   slot=9 k=19 v=(0.7500, 0.7500, 0.0000, 1.0000)
xemu-perf:   slot=9 k=20 v=(0.7500, 0.7500, 0.0000, 1.0000)
xemu-perf:   slot=9 k=21 v=(0.7500, 0.7500, 0.0000, 1.0000)
xemu-perf:   slot=9 k=22 v=(0.7500, 0.7500, 0.0000, 1.0000)
xemu-perf:   slot=9 k=23 v=(0.7500, 0.7500, 0.0000, 1.0000)
xemu-perf: metal_unswizzle_dump w=64 h=64 Q0=(B00 G00 Rff Aff) Q1=(B00 Gff R00 Aff) Q2=(Bff G00 R00 Aff) Q3=(B00 Gff Rff Aff)
xemu-perf: metal_unswizzle_dump w=32 h=32 Q0=(B00 G00 Rdf Aff) Q1=(B00 Gdf R00 Aff) Q2=(Bdf G00 R00 Aff) Q3=(B00 Gdf Rdf Aff)
xemu-perf: metal_unswizzle_dump w=16 h=16 Q0=(B00 G00 Rbf Aff) Q1=(B00 Gbf R00 Aff) Q2=(Bbf G00 R00 Aff) Q3=(B00 Gbf Rbf Aff)
xemu-perf: metal_unswizzle_dump w=8 h=8 Q0=(B00 G00 R9f Aff) Q1=(B00 G9f R00 Aff) Q2=(B9f G00 R00 Aff) Q3=(B00 G9f R9f Aff)
xemu-perf: metal_unswizzle_dump w=4 h=4 Q0=(B00 G00 R7f Aff) Q1=(B00 G7f R00 Aff) Q2=(B7f G00 R00 Aff) Q3=(B00 G7f R7f Aff)
xemu-perf: metal_unswizzle_dump w=2 h=2 Q0=(B00 G00 R5f Aff) Q1=(B00 G5f R00 Aff) Q2=(B5f G00 R00 Aff) Q3=(B00 G5f R5f Aff)
xemu-perf: metal_color_bind vram_addr=0x3d00000 guest=640x480 scaled=640x480 pitch=2560 format=8
xemu-perf: metal_draw_target_first vram_addr=0x3d00000 slot=12
xemu-perf: metal_attrib_stream slot=9 min=0 num=24 count=4 stride=44 src=0
xemu-perf:   slot=9 k=0 v=(0.2500, 0.2500, 0.0000, 1.0000)
xemu-perf:   slot=9 k=1 v=(0.2500, 0.2500, 0.0000, 1.0000)
xemu-perf:   slot=9 k=2 v=(0.2500, 0.2500, 0.0000, 1.0000)
xemu-perf:   slot=9 k=3 v=(0.2500, 0.2500, 0.0000, 1.0000)
xemu-perf:   slot=9 k=4 v=(0.2500, 0.2500, 0.0000, 1.0000)
xemu-perf:   slot=9 k=5 v=(0.2500, 0.2500, 0.0000, 1.0000)
xemu-perf:   slot=9 k=6 v=(0.7500, 0.2500, 0.0000, 1.0000)
xemu-perf:   slot=9 k=7 v=(0.7500, 0.2500, 0.0000, 1.0000)
xemu-perf:   slot=9 k=8 v=(0.7500, 0.2500, 0.0000, 1.0000)
xemu-perf:   slot=9 k=9 v=(0.7500, 0.2500, 0.0000, 1.0000)
xemu-perf:   slot=9 k=10 v=(0.7500, 0.2500, 0.0000, 1.0000)
xemu-perf:   slot=9 k=11 v=(0.7500, 0.2500, 0.0000, 1.0000)
xemu-perf:   slot=9 k=12 v=(0.2500, 0.7500, 0.0000, 1.0000)
xemu-perf:   slot=9 k=13 v=(0.2500, 0.7500, 0.0000, 1.0000)
xemu-perf:   slot=9 k=14 v=(0.2500, 0.7500, 0.0000, 1.0000)
xemu-perf:   slot=9 k=15 v=(0.2500, 0.7500, 0.0000, 1.0000)
xemu-perf:   slot=9 k=16 v=(0.2500, 0.7500, 0.0000, 1.0000)
xemu-perf:   slot=9 k=17 v=(0.2500, 0.7500, 0.0000, 1.0000)
xemu-perf:   slot=9 k=18 v=(0.7500, 0.7500, 0.0000, 1.0000)
xemu-perf:   slot=9 k=19 v=(0.7500, 0.7500, 0.0000, 1.0000)
xemu-perf:   slot=9 k=20 v=(0.7500, 0.7500, 0.0000, 1.0000)
xemu-perf:   slot=9 k=21 v=(0.7500, 0.7500, 0.0000, 1.0000)
xemu-perf:   slot=9 k=22 v=(0.7500, 0.7500, 0.0000, 1.0000)
xemu-perf:   slot=9 k=23 v=(0.7500, 0.7500, 0.0000, 1.0000)
xemu-perf: metal_attrib_stream slot=9 min=24 num=24 count=4 stride=44 src=0
xemu-perf:   slot=9 k=0 v=(0.2500, 0.2500, 0.0000, 1.0000)
xemu-perf:   slot=9 k=1 v=(0.2500, 0.2500, 0.0000, 1.0000)
xemu-perf:   slot=9 k=2 v=(0.2500, 0.2500, 0.0000, 1.0000)
xemu-perf:   slot=9 k=3 v=(0.2500, 0.2500, 0.0000, 1.0000)
xemu-perf:   slot=9 k=4 v=(0.2500, 0.2500, 0.0000, 1.0000)
xemu-perf:   slot=9 k=5 v=(0.2500, 0.2500, 0.0000, 1.0000)
xemu-perf:   slot=9 k=6 v=(0.7500, 0.2500, 0.0000, 1.0000)
xemu-perf:   slot=9 k=7 v=(0.7500, 0.2500, 0.0000, 1.0000)
xemu-perf:   slot=9 k=8 v=(0.7500, 0.2500, 0.0000, 1.0000)
xemu-perf:   slot=9 k=9 v=(0.7500, 0.2500, 0.0000, 1.0000)
xemu-perf:   slot=9 k=10 v=(0.7500, 0.2500, 0.0000, 1.0000)
xemu-perf:   slot=9 k=11 v=(0.7500, 0.2500, 0.0000, 1.0000)
xemu-perf:   slot=9 k=12 v=(0.2500, 0.7500, 0.0000, 1.0000)
xemu-perf:   slot=9 k=13 v=(0.2500, 0.7500, 0.0000, 1.0000)
xemu-perf:   slot=9 k=14 v=(0.2500, 0.7500, 0.0000, 1.0000)
xemu-perf:   slot=9 k=15 v=(0.2500, 0.7500, 0.0000, 1.0000)
xemu-perf:   slot=9 k=16 v=(0.2500, 0.7500, 0.0000, 1.0000)
xemu-perf:   slot=9 k=17 v=(0.2500, 0.7500, 0.0000, 1.0000)
xemu-perf:   slot=9 k=18 v=(0.7500, 0.7500, 0.0000, 1.0000)
xemu-perf:   slot=9 k=19 v=(0.7500, 0.7500, 0.0000, 1.0000)
xemu-perf:   slot=9 k=20 v=(0.7500, 0.7500, 0.0000, 1.0000)
xemu-perf:   slot=9 k=21 v=(0.7500, 0.7500, 0.0000, 1.0000)
xemu-perf:   slot=9 k=22 v=(0.7500, 0.7500, 0.0000, 1.0000)
xemu-perf:   slot=9 k=23 v=(0.7500, 0.7500, 0.0000, 1.0000)
xemu-perf: metal_attrib_stream slot=9 min=48 num=24 count=4 stride=44 src=0
xemu-perf:   slot=9 k=0 v=(0.2500, 0.2500, 0.0000, 1.0000)
xemu-perf:   slot=9 k=1 v=(0.2500, 0.2500, 0.0000, 1.0000)
xemu-perf:   slot=9 k=2 v=(0.2500, 0.2500, 0.0000, 1.0000)
xemu-perf:   slot=9 k=3 v=(0.2500, 0.2500, 0.0000, 1.0000)
xemu-perf:   slot=9 k=4 v=(0.2500, 0.2500, 0.0000, 1.0000)
xemu-perf:   slot=9 k=5 v=(0.2500, 0.2500, 0.0000, 1.0000)
xemu-perf:   slot=9 k=6 v=(0.7500, 0.2500, 0.0000, 1.0000)
xemu-perf:   slot=9 k=7 v=(0.7500, 0.2500, 0.0000, 1.0000)
xemu-perf:   slot=9 k=8 v=(0.7500, 0.2500, 0.0000, 1.0000)
xemu-perf:   slot=9 k=9 v=(0.7500, 0.2500, 0.0000, 1.0000)
xemu-perf:   slot=9 k=10 v=(0.7500, 0.2500, 0.0000, 1.0000)
xemu-perf:   slot=9 k=11 v=(0.7500, 0.2500, 0.0000, 1.0000)
xemu-perf:   slot=9 k=12 v=(0.2500, 0.7500, 0.0000, 1.0000)
xemu-perf:   slot=9 k=13 v=(0.2500, 0.7500, 0.0000, 1.0000)
xemu-perf:   slot=9 k=14 v=(0.2500, 0.7500, 0.0000, 1.0000)
xemu-perf:   slot=9 k=15 v=(0.2500, 0.7500, 0.0000, 1.0000)
xemu-perf:   slot=9 k=16 v=(0.2500, 0.7500, 0.0000, 1.0000)
xemu-perf:   slot=9 k=17 v=(0.2500, 0.7500, 0.0000, 1.0000)
xemu-perf:   slot=9 k=18 v=(0.7500, 0.7500, 0.0000, 1.0000)
xemu-perf:   slot=9 k=19 v=(0.7500, 0.7500, 0.0000, 1.0000)
xemu-perf:   slot=9 k=20 v=(0.7500, 0.7500, 0.0000, 1.0000)
xemu-perf:   slot=9 k=21 v=(0.7500, 0.7500, 0.0000, 1.0000)
xemu-perf:   slot=9 k=22 v=(0.7500, 0.7500, 0.0000, 1.0000)
xemu-perf:   slot=9 k=23 v=(0.7500, 0.7500, 0.0000, 1.0000)
xemu-perf: metal_attrib_stream slot=9 min=72 num=24 count=4 stride=44 src=0
xemu-perf:   slot=9 k=0 v=(0.2500, 0.2500, 0.0000, 1.0000)
xemu-perf:   slot=9 k=1 v=(0.2500, 0.2500, 0.0000, 1.0000)
xemu-perf:   slot=9 k=2 v=(0.2500, 0.2500, 0.0000, 1.0000)
xemu-perf:   slot=9 k=3 v=(0.2500, 0.2500, 0.0000, 1.0000)
xemu-perf:   slot=9 k=4 v=(0.2500, 0.2500, 0.0000, 1.0000)
xemu-perf:   slot=9 k=5 v=(0.2500, 0.2500, 0.0000, 1.0000)
xemu-perf:   slot=9 k=6 v=(0.7500, 0.2500, 0.0000, 1.0000)
xemu-perf:   slot=9 k=7 v=(0.7500, 0.2500, 0.0000, 1.0000)
xemu-perf:   slot=9 k=8 v=(0.7500, 0.2500, 0.0000, 1.0000)
xemu-perf:   slot=9 k=9 v=(0.7500, 0.2500, 0.0000, 1.0000)
xemu-perf:   slot=9 k=10 v=(0.7500, 0.2500, 0.0000, 1.0000)
xemu-perf:   slot=9 k=11 v=(0.7500, 0.2500, 0.0000, 1.0000)
xemu-perf:   slot=9 k=12 v=(0.2500, 0.7500, 0.0000, 1.0000)
xemu-perf:   slot=9 k=13 v=(0.2500, 0.7500, 0.0000, 1.0000)
xemu-perf:   slot=9 k=14 v=(0.2500, 0.7500, 0.0000, 1.0000)
xemu-perf:   slot=9 k=15 v=(0.2500, 0.7500, 0.0000, 1.0000)
xemu-perf:   slot=9 k=16 v=(0.2500, 0.7500, 0.0000, 1.0000)
xemu-perf:   slot=9 k=17 v=(0.2500, 0.7500, 0.0000, 1.0000)
xemu-perf:   slot=9 k=18 v=(0.7500, 0.7500, 0.0000, 1.0000)
xemu-perf:   slot=9 k=19 v=(0.7500, 0.7500, 0.0000, 1.0000)
xemu-perf:   slot=9 k=20 v=(0.7500, 0.7500, 0.0000, 1.0000)
xemu-perf:   slot=9 k=21 v=(0.7500, 0.7500, 0.0000, 1.0000)
xemu-perf:   slot=9 k=22 v=(0.7500, 0.7500, 0.0000, 1.0000)
xemu-perf:   slot=9 k=23 v=(0.7500, 0.7500, 0.0000, 1.0000)
xemu-perf: metal_attrib_stream slot=9 min=96 num=24 count=4 stride=44 src=0
xemu-perf:   slot=9 k=0 v=(0.2500, 0.2500, 0.0000, 1.0000)
xemu-perf:   slot=9 k=1 v=(0.2500, 0.2500, 0.0000, 1.0000)
xemu-perf:   slot=9 k=2 v=(0.2500, 0.2500, 0.0000, 1.0000)
xemu-perf:   slot=9 k=3 v=(0.2500, 0.2500, 0.0000, 1.0000)
xemu-perf:   slot=9 k=4 v=(0.2500, 0.2500, 0.0000, 1.0000)
xemu-perf:   slot=9 k=5 v=(0.2500, 0.2500, 0.0000, 1.0000)
xemu-perf:   slot=9 k=6 v=(0.7500, 0.2500, 0.0000, 1.0000)
xemu-perf:   slot=9 k=7 v=(0.7500, 0.2500, 0.0000, 1.0000)
xemu-perf:   slot=9 k=8 v=(0.7500, 0.2500, 0.0000, 1.0000)
xemu-perf:   slot=9 k=9 v=(0.7500, 0.2500, 0.0000, 1.0000)
xemu-perf:   slot=9 k=10 v=(0.7500, 0.2500, 0.0000, 1.0000)
xemu-perf:   slot=9 k=11 v=(0.7500, 0.2500, 0.0000, 1.0000)
xemu-perf:   slot=9 k=12 v=(0.2500, 0.7500, 0.0000, 1.0000)
xemu-perf:   slot=9 k=13 v=(0.2500, 0.7500, 0.0000, 1.0000)
xemu-perf:   slot=9 k=14 v=(0.2500, 0.7500, 0.0000, 1.0000)
xemu-perf:   slot=9 k=15 v=(0.2500, 0.7500, 0.0000, 1.0000)
xemu-perf:   slot=9 k=16 v=(0.2500, 0.7500, 0.0000, 1.0000)
xemu-perf:   slot=9 k=17 v=(0.2500, 0.7500, 0.0000, 1.0000)
xemu-perf:   slot=9 k=18 v=(0.7500, 0.7500, 0.0000, 1.0000)
xemu-perf:   slot=9 k=19 v=(0.7500, 0.7500, 0.0000, 1.0000)
xemu-perf:   slot=9 k=20 v=(0.7500, 0.7500, 0.0000, 1.0000)
xemu-perf:   slot=9 k=21 v=(0.7500, 0.7500, 0.0000, 1.0000)
xemu-perf:   slot=9 k=22 v=(0.7500, 0.7500, 0.0000, 1.0000)
xemu-perf:   slot=9 k=23 v=(0.7500, 0.7500, 0.0000, 1.0000)
xemu-perf: metal_attrib_stream slot=9 min=120 num=24 count=4 stride=44 src=0
xemu-perf:   slot=9 k=0 v=(0.2500, 0.2500, 0.0000, 1.0000)
xemu-perf:   slot=9 k=1 v=(0.2500, 0.2500, 0.0000, 1.0000)
xemu-perf:   slot=9 k=2 v=(0.2500, 0.2500, 0.0000, 1.0000)
xemu-perf:   slot=9 k=3 v=(0.2500, 0.2500, 0.0000, 1.0000)
xemu-perf:   slot=9 k=4 v=(0.2500, 0.2500, 0.0000, 1.0000)
xemu-perf:   slot=9 k=5 v=(0.2500, 0.2500, 0.0000, 1.0000)
xemu-perf:   slot=9 k=6 v=(0.7500, 0.2500, 0.0000, 1.0000)
xemu-perf:   slot=9 k=7 v=(0.7500, 0.2500, 0.0000, 1.0000)
xemu-perf:   slot=9 k=8 v=(0.7500, 0.2500, 0.0000, 1.0000)
xemu-perf:   slot=9 k=9 v=(0.7500, 0.2500, 0.0000, 1.0000)
xemu-perf:   slot=9 k=10 v=(0.7500, 0.2500, 0.0000, 1.0000)
xemu-perf:   slot=9 k=11 v=(0.7500, 0.2500, 0.0000, 1.0000)
xemu-perf:   slot=9 k=12 v=(0.2500, 0.7500, 0.0000, 1.0000)
xemu-perf:   slot=9 k=13 v=(0.2500, 0.7500, 0.0000, 1.0000)
xemu-perf:   slot=9 k=14 v=(0.2500, 0.7500, 0.0000, 1.0000)
xemu-perf:   slot=9 k=15 v=(0.2500, 0.7500, 0.0000, 1.0000)
xemu-perf:   slot=9 k=16 v=(0.2500, 0.7500, 0.0000, 1.0000)
xemu-perf:   slot=9 k=17 v=(0.2500, 0.7500, 0.0000, 1.0000)
xemu-perf:   slot=9 k=18 v=(0.7500, 0.7500, 0.0000, 1.0000)
xemu-perf:   slot=9 k=19 v=(0.7500, 0.7500, 0.0000, 1.0000)
xemu-perf:   slot=9 k=20 v=(0.7500, 0.7500, 0.0000, 1.0000)
xemu-perf:   slot=9 k=21 v=(0.7500, 0.7500, 0.0000, 1.0000)
xemu-perf:   slot=9 k=22 v=(0.7500, 0.7500, 0.0000, 1.0000)
xemu-perf:   slot=9 k=23 v=(0.7500, 0.7500, 0.0000, 1.0000)
xemu-perf: metal_attrib_stream slot=9 min=144 num=24 count=4 stride=44 src=0
xemu-perf:   slot=9 k=0 v=(0.2500, 0.2500, 0.0000, 1.0000)
xemu-perf:   slot=9 k=1 v=(0.2500, 0.2500, 0.0000, 1.0000)
xemu-perf:   slot=9 k=2 v=(0.2500, 0.2500, 0.0000, 1.0000)
xemu-perf:   slot=9 k=3 v=(0.2500, 0.2500, 0.0000, 1.0000)
xemu-perf:   slot=9 k=4 v=(0.2500, 0.2500, 0.0000, 1.0000)
xemu-perf:   slot=9 k=5 v=(0.2500, 0.2500, 0.0000, 1.0000)
xemu-perf:   slot=9 k=6 v=(0.7500, 0.2500, 0.0000, 1.0000)
xemu-perf:   slot=9 k=7 v=(0.7500, 0.2500, 0.0000, 1.0000)
xemu-perf:   slot=9 k=8 v=(0.7500, 0.2500, 0.0000, 1.0000)
xemu-perf:   slot=9 k=9 v=(0.7500, 0.2500, 0.0000, 1.0000)
xemu-perf:   slot=9 k=10 v=(0.7500, 0.2500, 0.0000, 1.0000)
xemu-perf:   slot=9 k=11 v=(0.7500, 0.2500, 0.0000, 1.0000)
xemu-perf:   slot=9 k=12 v=(0.2500, 0.7500, 0.0000, 1.0000)
xemu-perf:   slot=9 k=13 v=(0.2500, 0.7500, 0.0000, 1.0000)
xemu-perf:   slot=9 k=14 v=(0.2500, 0.7500, 0.0000, 1.0000)
xemu-perf:   slot=9 k=15 v=(0.2500, 0.7500, 0.0000, 1.0000)
xemu-perf:   slot=9 k=16 v=(0.2500, 0.7500, 0.0000, 1.0000)
xemu-perf:   slot=9 k=17 v=(0.2500, 0.7500, 0.0000, 1.0000)
xemu-perf:   slot=9 k=18 v=(0.7500, 0.7500, 0.0000, 1.0000)
xemu-perf:   slot=9 k=19 v=(0.7500, 0.7500, 0.0000, 1.0000)
xemu-perf:   slot=9 k=20 v=(0.7500, 0.7500, 0.0000, 1.0000)
xemu-perf:   slot=9 k=21 v=(0.7500, 0.7500, 0.0000, 1.0000)
xemu-perf:   slot=9 k=22 v=(0.7500, 0.7500, 0.0000, 1.0000)
xemu-perf:   slot=9 k=23 v=(0.7500, 0.7500, 0.0000, 1.0000)
xemu-perf: metal_color_bind vram_addr=0x3aa8000 guest=640x480 scaled=640x480 pitch=2560 format=8
xemu-perf: metal_draw_target_first vram_addr=0x3aa8000 slot=13
xemu-perf: metal_attrib_stream slot=9 min=0 num=24 count=4 stride=44 src=0
xemu-perf:   slot=9 k=0 v=(0.2500, 0.2500, 0.0000, 1.0000)
xemu-perf:   slot=9 k=1 v=(0.2500, 0.2500, 0.0000, 1.0000)
xemu-perf:   slot=9 k=2 v=(0.2500, 0.2500, 0.0000, 1.0000)
xemu-perf:   slot=9 k=3 v=(0.2500, 0.2500, 0.0000, 1.0000)
xemu-perf:   slot=9 k=4 v=(0.2500, 0.2500, 0.0000, 1.0000)
xemu-perf:   slot=9 k=5 v=(0.2500, 0.2500, 0.0000, 1.0000)
xemu-perf:   slot=9 k=6 v=(0.7500, 0.2500, 0.0000, 1.0000)
xemu-perf:   slot=9 k=7 v=(0.7500, 0.2500, 0.0000, 1.0000)
xemu-perf:   slot=9 k=8 v=(0.7500, 0.2500, 0.0000, 1.0000)
xemu-perf:   slot=9 k=9 v=(0.7500, 0.2500, 0.0000, 1.0000)
xemu-perf:   slot=9 k=10 v=(0.7500, 0.2500, 0.0000, 1.0000)
xemu-perf:   slot=9 k=11 v=(0.7500, 0.2500, 0.0000, 1.0000)
xemu-perf:   slot=9 k=12 v=(0.2500, 0.7500, 0.0000, 1.0000)
xemu-perf:   slot=9 k=13 v=(0.2500, 0.7500, 0.0000, 1.0000)
xemu-perf:   slot=9 k=14 v=(0.2500, 0.7500, 0.0000, 1.0000)
xemu-perf:   slot=9 k=15 v=(0.2500, 0.7500, 0.0000, 1.0000)
xemu-perf:   slot=9 k=16 v=(0.2500, 0.7500, 0.0000, 1.0000)
xemu-perf:   slot=9 k=17 v=(0.2500, 0.7500, 0.0000, 1.0000)
xemu-perf:   slot=9 k=18 v=(0.7500, 0.7500, 0.0000, 1.0000)
xemu-perf:   slot=9 k=19 v=(0.7500, 0.7500, 0.0000, 1.0000)
xemu-perf:   slot=9 k=20 v=(0.7500, 0.7500, 0.0000, 1.0000)
xemu-perf:   slot=9 k=21 v=(0.7500, 0.7500, 0.0000, 1.0000)
xemu-perf:   slot=9 k=22 v=(0.7500, 0.7500, 0.0000, 1.0000)
xemu-perf:   slot=9 k=23 v=(0.7500, 0.7500, 0.0000, 1.0000)
xemu-perf: metal_attrib_stream slot=9 min=24 num=24 count=4 stride=44 src=0
xemu-perf:   slot=9 k=0 v=(0.2500, 0.2500, 0.0000, 1.0000)
xemu-perf:   slot=9 k=1 v=(0.2500, 0.2500, 0.0000, 1.0000)
xemu-perf:   slot=9 k=2 v=(0.2500, 0.2500, 0.0000, 1.0000)
xemu-perf:   slot=9 k=3 v=(0.2500, 0.2500, 0.0000, 1.0000)
xemu-perf:   slot=9 k=4 v=(0.2500, 0.2500, 0.0000, 1.0000)
xemu-perf:   slot=9 k=5 v=(0.2500, 0.2500, 0.0000, 1.0000)
xemu-perf:   slot=9 k=6 v=(0.7500, 0.2500, 0.0000, 1.0000)
xemu-perf:   slot=9 k=7 v=(0.7500, 0.2500, 0.0000, 1.0000)
xemu-perf:   slot=9 k=8 v=(0.7500, 0.2500, 0.0000, 1.0000)
xemu-perf:   slot=9 k=9 v=(0.7500, 0.2500, 0.0000, 1.0000)
xemu-perf:   slot=9 k=10 v=(0.7500, 0.2500, 0.0000, 1.0000)
xemu-perf:   slot=9 k=11 v=(0.7500, 0.2500, 0.0000, 1.0000)
xemu-perf:   slot=9 k=12 v=(0.2500, 0.7500, 0.0000, 1.0000)
xemu-perf:   slot=9 k=13 v=(0.2500, 0.7500, 0.0000, 1.0000)
xemu-perf:   slot=9 k=14 v=(0.2500, 0.7500, 0.0000, 1.0000)
xemu-perf:   slot=9 k=15 v=(0.2500, 0.7500, 0.0000, 1.0000)
xemu-perf:   slot=9 k=16 v=(0.2500, 0.7500, 0.0000, 1.0000)
xemu-perf:   slot=9 k=17 v=(0.2500, 0.7500, 0.0000, 1.0000)
xemu-perf:   slot=9 k=18 v=(0.7500, 0.7500, 0.0000, 1.0000)
xemu-perf:   slot=9 k=19 v=(0.7500, 0.7500, 0.0000, 1.0000)
xemu-perf:   slot=9 k=20 v=(0.7500, 0.7500, 0.0000, 1.0000)
xemu-perf:   slot=9 k=21 v=(0.7500, 0.7500, 0.0000, 1.0000)
xemu-perf:   slot=9 k=22 v=(0.7500, 0.7500, 0.0000, 1.0000)
xemu-perf:   slot=9 k=23 v=(0.7500, 0.7500, 0.0000, 1.0000)
xemu-perf: metal_screenshot_written path=/tmp/task16-repro2/swizzle-mipmap/metal/screenshots/swizzle-mipmap.0066.png w=640 h=480
xemu-perf: metal_screenshot_written path=/tmp/task16-repro2/swizzle-mipmap/metal/screenshots/swizzle-mipmap.0067.png w=640 h=480
xemu-perf: metal_screenshot_written path=/tmp/task16-repro2/swizzle-mipmap/metal/screenshots/swizzle-mipmap.0068.png w=640 h=480
xemu-perf: metal_screenshot_written path=/tmp/task16-repro2/swizzle-mipmap/metal/screenshots/swizzle-mipmap.0069.png w=640 h=480
xemu-perf: metal_screenshot_written path=/tmp/task16-repro2/swizzle-mipmap/metal/screenshots/swizzle-mipmap.0070.png w=640 h=480
xemu-perf: metal_screenshot_written path=/tmp/task16-repro2/swizzle-mipmap/metal/screenshots/swizzle-mipmap.0071.png w=640 h=480
xemu-perf: metal_screenshot_written path=/tmp/task16-repro2/swizzle-mipmap/metal/screenshots/swizzle-mipmap.0072.png w=640 h=480
xemu-perf: metal_screenshot_written path=/tmp/task16-repro2/swizzle-mipmap/metal/screenshots/swizzle-mipmap.0073.png w=640 h=480
xemu-perf: metal_screenshot_written path=/tmp/task16-repro2/swizzle-mipmap/metal/screenshots/swizzle-mipmap.0074.png w=640 h=480
xemu-perf: metal_screenshot_written path=/tmp/task16-repro2/swizzle-mipmap/metal/screenshots/swizzle-mipmap.0075.png w=640 h=480
xemu-perf: metal_screenshot_written path=/tmp/task16-repro2/swizzle-mipmap/metal/screenshots/swizzle-mipmap.0076.png w=640 h=480
xemu-perf: metal_screenshot_written path=/tmp/task16-repro2/swizzle-mipmap/metal/screenshots/swizzle-mipmap.0077.png w=640 h=480
xemu-perf: metal_screenshot_written path=/tmp/task16-repro2/swizzle-mipmap/metal/screenshots/swizzle-mipmap.0078.png w=640 h=480
xemu-perf: metal_screenshot_written path=/tmp/task16-repro2/swizzle-mipmap/metal/screenshots/swizzle-mipmap.0079.png w=640 h=480
xemu-perf: metal_screenshot_written path=/tmp/task16-repro2/swizzle-mipmap/metal/screenshots/swizzle-mipmap.0080.png w=640 h=480
xemu-perf: metal_screenshot_written path=/tmp/task16-repro2/swizzle-mipmap/metal/screenshots/swizzle-mipmap.0081.png w=640 h=480
xemu-perf: metal_screenshot_written path=/tmp/task16-repro2/swizzle-mipmap/metal/screenshots/swizzle-mipmap.0082.png w=640 h=480
xemu-perf: metal_screenshot_written path=/tmp/task16-repro2/swizzle-mipmap/metal/screenshots/swizzle-mipmap.0083.png w=640 h=480
xemu-perf: metal_screenshot_written path=/tmp/task16-repro2/swizzle-mipmap/metal/screenshots/swizzle-mipmap.0084.png w=640 h=480
xemu-perf: metal_screenshot_written path=/tmp/task16-repro2/swizzle-mipmap/metal/screenshots/swizzle-mipmap.0085.png w=640 h=480
xemu-perf: metal_screenshot_written path=/tmp/task16-repro2/swizzle-mipmap/metal/screenshots/swizzle-mipmap.0086.png w=640 h=480
xemu-perf: metal_screenshot_written path=/tmp/task16-repro2/swizzle-mipmap/metal/screenshots/swizzle-mipmap.0087.png w=640 h=480
xemu-perf: metal_screenshot_written path=/tmp/task16-repro2/swizzle-mipmap/metal/screenshots/swizzle-mipmap.0088.png w=640 h=480
xemu-perf: metal_screenshot_written path=/tmp/task16-repro2/swizzle-mipmap/metal/screenshots/swizzle-mipmap.0089.png w=640 h=480
xemu-perf: metal_screenshot_written path=/tmp/task16-repro2/swizzle-mipmap/metal/screenshots/swizzle-mipmap.0090.png w=640 h=480
xemu-perf: metal_screenshot_written path=/tmp/task16-repro2/swizzle-mipmap/metal/screenshots/swizzle-mipmap.0091.png w=640 h=480
xemu-perf: metal_screenshot_written path=/tmp/task16-repro2/swizzle-mipmap/metal/screenshots/swizzle-mipmap.0092.png w=640 h=480
xemu-perf: metal_screenshot_written path=/tmp/task16-repro2/swizzle-mipmap/metal/screenshots/swizzle-mipmap.0093.png w=640 h=480
xemu-perf: metal_screenshot_written path=/tmp/task16-repro2/swizzle-mipmap/metal/screenshots/swizzle-mipmap.0094.png w=640 h=480
xemu-perf: metal_screenshot_written path=/tmp/task16-repro2/swizzle-mipmap/metal/screenshots/swizzle-mipmap.0095.png w=640 h=480
xemu-perf: metal_screenshot_written path=/tmp/task16-repro2/swizzle-mipmap/metal/screenshots/swizzle-mipmap.0096.png w=640 h=480
xemu-perf: metal_screenshot_written path=/tmp/task16-repro2/swizzle-mipmap/metal/screenshots/swizzle-mipmap.0097.png w=640 h=480
xemu-perf: metal_screenshot_written path=/tmp/task16-repro2/swizzle-mipmap/metal/screenshots/swizzle-mipmap.0098.png w=640 h=480
xemu-perf: metal_screenshot_written path=/tmp/task16-repro2/swizzle-mipmap/metal/screenshots/swizzle-mipmap.0099.png w=640 h=480
xemu-perf: metal_screenshot_written path=/tmp/task16-repro2/swizzle-mipmap/metal/screenshots/swizzle-mipmap.0100.png w=640 h=480
xemu-perf: metal_screenshot_written path=/tmp/task16-repro2/swizzle-mipmap/metal/screenshots/swizzle-mipmap.0101.png w=640 h=480
xemu-perf: metal_screenshot_written path=/tmp/task16-repro2/swizzle-mipmap/metal/screenshots/swizzle-mipmap.0102.png w=640 h=480
xemu-perf: metal_screenshot_written path=/tmp/task16-repro2/swizzle-mipmap/metal/screenshots/swizzle-mipmap.0103.png w=640 h=480
xemu-perf: metal_screenshot_written path=/tmp/task16-repro2/swizzle-mipmap/metal/screenshots/swizzle-mipmap.0104.png w=640 h=480
xemu-perf: metal_screenshot_written path=/tmp/task16-repro2/swizzle-mipmap/metal/screenshots/swizzle-mipmap.0105.png w=640 h=480
xemu-perf: metal_screenshot_written path=/tmp/task16-repro2/swizzle-mipmap/metal/screenshots/swizzle-mipmap.0106.png w=640 h=480
xemu-perf: metal_screenshot_written path=/tmp/task16-repro2/swizzle-mipmap/metal/screenshots/swizzle-mipmap.0107.png w=640 h=480
xemu-perf: metal_screenshot_written path=/tmp/task16-repro2/swizzle-mipmap/metal/screenshots/swizzle-mipmap.0108.png w=640 h=480
xemu-perf: metal_screenshot_written path=/tmp/task16-repro2/swizzle-mipmap/metal/screenshots/swizzle-mipmap.0109.png w=640 h=480
xemu-perf: metal_screenshot_written path=/tmp/task16-repro2/swizzle-mipmap/metal/screenshots/swizzle-mipmap.0110.png w=640 h=480
xemu-perf: metal_screenshot_written path=/tmp/task16-repro2/swizzle-mipmap/metal/screenshots/swizzle-mipmap.0111.png w=640 h=480
xemu-perf: metal_screenshot_written path=/tmp/task16-repro2/swizzle-mipmap/metal/screenshots/swizzle-mipmap.0112.png w=640 h=480
xemu-perf: metal_screenshot_written path=/tmp/task16-repro2/swizzle-mipmap/metal/screenshots/swizzle-mipmap.0113.png w=640 h=480
xemu-perf: metal_screenshot_written path=/tmp/task16-repro2/swizzle-mipmap/metal/screenshots/swizzle-mipmap.0114.png w=640 h=480
xemu-perf: metal_screenshot_written path=/tmp/task16-repro2/swizzle-mipmap/metal/screenshots/swizzle-mipmap.0115.png w=640 h=480
xemu-perf: metal_screenshot_written path=/tmp/task16-repro2/swizzle-mipmap/metal/screenshots/swizzle-mipmap.0116.png w=640 h=480
xemu-perf: metal_screenshot_written path=/tmp/task16-repro2/swizzle-mipmap/metal/screenshots/swizzle-mipmap.0117.png w=640 h=480
xemu-perf: metal_screenshot_written path=/tmp/task16-repro2/swizzle-mipmap/metal/screenshots/swizzle-mipmap.0118.png w=640 h=480
xemu-perf: metal_screenshot_written path=/tmp/task16-repro2/swizzle-mipmap/metal/screenshots/swizzle-mipmap.0119.png w=640 h=480
xemu-perf: metal_screenshot_written path=/tmp/task16-repro2/swizzle-mipmap/metal/screenshots/swizzle-mipmap.0120.png w=640 h=480
xemu-perf: metal_screenshot_written path=/tmp/task16-repro2/swizzle-mipmap/metal/screenshots/swizzle-mipmap.0121.png w=640 h=480
xemu-perf: metal_access_cb cb_n=1 addr=0x2555548 len=4 write=1
xemu-perf: metal_surface_dirty vram_addr=0x2454000 size=4194304 write_addr=0x2555548 write_len=4 is_color=1
xemu-perf: metal_access_cb cb_n=2 addr=0x2555548 len=4 write=0
xemu-perf: metal_access_cb cb_n=3 addr=0x2555558 len=4 write=1
xemu-perf: metal_access_cb cb_n=4 addr=0x2555558 len=4 write=0
xemu-perf: metal_surface_dirty vram_addr=0x397c000 size=1228800 write_addr=0x3994000 write_len=4 is_color=0
xemu-perf: metal_surface_dirty vram_addr=0x3aa8000 size=1228800 write_addr=0x3aa8000 write_len=4 is_color=1
xemu-perf: metal_screenshot_written path=/tmp/task16-repro2/swizzle-mipmap/metal/screenshots/swizzle-mipmap.0122.png w=640 h=480
xemu-perf: metal_surface_dirty vram_addr=0x3bd4000 size=1228800 write_addr=0x3bd4000 write_len=4 is_color=1
xemu-perf: metal_surface_dirty vram_addr=0x3d00000 size=1228800 write_addr=0x3d00000 write_len=4 is_color=1
xemu-perf: interval_id=8 interval_start_us=197567066520 interval_end_us=197574303606 interval_ms=7237 frames=3 fps=0.41 mspf_avg=710.453 mspf_min=3.116 mspf_max=2124.338 increment_fps=60 BEGIN_ENDS=2106 NATIVE_TRI_DEPTH_DRAW=2106 NATIVE_TRI_DEPTH_DRAW_SMOOTH=2106 TCG_TB_EXEC_COUNT=675604084 TCG_TB_INVALIDATE_COUNT=19263 TCG_NOTDIRTY_TRIPS=399314 TCG_NOTDIRTY_PAGES_HIT=399282 TCG_TB_INVALIDATE_BURST_MAX=479 TCG_JMP_CACHE_ZEROED_BUCKETS=37399359 TCG_INVALIDATE_WALL_US_MAX=110 TCG_INVALIDATE_WALL_US_TOTAL=4125 TCG_TB_LOOKUP_US_TOTAL=0 TCG_TB_GEN_CODE_US_TOTAL=0 TCG_HANDLE_INTERRUPT_US_TOTAL=0 TCG_XBOX_IDLE_LOOP_HITS=0 TCG_XBOX_IDLE_LOOP_YIELDS=0 TCG_XBOX_IDLE_LOOP_HALTS=0 MMIO_READ_COUNT=0 MMIO_READ_US_TOTAL=0 MMIO_READ_US_MAX=0 MMIO_READ_PGRAPH_COUNT=0 MMIO_READ_PGRAPH_US_TOTAL=0 MMIO_READ_PGRAPH_US_MAX=0 NV2A_VBLANK_FIRES=435 NV2A_FLIP_STALL_WRITES=3 NV2A_PRESENT_HEARTBEAT=303 XEMU_GL_SWAPS=0 RATE_SLEW_RATIO_E6=1000000 RATE_SLEW_ACTIVE=0 APU_LOCK_HOLD_US_TOTAL=1328 APU_VCPU_LOCK_WAIT_US_MAX=0 PFIFO_PUSHER_RUNS=7879 PFIFO_PUSHER_STALLS=6309 PFIFO_PUSHER_STALL_FLIP=0 PFIFO_PUSHER_STALL_NOP=6211 PFIFO_PUSHER_STALL_FIFO=203 PFIFO_PULLER_CALLS=42215 PFIFO_PULLER_STALLS=4 PFIFO_PULLER_STALL_FLIP=4 PFIFO_PULLER_STALL_NOP=0 PFIFO_PULLER_STALL_CONTEXT=0 PFIFO_PULLER_STALL_FIFO=0 PFIFO_PUSHER_WORDS=87557 PFIFO_PULLER_METHOD_WORDS=52907 PFIFO_DMA_BACKLOG_BYTES_MAX=65204224 PFIFO_USER_DMA_PUT_WRITES=9338 PFIFO_USER_DMA_GET_WRITES=0 PFIFO_USER_DMA_PUT_READS=0 PFIFO_USER_DMA_GET_READS=1604405 PGRAPH_PATT_COLOR0_WRITES=0 PGRAPH_PATT_COLOR0_READS=0 PGRAPH_FLIP_STALL_SETS=3 PGRAPH_FLIP_STALL_CHECKS=7 PGRAPH_FLIP_STALL_STILL_WAITING=4 PGRAPH_FLIP_STALL_COMPLETES=3 METAL_DRAW_COUNT=2106 METAL_DRAW_INDEXED_COUNT=2 METAL_NATIVE_TRI_DEPTH_DRAWS=2106 METAL_NATIVE_QUAD_DRAWS=0 METAL_CLEAR_COUNT=304 METAL_GLSL_TRANSLATE=4 METAL_GLSL_TRANSLATE_FAIL=0 METAL_SHADER_VALIDATE_OK=0 METAL_SHADER_VALIDATE_FAIL=0 METAL_PIPELINE_HITS=2104 METAL_PIPELINE_MISSES=2 METAL_PIPELINE_FAILED=0 METAL_TEX_UPLOADS_TOTAL=13 METAL_TEX_UPLOAD_BYTES_TOTAL=7562100 METAL_TEX_CACHE_HITS=2093 METAL_TEX_CACHE_MISSES=13 METAL_PIPELINE_KEY_BUILT=2106 METAL_PIPELINE_TRANSLATED_OK=2106 METAL_PIPELINE_TRANSLATED_FAILED=0 METAL_DISPATCH_US_TOTAL=41683 METAL_TEX_BIND_US_TOTAL=4844 METAL_DRAW_ENCODE_US_TOTAL=9779 METAL_DRAW_PASS_OPENS=313 METAL_DRAW_PASS_COALESCED=1793 METAL_DRAW_PASS_FLUSHES=305 METAL_OPEN_PASS_FLUSH_US_TOTAL=4562 METAL_TEX_UPLOAD_US_TOTAL=582 METAL_DRAW_TRANSLATED=2106 METAL_PIPELINE_FALLBACKS=0 METAL_UNIFORM_PACK=4212 METAL_UNIFORM_BYTES=13781664 METAL_SHADER_COMPILE_QUEUED_TOTAL=0 METAL_SHADER_COMPILE_COMPLETED_TOTAL=0 METAL_SHADER_COMPILE_FAILED_TOTAL=0 METAL_DRAWS_SKIPPED_PENDING_TOTAL=0 METAL_DRAWS_USING_UBERSHADER_TOTAL=0 METAL_SHADER_CACHE_LOADS=2 METAL_SHADER_CACHE_HITS=0 METAL_SHADER_CACHE_MISSES=2 METAL_PRESENTS=0 METAL_PRESENT_JITTER_US_TOTAL=0 METAL_PRESENT_JITTER_US_AVG=0 METAL_PRESENT_JITTER_US_MAX=0 METAL_DRAWABLE_ACQUIRE_FAILS=0 METAL_DISPLAY_LINK_CALLBACKS=0 METAL_MSAA_RESOLVE_COUNT=0 METAL_MSAA_RESOLVE_US_TOTAL=0 METAL_MSAA_SAMPLE_COUNT=1 METAL_FX_SPATIAL_PRESENTS=0 METAL_FX_SPATIAL_US_TOTAL=0 METAL_FX_SCALE_FACTOR=1 METAL_FX_SPATIAL_GPU_US_TOTAL=0 METAL_VERTEX_US_TOTAL=13623 METAL_FRAGMENT_US_TOTAL=17193 METAL_PRESENT_GPU_US_TOTAL=31859 METAL_PRESENT_GPU_FRAMES=871 METAL_CAPTURE_FRAMES=0 METAL_CAPTURE_ACTIVE=0 METAL_SCREENSHOTS_TAKEN=58 METAL_FRONT_FB_PUBLISHES=3 METAL_SURFACE_CACHE_SIZE=23 METAL_IMAGE_BLITS=0 METAL_SURFACE_VRAM_DIRTY_HITS=8 METAL_SURFACE_VRAM_UPLOADS=5 METAL_SURFACE_VRAM_UPLOAD_BYTES=8601600 METAL_SURFACE_RECREATE_SHAPE_MISMATCH=0 METAL_SURFACE_DOWNLOADS=4 METAL_SURFACE_DOWNLOAD_BYTES=8601600 METAL_SURFACE_DOWNLOAD_US_TOTAL=4016 METAL_DRAW_RT_DUMPS=0 METAL_SURFACE_GRAPH_DUMPS=0 METAL_SIBLING_SYNCS=0 METAL_SIBLING_SYNC_SKIPS=0 METAL_FLAT_QUAD_PROPAGATIONS=0 INPUT_USB_POLLS=0 INPUT_BACKEND_UPDATES=870 INPUT_LAT_US_TOTAL=0 INPUT_LAT_US_MAX=0 IDE_READ_SUBMITS=8 IDE_READ_COMPLETES=8 IDE_READ_BYTES=155648 IDE_READ_LAT_US_TOTAL=5696 IDE_READ_LAT_US_MAX=1294 IDE_READ_LAT_GT_16MS=0 IDE_READ_LAT_GT_33MS=0 IDE_READ_LAT_GT_50MS=0 IDE_READ_LAT_GT_100MS=0 IDE_READ_INFLIGHT_MAX=1 ATAPI_PIO_SYNC_READS=0 ATAPI_PIO_SYNC_BYTES=0 ATAPI_PIO_SYNC_US_TOTAL=0 ATAPI_PIO_SYNC_US_MAX=0 HELPER_RDTSC_CALLS=4221 PIT_IRQ_TIMER_FIRES=14477 PIT_COALESCE_EVENTS=0 PIT_COALESCE_LATE_US_TOTAL=0 PIT_COALESCE_LATE_US_MAX=0 PIT_COALESCE_SKIPPED_TRANSITIONS=0
xemu-perf: metal_draw_target vram_addr=0x32a4000 count=4
xemu-perf: metal_draw_target vram_addr=0x3628000 count=2
xemu-perf: metal_draw_target vram_addr=0x3bd4000 count=700
xemu-perf: metal_draw_target vram_addr=0x3d00000 count=700
xemu-perf: metal_draw_target vram_addr=0x3aa8000 count=700
xemu-perf: metal_screenshot_written path=/tmp/task16-repro2/swizzle-mipmap/metal/screenshots/swizzle-mipmap.0123.png w=640 h=480
xemu-perf: metal_screenshot_written path=/tmp/task16-repro2/swizzle-mipmap/metal/screenshots/swizzle-mipmap.0124.png w=640 h=480
xemu-perf: metal_surface_dirty vram_addr=0x2e06000 size=2097152 write_addr=0x2fe6400 write_len=4 is_color=1
xemu-perf: metal_surface_dirty vram_addr=0x2994000 size=262144 write_addr=0x29a4000 write_len=4 is_color=1
xemu-perf: metal_screenshot_written path=/tmp/task16-repro2/swizzle-mipmap/metal/screenshots/swizzle-mipmap.0125.png w=640 h=480
xemu-perf: metal_color_bind vram_addr=0x3ba1000 guest=1024x1024 scaled=1024x1024 pitch=4096 format=8
xemu-perf: metal_draw_target_first vram_addr=0x3ba1000 slot=14
xemu-perf: metal_surface_dirty vram_addr=0x3628000 size=2457600 write_addr=0x3628000 write_len=2457600 is_color=1
xemu-perf: metal_surface_dirty vram_addr=0x3628000 size=2457600 write_addr=0x3628000 write_len=2457600 is_color=1
xemu-perf: metal_surface_dirty vram_addr=0x3628000 size=2457600 write_addr=0x3628000 write_len=2457600 is_color=1
xemu-perf: metal_surface_dirty vram_addr=0x3628000 size=2457600 write_addr=0x3628000 write_len=2457600 is_color=1
xemu-perf: metal_surface_dirty vram_addr=0x3628000 size=2457600 write_addr=0x3628000 write_len=2457600 is_color=1
xemu-perf: metal_surface_dirty vram_addr=0x3628000 size=2457600 write_addr=0x3628000 write_len=2457600 is_color=1
xemu-perf: metal_screenshot_written path=/tmp/task16-repro2/swizzle-mipmap/metal/screenshots/swizzle-mipmap.0126.png w=640 h=480
xemu-perf: metal_surface_dirty vram_addr=0x3628000 size=2457600 write_addr=0x3628000 write_len=2457600 is_color=1
xemu-perf: metal_surface_dirty vram_addr=0x3628000 size=2457600 write_addr=0x3628000 write_len=2457600 is_color=1
xemu-perf: metal_surface_dirty vram_addr=0x3628000 size=2457600 write_addr=0x3628000 write_len=2457600 is_color=1
xemu-perf: metal_surface_dirty vram_addr=0x3628000 size=2457600 write_addr=0x3628000 write_len=2457600 is_color=1
xemu-perf: metal_surface_dirty vram_addr=0x3628000 size=2457600 write_addr=0x3628000 write_len=2457600 is_color=1
xemu-perf: metal_surface_dirty vram_addr=0x3628000 size=2457600 write_addr=0x3628000 write_len=2457600 is_color=1
xemu-perf: metal_surface_dirty vram_addr=0x3628000 size=2457600 write_addr=0x3628000 write_len=2457600 is_color=1
xemu-perf: metal_surface_dirty vram_addr=0x3628000 size=2457600 write_addr=0x3628000 write_len=2457600 is_color=1
xemu-perf: metal_screenshot_written path=/tmp/task16-repro2/swizzle-mipmap/metal/screenshots/swizzle-mipmap.0127.png w=640 h=480
xemu-perf: metal_surface_dirty vram_addr=0x3628000 size=2457600 write_addr=0x3628000 write_len=2457600 is_color=1
xemu-perf: metal_surface_dirty vram_addr=0x3628000 size=2457600 write_addr=0x3628000 write_len=2457600 is_color=1
xemu-perf: metal_surface_dirty vram_addr=0x3628000 size=2457600 write_addr=0x3628000 write_len=2457600 is_color=1
xemu-perf: metal_surface_dirty vram_addr=0x3628000 size=2457600 write_addr=0x3628000 write_len=2457600 is_color=1
xemu-perf: metal_surface_dirty vram_addr=0x3628000 size=2457600 write_addr=0x3628000 write_len=2457600 is_color=1
xemu-perf: metal_surface_dirty vram_addr=0x3628000 size=2457600 write_addr=0x3628000 write_len=2457600 is_color=1
xemu-perf: metal_surface_dirty vram_addr=0x3628000 size=2457600 write_addr=0x3628000 write_len=2457600 is_color=1
xemu-perf: metal_surface_dirty vram_addr=0x3628000 size=2457600 write_addr=0x3628000 write_len=2457600 is_color=1
xemu-perf: metal_screenshot_written path=/tmp/task16-repro2/swizzle-mipmap/metal/screenshots/swizzle-mipmap.0128.png w=640 h=480
xemu-perf: metal_surface_dirty vram_addr=0x3628000 size=2457600 write_addr=0x3628000 write_len=2457600 is_color=1
xemu-perf: metal_surface_dirty vram_addr=0x3628000 size=2457600 write_addr=0x3628000 write_len=2457600 is_color=1
xemu-perf: metal_surface_dirty vram_addr=0x3628000 size=2457600 write_addr=0x3628000 write_len=2457600 is_color=1
xemu-perf: metal_surface_dirty vram_addr=0x3628000 size=2457600 write_addr=0x3628000 write_len=2457600 is_color=1
xemu-perf: metal_surface_dirty vram_addr=0x3628000 size=2457600 write_addr=0x3628000 write_len=2457600 is_color=1
xemu-perf: metal_surface_dirty vram_addr=0x3628000 size=2457600 write_addr=0x3628000 write_len=2457600 is_color=1
xemu-perf: metal_surface_dirty vram_addr=0x3628000 size=2457600 write_addr=0x3628000 write_len=2457600 is_color=1
xemu-perf: metal_screenshot_written path=/tmp/task16-repro2/swizzle-mipmap/metal/screenshots/swizzle-mipmap.0129.png w=640 h=480
xemu-perf: metal_surface_dirty vram_addr=0x3628000 size=2457600 write_addr=0x3628000 write_len=2457600 is_color=1
xemu-perf: metal_surface_dirty vram_addr=0x3628000 size=2457600 write_addr=0x3628000 write_len=2457600 is_color=1
xemu-perf: metal_surface_dirty vram_addr=0x3ba1000 size=4194304 write_addr=0x3eb4000 write_len=1 is_color=1
xemu-perf: metal_surface_dirty vram_addr=0x3aa8000 size=1228800 write_addr=0x3aa8000 write_len=1 is_color=1
xemu-perf: metal_screenshot_written path=/tmp/task16-repro2/swizzle-mipmap/metal/screenshots/swizzle-mipmap.0130.png w=640 h=480
xemu-perf: metal_surface_dirty vram_addr=0x3ba1000 size=4194304 write_addr=0x3e2f280 write_len=4 is_color=1
xemu-perf: metal_surface_dirty vram_addr=0x3ba1000 size=4194304 write_addr=0x3e2f2b0 write_len=4 is_color=1
xemu-perf: metal_surface_dirty vram_addr=0x3ba1000 size=4194304 write_addr=0x3e2f300 write_len=4 is_color=1
xemu-perf: metal_unswizzle_dump w=64 h=64 Q0=(B00 G00 Rff Aff) Q1=(B00 Gff R00 Aff) Q2=(Bff G00 R00 Aff) Q3=(B00 Gff Rff Aff)
xemu-perf: metal_unswizzle_dump w=32 h=32 Q0=(B00 G00 Rdf Aff) Q1=(B00 Gdf R00 Aff) Q2=(Bdf G00 R00 Aff) Q3=(B00 Gdf Rdf Aff)
xemu-perf: metal_unswizzle_dump w=16 h=16 Q0=(B00 G00 Rbf Aff) Q1=(B00 Gbf R00 Aff) Q2=(Bbf G00 R00 Aff) Q3=(B00 Gbf Rbf Aff)
xemu-perf: metal_unswizzle_dump w=8 h=8 Q0=(B00 G00 R9f Aff) Q1=(B00 G9f R00 Aff) Q2=(B9f G00 R00 Aff) Q3=(B00 G9f R9f Aff)
xemu-perf: metal_unswizzle_dump w=4 h=4 Q0=(B00 G00 R7f Aff) Q1=(B00 G7f R00 Aff) Q2=(B7f G00 R00 Aff) Q3=(B00 G7f R7f Aff)
xemu-perf: metal_unswizzle_dump w=2 h=2 Q0=(B00 G00 R5f Aff) Q1=(B00 G5f R00 Aff) Q2=(B5f G00 R00 Aff) Q3=(B00 G5f R5f Aff)
xemu-perf: metal_surface_dirty vram_addr=0x3ba1000 size=4194304 write_addr=0x3e2f340 write_len=4 is_color=1
xemu-perf: metal_surface_dirty vram_addr=0x3ba1000 size=4194304 write_addr=0x3e2f2c8 write_len=4 is_color=1
xemu-perf: metal_surface_dirty vram_addr=0x3ba1000 size=4194304 write_addr=0x3e2f308 write_len=4 is_color=1
xemu-perf: metal_surface_dirty vram_addr=0x3ba1000 size=4194304 write_addr=0x3e2f340 write_len=4 is_color=1
xemu-perf: metal_screenshot_written path=/tmp/task16-repro2/swizzle-mipmap/metal/screenshots/swizzle-mipmap.0131.png w=640 h=480
xemu-perf: metal_surface_dirty vram_addr=0x3ba1000 size=4194304 write_addr=0x3e2f290 write_len=4 is_color=1
xemu-perf: metal_surface_dirty vram_addr=0x3ba1000 size=4194304 write_addr=0x3e2f2d0 write_len=4 is_color=1
xemu-perf: metal_surface_dirty vram_addr=0x3ba1000 size=4194304 write_addr=0x3e2f320 write_len=4 is_color=1
xemu-perf: metal_surface_dirty vram_addr=0x3ba1000 size=4194304 write_addr=0x3e2f340 write_len=4 is_color=1
xemu-perf: metal_surface_dirty vram_addr=0x3ba1000 size=4194304 write_addr=0x3e2f290 write_len=4 is_color=1
xemu-perf: metal_surface_dirty vram_addr=0x3ba1000 size=4194304 write_addr=0x3e2f2d0 write_len=4 is_color=1
xemu-perf: metal_surface_dirty vram_addr=0x3ba1000 size=4194304 write_addr=0x3e2f320 write_len=4 is_color=1
xemu-perf: metal_surface_dirty vram_addr=0x3ba1000 size=4194304 write_addr=0x3e2f340 write_len=4 is_color=1
xemu-perf: metal_surface_dirty vram_addr=0x3ba1000 size=4194304 write_addr=0x3e2f2c0 write_len=4 is_color=1
xemu-perf: metal_surface_dirty vram_addr=0x3ba1000 size=4194304 write_addr=0x3e2f300 write_len=4 is_color=1
xemu-perf: metal_surface_dirty vram_addr=0x3ba1000 size=4194304 write_addr=0x3e2f340 write_len=4 is_color=1
xemu-perf: metal_surface_dirty vram_addr=0x3ba1000 size=4194304 write_addr=0x3e2f290 write_len=4 is_color=1
xemu-perf: metal_surface_dirty vram_addr=0x3ba1000 size=4194304 write_addr=0x3e2f2e0 write_len=4 is_color=1
xemu-perf: metal_surface_dirty vram_addr=0x3ba1000 size=4194304 write_addr=0x3e2f31c write_len=4 is_color=1
xemu-perf: metal_surface_dirty vram_addr=0x3ba1000 size=4194304 write_addr=0x3e2f340 write_len=4 is_color=1
xemu-perf: metal_screenshot_written path=/tmp/task16-repro2/swizzle-mipmap/metal/screenshots/swizzle-mipmap.0132.png w=640 h=480
xemu-perf: metal_surface_dirty vram_addr=0x3ba1000 size=4194304 write_addr=0x3e2f2c0 write_len=4 is_color=1
xemu-perf: metal_surface_dirty vram_addr=0x3ba1000 size=4194304 write_addr=0x3e2f300 write_len=4 is_color=1
xemu-perf: metal_surface_dirty vram_addr=0x3ba1000 size=4194304 write_addr=0x3e2f340 write_len=4 is_color=1
xemu-perf: metal_surface_dirty vram_addr=0x3ba1000 size=4194304 write_addr=0x3e2f280 write_len=4 is_color=1
xemu-perf: metal_surface_dirty vram_addr=0x3ba1000 size=4194304 write_addr=0x3e2f2c0 write_len=4 is_color=1
xemu-perf: metal_surface_dirty vram_addr=0x3ba1000 size=4194304 write_addr=0x3e2f308 write_len=4 is_color=1
xemu-perf: metal_surface_dirty vram_addr=0x3ba1000 size=4194304 write_addr=0x3e2f340 write_len=4 is_color=1
xemu-perf: metal_surface_dirty vram_addr=0x3ba1000 size=4194304 write_addr=0x3e2f2a8 write_len=4 is_color=1
xemu-perf: metal_surface_dirty vram_addr=0x3ba1000 size=4194304 write_addr=0x3e2f2d4 write_len=4 is_color=1
xemu-perf: metal_surface_dirty vram_addr=0x3ba1000 size=4194304 write_addr=0x3e2f328 write_len=4 is_color=1
xemu-perf: metal_surface_dirty vram_addr=0x3ba1000 size=4194304 write_addr=0x3e2f340 write_len=4 is_color=1
xemu-perf: metal_surface_dirty vram_addr=0x3ba1000 size=4194304 write_addr=0x3e2f2c8 write_len=4 is_color=1
xemu-perf: metal_surface_dirty vram_addr=0x3ba1000 size=4194304 write_addr=0x3e2f31c write_len=4 is_color=1
xemu-perf: metal_surface_dirty vram_addr=0x3ba1000 size=4194304 write_addr=0x3e2f340 write_len=4 is_color=1
xemu-perf: metal_surface_dirty vram_addr=0x3ba1000 size=4194304 write_addr=0x3e2f290 write_len=4 is_color=1
xemu-perf: metal_surface_dirty vram_addr=0x3ba1000 size=4194304 write_addr=0x3e2f2e8 write_len=4 is_color=1
xemu-perf: metal_surface_dirty vram_addr=0x3ba1000 size=4194304 write_addr=0x3e2f340 write_len=4 is_color=1
xemu-perf: metal_surface_dirty vram_addr=0x3ba1000 size=4194304 write_addr=0x3e2f2c0 write_len=4 is_color=1
xemu-perf: metal_surface_dirty vram_addr=0x3ba1000 size=4194304 write_addr=0x3e2f300 write_len=4 is_color=1
xemu-perf: metal_surface_dirty vram_addr=0x3ba1000 size=4194304 write_addr=0x3e2f340 write_len=4 is_color=1
xemu-perf: metal_screenshot_written path=/tmp/task16-repro2/swizzle-mipmap/metal/screenshots/swizzle-mipmap.0133.png w=640 h=480
xemu-perf: metal_surface_dirty vram_addr=0x3ba1000 size=4194304 write_addr=0x3e2f290 write_len=4 is_color=1
xemu-perf: metal_surface_dirty vram_addr=0x3ba1000 size=4194304 write_addr=0x3e2f310 write_len=4 is_color=1
xemu-perf: metal_surface_dirty vram_addr=0x3ba1000 size=4194304 write_addr=0x3e2f340 write_len=4 is_color=1
xemu-perf: metal_surface_dirty vram_addr=0x3ba1000 size=4194304 write_addr=0x3e2f2c8 write_len=4 is_color=1
xemu-perf: metal_surface_dirty vram_addr=0x3ba1000 size=4194304 write_addr=0x3e2f320 write_len=4 is_color=1
xemu-perf: metal_surface_dirty vram_addr=0x3ba1000 size=4194304 write_addr=0x3e2f340 write_len=4 is_color=1
xemu-perf: metal_surface_dirty vram_addr=0x3ba1000 size=4194304 write_addr=0x3e2f288 write_len=4 is_color=1
xemu-perf: metal_surface_dirty vram_addr=0x3ba1000 size=4194304 write_addr=0x3e2f2c8 write_len=4 is_color=1
xemu-perf: metal_surface_dirty vram_addr=0x3ba1000 size=4194304 write_addr=0x3e2f328 write_len=4 is_color=1
xemu-perf: metal_surface_dirty vram_addr=0x3ba1000 size=4194304 write_addr=0x3e2f340 write_len=4 is_color=1
xemu-perf: metal_surface_dirty vram_addr=0x3ba1000 size=4194304 write_addr=0x3e2f290 write_len=4 is_color=1
xemu-perf: metal_surface_dirty vram_addr=0x3ba1000 size=4194304 write_addr=0x3e2f2e8 write_len=4 is_color=1
xemu-perf: metal_surface_dirty vram_addr=0x3ba1000 size=4194304 write_addr=0x3e2f340 write_len=4 is_color=1
xemu-perf: metal_screenshot_written path=/tmp/task16-repro2/swizzle-mipmap/metal/screenshots/swizzle-mipmap.0134.png w=640 h=480
xemu-perf: metal_surface_dirty vram_addr=0x3ba1000 size=4194304 write_addr=0x3e2f290 write_len=4 is_color=1
xemu-perf: metal_surface_dirty vram_addr=0x3ba1000 size=4194304 write_addr=0x3e2f2e8 write_len=4 is_color=1
xemu-perf: metal_surface_dirty vram_addr=0x3ba1000 size=4194304 write_addr=0x3e2f340 write_len=4 is_color=1
xemu-perf: metal_surface_dirty vram_addr=0x3ba1000 size=4194304 write_addr=0x3e2f2a0 write_len=4 is_color=1
xemu-perf: metal_surface_dirty vram_addr=0x3ba1000 size=4194304 write_addr=0x3e2f2e0 write_len=4 is_color=1
xemu-perf: metal_surface_dirty vram_addr=0x3ba1000 size=4194304 write_addr=0x3e2f320 write_len=4 is_color=1
xemu-perf: metal_surface_dirty vram_addr=0x3ba1000 size=4194304 write_addr=0x3e2f340 write_len=4 is_color=1
xemu-perf: metal_surface_dirty vram_addr=0x3ba1000 size=4194304 write_addr=0x3e2f280 write_len=4 is_color=1
xemu-perf: metal_surface_dirty vram_addr=0x3ba1000 size=4194304 write_addr=0x3e2f2c8 write_len=4 is_color=1
xemu-perf: metal_surface_dirty vram_addr=0x3ba1000 size=4194304 write_addr=0x3e2f320 write_len=4 is_color=1
xemu-perf: metal_surface_dirty vram_addr=0x3ba1000 size=4194304 write_addr=0x3e2f340 write_len=4 is_color=1
xemu-perf: metal_surface_dirty vram_addr=0x3ba1000 size=4194304 write_addr=0x3e2f2c0 write_len=4 is_color=1
xemu-perf: metal_surface_dirty vram_addr=0x3ba1000 size=4194304 write_addr=0x3e2f308 write_len=4 is_color=1
xemu-perf: metal_surface_dirty vram_addr=0x3ba1000 size=4194304 write_addr=0x3e2f340 write_len=4 is_color=1
xemu-perf: metal_surface_dirty vram_addr=0x3ba1000 size=4194304 write_addr=0x3e2f2c0 write_len=4 is_color=1
xemu-perf: metal_surface_dirty vram_addr=0x3ba1000 size=4194304 write_addr=0x3e2f300 write_len=4 is_color=1
xemu-perf: metal_surface_dirty vram_addr=0x3ba1000 size=4194304 write_addr=0x3e2f340 write_len=4 is_color=1
xemu-perf: metal_surface_dirty vram_addr=0x3ba1000 size=4194304 write_addr=0x3e2f2a0 write_len=4 is_color=1
xemu-perf: metal_surface_dirty vram_addr=0x3ba1000 size=4194304 write_addr=0x3e2f2e0 write_len=4 is_color=1
xemu-perf: metal_surface_dirty vram_addr=0x3ba1000 size=4194304 write_addr=0x3e2f328 write_len=4 is_color=1
xemu-perf: metal_surface_dirty vram_addr=0x3ba1000 size=4194304 write_addr=0x3e2f340 write_len=4 is_color=1
xemu-perf: metal_screenshot_written path=/tmp/task16-repro2/swizzle-mipmap/metal/screenshots/swizzle-mipmap.0135.png w=640 h=480
xemu-perf: metal_surface_dirty vram_addr=0x3ba1000 size=4194304 write_addr=0x3e2f290 write_len=4 is_color=1
xemu-perf: metal_surface_dirty vram_addr=0x3ba1000 size=4194304 write_addr=0x3e2f2e0 write_len=4 is_color=1
xemu-perf: metal_surface_dirty vram_addr=0x3ba1000 size=4194304 write_addr=0x3e2f340 write_len=4 is_color=1
xemu-perf: metal_surface_dirty vram_addr=0x3ba1000 size=4194304 write_addr=0x3e2f290 write_len=4 is_color=1
xemu-perf: metal_surface_dirty vram_addr=0x3ba1000 size=4194304 write_addr=0x3e2f2e8 write_len=4 is_color=1
xemu-perf: metal_surface_dirty vram_addr=0x3ba1000 size=4194304 write_addr=0x3e2f334 write_len=4 is_color=1
xemu-perf: metal_surface_dirty vram_addr=0x3ba1000 size=4194304 write_addr=0x3e2f340 write_len=4 is_color=1
xemu-perf: metal_surface_dirty vram_addr=0x3ba1000 size=4194304 write_addr=0x3e2f288 write_len=4 is_color=1
xemu-perf: metal_surface_dirty vram_addr=0x3ba1000 size=4194304 write_addr=0x3e2f308 write_len=4 is_color=1
xemu-perf: metal_surface_dirty vram_addr=0x3ba1000 size=4194304 write_addr=0x3e2f328 write_len=4 is_color=1
xemu-perf: metal_surface_dirty vram_addr=0x3ba1000 size=4194304 write_addr=0x3e2f340 write_len=4 is_color=1
xemu-perf: metal_surface_dirty vram_addr=0x3ba1000 size=4194304 write_addr=0x3e2f2a0 write_len=4 is_color=1
xemu-perf: metal_surface_dirty vram_addr=0x3ba1000 size=4194304 write_addr=0x3e2f310 write_len=4 is_color=1
xemu-perf: metal_surface_dirty vram_addr=0x3ba1000 size=4194304 write_addr=0x3e2f340 write_len=4 is_color=1
xemu-perf: metal_surface_dirty vram_addr=0x3ba1000 size=4194304 write_addr=0x3e2f280 write_len=4 is_color=1
xemu-perf: metal_screenshot_written path=/tmp/task16-repro2/swizzle-mipmap/metal/screenshots/swizzle-mipmap.0136.png w=640 h=480
xemu-perf: metal_surface_dirty vram_addr=0x3ba1000 size=4194304 write_addr=0x3e2f2c0 write_len=4 is_color=1
xemu-perf: metal_surface_dirty vram_addr=0x3ba1000 size=4194304 write_addr=0x3e2f308 write_len=4 is_color=1
xemu-perf: metal_surface_dirty vram_addr=0x3ba1000 size=4194304 write_addr=0x3e2f340 write_len=4 is_color=1
xemu-perf: metal_surface_dirty vram_addr=0x3ba1000 size=4194304 write_addr=0x3e2f290 write_len=4 is_color=1
xemu-perf: metal_surface_dirty vram_addr=0x3ba1000 size=4194304 write_addr=0x3e2f2e0 write_len=4 is_color=1
xemu-perf: metal_surface_dirty vram_addr=0x3ba1000 size=4194304 write_addr=0x3e2f340 write_len=4 is_color=1
xemu-perf: metal_surface_dirty vram_addr=0x3ba1000 size=4194304 write_addr=0x3e2f288 write_len=4 is_color=1
xemu-perf: metal_surface_dirty vram_addr=0x3ba1000 size=4194304 write_addr=0x3e2f2e8 write_len=4 is_color=1
xemu-perf: metal_surface_dirty vram_addr=0x3ba1000 size=4194304 write_addr=0x3e2f340 write_len=4 is_color=1
xemu-perf: metal_surface_dirty vram_addr=0x3ba1000 size=4194304 write_addr=0x3e2f2c0 write_len=4 is_color=1
xemu-perf: metal_surface_dirty vram_addr=0x3ba1000 size=4194304 write_addr=0x3e2f308 write_len=4 is_color=1
xemu-perf: metal_surface_dirty vram_addr=0x3ba1000 size=4194304 write_addr=0x3e2f328 write_len=4 is_color=1
xemu-perf: metal_surface_dirty vram_addr=0x3ba1000 size=4194304 write_addr=0x3e2f340 write_len=4 is_color=1
xemu-perf: metal_surface_dirty vram_addr=0x3ba1000 size=4194304 write_addr=0x3e2f2b0 write_len=4 is_color=1
xemu-perf: metal_surface_dirty vram_addr=0x3ba1000 size=4194304 write_addr=0x3e2f2d0 write_len=4 is_color=1
xemu-perf: metal_surface_dirty vram_addr=0x3ba1000 size=4194304 write_addr=0x3e2f328 write_len=4 is_color=1
xemu-perf: metal_surface_dirty vram_addr=0x3ba1000 size=4194304 write_addr=0x3e2f340 write_len=4 is_color=1
xemu-perf: metal_surface_dirty vram_addr=0x3ba1000 size=4194304 write_addr=0x3e2f2a0 write_len=4 is_color=1
xemu-perf: metal_surface_dirty vram_addr=0x3ba1000 size=4194304 write_addr=0x3e2f2f0 write_len=4 is_color=1
xemu-perf: metal_surface_dirty vram_addr=0x3ba1000 size=4194304 write_addr=0x3e2f340 write_len=4 is_color=1
xemu-perf: metal_screenshot_written path=/tmp/task16-repro2/swizzle-mipmap/metal/screenshots/swizzle-mipmap.0137.png w=640 h=480
xemu-perf: metal_surface_dirty vram_addr=0x3ba1000 size=4194304 write_addr=0x3e2f288 write_len=4 is_color=1
xemu-perf: metal_surface_dirty vram_addr=0x3ba1000 size=4194304 write_addr=0x3e2f2f0 write_len=4 is_color=1
xemu-perf: metal_surface_dirty vram_addr=0x3ba1000 size=4194304 write_addr=0x3e2f328 write_len=4 is_color=1
xemu-perf: metal_surface_dirty vram_addr=0x3ba1000 size=4194304 write_addr=0x3e2f340 write_len=4 is_color=1
xemu-perf: metal_surface_dirty vram_addr=0x3ba1000 size=4194304 write_addr=0x3e2f290 write_len=4 is_color=1
xemu-perf: metal_surface_dirty vram_addr=0x3ba1000 size=4194304 write_addr=0x3e2f2e8 write_len=4 is_color=1
xemu-perf: metal_surface_dirty vram_addr=0x3ba1000 size=4194304 write_addr=0x3e2f340 write_len=4 is_color=1
xemu-perf: metal_surface_dirty vram_addr=0x3ba1000 size=4194304 write_addr=0x3e2f2a0 write_len=4 is_color=1
xemu-perf: metal_surface_dirty vram_addr=0x3ba1000 size=4194304 write_addr=0x3e2f2e0 write_len=4 is_color=1
xemu-perf: metal_surface_dirty vram_addr=0x3ba1000 size=4194304 write_addr=0x3e2f328 write_len=4 is_color=1
xemu-perf: metal_surface_dirty vram_addr=0x3ba1000 size=4194304 write_addr=0x3e2f340 write_len=4 is_color=1
xemu-perf: metal_surface_dirty vram_addr=0x3ba1000 size=4194304 write_addr=0x3e2f2cc write_len=4 is_color=1
xemu-perf: metal_surface_dirty vram_addr=0x3ba1000 size=4194304 write_addr=0x3e2f320 write_len=4 is_color=1
xemu-perf: metal_surface_dirty vram_addr=0x3ba1000 size=4194304 write_addr=0x3e2f340 write_len=4 is_color=1
xemu-perf: metal_screenshot_written path=/tmp/task16-repro2/swizzle-mipmap/metal/screenshots/swizzle-mipmap.0138.png w=640 h=480
xemu-perf: metal_surface_dirty vram_addr=0x3ba1000 size=4194304 write_addr=0x3e2f288 write_len=4 is_color=1
xemu-perf: metal_surface_dirty vram_addr=0x3ba1000 size=4194304 write_addr=0x3e2f2e0 write_len=4 is_color=1
xemu-perf: metal_surface_dirty vram_addr=0x3ba1000 size=4194304 write_addr=0x3e2f328 write_len=4 is_color=1
xemu-perf: metal_surface_dirty vram_addr=0x3ba1000 size=4194304 write_addr=0x3e2f340 write_len=4 is_color=1
xemu-perf: metal_surface_dirty vram_addr=0x3ba1000 size=4194304 write_addr=0x3e2f2c0 write_len=4 is_color=1
xemu-perf: metal_surface_dirty vram_addr=0x3ba1000 size=4194304 write_addr=0x3e2f308 write_len=4 is_color=1
xemu-perf: metal_surface_dirty vram_addr=0x3ba1000 size=4194304 write_addr=0x3e2f340 write_len=4 is_color=1
xemu-perf: metal_surface_dirty vram_addr=0x3ba1000 size=4194304 write_addr=0x3e2f288 write_len=4 is_color=1
xemu-perf: metal_surface_dirty vram_addr=0x3ba1000 size=4194304 write_addr=0x3e2f2f0 write_len=4 is_color=1
xemu-perf: metal_surface_dirty vram_addr=0x3ba1000 size=4194304 write_addr=0x3e2f340 write_len=4 is_color=1
xemu-perf: metal_surface_dirty vram_addr=0x3ba1000 size=4194304 write_addr=0x3e2f290 write_len=4 is_color=1
xemu-perf: metal_surface_dirty vram_addr=0x3ba1000 size=4194304 write_addr=0x3e2f2e8 write_len=4 is_color=1
xemu-perf: metal_surface_dirty vram_addr=0x3ba1000 size=4194304 write_addr=0x3e2f340 write_len=4 is_color=1
xemu-perf: metal_surface_dirty vram_addr=0x3ba1000 size=4194304 write_addr=0x3e2f290 write_len=4 is_color=1
xemu-perf: metal_surface_dirty vram_addr=0x3ba1000 size=4194304 write_addr=0x3e2f2e0 write_len=4 is_color=1
xemu-perf: metal_surface_dirty vram_addr=0x3ba1000 size=4194304 write_addr=0x3e2f328 write_len=4 is_color=1
xemu-perf: metal_surface_dirty vram_addr=0x3ba1000 size=4194304 write_addr=0x3e2f340 write_len=4 is_color=1
xemu-perf: metal_surface_dirty vram_addr=0x3ba1000 size=4194304 write_addr=0x3e2f290 write_len=4 is_color=1
xemu-perf: metal_surface_dirty vram_addr=0x3ba1000 size=4194304 write_addr=0x3e2f2e0 write_len=4 is_color=1
xemu-perf: metal_surface_dirty vram_addr=0x3ba1000 size=4194304 write_addr=0x3e2f340 write_len=4 is_color=1
xemu-perf: metal_screenshot_written path=/tmp/task16-repro2/swizzle-mipmap/metal/screenshots/swizzle-mipmap.0139.png w=640 h=480
xemu-perf: metal_surface_dirty vram_addr=0x3ba1000 size=4194304 write_addr=0x3e2f288 write_len=4 is_color=1
xemu-perf: metal_surface_dirty vram_addr=0x3ba1000 size=4194304 write_addr=0x3e2f2e8 write_len=4 is_color=1
xemu-perf: metal_surface_dirty vram_addr=0x3ba1000 size=4194304 write_addr=0x3e2f340 write_len=4 is_color=1
xemu-perf: metal_surface_dirty vram_addr=0x3ba1000 size=4194304 write_addr=0x3e2f2c8 write_len=4 is_color=1
xemu-perf: metal_surface_dirty vram_addr=0x3ba1000 size=4194304 write_addr=0x3e2f320 write_len=4 is_color=1
xemu-perf: metal_surface_dirty vram_addr=0x3ba1000 size=4194304 write_addr=0x3e2f340 write_len=4 is_color=1
xemu-perf: metal_surface_dirty vram_addr=0x3ba1000 size=4194304 write_addr=0x3e2f290 write_len=4 is_color=1
xemu-perf: metal_surface_dirty vram_addr=0x3ba1000 size=4194304 write_addr=0x3e2f2e0 write_len=4 is_color=1
xemu-perf: metal_surface_dirty vram_addr=0x3ba1000 size=4194304 write_addr=0x3e2f340 write_len=4 is_color=1
xemu-perf: metal_surface_dirty vram_addr=0x3ba1000 size=4194304 write_addr=0x3e2f290 write_len=4 is_color=1
xemu-perf: metal_surface_dirty vram_addr=0x3ba1000 size=4194304 write_addr=0x3e2f2e8 write_len=4 is_color=1
xemu-perf: metal_surface_dirty vram_addr=0x3ba1000 size=4194304 write_addr=0x3e2f340 write_len=4 is_color=1
xemu-perf: metal_screenshot_written path=/tmp/task16-repro2/swizzle-mipmap/metal/screenshots/swizzle-mipmap.0140.png w=640 h=480
xemu-perf: metal_surface_dirty vram_addr=0x3ba1000 size=4194304 write_addr=0x3e2f2a8 write_len=4 is_color=1
xemu-perf: metal_surface_dirty vram_addr=0x3ba1000 size=4194304 write_addr=0x3e2f308 write_len=4 is_color=1
xemu-perf: metal_surface_dirty vram_addr=0x3ba1000 size=4194304 write_addr=0x3e2f340 write_len=4 is_color=1
xemu-perf: metal_surface_dirty vram_addr=0x3ba1000 size=4194304 write_addr=0x3e2f280 write_len=4 is_color=1
xemu-perf: metal_surface_dirty vram_addr=0x3ba1000 size=4194304 write_addr=0x3e2f2c8 write_len=4 is_color=1
xemu-perf: metal_surface_dirty vram_addr=0x3ba1000 size=4194304 write_addr=0x3e2f320 write_len=4 is_color=1
xemu-perf: metal_surface_dirty vram_addr=0x3ba1000 size=4194304 write_addr=0x3e2f340 write_len=4 is_color=1
xemu-perf: metal_surface_dirty vram_addr=0x3ba1000 size=4194304 write_addr=0x3e2f288 write_len=4 is_color=1
xemu-perf: metal_surface_dirty vram_addr=0x3ba1000 size=4194304 write_addr=0x3e2f2e0 write_len=4 is_color=1
xemu-perf: metal_surface_dirty vram_addr=0x3ba1000 size=4194304 write_addr=0x3e2f320 write_len=4 is_color=1
xemu-perf: metal_surface_dirty vram_addr=0x3ba1000 size=4194304 write_addr=0x3e2f340 write_len=4 is_color=1
xemu-perf: metal_surface_dirty vram_addr=0x3ba1000 size=4194304 write_addr=0x3e2f2a0 write_len=4 is_color=1
xemu-perf: metal_surface_dirty vram_addr=0x3ba1000 size=4194304 write_addr=0x3e2f2e0 write_len=4 is_color=1
xemu-perf: metal_surface_dirty vram_addr=0x3ba1000 size=4194304 write_addr=0x3e2f328 write_len=4 is_color=1
xemu-perf: metal_surface_dirty vram_addr=0x3ba1000 size=4194304 write_addr=0x3e2f340 write_len=4 is_color=1
xemu-perf: metal_surface_dirty vram_addr=0x3ba1000 size=4194304 write_addr=0x3e2f2a0 write_len=4 is_color=1
xemu-perf: metal_surface_dirty vram_addr=0x3ba1000 size=4194304 write_addr=0x3e2f2e0 write_len=4 is_color=1
xemu-perf: metal_surface_dirty vram_addr=0x3ba1000 size=4194304 write_addr=0x3e2f330 write_len=4 is_color=1
xemu-perf: metal_surface_dirty vram_addr=0x3ba1000 size=4194304 write_addr=0x3e2f340 write_len=4 is_color=1
xemu-perf: metal_surface_dirty vram_addr=0x3ba1000 size=4194304 write_addr=0x3e2f288 write_len=4 is_color=1
xemu-perf: metal_surface_dirty vram_addr=0x3ba1000 size=4194304 write_addr=0x3e2f2f0 write_len=4 is_color=1
xemu-perf: metal_surface_dirty vram_addr=0x3ba1000 size=4194304 write_addr=0x3e2f340 write_len=4 is_color=1
xemu-perf: metal_screenshot_written path=/tmp/task16-repro2/swizzle-mipmap/metal/screenshots/swizzle-mipmap.0141.png w=640 h=480
xemu-perf: metal_surface_dirty vram_addr=0x3ba1000 size=4194304 write_addr=0x3e2f288 write_len=4 is_color=1
xemu-perf: metal_surface_dirty vram_addr=0x3ba1000 size=4194304 write_addr=0x3e2f2e8 write_len=4 is_color=1
xemu-perf: metal_surface_dirty vram_addr=0x3ba1000 size=4194304 write_addr=0x3e2f340 write_len=4 is_color=1
xemu-perf: metal_surface_dirty vram_addr=0x3ba1000 size=4194304 write_addr=0x3e2f298 write_len=4 is_color=1
xemu-perf: metal_surface_dirty vram_addr=0x3ba1000 size=4194304 write_addr=0x3e2f2e0 write_len=4 is_color=1
xemu-perf: metal_surface_dirty vram_addr=0x3ba1000 size=4194304 write_addr=0x3e2f328 write_len=4 is_color=1
xemu-perf: metal_surface_dirty vram_addr=0x3ba1000 size=4194304 write_addr=0x3e2f340 write_len=4 is_color=1
xemu-perf: metal_surface_dirty vram_addr=0x3ba1000 size=4194304 write_addr=0x3e2f290 write_len=4 is_color=1
xemu-perf: metal_surface_dirty vram_addr=0x3ba1000 size=4194304 write_addr=0x3e2f2b0 write_len=4 is_color=1
xemu-perf: metal_surface_dirty vram_addr=0x3ba1000 size=4194304 write_addr=0x3e2f300 write_len=4 is_color=1
xemu-perf: metal_surface_dirty vram_addr=0x3ba1000 size=4194304 write_addr=0x3e2f340 write_len=4 is_color=1
xemu-perf: metal_surface_dirty vram_addr=0x3ba1000 size=4194304 write_addr=0x3e2f2a8 write_len=4 is_color=1
xemu-perf: metal_surface_dirty vram_addr=0x3ba1000 size=4194304 write_addr=0x3e2f2e0 write_len=4 is_color=1
xemu-perf: metal_surface_dirty vram_addr=0x3ba1000 size=4194304 write_addr=0x3e2f320 write_len=4 is_color=1
xemu-perf: metal_surface_dirty vram_addr=0x3ba1000 size=4194304 write_addr=0x3e2f340 write_len=4 is_color=1
xemu-perf: metal_surface_dirty vram_addr=0x3ba1000 size=4194304 write_addr=0x3e2f2a8 write_len=4 is_color=1
xemu-perf: metal_screenshot_written path=/tmp/task16-repro2/swizzle-mipmap/metal/screenshots/swizzle-mipmap.0142.png w=640 h=480
xemu-perf: metal_surface_dirty vram_addr=0x3ba1000 size=4194304 write_addr=0x3e2f2c8 write_len=4 is_color=1
xemu-perf: metal_surface_dirty vram_addr=0x3ba1000 size=4194304 write_addr=0x3e2f320 write_len=4 is_color=1
xemu-perf: metal_surface_dirty vram_addr=0x3ba1000 size=4194304 write_addr=0x3e2f340 write_len=4 is_color=1
xemu-perf: metal_surface_dirty vram_addr=0x3ba1000 size=4194304 write_addr=0x3e2f290 write_len=4 is_color=1
xemu-perf: metal_surface_dirty vram_addr=0x3ba1000 size=4194304 write_addr=0x3e2f2e0 write_len=4 is_color=1
xemu-perf: metal_surface_dirty vram_addr=0x3ba1000 size=4194304 write_addr=0x3e2f340 write_len=4 is_color=1
xemu-perf: metal_surface_dirty vram_addr=0x3ba1000 size=4194304 write_addr=0x3e2f288 write_len=4 is_color=1
xemu-perf: metal_surface_dirty vram_addr=0x3ba1000 size=4194304 write_addr=0x3e2f2f0 write_len=4 is_color=1
xemu-perf: metal_surface_dirty vram_addr=0x3ba1000 size=4194304 write_addr=0x3e2f340 write_len=4 is_color=1
xemu-perf: metal_surface_dirty vram_addr=0x3ba1000 size=4194304 write_addr=0x3e2f2c8 write_len=4 is_color=1
xemu-perf: metal_surface_dirty vram_addr=0x3ba1000 size=4194304 write_addr=0x3e2f2f0 write_len=4 is_color=1
xemu-perf: metal_surface_dirty vram_addr=0x3ba1000 size=4194304 write_addr=0x3e2f340 write_len=4 is_color=1
xemu-perf: metal_surface_dirty vram_addr=0x3ba1000 size=4194304 write_addr=0x3e2f2c0 write_len=4 is_color=1
xemu-perf: metal_surface_dirty vram_addr=0x3ba1000 size=4194304 write_addr=0x3e2f300 write_len=4 is_color=1
xemu-perf: metal_surface_dirty vram_addr=0x3ba1000 size=4194304 write_addr=0x3e2f340 write_len=4 is_color=1
xemu-perf: metal_surface_dirty vram_addr=0x3ba1000 size=4194304 write_addr=0x3e2f2c0 write_len=4 is_color=1
xemu-perf: metal_surface_dirty vram_addr=0x3ba1000 size=4194304 write_addr=0x3e2f308 write_len=4 is_color=1
xemu-perf: metal_surface_dirty vram_addr=0x3ba1000 size=4194304 write_addr=0x3e2f340 write_len=4 is_color=1
xemu-perf: metal_screenshot_written path=/tmp/task16-repro2/swizzle-mipmap/metal/screenshots/swizzle-mipmap.0143.png w=640 h=480
xemu-perf: metal_surface_dirty vram_addr=0x3ba1000 size=4194304 write_addr=0x3e2f290 write_len=4 is_color=1
xemu-perf: metal_surface_dirty vram_addr=0x3ba1000 size=4194304 write_addr=0x3e2f300 write_len=4 is_color=1
xemu-perf: metal_surface_dirty vram_addr=0x3ba1000 size=4194304 write_addr=0x3e2f340 write_len=4 is_color=1
xemu-perf: metal_surface_dirty vram_addr=0x3ba1000 size=4194304 write_addr=0x3e2f290 write_len=4 is_color=1
xemu-perf: metal_surface_dirty vram_addr=0x3ba1000 size=4194304 write_addr=0x3e2f2e4 write_len=4 is_color=1
xemu-perf: metal_surface_dirty vram_addr=0x3ba1000 size=4194304 write_addr=0x3e2f328 write_len=4 is_color=1
xemu-perf: metal_surface_dirty vram_addr=0x3ba1000 size=4194304 write_addr=0x3e2f340 write_len=4 is_color=1
xemu-perf: metal_surface_dirty vram_addr=0x3ba1000 size=4194304 write_addr=0x3e2f2a0 write_len=4 is_color=1
xemu-perf: metal_surface_dirty vram_addr=0x3ba1000 size=4194304 write_addr=0x3e2f2e0 write_len=4 is_color=1
xemu-perf: metal_surface_dirty vram_addr=0x3ba1000 size=4194304 write_addr=0x3e2f340 write_len=4 is_color=1
xemu-perf: metal_surface_dirty vram_addr=0x3ba1000 size=4194304 write_addr=0x3e2f2a0 write_len=4 is_color=1
xemu-perf: metal_surface_dirty vram_addr=0x3ba1000 size=4194304 write_addr=0x3e2f2e8 write_len=4 is_color=1
xemu-perf: metal_surface_dirty vram_addr=0x3ba1000 size=4194304 write_addr=0x3e2f340 write_len=4 is_color=1
xemu-perf: metal_screenshot_written path=/tmp/task16-repro2/swizzle-mipmap/metal/screenshots/swizzle-mipmap.0144.png w=640 h=480
xemu-perf: metal_surface_dirty vram_addr=0x3ba1000 size=4194304 write_addr=0x3e2f290 write_len=4 is_color=1
xemu-perf: metal_surface_dirty vram_addr=0x3ba1000 size=4194304 write_addr=0x3e2f2e0 write_len=4 is_color=1
xemu-perf: metal_surface_dirty vram_addr=0x3ba1000 size=4194304 write_addr=0x3e2f330 write_len=4 is_color=1
xemu-perf: metal_surface_dirty vram_addr=0x3ba1000 size=4194304 write_addr=0x3e2f340 write_len=4 is_color=1
xemu-perf: metal_surface_dirty vram_addr=0x3ba1000 size=4194304 write_addr=0x3e2f2c0 write_len=4 is_color=1
xemu-perf: metal_surface_dirty vram_addr=0x3ba1000 size=4194304 write_addr=0x3e2f300 write_len=4 is_color=1
xemu-perf: metal_surface_dirty vram_addr=0x3ba1000 size=4194304 write_addr=0x3e2f340 write_len=4 is_color=1
xemu-perf: metal_surface_dirty vram_addr=0x3ba1000 size=4194304 write_addr=0x3e2f2a8 write_len=4 is_color=1
xemu-perf: metal_surface_dirty vram_addr=0x3ba1000 size=4194304 write_addr=0x3e2f320 write_len=4 is_color=1
xemu-perf: metal_surface_dirty vram_addr=0x3ba1000 size=4194304 write_addr=0x3e2f340 write_len=4 is_color=1
xemu-perf: metal_surface_dirty vram_addr=0x3ba1000 size=4194304 write_addr=0x3e2f2a8 write_len=4 is_color=1
xemu-perf: metal_surface_dirty vram_addr=0x3ba1000 size=4194304 write_addr=0x3e2f2cc write_len=4 is_color=1
xemu-perf: metal_surface_dirty vram_addr=0x3ba1000 size=4194304 write_addr=0x3e2f320 write_len=4 is_color=1
xemu-perf: metal_surface_dirty vram_addr=0x3ba1000 size=4194304 write_addr=0x3e2f340 write_len=4 is_color=1
xemu-perf: metal_surface_dirty vram_addr=0x3ba1000 size=4194304 write_addr=0x3e2f298 write_len=4 is_color=1
xemu-perf: metal_surface_dirty vram_addr=0x3ba1000 size=4194304 write_addr=0x3e2f2e0 write_len=4 is_color=1
xemu-perf: metal_surface_dirty vram_addr=0x3ba1000 size=4194304 write_addr=0x3e2f328 write_len=4 is_color=1
xemu-perf: metal_surface_dirty vram_addr=0x3ba1000 size=4194304 write_addr=0x3e2f340 write_len=4 is_color=1
xemu-perf: metal_surface_dirty vram_addr=0x3ba1000 size=4194304 write_addr=0x3e2f2a8 write_len=4 is_color=1
xemu-perf: metal_surface_dirty vram_addr=0x3ba1000 size=4194304 write_addr=0x3e2f300 write_len=4 is_color=1
xemu-perf: metal_surface_dirty vram_addr=0x3ba1000 size=4194304 write_addr=0x3e2f340 write_len=4 is_color=1
xemu-perf: metal_screenshot_written path=/tmp/task16-repro2/swizzle-mipmap/metal/screenshots/swizzle-mipmap.0145.png w=640 h=480
xemu-perf: metal_surface_dirty vram_addr=0x3ba1000 size=4194304 write_addr=0x3e2f288 write_len=4 is_color=1
xemu-perf: metal_surface_dirty vram_addr=0x3ba1000 size=4194304 write_addr=0x3e2f2c8 write_len=4 is_color=1
xemu-perf: metal_surface_dirty vram_addr=0x3ba1000 size=4194304 write_addr=0x3e2f320 write_len=4 is_color=1
xemu-perf: metal_surface_dirty vram_addr=0x3ba1000 size=4194304 write_addr=0x3e2f340 write_len=4 is_color=1
xemu-perf: metal_surface_dirty vram_addr=0x3ba1000 size=4194304 write_addr=0x3e2f294 write_len=4 is_color=1
xemu-perf: metal_surface_dirty vram_addr=0x3ba1000 size=4194304 write_addr=0x3e2f2e8 write_len=4 is_color=1
xemu-perf: metal_surface_dirty vram_addr=0x3ba1000 size=4194304 write_addr=0x3e2f340 write_len=4 is_color=1
xemu-perf: metal_surface_dirty vram_addr=0x3ba1000 size=4194304 write_addr=0x3e2f2c0 write_len=4 is_color=1
xemu-perf: metal_surface_dirty vram_addr=0x3ba1000 size=4194304 write_addr=0x3e2f300 write_len=4 is_color=1
xemu-perf: metal_surface_dirty vram_addr=0x3ba1000 size=4194304 write_addr=0x3e2f340 write_len=4 is_color=1
xemu-perf: metal_surface_dirty vram_addr=0x3ba1000 size=4194304 write_addr=0x3e2f2a0 write_len=4 is_color=1
xemu-perf: metal_surface_dirty vram_addr=0x3ba1000 size=4194304 write_addr=0x3e2f2e0 write_len=4 is_color=1
xemu-perf: metal_surface_dirty vram_addr=0x3ba1000 size=4194304 write_addr=0x3e2f340 write_len=4 is_color=1
xemu-perf: metal_surface_dirty vram_addr=0x3ba1000 size=4194304 write_addr=0x3e2f2a8 write_len=4 is_color=1
xemu-perf: metal_surface_dirty vram_addr=0x3ba1000 size=4194304 write_addr=0x3e2f300 write_len=4 is_color=1
xemu-perf: metal_surface_dirty vram_addr=0x3ba1000 size=4194304 write_addr=0x3e2f340 write_len=4 is_color=1
xemu-perf: metal_screenshot_written path=/tmp/task16-repro2/swizzle-mipmap/metal/screenshots/swizzle-mipmap.0146.png w=640 h=480
xemu-perf: metal_surface_dirty vram_addr=0x3ba1000 size=4194304 write_addr=0x3e2f294 write_len=4 is_color=1
xemu-perf: metal_surface_dirty vram_addr=0x3ba1000 size=4194304 write_addr=0x3e2f2f0 write_len=4 is_color=1
xemu-perf: metal_surface_dirty vram_addr=0x3ba1000 size=4194304 write_addr=0x3e2f340 write_len=4 is_color=1
xemu-perf: metal_surface_dirty vram_addr=0x3ba1000 size=4194304 write_addr=0x3e2f290 write_len=4 is_color=1
xemu-perf: metal_surface_dirty vram_addr=0x3ba1000 size=4194304 write_addr=0x3e2f2e0 write_len=4 is_color=1
xemu-perf: metal_surface_dirty vram_addr=0x3ba1000 size=4194304 write_addr=0x3e2f328 write_len=4 is_color=1
xemu-perf: metal_surface_dirty vram_addr=0x3ba1000 size=4194304 write_addr=0x3e2f340 write_len=4 is_color=1
xemu-perf: metal_surface_dirty vram_addr=0x3ba1000 size=4194304 write_addr=0x3e2f288 write_len=4 is_color=1
xemu-perf: metal_surface_dirty vram_addr=0x3ba1000 size=4194304 write_addr=0x3e2f2e8 write_len=4 is_color=1
xemu-perf: metal_surface_dirty vram_addr=0x3ba1000 size=4194304 write_addr=0x3e2f340 write_len=4 is_color=1
xemu-perf: metal_surface_dirty vram_addr=0x3ba1000 size=4194304 write_addr=0x3e2f290 write_len=4 is_color=1
xemu-perf: metal_surface_dirty vram_addr=0x3ba1000 size=4194304 write_addr=0x3e2f2e8 write_len=4 is_color=1
xemu-perf: metal_surface_dirty vram_addr=0x3ba1000 size=4194304 write_addr=0x3e2f340 write_len=4 is_color=1
xemu-perf: metal_surface_dirty vram_addr=0x3ba1000 size=4194304 write_addr=0x3e2f2a0 write_len=4 is_color=1
xemu-perf: metal_surface_dirty vram_addr=0x3ba1000 size=4194304 write_addr=0x3e2f2e0 write_len=4 is_color=1
xemu-perf: metal_surface_dirty vram_addr=0x3ba1000 size=4194304 write_addr=0x3e2f320 write_len=4 is_color=1
xemu-perf: metal_surface_dirty vram_addr=0x3ba1000 size=4194304 write_addr=0x3e2f340 write_len=4 is_color=1
xemu-perf: metal_screenshot_written path=/tmp/task16-repro2/swizzle-mipmap/metal/screenshots/swizzle-mipmap.0147.png w=640 h=480
xemu-perf: metal_surface_dirty vram_addr=0x3ba1000 size=4194304 write_addr=0x3e2f2a8 write_len=4 is_color=1
xemu-perf: metal_surface_dirty vram_addr=0x3ba1000 size=4194304 write_addr=0x3e2f2c8 write_len=4 is_color=1
xemu-perf: metal_surface_dirty vram_addr=0x3ba1000 size=4194304 write_addr=0x3e2f328 write_len=4 is_color=1
xemu-perf: metal_surface_dirty vram_addr=0x3ba1000 size=4194304 write_addr=0x3e2f340 write_len=4 is_color=1
xemu-perf: metal_surface_dirty vram_addr=0x3ba1000 size=4194304 write_addr=0x3e2f2c0 write_len=4 is_color=1
xemu-perf: metal_surface_dirty vram_addr=0x3ba1000 size=4194304 write_addr=0x3e2f300 write_len=4 is_color=1
xemu-perf: metal_surface_dirty vram_addr=0x3ba1000 size=4194304 write_addr=0x3e2f340 write_len=4 is_color=1
xemu-perf: metal_surface_dirty vram_addr=0x3ba1000 size=4194304 write_addr=0x3e2f2c0 write_len=4 is_color=1
xemu-perf: metal_surface_dirty vram_addr=0x3ba1000 size=4194304 write_addr=0x3e2f300 write_len=4 is_color=1
xemu-perf: metal_surface_dirty vram_addr=0x3ba1000 size=4194304 write_addr=0x3e2f340 write_len=4 is_color=1
xemu-perf: metal_surface_dirty vram_addr=0x3ba1000 size=4194304 write_addr=0x3e2f288 write_len=4 is_color=1
xemu-perf: metal_surface_dirty vram_addr=0x3ba1000 size=4194304 write_addr=0x3e2f2e8 write_len=4 is_color=1
xemu-perf: metal_surface_dirty vram_addr=0x3ba1000 size=4194304 write_addr=0x3e2f340 write_len=4 is_color=1
xemu-perf: metal_screenshot_written path=/tmp/task16-repro2/swizzle-mipmap/metal/screenshots/swizzle-mipmap.0148.png w=640 h=480
xemu-perf: metal_surface_dirty vram_addr=0x3ba1000 size=4194304 write_addr=0x3e2f288 write_len=4 is_color=1
xemu-perf: metal_surface_dirty vram_addr=0x3ba1000 size=4194304 write_addr=0x3e2f2e0 write_len=4 is_color=1
xemu-perf: metal_surface_dirty vram_addr=0x3ba1000 size=4194304 write_addr=0x3e2f328 write_len=4 is_color=1
xemu-perf: metal_surface_dirty vram_addr=0x3ba1000 size=4194304 write_addr=0x3e2f340 write_len=4 is_color=1
xemu-perf: metal_surface_dirty vram_addr=0x3ba1000 size=4194304 write_addr=0x3e2f290 write_len=4 is_color=1
xemu-perf: metal_surface_dirty vram_addr=0x3ba1000 size=4194304 write_addr=0x3e2f2e8 write_len=4 is_color=1
xemu-perf: metal_surface_dirty vram_addr=0x3ba1000 size=4194304 write_addr=0x3e2f340 write_len=4 is_color=1
xemu-perf: metal_surface_dirty vram_addr=0x3ba1000 size=4194304 write_addr=0x3e2f288 write_len=4 is_color=1
xemu-perf: metal_surface_dirty vram_addr=0x3ba1000 size=4194304 write_addr=0x3e2f2e8 write_len=4 is_color=1
xemu-perf: metal_surface_dirty vram_addr=0x3ba1000 size=4194304 write_addr=0x3e2f308 write_len=4 is_color=1
xemu-perf: metal_surface_dirty vram_addr=0x3ba1000 size=4194304 write_addr=0x3e2f340 write_len=4 is_color=1
xemu-perf: metal_surface_dirty vram_addr=0x3ba1000 size=4194304 write_addr=0x3e2f2a8 write_len=4 is_color=1
xemu-perf: metal_surface_dirty vram_addr=0x3ba1000 size=4194304 write_addr=0x3e2f2c8 write_len=4 is_color=1
xemu-perf: metal_surface_dirty vram_addr=0x3ba1000 size=4194304 write_addr=0x3e2f320 write_len=4 is_color=1
xemu-perf: metal_surface_dirty vram_addr=0x3ba1000 size=4194304 write_addr=0x3e2f340 write_len=4 is_color=1
xemu-perf: metal_surface_dirty vram_addr=0x3ba1000 size=4194304 write_addr=0x3e2f288 write_len=4 is_color=1
xemu-perf: metal_surface_dirty vram_addr=0x3ba1000 size=4194304 write_addr=0x3e2f2e0 write_len=4 is_color=1
xemu-perf: metal_surface_dirty vram_addr=0x3ba1000 size=4194304 write_addr=0x3e2f340 write_len=4 is_color=1
xemu-perf: metal_surface_dirty vram_addr=0x3ba1000 size=4194304 write_addr=0x3e2f290 write_len=4 is_color=1
xemu-perf: metal_surface_dirty vram_addr=0x3ba1000 size=4194304 write_addr=0x3e2f2e0 write_len=4 is_color=1
xemu-perf: metal_surface_dirty vram_addr=0x3ba1000 size=4194304 write_addr=0x3e2f328 write_len=4 is_color=1
xemu-perf: metal_surface_dirty vram_addr=0x3ba1000 size=4194304 write_addr=0x3e2f340 write_len=4 is_color=1
xemu-perf: metal_screenshot_written path=/tmp/task16-repro2/swizzle-mipmap/metal/screenshots/swizzle-mipmap.0149.png w=640 h=480
xemu-perf: metal_surface_dirty vram_addr=0x3ba1000 size=4194304 write_addr=0x3e2f298 write_len=4 is_color=1
xemu-perf: metal_surface_dirty vram_addr=0x3ba1000 size=4194304 write_addr=0x3e2f2f0 write_len=4 is_color=1
xemu-perf: metal_surface_dirty vram_addr=0x3ba1000 size=4194304 write_addr=0x3e2f330 write_len=4 is_color=1
xemu-perf: metal_surface_dirty vram_addr=0x3ba1000 size=4194304 write_addr=0x3e2f340 write_len=4 is_color=1
xemu-perf: metal_surface_dirty vram_addr=0x3ba1000 size=4194304 write_addr=0x3e2f2c8 write_len=4 is_color=1
xemu-perf: metal_surface_dirty vram_addr=0x3ba1000 size=4194304 write_addr=0x3e2f320 write_len=4 is_color=1
xemu-perf: metal_surface_dirty vram_addr=0x3ba1000 size=4194304 write_addr=0x3e2f340 write_len=4 is_color=1
xemu-perf: metal_surface_dirty vram_addr=0x3ba1000 size=4194304 write_addr=0x3e2f288 write_len=4 is_color=1
xemu-perf: metal_surface_dirty vram_addr=0x3ba1000 size=4194304 write_addr=0x3e2f2b0 write_len=4 is_color=1
xemu-perf: metal_surface_dirty vram_addr=0x3ba1000 size=4194304 write_addr=0x3e2f308 write_len=4 is_color=1
xemu-perf: metal_surface_dirty vram_addr=0x3ba1000 size=4194304 write_addr=0x3e2f340 write_len=4 is_color=1
xemu-perf: metal_surface_dirty vram_addr=0x3ba1000 size=4194304 write_addr=0x3e2f290 write_len=4 is_color=1
xemu-perf: metal_surface_dirty vram_addr=0x3ba1000 size=4194304 write_addr=0x3e2f2e8 write_len=4 is_color=1
xemu-perf: metal_surface_dirty vram_addr=0x3ba1000 size=4194304 write_addr=0x3e2f340 write_len=4 is_color=1
xemu-perf: metal_screenshot_written path=/tmp/task16-repro2/swizzle-mipmap/metal/screenshots/swizzle-mipmap.0150.png w=640 h=480
xemu-perf: metal_surface_dirty vram_addr=0x3ba1000 size=4194304 write_addr=0x3e2f280 write_len=4 is_color=1
xemu-perf: metal_surface_dirty vram_addr=0x3ba1000 size=4194304 write_addr=0x3e2f2c0 write_len=4 is_color=1
xemu-perf: metal_surface_dirty vram_addr=0x3ba1000 size=4194304 write_addr=0x3e2f320 write_len=4 is_color=1
xemu-perf: metal_surface_dirty vram_addr=0x3ba1000 size=4194304 write_addr=0x3e2f340 write_len=4 is_color=1
xemu-perf: metal_surface_dirty vram_addr=0x3ba1000 size=4194304 write_addr=0x3e2f288 write_len=4 is_color=1
xemu-perf: metal_surface_dirty vram_addr=0x3ba1000 size=4194304 write_addr=0x3e2f2e8 write_len=4 is_color=1
xemu-perf: metal_surface_dirty vram_addr=0x3ba1000 size=4194304 write_addr=0x3e2f340 write_len=4 is_color=1
xemu-perf: metal_surface_dirty vram_addr=0x3ba1000 size=4194304 write_addr=0x3e2f290 write_len=4 is_color=1
xemu-perf: metal_surface_dirty vram_addr=0x3ba1000 size=4194304 write_addr=0x3e2f2e0 write_len=4 is_color=1
xemu-perf: metal_surface_dirty vram_addr=0x3ba1000 size=4194304 write_addr=0x3e2f330 write_len=4 is_color=1
xemu-perf: metal_surface_dirty vram_addr=0x3ba1000 size=4194304 write_addr=0x3e2f340 write_len=4 is_color=1
xemu-perf: metal_surface_dirty vram_addr=0x3ba1000 size=4194304 write_addr=0x3e2f280 write_len=4 is_color=1
xemu-perf: metal_surface_dirty vram_addr=0x3ba1000 size=4194304 write_addr=0x3e2f2e8 write_len=4 is_color=1
xemu-perf: metal_surface_dirty vram_addr=0x3ba1000 size=4194304 write_addr=0x3e2f340 write_len=4 is_color=1
xemu-perf: metal_surface_dirty vram_addr=0x3ba1000 size=4194304 write_addr=0x3e2f280 write_len=4 is_color=1
xemu-perf: metal_surface_dirty vram_addr=0x3ba1000 size=4194304 write_addr=0x3e2f2d0 write_len=4 is_color=1
xemu-perf: metal_surface_dirty vram_addr=0x3ba1000 size=4194304 write_addr=0x3e2f328 write_len=4 is_color=1
xemu-perf: metal_surface_dirty vram_addr=0x3ba1000 size=4194304 write_addr=0x3e2f340 write_len=4 is_color=1
xemu-perf: metal_surface_dirty vram_addr=0x3ba1000 size=4194304 write_addr=0x3e2f2c0 write_len=4 is_color=1
xemu-perf: metal_surface_dirty vram_addr=0x3ba1000 size=4194304 write_addr=0x3e2f318 write_len=4 is_color=1
xemu-perf: metal_surface_dirty vram_addr=0x3ba1000 size=4194304 write_addr=0x3e2f340 write_len=4 is_color=1
xemu-perf: metal_screenshot_written path=/tmp/task16-repro2/swizzle-mipmap/metal/screenshots/swizzle-mipmap.0151.png w=640 h=480
xemu-perf: metal_surface_dirty vram_addr=0x3ba1000 size=4194304 write_addr=0x3e2f2a0 write_len=4 is_color=1
xemu-perf: metal_surface_dirty vram_addr=0x3ba1000 size=4194304 write_addr=0x3e2f300 write_len=4 is_color=1
xemu-perf: metal_surface_dirty vram_addr=0x3ba1000 size=4194304 write_addr=0x3e2f340 write_len=4 is_color=1
xemu-perf: metal_surface_dirty vram_addr=0x3ba1000 size=4194304 write_addr=0x3e2f29c write_len=4 is_color=1
xemu-perf: metal_surface_dirty vram_addr=0x3ba1000 size=4194304 write_addr=0x3e2f2e0 write_len=4 is_color=1
xemu-perf: metal_surface_dirty vram_addr=0x3ba1000 size=4194304 write_addr=0x3e2f32c write_len=4 is_color=1
xemu-perf: metal_surface_dirty vram_addr=0x3ba1000 size=4194304 write_addr=0x3e2f340 write_len=4 is_color=1
xemu-perf: metal_surface_dirty vram_addr=0x3ba1000 size=4194304 write_addr=0x3e2f2a0 write_len=4 is_color=1
xemu-perf: metal_surface_dirty vram_addr=0x3ba1000 size=4194304 write_addr=0x3e2f2e8 write_len=4 is_color=1
xemu-perf: metal_surface_dirty vram_addr=0x3ba1000 size=4194304 write_addr=0x3e2f340 write_len=4 is_color=1
xemu-perf: metal_surface_dirty vram_addr=0x3ba1000 size=4194304 write_addr=0x3e2f2a8 write_len=4 is_color=1
xemu-perf: metal_surface_dirty vram_addr=0x3ba1000 size=4194304 write_addr=0x3e2f308 write_len=4 is_color=1
xemu-perf: metal_surface_dirty vram_addr=0x3ba1000 size=4194304 write_addr=0x3e2f340 write_len=4 is_color=1
xemu-perf: metal_screenshot_written path=/tmp/task16-repro2/swizzle-mipmap/metal/screenshots/swizzle-mipmap.0152.png w=640 h=480
xemu-perf: metal_surface_dirty vram_addr=0x3ba1000 size=4194304 write_addr=0x3e2f290 write_len=4 is_color=1
xemu-perf: metal_surface_dirty vram_addr=0x3ba1000 size=4194304 write_addr=0x3e2f2e0 write_len=4 is_color=1
xemu-perf: metal_surface_dirty vram_addr=0x3ba1000 size=4194304 write_addr=0x3e2f328 write_len=4 is_color=1
xemu-perf: metal_surface_dirty vram_addr=0x3ba1000 size=4194304 write_addr=0x3e2f340 write_len=4 is_color=1
xemu-perf: metal_surface_dirty vram_addr=0x3ba1000 size=4194304 write_addr=0x3e2f280 write_len=4 is_color=1
xemu-perf: metal_surface_dirty vram_addr=0x3ba1000 size=4194304 write_addr=0x3e2f2e0 write_len=4 is_color=1
xemu-perf: metal_surface_dirty vram_addr=0x3ba1000 size=4194304 write_addr=0x3e2f330 write_len=4 is_color=1
xemu-perf: metal_surface_dirty vram_addr=0x3ba1000 size=4194304 write_addr=0x3e2f340 write_len=4 is_color=1
xemu-perf: metal_surface_dirty vram_addr=0x3ba1000 size=4194304 write_addr=0x3e2f288 write_len=4 is_color=1
xemu-perf: metal_surface_dirty vram_addr=0x3ba1000 size=4194304 write_addr=0x3e2f330 write_len=4 is_color=1
xemu-perf: metal_surface_dirty vram_addr=0x3ba1000 size=4194304 write_addr=0x3e2f340 write_len=4 is_color=1
xemu-perf: metal_surface_dirty vram_addr=0x3ba1000 size=4194304 write_addr=0x3e2f298 write_len=4 is_color=1
xemu-perf: metal_surface_dirty vram_addr=0x3ba1000 size=4194304 write_addr=0x3e2f2e0 write_len=4 is_color=1
xemu-perf: metal_surface_dirty vram_addr=0x3ba1000 size=4194304 write_addr=0x3e2f328 write_len=4 is_color=1
xemu-perf: metal_surface_dirty vram_addr=0x3ba1000 size=4194304 write_addr=0x3e2f340 write_len=4 is_color=1
xemu-perf: metal_surface_dirty vram_addr=0x3ba1000 size=4194304 write_addr=0x3e2f290 write_len=4 is_color=1
xemu-perf: metal_surface_dirty vram_addr=0x3ba1000 size=4194304 write_addr=0x3e2f2f0 write_len=4 is_color=1
xemu-perf: metal_surface_dirty vram_addr=0x3ba1000 size=4194304 write_addr=0x3e2f340 write_len=4 is_color=1
xemu-perf: metal_surface_dirty vram_addr=0x3ba1000 size=4194304 write_addr=0x3e2f2c0 write_len=4 is_color=1
xemu-perf: metal_surface_dirty vram_addr=0x3ba1000 size=4194304 write_addr=0x3e2f2e0 write_len=4 is_color=1
xemu-perf: metal_surface_dirty vram_addr=0x3ba1000 size=4194304 write_addr=0x3e2f328 write_len=4 is_color=1
xemu-perf: metal_surface_dirty vram_addr=0x3ba1000 size=4194304 write_addr=0x3e2f340 write_len=4 is_color=1
xemu-perf: metal_screenshot_written path=/tmp/task16-repro2/swizzle-mipmap/metal/screenshots/swizzle-mipmap.0153.png w=640 h=480
xemu-perf: metal_surface_dirty vram_addr=0x3ba1000 size=4194304 write_addr=0x3e2f2c8 write_len=4 is_color=1
xemu-perf: metal_surface_dirty vram_addr=0x3ba1000 size=4194304 write_addr=0x3e2f320 write_len=4 is_color=1
xemu-perf: metal_surface_dirty vram_addr=0x3ba1000 size=4194304 write_addr=0x3e2f340 write_len=4 is_color=1
xemu-perf: metal_surface_dirty vram_addr=0x3ba1000 size=4194304 write_addr=0x3e2f2a0 write_len=4 is_color=1
xemu-perf: metal_surface_dirty vram_addr=0x3ba1000 size=4194304 write_addr=0x3e2f300 write_len=4 is_color=1
xemu-perf: metal_surface_dirty vram_addr=0x3ba1000 size=4194304 write_addr=0x3e2f340 write_len=4 is_color=1
xemu-perf: metal_surface_dirty vram_addr=0x3ba1000 size=4194304 write_addr=0x3e2f290 write_len=4 is_color=1
xemu-perf: metal_surface_dirty vram_addr=0x3ba1000 size=4194304 write_addr=0x3e2f2e0 write_len=4 is_color=1
xemu-perf: metal_surface_dirty vram_addr=0x3ba1000 size=4194304 write_addr=0x3e2f328 write_len=4 is_color=1
xemu-perf: metal_surface_dirty vram_addr=0x3ba1000 size=4194304 write_addr=0x3e2f340 write_len=4 is_color=1
xemu-perf: metal_surface_dirty vram_addr=0x3ba1000 size=4194304 write_addr=0x3e2f2a8 write_len=4 is_color=1
xemu-perf: metal_surface_dirty vram_addr=0x3ba1000 size=4194304 write_addr=0x3e2f2dc write_len=4 is_color=1
xemu-perf: metal_surface_dirty vram_addr=0x3ba1000 size=4194304 write_addr=0x3e2f308 write_len=4 is_color=1
xemu-perf: metal_surface_dirty vram_addr=0x3ba1000 size=4194304 write_addr=0x3e2f340 write_len=4 is_color=1
xemu-perf: metal_surface_dirty vram_addr=0x3ba1000 size=4194304 write_addr=0x3e2f2a0 write_len=4 is_color=1
xemu-perf: metal_surface_dirty vram_addr=0x3ba1000 size=4194304 write_addr=0x3e2f2e0 write_len=4 is_color=1
xemu-perf: metal_surface_dirty vram_addr=0x3ba1000 size=4194304 write_addr=0x3e2f328 write_len=4 is_color=1
xemu-perf: metal_screenshot_written path=/tmp/task16-repro2/swizzle-mipmap/metal/screenshots/swizzle-mipmap.0154.png w=640 h=480
xemu-perf: metal_surface_dirty vram_addr=0x3ba1000 size=4194304 write_addr=0x3e2f340 write_len=4 is_color=1
xemu-perf: metal_surface_dirty vram_addr=0x3ba1000 size=4194304 write_addr=0x3e2f2a8 write_len=4 is_color=1
xemu-perf: metal_surface_dirty vram_addr=0x3ba1000 size=4194304 write_addr=0x3e2f308 write_len=4 is_color=1
xemu-perf: metal_surface_dirty vram_addr=0x3ba1000 size=4194304 write_addr=0x3e2f340 write_len=4 is_color=1
xemu-perf: metal_surface_dirty vram_addr=0x3ba1000 size=4194304 write_addr=0x3e2f2b0 write_len=4 is_color=1
xemu-perf: metal_surface_dirty vram_addr=0x3ba1000 size=4194304 write_addr=0x3e2f2d0 write_len=4 is_color=1
xemu-perf: metal_surface_dirty vram_addr=0x3ba1000 size=4194304 write_addr=0x3e2f320 write_len=4 is_color=1
xemu-perf: metal_surface_dirty vram_addr=0x3ba1000 size=4194304 write_addr=0x3e2f340 write_len=4 is_color=1
xemu-perf: metal_surface_dirty vram_addr=0x3ba1000 size=4194304 write_addr=0x3e2f2c8 write_len=4 is_color=1
xemu-perf: metal_surface_dirty vram_addr=0x3ba1000 size=4194304 write_addr=0x3e2f320 write_len=4 is_color=1
xemu-perf: metal_surface_dirty vram_addr=0x3ba1000 size=4194304 write_addr=0x3e2f340 write_len=4 is_color=1
xemu-perf: metal_surface_dirty vram_addr=0x3ba1000 size=4194304 write_addr=0x3e2f290 write_len=4 is_color=1
xemu-perf: metal_surface_dirty vram_addr=0x3ba1000 size=4194304 write_addr=0x3e2f2e8 write_len=4 is_color=1
xemu-perf: metal_surface_dirty vram_addr=0x3ba1000 size=4194304 write_addr=0x3e2f340 write_len=4 is_color=1
xemu-perf: metal_surface_dirty vram_addr=0x3ba1000 size=4194304 write_addr=0x3e2f2c8 write_len=4 is_color=1
xemu-perf: metal_surface_dirty vram_addr=0x3ba1000 size=4194304 write_addr=0x3e2f320 write_len=4 is_color=1
xemu-perf: metal_surface_dirty vram_addr=0x3ba1000 size=4194304 write_addr=0x3e2f340 write_len=4 is_color=1
xemu-perf: metal_screenshot_written path=/tmp/task16-repro2/swizzle-mipmap/metal/screenshots/swizzle-mipmap.0155.png w=640 h=480
xemu-perf: metal_surface_dirty vram_addr=0x3ba1000 size=4194304 write_addr=0x3e2f290 write_len=4 is_color=1
xemu-perf: metal_surface_dirty vram_addr=0x3ba1000 size=4194304 write_addr=0x3e2f2e0 write_len=4 is_color=1
xemu-perf: metal_surface_dirty vram_addr=0x3ba1000 size=4194304 write_addr=0x3e2f320 write_len=4 is_color=1
xemu-perf: metal_surface_dirty vram_addr=0x3ba1000 size=4194304 write_addr=0x3e2f340 write_len=4 is_color=1
xemu-perf: metal_surface_dirty vram_addr=0x3ba1000 size=4194304 write_addr=0x3e2f2b0 write_len=4 is_color=1
xemu-perf: metal_surface_dirty vram_addr=0x3ba1000 size=4194304 write_addr=0x3e2f320 write_len=4 is_color=1
xemu-perf: metal_surface_dirty vram_addr=0x3ba1000 size=4194304 write_addr=0x3e2f340 write_len=4 is_color=1
xemu-perf: metal_surface_dirty vram_addr=0x3ba1000 size=4194304 write_addr=0x3e2f2c8 write_len=4 is_color=1
xemu-perf: metal_surface_dirty vram_addr=0x3ba1000 size=4194304 write_addr=0x3e2f320 write_len=4 is_color=1
xemu-perf: metal_surface_dirty vram_addr=0x3ba1000 size=4194304 write_addr=0x3e2f340 write_len=4 is_color=1
xemu-perf: metal_surface_dirty vram_addr=0x3ba1000 size=4194304 write_addr=0x3e2f2a0 write_len=4 is_color=1
xemu-perf: metal_surface_dirty vram_addr=0x3ba1000 size=4194304 write_addr=0x3e2f2d0 write_len=4 is_color=1
xemu-perf: metal_surface_dirty vram_addr=0x3ba1000 size=4194304 write_addr=0x3e2f328 write_len=4 is_color=1
xemu-perf: metal_surface_dirty vram_addr=0x3ba1000 size=4194304 write_addr=0x3e2f340 write_len=4 is_color=1
xemu-perf: metal_screenshot_written path=/tmp/task16-repro2/swizzle-mipmap/metal/screenshots/swizzle-mipmap.0156.png w=640 h=480
xemu-perf: metal_surface_dirty vram_addr=0x3ba1000 size=4194304 write_addr=0x3e2f288 write_len=4 is_color=1
xemu-perf: metal_surface_dirty vram_addr=0x3ba1000 size=4194304 write_addr=0x3e2f2e0 write_len=4 is_color=1
xemu-perf: metal_surface_dirty vram_addr=0x3ba1000 size=4194304 write_addr=0x3e2f330 write_len=4 is_color=1
xemu-perf: metal_surface_dirty vram_addr=0x3ba1000 size=4194304 write_addr=0x3e2f340 write_len=4 is_color=1
xemu-perf: metal_surface_dirty vram_addr=0x3ba1000 size=4194304 write_addr=0x3e2f290 write_len=4 is_color=1
xemu-perf: metal_surface_dirty vram_addr=0x3ba1000 size=4194304 write_addr=0x3e2f2e0 write_len=4 is_color=1
xemu-perf: metal_surface_dirty vram_addr=0x3ba1000 size=4194304 write_addr=0x3e2f330 write_len=4 is_color=1
xemu-perf: metal_surface_dirty vram_addr=0x3ba1000 size=4194304 write_addr=0x3e2f340 write_len=4 is_color=1
xemu-perf: metal_surface_dirty vram_addr=0x3ba1000 size=4194304 write_addr=0x3e2f288 write_len=4 is_color=1
xemu-perf: metal_surface_dirty vram_addr=0x3ba1000 size=4194304 write_addr=0x3e2f2e0 write_len=4 is_color=1
xemu-perf: metal_surface_dirty vram_addr=0x3ba1000 size=4194304 write_addr=0x3e2f300 write_len=4 is_color=1
xemu-perf: metal_surface_dirty vram_addr=0x3ba1000 size=4194304 write_addr=0x3e2f340 write_len=4 is_color=1
xemu-perf: metal_surface_dirty vram_addr=0x3ba1000 size=4194304 write_addr=0x3e2f298 write_len=4 is_color=1
xemu-perf: metal_surface_dirty vram_addr=0x3ba1000 size=4194304 write_addr=0x3e2f2e0 write_len=4 is_color=1
xemu-perf: metal_surface_dirty vram_addr=0x3ba1000 size=4194304 write_addr=0x3e2f320 write_len=4 is_color=1
xemu-perf: metal_surface_dirty vram_addr=0x3ba1000 size=4194304 write_addr=0x3e2f340 write_len=4 is_color=1
xemu-perf: metal_surface_dirty vram_addr=0x3ba1000 size=4194304 write_addr=0x3e2f2a0 write_len=4 is_color=1
xemu-perf: metal_surface_dirty vram_addr=0x3ba1000 size=4194304 write_addr=0x3e2f300 write_len=4 is_color=1
xemu-perf: metal_surface_dirty vram_addr=0x3ba1000 size=4194304 write_addr=0x3e2f320 write_len=4 is_color=1
xemu-perf: metal_surface_dirty vram_addr=0x3ba1000 size=4194304 write_addr=0x3e2f340 write_len=4 is_color=1
xemu-perf: metal_surface_dirty vram_addr=0x3ba1000 size=4194304 write_addr=0x3e2f288 write_len=4 is_color=1
xemu-perf: metal_surface_dirty vram_addr=0x3ba1000 size=4194304 write_addr=0x3e2f2e8 write_len=4 is_color=1
xemu-perf: metal_surface_dirty vram_addr=0x3ba1000 size=4194304 write_addr=0x3e2f340 write_len=4 is_color=1
xemu-perf: metal_screenshot_written path=/tmp/task16-repro2/swizzle-mipmap/metal/screenshots/swizzle-mipmap.0157.png w=640 h=480
xemu-perf: metal_surface_dirty vram_addr=0x3ba1000 size=4194304 write_addr=0x3e2f2a8 write_len=4 is_color=1
xemu-perf: metal_surface_dirty vram_addr=0x3ba1000 size=4194304 write_addr=0x3e2f2e8 write_len=4 is_color=1
xemu-perf: metal_surface_dirty vram_addr=0x3ba1000 size=4194304 write_addr=0x3e2f340 write_len=4 is_color=1
xemu-perf: metal_surface_dirty vram_addr=0x3ba1000 size=4194304 write_addr=0x3e2f2c0 write_len=4 is_color=1
xemu-perf: metal_surface_dirty vram_addr=0x3ba1000 size=4194304 write_addr=0x3e2f300 write_len=4 is_color=1
xemu-perf: metal_surface_dirty vram_addr=0x3ba1000 size=4194304 write_addr=0x3e2f340 write_len=4 is_color=1
xemu-perf: metal_surface_dirty vram_addr=0x3ba1000 size=4194304 write_addr=0x3e2f290 write_len=4 is_color=1
xemu-perf: metal_surface_dirty vram_addr=0x3ba1000 size=4194304 write_addr=0x3e2f2e8 write_len=4 is_color=1
xemu-perf: metal_surface_dirty vram_addr=0x3ba1000 size=4194304 write_addr=0x3e2f340 write_len=4 is_color=1
xemu-perf: metal_surface_dirty vram_addr=0x3ba1000 size=4194304 write_addr=0x3e2f290 write_len=4 is_color=1
xemu-perf: metal_surface_dirty vram_addr=0x3ba1000 size=4194304 write_addr=0x3e2f308 write_len=4 is_color=1
xemu-perf: metal_surface_dirty vram_addr=0x3ba1000 size=4194304 write_addr=0x3e2f330 write_len=4 is_color=1
xemu-perf: metal_surface_dirty vram_addr=0x3ba1000 size=4194304 write_addr=0x3e2f340 write_len=4 is_color=1
xemu-perf: metal_screenshot_written path=/tmp/task16-repro2/swizzle-mipmap/metal/screenshots/swizzle-mipmap.0158.png w=640 h=480
xemu-perf: metal_surface_dirty vram_addr=0x3ba1000 size=4194304 write_addr=0x3e2f288 write_len=4 is_color=1
xemu-perf: metal_surface_dirty vram_addr=0x3ba1000 size=4194304 write_addr=0x3e2f2e8 write_len=4 is_color=1
xemu-perf: metal_surface_dirty vram_addr=0x3ba1000 size=4194304 write_addr=0x3e2f340 write_len=4 is_color=1
xemu-perf: metal_surface_dirty vram_addr=0x3ba1000 size=4194304 write_addr=0x3e2f2c8 write_len=4 is_color=1
xemu-perf: metal_surface_dirty vram_addr=0x3ba1000 size=4194304 write_addr=0x3e2f320 write_len=4 is_color=1
xemu-perf: metal_surface_dirty vram_addr=0x3ba1000 size=4194304 write_addr=0x3e2f340 write_len=4 is_color=1
xemu-perf: metal_surface_dirty vram_addr=0x3ba1000 size=4194304 write_addr=0x3e2f2c0 write_len=4 is_color=1
xemu-perf: metal_surface_dirty vram_addr=0x3ba1000 size=4194304 write_addr=0x3e2f300 write_len=4 is_color=1
xemu-perf: metal_surface_dirty vram_addr=0x3ba1000 size=4194304 write_addr=0x3e2f340 write_len=4 is_color=1
xemu-perf: metal_surface_dirty vram_addr=0x3ba1000 size=4194304 write_addr=0x3e2f2a0 write_len=4 is_color=1
xemu-perf: metal_surface_dirty vram_addr=0x3ba1000 size=4194304 write_addr=0x3e2f2e8 write_len=4 is_color=1
xemu-perf: metal_surface_dirty vram_addr=0x3ba1000 size=4194304 write_addr=0x3e2f340 write_len=4 is_color=1
xemu-perf: metal_surface_dirty vram_addr=0x3ba1000 size=4194304 write_addr=0x3e2f2c8 write_len=4 is_color=1
xemu-perf: metal_surface_dirty vram_addr=0x3ba1000 size=4194304 write_addr=0x3e2f320 write_len=4 is_color=1
xemu-perf: metal_surface_dirty vram_addr=0x3ba1000 size=4194304 write_addr=0x3e2f340 write_len=4 is_color=1
xemu-perf: metal_surface_dirty vram_addr=0x3ba1000 size=4194304 write_addr=0x3e2f2c0 write_len=4 is_color=1
xemu-perf: metal_surface_dirty vram_addr=0x3ba1000 size=4194304 write_addr=0x3e2f320 write_len=4 is_color=1
xemu-perf: metal_surface_dirty vram_addr=0x3ba1000 size=4194304 write_addr=0x3e2f340 write_len=4 is_color=1
xemu-perf: metal_screenshot_written path=/tmp/task16-repro2/swizzle-mipmap/metal/screenshots/swizzle-mipmap.0159.png w=640 h=480
xemu-perf: metal_surface_dirty vram_addr=0x3ba1000 size=4194304 write_addr=0x3e2f2c0 write_len=4 is_color=1
xemu-perf: metal_surface_dirty vram_addr=0x3ba1000 size=4194304 write_addr=0x3e2f300 write_len=4 is_color=1
xemu-perf: metal_surface_dirty vram_addr=0x3ba1000 size=4194304 write_addr=0x3e2f340 write_len=4 is_color=1
xemu-perf: metal_surface_dirty vram_addr=0x3ba1000 size=4194304 write_addr=0x3e2f298 write_len=4 is_color=1
xemu-perf: metal_surface_dirty vram_addr=0x3ba1000 size=4194304 write_addr=0x3e2f2e0 write_len=4 is_color=1
xemu-perf: metal_surface_dirty vram_addr=0x3ba1000 size=4194304 write_addr=0x3e2f328 write_len=4 is_color=1
xemu-perf: metal_surface_dirty vram_addr=0x3ba1000 size=4194304 write_addr=0x3e2f340 write_len=4 is_color=1
xemu-perf: metal_surface_dirty vram_addr=0x3ba1000 size=4194304 write_addr=0x3e2f280 write_len=4 is_color=1
xemu-perf: metal_surface_dirty vram_addr=0x3ba1000 size=4194304 write_addr=0x3e2f2c0 write_len=4 is_color=1
xemu-perf: metal_surface_dirty vram_addr=0x3ba1000 size=4194304 write_addr=0x3e2f300 write_len=4 is_color=1
xemu-perf: metal_surface_dirty vram_addr=0x3ba1000 size=4194304 write_addr=0x3e2f340 write_len=4 is_color=1
xemu-perf: metal_surface_dirty vram_addr=0x3ba1000 size=4194304 write_addr=0x3e2f2c8 write_len=4 is_color=1
xemu-perf: metal_surface_dirty vram_addr=0x3ba1000 size=4194304 write_addr=0x3e2f314 write_len=4 is_color=1
xemu-perf: metal_surface_dirty vram_addr=0x3ba1000 size=4194304 write_addr=0x3e2f340 write_len=4 is_color=1
xemu-perf: metal_screenshot_written path=/tmp/task16-repro2/swizzle-mipmap/metal/screenshots/swizzle-mipmap.0160.png w=640 h=480
xemu-perf: metal_surface_dirty vram_addr=0x3ba1000 size=4194304 write_addr=0x3e2f280 write_len=4 is_color=1
xemu-perf: metal_surface_dirty vram_addr=0x3ba1000 size=4194304 write_addr=0x3e2f2d0 write_len=4 is_color=1
xemu-perf: metal_surface_dirty vram_addr=0x3ba1000 size=4194304 write_addr=0x3e2f328 write_len=4 is_color=1
xemu-perf: metal_surface_dirty vram_addr=0x3ba1000 size=4194304 write_addr=0x3e2f340 write_len=4 is_color=1
xemu-perf: metal_surface_dirty vram_addr=0x3ba1000 size=4194304 write_addr=0x3e2f2a0 write_len=4 is_color=1
xemu-perf: metal_surface_dirty vram_addr=0x3ba1000 size=4194304 write_addr=0x3e2f2f4 write_len=4 is_color=1
xemu-perf: metal_surface_dirty vram_addr=0x3ba1000 size=4194304 write_addr=0x3e2f340 write_len=4 is_color=1
xemu-perf: metal_surface_dirty vram_addr=0x3ba1000 size=4194304 write_addr=0x3e2f288 write_len=4 is_color=1
xemu-perf: metal_surface_dirty vram_addr=0x3ba1000 size=4194304 write_addr=0x3e2f2e8 write_len=4 is_color=1
xemu-perf: metal_surface_dirty vram_addr=0x3ba1000 size=4194304 write_addr=0x3e2f340 write_len=4 is_color=1
xemu-perf: metal_surface_dirty vram_addr=0x3ba1000 size=4194304 write_addr=0x3e2f290 write_len=4 is_color=1
xemu-perf: metal_surface_dirty vram_addr=0x3ba1000 size=4194304 write_addr=0x3e2f2e0 write_len=4 is_color=1
xemu-perf: metal_surface_dirty vram_addr=0x3ba1000 size=4194304 write_addr=0x3e2f308 write_len=4 is_color=1
xemu-perf: metal_surface_dirty vram_addr=0x3ba1000 size=4194304 write_addr=0x3e2f340 write_len=4 is_color=1
xemu-perf: metal_surface_dirty vram_addr=0x3ba1000 size=4194304 write_addr=0x3e2f2bc write_len=4 is_color=1
xemu-perf: metal_surface_dirty vram_addr=0x3ba1000 size=4194304 write_addr=0x3e2f2e0 write_len=4 is_color=1
xemu-perf: metal_surface_dirty vram_addr=0x3ba1000 size=4194304 write_addr=0x3e2f320 write_len=4 is_color=1
xemu-perf: metal_surface_dirty vram_addr=0x3ba1000 size=4194304 write_addr=0x3e2f340 write_len=4 is_color=1
xemu-perf: metal_surface_dirty vram_addr=0x3ba1000 size=4194304 write_addr=0x3e2f288 write_len=4 is_color=1
xemu-perf: metal_surface_dirty vram_addr=0x3ba1000 size=4194304 write_addr=0x3e2f2e8 write_len=4 is_color=1
xemu-perf: metal_surface_dirty vram_addr=0x3ba1000 size=4194304 write_addr=0x3e2f308 write_len=4 is_color=1
xemu-perf: metal_surface_dirty vram_addr=0x3ba1000 size=4194304 write_addr=0x3e2f340 write_len=4 is_color=1
xemu-perf: metal_screenshot_written path=/tmp/task16-repro2/swizzle-mipmap/metal/screenshots/swizzle-mipmap.0161.png w=640 h=480
xemu-perf: metal_surface_dirty vram_addr=0x3ba1000 size=4194304 write_addr=0x3e2f290 write_len=4 is_color=1
xemu-perf: metal_surface_dirty vram_addr=0x3ba1000 size=4194304 write_addr=0x3e2f2e0 write_len=4 is_color=1
xemu-perf: metal_surface_dirty vram_addr=0x3ba1000 size=4194304 write_addr=0x3e2f328 write_len=4 is_color=1
xemu-perf: metal_surface_dirty vram_addr=0x3ba1000 size=4194304 write_addr=0x3e2f340 write_len=4 is_color=1
xemu-perf: metal_surface_dirty vram_addr=0x3ba1000 size=4194304 write_addr=0x3e2f2a8 write_len=4 is_color=1
xemu-perf: metal_surface_dirty vram_addr=0x3ba1000 size=4194304 write_addr=0x3e2f308 write_len=4 is_color=1
xemu-perf: metal_surface_dirty vram_addr=0x3ba1000 size=4194304 write_addr=0x3e2f340 write_len=4 is_color=1
xemu-perf: metal_surface_dirty vram_addr=0x3ba1000 size=4194304 write_addr=0x3e2f2c0 write_len=4 is_color=1
xemu-perf: metal_surface_dirty vram_addr=0x3ba1000 size=4194304 write_addr=0x3e2f308 write_len=4 is_color=1
xemu-perf: metal_surface_dirty vram_addr=0x3ba1000 size=4194304 write_addr=0x3e2f340 write_len=4 is_color=1
xemu-perf: metal_surface_dirty vram_addr=0x3ba1000 size=4194304 write_addr=0x3e2f2c8 write_len=4 is_color=1
xemu-perf: metal_surface_dirty vram_addr=0x3ba1000 size=4194304 write_addr=0x3e2f318 write_len=4 is_color=1
xemu-perf: metal_surface_dirty vram_addr=0x3ba1000 size=4194304 write_addr=0x3e2f340 write_len=4 is_color=1
xemu-perf: metal_screenshot_written path=/tmp/task16-repro2/swizzle-mipmap/metal/screenshots/swizzle-mipmap.0162.png w=640 h=480
xemu-perf: metal_surface_dirty vram_addr=0x3ba1000 size=4194304 write_addr=0x3e2f28c write_len=4 is_color=1
xemu-perf: metal_surface_dirty vram_addr=0x3ba1000 size=4194304 write_addr=0x3e2f2e0 write_len=4 is_color=1
xemu-perf: metal_surface_dirty vram_addr=0x3ba1000 size=4194304 write_addr=0x3e2f338 write_len=4 is_color=1
xemu-perf: metal_surface_dirty vram_addr=0x3ba1000 size=4194304 write_addr=0x3e2f340 write_len=4 is_color=1
xemu-perf: metal_surface_dirty vram_addr=0x3ba1000 size=4194304 write_addr=0x3e2f288 write_len=4 is_color=1
xemu-perf: metal_surface_dirty vram_addr=0x3ba1000 size=4194304 write_addr=0x3e2f2e8 write_len=4 is_color=1
xemu-perf: metal_surface_dirty vram_addr=0x3ba1000 size=4194304 write_addr=0x3e2f340 write_len=4 is_color=1
xemu-perf: metal_surface_dirty vram_addr=0x3ba1000 size=4194304 write_addr=0x3e2f290 write_len=4 is_color=1
xemu-perf: metal_surface_dirty vram_addr=0x3ba1000 size=4194304 write_addr=0x3e2f2e0 write_len=4 is_color=1
xemu-perf: metal_surface_dirty vram_addr=0x3ba1000 size=4194304 write_addr=0x3e2f340 write_len=4 is_color=1
xemu-perf: metal_surface_dirty vram_addr=0x3ba1000 size=4194304 write_addr=0x3e2f290 write_len=4 is_color=1
xemu-perf: metal_surface_dirty vram_addr=0x3ba1000 size=4194304 write_addr=0x3e2f2e8 write_len=4 is_color=1
xemu-perf: metal_surface_dirty vram_addr=0x3ba1000 size=4194304 write_addr=0x3e2f340 write_len=4 is_color=1
xemu-perf: metal_surface_dirty vram_addr=0x3ba1000 size=4194304 write_addr=0x3e2f280 write_len=4 is_color=1
xemu-perf: metal_surface_dirty vram_addr=0x3ba1000 size=4194304 write_addr=0x3e2f2e8 write_len=4 is_color=1
xemu-perf: metal_surface_dirty vram_addr=0x3ba1000 size=4194304 write_addr=0x3e2f334 write_len=4 is_color=1
xemu-perf: metal_surface_dirty vram_addr=0x3ba1000 size=4194304 write_addr=0x3e2f340 write_len=4 is_color=1
xemu-perf: metal_surface_dirty vram_addr=0x3ba1000 size=4194304 write_addr=0x3e2f280 write_len=4 is_color=1
xemu-perf: metal_surface_dirty vram_addr=0x3ba1000 size=4194304 write_addr=0x3e2f2c8 write_len=4 is_color=1
xemu-perf: metal_surface_dirty vram_addr=0x3ba1000 size=4194304 write_addr=0x3e2f340 write_len=4 is_color=1
xemu-perf: metal_screenshot_written path=/tmp/task16-repro2/swizzle-mipmap/metal/screenshots/swizzle-mipmap.0163.png w=640 h=480
xemu-perf: metal_surface_dirty vram_addr=0x3ba1000 size=4194304 write_addr=0x3e2f2a8 write_len=4 is_color=1
xemu-perf: metal_surface_dirty vram_addr=0x3ba1000 size=4194304 write_addr=0x3e2f2e8 write_len=4 is_color=1
xemu-perf: metal_surface_dirty vram_addr=0x3ba1000 size=4194304 write_addr=0x3e2f330 write_len=4 is_color=1
xemu-perf: metal_surface_dirty vram_addr=0x3ba1000 size=4194304 write_addr=0x3e2f340 write_len=4 is_color=1
xemu-perf: metal_surface_dirty vram_addr=0x3ba1000 size=4194304 write_addr=0x3e2f290 write_len=4 is_color=1
xemu-perf: metal_surface_dirty vram_addr=0x3ba1000 size=4194304 write_addr=0x3e2f2c8 write_len=4 is_color=1
xemu-perf: metal_surface_dirty vram_addr=0x3ba1000 size=4194304 write_addr=0x3e2f320 write_len=4 is_color=1
xemu-perf: metal_surface_dirty vram_addr=0x3ba1000 size=4194304 write_addr=0x3e2f340 write_len=4 is_color=1
xemu-perf: metal_surface_dirty vram_addr=0x3ba1000 size=4194304 write_addr=0x3e2f2c8 write_len=4 is_color=1
xemu-perf: metal_surface_dirty vram_addr=0x3ba1000 size=4194304 write_addr=0x3e2f2f0 write_len=4 is_color=1
xemu-perf: metal_surface_dirty vram_addr=0x3ba1000 size=4194304 write_addr=0x3e2f340 write_len=4 is_color=1
xemu-perf: metal_surface_dirty vram_addr=0x3ba1000 size=4194304 write_addr=0x3e2f290 write_len=4 is_color=1
xemu-perf: metal_surface_dirty vram_addr=0x3ba1000 size=4194304 write_addr=0x3e2f2c8 write_len=4 is_color=1
xemu-perf: metal_surface_dirty vram_addr=0x3ba1000 size=4194304 write_addr=0x3e2f328 write_len=4 is_color=1
xemu-perf: metal_surface_dirty vram_addr=0x3ba1000 size=4194304 write_addr=0x3e2f340 write_len=4 is_color=1
xemu-perf: metal_screenshot_written path=/tmp/task16-repro2/swizzle-mipmap/metal/screenshots/swizzle-mipmap.0164.png w=640 h=480
xemu-perf: metal_surface_dirty vram_addr=0x3ba1000 size=4194304 write_addr=0x3e2f280 write_len=4 is_color=1
xemu-perf: metal_surface_dirty vram_addr=0x3ba1000 size=4194304 write_addr=0x3e2f2d0 write_len=4 is_color=1
xemu-perf: metal_surface_dirty vram_addr=0x3ba1000 size=4194304 write_addr=0x3e2f320 write_len=4 is_color=1
xemu-perf: metal_surface_dirty vram_addr=0x3ba1000 size=4194304 write_addr=0x3e2f340 write_len=4 is_color=1
xemu-perf: metal_surface_dirty vram_addr=0x3ba1000 size=4194304 write_addr=0x3e2f290 write_len=4 is_color=1
xemu-perf: metal_surface_dirty vram_addr=0x3ba1000 size=4194304 write_addr=0x3e2f2e0 write_len=4 is_color=1
xemu-perf: metal_surface_dirty vram_addr=0x3ba1000 size=4194304 write_addr=0x3e2f340 write_len=4 is_color=1
xemu-perf: metal_surface_dirty vram_addr=0x3ba1000 size=4194304 write_addr=0x3e2f288 write_len=4 is_color=1
xemu-perf: metal_surface_dirty vram_addr=0x3ba1000 size=4194304 write_addr=0x3e2f2e0 write_len=4 is_color=1
xemu-perf: metal_surface_dirty vram_addr=0x3ba1000 size=4194304 write_addr=0x3e2f340 write_len=4 is_color=1
xemu-perf: metal_surface_dirty vram_addr=0x3ba1000 size=4194304 write_addr=0x3e2f2a0 write_len=4 is_color=1
xemu-perf: metal_surface_dirty vram_addr=0x3ba1000 size=4194304 write_addr=0x3e2f2dc write_len=4 is_color=1
xemu-perf: metal_surface_dirty vram_addr=0x3ba1000 size=4194304 write_addr=0x3e2f308 write_len=4 is_color=1
xemu-perf: metal_surface_dirty vram_addr=0x3ba1000 size=4194304 write_addr=0x3e2f340 write_len=4 is_color=1
xemu-perf: metal_surface_dirty vram_addr=0x3ba1000 size=4194304 write_addr=0x3e2f2a8 write_len=4 is_color=1
xemu-perf: metal_surface_dirty vram_addr=0x3ba1000 size=4194304 write_addr=0x3e2f2d0 write_len=4 is_color=1
xemu-perf: metal_surface_dirty vram_addr=0x3ba1000 size=4194304 write_addr=0x3e2f320 write_len=4 is_color=1
xemu-perf: metal_surface_dirty vram_addr=0x3ba1000 size=4194304 write_addr=0x3e2f340 write_len=4 is_color=1
xemu-perf: metal_surface_dirty vram_addr=0x3ba1000 size=4194304 write_addr=0x3e2f290 write_len=4 is_color=1
xemu-perf: metal_surface_dirty vram_addr=0x3ba1000 size=4194304 write_addr=0x3e2f2e0 write_len=4 is_color=1
xemu-perf: metal_surface_dirty vram_addr=0x3ba1000 size=4194304 write_addr=0x3e2f340 write_len=4 is_color=1
xemu-perf: metal_screenshot_written path=/tmp/task16-repro2/swizzle-mipmap/metal/screenshots/swizzle-mipmap.0165.png w=640 h=480
xemu-perf: metal_surface_dirty vram_addr=0x3ba1000 size=4194304 write_addr=0x3e2f290 write_len=4 is_color=1
xemu-perf: metal_surface_dirty vram_addr=0x3ba1000 size=4194304 write_addr=0x3e2f2e8 write_len=4 is_color=1
xemu-perf: metal_surface_dirty vram_addr=0x3ba1000 size=4194304 write_addr=0x3e2f340 write_len=4 is_color=1
xemu-perf: metal_surface_dirty vram_addr=0x3ba1000 size=4194304 write_addr=0x3e2f280 write_len=4 is_color=1
xemu-perf: metal_surface_dirty vram_addr=0x3ba1000 size=4194304 write_addr=0x3e2f2c8 write_len=4 is_color=1
xemu-perf: metal_surface_dirty vram_addr=0x3ba1000 size=4194304 write_addr=0x3e2f328 write_len=4 is_color=1
xemu-perf: metal_surface_dirty vram_addr=0x3ba1000 size=4194304 write_addr=0x3e2f340 write_len=4 is_color=1
xemu-perf: metal_surface_dirty vram_addr=0x3ba1000 size=4194304 write_addr=0x3e2f2c8 write_len=4 is_color=1
xemu-perf: metal_surface_dirty vram_addr=0x3ba1000 size=4194304 write_addr=0x3e2f2e8 write_len=4 is_color=1
xemu-perf: metal_surface_dirty vram_addr=0x3ba1000 size=4194304 write_addr=0x3e2f308 write_len=4 is_color=1
xemu-perf: metal_surface_dirty vram_addr=0x3ba1000 size=4194304 write_addr=0x3e2f340 write_len=4 is_color=1
xemu-perf: metal_surface_dirty vram_addr=0x3ba1000 size=4194304 write_addr=0x3e2f2b8 write_len=4 is_color=1
xemu-perf: metal_surface_dirty vram_addr=0x3ba1000 size=4194304 write_addr=0x3e2f2e8 write_len=4 is_color=1
xemu-perf: metal_surface_dirty vram_addr=0x3ba1000 size=4194304 write_addr=0x3e2f340 write_len=4 is_color=1
xemu-perf: metal_screenshot_written path=/tmp/task16-repro2/swizzle-mipmap/metal/screenshots/swizzle-mipmap.0166.png w=640 h=480
xemu-perf: metal_surface_dirty vram_addr=0x3ba1000 size=4194304 write_addr=0x3e2f288 write_len=4 is_color=1
xemu-perf: metal_surface_dirty vram_addr=0x3ba1000 size=4194304 write_addr=0x3e2f2e8 write_len=4 is_color=1
xemu-perf: metal_surface_dirty vram_addr=0x3ba1000 size=4194304 write_addr=0x3e2f340 write_len=4 is_color=1
xemu-perf: metal_surface_dirty vram_addr=0x3ba1000 size=4194304 write_addr=0x3e2f2c8 write_len=4 is_color=1
xemu-perf: metal_surface_dirty vram_addr=0x3ba1000 size=4194304 write_addr=0x3e2f320 write_len=4 is_color=1
xemu-perf: metal_surface_dirty vram_addr=0x3ba1000 size=4194304 write_addr=0x3e2f340 write_len=4 is_color=1
xemu-perf: metal_surface_dirty vram_addr=0x3ba1000 size=4194304 write_addr=0x3e2f2a8 write_len=4 is_color=1
xemu-perf: metal_surface_dirty vram_addr=0x3ba1000 size=4194304 write_addr=0x3e2f2f0 write_len=4 is_color=1
xemu-perf: metal_surface_dirty vram_addr=0x3ba1000 size=4194304 write_addr=0x3e2f340 write_len=4 is_color=1
xemu-perf: metal_surface_dirty vram_addr=0x3ba1000 size=4194304 write_addr=0x3e2f290 write_len=4 is_color=1
xemu-perf: metal_surface_dirty vram_addr=0x3ba1000 size=4194304 write_addr=0x3e2f2e8 write_len=4 is_color=1
xemu-perf: metal_surface_dirty vram_addr=0x3ba1000 size=4194304 write_addr=0x3e2f340 write_len=4 is_color=1
xemu-perf: metal_surface_dirty vram_addr=0x3ba1000 size=4194304 write_addr=0x3e2f290 write_len=4 is_color=1
xemu-perf: metal_surface_dirty vram_addr=0x3ba1000 size=4194304 write_addr=0x3e2f2d0 write_len=4 is_color=1
xemu-perf: metal_surface_dirty vram_addr=0x3ba1000 size=4194304 write_addr=0x3e2f308 write_len=4 is_color=1
xemu-perf: metal_surface_dirty vram_addr=0x3ba1000 size=4194304 write_addr=0x3e2f340 write_len=4 is_color=1
xemu-perf: metal_surface_dirty vram_addr=0x3ba1000 size=4194304 write_addr=0x3e2f2b0 write_len=4 is_color=1
xemu-perf: metal_surface_dirty vram_addr=0x3ba1000 size=4194304 write_addr=0x3e2f2c8 write_len=4 is_color=1
xemu-perf: metal_surface_dirty vram_addr=0x3ba1000 size=4194304 write_addr=0x3e2f320 write_len=4 is_color=1
xemu-perf: metal_surface_dirty vram_addr=0x3ba1000 size=4194304 write_addr=0x3e2f340 write_len=4 is_color=1
xemu-perf: metal_screenshot_written path=/tmp/task16-repro2/swizzle-mipmap/metal/screenshots/swizzle-mipmap.0167.png w=640 h=480
xemu-perf: metal_surface_dirty vram_addr=0x3ba1000 size=4194304 write_addr=0x3e2f288 write_len=4 is_color=1
xemu-perf: metal_surface_dirty vram_addr=0x3ba1000 size=4194304 write_addr=0x3e2f2e8 write_len=4 is_color=1
xemu-perf: metal_surface_dirty vram_addr=0x3ba1000 size=4194304 write_addr=0x3e2f340 write_len=4 is_color=1
xemu-perf: metal_surface_dirty vram_addr=0x3ba1000 size=4194304 write_addr=0x3e2f2a0 write_len=4 is_color=1
xemu-perf: metal_surface_dirty vram_addr=0x3ba1000 size=4194304 write_addr=0x3e2f2e0 write_len=4 is_color=1
xemu-perf: metal_surface_dirty vram_addr=0x3ba1000 size=4194304 write_addr=0x3e2f328 write_len=4 is_color=1
xemu-perf: metal_surface_dirty vram_addr=0x3ba1000 size=4194304 write_addr=0x3e2f340 write_len=4 is_color=1
xemu-perf: metal_surface_dirty vram_addr=0x3ba1000 size=4194304 write_addr=0x3e2f2a0 write_len=4 is_color=1
xemu-perf: metal_surface_dirty vram_addr=0x3ba1000 size=4194304 write_addr=0x3e2f2e0 write_len=4 is_color=1
xemu-perf: metal_surface_dirty vram_addr=0x3ba1000 size=4194304 write_addr=0x3e2f328 write_len=4 is_color=1
xemu-perf: metal_surface_dirty vram_addr=0x3ba1000 size=4194304 write_addr=0x3e2f340 write_len=4 is_color=1
xemu-perf: metal_surface_dirty vram_addr=0x3ba1000 size=4194304 write_addr=0x3e2f290 write_len=4 is_color=1
xemu-perf: metal_surface_dirty vram_addr=0x3ba1000 size=4194304 write_addr=0x3e2f2cc write_len=4 is_color=1
xemu-perf: metal_surface_dirty vram_addr=0x3ba1000 size=4194304 write_addr=0x3e2f328 write_len=4 is_color=1
xemu-perf: metal_surface_dirty vram_addr=0x3ba1000 size=4194304 write_addr=0x3e2f340 write_len=4 is_color=1
xemu-perf: metal_surface_dirty vram_addr=0x3ba1000 size=4194304 write_addr=0x3e2f2a8 write_len=4 is_color=1
xemu-perf: metal_surface_dirty vram_addr=0x3ba1000 size=4194304 write_addr=0x3e2f2e0 write_len=4 is_color=1
xemu-perf: metal_screenshot_written path=/tmp/task16-repro2/swizzle-mipmap/metal/screenshots/swizzle-mipmap.0168.png w=640 h=480
xemu-perf: metal_surface_dirty vram_addr=0x3ba1000 size=4194304 write_addr=0x3e2f320 write_len=4 is_color=1
xemu-perf: metal_surface_dirty vram_addr=0x3ba1000 size=4194304 write_addr=0x3e2f340 write_len=4 is_color=1
xemu-perf: metal_surface_dirty vram_addr=0x3ba1000 size=4194304 write_addr=0x3e2f2c0 write_len=4 is_color=1
xemu-perf: metal_surface_dirty vram_addr=0x3ba1000 size=4194304 write_addr=0x3e2f300 write_len=4 is_color=1
xemu-perf: metal_surface_dirty vram_addr=0x3ba1000 size=4194304 write_addr=0x3e2f340 write_len=4 is_color=1
xemu-perf: metal_surface_dirty vram_addr=0x3ba1000 size=4194304 write_addr=0x3e2f298 write_len=4 is_color=1
xemu-perf: metal_surface_dirty vram_addr=0x3ba1000 size=4194304 write_addr=0x3e2f2d0 write_len=4 is_color=1
xemu-perf: metal_surface_dirty vram_addr=0x3ba1000 size=4194304 write_addr=0x3e2f320 write_len=4 is_color=1
xemu-perf: metal_surface_dirty vram_addr=0x3ba1000 size=4194304 write_addr=0x3e2f340 write_len=4 is_color=1
xemu-perf: metal_surface_dirty vram_addr=0x3ba1000 size=4194304 write_addr=0x3e2f290 write_len=4 is_color=1
xemu-perf: metal_surface_dirty vram_addr=0x3ba1000 size=4194304 write_addr=0x3e2f2e0 write_len=4 is_color=1
xemu-perf: metal_surface_dirty vram_addr=0x3ba1000 size=4194304 write_addr=0x3e2f328 write_len=4 is_color=1
xemu-perf: metal_surface_dirty vram_addr=0x3ba1000 size=4194304 write_addr=0x3e2f340 write_len=4 is_color=1
xemu-perf: metal_surface_dirty vram_addr=0x3ba1000 size=4194304 write_addr=0x3e2f280 write_len=4 is_color=1
xemu-perf: metal_surface_dirty vram_addr=0x3ba1000 size=4194304 write_addr=0x3e2f2c0 write_len=4 is_color=1
xemu-perf: metal_surface_dirty vram_addr=0x3ba1000 size=4194304 write_addr=0x3e2f308 write_len=4 is_color=1
xemu-perf: metal_surface_dirty vram_addr=0x3ba1000 size=4194304 write_addr=0x3e2f340 write_len=4 is_color=1
xemu-perf: metal_surface_dirty vram_addr=0x3ba1000 size=4194304 write_addr=0x3e2f290 write_len=4 is_color=1
xemu-perf: metal_surface_dirty vram_addr=0x3ba1000 size=4194304 write_addr=0x3e2f2f0 write_len=4 is_color=1
xemu-perf: metal_surface_dirty vram_addr=0x3ba1000 size=4194304 write_addr=0x3e2f340 write_len=4 is_color=1
xemu-perf: metal_screenshot_written path=/tmp/task16-repro2/swizzle-mipmap/metal/screenshots/swizzle-mipmap.0169.png w=640 h=480
xemu-perf: metal_surface_dirty vram_addr=0x3ba1000 size=4194304 write_addr=0x3e2f290 write_len=4 is_color=1
xemu-perf: metal_surface_dirty vram_addr=0x3ba1000 size=4194304 write_addr=0x3e2f2e8 write_len=4 is_color=1
xemu-perf: metal_surface_dirty vram_addr=0x3ba1000 size=4194304 write_addr=0x3e2f340 write_len=4 is_color=1
xemu-perf: metal_surface_dirty vram_addr=0x3ba1000 size=4194304 write_addr=0x3e2f290 write_len=4 is_color=1
xemu-perf: metal_surface_dirty vram_addr=0x3ba1000 size=4194304 write_addr=0x3e2f2e0 write_len=4 is_color=1
xemu-perf: metal_surface_dirty vram_addr=0x3ba1000 size=4194304 write_addr=0x3e2f320 write_len=4 is_color=1
xemu-perf: metal_surface_dirty vram_addr=0x3ba1000 size=4194304 write_addr=0x3e2f340 write_len=4 is_color=1
xemu-perf: metal_surface_dirty vram_addr=0x3ba1000 size=4194304 write_addr=0x3e2f290 write_len=4 is_color=1
xemu-perf: metal_surface_dirty vram_addr=0x3ba1000 size=4194304 write_addr=0x3e2f2e8 write_len=4 is_color=1
xemu-perf: metal_surface_dirty vram_addr=0x3ba1000 size=4194304 write_addr=0x3e2f340 write_len=4 is_color=1
xemu-perf: metal_surface_dirty vram_addr=0x3ba1000 size=4194304 write_addr=0x3e2f2a0 write_len=4 is_color=1
xemu-perf: metal_surface_dirty vram_addr=0x3ba1000 size=4194304 write_addr=0x3e2f2c8 write_len=4 is_color=1
xemu-perf: metal_surface_dirty vram_addr=0x3ba1000 size=4194304 write_addr=0x3e2f320 write_len=4 is_color=1
xemu-perf: metal_surface_dirty vram_addr=0x3ba1000 size=4194304 write_addr=0x3e2f340 write_len=4 is_color=1
xemu-perf: metal_screenshot_written path=/tmp/task16-repro2/swizzle-mipmap/metal/screenshots/swizzle-mipmap.0170.png w=640 h=480
xemu-perf: metal_surface_dirty vram_addr=0x3ba1000 size=4194304 write_addr=0x3e2f280 write_len=4 is_color=1
xemu-perf: metal_surface_dirty vram_addr=0x3ba1000 size=4194304 write_addr=0x3e2f2c8 write_len=4 is_color=1
xemu-perf: metal_surface_dirty vram_addr=0x3ba1000 size=4194304 write_addr=0x3e2f338 write_len=4 is_color=1
xemu-perf: metal_surface_dirty vram_addr=0x3ba1000 size=4194304 write_addr=0x3e2f340 write_len=4 is_color=1
xemu-perf: metal_surface_dirty vram_addr=0x3ba1000 size=4194304 write_addr=0x3e2f2c8 write_len=4 is_color=1
xemu-perf: metal_surface_dirty vram_addr=0x3ba1000 size=4194304 write_addr=0x3e2f320 write_len=4 is_color=1
xemu-perf: metal_surface_dirty vram_addr=0x3ba1000 size=4194304 write_addr=0x3e2f340 write_len=4 is_color=1
xemu-perf: metal_surface_dirty vram_addr=0x3ba1000 size=4194304 write_addr=0x3e2f2a0 write_len=4 is_color=1
xemu-perf: metal_surface_dirty vram_addr=0x3ba1000 size=4194304 write_addr=0x3e2f2e8 write_len=4 is_color=1
xemu-perf: metal_surface_dirty vram_addr=0x3ba1000 size=4194304 write_addr=0x3e2f340 write_len=4 is_color=1
xemu-perf: metal_surface_dirty vram_addr=0x3ba1000 size=4194304 write_addr=0x3e2f288 write_len=4 is_color=1
xemu-perf: metal_surface_dirty vram_addr=0x3ba1000 size=4194304 write_addr=0x3e2f2e0 write_len=4 is_color=1
xemu-perf: metal_surface_dirty vram_addr=0x3ba1000 size=4194304 write_addr=0x3e2f320 write_len=4 is_color=1
xemu-perf: metal_surface_dirty vram_addr=0x3ba1000 size=4194304 write_addr=0x3e2f340 write_len=4 is_color=1
xemu-perf: metal_screenshot_written path=/tmp/task16-repro2/swizzle-mipmap/metal/screenshots/swizzle-mipmap.0171.png w=640 h=480
xemu-perf: metal_screenshot_written path=/tmp/task16-repro2/swizzle-mipmap/metal/screenshots/swizzle-mipmap.0172.png w=640 h=480
xemu-perf: metal_screenshot_written path=/tmp/task16-repro2/swizzle-mipmap/metal/screenshots/swizzle-mipmap.0173.png w=640 h=480
xemu-perf: metal_screenshot_written path=/tmp/task16-repro2/swizzle-mipmap/metal/screenshots/swizzle-mipmap.0174.png w=640 h=480
xemu-perf: metal_screenshot_written path=/tmp/task16-repro2/swizzle-mipmap/metal/screenshots/swizzle-mipmap.0175.png w=640 h=480
xemu-perf: metal_screenshot_written path=/tmp/task16-repro2/swizzle-mipmap/metal/screenshots/swizzle-mipmap.0176.png w=640 h=480
xemu-perf: metal_screenshot_written path=/tmp/task16-repro2/swizzle-mipmap/metal/screenshots/swizzle-mipmap.0177.png w=640 h=480
xemu-perf: metal_screenshot_written path=/tmp/task16-repro2/swizzle-mipmap/metal/screenshots/swizzle-mipmap.0178.png w=640 h=480
xemu-perf: metal_screenshot_written path=/tmp/task16-repro2/swizzle-mipmap/metal/screenshots/swizzle-mipmap.0179.png w=640 h=480
xemu-perf: metal_screenshot_written path=/tmp/task16-repro2/swizzle-mipmap/metal/screenshots/swizzle-mipmap.0180.png w=640 h=480
xemu-perf: metal_screenshot_written path=/tmp/task16-repro2/swizzle-mipmap/metal/screenshots/swizzle-mipmap.0181.png w=640 h=480
xemu-perf: metal_screenshot_written path=/tmp/task16-repro2/swizzle-mipmap/metal/screenshots/swizzle-mipmap.0182.png w=640 h=480
xemu-perf: metal_screenshot_written path=/tmp/task16-repro2/swizzle-mipmap/metal/screenshots/swizzle-mipmap.0183.png w=640 h=480
xemu-perf: metal_screenshot_written path=/tmp/task16-repro2/swizzle-mipmap/metal/screenshots/swizzle-mipmap.0184.png w=640 h=480
xemu-perf: metal_screenshot_written path=/tmp/task16-repro2/swizzle-mipmap/metal/screenshots/swizzle-mipmap.0185.png w=640 h=480
xemu-perf: metal_screenshot_written path=/tmp/task16-repro2/swizzle-mipmap/metal/screenshots/swizzle-mipmap.0186.png w=640 h=480
xemu-perf: metal_surface_dirty vram_addr=0x2454000 size=4194304 write_addr=0x2555548 write_len=4 is_color=0
xemu-perf: metal_screenshot_written path=/tmp/task16-repro2/swizzle-mipmap/metal/screenshots/swizzle-mipmap.0187.png w=640 h=480
xemu-perf: metal_surface_dirty vram_addr=0x3aa8000 size=1228800 write_addr=0x3aa8000 write_len=4 is_color=1
xemu-perf: metal_surface_dirty vram_addr=0x3bd4000 size=1228800 write_addr=0x3bd4000 write_len=4 is_color=1
xemu-perf: metal_surface_dirty vram_addr=0x3d00000 size=1228800 write_addr=0x3d00000 write_len=4 is_color=1
xemu-perf: metal_screenshot_written path=/tmp/task16-repro2/swizzle-mipmap/metal/screenshots/swizzle-mipmap.0188.png w=640 h=480
xemu-perf: interval_id=9 interval_start_us=197574645831 interval_end_us=197582533031 interval_ms=7887 frames=32 fps=4.06 mspf_avg=81.450 mspf_min=2.464 mspf_max=2187.100 increment_fps=60 BEGIN_ENDS=4768 NATIVE_TRI_DEPTH_DRAW=4768 NATIVE_TRI_DEPTH_DRAW_SMOOTH=4768 TCG_TB_EXEC_COUNT=660067023 TCG_TB_INVALIDATE_COUNT=19778 TCG_NOTDIRTY_TRIPS=716889 TCG_NOTDIRTY_PAGES_HIT=716764 TCG_TB_INVALIDATE_BURST_MAX=425 TCG_JMP_CACHE_ZEROED_BUCKETS=81665346 TCG_INVALIDATE_WALL_US_MAX=111 TCG_INVALIDATE_WALL_US_TOTAL=4121 TCG_TB_LOOKUP_US_TOTAL=0 TCG_TB_GEN_CODE_US_TOTAL=0 TCG_HANDLE_INTERRUPT_US_TOTAL=0 TCG_XBOX_IDLE_LOOP_HITS=0 TCG_XBOX_IDLE_LOOP_YIELDS=0 TCG_XBOX_IDLE_LOOP_HALTS=0 MMIO_READ_COUNT=0 MMIO_READ_US_TOTAL=0 MMIO_READ_US_MAX=0 MMIO_READ_PGRAPH_COUNT=0 MMIO_READ_PGRAPH_US_TOTAL=0 MMIO_READ_PGRAPH_US_MAX=0 NV2A_VBLANK_FIRES=494 NV2A_FLIP_STALL_WRITES=32 NV2A_PRESENT_HEARTBEAT=332 XEMU_GL_SWAPS=0 RATE_SLEW_RATIO_E6=1000000 RATE_SLEW_ACTIVE=0 APU_LOCK_HOLD_US_TOTAL=11943 APU_VCPU_LOCK_WAIT_US_MAX=2 PFIFO_PUSHER_RUNS=10446 PFIFO_PUSHER_STALLS=6405 PFIFO_PUSHER_STALL_FLIP=0 PFIFO_PUSHER_STALL_NOP=6205 PFIFO_PUSHER_STALL_FIFO=289 PFIFO_PULLER_CALLS=85659 PFIFO_PULLER_STALLS=32 PFIFO_PULLER_STALL_FLIP=32 PFIFO_PULLER_STALL_NOP=0 PFIFO_PULLER_STALL_CONTEXT=0 PFIFO_PULLER_STALL_FIFO=0 PFIFO_PUSHER_WORDS=309283 PFIFO_PULLER_METHOD_WORDS=236178 PFIFO_DMA_BACKLOG_BYTES_MAX=65204224 PFIFO_USER_DMA_PUT_WRITES=9396 PFIFO_USER_DMA_GET_WRITES=0 PFIFO_USER_DMA_PUT_READS=0 PFIFO_USER_DMA_GET_READS=357927 PGRAPH_PATT_COLOR0_WRITES=0 PGRAPH_PATT_COLOR0_READS=0 PGRAPH_FLIP_STALL_SETS=32 PGRAPH_FLIP_STALL_CHECKS=64 PGRAPH_FLIP_STALL_STILL_WAITING=32 PGRAPH_FLIP_STALL_COMPLETES=32 METAL_DRAW_COUNT=4768 METAL_DRAW_INDEXED_COUNT=2636 METAL_NATIVE_TRI_DEPTH_DRAWS=4768 METAL_NATIVE_QUAD_DRAWS=0 METAL_CLEAR_COUNT=340 METAL_GLSL_TRANSLATE=12 METAL_GLSL_TRANSLATE_FAIL=0 METAL_SHADER_VALIDATE_OK=0 METAL_SHADER_VALIDATE_FAIL=0 METAL_PIPELINE_HITS=4762 METAL_PIPELINE_MISSES=6 METAL_PIPELINE_FAILED=0 METAL_TEX_UPLOADS_TOTAL=48 METAL_TEX_UPLOAD_BYTES_TOTAL=81399012 METAL_TEX_CACHE_HITS=10054 METAL_TEX_CACHE_MISSES=48 METAL_PIPELINE_KEY_BUILT=4768 METAL_PIPELINE_TRANSLATED_OK=4768 METAL_PIPELINE_TRANSLATED_FAILED=0 METAL_DISPATCH_US_TOTAL=108854 METAL_TEX_BIND_US_TOTAL=25042 METAL_DRAW_ENCODE_US_TOTAL=18295 METAL_DRAW_PASS_OPENS=381 METAL_DRAW_PASS_COALESCED=4387 METAL_DRAW_PASS_FLUSHES=370 METAL_OPEN_PASS_FLUSH_US_TOTAL=4844 METAL_TEX_UPLOAD_US_TOTAL=2183 METAL_DRAW_TRANSLATED=4768 METAL_PIPELINE_FALLBACKS=0 METAL_UNIFORM_PACK=9536 METAL_UNIFORM_BYTES=31201792 METAL_SHADER_COMPILE_QUEUED_TOTAL=0 METAL_SHADER_COMPILE_COMPLETED_TOTAL=0 METAL_SHADER_COMPILE_FAILED_TOTAL=0 METAL_DRAWS_SKIPPED_PENDING_TOTAL=0 METAL_DRAWS_USING_UBERSHADER_TOTAL=0 METAL_SHADER_CACHE_LOADS=6 METAL_SHADER_CACHE_HITS=0 METAL_SHADER_CACHE_MISSES=6 METAL_PRESENTS=0 METAL_PRESENT_JITTER_US_TOTAL=0 METAL_PRESENT_JITTER_US_AVG=0 METAL_PRESENT_JITTER_US_MAX=0 METAL_DRAWABLE_ACQUIRE_FAILS=0 METAL_DISPLAY_LINK_CALLBACKS=0 METAL_MSAA_RESOLVE_COUNT=0 METAL_MSAA_RESOLVE_US_TOTAL=0 METAL_MSAA_SAMPLE_COUNT=1 METAL_FX_SPATIAL_PRESENTS=0 METAL_FX_SPATIAL_US_TOTAL=0 METAL_FX_SCALE_FACTOR=1 METAL_FX_SPATIAL_GPU_US_TOTAL=0 METAL_VERTEX_US_TOTAL=15590 METAL_FRAGMENT_US_TOTAL=19430 METAL_PRESENT_GPU_US_TOTAL=35707 METAL_PRESENT_GPU_FRAMES=985 METAL_CAPTURE_FRAMES=0 METAL_CAPTURE_ACTIVE=0 METAL_SCREENSHOTS_TAKEN=66 METAL_FRONT_FB_PUBLISHES=32 METAL_SURFACE_CACHE_SIZE=24 METAL_IMAGE_BLITS=0 METAL_SURFACE_VRAM_DIRTY_HITS=730 METAL_SURFACE_VRAM_UPLOADS=728 METAL_SURFACE_VRAM_UPLOAD_BYTES=2983821312 METAL_SURFACE_RECREATE_SHAPE_MISMATCH=0 METAL_SURFACE_DOWNLOADS=32 METAL_SURFACE_DOWNLOAD_BYTES=80379904 METAL_SURFACE_DOWNLOAD_US_TOTAL=16796 METAL_DRAW_RT_DUMPS=0 METAL_SURFACE_GRAPH_DUMPS=0 METAL_SIBLING_SYNCS=0 METAL_SIBLING_SYNC_SKIPS=0 METAL_FLAT_QUAD_PROPAGATIONS=0 INPUT_USB_POLLS=0 INPUT_BACKEND_UPDATES=985 INPUT_LAT_US_TOTAL=0 INPUT_LAT_US_MAX=0 IDE_READ_SUBMITS=8 IDE_READ_COMPLETES=8 IDE_READ_BYTES=155648 IDE_READ_LAT_US_TOTAL=5559 IDE_READ_LAT_US_MAX=995 IDE_READ_LAT_GT_16MS=0 IDE_READ_LAT_GT_33MS=0 IDE_READ_LAT_GT_50MS=0 IDE_READ_LAT_GT_100MS=0 IDE_READ_INFLIGHT_MAX=1 ATAPI_PIO_SYNC_READS=0 ATAPI_PIO_SYNC_BYTES=0 ATAPI_PIO_SYNC_US_TOTAL=0 ATAPI_PIO_SYNC_US_MAX=0 HELPER_RDTSC_CALLS=4248 PIT_IRQ_TIMER_FIRES=16421 PIT_COALESCE_EVENTS=0 PIT_COALESCE_LATE_US_TOTAL=0 PIT_COALESCE_LATE_US_MAX=0 PIT_COALESCE_SKIPPED_TRANSITIONS=0
xemu-perf: metal_draw_target vram_addr=0x32a4000 count=32
xemu-perf: metal_draw_target vram_addr=0x2854000 count=433
xemu-perf: metal_draw_target vram_addr=0x2894000 count=433
xemu-perf: metal_draw_target vram_addr=0x28d4000 count=433
xemu-perf: metal_draw_target vram_addr=0x2914000 count=433
xemu-perf: metal_draw_target vram_addr=0x2954000 count=433
xemu-perf: metal_draw_target vram_addr=0x2994000 count=433
xemu-perf: metal_draw_target vram_addr=0x3628000 count=31
xemu-perf: metal_draw_target vram_addr=0x3bd4000 count=700
xemu-perf: metal_draw_target vram_addr=0x3d00000 count=700
xemu-perf: metal_draw_target vram_addr=0x3aa8000 count=700
xemu-perf: metal_draw_target vram_addr=0x3ba1000 count=7
xemu-perf: metal_screenshot_written path=/tmp/task16-repro2/swizzle-mipmap/metal/screenshots/swizzle-mipmap.0189.png w=640 h=480
xemu-perf: metal_screenshot_written path=/tmp/task16-repro2/swizzle-mipmap/metal/screenshots/swizzle-mipmap.0190.png w=640 h=480
xemu-perf: metal_surface_dirty vram_addr=0x2994000 size=262144 write_addr=0x29a4000 write_len=4 is_color=1
xemu-perf: metal_surface_dirty vram_addr=0x3628000 size=2457600 write_addr=0x3628000 write_len=2457600 is_color=1
xemu-perf: metal_surface_dirty vram_addr=0x3628000 size=2457600 write_addr=0x3628000 write_len=2457600 is_color=1
xemu-perf: metal_screenshot_written path=/tmp/task16-repro2/swizzle-mipmap/metal/screenshots/swizzle-mipmap.0191.png w=640 h=480
xemu-perf: metal_surface_dirty vram_addr=0x3628000 size=2457600 write_addr=0x3628000 write_len=2457600 is_color=1
xemu-perf: metal_surface_dirty vram_addr=0x3628000 size=2457600 write_addr=0x3628000 write_len=2457600 is_color=1
xemu-perf: metal_surface_dirty vram_addr=0x3628000 size=2457600 write_addr=0x3628000 write_len=2457600 is_color=1
xemu-perf: metal_surface_dirty vram_addr=0x3628000 size=2457600 write_addr=0x3628000 write_len=2457600 is_color=1
xemu-perf: metal_surface_dirty vram_addr=0x3628000 size=2457600 write_addr=0x3628000 write_len=2457600 is_color=1
xemu-perf: metal_surface_dirty vram_addr=0x3628000 size=2457600 write_addr=0x3628000 write_len=2457600 is_color=1
xemu-perf: metal_surface_dirty vram_addr=0x3628000 size=2457600 write_addr=0x3628000 write_len=2457600 is_color=1
xemu-perf: metal_surface_dirty vram_addr=0x3628000 size=2457600 write_addr=0x3628000 write_len=2457600 is_color=1
xemu-perf: metal_screenshot_written path=/tmp/task16-repro2/swizzle-mipmap/metal/screenshots/swizzle-mipmap.0192.png w=640 h=480
xemu-perf: metal_surface_dirty vram_addr=0x3628000 size=2457600 write_addr=0x3628000 write_len=2457600 is_color=1
xemu-perf: metal_surface_dirty vram_addr=0x3628000 size=2457600 write_addr=0x3628000 write_len=2457600 is_color=1
xemu-perf: metal_surface_dirty vram_addr=0x3628000 size=2457600 write_addr=0x3628000 write_len=2457600 is_color=1
xemu-perf: metal_surface_dirty vram_addr=0x3628000 size=2457600 write_addr=0x3628000 write_len=2457600 is_color=1
xemu-perf: metal_surface_dirty vram_addr=0x3628000 size=2457600 write_addr=0x3628000 write_len=2457600 is_color=1
xemu-perf: metal_surface_dirty vram_addr=0x3628000 size=2457600 write_addr=0x3628000 write_len=2457600 is_color=1
xemu-perf: metal_surface_dirty vram_addr=0x3628000 size=2457600 write_addr=0x3628000 write_len=2457600 is_color=1
xemu-perf: metal_screenshot_written path=/tmp/task16-repro2/swizzle-mipmap/metal/screenshots/swizzle-mipmap.0193.png w=640 h=480
xemu-perf: metal_surface_dirty vram_addr=0x3628000 size=2457600 write_addr=0x3628000 write_len=2457600 is_color=1
xemu-perf: metal_surface_dirty vram_addr=0x3628000 size=2457600 write_addr=0x3628000 write_len=2457600 is_color=1
xemu-perf: metal_surface_dirty vram_addr=0x3628000 size=2457600 write_addr=0x3628000 write_len=2457600 is_color=1
xemu-perf: metal_surface_dirty vram_addr=0x3628000 size=2457600 write_addr=0x3628000 write_len=2457600 is_color=1
xemu-perf: metal_surface_dirty vram_addr=0x3628000 size=2457600 write_addr=0x3628000 write_len=2457600 is_color=1
xemu-perf: metal_surface_dirty vram_addr=0x3628000 size=2457600 write_addr=0x3628000 write_len=2457600 is_color=1
xemu-perf: metal_surface_dirty vram_addr=0x3628000 size=2457600 write_addr=0x3628000 write_len=2457600 is_color=1
xemu-perf: metal_screenshot_written path=/tmp/task16-repro2/swizzle-mipmap/metal/screenshots/swizzle-mipmap.0194.png w=640 h=480
xemu-perf: metal_surface_dirty vram_addr=0x3628000 size=2457600 write_addr=0x3628000 write_len=2457600 is_color=1
xemu-perf: metal_surface_dirty vram_addr=0x3628000 size=2457600 write_addr=0x3628000 write_len=2457600 is_color=1
xemu-perf: metal_surface_dirty vram_addr=0x3628000 size=2457600 write_addr=0x3628000 write_len=2457600 is_color=1
xemu-perf: metal_surface_dirty vram_addr=0x3628000 size=2457600 write_addr=0x3628000 write_len=2457600 is_color=1
xemu-perf: metal_surface_dirty vram_addr=0x3628000 size=2457600 write_addr=0x3628000 write_len=2457600 is_color=1
xemu-perf: metal_surface_dirty vram_addr=0x3628000 size=2457600 write_addr=0x3628000 write_len=2457600 is_color=1
xemu-perf: metal_surface_dirty vram_addr=0x3628000 size=2457600 write_addr=0x3628000 write_len=2457600 is_color=1
xemu-perf: metal_surface_dirty vram_addr=0x3628000 size=2457600 write_addr=0x3628000 write_len=2457600 is_color=1
xemu-perf: metal_screenshot_written path=/tmp/task16-repro2/swizzle-mipmap/metal/screenshots/swizzle-mipmap.0195.png w=640 h=480
xemu-perf: metal_surface_dirty vram_addr=0x3628000 size=2457600 write_addr=0x3628000 write_len=2457600 is_color=1
xemu-perf: metal_surface_dirty vram_addr=0x3ba1000 size=4194304 write_addr=0x3eb4000 write_len=1 is_color=1
xemu-perf: metal_surface_dirty vram_addr=0x3aa8000 size=1228800 write_addr=0x3aa8000 write_len=1 is_color=1
xemu-perf: metal_screenshot_written path=/tmp/task16-repro2/swizzle-mipmap/metal/screenshots/swizzle-mipmap.0196.png w=640 h=480
xemu-perf: metal_surface_dirty vram_addr=0x3ba1000 size=4194304 write_addr=0x3e2f2a8 write_len=4 is_color=1
xemu-perf: metal_surface_dirty vram_addr=0x3ba1000 size=4194304 write_addr=0x3e2f2f0 write_len=4 is_color=1
xemu-perf: metal_surface_dirty vram_addr=0x3ba1000 size=4194304 write_addr=0x3e2f328 write_len=4 is_color=1
xemu-perf: metal_unswizzle_dump w=64 h=64 Q0=(B00 G00 Rff Aff) Q1=(B00 Gff R00 Aff) Q2=(Bff G00 R00 Aff) Q3=(B00 Gff Rff Aff)
xemu-perf: metal_unswizzle_dump w=32 h=32 Q0=(B00 G00 Rdf Aff) Q1=(B00 Gdf R00 Aff) Q2=(Bdf G00 R00 Aff) Q3=(B00 Gdf Rdf Aff)
xemu-perf: metal_unswizzle_dump w=16 h=16 Q0=(B00 G00 Rbf Aff) Q1=(B00 Gbf R00 Aff) Q2=(Bbf G00 R00 Aff) Q3=(B00 Gbf Rbf Aff)
xemu-perf: metal_unswizzle_dump w=8 h=8 Q0=(B00 G00 R9f Aff) Q1=(B00 G9f R00 Aff) Q2=(B9f G00 R00 Aff) Q3=(B00 G9f R9f Aff)
xemu-perf: metal_unswizzle_dump w=4 h=4 Q0=(B00 G00 R7f Aff) Q1=(B00 G7f R00 Aff) Q2=(B7f G00 R00 Aff) Q3=(B00 G7f R7f Aff)
xemu-perf: metal_unswizzle_dump w=2 h=2 Q0=(B00 G00 R5f Aff) Q1=(B00 G5f R00 Aff) Q2=(B5f G00 R00 Aff) Q3=(B00 G5f R5f Aff)
xemu-perf: metal_surface_dirty vram_addr=0x3ba1000 size=4194304 write_addr=0x3e2f340 write_len=4 is_color=1
xemu-perf: metal_surface_dirty vram_addr=0x3ba1000 size=4194304 write_addr=0x3e2f2c0 write_len=4 is_color=1
xemu-perf: metal_surface_dirty vram_addr=0x3ba1000 size=4194304 write_addr=0x3e2f2f8 write_len=4 is_color=1
xemu-perf: metal_surface_dirty vram_addr=0x3ba1000 size=4194304 write_addr=0x3e2f340 write_len=4 is_color=1
xemu-perf: metal_surface_dirty vram_addr=0x3ba1000 size=4194304 write_addr=0x3e2f288 write_len=4 is_color=1
xemu-perf: metal_surface_dirty vram_addr=0x3ba1000 size=4194304 write_addr=0x3e2f2d0 write_len=4 is_color=1
xemu-perf: metal_surface_dirty vram_addr=0x3ba1000 size=4194304 write_addr=0x3e2f328 write_len=4 is_color=1
xemu-perf: metal_surface_dirty vram_addr=0x3ba1000 size=4194304 write_addr=0x3e2f340 write_len=4 is_color=1
xemu-perf: metal_screenshot_written path=/tmp/task16-repro2/swizzle-mipmap/metal/screenshots/swizzle-mipmap.0197.png w=640 h=480
xemu-perf: metal_surface_dirty vram_addr=0x3ba1000 size=4194304 write_addr=0x3e2f2c8 write_len=4 is_color=1
xemu-perf: metal_surface_dirty vram_addr=0x3ba1000 size=4194304 write_addr=0x3e2f320 write_len=4 is_color=1
xemu-perf: metal_surface_dirty vram_addr=0x3ba1000 size=4194304 write_addr=0x3e2f340 write_len=4 is_color=1
xemu-perf: metal_surface_dirty vram_addr=0x3ba1000 size=4194304 write_addr=0x3e2f2a0 write_len=4 is_color=1
xemu-perf: metal_surface_dirty vram_addr=0x3ba1000 size=4194304 write_addr=0x3e2f2e0 write_len=4 is_color=1
xemu-perf: metal_surface_dirty vram_addr=0x3ba1000 size=4194304 write_addr=0x3e2f320 write_len=4 is_color=1
xemu-perf: metal_surface_dirty vram_addr=0x3ba1000 size=4194304 write_addr=0x3e2f340 write_len=4 is_color=1
xemu-perf: metal_surface_dirty vram_addr=0x3ba1000 size=4194304 write_addr=0x3e2f2c8 write_len=4 is_color=1
xemu-perf: metal_surface_dirty vram_addr=0x3ba1000 size=4194304 write_addr=0x3e2f320 write_len=4 is_color=1
xemu-perf: metal_surface_dirty vram_addr=0x3ba1000 size=4194304 write_addr=0x3e2f340 write_len=4 is_color=1
xemu-perf: metal_surface_dirty vram_addr=0x3ba1000 size=4194304 write_addr=0x3e2f28c write_len=4 is_color=1
xemu-perf: metal_surface_dirty vram_addr=0x3ba1000 size=4194304 write_addr=0x3e2f2e0 write_len=4 is_color=1
xemu-perf: metal_surface_dirty vram_addr=0x3ba1000 size=4194304 write_addr=0x3e2f320 write_len=4 is_color=1
xemu-perf: metal_surface_dirty vram_addr=0x3ba1000 size=4194304 write_addr=0x3e2f340 write_len=4 is_color=1
xemu-perf: metal_surface_dirty vram_addr=0x3ba1000 size=4194304 write_addr=0x3e2f2c0 write_len=4 is_color=1
xemu-perf: metal_surface_dirty vram_addr=0x3ba1000 size=4194304 write_addr=0x3e2f300 write_len=4 is_color=1
xemu-perf: metal_surface_dirty vram_addr=0x3ba1000 size=4194304 write_addr=0x3e2f340 write_len=4 is_color=1
xemu-perf: metal_screenshot_written path=/tmp/task16-repro2/swizzle-mipmap/metal/screenshots/swizzle-mipmap.0198.png w=640 h=480
xemu-perf: metal_surface_dirty vram_addr=0x3ba1000 size=4194304 write_addr=0x3e2f2a0 write_len=4 is_color=1
xemu-perf: metal_surface_dirty vram_addr=0x3ba1000 size=4194304 write_addr=0x3e2f2d0 write_len=4 is_color=1
xemu-perf: metal_surface_dirty vram_addr=0x3ba1000 size=4194304 write_addr=0x3e2f320 write_len=4 is_color=1
xemu-perf: metal_surface_dirty vram_addr=0x3ba1000 size=4194304 write_addr=0x3e2f340 write_len=4 is_color=1
xemu-perf: metal_surface_dirty vram_addr=0x3ba1000 size=4194304 write_addr=0x3e2f2a0 write_len=4 is_color=1
xemu-perf: metal_surface_dirty vram_addr=0x3ba1000 size=4194304 write_addr=0x3e2f2e8 write_len=4 is_color=1
xemu-perf: metal_surface_dirty vram_addr=0x3ba1000 size=4194304 write_addr=0x3e2f340 write_len=4 is_color=1
xemu-perf: metal_surface_dirty vram_addr=0x3ba1000 size=4194304 write_addr=0x3e2f2a8 write_len=4 is_color=1
xemu-perf: metal_surface_dirty vram_addr=0x3ba1000 size=4194304 write_addr=0x3e2f2c8 write_len=4 is_color=1
xemu-perf: metal_surface_dirty vram_addr=0x3ba1000 size=4194304 write_addr=0x3e2f2f0 write_len=4 is_color=1
xemu-perf: metal_surface_dirty vram_addr=0x3ba1000 size=4194304 write_addr=0x3e2f340 write_len=4 is_color=1
xemu-perf: metal_surface_dirty vram_addr=0x3ba1000 size=4194304 write_addr=0x3e2f2c0 write_len=4 is_color=1
xemu-perf: metal_surface_dirty vram_addr=0x3ba1000 size=4194304 write_addr=0x3e2f300 write_len=4 is_color=1
xemu-perf: metal_surface_dirty vram_addr=0x3ba1000 size=4194304 write_addr=0x3e2f340 write_len=4 is_color=1
xemu-perf: metal_surface_dirty vram_addr=0x3ba1000 size=4194304 write_addr=0x3e2f2c0 write_len=4 is_color=1
xemu-perf: metal_surface_dirty vram_addr=0x3ba1000 size=4194304 write_addr=0x3e2f300 write_len=4 is_color=1
xemu-perf: metal_surface_dirty vram_addr=0x3ba1000 size=4194304 write_addr=0x3e2f340 write_len=4 is_color=1
xemu-perf: metal_screenshot_written path=/tmp/task16-repro2/swizzle-mipmap/metal/screenshots/swizzle-mipmap.0199.png w=640 h=480
xemu-perf: metal_surface_dirty vram_addr=0x3ba1000 size=4194304 write_addr=0x3e2f288 write_len=4 is_color=1
xemu-perf: metal_surface_dirty vram_addr=0x3ba1000 size=4194304 write_addr=0x3e2f2e8 write_len=4 is_color=1
xemu-perf: metal_surface_dirty vram_addr=0x3ba1000 size=4194304 write_addr=0x3e2f340 write_len=4 is_color=1
xemu-perf: metal_surface_dirty vram_addr=0x3ba1000 size=4194304 write_addr=0x3e2f288 write_len=4 is_color=1
xemu-perf: metal_surface_dirty vram_addr=0x3ba1000 size=4194304 write_addr=0x3e2f2e8 write_len=4 is_color=1
xemu-perf: metal_surface_dirty vram_addr=0x3ba1000 size=4194304 write_addr=0x3e2f340 write_len=4 is_color=1
xemu-perf: metal_surface_dirty vram_addr=0x3ba1000 size=4194304 write_addr=0x3e2f2c8 write_len=4 is_color=1
xemu-perf: metal_surface_dirty vram_addr=0x3ba1000 size=4194304 write_addr=0x3e2f2e8 write_len=4 is_color=1
xemu-perf: metal_surface_dirty vram_addr=0x3ba1000 size=4194304 write_addr=0x3e2f340 write_len=4 is_color=1
xemu-perf: metal_surface_dirty vram_addr=0x3ba1000 size=4194304 write_addr=0x3e2f290 write_len=4 is_color=1
xemu-perf: metal_surface_dirty vram_addr=0x3ba1000 size=4194304 write_addr=0x3e2f308 write_len=4 is_color=1
xemu-perf: metal_surface_dirty vram_addr=0x3ba1000 size=4194304 write_addr=0x3e2f340 write_len=4 is_color=1
xemu-perf: metal_surface_dirty vram_addr=0x3ba1000 size=4194304 write_addr=0x3e2f288 write_len=4 is_color=1
xemu-perf: metal_surface_dirty vram_addr=0x3ba1000 size=4194304 write_addr=0x3e2f2e0 write_len=4 is_color=1
xemu-perf: metal_surface_dirty vram_addr=0x3ba1000 size=4194304 write_addr=0x3e2f32c write_len=4 is_color=1
xemu-perf: metal_surface_dirty vram_addr=0x3ba1000 size=4194304 write_addr=0x3e2f340 write_len=4 is_color=1
xemu-perf: metal_screenshot_written path=/tmp/task16-repro2/swizzle-mipmap/metal/screenshots/swizzle-mipmap.0200.png w=640 h=480
xemu-perf: metal_surface_dirty vram_addr=0x3ba1000 size=4194304 write_addr=0x3e2f2c0 write_len=4 is_color=1
xemu-perf: metal_surface_dirty vram_addr=0x3ba1000 size=4194304 write_addr=0x3e2f300 write_len=4 is_color=1
xemu-perf: metal_surface_dirty vram_addr=0x3ba1000 size=4194304 write_addr=0x3e2f340 write_len=4 is_color=1
xemu-perf: metal_surface_dirty vram_addr=0x3ba1000 size=4194304 write_addr=0x3e2f280 write_len=4 is_color=1
xemu-perf: metal_surface_dirty vram_addr=0x3ba1000 size=4194304 write_addr=0x3e2f2c8 write_len=4 is_color=1
xemu-perf: metal_surface_dirty vram_addr=0x3ba1000 size=4194304 write_addr=0x3e2f320 write_len=4 is_color=1
xemu-perf: metal_surface_dirty vram_addr=0x3ba1000 size=4194304 write_addr=0x3e2f340 write_len=4 is_color=1
xemu-perf: metal_surface_dirty vram_addr=0x3ba1000 size=4194304 write_addr=0x3e2f2a8 write_len=4 is_color=1
xemu-perf: metal_surface_dirty vram_addr=0x3ba1000 size=4194304 write_addr=0x3e2f2c8 write_len=4 is_color=1
xemu-perf: metal_surface_dirty vram_addr=0x3ba1000 size=4194304 write_addr=0x3e2f320 write_len=4 is_color=1
xemu-perf: metal_surface_dirty vram_addr=0x3ba1000 size=4194304 write_addr=0x3e2f340 write_len=4 is_color=1
xemu-perf: metal_surface_dirty vram_addr=0x3ba1000 size=4194304 write_addr=0x3e2f288 write_len=4 is_color=1
xemu-perf: metal_surface_dirty vram_addr=0x3ba1000 size=4194304 write_addr=0x3e2f2e0 write_len=4 is_color=1
xemu-perf: metal_surface_dirty vram_addr=0x3ba1000 size=4194304 write_addr=0x3e2f328 write_len=4 is_color=1
xemu-perf: metal_surface_dirty vram_addr=0x3ba1000 size=4194304 write_addr=0x3e2f340 write_len=4 is_color=1
xemu-perf: metal_surface_dirty vram_addr=0x3ba1000 size=4194304 write_addr=0x3e2f2a8 write_len=4 is_color=1
xemu-perf: metal_surface_dirty vram_addr=0x3ba1000 size=4194304 write_addr=0x3e2f320 write_len=4 is_color=1
xemu-perf: metal_surface_dirty vram_addr=0x3ba1000 size=4194304 write_addr=0x3e2f340 write_len=4 is_color=1
xemu-perf: metal_screenshot_written path=/tmp/task16-repro2/swizzle-mipmap/metal/screenshots/swizzle-mipmap.0201.png w=640 h=480
xemu-perf: metal_surface_dirty vram_addr=0x3ba1000 size=4194304 write_addr=0x3e2f2a8 write_len=4 is_color=1
xemu-perf: metal_surface_dirty vram_addr=0x3ba1000 size=4194304 write_addr=0x3e2f2c8 write_len=4 is_color=1
xemu-perf: metal_surface_dirty vram_addr=0x3ba1000 size=4194304 write_addr=0x3e2f338 write_len=4 is_color=1
xemu-perf: metal_surface_dirty vram_addr=0x3ba1000 size=4194304 write_addr=0x3e2f340 write_len=4 is_color=1
xemu-perf: metal_surface_dirty vram_addr=0x3ba1000 size=4194304 write_addr=0x3e2f2a0 write_len=4 is_color=1
xemu-perf: metal_surface_dirty vram_addr=0x3ba1000 size=4194304 write_addr=0x3e2f2e8 write_len=4 is_color=1
xemu-perf: metal_surface_dirty vram_addr=0x3ba1000 size=4194304 write_addr=0x3e2f340 write_len=4 is_color=1
xemu-perf: metal_surface_dirty vram_addr=0x3ba1000 size=4194304 write_addr=0x3e2f290 write_len=4 is_color=1
xemu-perf: metal_surface_dirty vram_addr=0x3ba1000 size=4194304 write_addr=0x3e2f2e8 write_len=4 is_color=1
xemu-perf: metal_surface_dirty vram_addr=0x3ba1000 size=4194304 write_addr=0x3e2f340 write_len=4 is_color=1
xemu-perf: metal_surface_dirty vram_addr=0x3ba1000 size=4194304 write_addr=0x3e2f280 write_len=4 is_color=1
xemu-perf: metal_surface_dirty vram_addr=0x3ba1000 size=4194304 write_addr=0x3e2f2d0 write_len=4 is_color=1
xemu-perf: metal_surface_dirty vram_addr=0x3ba1000 size=4194304 write_addr=0x3e2f328 write_len=4 is_color=1
xemu-perf: metal_surface_dirty vram_addr=0x3ba1000 size=4194304 write_addr=0x3e2f340 write_len=4 is_color=1
xemu-perf: metal_surface_dirty vram_addr=0x3ba1000 size=4194304 write_addr=0x3e2f290 write_len=4 is_color=1
xemu-perf: metal_surface_dirty vram_addr=0x3ba1000 size=4194304 write_addr=0x3e2f2e0 write_len=4 is_color=1
xemu-perf: metal_surface_dirty vram_addr=0x3ba1000 size=4194304 write_addr=0x3e2f328 write_len=4 is_color=1
xemu-perf: metal_surface_dirty vram_addr=0x3ba1000 size=4194304 write_addr=0x3e2f340 write_len=4 is_color=1
xemu-perf: metal_screenshot_written path=/tmp/task16-repro2/swizzle-mipmap/metal/screenshots/swizzle-mipmap.0202.png w=640 h=480
xemu-perf: metal_surface_dirty vram_addr=0x3ba1000 size=4194304 write_addr=0x3e2f2c8 write_len=4 is_color=1
xemu-perf: metal_surface_dirty vram_addr=0x3ba1000 size=4194304 write_addr=0x3e2f320 write_len=4 is_color=1
xemu-perf: metal_surface_dirty vram_addr=0x3ba1000 size=4194304 write_addr=0x3e2f340 write_len=4 is_color=1
xemu-perf: metal_surface_dirty vram_addr=0x3ba1000 size=4194304 write_addr=0x3e2f290 write_len=4 is_color=1
xemu-perf: metal_surface_dirty vram_addr=0x3ba1000 size=4194304 write_addr=0x3e2f2e8 write_len=4 is_color=1
xemu-perf: metal_surface_dirty vram_addr=0x3ba1000 size=4194304 write_addr=0x3e2f340 write_len=4 is_color=1
xemu-perf: metal_surface_dirty vram_addr=0x3ba1000 size=4194304 write_addr=0x3e2f2a0 write_len=4 is_color=1
xemu-perf: metal_surface_dirty vram_addr=0x3ba1000 size=4194304 write_addr=0x3e2f2dc write_len=4 is_color=1
xemu-perf: metal_surface_dirty vram_addr=0x3ba1000 size=4194304 write_addr=0x3e2f308 write_len=4 is_color=1
xemu-perf: metal_surface_dirty vram_addr=0x3ba1000 size=4194304 write_addr=0x3e2f340 write_len=4 is_color=1
xemu-perf: metal_surface_dirty vram_addr=0x3ba1000 size=4194304 write_addr=0x3e2f2c0 write_len=4 is_color=1
xemu-perf: metal_surface_dirty vram_addr=0x3ba1000 size=4194304 write_addr=0x3e2f300 write_len=4 is_color=1
xemu-perf: metal_surface_dirty vram_addr=0x3ba1000 size=4194304 write_addr=0x3e2f340 write_len=4 is_color=1
xemu-perf: metal_surface_dirty vram_addr=0x3ba1000 size=4194304 write_addr=0x3e2f2a8 write_len=4 is_color=1
xemu-perf: metal_surface_dirty vram_addr=0x3ba1000 size=4194304 write_addr=0x3e2f2c8 write_len=4 is_color=1
xemu-perf: metal_surface_dirty vram_addr=0x3ba1000 size=4194304 write_addr=0x3e2f320 write_len=4 is_color=1
xemu-perf: metal_surface_dirty vram_addr=0x3ba1000 size=4194304 write_addr=0x3e2f340 write_len=4 is_color=1
xemu-perf: metal_screenshot_written path=/tmp/task16-repro2/swizzle-mipmap/metal/screenshots/swizzle-mipmap.0203.png w=640 h=480
xemu-perf: metal_surface_dirty vram_addr=0x3ba1000 size=4194304 write_addr=0x3e2f280 write_len=4 is_color=1
xemu-perf: metal_surface_dirty vram_addr=0x3ba1000 size=4194304 write_addr=0x3e2f2e0 write_len=4 is_color=1
xemu-perf: metal_surface_dirty vram_addr=0x3ba1000 size=4194304 write_addr=0x3e2f328 write_len=4 is_color=1
xemu-perf: metal_surface_dirty vram_addr=0x3ba1000 size=4194304 write_addr=0x3e2f340 write_len=4 is_color=1
xemu-perf: metal_surface_dirty vram_addr=0x3ba1000 size=4194304 write_addr=0x3e2f290 write_len=4 is_color=1
xemu-perf: metal_surface_dirty vram_addr=0x3ba1000 size=4194304 write_addr=0x3e2f2e0 write_len=4 is_color=1
xemu-perf: metal_surface_dirty vram_addr=0x3ba1000 size=4194304 write_addr=0x3e2f318 write_len=4 is_color=1
xemu-perf: metal_surface_dirty vram_addr=0x3ba1000 size=4194304 write_addr=0x3e2f340 write_len=4 is_color=1
xemu-perf: metal_surface_dirty vram_addr=0x3ba1000 size=4194304 write_addr=0x3e2f2a8 write_len=4 is_color=1
xemu-perf: metal_surface_dirty vram_addr=0x3ba1000 size=4194304 write_addr=0x3e2f308 write_len=4 is_color=1
xemu-perf: metal_surface_dirty vram_addr=0x3ba1000 size=4194304 write_addr=0x3e2f340 write_len=4 is_color=1
xemu-perf: metal_surface_dirty vram_addr=0x3ba1000 size=4194304 write_addr=0x3e2f2a8 write_len=4 is_color=1
xemu-perf: metal_surface_dirty vram_addr=0x3ba1000 size=4194304 write_addr=0x3e2f2c8 write_len=4 is_color=1
xemu-perf: metal_surface_dirty vram_addr=0x3ba1000 size=4194304 write_addr=0x3e2f328 write_len=4 is_color=1
xemu-perf: metal_surface_dirty vram_addr=0x3ba1000 size=4194304 write_addr=0x3e2f340 write_len=4 is_color=1
xemu-perf: metal_surface_dirty vram_addr=0x3ba1000 size=4194304 write_addr=0x3e2f280 write_len=4 is_color=1
xemu-perf: metal_surface_dirty vram_addr=0x3ba1000 size=4194304 write_addr=0x3e2f2e0 write_len=4 is_color=1
xemu-perf: metal_surface_dirty vram_addr=0x3ba1000 size=4194304 write_addr=0x3e2f328 write_len=4 is_color=1
xemu-perf: metal_surface_dirty vram_addr=0x3ba1000 size=4194304 write_addr=0x3e2f340 write_len=4 is_color=1
xemu-perf: metal_screenshot_written path=/tmp/task16-repro2/swizzle-mipmap/metal/screenshots/swizzle-mipmap.0204.png w=640 h=480
xemu-perf: metal_surface_dirty vram_addr=0x3ba1000 size=4194304 write_addr=0x3e2f298 write_len=4 is_color=1
xemu-perf: metal_surface_dirty vram_addr=0x3ba1000 size=4194304 write_addr=0x3e2f308 write_len=4 is_color=1
xemu-perf: metal_surface_dirty vram_addr=0x3ba1000 size=4194304 write_addr=0x3e2f340 write_len=4 is_color=1
xemu-perf: metal_surface_dirty vram_addr=0x3ba1000 size=4194304 write_addr=0x3e2f288 write_len=4 is_color=1
xemu-perf: metal_surface_dirty vram_addr=0x3ba1000 size=4194304 write_addr=0x3e2f300 write_len=4 is_color=1
xemu-perf: metal_surface_dirty vram_addr=0x3ba1000 size=4194304 write_addr=0x3e2f340 write_len=4 is_color=1
xemu-perf: metal_surface_dirty vram_addr=0x3ba1000 size=4194304 write_addr=0x3e2f2c8 write_len=4 is_color=1
xemu-perf: metal_surface_dirty vram_addr=0x3ba1000 size=4194304 write_addr=0x3e2f320 write_len=4 is_color=1
xemu-perf: metal_surface_dirty vram_addr=0x3ba1000 size=4194304 write_addr=0x3e2f340 write_len=4 is_color=1
xemu-perf: metal_surface_dirty vram_addr=0x3ba1000 size=4194304 write_addr=0x3e2f288 write_len=4 is_color=1
xemu-perf: metal_surface_dirty vram_addr=0x3ba1000 size=4194304 write_addr=0x3e2f2e8 write_len=4 is_color=1
xemu-perf: metal_surface_dirty vram_addr=0x3ba1000 size=4194304 write_addr=0x3e2f340 write_len=4 is_color=1
xemu-perf: metal_surface_dirty vram_addr=0x3ba1000 size=4194304 write_addr=0x3e2f290 write_len=4 is_color=1
xemu-perf: metal_surface_dirty vram_addr=0x3ba1000 size=4194304 write_addr=0x3e2f2e0 write_len=4 is_color=1
xemu-perf: metal_surface_dirty vram_addr=0x3ba1000 size=4194304 write_addr=0x3e2f328 write_len=4 is_color=1
xemu-perf: metal_surface_dirty vram_addr=0x3ba1000 size=4194304 write_addr=0x3e2f340 write_len=4 is_color=1
xemu-perf: metal_screenshot_written path=/tmp/task16-repro2/swizzle-mipmap/metal/screenshots/swizzle-mipmap.0205.png w=640 h=480
xemu-perf: metal_surface_dirty vram_addr=0x3ba1000 size=4194304 write_addr=0x3e2f2a8 write_len=4 is_color=1
xemu-perf: metal_surface_dirty vram_addr=0x3ba1000 size=4194304 write_addr=0x3e2f308 write_len=4 is_color=1
xemu-perf: metal_surface_dirty vram_addr=0x3ba1000 size=4194304 write_addr=0x3e2f340 write_len=4 is_color=1
xemu-perf: metal_surface_dirty vram_addr=0x3ba1000 size=4194304 write_addr=0x3e2f2c0 write_len=4 is_color=1
xemu-perf: metal_surface_dirty vram_addr=0x3ba1000 size=4194304 write_addr=0x3e2f308 write_len=4 is_color=1
xemu-perf: metal_surface_dirty vram_addr=0x3ba1000 size=4194304 write_addr=0x3e2f340 write_len=4 is_color=1
xemu-perf: metal_surface_dirty vram_addr=0x3ba1000 size=4194304 write_addr=0x3e2f2a0 write_len=4 is_color=1
xemu-perf: metal_surface_dirty vram_addr=0x3ba1000 size=4194304 write_addr=0x3e2f2d0 write_len=4 is_color=1
xemu-perf: metal_surface_dirty vram_addr=0x3ba1000 size=4194304 write_addr=0x3e2f328 write_len=4 is_color=1
xemu-perf: metal_surface_dirty vram_addr=0x3ba1000 size=4194304 write_addr=0x3e2f340 write_len=4 is_color=1
xemu-perf: metal_surface_dirty vram_addr=0x3ba1000 size=4194304 write_addr=0x3e2f290 write_len=4 is_color=1
xemu-perf: metal_surface_dirty vram_addr=0x3ba1000 size=4194304 write_addr=0x3e2f2e0 write_len=4 is_color=1
xemu-perf: metal_surface_dirty vram_addr=0x3ba1000 size=4194304 write_addr=0x3e2f310 write_len=4 is_color=1
xemu-perf: metal_surface_dirty vram_addr=0x3ba1000 size=4194304 write_addr=0x3e2f340 write_len=4 is_color=1
xemu-perf: metal_surface_dirty vram_addr=0x3ba1000 size=4194304 write_addr=0x3e2f2a8 write_len=4 is_color=1
xemu-perf: metal_surface_dirty vram_addr=0x3ba1000 size=4194304 write_addr=0x3e2f2f0 write_len=4 is_color=1
xemu-perf: metal_surface_dirty vram_addr=0x3ba1000 size=4194304 write_addr=0x3e2f340 write_len=4 is_color=1
xemu-perf: metal_screenshot_written path=/tmp/task16-repro2/swizzle-mipmap/metal/screenshots/swizzle-mipmap.0206.png w=640 h=480
xemu-perf: metal_surface_dirty vram_addr=0x3ba1000 size=4194304 write_addr=0x3e2f2a0 write_len=4 is_color=1
xemu-perf: metal_surface_dirty vram_addr=0x3ba1000 size=4194304 write_addr=0x3e2f2d0 write_len=4 is_color=1
xemu-perf: metal_surface_dirty vram_addr=0x3ba1000 size=4194304 write_addr=0x3e2f320 write_len=4 is_color=1
xemu-perf: metal_surface_dirty vram_addr=0x3ba1000 size=4194304 write_addr=0x3e2f340 write_len=4 is_color=1
xemu-perf: metal_surface_dirty vram_addr=0x3ba1000 size=4194304 write_addr=0x3e2f290 write_len=4 is_color=1
xemu-perf: metal_surface_dirty vram_addr=0x3ba1000 size=4194304 write_addr=0x3e2f2e8 write_len=4 is_color=1
xemu-perf: metal_surface_dirty vram_addr=0x3ba1000 size=4194304 write_addr=0x3e2f340 write_len=4 is_color=1
xemu-perf: metal_surface_dirty vram_addr=0x3ba1000 size=4194304 write_addr=0x3e2f2a8 write_len=4 is_color=1
xemu-perf: metal_surface_dirty vram_addr=0x3ba1000 size=4194304 write_addr=0x3e2f328 write_len=4 is_color=1
xemu-perf: metal_surface_dirty vram_addr=0x3ba1000 size=4194304 write_addr=0x3e2f340 write_len=4 is_color=1
xemu-perf: metal_surface_dirty vram_addr=0x3ba1000 size=4194304 write_addr=0x3e2f294 write_len=4 is_color=1
xemu-perf: metal_surface_dirty vram_addr=0x3ba1000 size=4194304 write_addr=0x3e2f2e8 write_len=4 is_color=1
xemu-perf: metal_surface_dirty vram_addr=0x3ba1000 size=4194304 write_addr=0x3e2f31c write_len=4 is_color=1
xemu-perf: metal_surface_dirty vram_addr=0x3ba1000 size=4194304 write_addr=0x3e2f340 write_len=4 is_color=1
xemu-perf: metal_surface_dirty vram_addr=0x3ba1000 size=4194304 write_addr=0x3e2f290 write_len=4 is_color=1
xemu-perf: metal_surface_dirty vram_addr=0x3ba1000 size=4194304 write_addr=0x3e2f2e8 write_len=4 is_color=1
xemu-perf: metal_surface_dirty vram_addr=0x3ba1000 size=4194304 write_addr=0x3e2f340 write_len=4 is_color=1
xemu-perf: metal_screenshot_written path=/tmp/task16-repro2/swizzle-mipmap/metal/screenshots/swizzle-mipmap.0207.png w=640 h=480
xemu-perf: metal_surface_dirty vram_addr=0x3ba1000 size=4194304 write_addr=0x3e2f290 write_len=4 is_color=1
xemu-perf: metal_surface_dirty vram_addr=0x3ba1000 size=4194304 write_addr=0x3e2f2e8 write_len=4 is_color=1
xemu-perf: metal_surface_dirty vram_addr=0x3ba1000 size=4194304 write_addr=0x3e2f340 write_len=4 is_color=1
xemu-perf: metal_surface_dirty vram_addr=0x3ba1000 size=4194304 write_addr=0x3e2f2a0 write_len=4 is_color=1
xemu-perf: metal_surface_dirty vram_addr=0x3ba1000 size=4194304 write_addr=0x3e2f2e8 write_len=4 is_color=1
xemu-perf: metal_surface_dirty vram_addr=0x3ba1000 size=4194304 write_addr=0x3e2f340 write_len=4 is_color=1
xemu-perf: metal_surface_dirty vram_addr=0x3ba1000 size=4194304 write_addr=0x3e2f288 write_len=4 is_color=1
xemu-perf: metal_surface_dirty vram_addr=0x3ba1000 size=4194304 write_addr=0x3e2f300 write_len=4 is_color=1
xemu-perf: metal_surface_dirty vram_addr=0x3ba1000 size=4194304 write_addr=0x3e2f340 write_len=4 is_color=1
xemu-perf: metal_surface_dirty vram_addr=0x3ba1000 size=4194304 write_addr=0x3e2f290 write_len=4 is_color=1
xemu-perf: metal_surface_dirty vram_addr=0x3ba1000 size=4194304 write_addr=0x3e2f2e0 write_len=4 is_color=1
xemu-perf: metal_surface_dirty vram_addr=0x3ba1000 size=4194304 write_addr=0x3e2f328 write_len=4 is_color=1
xemu-perf: metal_surface_dirty vram_addr=0x3ba1000 size=4194304 write_addr=0x3e2f340 write_len=4 is_color=1
xemu-perf: metal_surface_dirty vram_addr=0x3ba1000 size=4194304 write_addr=0x3e2f288 write_len=4 is_color=1
xemu-perf: metal_surface_dirty vram_addr=0x3ba1000 size=4194304 write_addr=0x3e2f2e8 write_len=4 is_color=1
xemu-perf: metal_surface_dirty vram_addr=0x3ba1000 size=4194304 write_addr=0x3e2f340 write_len=4 is_color=1
xemu-perf: metal_screenshot_written path=/tmp/task16-repro2/swizzle-mipmap/metal/screenshots/swizzle-mipmap.0208.png w=640 h=480
xemu-perf: metal_surface_dirty vram_addr=0x3ba1000 size=4194304 write_addr=0x3e2f298 write_len=4 is_color=1
xemu-perf: metal_surface_dirty vram_addr=0x3ba1000 size=4194304 write_addr=0x3e2f2dc write_len=4 is_color=1
xemu-perf: metal_surface_dirty vram_addr=0x3ba1000 size=4194304 write_addr=0x3e2f320 write_len=4 is_color=1
xemu-perf: metal_surface_dirty vram_addr=0x3ba1000 size=4194304 write_addr=0x3e2f340 write_len=4 is_color=1
xemu-perf: metal_surface_dirty vram_addr=0x3ba1000 size=4194304 write_addr=0x3e2f290 write_len=4 is_color=1
xemu-perf: metal_surface_dirty vram_addr=0x3ba1000 size=4194304 write_addr=0x3e2f2e0 write_len=4 is_color=1
xemu-perf: metal_surface_dirty vram_addr=0x3ba1000 size=4194304 write_addr=0x3e2f340 write_len=4 is_color=1
xemu-perf: metal_surface_dirty vram_addr=0x3ba1000 size=4194304 write_addr=0x3e2f288 write_len=4 is_color=1
xemu-perf: metal_surface_dirty vram_addr=0x3ba1000 size=4194304 write_addr=0x3e2f2e0 write_len=4 is_color=1
xemu-perf: metal_surface_dirty vram_addr=0x3ba1000 size=4194304 write_addr=0x3e2f328 write_len=4 is_color=1
xemu-perf: metal_surface_dirty vram_addr=0x3ba1000 size=4194304 write_addr=0x3e2f340 write_len=4 is_color=1
xemu-perf: metal_surface_dirty vram_addr=0x3ba1000 size=4194304 write_addr=0x3e2f2a0 write_len=4 is_color=1
xemu-perf: metal_surface_dirty vram_addr=0x3ba1000 size=4194304 write_addr=0x3e2f300 write_len=4 is_color=1
xemu-perf: metal_surface_dirty vram_addr=0x3ba1000 size=4194304 write_addr=0x3e2f340 write_len=4 is_color=1
xemu-perf: metal_surface_dirty vram_addr=0x3ba1000 size=4194304 write_addr=0x3e2f290 write_len=4 is_color=1
xemu-perf: metal_surface_dirty vram_addr=0x3ba1000 size=4194304 write_addr=0x3e2f2e0 write_len=4 is_color=1
xemu-perf: metal_surface_dirty vram_addr=0x3ba1000 size=4194304 write_addr=0x3e2f324 write_len=4 is_color=1
xemu-perf: metal_surface_dirty vram_addr=0x3ba1000 size=4194304 write_addr=0x3e2f340 write_len=4 is_color=1
xemu-perf: metal_screenshot_written path=/tmp/task16-repro2/swizzle-mipmap/metal/screenshots/swizzle-mipmap.0209.png w=640 h=480
xemu-perf: metal_surface_dirty vram_addr=0x3ba1000 size=4194304 write_addr=0x3e2f288 write_len=4 is_color=1
xemu-perf: metal_surface_dirty vram_addr=0x3ba1000 size=4194304 write_addr=0x3e2f2e8 write_len=4 is_color=1
xemu-perf: metal_surface_dirty vram_addr=0x3ba1000 size=4194304 write_addr=0x3e2f340 write_len=4 is_color=1
xemu-perf: metal_surface_dirty vram_addr=0x3ba1000 size=4194304 write_addr=0x3e2f290 write_len=4 is_color=1
xemu-perf: metal_surface_dirty vram_addr=0x3ba1000 size=4194304 write_addr=0x3e2f300 write_len=4 is_color=1
xemu-perf: metal_surface_dirty vram_addr=0x3ba1000 size=4194304 write_addr=0x3e2f340 write_len=4 is_color=1
xemu-perf: metal_surface_dirty vram_addr=0x3ba1000 size=4194304 write_addr=0x3e2f288 write_len=4 is_color=1
xemu-perf: metal_surface_dirty vram_addr=0x3ba1000 size=4194304 write_addr=0x3e2f308 write_len=4 is_color=1
xemu-perf: metal_surface_dirty vram_addr=0x3ba1000 size=4194304 write_addr=0x3e2f330 write_len=4 is_color=1
xemu-perf: metal_surface_dirty vram_addr=0x3ba1000 size=4194304 write_addr=0x3e2f340 write_len=4 is_color=1
xemu-perf: metal_surface_dirty vram_addr=0x3ba1000 size=4194304 write_addr=0x3e2f2a8 write_len=4 is_color=1
xemu-perf: metal_surface_dirty vram_addr=0x3ba1000 size=4194304 write_addr=0x3e2f2e0 write_len=4 is_color=1
xemu-perf: metal_surface_dirty vram_addr=0x3ba1000 size=4194304 write_addr=0x3e2f328 write_len=4 is_color=1
xemu-perf: metal_surface_dirty vram_addr=0x3ba1000 size=4194304 write_addr=0x3e2f340 write_len=4 is_color=1
xemu-perf: metal_surface_dirty vram_addr=0x3ba1000 size=4194304 write_addr=0x3e2f2c8 write_len=4 is_color=1
xemu-perf: metal_surface_dirty vram_addr=0x3ba1000 size=4194304 write_addr=0x3e2f320 write_len=4 is_color=1
xemu-perf: metal_surface_dirty vram_addr=0x3ba1000 size=4194304 write_addr=0x3e2f340 write_len=4 is_color=1
xemu-perf: metal_screenshot_written path=/tmp/task16-repro2/swizzle-mipmap/metal/screenshots/swizzle-mipmap.0210.png w=640 h=480
xemu-perf: metal_surface_dirty vram_addr=0x3ba1000 size=4194304 write_addr=0x3e2f290 write_len=4 is_color=1
xemu-perf: metal_surface_dirty vram_addr=0x3ba1000 size=4194304 write_addr=0x3e2f2e0 write_len=4 is_color=1
xemu-perf: metal_surface_dirty vram_addr=0x3ba1000 size=4194304 write_addr=0x3e2f340 write_len=4 is_color=1
xemu-perf: metal_surface_dirty vram_addr=0x3ba1000 size=4194304 write_addr=0x3e2f290 write_len=4 is_color=1
xemu-perf: metal_surface_dirty vram_addr=0x3ba1000 size=4194304 write_addr=0x3e2f2e8 write_len=4 is_color=1
xemu-perf: metal_surface_dirty vram_addr=0x3ba1000 size=4194304 write_addr=0x3e2f340 write_len=4 is_color=1
xemu-perf: metal_surface_dirty vram_addr=0x3ba1000 size=4194304 write_addr=0x3e2f288 write_len=4 is_color=1
xemu-perf: metal_surface_dirty vram_addr=0x3ba1000 size=4194304 write_addr=0x3e2f2e8 write_len=4 is_color=1
xemu-perf: metal_surface_dirty vram_addr=0x3ba1000 size=4194304 write_addr=0x3e2f340 write_len=4 is_color=1
xemu-perf: metal_surface_dirty vram_addr=0x3ba1000 size=4194304 write_addr=0x3e2f280 write_len=4 is_color=1
xemu-perf: metal_surface_dirty vram_addr=0x3ba1000 size=4194304 write_addr=0x3e2f2e0 write_len=4 is_color=1
xemu-perf: metal_surface_dirty vram_addr=0x3ba1000 size=4194304 write_addr=0x3e2f330 write_len=4 is_color=1
xemu-perf: metal_surface_dirty vram_addr=0x3ba1000 size=4194304 write_addr=0x3e2f340 write_len=4 is_color=1
xemu-perf: metal_surface_dirty vram_addr=0x3ba1000 size=4194304 write_addr=0x3e2f2c0 write_len=4 is_color=1
xemu-perf: metal_surface_dirty vram_addr=0x3ba1000 size=4194304 write_addr=0x3e2f300 write_len=4 is_color=1
xemu-perf: metal_surface_dirty vram_addr=0x3ba1000 size=4194304 write_addr=0x3e2f340 write_len=4 is_color=1
xemu-perf: metal_screenshot_written path=/tmp/task16-repro2/swizzle-mipmap/metal/screenshots/swizzle-mipmap.0211.png w=640 h=480
xemu-perf: metal_surface_dirty vram_addr=0x3ba1000 size=4194304 write_addr=0x3e2f2a8 write_len=4 is_color=1
xemu-perf: metal_surface_dirty vram_addr=0x3ba1000 size=4194304 write_addr=0x3e2f300 write_len=4 is_color=1
xemu-perf: metal_surface_dirty vram_addr=0x3ba1000 size=4194304 write_addr=0x3e2f340 write_len=4 is_color=1
xemu-perf: metal_surface_dirty vram_addr=0x3ba1000 size=4194304 write_addr=0x3e2f2c8 write_len=4 is_color=1
xemu-perf: metal_surface_dirty vram_addr=0x3ba1000 size=4194304 write_addr=0x3e2f320 write_len=4 is_color=1
xemu-perf: metal_surface_dirty vram_addr=0x3ba1000 size=4194304 write_addr=0x3e2f340 write_len=4 is_color=1
xemu-perf: metal_surface_dirty vram_addr=0x3ba1000 size=4194304 write_addr=0x3e2f290 write_len=4 is_color=1
xemu-perf: metal_surface_dirty vram_addr=0x3ba1000 size=4194304 write_addr=0x3e2f2e8 write_len=4 is_color=1
xemu-perf: metal_surface_dirty vram_addr=0x3ba1000 size=4194304 write_addr=0x3e2f338 write_len=4 is_color=1
xemu-perf: metal_surface_dirty vram_addr=0x3ba1000 size=4194304 write_addr=0x3e2f340 write_len=4 is_color=1
xemu-perf: metal_surface_dirty vram_addr=0x3ba1000 size=4194304 write_addr=0x3e2f288 write_len=4 is_color=1
xemu-perf: metal_surface_dirty vram_addr=0x3ba1000 size=4194304 write_addr=0x3e2f2e0 write_len=4 is_color=1
xemu-perf: metal_surface_dirty vram_addr=0x3ba1000 size=4194304 write_addr=0x3e2f308 write_len=4 is_color=1
xemu-perf: metal_surface_dirty vram_addr=0x3ba1000 size=4194304 write_addr=0x3e2f340 write_len=4 is_color=1
xemu-perf: metal_surface_dirty vram_addr=0x3ba1000 size=4194304 write_addr=0x3e2f290 write_len=4 is_color=1
xemu-perf: metal_surface_dirty vram_addr=0x3ba1000 size=4194304 write_addr=0x3e2f2e0 write_len=4 is_color=1
xemu-perf: metal_surface_dirty vram_addr=0x3ba1000 size=4194304 write_addr=0x3e2f328 write_len=4 is_color=1
xemu-perf: metal_surface_dirty vram_addr=0x3ba1000 size=4194304 write_addr=0x3e2f340 write_len=4 is_color=1
xemu-perf: metal_screenshot_written path=/tmp/task16-repro2/swizzle-mipmap/metal/screenshots/swizzle-mipmap.0212.png w=640 h=480
xemu-perf: metal_surface_dirty vram_addr=0x3ba1000 size=4194304 write_addr=0x3e2f290 write_len=4 is_color=1
xemu-perf: metal_surface_dirty vram_addr=0x3ba1000 size=4194304 write_addr=0x3e2f2e0 write_len=4 is_color=1
xemu-perf: metal_surface_dirty vram_addr=0x3ba1000 size=4194304 write_addr=0x3e2f328 write_len=4 is_color=1
xemu-perf: metal_surface_dirty vram_addr=0x3ba1000 size=4194304 write_addr=0x3e2f340 write_len=4 is_color=1
xemu-perf: metal_surface_dirty vram_addr=0x3ba1000 size=4194304 write_addr=0x3e2f2a8 write_len=4 is_color=1
xemu-perf: metal_surface_dirty vram_addr=0x3ba1000 size=4194304 write_addr=0x3e2f2f0 write_len=4 is_color=1
xemu-perf: metal_surface_dirty vram_addr=0x3ba1000 size=4194304 write_addr=0x3e2f340 write_len=4 is_color=1
xemu-perf: metal_surface_dirty vram_addr=0x3ba1000 size=4194304 write_addr=0x3e2f280 write_len=4 is_color=1
xemu-perf: metal_surface_dirty vram_addr=0x3ba1000 size=4194304 write_addr=0x3e2f2c8 write_len=4 is_color=1
xemu-perf: metal_surface_dirty vram_addr=0x3ba1000 size=4194304 write_addr=0x3e2f330 write_len=4 is_color=1
xemu-perf: metal_surface_dirty vram_addr=0x3ba1000 size=4194304 write_addr=0x3e2f340 write_len=4 is_color=1
xemu-perf: metal_surface_dirty vram_addr=0x3ba1000 size=4194304 write_addr=0x3e2f290 write_len=4 is_color=1
xemu-perf: metal_surface_dirty vram_addr=0x3ba1000 size=4194304 write_addr=0x3e2f2e8 write_len=4 is_color=1
xemu-perf: metal_surface_dirty vram_addr=0x3ba1000 size=4194304 write_addr=0x3e2f340 write_len=4 is_color=1
xemu-perf: metal_surface_dirty vram_addr=0x3ba1000 size=4194304 write_addr=0x3e2f2c8 write_len=4 is_color=1
xemu-perf: metal_surface_dirty vram_addr=0x3ba1000 size=4194304 write_addr=0x3e2f320 write_len=4 is_color=1
xemu-perf: metal_surface_dirty vram_addr=0x3ba1000 size=4194304 write_addr=0x3e2f340 write_len=4 is_color=1
xemu-perf: metal_screenshot_written path=/tmp/task16-repro2/swizzle-mipmap/metal/screenshots/swizzle-mipmap.0213.png w=640 h=480
xemu-perf: metal_surface_dirty vram_addr=0x3ba1000 size=4194304 write_addr=0x3e2f290 write_len=4 is_color=1
xemu-perf: metal_surface_dirty vram_addr=0x3ba1000 size=4194304 write_addr=0x3e2f2e0 write_len=4 is_color=1
xemu-perf: metal_surface_dirty vram_addr=0x3ba1000 size=4194304 write_addr=0x3e2f330 write_len=4 is_color=1
xemu-perf: metal_surface_dirty vram_addr=0x3ba1000 size=4194304 write_addr=0x3e2f340 write_len=4 is_color=1
xemu-perf: metal_surface_dirty vram_addr=0x3ba1000 size=4194304 write_addr=0x3e2f2b4 write_len=4 is_color=1
xemu-perf: metal_surface_dirty vram_addr=0x3ba1000 size=4194304 write_addr=0x3e2f300 write_len=4 is_color=1
xemu-perf: metal_surface_dirty vram_addr=0x3ba1000 size=4194304 write_addr=0x3e2f340 write_len=4 is_color=1
xemu-perf: metal_surface_dirty vram_addr=0x3ba1000 size=4194304 write_addr=0x3e2f280 write_len=4 is_color=1
xemu-perf: metal_surface_dirty vram_addr=0x3ba1000 size=4194304 write_addr=0x3e2f2c8 write_len=4 is_color=1
xemu-perf: metal_surface_dirty vram_addr=0x3ba1000 size=4194304 write_addr=0x3e2f328 write_len=4 is_color=1
xemu-perf: metal_surface_dirty vram_addr=0x3ba1000 size=4194304 write_addr=0x3e2f340 write_len=4 is_color=1
xemu-perf: metal_surface_dirty vram_addr=0x3ba1000 size=4194304 write_addr=0x3e2f2a8 write_len=4 is_color=1
xemu-perf: metal_surface_dirty vram_addr=0x3ba1000 size=4194304 write_addr=0x3e2f328 write_len=4 is_color=1
xemu-perf: metal_surface_dirty vram_addr=0x3ba1000 size=4194304 write_addr=0x3e2f340 write_len=4 is_color=1
xemu-perf: metal_surface_dirty vram_addr=0x3ba1000 size=4194304 write_addr=0x3e2f290 write_len=4 is_color=1
xemu-perf: metal_surface_dirty vram_addr=0x3ba1000 size=4194304 write_addr=0x3e2f2e8 write_len=4 is_color=1
xemu-perf: metal_surface_dirty vram_addr=0x3ba1000 size=4194304 write_addr=0x3e2f340 write_len=4 is_color=1
xemu-perf: metal_screenshot_written path=/tmp/task16-repro2/swizzle-mipmap/metal/screenshots/swizzle-mipmap.0214.png w=640 h=480
xemu-perf: metal_surface_dirty vram_addr=0x3ba1000 size=4194304 write_addr=0x3e2f288 write_len=4 is_color=1
xemu-perf: metal_surface_dirty vram_addr=0x3ba1000 size=4194304 write_addr=0x3e2f2f0 write_len=4 is_color=1
xemu-perf: metal_surface_dirty vram_addr=0x3ba1000 size=4194304 write_addr=0x3e2f340 write_len=4 is_color=1
xemu-perf: metal_surface_dirty vram_addr=0x3ba1000 size=4194304 write_addr=0x3e2f288 write_len=4 is_color=1
xemu-perf: metal_surface_dirty vram_addr=0x3ba1000 size=4194304 write_addr=0x3e2f2e8 write_len=4 is_color=1
xemu-perf: metal_surface_dirty vram_addr=0x3ba1000 size=4194304 write_addr=0x3e2f340 write_len=4 is_color=1
xemu-perf: metal_surface_dirty vram_addr=0x3ba1000 size=4194304 write_addr=0x3e2f290 write_len=4 is_color=1
xemu-perf: metal_surface_dirty vram_addr=0x3ba1000 size=4194304 write_addr=0x3e2f2e8 write_len=4 is_color=1
xemu-perf: metal_surface_dirty vram_addr=0x3ba1000 size=4194304 write_addr=0x3e2f340 write_len=4 is_color=1
xemu-perf: metal_surface_dirty vram_addr=0x3ba1000 size=4194304 write_addr=0x3e2f290 write_len=4 is_color=1
xemu-perf: metal_surface_dirty vram_addr=0x3ba1000 size=4194304 write_addr=0x3e2f2b8 write_len=4 is_color=1
xemu-perf: metal_surface_dirty vram_addr=0x3ba1000 size=4194304 write_addr=0x3e2f300 write_len=4 is_color=1
xemu-perf: metal_surface_dirty vram_addr=0x3ba1000 size=4194304 write_addr=0x3e2f340 write_len=4 is_color=1
xemu-perf: metal_surface_dirty vram_addr=0x3ba1000 size=4194304 write_addr=0x3e2f290 write_len=4 is_color=1
xemu-perf: metal_surface_dirty vram_addr=0x3ba1000 size=4194304 write_addr=0x3e2f2e0 write_len=4 is_color=1
xemu-perf: metal_surface_dirty vram_addr=0x3ba1000 size=4194304 write_addr=0x3e2f328 write_len=4 is_color=1
xemu-perf: metal_surface_dirty vram_addr=0x3ba1000 size=4194304 write_addr=0x3e2f340 write_len=4 is_color=1
xemu-perf: metal_screenshot_written path=/tmp/task16-repro2/swizzle-mipmap/metal/screenshots/swizzle-mipmap.0215.png w=640 h=480
xemu-perf: metal_surface_dirty vram_addr=0x3ba1000 size=4194304 write_addr=0x3e2f2c0 write_len=4 is_color=1
xemu-perf: metal_surface_dirty vram_addr=0x3ba1000 size=4194304 write_addr=0x3e2f300 write_len=4 is_color=1
xemu-perf: metal_surface_dirty vram_addr=0x3ba1000 size=4194304 write_addr=0x3e2f340 write_len=4 is_color=1
xemu-perf: metal_surface_dirty vram_addr=0x3ba1000 size=4194304 write_addr=0x3e2f290 write_len=4 is_color=1
xemu-perf: metal_surface_dirty vram_addr=0x3ba1000 size=4194304 write_addr=0x3e2f2e8 write_len=4 is_color=1
xemu-perf: metal_surface_dirty vram_addr=0x3ba1000 size=4194304 write_addr=0x3e2f340 write_len=4 is_color=1
xemu-perf: metal_surface_dirty vram_addr=0x3ba1000 size=4194304 write_addr=0x3e2f2c0 write_len=4 is_color=1
xemu-perf: metal_surface_dirty vram_addr=0x3ba1000 size=4194304 write_addr=0x3e2f320 write_len=4 is_color=1
xemu-perf: metal_surface_dirty vram_addr=0x3ba1000 size=4194304 write_addr=0x3e2f340 write_len=4 is_color=1
xemu-perf: metal_surface_dirty vram_addr=0x3ba1000 size=4194304 write_addr=0x3e2f2c0 write_len=4 is_color=1
xemu-perf: metal_surface_dirty vram_addr=0x3ba1000 size=4194304 write_addr=0x3e2f2e8 write_len=4 is_color=1
xemu-perf: metal_surface_dirty vram_addr=0x3ba1000 size=4194304 write_addr=0x3e2f340 write_len=4 is_color=1
xemu-perf: metal_surface_dirty vram_addr=0x3ba1000 size=4194304 write_addr=0x3e2f2a0 write_len=4 is_color=1
xemu-perf: metal_surface_dirty vram_addr=0x3ba1000 size=4194304 write_addr=0x3e2f2e0 write_len=4 is_color=1
xemu-perf: metal_surface_dirty vram_addr=0x3ba1000 size=4194304 write_addr=0x3e2f328 write_len=4 is_color=1
xemu-perf: metal_surface_dirty vram_addr=0x3ba1000 size=4194304 write_addr=0x3e2f340 write_len=4 is_color=1
xemu-perf: metal_screenshot_written path=/tmp/task16-repro2/swizzle-mipmap/metal/screenshots/swizzle-mipmap.0216.png w=640 h=480
xemu-perf: metal_surface_dirty vram_addr=0x3ba1000 size=4194304 write_addr=0x3e2f290 write_len=4 is_color=1
xemu-perf: metal_surface_dirty vram_addr=0x3ba1000 size=4194304 write_addr=0x3e2f300 write_len=4 is_color=1
xemu-perf: metal_surface_dirty vram_addr=0x3ba1000 size=4194304 write_addr=0x3e2f340 write_len=4 is_color=1
xemu-perf: metal_surface_dirty vram_addr=0x3ba1000 size=4194304 write_addr=0x3e2f2a8 write_len=4 is_color=1
xemu-perf: metal_surface_dirty vram_addr=0x3ba1000 size=4194304 write_addr=0x3e2f30c write_len=4 is_color=1
xemu-perf: metal_surface_dirty vram_addr=0x3ba1000 size=4194304 write_addr=0x3e2f340 write_len=4 is_color=1
xemu-perf: metal_surface_dirty vram_addr=0x3ba1000 size=4194304 write_addr=0x3e2f2a0 write_len=4 is_color=1
xemu-perf: metal_surface_dirty vram_addr=0x3ba1000 size=4194304 write_addr=0x3e2f2e8 write_len=4 is_color=1
xemu-perf: metal_surface_dirty vram_addr=0x3ba1000 size=4194304 write_addr=0x3e2f340 write_len=4 is_color=1
xemu-perf: metal_surface_dirty vram_addr=0x3ba1000 size=4194304 write_addr=0x3e2f298 write_len=4 is_color=1
xemu-perf: metal_surface_dirty vram_addr=0x3ba1000 size=4194304 write_addr=0x3e2f2e8 write_len=4 is_color=1
xemu-perf: metal_surface_dirty vram_addr=0x3ba1000 size=4194304 write_addr=0x3e2f340 write_len=4 is_color=1
xemu-perf: metal_surface_dirty vram_addr=0x3ba1000 size=4194304 write_addr=0x3e2f288 write_len=4 is_color=1
xemu-perf: metal_surface_dirty vram_addr=0x3ba1000 size=4194304 write_addr=0x3e2f2c4 write_len=4 is_color=1
xemu-perf: metal_surface_dirty vram_addr=0x3ba1000 size=4194304 write_addr=0x3e2f308 write_len=4 is_color=1
xemu-perf: metal_surface_dirty vram_addr=0x3ba1000 size=4194304 write_addr=0x3e2f340 write_len=4 is_color=1
xemu-perf: metal_screenshot_written path=/tmp/task16-repro2/swizzle-mipmap/metal/screenshots/swizzle-mipmap.0217.png w=640 h=480
xemu-perf: metal_surface_dirty vram_addr=0x3ba1000 size=4194304 write_addr=0x3e2f2c4 write_len=4 is_color=1
xemu-perf: metal_surface_dirty vram_addr=0x3ba1000 size=4194304 write_addr=0x3e2f308 write_len=4 is_color=1
xemu-perf: metal_surface_dirty vram_addr=0x3ba1000 size=4194304 write_addr=0x3e2f340 write_len=4 is_color=1
xemu-perf: metal_surface_dirty vram_addr=0x3ba1000 size=4194304 write_addr=0x3e2f2a0 write_len=4 is_color=1
xemu-perf: metal_surface_dirty vram_addr=0x3ba1000 size=4194304 write_addr=0x3e2f2e0 write_len=4 is_color=1
xemu-perf: metal_surface_dirty vram_addr=0x3ba1000 size=4194304 write_addr=0x3e2f328 write_len=4 is_color=1
xemu-perf: metal_surface_dirty vram_addr=0x3ba1000 size=4194304 write_addr=0x3e2f340 write_len=4 is_color=1
xemu-perf: metal_surface_dirty vram_addr=0x3ba1000 size=4194304 write_addr=0x3e2f2c8 write_len=4 is_color=1
xemu-perf: metal_surface_dirty vram_addr=0x3ba1000 size=4194304 write_addr=0x3e2f320 write_len=4 is_color=1
xemu-perf: metal_surface_dirty vram_addr=0x3ba1000 size=4194304 write_addr=0x3e2f340 write_len=4 is_color=1
xemu-perf: metal_surface_dirty vram_addr=0x3ba1000 size=4194304 write_addr=0x3e2f2a8 write_len=4 is_color=1
xemu-perf: metal_surface_dirty vram_addr=0x3ba1000 size=4194304 write_addr=0x3e2f320 write_len=4 is_color=1
xemu-perf: metal_surface_dirty vram_addr=0x3ba1000 size=4194304 write_addr=0x3e2f340 write_len=4 is_color=1
xemu-perf: metal_surface_dirty vram_addr=0x3ba1000 size=4194304 write_addr=0x3e2f2a8 write_len=4 is_color=1
xemu-perf: metal_surface_dirty vram_addr=0x3ba1000 size=4194304 write_addr=0x3e2f308 write_len=4 is_color=1
xemu-perf: metal_surface_dirty vram_addr=0x3ba1000 size=4194304 write_addr=0x3e2f340 write_len=4 is_color=1
xemu-perf: metal_screenshot_written path=/tmp/task16-repro2/swizzle-mipmap/metal/screenshots/swizzle-mipmap.0218.png w=640 h=480
xemu-perf: metal_surface_dirty vram_addr=0x3ba1000 size=4194304 write_addr=0x3e2f288 write_len=4 is_color=1
xemu-perf: metal_surface_dirty vram_addr=0x3ba1000 size=4194304 write_addr=0x3e2f2e0 write_len=4 is_color=1
xemu-perf: metal_surface_dirty vram_addr=0x3ba1000 size=4194304 write_addr=0x3e2f328 write_len=4 is_color=1
xemu-perf: metal_surface_dirty vram_addr=0x3ba1000 size=4194304 write_addr=0x3e2f340 write_len=4 is_color=1
xemu-perf: metal_surface_dirty vram_addr=0x3ba1000 size=4194304 write_addr=0x3e2f298 write_len=4 is_color=1
xemu-perf: metal_surface_dirty vram_addr=0x3ba1000 size=4194304 write_addr=0x3e2f2e8 write_len=4 is_color=1
xemu-perf: metal_surface_dirty vram_addr=0x3ba1000 size=4194304 write_addr=0x3e2f340 write_len=4 is_color=1
xemu-perf: metal_surface_dirty vram_addr=0x3ba1000 size=4194304 write_addr=0x3e2f280 write_len=4 is_color=1
xemu-perf: metal_surface_dirty vram_addr=0x3ba1000 size=4194304 write_addr=0x3e2f2c8 write_len=4 is_color=1
xemu-perf: metal_surface_dirty vram_addr=0x3ba1000 size=4194304 write_addr=0x3e2f328 write_len=4 is_color=1
xemu-perf: metal_surface_dirty vram_addr=0x3ba1000 size=4194304 write_addr=0x3e2f340 write_len=4 is_color=1
xemu-perf: metal_surface_dirty vram_addr=0x3ba1000 size=4194304 write_addr=0x3e2f288 write_len=4 is_color=1
xemu-perf: metal_surface_dirty vram_addr=0x3ba1000 size=4194304 write_addr=0x3e2f2e8 write_len=4 is_color=1
xemu-perf: metal_surface_dirty vram_addr=0x3ba1000 size=4194304 write_addr=0x3e2f340 write_len=4 is_color=1
xemu-perf: metal_surface_dirty vram_addr=0x3ba1000 size=4194304 write_addr=0x3e2f2e8 write_len=4 is_color=1
xemu-perf: metal_surface_dirty vram_addr=0x3ba1000 size=4194304 write_addr=0x3e2f340 write_len=4 is_color=1
xemu-perf: metal_screenshot_written path=/tmp/task16-repro2/swizzle-mipmap/metal/screenshots/swizzle-mipmap.0219.png w=640 h=480
xemu-perf: metal_surface_dirty vram_addr=0x3ba1000 size=4194304 write_addr=0x3e2f2c8 write_len=4 is_color=1
xemu-perf: metal_surface_dirty vram_addr=0x3ba1000 size=4194304 write_addr=0x3e2f320 write_len=4 is_color=1
xemu-perf: metal_surface_dirty vram_addr=0x3ba1000 size=4194304 write_addr=0x3e2f340 write_len=4 is_color=1
xemu-perf: metal_surface_dirty vram_addr=0x3ba1000 size=4194304 write_addr=0x3e2f290 write_len=4 is_color=1
xemu-perf: metal_surface_dirty vram_addr=0x3ba1000 size=4194304 write_addr=0x3e2f2e8 write_len=4 is_color=1
xemu-perf: metal_surface_dirty vram_addr=0x3ba1000 size=4194304 write_addr=0x3e2f340 write_len=4 is_color=1
xemu-perf: metal_surface_dirty vram_addr=0x3ba1000 size=4194304 write_addr=0x3e2f2c8 write_len=4 is_color=1
xemu-perf: metal_surface_dirty vram_addr=0x3ba1000 size=4194304 write_addr=0x3e2f320 write_len=4 is_color=1
xemu-perf: metal_surface_dirty vram_addr=0x3ba1000 size=4194304 write_addr=0x3e2f340 write_len=4 is_color=1
xemu-perf: metal_surface_dirty vram_addr=0x3ba1000 size=4194304 write_addr=0x3e2f288 write_len=4 is_color=1
xemu-perf: metal_surface_dirty vram_addr=0x3ba1000 size=4194304 write_addr=0x3e2f2e8 write_len=4 is_color=1
xemu-perf: metal_surface_dirty vram_addr=0x3ba1000 size=4194304 write_addr=0x3e2f340 write_len=4 is_color=1
xemu-perf: metal_surface_dirty vram_addr=0x3ba1000 size=4194304 write_addr=0x3e2f290 write_len=4 is_color=1
xemu-perf: metal_surface_dirty vram_addr=0x3ba1000 size=4194304 write_addr=0x3e2f2f0 write_len=4 is_color=1
xemu-perf: metal_surface_dirty vram_addr=0x3ba1000 size=4194304 write_addr=0x3e2f340 write_len=4 is_color=1
xemu-perf: metal_screenshot_written path=/tmp/task16-repro2/swizzle-mipmap/metal/screenshots/swizzle-mipmap.0220.png w=640 h=480
xemu-perf: metal_surface_dirty vram_addr=0x3ba1000 size=4194304 write_addr=0x3e2f280 write_len=4 is_color=1
xemu-perf: metal_surface_dirty vram_addr=0x3ba1000 size=4194304 write_addr=0x3e2f2c8 write_len=4 is_color=1
xemu-perf: metal_surface_dirty vram_addr=0x3ba1000 size=4194304 write_addr=0x3e2f328 write_len=4 is_color=1
xemu-perf: metal_surface_dirty vram_addr=0x3ba1000 size=4194304 write_addr=0x3e2f340 write_len=4 is_color=1
xemu-perf: metal_surface_dirty vram_addr=0x3ba1000 size=4194304 write_addr=0x3e2f290 write_len=4 is_color=1
xemu-perf: metal_surface_dirty vram_addr=0x3ba1000 size=4194304 write_addr=0x3e2f2e8 write_len=4 is_color=1
xemu-perf: metal_surface_dirty vram_addr=0x3ba1000 size=4194304 write_addr=0x3e2f340 write_len=4 is_color=1
xemu-perf: metal_surface_dirty vram_addr=0x3ba1000 size=4194304 write_addr=0x3e2f2c0 write_len=4 is_color=1
xemu-perf: metal_surface_dirty vram_addr=0x3ba1000 size=4194304 write_addr=0x3e2f300 write_len=4 is_color=1
xemu-perf: metal_surface_dirty vram_addr=0x3ba1000 size=4194304 write_addr=0x3e2f340 write_len=4 is_color=1
xemu-perf: metal_surface_dirty vram_addr=0x3ba1000 size=4194304 write_addr=0x3e2f290 write_len=4 is_color=1
xemu-perf: metal_surface_dirty vram_addr=0x3ba1000 size=4194304 write_addr=0x3e2f2e0 write_len=4 is_color=1
xemu-perf: metal_surface_dirty vram_addr=0x3ba1000 size=4194304 write_addr=0x3e2f330 write_len=4 is_color=1
xemu-perf: metal_surface_dirty vram_addr=0x3ba1000 size=4194304 write_addr=0x3e2f340 write_len=4 is_color=1
xemu-perf: metal_surface_dirty vram_addr=0x3ba1000 size=4194304 write_addr=0x3e2f280 write_len=4 is_color=1
xemu-perf: metal_surface_dirty vram_addr=0x3ba1000 size=4194304 write_addr=0x3e2f2d8 write_len=4 is_color=1
xemu-perf: metal_surface_dirty vram_addr=0x3ba1000 size=4194304 write_addr=0x3e2f320 write_len=4 is_color=1
xemu-perf: metal_surface_dirty vram_addr=0x3ba1000 size=4194304 write_addr=0x3e2f340 write_len=4 is_color=1
xemu-perf: metal_screenshot_written path=/tmp/task16-repro2/swizzle-mipmap/metal/screenshots/swizzle-mipmap.0221.png w=640 h=480
xemu-perf: metal_surface_dirty vram_addr=0x3ba1000 size=4194304 write_addr=0x3e2f280 write_len=4 is_color=1
xemu-perf: metal_surface_dirty vram_addr=0x3ba1000 size=4194304 write_addr=0x3e2f2c8 write_len=4 is_color=1
xemu-perf: metal_surface_dirty vram_addr=0x3ba1000 size=4194304 write_addr=0x3e2f320 write_len=4 is_color=1
xemu-perf: metal_surface_dirty vram_addr=0x3ba1000 size=4194304 write_addr=0x3e2f340 write_len=4 is_color=1
xemu-perf: metal_surface_dirty vram_addr=0x3ba1000 size=4194304 write_addr=0x3e2f290 write_len=4 is_color=1
xemu-perf: metal_surface_dirty vram_addr=0x3ba1000 size=4194304 write_addr=0x3e2f308 write_len=4 is_color=1
xemu-perf: metal_surface_dirty vram_addr=0x3ba1000 size=4194304 write_addr=0x3e2f328 write_len=4 is_color=1
xemu-perf: metal_surface_dirty vram_addr=0x3ba1000 size=4194304 write_addr=0x3e2f340 write_len=4 is_color=1
xemu-perf: metal_surface_dirty vram_addr=0x3ba1000 size=4194304 write_addr=0x3e2f2a0 write_len=4 is_color=1
xemu-perf: metal_surface_dirty vram_addr=0x3ba1000 size=4194304 write_addr=0x3e2f2e8 write_len=4 is_color=1
xemu-perf: metal_surface_dirty vram_addr=0x3ba1000 size=4194304 write_addr=0x3e2f340 write_len=4 is_color=1
xemu-perf: metal_surface_dirty vram_addr=0x3ba1000 size=4194304 write_addr=0x3e2f288 write_len=4 is_color=1
xemu-perf: metal_surface_dirty vram_addr=0x3ba1000 size=4194304 write_addr=0x3e2f2e0 write_len=4 is_color=1
xemu-perf: metal_surface_dirty vram_addr=0x3ba1000 size=4194304 write_addr=0x3e2f340 write_len=4 is_color=1
xemu-perf: metal_surface_dirty vram_addr=0x3ba1000 size=4194304 write_addr=0x3e2f2a8 write_len=4 is_color=1
xemu-perf: metal_surface_dirty vram_addr=0x3ba1000 size=4194304 write_addr=0x3e2f308 write_len=4 is_color=1
xemu-perf: metal_surface_dirty vram_addr=0x3ba1000 size=4194304 write_addr=0x3e2f340 write_len=4 is_color=1
xemu-perf: metal_screenshot_written path=/tmp/task16-repro2/swizzle-mipmap/metal/screenshots/swizzle-mipmap.0222.png w=640 h=480
xemu-perf: metal_surface_dirty vram_addr=0x3ba1000 size=4194304 write_addr=0x3e2f2a0 write_len=4 is_color=1
xemu-perf: metal_surface_dirty vram_addr=0x3ba1000 size=4194304 write_addr=0x3e2f2f0 write_len=4 is_color=1
xemu-perf: metal_surface_dirty vram_addr=0x3ba1000 size=4194304 write_addr=0x3e2f340 write_len=4 is_color=1
xemu-perf: metal_surface_dirty vram_addr=0x3ba1000 size=4194304 write_addr=0x3e2f2c0 write_len=4 is_color=1
xemu-perf: metal_surface_dirty vram_addr=0x3ba1000 size=4194304 write_addr=0x3e2f300 write_len=4 is_color=1
xemu-perf: metal_surface_dirty vram_addr=0x3ba1000 size=4194304 write_addr=0x3e2f340 write_len=4 is_color=1
xemu-perf: metal_surface_dirty vram_addr=0x3ba1000 size=4194304 write_addr=0x3e2f288 write_len=4 is_color=1
xemu-perf: metal_surface_dirty vram_addr=0x3ba1000 size=4194304 write_addr=0x3e2f2e8 write_len=4 is_color=1
xemu-perf: metal_surface_dirty vram_addr=0x3ba1000 size=4194304 write_addr=0x3e2f340 write_len=4 is_color=1
xemu-perf: metal_surface_dirty vram_addr=0x3ba1000 size=4194304 write_addr=0x3e2f290 write_len=4 is_color=1
xemu-perf: metal_surface_dirty vram_addr=0x3ba1000 size=4194304 write_addr=0x3e2f2a8 write_len=4 is_color=1
xemu-perf: metal_surface_dirty vram_addr=0x3ba1000 size=4194304 write_addr=0x3e2f300 write_len=4 is_color=1
xemu-perf: metal_surface_dirty vram_addr=0x3ba1000 size=4194304 write_addr=0x3e2f328 write_len=4 is_color=1
xemu-perf: metal_surface_dirty vram_addr=0x3ba1000 size=4194304 write_addr=0x3e2f340 write_len=4 is_color=1
xemu-perf: metal_surface_dirty vram_addr=0x3ba1000 size=4194304 write_addr=0x3e2f290 write_len=4 is_color=1
xemu-perf: metal_surface_dirty vram_addr=0x3ba1000 size=4194304 write_addr=0x3e2f2c8 write_len=4 is_color=1
xemu-perf: metal_surface_dirty vram_addr=0x3ba1000 size=4194304 write_addr=0x3e2f320 write_len=4 is_color=1
xemu-perf: metal_surface_dirty vram_addr=0x3ba1000 size=4194304 write_addr=0x3e2f340 write_len=4 is_color=1
xemu-perf: metal_screenshot_written path=/tmp/task16-repro2/swizzle-mipmap/metal/screenshots/swizzle-mipmap.0223.png w=640 h=480
xemu-perf: metal_surface_dirty vram_addr=0x3ba1000 size=4194304 write_addr=0x3e2f294 write_len=4 is_color=1
xemu-perf: metal_surface_dirty vram_addr=0x3ba1000 size=4194304 write_addr=0x3e2f2e0 write_len=4 is_color=1
xemu-perf: metal_surface_dirty vram_addr=0x3ba1000 size=4194304 write_addr=0x3e2f328 write_len=4 is_color=1
xemu-perf: metal_surface_dirty vram_addr=0x3ba1000 size=4194304 write_addr=0x3e2f340 write_len=4 is_color=1
xemu-perf: metal_surface_dirty vram_addr=0x3ba1000 size=4194304 write_addr=0x3e2f288 write_len=4 is_color=1
xemu-perf: metal_surface_dirty vram_addr=0x3ba1000 size=4194304 write_addr=0x3e2f2e8 write_len=4 is_color=1
xemu-perf: metal_surface_dirty vram_addr=0x3ba1000 size=4194304 write_addr=0x3e2f340 write_len=4 is_color=1
xemu-perf: metal_surface_dirty vram_addr=0x3ba1000 size=4194304 write_addr=0x3e2f280 write_len=4 is_color=1
xemu-perf: metal_surface_dirty vram_addr=0x3ba1000 size=4194304 write_addr=0x3e2f2c8 write_len=4 is_color=1
xemu-perf: metal_surface_dirty vram_addr=0x3ba1000 size=4194304 write_addr=0x3e2f320 write_len=4 is_color=1
xemu-perf: metal_surface_dirty vram_addr=0x3ba1000 size=4194304 write_addr=0x3e2f340 write_len=4 is_color=1
xemu-perf: metal_surface_dirty vram_addr=0x3ba1000 size=4194304 write_addr=0x3e2f294 write_len=4 is_color=1
xemu-perf: metal_surface_dirty vram_addr=0x3ba1000 size=4194304 write_addr=0x3e2f2e8 write_len=4 is_color=1
xemu-perf: metal_surface_dirty vram_addr=0x3ba1000 size=4194304 write_addr=0x3e2f340 write_len=4 is_color=1
xemu-perf: metal_surface_dirty vram_addr=0x3ba1000 size=4194304 write_addr=0x3e2f2a8 write_len=4 is_color=1
xemu-perf: metal_surface_dirty vram_addr=0x3ba1000 size=4194304 write_addr=0x3e2f328 write_len=4 is_color=1
xemu-perf: metal_surface_dirty vram_addr=0x3ba1000 size=4194304 write_addr=0x3e2f340 write_len=4 is_color=1
xemu-perf: metal_screenshot_written path=/tmp/task16-repro2/swizzle-mipmap/metal/screenshots/swizzle-mipmap.0224.png w=640 h=480
xemu-perf: metal_surface_dirty vram_addr=0x3ba1000 size=4194304 write_addr=0x3e2f2bc write_len=4 is_color=1
xemu-perf: metal_surface_dirty vram_addr=0x3ba1000 size=4194304 write_addr=0x3e2f2c8 write_len=4 is_color=1
xemu-perf: metal_surface_dirty vram_addr=0x3ba1000 size=4194304 write_addr=0x3e2f308 write_len=4 is_color=1
xemu-perf: metal_surface_dirty vram_addr=0x3ba1000 size=4194304 write_addr=0x3e2f340 write_len=4 is_color=1
xemu-perf: metal_surface_dirty vram_addr=0x3ba1000 size=4194304 write_addr=0x3e2f2c0 write_len=4 is_color=1
xemu-perf: metal_surface_dirty vram_addr=0x3ba1000 size=4194304 write_addr=0x3e2f300 write_len=4 is_color=1
xemu-perf: metal_surface_dirty vram_addr=0x3ba1000 size=4194304 write_addr=0x3e2f340 write_len=4 is_color=1
xemu-perf: metal_surface_dirty vram_addr=0x3ba1000 size=4194304 write_addr=0x3e2f290 write_len=4 is_color=1
xemu-perf: metal_surface_dirty vram_addr=0x3ba1000 size=4194304 write_addr=0x3e2f2e8 write_len=4 is_color=1
xemu-perf: metal_surface_dirty vram_addr=0x3ba1000 size=4194304 write_addr=0x3e2f340 write_len=4 is_color=1
xemu-perf: metal_surface_dirty vram_addr=0x3ba1000 size=4194304 write_addr=0x3e2f2c8 write_len=4 is_color=1
xemu-perf: metal_surface_dirty vram_addr=0x3ba1000 size=4194304 write_addr=0x3e2f310 write_len=4 is_color=1
xemu-perf: metal_surface_dirty vram_addr=0x3ba1000 size=4194304 write_addr=0x3e2f340 write_len=4 is_color=1
xemu-perf: metal_surface_dirty vram_addr=0x3ba1000 size=4194304 write_addr=0x3e2f290 write_len=4 is_color=1
xemu-perf: metal_surface_dirty vram_addr=0x3ba1000 size=4194304 write_addr=0x3e2f2e8 write_len=4 is_color=1
xemu-perf: metal_surface_dirty vram_addr=0x3ba1000 size=4194304 write_addr=0x3e2f340 write_len=4 is_color=1
xemu-perf: metal_screenshot_written path=/tmp/task16-repro2/swizzle-mipmap/metal/screenshots/swizzle-mipmap.0225.png w=640 h=480
xemu-perf: metal_surface_dirty vram_addr=0x3ba1000 size=4194304 write_addr=0x3e2f2a8 write_len=4 is_color=1
xemu-perf: metal_surface_dirty vram_addr=0x3ba1000 size=4194304 write_addr=0x3e2f2d0 write_len=4 is_color=1
xemu-perf: metal_surface_dirty vram_addr=0x3ba1000 size=4194304 write_addr=0x3e2f320 write_len=4 is_color=1
xemu-perf: metal_surface_dirty vram_addr=0x3ba1000 size=4194304 write_addr=0x3e2f340 write_len=4 is_color=1
xemu-perf: metal_surface_dirty vram_addr=0x3ba1000 size=4194304 write_addr=0x3e2f2a8 write_len=4 is_color=1
xemu-perf: metal_surface_dirty vram_addr=0x3ba1000 size=4194304 write_addr=0x3e2f318 write_len=4 is_color=1
xemu-perf: metal_surface_dirty vram_addr=0x3ba1000 size=4194304 write_addr=0x3e2f340 write_len=4 is_color=1
xemu-perf: metal_surface_dirty vram_addr=0x3ba1000 size=4194304 write_addr=0x3e2f2a0 write_len=4 is_color=1
xemu-perf: metal_surface_dirty vram_addr=0x3ba1000 size=4194304 write_addr=0x3e2f2f0 write_len=4 is_color=1
xemu-perf: metal_surface_dirty vram_addr=0x3ba1000 size=4194304 write_addr=0x3e2f340 write_len=4 is_color=1
xemu-perf: metal_surface_dirty vram_addr=0x3ba1000 size=4194304 write_addr=0x3e2f29c write_len=4 is_color=1
xemu-perf: metal_surface_dirty vram_addr=0x3ba1000 size=4194304 write_addr=0x3e2f2e0 write_len=4 is_color=1
xemu-perf: metal_surface_dirty vram_addr=0x3ba1000 size=4194304 write_addr=0x3e2f330 write_len=4 is_color=1
xemu-perf: metal_surface_dirty vram_addr=0x3ba1000 size=4194304 write_addr=0x3e2f340 write_len=4 is_color=1
xemu-perf: metal_surface_dirty vram_addr=0x3ba1000 size=4194304 write_addr=0x3e2f288 write_len=4 is_color=1
xemu-perf: metal_surface_dirty vram_addr=0x3ba1000 size=4194304 write_addr=0x3e2f2e0 write_len=4 is_color=1
xemu-perf: metal_surface_dirty vram_addr=0x3ba1000 size=4194304 write_addr=0x3e2f330 write_len=4 is_color=1
xemu-perf: metal_surface_dirty vram_addr=0x3ba1000 size=4194304 write_addr=0x3e2f340 write_len=4 is_color=1
xemu-perf: metal_screenshot_written path=/tmp/task16-repro2/swizzle-mipmap/metal/screenshots/swizzle-mipmap.0226.png w=640 h=480
xemu-perf: metal_surface_dirty vram_addr=0x3ba1000 size=4194304 write_addr=0x3e2f2a0 write_len=4 is_color=1
xemu-perf: metal_surface_dirty vram_addr=0x3ba1000 size=4194304 write_addr=0x3e2f300 write_len=4 is_color=1
xemu-perf: metal_surface_dirty vram_addr=0x3ba1000 size=4194304 write_addr=0x3e2f340 write_len=4 is_color=1
xemu-perf: metal_surface_dirty vram_addr=0x3ba1000 size=4194304 write_addr=0x3e2f2c8 write_len=4 is_color=1
xemu-perf: metal_surface_dirty vram_addr=0x3ba1000 size=4194304 write_addr=0x3e2f2f8 write_len=4 is_color=1
xemu-perf: metal_surface_dirty vram_addr=0x3ba1000 size=4194304 write_addr=0x3e2f340 write_len=4 is_color=1
xemu-perf: metal_surface_dirty vram_addr=0x3ba1000 size=4194304 write_addr=0x3e2f290 write_len=4 is_color=1
xemu-perf: metal_surface_dirty vram_addr=0x3ba1000 size=4194304 write_addr=0x3e2f2c8 write_len=4 is_color=1
xemu-perf: metal_surface_dirty vram_addr=0x3ba1000 size=4194304 write_addr=0x3e2f320 write_len=4 is_color=1
xemu-perf: metal_surface_dirty vram_addr=0x3ba1000 size=4194304 write_addr=0x3e2f340 write_len=4 is_color=1
xemu-perf: metal_surface_dirty vram_addr=0x3ba1000 size=4194304 write_addr=0x3e2f2c0 write_len=4 is_color=1
xemu-perf: metal_surface_dirty vram_addr=0x3ba1000 size=4194304 write_addr=0x3e2f300 write_len=4 is_color=1
xemu-perf: metal_surface_dirty vram_addr=0x3ba1000 size=4194304 write_addr=0x3e2f340 write_len=4 is_color=1
xemu-perf: metal_surface_dirty vram_addr=0x3ba1000 size=4194304 write_addr=0x3e2f2b0 write_len=4 is_color=1
xemu-perf: metal_surface_dirty vram_addr=0x3ba1000 size=4194304 write_addr=0x3e2f2e8 write_len=4 is_color=1
xemu-perf: metal_surface_dirty vram_addr=0x3ba1000 size=4194304 write_addr=0x3e2f340 write_len=4 is_color=1
xemu-perf: metal_screenshot_written path=/tmp/task16-repro2/swizzle-mipmap/metal/screenshots/swizzle-mipmap.0227.png w=640 h=480
xemu-perf: metal_surface_dirty vram_addr=0x3ba1000 size=4194304 write_addr=0x3e2f298 write_len=4 is_color=1
xemu-perf: metal_surface_dirty vram_addr=0x3ba1000 size=4194304 write_addr=0x3e2f2e0 write_len=4 is_color=1
xemu-perf: metal_surface_dirty vram_addr=0x3ba1000 size=4194304 write_addr=0x3e2f328 write_len=4 is_color=1
xemu-perf: metal_surface_dirty vram_addr=0x3ba1000 size=4194304 write_addr=0x3e2f340 write_len=4 is_color=1
xemu-perf: metal_surface_dirty vram_addr=0x3ba1000 size=4194304 write_addr=0x3e2f298 write_len=4 is_color=1
xemu-perf: metal_surface_dirty vram_addr=0x3ba1000 size=4194304 write_addr=0x3e2f2e0 write_len=4 is_color=1
xemu-perf: metal_surface_dirty vram_addr=0x3ba1000 size=4194304 write_addr=0x3e2f320 write_len=4 is_color=1
xemu-perf: metal_surface_dirty vram_addr=0x3ba1000 size=4194304 write_addr=0x3e2f340 write_len=4 is_color=1
xemu-perf: metal_surface_dirty vram_addr=0x3ba1000 size=4194304 write_addr=0x3e2f2a8 write_len=4 is_color=1
xemu-perf: metal_surface_dirty vram_addr=0x3ba1000 size=4194304 write_addr=0x3e2f308 write_len=4 is_color=1
xemu-perf: metal_surface_dirty vram_addr=0x3ba1000 size=4194304 write_addr=0x3e2f340 write_len=4 is_color=1
xemu-perf: metal_surface_dirty vram_addr=0x3ba1000 size=4194304 write_addr=0x3e2f290 write_len=4 is_color=1
xemu-perf: metal_surface_dirty vram_addr=0x3ba1000 size=4194304 write_addr=0x3e2f2e0 write_len=4 is_color=1
xemu-perf: metal_surface_dirty vram_addr=0x3ba1000 size=4194304 write_addr=0x3e2f308 write_len=4 is_color=1
xemu-perf: metal_surface_dirty vram_addr=0x3ba1000 size=4194304 write_addr=0x3e2f340 write_len=4 is_color=1
xemu-perf: metal_surface_dirty vram_addr=0x3ba1000 size=4194304 write_addr=0x3e2f288 write_len=4 is_color=1
xemu-perf: metal_surface_dirty vram_addr=0x3ba1000 size=4194304 write_addr=0x3e2f2c8 write_len=4 is_color=1
xemu-perf: metal_surface_dirty vram_addr=0x3ba1000 size=4194304 write_addr=0x3e2f318 write_len=4 is_color=1
xemu-perf: metal_surface_dirty vram_addr=0x3ba1000 size=4194304 write_addr=0x3e2f340 write_len=4 is_color=1
xemu-perf: metal_screenshot_written path=/tmp/task16-repro2/swizzle-mipmap/metal/screenshots/swizzle-mipmap.0228.png w=640 h=480
xemu-perf: metal_surface_dirty vram_addr=0x3ba1000 size=4194304 write_addr=0x3e2f2a8 write_len=4 is_color=1
xemu-perf: metal_surface_dirty vram_addr=0x3ba1000 size=4194304 write_addr=0x3e2f310 write_len=4 is_color=1
xemu-perf: metal_surface_dirty vram_addr=0x3ba1000 size=4194304 write_addr=0x3e2f340 write_len=4 is_color=1
xemu-perf: metal_surface_dirty vram_addr=0x3ba1000 size=4194304 write_addr=0x3e2f290 write_len=4 is_color=1
xemu-perf: metal_surface_dirty vram_addr=0x3ba1000 size=4194304 write_addr=0x3e2f2e0 write_len=4 is_color=1
xemu-perf: metal_surface_dirty vram_addr=0x3ba1000 size=4194304 write_addr=0x3e2f328 write_len=4 is_color=1
xemu-perf: metal_surface_dirty vram_addr=0x3ba1000 size=4194304 write_addr=0x3e2f340 write_len=4 is_color=1
xemu-perf: metal_surface_dirty vram_addr=0x3ba1000 size=4194304 write_addr=0x3e2f294 write_len=4 is_color=1
xemu-perf: metal_surface_dirty vram_addr=0x3ba1000 size=4194304 write_addr=0x3e2f2e8 write_len=4 is_color=1
xemu-perf: metal_surface_dirty vram_addr=0x3ba1000 size=4194304 write_addr=0x3e2f340 write_len=4 is_color=1
xemu-perf: metal_surface_dirty vram_addr=0x3ba1000 size=4194304 write_addr=0x3e2f2a8 write_len=4 is_color=1
xemu-perf: metal_surface_dirty vram_addr=0x3ba1000 size=4194304 write_addr=0x3e2f2c8 write_len=4 is_color=1
xemu-perf: metal_surface_dirty vram_addr=0x3ba1000 size=4194304 write_addr=0x3e2f320 write_len=4 is_color=1
xemu-perf: metal_surface_dirty vram_addr=0x3ba1000 size=4194304 write_addr=0x3e2f340 write_len=4 is_color=1
xemu-perf: metal_surface_dirty vram_addr=0x3ba1000 size=4194304 write_addr=0x3e2f290 write_len=4 is_color=1
xemu-perf: metal_surface_dirty vram_addr=0x3ba1000 size=4194304 write_addr=0x3e2f2e8 write_len=4 is_color=1
xemu-perf: metal_surface_dirty vram_addr=0x3ba1000 size=4194304 write_addr=0x3e2f340 write_len=4 is_color=1
xemu-perf: metal_screenshot_written path=/tmp/task16-repro2/swizzle-mipmap/metal/screenshots/swizzle-mipmap.0229.png w=640 h=480
xemu-perf: metal_surface_dirty vram_addr=0x3ba1000 size=4194304 write_addr=0x3e2f2c0 write_len=4 is_color=1
xemu-perf: metal_surface_dirty vram_addr=0x3ba1000 size=4194304 write_addr=0x3e2f308 write_len=4 is_color=1
xemu-perf: metal_surface_dirty vram_addr=0x3ba1000 size=4194304 write_addr=0x3e2f340 write_len=4 is_color=1
xemu-perf: metal_surface_dirty vram_addr=0x3ba1000 size=4194304 write_addr=0x3e2f280 write_len=4 is_color=1
xemu-perf: metal_surface_dirty vram_addr=0x3ba1000 size=4194304 write_addr=0x3e2f2e8 write_len=4 is_color=1
xemu-perf: metal_surface_dirty vram_addr=0x3ba1000 size=4194304 write_addr=0x3e2f340 write_len=4 is_color=1
xemu-perf: metal_surface_dirty vram_addr=0x3ba1000 size=4194304 write_addr=0x3e2f298 write_len=4 is_color=1
xemu-perf: metal_surface_dirty vram_addr=0x3ba1000 size=4194304 write_addr=0x3e2f2e8 write_len=4 is_color=1
xemu-perf: metal_surface_dirty vram_addr=0x3ba1000 size=4194304 write_addr=0x3e2f340 write_len=4 is_color=1
xemu-perf: metal_surface_dirty vram_addr=0x3ba1000 size=4194304 write_addr=0x3e2f288 write_len=4 is_color=1
xemu-perf: metal_surface_dirty vram_addr=0x3ba1000 size=4194304 write_addr=0x3e2f2f0 write_len=4 is_color=1
xemu-perf: metal_surface_dirty vram_addr=0x3ba1000 size=4194304 write_addr=0x3e2f340 write_len=4 is_color=1
xemu-perf: metal_surface_dirty vram_addr=0x3ba1000 size=4194304 write_addr=0x3e2f290 write_len=4 is_color=1
xemu-perf: metal_surface_dirty vram_addr=0x3ba1000 size=4194304 write_addr=0x3e2f2e0 write_len=4 is_color=1
xemu-perf: metal_surface_dirty vram_addr=0x3ba1000 size=4194304 write_addr=0x3e2f330 write_len=4 is_color=1
xemu-perf: metal_surface_dirty vram_addr=0x3ba1000 size=4194304 write_addr=0x3e2f340 write_len=4 is_color=1
xemu-perf: metal_screenshot_written path=/tmp/task16-repro2/swizzle-mipmap/metal/screenshots/swizzle-mipmap.0230.png w=640 h=480
xemu-perf: metal_surface_dirty vram_addr=0x3ba1000 size=4194304 write_addr=0x3e2f28c write_len=4 is_color=1
xemu-perf: metal_surface_dirty vram_addr=0x3ba1000 size=4194304 write_addr=0x3e2f2e8 write_len=4 is_color=1
xemu-perf: metal_surface_dirty vram_addr=0x3ba1000 size=4194304 write_addr=0x3e2f340 write_len=4 is_color=1
xemu-perf: metal_surface_dirty vram_addr=0x3ba1000 size=4194304 write_addr=0x3e2f2c0 write_len=4 is_color=1
xemu-perf: metal_surface_dirty vram_addr=0x3ba1000 size=4194304 write_addr=0x3e2f300 write_len=4 is_color=1
xemu-perf: metal_surface_dirty vram_addr=0x3ba1000 size=4194304 write_addr=0x3e2f340 write_len=4 is_color=1
xemu-perf: metal_surface_dirty vram_addr=0x3ba1000 size=4194304 write_addr=0x3e2f290 write_len=4 is_color=1
xemu-perf: metal_surface_dirty vram_addr=0x3ba1000 size=4194304 write_addr=0x3e2f2e8 write_len=4 is_color=1
xemu-perf: metal_surface_dirty vram_addr=0x3ba1000 size=4194304 write_addr=0x3e2f340 write_len=4 is_color=1
xemu-perf: metal_surface_dirty vram_addr=0x3ba1000 size=4194304 write_addr=0x3e2f290 write_len=4 is_color=1
xemu-perf: metal_surface_dirty vram_addr=0x3ba1000 size=4194304 write_addr=0x3e2f2e0 write_len=4 is_color=1
xemu-perf: metal_surface_dirty vram_addr=0x3ba1000 size=4194304 write_addr=0x3e2f340 write_len=4 is_color=1
xemu-perf: metal_surface_dirty vram_addr=0x3ba1000 size=4194304 write_addr=0x3e2f2c0 write_len=4 is_color=1
xemu-perf: metal_surface_dirty vram_addr=0x3ba1000 size=4194304 write_addr=0x3e2f308 write_len=4 is_color=1
xemu-perf: metal_surface_dirty vram_addr=0x3ba1000 size=4194304 write_addr=0x3e2f340 write_len=4 is_color=1
xemu-perf: metal_screenshot_written path=/tmp/task16-repro2/swizzle-mipmap/metal/screenshots/swizzle-mipmap.0231.png w=640 h=480
xemu-perf: metal_surface_dirty vram_addr=0x3ba1000 size=4194304 write_addr=0x3e2f2a8 write_len=4 is_color=1
xemu-perf: metal_surface_dirty vram_addr=0x3ba1000 size=4194304 write_addr=0x3e2f308 write_len=4 is_color=1
xemu-perf: metal_surface_dirty vram_addr=0x3ba1000 size=4194304 write_addr=0x3e2f340 write_len=4 is_color=1
xemu-perf: metal_surface_dirty vram_addr=0x3ba1000 size=4194304 write_addr=0x3e2f290 write_len=4 is_color=1
xemu-perf: metal_surface_dirty vram_addr=0x3ba1000 size=4194304 write_addr=0x3e2f2e8 write_len=4 is_color=1
xemu-perf: metal_surface_dirty vram_addr=0x3ba1000 size=4194304 write_addr=0x3e2f340 write_len=4 is_color=1
xemu-perf: metal_surface_dirty vram_addr=0x3ba1000 size=4194304 write_addr=0x3e2f288 write_len=4 is_color=1
xemu-perf: metal_surface_dirty vram_addr=0x3ba1000 size=4194304 write_addr=0x3e2f2e4 write_len=4 is_color=1
xemu-perf: metal_surface_dirty vram_addr=0x3ba1000 size=4194304 write_addr=0x3e2f320 write_len=4 is_color=1
xemu-perf: metal_surface_dirty vram_addr=0x3ba1000 size=4194304 write_addr=0x3e2f340 write_len=4 is_color=1
xemu-perf: metal_surface_dirty vram_addr=0x3ba1000 size=4194304 write_addr=0x3e2f2c8 write_len=4 is_color=1
xemu-perf: metal_surface_dirty vram_addr=0x3ba1000 size=4194304 write_addr=0x3e2f328 write_len=4 is_color=1
xemu-perf: metal_surface_dirty vram_addr=0x3ba1000 size=4194304 write_addr=0x3e2f340 write_len=4 is_color=1
xemu-perf: metal_surface_dirty vram_addr=0x3ba1000 size=4194304 write_addr=0x3e2f288 write_len=4 is_color=1
xemu-perf: metal_surface_dirty vram_addr=0x3ba1000 size=4194304 write_addr=0x3e2f2e8 write_len=4 is_color=1
xemu-perf: metal_surface_dirty vram_addr=0x3ba1000 size=4194304 write_addr=0x3e2f340 write_len=4 is_color=1
xemu-perf: metal_screenshot_written path=/tmp/task16-repro2/swizzle-mipmap/metal/screenshots/swizzle-mipmap.0232.png w=640 h=480
xemu-perf: metal_surface_dirty vram_addr=0x3ba1000 size=4194304 write_addr=0x3e2f290 write_len=4 is_color=1
xemu-perf: metal_surface_dirty vram_addr=0x3ba1000 size=4194304 write_addr=0x3e2f2e8 write_len=4 is_color=1
xemu-perf: metal_surface_dirty vram_addr=0x3ba1000 size=4194304 write_addr=0x3e2f340 write_len=4 is_color=1
xemu-perf: metal_surface_dirty vram_addr=0x3ba1000 size=4194304 write_addr=0x3e2f2c0 write_len=4 is_color=1
xemu-perf: metal_surface_dirty vram_addr=0x3ba1000 size=4194304 write_addr=0x3e2f30c write_len=4 is_color=1
xemu-perf: metal_surface_dirty vram_addr=0x3ba1000 size=4194304 write_addr=0x3e2f340 write_len=4 is_color=1
xemu-perf: metal_surface_dirty vram_addr=0x3ba1000 size=4194304 write_addr=0x3e2f2e0 write_len=4 is_color=1
xemu-perf: metal_surface_dirty vram_addr=0x3ba1000 size=4194304 write_addr=0x3e2f328 write_len=4 is_color=1
xemu-perf: metal_surface_dirty vram_addr=0x3ba1000 size=4194304 write_addr=0x3e2f340 write_len=4 is_color=1
xemu-perf: metal_surface_dirty vram_addr=0x3ba1000 size=4194304 write_addr=0x3e2f288 write_len=4 is_color=1
xemu-perf: metal_surface_dirty vram_addr=0x3ba1000 size=4194304 write_addr=0x3e2f2e0 write_len=4 is_color=1
xemu-perf: metal_surface_dirty vram_addr=0x3ba1000 size=4194304 write_addr=0x3e2f328 write_len=4 is_color=1
xemu-perf: metal_surface_dirty vram_addr=0x3ba1000 size=4194304 write_addr=0x3e2f340 write_len=4 is_color=1
xemu-perf: metal_surface_dirty vram_addr=0x3ba1000 size=4194304 write_addr=0x3e2f2a0 write_len=4 is_color=1
xemu-perf: metal_surface_dirty vram_addr=0x3ba1000 size=4194304 write_addr=0x3e2f2e8 write_len=4 is_color=1
xemu-perf: metal_surface_dirty vram_addr=0x3ba1000 size=4194304 write_addr=0x3e2f340 write_len=4 is_color=1
xemu-perf: metal_screenshot_written path=/tmp/task16-repro2/swizzle-mipmap/metal/screenshots/swizzle-mipmap.0233.png w=640 h=480
xemu-perf: metal_surface_dirty vram_addr=0x3ba1000 size=4194304 write_addr=0x3e2f2b4 write_len=4 is_color=1
xemu-perf: metal_surface_dirty vram_addr=0x3ba1000 size=4194304 write_addr=0x3e2f340 write_len=4 is_color=1
xemu-perf: metal_surface_dirty vram_addr=0x3ba1000 size=4194304 write_addr=0x3e2f290 write_len=4 is_color=1
xemu-perf: metal_surface_dirty vram_addr=0x3ba1000 size=4194304 write_addr=0x3e2f2e8 write_len=4 is_color=1
xemu-perf: metal_surface_dirty vram_addr=0x3ba1000 size=4194304 write_addr=0x3e2f340 write_len=4 is_color=1
xemu-perf: metal_surface_dirty vram_addr=0x3ba1000 size=4194304 write_addr=0x3e2f290 write_len=4 is_color=1
xemu-perf: metal_surface_dirty vram_addr=0x3ba1000 size=4194304 write_addr=0x3e2f2e0 write_len=4 is_color=1
xemu-perf: metal_surface_dirty vram_addr=0x3ba1000 size=4194304 write_addr=0x3e2f328 write_len=4 is_color=1
xemu-perf: metal_surface_dirty vram_addr=0x3ba1000 size=4194304 write_addr=0x3e2f340 write_len=4 is_color=1
xemu-perf: metal_surface_dirty vram_addr=0x3ba1000 size=4194304 write_addr=0x3e2f2a8 write_len=4 is_color=1
xemu-perf: metal_surface_dirty vram_addr=0x3ba1000 size=4194304 write_addr=0x3e2f2c8 write_len=4 is_color=1
xemu-perf: metal_surface_dirty vram_addr=0x3ba1000 size=4194304 write_addr=0x3e2f320 write_len=4 is_color=1
xemu-perf: metal_surface_dirty vram_addr=0x3ba1000 size=4194304 write_addr=0x3e2f340 write_len=4 is_color=1
xemu-perf: metal_surface_dirty vram_addr=0x3ba1000 size=4194304 write_addr=0x3e2f290 write_len=4 is_color=1
xemu-perf: metal_surface_dirty vram_addr=0x3ba1000 size=4194304 write_addr=0x3e2f2e0 write_len=4 is_color=1
xemu-perf: metal_surface_dirty vram_addr=0x3ba1000 size=4194304 write_addr=0x3e2f320 write_len=4 is_color=1
xemu-perf: metal_surface_dirty vram_addr=0x3ba1000 size=4194304 write_addr=0x3e2f340 write_len=4 is_color=1
xemu-perf: metal_screenshot_written path=/tmp/task16-repro2/swizzle-mipmap/metal/screenshots/swizzle-mipmap.0234.png w=640 h=480
xemu-perf: metal_surface_dirty vram_addr=0x3ba1000 size=4194304 write_addr=0x3e2f288 write_len=4 is_color=1
xemu-perf: metal_surface_dirty vram_addr=0x3ba1000 size=4194304 write_addr=0x3e2f2e0 write_len=4 is_color=1
xemu-perf: metal_surface_dirty vram_addr=0x3ba1000 size=4194304 write_addr=0x3e2f328 write_len=4 is_color=1
xemu-perf: metal_surface_dirty vram_addr=0x3ba1000 size=4194304 write_addr=0x3e2f340 write_len=4 is_color=1
xemu-perf: metal_surface_dirty vram_addr=0x3ba1000 size=4194304 write_addr=0x3e2f2a0 write_len=4 is_color=1
xemu-perf: metal_surface_dirty vram_addr=0x3ba1000 size=4194304 write_addr=0x3e2f2e0 write_len=4 is_color=1
xemu-perf: metal_surface_dirty vram_addr=0x3ba1000 size=4194304 write_addr=0x3e2f328 write_len=4 is_color=1
xemu-perf: metal_surface_dirty vram_addr=0x3ba1000 size=4194304 write_addr=0x3e2f340 write_len=4 is_color=1
xemu-perf: metal_surface_dirty vram_addr=0x3ba1000 size=4194304 write_addr=0x3e2f288 write_len=4 is_color=1
xemu-perf: metal_surface_dirty vram_addr=0x3ba1000 size=4194304 write_addr=0x3e2f2c0 write_len=4 is_color=1
xemu-perf: metal_surface_dirty vram_addr=0x3ba1000 size=4194304 write_addr=0x3e2f328 write_len=4 is_color=1
xemu-perf: metal_surface_dirty vram_addr=0x3ba1000 size=4194304 write_addr=0x3e2f340 write_len=4 is_color=1
xemu-perf: metal_surface_dirty vram_addr=0x3ba1000 size=4194304 write_addr=0x3e2f2a0 write_len=4 is_color=1
xemu-perf: metal_surface_dirty vram_addr=0x3ba1000 size=4194304 write_addr=0x3e2f2e8 write_len=4 is_color=1
xemu-perf: metal_surface_dirty vram_addr=0x3ba1000 size=4194304 write_addr=0x3e2f340 write_len=4 is_color=1
xemu-perf: metal_surface_dirty vram_addr=0x3ba1000 size=4194304 write_addr=0x3e2f290 write_len=4 is_color=1
xemu-perf: metal_surface_dirty vram_addr=0x3ba1000 size=4194304 write_addr=0x3e2f2e8 write_len=4 is_color=1
xemu-perf: metal_surface_dirty vram_addr=0x3ba1000 size=4194304 write_addr=0x3e2f340 write_len=4 is_color=1
xemu-perf: metal_screenshot_written path=/tmp/task16-repro2/swizzle-mipmap/metal/screenshots/swizzle-mipmap.0235.png w=640 h=480
xemu-perf: metal_surface_dirty vram_addr=0x3ba1000 size=4194304 write_addr=0x3e2f2a0 write_len=4 is_color=1
xemu-perf: metal_surface_dirty vram_addr=0x3ba1000 size=4194304 write_addr=0x3e2f2e0 write_len=4 is_color=1
xemu-perf: metal_surface_dirty vram_addr=0x3ba1000 size=4194304 write_addr=0x3e2f320 write_len=4 is_color=1
xemu-perf: metal_surface_dirty vram_addr=0x3ba1000 size=4194304 write_addr=0x3e2f340 write_len=4 is_color=1
xemu-perf: metal_surface_dirty vram_addr=0x3ba1000 size=4194304 write_addr=0x3e2f288 write_len=4 is_color=1
xemu-perf: metal_surface_dirty vram_addr=0x3ba1000 size=4194304 write_addr=0x3e2f2e0 write_len=4 is_color=1
xemu-perf: metal_surface_dirty vram_addr=0x3ba1000 size=4194304 write_addr=0x3e2f328 write_len=4 is_color=1
xemu-perf: metal_surface_dirty vram_addr=0x3ba1000 size=4194304 write_addr=0x3e2f340 write_len=4 is_color=1
xemu-perf: metal_surface_dirty vram_addr=0x3ba1000 size=4194304 write_addr=0x3e2f2c0 write_len=4 is_color=1
xemu-perf: metal_surface_dirty vram_addr=0x3ba1000 size=4194304 write_addr=0x3e2f308 write_len=4 is_color=1
xemu-perf: metal_surface_dirty vram_addr=0x3ba1000 size=4194304 write_addr=0x3e2f340 write_len=4 is_color=1
xemu-perf: metal_surface_dirty vram_addr=0x3ba1000 size=4194304 write_addr=0x3e2f2a0 write_len=4 is_color=1
xemu-perf: metal_surface_dirty vram_addr=0x3ba1000 size=4194304 write_addr=0x3e2f300 write_len=4 is_color=1
xemu-perf: metal_surface_dirty vram_addr=0x3ba1000 size=4194304 write_addr=0x3e2f340 write_len=4 is_color=1
xemu-perf: metal_surface_dirty vram_addr=0x3ba1000 size=4194304 write_addr=0x3e2f298 write_len=4 is_color=1
xemu-perf: metal_surface_dirty vram_addr=0x3ba1000 size=4194304 write_addr=0x3e2f2e8 write_len=4 is_color=1
xemu-perf: metal_surface_dirty vram_addr=0x3ba1000 size=4194304 write_addr=0x3e2f340 write_len=4 is_color=1
xemu-perf: metal_screenshot_written path=/tmp/task16-repro2/swizzle-mipmap/metal/screenshots/swizzle-mipmap.0236.png w=640 h=480
xemu-perf: metal_surface_dirty vram_addr=0x3ba1000 size=4194304 write_addr=0x3e2f340 write_len=4 is_color=1
xemu-perf: metal_surface_dirty vram_addr=0x3ba1000 size=4194304 write_addr=0x3e2f2a0 write_len=4 is_color=1
xemu-perf: metal_surface_dirty vram_addr=0x3ba1000 size=4194304 write_addr=0x3e2f2ec write_len=4 is_color=1
xemu-perf: metal_surface_dirty vram_addr=0x3ba1000 size=4194304 write_addr=0x3e2f340 write_len=4 is_color=1
xemu-perf: metal_screenshot_written path=/tmp/task16-repro2/swizzle-mipmap/metal/screenshots/swizzle-mipmap.0237.png w=640 h=480
xemu-perf: metal_screenshot_written path=/tmp/task16-repro2/swizzle-mipmap/metal/screenshots/swizzle-mipmap.0238.png w=640 h=480
xemu-perf: metal_screenshot_written path=/tmp/task16-repro2/swizzle-mipmap/metal/screenshots/swizzle-mipmap.0239.png w=640 h=480
xemu-perf: metal_screenshot_written path=/tmp/task16-repro2/swizzle-mipmap/metal/screenshots/swizzle-mipmap.0240.png w=640 h=480
xemu-perf: metal_screenshot_written path=/tmp/task16-repro2/swizzle-mipmap/metal/screenshots/swizzle-mipmap.0241.png w=640 h=480
xemu-perf: metal_screenshot_written path=/tmp/task16-repro2/swizzle-mipmap/metal/screenshots/swizzle-mipmap.0242.png w=640 h=480
xemu-perf: metal_screenshot_written path=/tmp/task16-repro2/swizzle-mipmap/metal/screenshots/swizzle-mipmap.0243.png w=640 h=480
xemu-perf: metal_screenshot_written path=/tmp/task16-repro2/swizzle-mipmap/metal/screenshots/swizzle-mipmap.0244.png w=640 h=480
xemu-perf: metal_screenshot_written path=/tmp/task16-repro2/swizzle-mipmap/metal/screenshots/swizzle-mipmap.0245.png w=640 h=480
xemu-perf: metal_screenshot_written path=/tmp/task16-repro2/swizzle-mipmap/metal/screenshots/swizzle-mipmap.0246.png w=640 h=480
xemu-perf: metal_screenshot_written path=/tmp/task16-repro2/swizzle-mipmap/metal/screenshots/swizzle-mipmap.0247.png w=640 h=480
xemu-perf: metal_screenshot_written path=/tmp/task16-repro2/swizzle-mipmap/metal/screenshots/swizzle-mipmap.0248.png w=640 h=480
xemu-perf: metal_screenshot_written path=/tmp/task16-repro2/swizzle-mipmap/metal/screenshots/swizzle-mipmap.0249.png w=640 h=480
xemu-perf: metal_screenshot_written path=/tmp/task16-repro2/swizzle-mipmap/metal/screenshots/swizzle-mipmap.0250.png w=640 h=480
xemu-perf: metal_screenshot_written path=/tmp/task16-repro2/swizzle-mipmap/metal/screenshots/swizzle-mipmap.0251.png w=640 h=480
xemu-perf: metal_screenshot_written path=/tmp/task16-repro2/swizzle-mipmap/metal/screenshots/swizzle-mipmap.0252.png w=640 h=480
xemu-perf: metal_surface_dirty vram_addr=0x3aa8000 size=1228800 write_addr=0x3aa8000 write_len=4 is_color=1
xemu-perf: metal_screenshot_written path=/tmp/task16-repro2/swizzle-mipmap/metal/screenshots/swizzle-mipmap.0253.png w=640 h=480
xemu-perf: metal_surface_dirty vram_addr=0x3bd4000 size=1228800 write_addr=0x3bd4000 write_len=4 is_color=1
xemu-perf: metal_surface_dirty vram_addr=0x3d00000 size=1228800 write_addr=0x3d00000 write_len=4 is_color=1
xemu-perf: metal_screenshot_written path=/tmp/task16-repro2/swizzle-mipmap/metal/screenshots/swizzle-mipmap.0254.png w=640 h=480
xemu-perf: interval_id=10 interval_start_us=197582838708 interval_end_us=197590749216 interval_ms=7910 frames=34 fps=4.30 mspf_avg=75.381 mspf_min=2.478 mspf_max=2186.617 increment_fps=59 BEGIN_ENDS=4772 NATIVE_TRI_DEPTH_DRAW=4772 NATIVE_TRI_DEPTH_DRAW_SMOOTH=4772 TCG_TB_EXEC_COUNT=659890707 TCG_TB_INVALIDATE_COUNT=19806 TCG_NOTDIRTY_TRIPS=671711 TCG_NOTDIRTY_PAGES_HIT=671583 TCG_TB_INVALIDATE_BURST_MAX=425 TCG_JMP_CACHE_ZEROED_BUCKETS=81751390 TCG_INVALIDATE_WALL_US_MAX=99 TCG_INVALIDATE_WALL_US_TOTAL=4030 TCG_TB_LOOKUP_US_TOTAL=0 TCG_TB_GEN_CODE_US_TOTAL=0 TCG_HANDLE_INTERRUPT_US_TOTAL=0 TCG_XBOX_IDLE_LOOP_HITS=0 TCG_XBOX_IDLE_LOOP_YIELDS=0 TCG_XBOX_IDLE_LOOP_HALTS=0 MMIO_READ_COUNT=0 MMIO_READ_US_TOTAL=0 MMIO_READ_US_MAX=0 MMIO_READ_PGRAPH_COUNT=0 MMIO_READ_PGRAPH_US_TOTAL=0 MMIO_READ_PGRAPH_US_MAX=0 NV2A_VBLANK_FIRES=493 NV2A_FLIP_STALL_WRITES=34 NV2A_PRESENT_HEARTBEAT=334 XEMU_GL_SWAPS=0 RATE_SLEW_RATIO_E6=1000000 RATE_SLEW_ACTIVE=0 APU_LOCK_HOLD_US_TOTAL=12180 APU_VCPU_LOCK_WAIT_US_MAX=0 PFIFO_PUSHER_RUNS=10354 PFIFO_PUSHER_STALLS=6392 PFIFO_PUSHER_STALL_FLIP=0 PFIFO_PUSHER_STALL_NOP=6214 PFIFO_PUSHER_STALL_FIFO=263 PFIFO_PULLER_CALLS=86301 PFIFO_PULLER_STALLS=34 PFIFO_PULLER_STALL_FLIP=34 PFIFO_PULLER_STALL_NOP=0 PFIFO_PULLER_STALL_CONTEXT=0 PFIFO_PULLER_STALL_FIFO=0 PFIFO_PUSHER_WORDS=311361 PFIFO_PULLER_METHOD_WORDS=237802 PFIFO_DMA_BACKLOG_BYTES_MAX=65204224 PFIFO_USER_DMA_PUT_WRITES=9398 PFIFO_USER_DMA_GET_WRITES=0 PFIFO_USER_DMA_PUT_READS=0 PFIFO_USER_DMA_GET_READS=363389 PGRAPH_PATT_COLOR0_WRITES=0 PGRAPH_PATT_COLOR0_READS=0 PGRAPH_FLIP_STALL_SETS=34 PGRAPH_FLIP_STALL_CHECKS=68 PGRAPH_FLIP_STALL_STILL_WAITING=34 PGRAPH_FLIP_STALL_COMPLETES=34 METAL_DRAW_COUNT=4772 METAL_DRAW_INDEXED_COUNT=2638 METAL_NATIVE_TRI_DEPTH_DRAWS=4772 METAL_NATIVE_QUAD_DRAWS=0 METAL_CLEAR_COUNT=342 METAL_GLSL_TRANSLATE=0 METAL_GLSL_TRANSLATE_FAIL=0 METAL_SHADER_VALIDATE_OK=0 METAL_SHADER_VALIDATE_FAIL=0 METAL_PIPELINE_HITS=4772 METAL_PIPELINE_MISSES=0 METAL_PIPELINE_FAILED=0 METAL_TEX_UPLOADS_TOTAL=50 METAL_TEX_UPLOAD_BYTES_TOTAL=86314212 METAL_TEX_CACHE_HITS=10064 METAL_TEX_CACHE_MISSES=50 METAL_PIPELINE_KEY_BUILT=4772 METAL_PIPELINE_TRANSLATED_OK=4772 METAL_PIPELINE_TRANSLATED_FAILED=0 METAL_DISPATCH_US_TOTAL=65591 METAL_TEX_BIND_US_TOTAL=25193 METAL_DRAW_ENCODE_US_TOTAL=18128 METAL_DRAW_PASS_OPENS=385 METAL_DRAW_PASS_COALESCED=4387 METAL_DRAW_PASS_FLUSHES=374 METAL_OPEN_PASS_FLUSH_US_TOTAL=4953 METAL_TEX_UPLOAD_US_TOTAL=2192 METAL_DRAW_TRANSLATED=4772 METAL_PIPELINE_FALLBACKS=0 METAL_UNIFORM_PACK=9544 METAL_UNIFORM_BYTES=31227968 METAL_SHADER_COMPILE_QUEUED_TOTAL=0 METAL_SHADER_COMPILE_COMPLETED_TOTAL=0 METAL_SHADER_COMPILE_FAILED_TOTAL=0 METAL_DRAWS_SKIPPED_PENDING_TOTAL=0 METAL_DRAWS_USING_UBERSHADER_TOTAL=0 METAL_SHADER_CACHE_LOADS=0 METAL_SHADER_CACHE_HITS=0 METAL_SHADER_CACHE_MISSES=0 METAL_PRESENTS=0 METAL_PRESENT_JITTER_US_TOTAL=0 METAL_PRESENT_JITTER_US_AVG=0 METAL_PRESENT_JITTER_US_MAX=0 METAL_DRAWABLE_ACQUIRE_FAILS=0 METAL_DISPLAY_LINK_CALLBACKS=0 METAL_MSAA_RESOLVE_COUNT=0 METAL_MSAA_RESOLVE_US_TOTAL=0 METAL_MSAA_SAMPLE_COUNT=1 METAL_FX_SPATIAL_PRESENTS=0 METAL_FX_SPATIAL_US_TOTAL=0 METAL_FX_SCALE_FACTOR=1 METAL_FX_SPATIAL_GPU_US_TOTAL=0 METAL_VERTEX_US_TOTAL=15611 METAL_FRAGMENT_US_TOTAL=19106 METAL_PRESENT_GPU_US_TOTAL=35397 METAL_PRESENT_GPU_FRAMES=986 METAL_CAPTURE_FRAMES=0 METAL_CAPTURE_ACTIVE=0 METAL_SCREENSHOTS_TAKEN=66 METAL_FRONT_FB_PUBLISHES=34 METAL_SURFACE_CACHE_SIZE=24 METAL_IMAGE_BLITS=0 METAL_SURFACE_VRAM_DIRTY_HITS=712 METAL_SURFACE_VRAM_UPLOADS=712 METAL_SURFACE_VRAM_UPLOAD_BYTES=2913239040 METAL_SURFACE_RECREATE_SHAPE_MISMATCH=0 METAL_SURFACE_DOWNLOADS=34 METAL_SURFACE_DOWNLOAD_BYTES=85295104 METAL_SURFACE_DOWNLOAD_US_TOTAL=16691 METAL_DRAW_RT_DUMPS=0 METAL_SURFACE_GRAPH_DUMPS=0 METAL_SIBLING_SYNCS=0 METAL_SIBLING_SYNC_SKIPS=0 METAL_FLAT_QUAD_PROPAGATIONS=0 INPUT_USB_POLLS=0 INPUT_BACKEND_UPDATES=986 INPUT_LAT_US_TOTAL=0 INPUT_LAT_US_MAX=0 IDE_READ_SUBMITS=8 IDE_READ_COMPLETES=8 IDE_READ_BYTES=155648 IDE_READ_LAT_US_TOTAL=6289 IDE_READ_LAT_US_MAX=957 IDE_READ_LAT_GT_16MS=0 IDE_READ_LAT_GT_33MS=0 IDE_READ_LAT_GT_50MS=0 IDE_READ_LAT_GT_100MS=0 IDE_READ_INFLIGHT_MAX=1 ATAPI_PIO_SYNC_READS=0 ATAPI_PIO_SYNC_BYTES=0 ATAPI_PIO_SYNC_US_TOTAL=0 ATAPI_PIO_SYNC_US_MAX=0 HELPER_RDTSC_CALLS=4115 PIT_IRQ_TIMER_FIRES=16395 PIT_COALESCE_EVENTS=0 PIT_COALESCE_LATE_US_TOTAL=0 PIT_COALESCE_LATE_US_MAX=0 PIT_COALESCE_SKIPPED_TRANSITIONS=0
xemu-perf: metal_draw_target vram_addr=0x32a4000 count=34
xemu-perf: metal_draw_target vram_addr=0x2854000 count=433
xemu-perf: metal_draw_target vram_addr=0x2894000 count=433
xemu-perf: metal_draw_target vram_addr=0x28d4000 count=433
xemu-perf: metal_draw_target vram_addr=0x2914000 count=433
xemu-perf: metal_draw_target vram_addr=0x2954000 count=433
xemu-perf: metal_draw_target vram_addr=0x2994000 count=433
xemu-perf: metal_draw_target vram_addr=0x3628000 count=33
xemu-perf: metal_draw_target vram_addr=0x3bd4000 count=700
xemu-perf: metal_draw_target vram_addr=0x3d00000 count=700
xemu-perf: metal_draw_target vram_addr=0x3aa8000 count=700
xemu-perf: metal_draw_target vram_addr=0x3ba1000 count=7
xemu-perf: metal_screenshot_written path=/tmp/task16-repro2/swizzle-mipmap/metal/screenshots/swizzle-mipmap.0255.png w=640 h=480
xemu-perf: metal_surface_dirty vram_addr=0x2994000 size=262144 write_addr=0x29a4000 write_len=4 is_color=1
xemu-perf: metal_screenshot_written path=/tmp/task16-repro2/swizzle-mipmap/metal/screenshots/swizzle-mipmap.0256.png w=640 h=480
xemu-perf: metal_surface_dirty vram_addr=0x3628000 size=2457600 write_addr=0x3628000 write_len=2457600 is_color=1
xemu-perf: metal_surface_dirty vram_addr=0x3628000 size=2457600 write_addr=0x3628000 write_len=2457600 is_color=1
xemu-perf: metal_surface_dirty vram_addr=0x3628000 size=2457600 write_addr=0x3628000 write_len=2457600 is_color=1
xemu-perf: metal_surface_dirty vram_addr=0x3628000 size=2457600 write_addr=0x3628000 write_len=2457600 is_color=1
xemu-perf: metal_surface_dirty vram_addr=0x3628000 size=2457600 write_addr=0x3628000 write_len=2457600 is_color=1
xemu-perf: metal_screenshot_written path=/tmp/task16-repro2/swizzle-mipmap/metal/screenshots/swizzle-mipmap.0257.png w=640 h=480
xemu-perf: metal_surface_dirty vram_addr=0x3628000 size=2457600 write_addr=0x3628000 write_len=2457600 is_color=1
xemu-perf: metal_surface_dirty vram_addr=0x3628000 size=2457600 write_addr=0x3628000 write_len=2457600 is_color=1
xemu-perf: metal_surface_dirty vram_addr=0x3628000 size=2457600 write_addr=0x3628000 write_len=2457600 is_color=1
xemu-perf: metal_surface_dirty vram_addr=0x3628000 size=2457600 write_addr=0x3628000 write_len=2457600 is_color=1
xemu-perf: metal_surface_dirty vram_addr=0x3628000 size=2457600 write_addr=0x3628000 write_len=2457600 is_color=1
xemu-perf: metal_surface_dirty vram_addr=0x3628000 size=2457600 write_addr=0x3628000 write_len=2457600 is_color=1
xemu-perf: metal_surface_dirty vram_addr=0x3628000 size=2457600 write_addr=0x3628000 write_len=2457600 is_color=1
xemu-perf: metal_surface_dirty vram_addr=0x3628000 size=2457600 write_addr=0x3628000 write_len=2457600 is_color=1
xemu-perf: metal_screenshot_written path=/tmp/task16-repro2/swizzle-mipmap/metal/screenshots/swizzle-mipmap.0258.png w=640 h=480
xemu-perf: metal_surface_dirty vram_addr=0x3628000 size=2457600 write_addr=0x3628000 write_len=2457600 is_color=1
xemu-perf: metal_surface_dirty vram_addr=0x3628000 size=2457600 write_addr=0x3628000 write_len=2457600 is_color=1
xemu-perf: metal_surface_dirty vram_addr=0x3628000 size=2457600 write_addr=0x3628000 write_len=2457600 is_color=1
xemu-perf: metal_surface_dirty vram_addr=0x3628000 size=2457600 write_addr=0x3628000 write_len=2457600 is_color=1
xemu-perf: metal_surface_dirty vram_addr=0x3628000 size=2457600 write_addr=0x3628000 write_len=2457600 is_color=1
xemu-perf: metal_surface_dirty vram_addr=0x3628000 size=2457600 write_addr=0x3628000 write_len=2457600 is_color=1
xemu-perf: metal_surface_dirty vram_addr=0x3628000 size=2457600 write_addr=0x3628000 write_len=2457600 is_color=1
xemu-perf: metal_screenshot_written path=/tmp/task16-repro2/swizzle-mipmap/metal/screenshots/swizzle-mipmap.0259.png w=640 h=480
xemu-perf: metal_surface_dirty vram_addr=0x3628000 size=2457600 write_addr=0x3628000 write_len=2457600 is_color=1
xemu-perf: metal_surface_dirty vram_addr=0x3628000 size=2457600 write_addr=0x3628000 write_len=2457600 is_color=1
xemu-perf: metal_surface_dirty vram_addr=0x3628000 size=2457600 write_addr=0x3628000 write_len=2457600 is_color=1
xemu-perf: metal_surface_dirty vram_addr=0x3628000 size=2457600 write_addr=0x3628000 write_len=2457600 is_color=1
xemu-perf: metal_surface_dirty vram_addr=0x3628000 size=2457600 write_addr=0x3628000 write_len=2457600 is_color=1
xemu-perf: metal_surface_dirty vram_addr=0x3628000 size=2457600 write_addr=0x3628000 write_len=2457600 is_color=1
xemu-perf: metal_surface_dirty vram_addr=0x3628000 size=2457600 write_addr=0x3628000 write_len=2457600 is_color=1
xemu-perf: metal_surface_dirty vram_addr=0x3628000 size=2457600 write_addr=0x3628000 write_len=2457600 is_color=1
xemu-perf: metal_screenshot_written path=/tmp/task16-repro2/swizzle-mipmap/metal/screenshots/swizzle-mipmap.0260.png w=640 h=480
xemu-perf: metal_surface_dirty vram_addr=0x3628000 size=2457600 write_addr=0x3628000 write_len=2457600 is_color=1
xemu-perf: metal_surface_dirty vram_addr=0x3628000 size=2457600 write_addr=0x3628000 write_len=2457600 is_color=1
xemu-perf: metal_surface_dirty vram_addr=0x3628000 size=2457600 write_addr=0x3628000 write_len=2457600 is_color=1
xemu-perf: metal_surface_dirty vram_addr=0x3628000 size=2457600 write_addr=0x3628000 write_len=2457600 is_color=1
xemu-perf: metal_surface_dirty vram_addr=0x3628000 size=2457600 write_addr=0x3628000 write_len=2457600 is_color=1
xemu-perf: metal_surface_dirty vram_addr=0x3628000 size=2457600 write_addr=0x3628000 write_len=2457600 is_color=1
xemu-perf: metal_surface_dirty vram_addr=0x3ba1000 size=4194304 write_addr=0x3eb4000 write_len=1 is_color=1
xemu-perf: metal_screenshot_written path=/tmp/task16-repro2/swizzle-mipmap/metal/screenshots/swizzle-mipmap.0261.png w=640 h=480
xemu-perf: metal_surface_dirty vram_addr=0x3aa8000 size=1228800 write_addr=0x3aa8000 write_len=1 is_color=1
xemu-perf: metal_screenshot_written path=/tmp/task16-repro2/swizzle-mipmap/metal/screenshots/swizzle-mipmap.0262.png w=640 h=480
xemu-perf: metal_surface_dirty vram_addr=0x3ba1000 size=4194304 write_addr=0x3e2f2a8 write_len=4 is_color=1
xemu-perf: metal_surface_dirty vram_addr=0x3ba1000 size=4194304 write_addr=0x3e2f300 write_len=4 is_color=1
xemu-perf: metal_unswizzle_dump w=64 h=64 Q0=(B00 G00 Rff Aff) Q1=(B00 Gff R00 Aff) Q2=(Bff G00 R00 Aff) Q3=(B00 Gff Rff Aff)
xemu-perf: metal_unswizzle_dump w=32 h=32 Q0=(B00 G00 Rdf Aff) Q1=(B00 Gdf R00 Aff) Q2=(Bdf G00 R00 Aff) Q3=(B00 Gdf Rdf Aff)
xemu-perf: metal_unswizzle_dump w=16 h=16 Q0=(B00 G00 Rbf Aff) Q1=(B00 Gbf R00 Aff) Q2=(Bbf G00 R00 Aff) Q3=(B00 Gbf Rbf Aff)
xemu-perf: metal_unswizzle_dump w=8 h=8 Q0=(B00 G00 R9f Aff) Q1=(B00 G9f R00 Aff) Q2=(B9f G00 R00 Aff) Q3=(B00 G9f R9f Aff)
xemu-perf: metal_unswizzle_dump w=4 h=4 Q0=(B00 G00 R7f Aff) Q1=(B00 G7f R00 Aff) Q2=(B7f G00 R00 Aff) Q3=(B00 G7f R7f Aff)
xemu-perf: metal_unswizzle_dump w=2 h=2 Q0=(B00 G00 R5f Aff) Q1=(B00 G5f R00 Aff) Q2=(B5f G00 R00 Aff) Q3=(B00 G5f R5f Aff)
xemu-perf: metal_surface_dirty vram_addr=0x3ba1000 size=4194304 write_addr=0x3e2f340 write_len=4 is_color=1
xemu-perf: metal_surface_dirty vram_addr=0x3ba1000 size=4194304 write_addr=0x3e2f2c0 write_len=4 is_color=1
xemu-perf: metal_surface_dirty vram_addr=0x3ba1000 size=4194304 write_addr=0x3e2f2f0 write_len=4 is_color=1
xemu-perf: metal_surface_dirty vram_addr=0x3ba1000 size=4194304 write_addr=0x3e2f330 write_len=4 is_color=1
xemu-perf: metal_surface_dirty vram_addr=0x3ba1000 size=4194304 write_addr=0x3e2f340 write_len=4 is_color=1
xemu-perf: metal_surface_dirty vram_addr=0x3ba1000 size=4194304 write_addr=0x3e2f2c8 write_len=4 is_color=1
xemu-perf: metal_surface_dirty vram_addr=0x3ba1000 size=4194304 write_addr=0x3e2f308 write_len=4 is_color=1
xemu-perf: metal_surface_dirty vram_addr=0x3ba1000 size=4194304 write_addr=0x3e2f340 write_len=4 is_color=1
xemu-perf: metal_surface_dirty vram_addr=0x3ba1000 size=4194304 write_addr=0x3e2f280 write_len=4 is_color=1
xemu-perf: metal_surface_dirty vram_addr=0x3ba1000 size=4194304 write_addr=0x3e2f2e0 write_len=4 is_color=1
xemu-perf: metal_surface_dirty vram_addr=0x3ba1000 size=4194304 write_addr=0x3e2f340 write_len=4 is_color=1
xemu-perf: metal_screenshot_written path=/tmp/task16-repro2/swizzle-mipmap/metal/screenshots/swizzle-mipmap.0263.png w=640 h=480
xemu-perf: metal_surface_dirty vram_addr=0x3ba1000 size=4194304 write_addr=0x3e2f290 write_len=4 is_color=1
xemu-perf: metal_surface_dirty vram_addr=0x3ba1000 size=4194304 write_addr=0x3e2f2e0 write_len=4 is_color=1
xemu-perf: metal_surface_dirty vram_addr=0x3ba1000 size=4194304 write_addr=0x3e2f340 write_len=4 is_color=1
xemu-perf: metal_surface_dirty vram_addr=0x3ba1000 size=4194304 write_addr=0x3e2f288 write_len=4 is_color=1
xemu-perf: metal_surface_dirty vram_addr=0x3ba1000 size=4194304 write_addr=0x3e2f2e0 write_len=4 is_color=1
xemu-perf: metal_surface_dirty vram_addr=0x3ba1000 size=4194304 write_addr=0x3e2f320 write_len=4 is_color=1
xemu-perf: metal_surface_dirty vram_addr=0x3ba1000 size=4194304 write_addr=0x3e2f340 write_len=4 is_color=1
xemu-perf: metal_surface_dirty vram_addr=0x3ba1000 size=4194304 write_addr=0x3e2f2c0 write_len=4 is_color=1
xemu-perf: metal_surface_dirty vram_addr=0x3ba1000 size=4194304 write_addr=0x3e2f300 write_len=4 is_color=1
xemu-perf: metal_surface_dirty vram_addr=0x3ba1000 size=4194304 write_addr=0x3e2f340 write_len=4 is_color=1
xemu-perf: metal_surface_dirty vram_addr=0x3ba1000 size=4194304 write_addr=0x3e2f288 write_len=4 is_color=1
xemu-perf: metal_surface_dirty vram_addr=0x3ba1000 size=4194304 write_addr=0x3e2f2e8 write_len=4 is_color=1
xemu-perf: metal_surface_dirty vram_addr=0x3ba1000 size=4194304 write_addr=0x3e2f340 write_len=4 is_color=1
xemu-perf: metal_surface_dirty vram_addr=0x3ba1000 size=4194304 write_addr=0x3e2f290 write_len=4 is_color=1
xemu-perf: metal_surface_dirty vram_addr=0x3ba1000 size=4194304 write_addr=0x3e2f2e0 write_len=4 is_color=1
xemu-perf: metal_surface_dirty vram_addr=0x3ba1000 size=4194304 write_addr=0x3e2f340 write_len=4 is_color=1
xemu-perf: metal_surface_dirty vram_addr=0x3ba1000 size=4194304 write_addr=0x3e2f290 write_len=4 is_color=1
xemu-perf: metal_screenshot_written path=/tmp/task16-repro2/swizzle-mipmap/metal/screenshots/swizzle-mipmap.0264.png w=640 h=480
xemu-perf: metal_surface_dirty vram_addr=0x3ba1000 size=4194304 write_addr=0x3e2f2e0 write_len=4 is_color=1
xemu-perf: metal_surface_dirty vram_addr=0x3ba1000 size=4194304 write_addr=0x3e2f328 write_len=4 is_color=1
xemu-perf: metal_surface_dirty vram_addr=0x3ba1000 size=4194304 write_addr=0x3e2f340 write_len=4 is_color=1
xemu-perf: metal_surface_dirty vram_addr=0x3ba1000 size=4194304 write_addr=0x3e2f294 write_len=4 is_color=1
xemu-perf: metal_surface_dirty vram_addr=0x3ba1000 size=4194304 write_addr=0x3e2f2e0 write_len=4 is_color=1
xemu-perf: metal_surface_dirty vram_addr=0x3ba1000 size=4194304 write_addr=0x3e2f340 write_len=4 is_color=1
xemu-perf: metal_surface_dirty vram_addr=0x3ba1000 size=4194304 write_addr=0x3e2f2a8 write_len=4 is_color=1
xemu-perf: metal_surface_dirty vram_addr=0x3ba1000 size=4194304 write_addr=0x3e2f2c8 write_len=4 is_color=1
xemu-perf: metal_surface_dirty vram_addr=0x3ba1000 size=4194304 write_addr=0x3e2f308 write_len=4 is_color=1
xemu-perf: metal_surface_dirty vram_addr=0x3ba1000 size=4194304 write_addr=0x3e2f340 write_len=4 is_color=1
xemu-perf: metal_surface_dirty vram_addr=0x3ba1000 size=4194304 write_addr=0x3e2f2c0 write_len=4 is_color=1
xemu-perf: metal_surface_dirty vram_addr=0x3ba1000 size=4194304 write_addr=0x3e2f300 write_len=4 is_color=1
xemu-perf: metal_surface_dirty vram_addr=0x3ba1000 size=4194304 write_addr=0x3e2f340 write_len=4 is_color=1
xemu-perf: metal_surface_dirty vram_addr=0x3ba1000 size=4194304 write_addr=0x3e2f2a0 write_len=4 is_color=1
xemu-perf: metal_surface_dirty vram_addr=0x3ba1000 size=4194304 write_addr=0x3e2f2e8 write_len=4 is_color=1
xemu-perf: metal_surface_dirty vram_addr=0x3ba1000 size=4194304 write_addr=0x3e2f340 write_len=4 is_color=1
xemu-perf: metal_screenshot_written path=/tmp/task16-repro2/swizzle-mipmap/metal/screenshots/swizzle-mipmap.0265.png w=640 h=480
xemu-perf: metal_surface_dirty vram_addr=0x3ba1000 size=4194304 write_addr=0x3e2f290 write_len=4 is_color=1
xemu-perf: metal_surface_dirty vram_addr=0x3ba1000 size=4194304 write_addr=0x3e2f300 write_len=4 is_color=1
xemu-perf: metal_surface_dirty vram_addr=0x3ba1000 size=4194304 write_addr=0x3e2f340 write_len=4 is_color=1
xemu-perf: metal_surface_dirty vram_addr=0x3ba1000 size=4194304 write_addr=0x3e2f290 write_len=4 is_color=1
xemu-perf: metal_surface_dirty vram_addr=0x3ba1000 size=4194304 write_addr=0x3e2f2e8 write_len=4 is_color=1
xemu-perf: metal_surface_dirty vram_addr=0x3ba1000 size=4194304 write_addr=0x3e2f340 write_len=4 is_color=1
xemu-perf: metal_surface_dirty vram_addr=0x3ba1000 size=4194304 write_addr=0x3e2f288 write_len=4 is_color=1
xemu-perf: metal_surface_dirty vram_addr=0x3ba1000 size=4194304 write_addr=0x3e2f2f0 write_len=4 is_color=1
xemu-perf: metal_surface_dirty vram_addr=0x3ba1000 size=4194304 write_addr=0x3e2f340 write_len=4 is_color=1
xemu-perf: metal_surface_dirty vram_addr=0x3ba1000 size=4194304 write_addr=0x3e2f2a0 write_len=4 is_color=1
xemu-perf: metal_surface_dirty vram_addr=0x3ba1000 size=4194304 write_addr=0x3e2f2c8 write_len=4 is_color=1
xemu-perf: metal_surface_dirty vram_addr=0x3ba1000 size=4194304 write_addr=0x3e2f310 write_len=4 is_color=1
xemu-perf: metal_surface_dirty vram_addr=0x3ba1000 size=4194304 write_addr=0x3e2f340 write_len=4 is_color=1
xemu-perf: metal_surface_dirty vram_addr=0x3ba1000 size=4194304 write_addr=0x3e2f2a8 write_len=4 is_color=1
xemu-perf: metal_surface_dirty vram_addr=0x3ba1000 size=4194304 write_addr=0x3e2f300 write_len=4 is_color=1
xemu-perf: metal_surface_dirty vram_addr=0x3ba1000 size=4194304 write_addr=0x3e2f340 write_len=4 is_color=1
xemu-perf: metal_screenshot_written path=/tmp/task16-repro2/swizzle-mipmap/metal/screenshots/swizzle-mipmap.0266.png w=640 h=480
xemu-perf: metal_surface_dirty vram_addr=0x3ba1000 size=4194304 write_addr=0x3e2f288 write_len=4 is_color=1
xemu-perf: metal_surface_dirty vram_addr=0x3ba1000 size=4194304 write_addr=0x3e2f2e8 write_len=4 is_color=1
xemu-perf: metal_surface_dirty vram_addr=0x3ba1000 size=4194304 write_addr=0x3e2f340 write_len=4 is_color=1
xemu-perf: metal_surface_dirty vram_addr=0x3ba1000 size=4194304 write_addr=0x3e2f2e8 write_len=4 is_color=1
xemu-perf: metal_surface_dirty vram_addr=0x3ba1000 size=4194304 write_addr=0x3e2f340 write_len=4 is_color=1
xemu-perf: metal_surface_dirty vram_addr=0x3ba1000 size=4194304 write_addr=0x3e2f2a0 write_len=4 is_color=1
xemu-perf: metal_surface_dirty vram_addr=0x3ba1000 size=4194304 write_addr=0x3e2f2e8 write_len=4 is_color=1
xemu-perf: metal_surface_dirty vram_addr=0x3ba1000 size=4194304 write_addr=0x3e2f340 write_len=4 is_color=1
xemu-perf: metal_surface_dirty vram_addr=0x3ba1000 size=4194304 write_addr=0x3e2f2a0 write_len=4 is_color=1
xemu-perf: metal_surface_dirty vram_addr=0x3ba1000 size=4194304 write_addr=0x3e2f2e8 write_len=4 is_color=1
xemu-perf: metal_surface_dirty vram_addr=0x3ba1000 size=4194304 write_addr=0x3e2f340 write_len=4 is_color=1
xemu-perf: metal_surface_dirty vram_addr=0x3ba1000 size=4194304 write_addr=0x3e2f290 write_len=4 is_color=1
xemu-perf: metal_surface_dirty vram_addr=0x3ba1000 size=4194304 write_addr=0x3e2f2d0 write_len=4 is_color=1
xemu-perf: metal_surface_dirty vram_addr=0x3ba1000 size=4194304 write_addr=0x3e2f308 write_len=4 is_color=1
xemu-perf: metal_surface_dirty vram_addr=0x3ba1000 size=4194304 write_addr=0x3e2f340 write_len=4 is_color=1
xemu-perf: metal_screenshot_written path=/tmp/task16-repro2/swizzle-mipmap/metal/screenshots/swizzle-mipmap.0267.png w=640 h=480
xemu-perf: metal_surface_dirty vram_addr=0x3ba1000 size=4194304 write_addr=0x3e2f2a0 write_len=4 is_color=1
xemu-perf: metal_surface_dirty vram_addr=0x3ba1000 size=4194304 write_addr=0x3e2f2e8 write_len=4 is_color=1
xemu-perf: metal_surface_dirty vram_addr=0x3ba1000 size=4194304 write_addr=0x3e2f340 write_len=4 is_color=1
xemu-perf: metal_surface_dirty vram_addr=0x3ba1000 size=4194304 write_addr=0x3e2f280 write_len=4 is_color=1
xemu-perf: metal_surface_dirty vram_addr=0x3ba1000 size=4194304 write_addr=0x3e2f2c8 write_len=4 is_color=1
xemu-perf: metal_surface_dirty vram_addr=0x3ba1000 size=4194304 write_addr=0x3e2f340 write_len=4 is_color=1
xemu-perf: metal_surface_dirty vram_addr=0x3ba1000 size=4194304 write_addr=0x3e2f2a0 write_len=4 is_color=1
xemu-perf: metal_surface_dirty vram_addr=0x3ba1000 size=4194304 write_addr=0x3e2f2f0 write_len=4 is_color=1
xemu-perf: metal_surface_dirty vram_addr=0x3ba1000 size=4194304 write_addr=0x3e2f340 write_len=4 is_color=1
xemu-perf: metal_surface_dirty vram_addr=0x3ba1000 size=4194304 write_addr=0x3e2f2b0 write_len=4 is_color=1
xemu-perf: metal_surface_dirty vram_addr=0x3ba1000 size=4194304 write_addr=0x3e2f2d8 write_len=4 is_color=1
xemu-perf: metal_surface_dirty vram_addr=0x3ba1000 size=4194304 write_addr=0x3e2f310 write_len=4 is_color=1
xemu-perf: metal_surface_dirty vram_addr=0x3ba1000 size=4194304 write_addr=0x3e2f340 write_len=4 is_color=1
xemu-perf: metal_surface_dirty vram_addr=0x3ba1000 size=4194304 write_addr=0x3e2f2a0 write_len=4 is_color=1
xemu-perf: metal_surface_dirty vram_addr=0x3ba1000 size=4194304 write_addr=0x3e2f308 write_len=4 is_color=1
xemu-perf: metal_surface_dirty vram_addr=0x3ba1000 size=4194304 write_addr=0x3e2f340 write_len=4 is_color=1
xemu-perf: metal_surface_dirty vram_addr=0x3ba1000 size=4194304 write_addr=0x3e2f2a0 write_len=4 is_color=1
xemu-perf: metal_surface_dirty vram_addr=0x3ba1000 size=4194304 write_addr=0x3e2f2c8 write_len=4 is_color=1
xemu-perf: metal_screenshot_written path=/tmp/task16-repro2/swizzle-mipmap/metal/screenshots/swizzle-mipmap.0268.png w=640 h=480
xemu-perf: metal_surface_dirty vram_addr=0x3ba1000 size=4194304 write_addr=0x3e2f320 write_len=4 is_color=1
xemu-perf: metal_surface_dirty vram_addr=0x3ba1000 size=4194304 write_addr=0x3e2f340 write_len=4 is_color=1
xemu-perf: metal_surface_dirty vram_addr=0x3ba1000 size=4194304 write_addr=0x3e2f290 write_len=4 is_color=1
xemu-perf: metal_surface_dirty vram_addr=0x3ba1000 size=4194304 write_addr=0x3e2f2d8 write_len=4 is_color=1
xemu-perf: metal_surface_dirty vram_addr=0x3ba1000 size=4194304 write_addr=0x3e2f318 write_len=4 is_color=1
xemu-perf: metal_surface_dirty vram_addr=0x3ba1000 size=4194304 write_addr=0x3e2f340 write_len=4 is_color=1
xemu-perf: metal_surface_dirty vram_addr=0x3ba1000 size=4194304 write_addr=0x3e2f2c0 write_len=4 is_color=1
xemu-perf: metal_surface_dirty vram_addr=0x3ba1000 size=4194304 write_addr=0x3e2f300 write_len=4 is_color=1
xemu-perf: metal_surface_dirty vram_addr=0x3ba1000 size=4194304 write_addr=0x3e2f340 write_len=4 is_color=1
xemu-perf: metal_surface_dirty vram_addr=0x3ba1000 size=4194304 write_addr=0x3e2f290 write_len=4 is_color=1
xemu-perf: metal_surface_dirty vram_addr=0x3ba1000 size=4194304 write_addr=0x3e2f2e8 write_len=4 is_color=1
xemu-perf: metal_surface_dirty vram_addr=0x3ba1000 size=4194304 write_addr=0x3e2f340 write_len=4 is_color=1
xemu-perf: metal_surface_dirty vram_addr=0x3ba1000 size=4194304 write_addr=0x3e2f2a8 write_len=4 is_color=1
xemu-perf: metal_surface_dirty vram_addr=0x3ba1000 size=4194304 write_addr=0x3e2f320 write_len=4 is_color=1
xemu-perf: metal_surface_dirty vram_addr=0x3ba1000 size=4194304 write_addr=0x3e2f340 write_len=4 is_color=1
xemu-perf: metal_screenshot_written path=/tmp/task16-repro2/swizzle-mipmap/metal/screenshots/swizzle-mipmap.0269.png w=640 h=480
xemu-perf: metal_surface_dirty vram_addr=0x3ba1000 size=4194304 write_addr=0x3e2f2c0 write_len=4 is_color=1
xemu-perf: metal_surface_dirty vram_addr=0x3ba1000 size=4194304 write_addr=0x3e2f2f0 write_len=4 is_color=1
xemu-perf: metal_surface_dirty vram_addr=0x3ba1000 size=4194304 write_addr=0x3e2f308 write_len=4 is_color=1
xemu-perf: metal_surface_dirty vram_addr=0x3ba1000 size=4194304 write_addr=0x3e2f328 write_len=4 is_color=1
xemu-perf: metal_surface_dirty vram_addr=0x3ba1000 size=4194304 write_addr=0x3e2f340 write_len=4 is_color=1
xemu-perf: metal_surface_dirty vram_addr=0x3ba1000 size=4194304 write_addr=0x3e2f2a8 write_len=4 is_color=1
xemu-perf: metal_surface_dirty vram_addr=0x3ba1000 size=4194304 write_addr=0x3e2f2c8 write_len=4 is_color=1
xemu-perf: metal_surface_dirty vram_addr=0x3ba1000 size=4194304 write_addr=0x3e2f340 write_len=4 is_color=1
xemu-perf: metal_surface_dirty vram_addr=0x3ba1000 size=4194304 write_addr=0x3e2f288 write_len=4 is_color=1
xemu-perf: metal_surface_dirty vram_addr=0x3ba1000 size=4194304 write_addr=0x3e2f2e8 write_len=4 is_color=1
xemu-perf: metal_surface_dirty vram_addr=0x3ba1000 size=4194304 write_addr=0x3e2f338 write_len=4 is_color=1
xemu-perf: metal_surface_dirty vram_addr=0x3ba1000 size=4194304 write_addr=0x3e2f340 write_len=4 is_color=1
xemu-perf: metal_surface_dirty vram_addr=0x3ba1000 size=4194304 write_addr=0x3e2f288 write_len=4 is_color=1
xemu-perf: metal_surface_dirty vram_addr=0x3ba1000 size=4194304 write_addr=0x3e2f2e0 write_len=4 is_color=1
xemu-perf: metal_surface_dirty vram_addr=0x3ba1000 size=4194304 write_addr=0x3e2f328 write_len=4 is_color=1
xemu-perf: metal_surface_dirty vram_addr=0x3ba1000 size=4194304 write_addr=0x3e2f340 write_len=4 is_color=1
xemu-perf: metal_surface_dirty vram_addr=0x3ba1000 size=4194304 write_addr=0x3e2f290 write_len=4 is_color=1
xemu-perf: metal_surface_dirty vram_addr=0x3ba1000 size=4194304 write_addr=0x3e2f2e8 write_len=4 is_color=1
xemu-perf: metal_surface_dirty vram_addr=0x3ba1000 size=4194304 write_addr=0x3e2f340 write_len=4 is_color=1
xemu-perf: metal_screenshot_written path=/tmp/task16-repro2/swizzle-mipmap/metal/screenshots/swizzle-mipmap.0270.png w=640 h=480
xemu-perf: metal_surface_dirty vram_addr=0x3ba1000 size=4194304 write_addr=0x3e2f2a0 write_len=4 is_color=1
xemu-perf: metal_surface_dirty vram_addr=0x3ba1000 size=4194304 write_addr=0x3e2f2e0 write_len=4 is_color=1
xemu-perf: metal_surface_dirty vram_addr=0x3ba1000 size=4194304 write_addr=0x3e2f324 write_len=4 is_color=1
xemu-perf: metal_surface_dirty vram_addr=0x3ba1000 size=4194304 write_addr=0x3e2f340 write_len=4 is_color=1
xemu-perf: metal_surface_dirty vram_addr=0x3ba1000 size=4194304 write_addr=0x3e2f290 write_len=4 is_color=1
xemu-perf: metal_surface_dirty vram_addr=0x3ba1000 size=4194304 write_addr=0x3e2f2e0 write_len=4 is_color=1
xemu-perf: metal_surface_dirty vram_addr=0x3ba1000 size=4194304 write_addr=0x3e2f328 write_len=4 is_color=1
xemu-perf: metal_surface_dirty vram_addr=0x3ba1000 size=4194304 write_addr=0x3e2f340 write_len=4 is_color=1
xemu-perf: metal_surface_dirty vram_addr=0x3ba1000 size=4194304 write_addr=0x3e2f2a8 write_len=4 is_color=1
xemu-perf: metal_surface_dirty vram_addr=0x3ba1000 size=4194304 write_addr=0x3e2f2d4 write_len=4 is_color=1
xemu-perf: metal_surface_dirty vram_addr=0x3ba1000 size=4194304 write_addr=0x3e2f320 write_len=4 is_color=1
xemu-perf: metal_surface_dirty vram_addr=0x3ba1000 size=4194304 write_addr=0x3e2f340 write_len=4 is_color=1
xemu-perf: metal_surface_dirty vram_addr=0x3ba1000 size=4194304 write_addr=0x3e2f2b8 write_len=4 is_color=1
xemu-perf: metal_surface_dirty vram_addr=0x3ba1000 size=4194304 write_addr=0x3e2f2c8 write_len=4 is_color=1
xemu-perf: metal_surface_dirty vram_addr=0x3ba1000 size=4194304 write_addr=0x3e2f320 write_len=4 is_color=1
xemu-perf: metal_surface_dirty vram_addr=0x3ba1000 size=4194304 write_addr=0x3e2f340 write_len=4 is_color=1
xemu-perf: metal_surface_dirty vram_addr=0x3ba1000 size=4194304 write_addr=0x3e2f2c0 write_len=4 is_color=1
xemu-perf: metal_surface_dirty vram_addr=0x3ba1000 size=4194304 write_addr=0x3e2f300 write_len=4 is_color=1
xemu-perf: metal_surface_dirty vram_addr=0x3ba1000 size=4194304 write_addr=0x3e2f340 write_len=4 is_color=1
xemu-perf: metal_screenshot_written path=/tmp/task16-repro2/swizzle-mipmap/metal/screenshots/swizzle-mipmap.0271.png w=640 h=480
xemu-perf: metal_surface_dirty vram_addr=0x3ba1000 size=4194304 write_addr=0x3e2f2b8 write_len=4 is_color=1
xemu-perf: metal_surface_dirty vram_addr=0x3ba1000 size=4194304 write_addr=0x3e2f2e0 write_len=4 is_color=1
xemu-perf: metal_surface_dirty vram_addr=0x3ba1000 size=4194304 write_addr=0x3e2f328 write_len=4 is_color=1
xemu-perf: metal_surface_dirty vram_addr=0x3ba1000 size=4194304 write_addr=0x3e2f340 write_len=4 is_color=1
xemu-perf: metal_surface_dirty vram_addr=0x3ba1000 size=4194304 write_addr=0x3e2f290 write_len=4 is_color=1
xemu-perf: metal_surface_dirty vram_addr=0x3ba1000 size=4194304 write_addr=0x3e2f2e0 write_len=4 is_color=1
xemu-perf: metal_surface_dirty vram_addr=0x3ba1000 size=4194304 write_addr=0x3e2f330 write_len=4 is_color=1
xemu-perf: metal_surface_dirty vram_addr=0x3ba1000 size=4194304 write_addr=0x3e2f340 write_len=4 is_color=1
xemu-perf: metal_surface_dirty vram_addr=0x3ba1000 size=4194304 write_addr=0x3e2f2a0 write_len=4 is_color=1
xemu-perf: metal_surface_dirty vram_addr=0x3ba1000 size=4194304 write_addr=0x3e2f300 write_len=4 is_color=1
xemu-perf: metal_surface_dirty vram_addr=0x3ba1000 size=4194304 write_addr=0x3e2f330 write_len=4 is_color=1
xemu-perf: metal_surface_dirty vram_addr=0x3ba1000 size=4194304 write_addr=0x3e2f340 write_len=4 is_color=1
xemu-perf: metal_surface_dirty vram_addr=0x3ba1000 size=4194304 write_addr=0x3e2f290 write_len=4 is_color=1
xemu-perf: metal_surface_dirty vram_addr=0x3ba1000 size=4194304 write_addr=0x3e2f2e0 write_len=4 is_color=1
xemu-perf: metal_surface_dirty vram_addr=0x3ba1000 size=4194304 write_addr=0x3e2f340 write_len=4 is_color=1
xemu-perf: metal_surface_dirty vram_addr=0x3ba1000 size=4194304 write_addr=0x3e2f290 write_len=4 is_color=1
xemu-perf: metal_surface_dirty vram_addr=0x3ba1000 size=4194304 write_addr=0x3e2f2e0 write_len=4 is_color=1
xemu-perf: metal_surface_dirty vram_addr=0x3ba1000 size=4194304 write_addr=0x3e2f330 write_len=4 is_color=1
xemu-perf: metal_surface_dirty vram_addr=0x3ba1000 size=4194304 write_addr=0x3e2f340 write_len=4 is_color=1
xemu-perf: metal_surface_dirty vram_addr=0x3ba1000 size=4194304 write_addr=0x3e2f2e8 write_len=4 is_color=1
xemu-perf: metal_surface_dirty vram_addr=0x3ba1000 size=4194304 write_addr=0x3e2f340 write_len=4 is_color=1
xemu-perf: metal_screenshot_written path=/tmp/task16-repro2/swizzle-mipmap/metal/screenshots/swizzle-mipmap.0272.png w=640 h=480
xemu-perf: metal_surface_dirty vram_addr=0x3ba1000 size=4194304 write_addr=0x3e2f280 write_len=4 is_color=1
xemu-perf: metal_surface_dirty vram_addr=0x3ba1000 size=4194304 write_addr=0x3e2f2c8 write_len=4 is_color=1
xemu-perf: metal_surface_dirty vram_addr=0x3ba1000 size=4194304 write_addr=0x3e2f340 write_len=4 is_color=1
xemu-perf: metal_surface_dirty vram_addr=0x3ba1000 size=4194304 write_addr=0x3e2f284 write_len=4 is_color=1
xemu-perf: metal_surface_dirty vram_addr=0x3ba1000 size=4194304 write_addr=0x3e2f2d0 write_len=4 is_color=1
xemu-perf: metal_surface_dirty vram_addr=0x3ba1000 size=4194304 write_addr=0x3e2f328 write_len=4 is_color=1
xemu-perf: metal_surface_dirty vram_addr=0x3ba1000 size=4194304 write_addr=0x3e2f340 write_len=4 is_color=1
xemu-perf: metal_surface_dirty vram_addr=0x3ba1000 size=4194304 write_addr=0x3e2f2a0 write_len=4 is_color=1
xemu-perf: metal_surface_dirty vram_addr=0x3ba1000 size=4194304 write_addr=0x3e2f2f0 write_len=4 is_color=1
xemu-perf: metal_surface_dirty vram_addr=0x3ba1000 size=4194304 write_addr=0x3e2f340 write_len=4 is_color=1
xemu-perf: metal_surface_dirty vram_addr=0x3ba1000 size=4194304 write_addr=0x3e2f290 write_len=4 is_color=1
xemu-perf: metal_surface_dirty vram_addr=0x3ba1000 size=4194304 write_addr=0x3e2f2e0 write_len=4 is_color=1
xemu-perf: metal_surface_dirty vram_addr=0x3ba1000 size=4194304 write_addr=0x3e2f328 write_len=4 is_color=1
xemu-perf: metal_surface_dirty vram_addr=0x3ba1000 size=4194304 write_addr=0x3e2f340 write_len=4 is_color=1
xemu-perf: metal_screenshot_written path=/tmp/task16-repro2/swizzle-mipmap/metal/screenshots/swizzle-mipmap.0273.png w=640 h=480
xemu-perf: metal_surface_dirty vram_addr=0x3ba1000 size=4194304 write_addr=0x3e2f2c0 write_len=4 is_color=1
xemu-perf: metal_surface_dirty vram_addr=0x3ba1000 size=4194304 write_addr=0x3e2f300 write_len=4 is_color=1
xemu-perf: metal_surface_dirty vram_addr=0x3ba1000 size=4194304 write_addr=0x3e2f340 write_len=4 is_color=1
xemu-perf: metal_surface_dirty vram_addr=0x3ba1000 size=4194304 write_addr=0x3e2f290 write_len=4 is_color=1
xemu-perf: metal_surface_dirty vram_addr=0x3ba1000 size=4194304 write_addr=0x3e2f2e0 write_len=4 is_color=1
xemu-perf: metal_surface_dirty vram_addr=0x3ba1000 size=4194304 write_addr=0x3e2f340 write_len=4 is_color=1
xemu-perf: metal_surface_dirty vram_addr=0x3ba1000 size=4194304 write_addr=0x3e2f2c0 write_len=4 is_color=1
xemu-perf: metal_surface_dirty vram_addr=0x3ba1000 size=4194304 write_addr=0x3e2f300 write_len=4 is_color=1
xemu-perf: metal_surface_dirty vram_addr=0x3ba1000 size=4194304 write_addr=0x3e2f340 write_len=4 is_color=1
xemu-perf: metal_surface_dirty vram_addr=0x3ba1000 size=4194304 write_addr=0x3e2f290 write_len=4 is_color=1
xemu-perf: metal_surface_dirty vram_addr=0x3ba1000 size=4194304 write_addr=0x3e2f2e8 write_len=4 is_color=1
xemu-perf: metal_surface_dirty vram_addr=0x3ba1000 size=4194304 write_addr=0x3e2f340 write_len=4 is_color=1
xemu-perf: metal_surface_dirty vram_addr=0x3ba1000 size=4194304 write_addr=0x3e2f2b0 write_len=4 is_color=1
xemu-perf: metal_surface_dirty vram_addr=0x3ba1000 size=4194304 write_addr=0x3e2f308 write_len=4 is_color=1
xemu-perf: metal_surface_dirty vram_addr=0x3ba1000 size=4194304 write_addr=0x3e2f340 write_len=4 is_color=1
xemu-perf: metal_surface_dirty vram_addr=0x3ba1000 size=4194304 write_addr=0x3e2f298 write_len=4 is_color=1
xemu-perf: metal_surface_dirty vram_addr=0x3ba1000 size=4194304 write_addr=0x3e2f2b0 write_len=4 is_color=1
xemu-perf: metal_screenshot_written path=/tmp/task16-repro2/swizzle-mipmap/metal/screenshots/swizzle-mipmap.0274.png w=640 h=480
xemu-perf: metal_surface_dirty vram_addr=0x3ba1000 size=4194304 write_addr=0x3e2f300 write_len=4 is_color=1
xemu-perf: metal_surface_dirty vram_addr=0x3ba1000 size=4194304 write_addr=0x3e2f340 write_len=4 is_color=1
xemu-perf: metal_surface_dirty vram_addr=0x3ba1000 size=4194304 write_addr=0x3e2f290 write_len=4 is_color=1
xemu-perf: metal_surface_dirty vram_addr=0x3ba1000 size=4194304 write_addr=0x3e2f2c8 write_len=4 is_color=1
xemu-perf: metal_surface_dirty vram_addr=0x3ba1000 size=4194304 write_addr=0x3e2f320 write_len=4 is_color=1
xemu-perf: metal_surface_dirty vram_addr=0x3ba1000 size=4194304 write_addr=0x3e2f340 write_len=4 is_color=1
xemu-perf: interval_id=11 interval_start_us=197591059895 interval_end_us=197593446361 interval_ms=2386 frames=35 fps=14.67 mspf_avg=11.072 mspf_min=0.000 mspf_max=297.102 increment_fps=59 final=1 reason=atexit BEGIN_ENDS=3311 NATIVE_TRI_DEPTH_DRAW=3311 NATIVE_TRI_DEPTH_DRAW_SMOOTH=3311 TCG_TB_EXEC_COUNT=142318283 TCG_TB_INVALIDATE_COUNT=1776 TCG_NOTDIRTY_TRIPS=29093 TCG_NOTDIRTY_PAGES_HIT=29005 TCG_TB_INVALIDATE_BURST_MAX=22 TCG_JMP_CACHE_ZEROED_BUCKETS=55711472 TCG_INVALIDATE_WALL_US_MAX=4 TCG_INVALIDATE_WALL_US_TOTAL=389 TCG_TB_LOOKUP_US_TOTAL=0 TCG_TB_GEN_CODE_US_TOTAL=0 TCG_HANDLE_INTERRUPT_US_TOTAL=0 TCG_XBOX_IDLE_LOOP_HITS=0 TCG_XBOX_IDLE_LOOP_YIELDS=0 TCG_XBOX_IDLE_LOOP_HALTS=0 MMIO_READ_COUNT=0 MMIO_READ_US_TOTAL=0 MMIO_READ_US_MAX=0 MMIO_READ_PGRAPH_COUNT=0 MMIO_READ_PGRAPH_US_TOTAL=0 MMIO_READ_PGRAPH_US_MAX=0 NV2A_VBLANK_FIRES=153 NV2A_FLIP_STALL_WRITES=35 NV2A_PRESENT_HEARTBEAT=125 XEMU_GL_SWAPS=0 RATE_SLEW_RATIO_E6=1000000 RATE_SLEW_ACTIVE=0 APU_LOCK_HOLD_US_TOTAL=11218 APU_VCPU_LOCK_WAIT_US_MAX=0 PFIFO_PUSHER_RUNS=3294 PFIFO_PUSHER_STALLS=2002 PFIFO_PUSHER_STALL_FLIP=0 PFIFO_PUSHER_STALL_NOP=1933 PFIFO_PUSHER_STALL_FIFO=96 PFIFO_PULLER_CALLS=57859 PFIFO_PULLER_STALLS=35 PFIFO_PULLER_STALL_FLIP=35 PFIFO_PULLER_STALL_NOP=0 PFIFO_PULLER_STALL_CONTEXT=0 PFIFO_PULLER_STALL_FIFO=0 PFIFO_PUSHER_WORDS=253388 PFIFO_PULLER_METHOD_WORDS=203264 PFIFO_DMA_BACKLOG_BYTES_MAX=65204224 PFIFO_USER_DMA_PUT_WRITES=2917 PFIFO_USER_DMA_GET_WRITES=0 PFIFO_USER_DMA_PUT_READS=0 PFIFO_USER_DMA_GET_READS=109875 PGRAPH_PATT_COLOR0_WRITES=0 PGRAPH_PATT_COLOR0_READS=0 PGRAPH_FLIP_STALL_SETS=35 PGRAPH_FLIP_STALL_CHECKS=70 PGRAPH_FLIP_STALL_STILL_WAITING=35 PGRAPH_FLIP_STALL_COMPLETES=35 METAL_DRAW_COUNT=3311 METAL_DRAW_INDEXED_COUNT=2639 METAL_NATIVE_TRI_DEPTH_DRAWS=3311 METAL_NATIVE_QUAD_DRAWS=0 METAL_CLEAR_COUNT=132 METAL_GLSL_TRANSLATE=0 METAL_GLSL_TRANSLATE_FAIL=0 METAL_SHADER_VALIDATE_OK=0 METAL_SHADER_VALIDATE_FAIL=0 METAL_PIPELINE_HITS=3311 METAL_PIPELINE_MISSES=0 METAL_PIPELINE_FAILED=0 METAL_TEX_UPLOADS_TOTAL=51 METAL_TEX_UPLOAD_BYTES_TOTAL=88771812 METAL_TEX_CACHE_HITS=8606 METAL_TEX_CACHE_MISSES=51 METAL_PIPELINE_KEY_BUILT=3311 METAL_PIPELINE_TRANSLATED_OK=3311 METAL_PIPELINE_TRANSLATED_FAILED=0 METAL_DISPATCH_US_TOTAL=51844 METAL_TEX_BIND_US_TOTAL=25922 METAL_DRAW_ENCODE_US_TOTAL=10970 METAL_DRAW_PASS_OPENS=178 METAL_DRAW_PASS_COALESCED=3133 METAL_DRAW_PASS_FLUSHES=167 METAL_OPEN_PASS_FLUSH_US_TOTAL=2203 METAL_TEX_UPLOAD_US_TOTAL=2226 METAL_DRAW_TRANSLATED=3311 METAL_PIPELINE_FALLBACKS=0 METAL_UNIFORM_PACK=6622 METAL_UNIFORM_BYTES=21667184 METAL_SHADER_COMPILE_QUEUED_TOTAL=0 METAL_SHADER_COMPILE_COMPLETED_TOTAL=0 METAL_SHADER_COMPILE_FAILED_TOTAL=0 METAL_DRAWS_SKIPPED_PENDING_TOTAL=0 METAL_DRAWS_USING_UBERSHADER_TOTAL=0 METAL_SHADER_CACHE_LOADS=0 METAL_SHADER_CACHE_HITS=0 METAL_SHADER_CACHE_MISSES=0 METAL_PRESENTS=0 METAL_PRESENT_JITTER_US_TOTAL=0 METAL_PRESENT_JITTER_US_AVG=0 METAL_PRESENT_JITTER_US_MAX=0 METAL_DRAWABLE_ACQUIRE_FAILS=0 METAL_DISPLAY_LINK_CALLBACKS=0 METAL_MSAA_RESOLVE_COUNT=0 METAL_MSAA_RESOLVE_US_TOTAL=0 METAL_MSAA_SAMPLE_COUNT=1 METAL_FX_SPATIAL_PRESENTS=0 METAL_FX_SPATIAL_US_TOTAL=0 METAL_FX_SCALE_FACTOR=1 METAL_FX_SPATIAL_GPU_US_TOTAL=0 METAL_VERTEX_US_TOTAL=4810 METAL_FRAGMENT_US_TOTAL=5970 METAL_PRESENT_GPU_US_TOTAL=10993 METAL_PRESENT_GPU_FRAMES=306 METAL_CAPTURE_FRAMES=0 METAL_CAPTURE_ACTIVE=0 METAL_SCREENSHOTS_TAKEN=20 METAL_FRONT_FB_PUBLISHES=34 METAL_SURFACE_CACHE_SIZE=24 METAL_IMAGE_BLITS=0 METAL_SURFACE_VRAM_DIRTY_HITS=243 METAL_SURFACE_VRAM_UPLOADS=246 METAL_SURFACE_VRAM_UPLOAD_BYTES=956956672 METAL_SURFACE_RECREATE_SHAPE_MISMATCH=0 METAL_SURFACE_DOWNLOADS=35 METAL_SURFACE_DOWNLOAD_BYTES=87752704 METAL_SURFACE_DOWNLOAD_US_TOTAL=18207 METAL_DRAW_RT_DUMPS=0 METAL_SURFACE_GRAPH_DUMPS=0 METAL_SIBLING_SYNCS=0 METAL_SIBLING_SYNC_SKIPS=0 METAL_FLAT_QUAD_PROPAGATIONS=0 INPUT_USB_POLLS=0 INPUT_BACKEND_UPDATES=305 INPUT_LAT_US_TOTAL=0 INPUT_LAT_US_MAX=0 HELPER_RDTSC_CALLS=2 PIT_IRQ_TIMER_FIRES=5115 PIT_COALESCE_EVENTS=0 PIT_COALESCE_LATE_US_TOTAL=0 PIT_COALESCE_LATE_US_MAX=0 PIT_COALESCE_SKIPPED_TRANSITIONS=0
xemu-perf: metal_draw_target vram_addr=0x32a4000 count=35
xemu-perf: metal_draw_target vram_addr=0x2854000 count=433
xemu-perf: metal_draw_target vram_addr=0x2894000 count=433
xemu-perf: metal_draw_target vram_addr=0x28d4000 count=433
xemu-perf: metal_draw_target vram_addr=0x2914000 count=433
xemu-perf: metal_draw_target vram_addr=0x2954000 count=433
xemu-perf: metal_draw_target vram_addr=0x2994000 count=433
xemu-perf: metal_draw_target vram_addr=0x3628000 count=34
xemu-perf: metal_draw_target vram_addr=0x3bd4000 count=217
xemu-perf: metal_draw_target vram_addr=0x3d00000 count=210
xemu-perf: metal_draw_target vram_addr=0x3aa8000 count=210
xemu-perf: metal_draw_target vram_addr=0x3ba1000 count=7
