xemu_version: 0.8.134-186-g0f572aac4f
xemu_commit: 0f572aac4f08e42b38e079089ecb0eb1633ba150
xemu_date: Fri 22 May 2026 01:56:29 UTC
xemu_settings_set_path: config path: /tmp/task16-repro3/swizzle-mipmap/metal/xemu.toml
2026-05-21 20:57:02.960 xemu[3580:5221824] ApplePersistence=NO
xemu-rate-slew: enabled=0 host_hz=60.0000 ratio=1.000000 active=0 vblank_interval_ns=16666666
xemu-perf: metal_screenshot path=/tmp/task16-repro3/swizzle-mipmap/metal/screenshots/swizzle-mipmap.png at_frame=30 interval=15 source=nv2a
xemu-perf: metal_fx_scale=1 source=XEMU_METAL_FX_SCALE requested=0 configured=1 enabled=0
xemu-metal: device=Apple M3 Ultra headless=0 low-power=0 max-buf-len=179357827072 force-legacy-present=0
xemu-perf: metal_validation requested=1 promoted=1 mtl_debug_layer_active=1 mtl_shader_validation_active=1
xemu-perf: metal_hud requested=0 promoted=0 mtl_hud_enabled_active=0
xemu-perf: metal_counter_sampling enabled (buffer_capacity=4 storage=Shared)
CPU: 
OS_Version: Version 26.4.1 (Build 25E253)
xemu_settings_get_base_path: base path: /Users/jbbrack03/Library/Application Support/xemu/xemu/
Created QEMU launch parameters: /Users/jbbrack03/XEMU_MacOS/xemu-fork/dist/xemu.app/Contents/MacOS/xemu -machine xbox,bootrom=/Users/jbbrack03/XEMU_MacOS/Xbox-Emulator-Files/mcpx/mcpx_1.0.bin,kernel-irqchip=off,avpack=hdtv -device smbus-storage,file=/Users/jbbrack03/Library/Application Support/xemu/xemu/eeprom.bin -bios /Users/jbbrack03/XEMU_MacOS/Xbox-Emulator-Files/bios/Complex_4627.bin -m 64 -drive index=0,media=disk,file=/tmp/task16-repro3/swizzle-mipmap/metal/xbox_hdd.qcow2,locked=on -drive index=1,media=cdrom,file=/Users/jbbrack03/XEMU_MacOS/xemu-fork/scripts/apple-silicon/xbe-tests/swizzle-mipmap/swizzle-mipmap.iso -display xemu -device usb-hub,port=1,ports=4 -qmp unix:/tmp/xq-3576-8d8f36f3.sock,server=on,wait=off 
xemu-perf: apu_lock_release=1 source=auto-default
pgraph-mtl-heap: color_rts=256 MiB depth_rts=256 MiB textures=512 MiB type=Automatic storage=Private color/depth=tracked textures=untracked apple1_framebuffer_fetch=1
pgraph_mtl_disk_cache_init: enabled root=/Users/jbbrack03/Library/Application Support/xemu/xemu/metal_shaders feature_set=AppleGPUFamily9/macOS26.4
xemu-perf: metal_msaa=1 source=XEMU_METAL_MSAA requested=0 configured=1
xemu-perf: renderer=Metal host_os=darwin host_arch=arm64 log_interval_ms=1000
xemu-perf: fast_rdtsc=1 source=auto-default tb_numer=125 tb_denom=3
xemu-perf: pit_coalesce=0 source=auto-default threshold_us=4000
xemu-perf: pgraph_fast_read=1 source=XEMU_PGRAPH_FAST_READ
xemu-perf: metal_arm_cb n=1 vram_addr=0x33d0000 size=2457600 cb=0xc4386eb40 tcg=1
xemu-perf: metal_color_bind vram_addr=0x3628000 guest=1280x480 scaled=1280x480 pitch=5120 format=8
xemu-perf: metal_arm_cb n=2 vram_addr=0x3628000 size=2457600 cb=0xc4386ff40 tcg=1
xemu-perf: metal_arm_cb n=3 vram_addr=0x33d0000 size=2457600 cb=0xc4386fe80 tcg=1
xemu-perf: metal_color_bind vram_addr=0x32a4000 guest=640x480 scaled=640x480 pitch=2560 format=8
xemu-perf: metal_arm_cb n=4 vram_addr=0x32a4000 size=1228800 cb=0xc4386fec0 tcg=1
xemu-perf: metal_draw_target_first vram_addr=0x32a4000 slot=0
xemu-perf: native_tri_depth=1 source=XEMU_NATIVE_TRI_DEPTH mode=safe
xemu-perf: native_quad=1 source=XEMU_NATIVE_QUAD mode=smooth-fill
xemu-perf: metal_screenshot_written path=/tmp/task16-repro3/swizzle-mipmap/metal/screenshots/swizzle-mipmap.0001.png w=640 h=480
xemu-perf: metal_color_bind vram_addr=0x2854000 guest=256x256 scaled=256x256 pitch=1024 format=8
xemu-perf: metal_arm_cb n=5 vram_addr=0x2854000 size=262144 cb=0xc4386f1c0 tcg=1
xemu-perf: metal_arm_cb n=6 vram_addr=0x2814000 size=262144 cb=0xc4386f180 tcg=1
xemu-perf: metal_arm_cb n=7 vram_addr=0x2854000 size=262144 cb=0xc44be5940 tcg=1
xemu-perf: metal_arm_cb n=8 vram_addr=0x2814000 size=262144 cb=0xc44be61c0 tcg=1
xemu-perf: metal_draw_target_first vram_addr=0x2854000 slot=1
xemu-perf: metal_color_bind vram_addr=0x2894000 guest=256x256 scaled=256x256 pitch=1024 format=8
xemu-perf: metal_draw_target_first vram_addr=0x2894000 slot=2
xemu-perf: metal_color_bind vram_addr=0x28d4000 guest=256x256 scaled=256x256 pitch=1024 format=8
xemu-perf: metal_draw_target_first vram_addr=0x28d4000 slot=3
xemu-perf: metal_color_bind vram_addr=0x2914000 guest=256x256 scaled=256x256 pitch=1024 format=8
xemu-perf: metal_draw_target_first vram_addr=0x2914000 slot=4
xemu-perf: metal_color_bind vram_addr=0x2954000 guest=256x256 scaled=256x256 pitch=1024 format=8
xemu-perf: metal_draw_target_first vram_addr=0x2954000 slot=5
xemu-perf: metal_color_bind vram_addr=0x2994000 guest=256x256 scaled=256x256 pitch=1024 format=8
xemu-perf: metal_draw_target_first vram_addr=0x2994000 slot=6
xemu-perf: metal_color_bind vram_addr=0x0 guest=512x512 scaled=512x512 pitch=1024 format=3
xemu-perf: metal_screenshot_written path=/tmp/task16-repro3/swizzle-mipmap/metal/screenshots/swizzle-mipmap.0002.png w=640 h=480
xemu-perf: metal_color_bind vram_addr=0x2e06000 guest=1024x512 scaled=1024x512 pitch=4096 format=8
xemu-perf: metal_draw_target_first vram_addr=0x2e06000 slot=7
xemu-perf: metal_draw_target_first vram_addr=0x3628000 slot=8
xemu-perf: metal_surface_dirty vram_addr=0x3628000 size=2457600 write_addr=0x3628000 write_len=2457600 is_color=1
xemu-perf: metal_color_bind vram_addr=0x2c06000 guest=1024x512 scaled=1024x512 pitch=4096 format=8
xemu-perf: metal_draw_target_first vram_addr=0x2c06000 slot=9
xemu-perf: metal_surface_dirty vram_addr=0x3628000 size=2457600 write_addr=0x3628000 write_len=2457600 is_color=1
xemu-perf: metal_surface_dirty vram_addr=0x3628000 size=2457600 write_addr=0x3628000 write_len=2457600 is_color=1
xemu-perf: metal_surface_dirty vram_addr=0x3628000 size=2457600 write_addr=0x3628000 write_len=2457600 is_color=1
xemu-perf: metal_surface_dirty vram_addr=0x3628000 size=2457600 write_addr=0x3628000 write_len=2457600 is_color=1
xemu-perf: metal_surface_dirty vram_addr=0x3628000 size=2457600 write_addr=0x3628000 write_len=2457600 is_color=1
xemu-perf: metal_screenshot_written path=/tmp/task16-repro3/swizzle-mipmap/metal/screenshots/swizzle-mipmap.0003.png w=640 h=480
xemu-perf: metal_surface_dirty vram_addr=0x3628000 size=2457600 write_addr=0x3628000 write_len=2457600 is_color=1
xemu-perf: metal_surface_dirty vram_addr=0x3628000 size=2457600 write_addr=0x3628000 write_len=2457600 is_color=1
xemu-perf: metal_surface_dirty vram_addr=0x3628000 size=2457600 write_addr=0x3628000 write_len=2457600 is_color=1
xemu-perf: metal_surface_dirty vram_addr=0x3628000 size=2457600 write_addr=0x3628000 write_len=2457600 is_color=1
xemu-perf: metal_surface_dirty vram_addr=0x3628000 size=2457600 write_addr=0x3628000 write_len=2457600 is_color=1
xemu-perf: metal_surface_dirty vram_addr=0x3628000 size=2457600 write_addr=0x3628000 write_len=2457600 is_color=1
xemu-perf: metal_surface_dirty vram_addr=0x3628000 size=2457600 write_addr=0x3628000 write_len=2457600 is_color=1
xemu-perf: metal_surface_dirty vram_addr=0x3628000 size=2457600 write_addr=0x3628000 write_len=2457600 is_color=1
xemu-perf: metal_screenshot_written path=/tmp/task16-repro3/swizzle-mipmap/metal/screenshots/swizzle-mipmap.0004.png w=640 h=480
xemu-perf: metal_surface_dirty vram_addr=0x3628000 size=2457600 write_addr=0x3628000 write_len=2457600 is_color=1
xemu-perf: metal_surface_dirty vram_addr=0x3628000 size=2457600 write_addr=0x3628000 write_len=2457600 is_color=1
xemu-perf: metal_surface_dirty vram_addr=0x3628000 size=2457600 write_addr=0x3628000 write_len=2457600 is_color=1
xemu-perf: metal_surface_dirty vram_addr=0x3628000 size=2457600 write_addr=0x3628000 write_len=2457600 is_color=1
xemu-perf: metal_surface_dirty vram_addr=0x3628000 size=2457600 write_addr=0x3628000 write_len=2457600 is_color=1
xemu-perf: metal_surface_dirty vram_addr=0x3628000 size=2457600 write_addr=0x3628000 write_len=2457600 is_color=1
xemu-perf: metal_surface_dirty vram_addr=0x3628000 size=2457600 write_addr=0x3628000 write_len=2457600 is_color=1
xemu-perf: metal_surface_dirty vram_addr=0x3628000 size=2457600 write_addr=0x3628000 write_len=2457600 is_color=1
xemu-perf: metal_screenshot_written path=/tmp/task16-repro3/swizzle-mipmap/metal/screenshots/swizzle-mipmap.0005.png w=640 h=480
xemu-perf: metal_surface_dirty vram_addr=0x3628000 size=2457600 write_addr=0x3628000 write_len=2457600 is_color=1
xemu-perf: metal_surface_dirty vram_addr=0x3628000 size=2457600 write_addr=0x3628000 write_len=2457600 is_color=1
xemu-perf: metal_surface_dirty vram_addr=0x3628000 size=2457600 write_addr=0x3628000 write_len=2457600 is_color=1
xemu-perf: metal_surface_dirty vram_addr=0x3628000 size=2457600 write_addr=0x3628000 write_len=2457600 is_color=1
xemu-perf: metal_surface_dirty vram_addr=0x3628000 size=2457600 write_addr=0x3628000 write_len=2457600 is_color=1
xemu-perf: metal_surface_dirty vram_addr=0x3628000 size=2457600 write_addr=0x3628000 write_len=2457600 is_color=1
xemu-perf: metal_surface_dirty vram_addr=0x3628000 size=2457600 write_addr=0x3628000 write_len=2457600 is_color=1
xemu-perf: metal_screenshot_written path=/tmp/task16-repro3/swizzle-mipmap/metal/screenshots/swizzle-mipmap.0006.png w=640 h=480
xemu-perf: metal_surface_dirty vram_addr=0x3628000 size=2457600 write_addr=0x3628000 write_len=2457600 is_color=1
xemu-perf: metal_surface_dirty vram_addr=0x3628000 size=2457600 write_addr=0x3628000 write_len=2457600 is_color=1
xemu-perf: metal_surface_dirty vram_addr=0x3628000 size=2457600 write_addr=0x3628000 write_len=2457600 is_color=1
xemu-perf: metal_surface_dirty vram_addr=0x3628000 size=2457600 write_addr=0x3628000 write_len=2457600 is_color=1
xemu-perf: metal_surface_dirty vram_addr=0x3628000 size=2457600 write_addr=0x3628000 write_len=2457600 is_color=1
xemu-perf: metal_surface_dirty vram_addr=0x3628000 size=2457600 write_addr=0x3628000 write_len=2457600 is_color=1
xemu-perf: metal_surface_dirty vram_addr=0x3628000 size=2457600 write_addr=0x3628000 write_len=2457600 is_color=1
xemu-perf: metal_screenshot_written path=/tmp/task16-repro3/swizzle-mipmap/metal/screenshots/swizzle-mipmap.0007.png w=640 h=480
xemu-perf: metal_surface_dirty vram_addr=0x3628000 size=2457600 write_addr=0x3628000 write_len=2457600 is_color=1
xemu-perf: metal_surface_dirty vram_addr=0x3628000 size=2457600 write_addr=0x3628000 write_len=2457600 is_color=1
xemu-perf: interval_id=0 interval_start_us=197717636419 interval_end_us=197718641247 interval_ms=1004 frames=40 fps=39.81 mspf_avg=21.463 mspf_min=0.000 mspf_max=321.248 increment_fps=60 BEGIN_ENDS=36528 NATIVE_TRI_DEPTH_DRAW=36528 NATIVE_TRI_DEPTH_DRAW_SMOOTH=36528 TCG_TB_EXEC_COUNT=8025244 TCG_TB_INVALIDATE_COUNT=1761 TCG_NOTDIRTY_TRIPS=702 TCG_NOTDIRTY_PAGES_HIT=227 TCG_TB_INVALIDATE_BURST_MAX=214 TCG_JMP_CACHE_ZEROED_BUCKETS=474527457 TCG_INVALIDATE_WALL_US_MAX=85 TCG_INVALIDATE_WALL_US_TOTAL=518 TCG_TB_LOOKUP_US_TOTAL=0 TCG_TB_GEN_CODE_US_TOTAL=0 TCG_HANDLE_INTERRUPT_US_TOTAL=0 TCG_XBOX_IDLE_LOOP_HITS=0 TCG_XBOX_IDLE_LOOP_YIELDS=0 TCG_XBOX_IDLE_LOOP_HALTS=0 MMIO_READ_COUNT=0 MMIO_READ_US_TOTAL=0 MMIO_READ_US_MAX=0 MMIO_READ_PGRAPH_COUNT=0 MMIO_READ_PGRAPH_US_TOTAL=0 MMIO_READ_PGRAPH_US_MAX=0 NV2A_VBLANK_FIRES=66 NV2A_FLIP_STALL_WRITES=39 NV2A_PRESENT_HEARTBEAT=39 XEMU_GL_SWAPS=0 RATE_SLEW_RATIO_E6=1000000 RATE_SLEW_ACTIVE=0 APU_LOCK_HOLD_US_TOTAL=46678 APU_VCPU_LOCK_WAIT_US_MAX=89 PFIFO_PUSHER_RUNS=471 PFIFO_PUSHER_STALLS=400 PFIFO_PUSHER_STALL_FLIP=0 PFIFO_PUSHER_STALL_NOP=340 PFIFO_PUSHER_STALL_FIFO=69 PFIFO_PULLER_CALLS=253993 PFIFO_PULLER_STALLS=56 PFIFO_PULLER_STALL_FLIP=56 PFIFO_PULLER_STALL_NOP=0 PFIFO_PULLER_STALL_CONTEXT=0 PFIFO_PULLER_STALL_FIFO=0 PFIFO_PUSHER_WORDS=3108785 PFIFO_PULLER_METHOD_WORDS=2866103 PFIFO_DMA_BACKLOG_BYTES_MAX=59244544 PFIFO_USER_DMA_PUT_WRITES=423 PFIFO_USER_DMA_GET_WRITES=0 PFIFO_USER_DMA_PUT_READS=0 PFIFO_USER_DMA_GET_READS=207 PGRAPH_PATT_COLOR0_WRITES=0 PGRAPH_PATT_COLOR0_READS=0 PGRAPH_FLIP_STALL_SETS=39 PGRAPH_FLIP_STALL_CHECKS=95 PGRAPH_FLIP_STALL_STILL_WAITING=56 PGRAPH_FLIP_STALL_COMPLETES=39 METAL_DRAW_COUNT=36528 METAL_DRAW_INDEXED_COUNT=36489 METAL_NATIVE_TRI_DEPTH_DRAWS=36528 METAL_NATIVE_QUAD_DRAWS=0 METAL_CLEAR_COUNT=203 METAL_GLSL_TRANSLATE=0 METAL_GLSL_TRANSLATE_FAIL=0 METAL_SHADER_VALIDATE_OK=0 METAL_SHADER_VALIDATE_FAIL=0 METAL_PIPELINE_HITS=36496 METAL_PIPELINE_MISSES=32 METAL_PIPELINE_FAILED=0 METAL_TEX_UPLOADS_TOTAL=46 METAL_TEX_UPLOAD_BYTES_TOTAL=97539408 METAL_TEX_CACHE_HITS=11964 METAL_TEX_CACHE_MISSES=48 METAL_PIPELINE_KEY_BUILT=36528 METAL_PIPELINE_TRANSLATED_OK=36528 METAL_PIPELINE_TRANSLATED_FAILED=0 METAL_DISPATCH_US_TOTAL=290420 METAL_TEX_BIND_US_TOTAL=55623 METAL_DRAW_ENCODE_US_TOTAL=62315 METAL_DRAW_PASS_OPENS=206 METAL_DRAW_PASS_COALESCED=36322 METAL_DRAW_PASS_FLUSHES=204 METAL_OPEN_PASS_FLUSH_US_TOTAL=3236 METAL_TEX_UPLOAD_US_TOTAL=3532 METAL_DRAW_TRANSLATED=36528 METAL_PIPELINE_FALLBACKS=0 METAL_UNIFORM_PACK=73056 METAL_UNIFORM_BYTES=239039232 METAL_SHADER_COMPILE_QUEUED_TOTAL=0 METAL_SHADER_COMPILE_COMPLETED_TOTAL=0 METAL_SHADER_COMPILE_FAILED_TOTAL=0 METAL_DRAWS_SKIPPED_PENDING_TOTAL=0 METAL_DRAWS_USING_UBERSHADER_TOTAL=0 METAL_SHADER_CACHE_LOADS=32 METAL_SHADER_CACHE_HITS=32 METAL_SHADER_CACHE_MISSES=0 METAL_PRESENTS=0 METAL_PRESENT_JITTER_US_TOTAL=0 METAL_PRESENT_JITTER_US_AVG=0 METAL_PRESENT_JITTER_US_MAX=0 METAL_DRAWABLE_ACQUIRE_FAILS=0 METAL_DISPLAY_LINK_CALLBACKS=0 METAL_MSAA_RESOLVE_COUNT=0 METAL_MSAA_RESOLVE_US_TOTAL=0 METAL_MSAA_SAMPLE_COUNT=1 METAL_FX_SPATIAL_PRESENTS=0 METAL_FX_SPATIAL_US_TOTAL=0 METAL_FX_SCALE_FACTOR=1 METAL_FX_SPATIAL_GPU_US_TOTAL=0 METAL_VERTEX_US_TOTAL=1740 METAL_FRAGMENT_US_TOTAL=2517 METAL_PRESENT_GPU_US_TOTAL=4470 METAL_PRESENT_GPU_FRAMES=127 METAL_CAPTURE_FRAMES=0 METAL_CAPTURE_ACTIVE=0 METAL_SCREENSHOTS_TAKEN=7 METAL_FRONT_FB_PUBLISHES=40 METAL_SURFACE_CACHE_SIZE=17 METAL_IMAGE_BLITS=0 METAL_SURFACE_VRAM_DIRTY_HITS=38 METAL_SURFACE_VRAM_UPLOADS=49 METAL_SURFACE_VRAM_UPLOAD_BYTES=103366656 METAL_SURFACE_RECREATE_SHAPE_MISMATCH=0 METAL_SURFACE_DOWNLOADS=38 METAL_SURFACE_DOWNLOAD_BYTES=93388800 METAL_SURFACE_DOWNLOAD_US_TOTAL=22099 METAL_DRAW_RT_DUMPS=0 METAL_SURFACE_GRAPH_DUMPS=0 METAL_SIBLING_SYNCS=0 METAL_SIBLING_SYNC_SKIPS=0 METAL_FLAT_QUAD_PROPAGATIONS=0 INPUT_USB_POLLS=0 INPUT_BACKEND_UPDATES=126 INPUT_LAT_US_TOTAL=0 INPUT_LAT_US_MAX=0 IDE_READ_SUBMITS=8 IDE_READ_COMPLETES=8 IDE_READ_BYTES=155648 IDE_READ_LAT_US_TOTAL=5477 IDE_READ_LAT_US_MAX=1016 IDE_READ_LAT_GT_16MS=0 IDE_READ_LAT_GT_33MS=0 IDE_READ_LAT_GT_50MS=0 IDE_READ_LAT_GT_100MS=0 IDE_READ_INFLIGHT_MAX=1 ATAPI_PIO_SYNC_READS=0 ATAPI_PIO_SYNC_BYTES=0 ATAPI_PIO_SYNC_US_TOTAL=0 ATAPI_PIO_SYNC_US_MAX=0 HELPER_RDTSC_CALLS=3006 PIT_IRQ_TIMER_FIRES=2126 PIT_COALESCE_EVENTS=0 PIT_COALESCE_LATE_US_TOTAL=0 PIT_COALESCE_LATE_US_MAX=0 PIT_COALESCE_SKIPPED_TRANSITIONS=0
xemu-perf: metal_draw_target vram_addr=0x32a4000 count=39
xemu-perf: metal_draw_target vram_addr=0x2854000 count=433
xemu-perf: metal_draw_target vram_addr=0x2894000 count=433
xemu-perf: metal_draw_target vram_addr=0x28d4000 count=433
xemu-perf: metal_draw_target vram_addr=0x2914000 count=433
xemu-perf: metal_draw_target vram_addr=0x2954000 count=433
xemu-perf: metal_draw_target vram_addr=0x2994000 count=433
xemu-perf: metal_draw_target vram_addr=0x2e06000 count=8680
xemu-perf: metal_draw_target vram_addr=0x3628000 count=1404
xemu-perf: metal_draw_target vram_addr=0x2c06000 count=8246
xemu-perf: metal_draw_target_zero count=15561
xemu-perf: metal_surface_dirty vram_addr=0x3628000 size=2457600 write_addr=0x3628000 write_len=2457600 is_color=1
xemu-perf: metal_surface_dirty vram_addr=0x3628000 size=2457600 write_addr=0x3628000 write_len=2457600 is_color=1
xemu-perf: metal_screenshot_written path=/tmp/task16-repro3/swizzle-mipmap/metal/screenshots/swizzle-mipmap.0008.png w=640 h=480
xemu-perf: metal_surface_dirty vram_addr=0x3628000 size=2457600 write_addr=0x3628000 write_len=2457600 is_color=1
xemu-perf: metal_surface_dirty vram_addr=0x3628000 size=2457600 write_addr=0x3628000 write_len=2457600 is_color=1
xemu-perf: metal_surface_dirty vram_addr=0x3628000 size=2457600 write_addr=0x3628000 write_len=2457600 is_color=1
xemu-perf: metal_surface_dirty vram_addr=0x3628000 size=2457600 write_addr=0x3628000 write_len=2457600 is_color=1
xemu-perf: metal_screenshot_written path=/tmp/task16-repro3/swizzle-mipmap/metal/screenshots/swizzle-mipmap.0009.png w=640 h=480
xemu-perf: metal_surface_dirty vram_addr=0x3628000 size=2457600 write_addr=0x3628000 write_len=2457600 is_color=1
xemu-perf: metal_surface_dirty vram_addr=0x3628000 size=2457600 write_addr=0x3628000 write_len=2457600 is_color=1
xemu-perf: metal_surface_dirty vram_addr=0x3628000 size=2457600 write_addr=0x3628000 write_len=2457600 is_color=1
xemu-perf: metal_surface_dirty vram_addr=0x3628000 size=2457600 write_addr=0x3628000 write_len=2457600 is_color=1
xemu-perf: metal_surface_dirty vram_addr=0x3628000 size=2457600 write_addr=0x3628000 write_len=2457600 is_color=1
xemu-perf: metal_screenshot_written path=/tmp/task16-repro3/swizzle-mipmap/metal/screenshots/swizzle-mipmap.0010.png w=640 h=480
xemu-perf: metal_surface_dirty vram_addr=0x3628000 size=2457600 write_addr=0x3628000 write_len=2457600 is_color=1
xemu-perf: metal_surface_dirty vram_addr=0x3628000 size=2457600 write_addr=0x3628000 write_len=2457600 is_color=1
xemu-perf: metal_surface_dirty vram_addr=0x3628000 size=2457600 write_addr=0x3628000 write_len=2457600 is_color=1
xemu-perf: metal_surface_dirty vram_addr=0x3628000 size=2457600 write_addr=0x3628000 write_len=2457600 is_color=1
xemu-perf: metal_screenshot_written path=/tmp/task16-repro3/swizzle-mipmap/metal/screenshots/swizzle-mipmap.0011.png w=640 h=480
xemu-perf: metal_surface_dirty vram_addr=0x3628000 size=2457600 write_addr=0x3628000 write_len=2457600 is_color=1
xemu-perf: metal_surface_dirty vram_addr=0x3628000 size=2457600 write_addr=0x3628000 write_len=2457600 is_color=1
xemu-perf: metal_surface_dirty vram_addr=0x3628000 size=2457600 write_addr=0x3628000 write_len=2457600 is_color=1
xemu-perf: metal_surface_dirty vram_addr=0x3628000 size=2457600 write_addr=0x3628000 write_len=2457600 is_color=1
xemu-perf: metal_screenshot_written path=/tmp/task16-repro3/swizzle-mipmap/metal/screenshots/swizzle-mipmap.0012.png w=640 h=480
xemu-perf: metal_surface_dirty vram_addr=0x3628000 size=2457600 write_addr=0x3628000 write_len=2457600 is_color=1
xemu-perf: metal_surface_dirty vram_addr=0x3628000 size=2457600 write_addr=0x3628000 write_len=2457600 is_color=1
xemu-perf: metal_surface_dirty vram_addr=0x3628000 size=2457600 write_addr=0x3628000 write_len=2457600 is_color=1
xemu-perf: metal_surface_dirty vram_addr=0x3628000 size=2457600 write_addr=0x3628000 write_len=2457600 is_color=1
xemu-perf: metal_screenshot_written path=/tmp/task16-repro3/swizzle-mipmap/metal/screenshots/swizzle-mipmap.0013.png w=640 h=480
xemu-perf: metal_surface_dirty vram_addr=0x3628000 size=2457600 write_addr=0x3628000 write_len=2457600 is_color=1
xemu-perf: metal_surface_dirty vram_addr=0x3628000 size=2457600 write_addr=0x3628000 write_len=2457600 is_color=1
xemu-perf: metal_surface_dirty vram_addr=0x3628000 size=2457600 write_addr=0x3628000 write_len=2457600 is_color=1
xemu-perf: metal_surface_dirty vram_addr=0x3628000 size=2457600 write_addr=0x3628000 write_len=2457600 is_color=1
xemu-perf: metal_screenshot_written path=/tmp/task16-repro3/swizzle-mipmap/metal/screenshots/swizzle-mipmap.0014.png w=640 h=480
xemu-perf: metal_surface_dirty vram_addr=0x3628000 size=2457600 write_addr=0x3628000 write_len=2457600 is_color=1
xemu-perf: metal_surface_dirty vram_addr=0x3628000 size=2457600 write_addr=0x3628000 write_len=2457600 is_color=1
xemu-perf: metal_surface_dirty vram_addr=0x3628000 size=2457600 write_addr=0x3628000 write_len=2457600 is_color=1
xemu-perf: metal_screenshot_written path=/tmp/task16-repro3/swizzle-mipmap/metal/screenshots/swizzle-mipmap.0015.png w=640 h=480
xemu-perf: metal_surface_dirty vram_addr=0x3628000 size=2457600 write_addr=0x3628000 write_len=2457600 is_color=1
xemu-perf: metal_surface_dirty vram_addr=0x3628000 size=2457600 write_addr=0x3628000 write_len=2457600 is_color=1
xemu-perf: metal_surface_dirty vram_addr=0x3628000 size=2457600 write_addr=0x3628000 write_len=2457600 is_color=1
xemu-perf: interval_id=1 interval_start_us=197718674174 interval_end_us=197719680343 interval_ms=1006 frames=33 fps=32.80 mspf_avg=21.504 mspf_min=13.575 mspf_max=25.967 increment_fps=30 BEGIN_ENDS=38268 NATIVE_TRI_DEPTH_DRAW=38268 NATIVE_TRI_DEPTH_DRAW_SMOOTH=38268 TCG_TB_EXEC_COUNT=2716754 TCG_TB_INVALIDATE_COUNT=540 TCG_NOTDIRTY_TRIPS=296 TCG_NOTDIRTY_PAGES_HIT=3 TCG_TB_INVALIDATE_BURST_MAX=16 TCG_JMP_CACHE_ZEROED_BUCKETS=520741404 TCG_INVALIDATE_WALL_US_MAX=6 TCG_INVALIDATE_WALL_US_TOTAL=208 TCG_TB_LOOKUP_US_TOTAL=0 TCG_TB_GEN_CODE_US_TOTAL=0 TCG_HANDLE_INTERRUPT_US_TOTAL=0 TCG_XBOX_IDLE_LOOP_HITS=0 TCG_XBOX_IDLE_LOOP_YIELDS=0 TCG_XBOX_IDLE_LOOP_HALTS=0 MMIO_READ_COUNT=0 MMIO_READ_US_TOTAL=0 MMIO_READ_US_MAX=0 MMIO_READ_PGRAPH_COUNT=0 MMIO_READ_PGRAPH_US_TOTAL=0 MMIO_READ_PGRAPH_US_MAX=0 NV2A_VBLANK_FIRES=62 NV2A_FLIP_STALL_WRITES=33 NV2A_PRESENT_HEARTBEAT=33 XEMU_GL_SWAPS=0 RATE_SLEW_RATIO_E6=1000000 RATE_SLEW_ACTIVE=0 APU_LOCK_HOLD_US_TOTAL=45744 APU_VCPU_LOCK_WAIT_US_MAX=53 PFIFO_PUSHER_RUNS=497 PFIFO_PUSHER_STALLS=309 PFIFO_PUSHER_STALL_FLIP=0 PFIFO_PUSHER_STALL_NOP=253 PFIFO_PUSHER_STALL_FIFO=58 PFIFO_PULLER_CALLS=340361 PFIFO_PULLER_STALLS=70 PFIFO_PULLER_STALL_FLIP=70 PFIFO_PULLER_STALL_NOP=0 PFIFO_PULLER_STALL_CONTEXT=0 PFIFO_PULLER_STALL_FIFO=0 PFIFO_PUSHER_WORDS=3655657 PFIFO_PULLER_METHOD_WORDS=3331494 PFIFO_DMA_BACKLOG_BYTES_MAX=379576 PFIFO_USER_DMA_PUT_WRITES=479 PFIFO_USER_DMA_GET_WRITES=0 PFIFO_USER_DMA_PUT_READS=0 PFIFO_USER_DMA_GET_READS=259 PGRAPH_PATT_COLOR0_WRITES=0 PGRAPH_PATT_COLOR0_READS=0 PGRAPH_FLIP_STALL_SETS=33 PGRAPH_FLIP_STALL_CHECKS=103 PGRAPH_FLIP_STALL_STILL_WAITING=70 PGRAPH_FLIP_STALL_COMPLETES=33 METAL_DRAW_COUNT=38268 METAL_DRAW_INDEXED_COUNT=38235 METAL_NATIVE_TRI_DEPTH_DRAWS=38268 METAL_NATIVE_QUAD_DRAWS=0 METAL_CLEAR_COUNT=165 METAL_GLSL_TRANSLATE=0 METAL_GLSL_TRANSLATE_FAIL=0 METAL_SHADER_VALIDATE_OK=0 METAL_SHADER_VALIDATE_FAIL=0 METAL_PIPELINE_HITS=38265 METAL_PIPELINE_MISSES=3 METAL_PIPELINE_FAILED=0 METAL_TEX_UPLOADS_TOTAL=33 METAL_TEX_UPLOAD_BYTES_TOTAL=81100800 METAL_TEX_CACHE_HITS=32163 METAL_TEX_CACHE_MISSES=33 METAL_PIPELINE_KEY_BUILT=38268 METAL_PIPELINE_TRANSLATED_OK=38268 METAL_PIPELINE_TRANSLATED_FAILED=0 METAL_DISPATCH_US_TOTAL=286055 METAL_TEX_BIND_US_TOTAL=55585 METAL_DRAW_ENCODE_US_TOTAL=68202 METAL_DRAW_PASS_OPENS=189 METAL_DRAW_PASS_COALESCED=38079 METAL_DRAW_PASS_FLUSHES=189 METAL_OPEN_PASS_FLUSH_US_TOTAL=3039 METAL_TEX_UPLOAD_US_TOTAL=1930 METAL_DRAW_TRANSLATED=38268 METAL_PIPELINE_FALLBACKS=0 METAL_UNIFORM_PACK=76536 METAL_UNIFORM_BYTES=250425792 METAL_SHADER_COMPILE_QUEUED_TOTAL=0 METAL_SHADER_COMPILE_COMPLETED_TOTAL=0 METAL_SHADER_COMPILE_FAILED_TOTAL=0 METAL_DRAWS_SKIPPED_PENDING_TOTAL=0 METAL_DRAWS_USING_UBERSHADER_TOTAL=0 METAL_SHADER_CACHE_LOADS=3 METAL_SHADER_CACHE_HITS=3 METAL_SHADER_CACHE_MISSES=0 METAL_PRESENTS=0 METAL_PRESENT_JITTER_US_TOTAL=0 METAL_PRESENT_JITTER_US_AVG=0 METAL_PRESENT_JITTER_US_MAX=0 METAL_DRAWABLE_ACQUIRE_FAILS=0 METAL_DISPLAY_LINK_CALLBACKS=0 METAL_MSAA_RESOLVE_COUNT=0 METAL_MSAA_RESOLVE_US_TOTAL=0 METAL_MSAA_SAMPLE_COUNT=1 METAL_FX_SPATIAL_PRESENTS=0 METAL_FX_SPATIAL_US_TOTAL=0 METAL_FX_SCALE_FACTOR=1 METAL_FX_SPATIAL_GPU_US_TOTAL=0 METAL_VERTEX_US_TOTAL=1809 METAL_FRAGMENT_US_TOTAL=3717 METAL_PRESENT_GPU_US_TOTAL=6390 METAL_PRESENT_GPU_FRAMES=124 METAL_CAPTURE_FRAMES=0 METAL_CAPTURE_ACTIVE=0 METAL_SCREENSHOTS_TAKEN=8 METAL_FRONT_FB_PUBLISHES=33 METAL_SURFACE_CACHE_SIZE=17 METAL_IMAGE_BLITS=0 METAL_SURFACE_VRAM_DIRTY_HITS=33 METAL_SURFACE_VRAM_UPLOADS=33 METAL_SURFACE_VRAM_UPLOAD_BYTES=81100800 METAL_SURFACE_RECREATE_SHAPE_MISMATCH=0 METAL_SURFACE_DOWNLOADS=33 METAL_SURFACE_DOWNLOAD_BYTES=81100800 METAL_SURFACE_DOWNLOAD_US_TOTAL=27999 METAL_DRAW_RT_DUMPS=0 METAL_SURFACE_GRAPH_DUMPS=0 METAL_SIBLING_SYNCS=0 METAL_SIBLING_SYNC_SKIPS=0 METAL_FLAT_QUAD_PROPAGATIONS=0 INPUT_USB_POLLS=0 INPUT_BACKEND_UPDATES=124 INPUT_LAT_US_TOTAL=0 INPUT_LAT_US_MAX=0 PIT_IRQ_TIMER_FIRES=2078 PIT_COALESCE_EVENTS=0 PIT_COALESCE_LATE_US_TOTAL=0 PIT_COALESCE_LATE_US_MAX=0 PIT_COALESCE_SKIPPED_TRANSITIONS=0
xemu-perf: metal_draw_target vram_addr=0x32a4000 count=33
xemu-perf: metal_draw_target vram_addr=0x2e06000 count=9114
xemu-perf: metal_draw_target vram_addr=0x3628000 count=10746
xemu-perf: metal_draw_target vram_addr=0x2c06000 count=5208
xemu-perf: metal_draw_target_zero count=13167
xemu-perf: metal_surface_dirty vram_addr=0x3628000 size=2457600 write_addr=0x3628000 write_len=2457600 is_color=1
xemu-perf: metal_screenshot_written path=/tmp/task16-repro3/swizzle-mipmap/metal/screenshots/swizzle-mipmap.0016.png w=640 h=480
xemu-perf: metal_surface_dirty vram_addr=0x3628000 size=2457600 write_addr=0x3628000 write_len=2457600 is_color=1
xemu-perf: metal_surface_dirty vram_addr=0x3628000 size=2457600 write_addr=0x3628000 write_len=2457600 is_color=1
xemu-perf: metal_surface_dirty vram_addr=0x3628000 size=2457600 write_addr=0x3628000 write_len=2457600 is_color=1
xemu-perf: metal_surface_dirty vram_addr=0x3628000 size=2457600 write_addr=0x3628000 write_len=2457600 is_color=1
xemu-perf: metal_screenshot_written path=/tmp/task16-repro3/swizzle-mipmap/metal/screenshots/swizzle-mipmap.0017.png w=640 h=480
xemu-perf: metal_surface_dirty vram_addr=0x3628000 size=2457600 write_addr=0x3628000 write_len=2457600 is_color=1
xemu-perf: metal_surface_dirty vram_addr=0x3628000 size=2457600 write_addr=0x3628000 write_len=2457600 is_color=1
xemu-perf: metal_surface_dirty vram_addr=0x3628000 size=2457600 write_addr=0x3628000 write_len=2457600 is_color=1
xemu-perf: metal_surface_dirty vram_addr=0x3628000 size=2457600 write_addr=0x3628000 write_len=2457600 is_color=1
xemu-perf: metal_screenshot_written path=/tmp/task16-repro3/swizzle-mipmap/metal/screenshots/swizzle-mipmap.0018.png w=640 h=480
xemu-perf: metal_surface_dirty vram_addr=0x3628000 size=2457600 write_addr=0x3628000 write_len=2457600 is_color=1
xemu-perf: metal_surface_dirty vram_addr=0x3628000 size=2457600 write_addr=0x3628000 write_len=2457600 is_color=1
xemu-perf: metal_surface_dirty vram_addr=0x3628000 size=2457600 write_addr=0x3628000 write_len=2457600 is_color=1
xemu-perf: metal_surface_dirty vram_addr=0x3628000 size=2457600 write_addr=0x3628000 write_len=2457600 is_color=1
xemu-perf: metal_screenshot_written path=/tmp/task16-repro3/swizzle-mipmap/metal/screenshots/swizzle-mipmap.0019.png w=640 h=480
xemu-perf: metal_surface_dirty vram_addr=0x3628000 size=2457600 write_addr=0x3628000 write_len=2457600 is_color=1
xemu-perf: metal_surface_dirty vram_addr=0x3628000 size=2457600 write_addr=0x3628000 write_len=2457600 is_color=1
xemu-perf: metal_surface_dirty vram_addr=0x3628000 size=2457600 write_addr=0x3628000 write_len=2457600 is_color=1
xemu-perf: metal_screenshot_written path=/tmp/task16-repro3/swizzle-mipmap/metal/screenshots/swizzle-mipmap.0020.png w=640 h=480
xemu-perf: metal_surface_dirty vram_addr=0x3628000 size=2457600 write_addr=0x3628000 write_len=2457600 is_color=1
xemu-perf: metal_surface_dirty vram_addr=0x3628000 size=2457600 write_addr=0x3628000 write_len=2457600 is_color=1
xemu-perf: metal_surface_dirty vram_addr=0x3628000 size=2457600 write_addr=0x3628000 write_len=2457600 is_color=1
xemu-perf: metal_surface_dirty vram_addr=0x3628000 size=2457600 write_addr=0x3628000 write_len=2457600 is_color=1
xemu-perf: metal_screenshot_written path=/tmp/task16-repro3/swizzle-mipmap/metal/screenshots/swizzle-mipmap.0021.png w=640 h=480
xemu-perf: metal_surface_dirty vram_addr=0x3628000 size=2457600 write_addr=0x3628000 write_len=2457600 is_color=1
xemu-perf: metal_surface_dirty vram_addr=0x3628000 size=2457600 write_addr=0x3628000 write_len=2457600 is_color=1
xemu-perf: metal_surface_dirty vram_addr=0x3628000 size=2457600 write_addr=0x3628000 write_len=2457600 is_color=1
xemu-perf: metal_screenshot_written path=/tmp/task16-repro3/swizzle-mipmap/metal/screenshots/swizzle-mipmap.0022.png w=640 h=480
xemu-perf: metal_surface_dirty vram_addr=0x3628000 size=2457600 write_addr=0x3628000 write_len=2457600 is_color=1
xemu-perf: metal_surface_dirty vram_addr=0x3628000 size=2457600 write_addr=0x3628000 write_len=2457600 is_color=1
xemu-perf: metal_surface_dirty vram_addr=0x3628000 size=2457600 write_addr=0x3628000 write_len=2457600 is_color=1
xemu-perf: metal_surface_dirty vram_addr=0x3628000 size=2457600 write_addr=0x3628000 write_len=2457600 is_color=1
xemu-perf: metal_screenshot_written path=/tmp/task16-repro3/swizzle-mipmap/metal/screenshots/swizzle-mipmap.0023.png w=640 h=480
xemu-perf: metal_surface_dirty vram_addr=0x3628000 size=2457600 write_addr=0x3628000 write_len=2457600 is_color=1
xemu-perf: metal_surface_dirty vram_addr=0x3628000 size=2457600 write_addr=0x3628000 write_len=2457600 is_color=1
xemu-perf: metal_surface_dirty vram_addr=0x3628000 size=2457600 write_addr=0x3628000 write_len=2457600 is_color=1
xemu-perf: metal_surface_dirty vram_addr=0x3628000 size=2457600 write_addr=0x3628000 write_len=2457600 is_color=1
xemu-perf: metal_screenshot_written path=/tmp/task16-repro3/swizzle-mipmap/metal/screenshots/swizzle-mipmap.0024.png w=640 h=480
xemu-perf: interval_id=2 interval_start_us=197719714156 interval_end_us=197720725437 interval_ms=1011 frames=31 fps=30.65 mspf_avg=25.367 mspf_min=19.442 mspf_max=35.023 increment_fps=29 BEGIN_ENDS=39618 NATIVE_TRI_DEPTH_DRAW=39618 NATIVE_TRI_DEPTH_DRAW_SMOOTH=39618 TCG_TB_EXEC_COUNT=632338 TCG_TB_INVALIDATE_COUNT=495 TCG_NOTDIRTY_TRIPS=276 TCG_NOTDIRTY_PAGES_HIT=3 TCG_TB_INVALIDATE_BURST_MAX=21 TCG_JMP_CACHE_ZEROED_BUCKETS=549298671 TCG_INVALIDATE_WALL_US_MAX=12 TCG_INVALIDATE_WALL_US_TOTAL=184 TCG_TB_LOOKUP_US_TOTAL=0 TCG_TB_GEN_CODE_US_TOTAL=0 TCG_HANDLE_INTERRUPT_US_TOTAL=0 TCG_XBOX_IDLE_LOOP_HITS=0 TCG_XBOX_IDLE_LOOP_YIELDS=0 TCG_XBOX_IDLE_LOOP_HALTS=0 MMIO_READ_COUNT=0 MMIO_READ_US_TOTAL=0 MMIO_READ_US_MAX=0 MMIO_READ_PGRAPH_COUNT=0 MMIO_READ_PGRAPH_US_TOTAL=0 MMIO_READ_PGRAPH_US_MAX=0 NV2A_VBLANK_FIRES=63 NV2A_FLIP_STALL_WRITES=31 NV2A_PRESENT_HEARTBEAT=31 XEMU_GL_SWAPS=0 RATE_SLEW_RATIO_E6=1000000 RATE_SLEW_ACTIVE=0 APU_LOCK_HOLD_US_TOTAL=47224 APU_VCPU_LOCK_WAIT_US_MAX=66 PFIFO_PUSHER_RUNS=483 PFIFO_PUSHER_STALLS=278 PFIFO_PUSHER_STALL_FLIP=0 PFIFO_PUSHER_STALL_NOP=237 PFIFO_PUSHER_STALL_FIFO=49 PFIFO_PULLER_CALLS=382608 PFIFO_PULLER_STALLS=76 PFIFO_PULLER_STALL_FLIP=76 PFIFO_PULLER_STALL_NOP=0 PFIFO_PULLER_STALL_CONTEXT=0 PFIFO_PULLER_STALL_FIFO=0 PFIFO_PUSHER_WORDS=3892966 PFIFO_PULLER_METHOD_WORDS=3528886 PFIFO_DMA_BACKLOG_BYTES_MAX=338012 PFIFO_USER_DMA_PUT_WRITES=507 PFIFO_USER_DMA_GET_WRITES=0 PFIFO_USER_DMA_PUT_READS=0 PFIFO_USER_DMA_GET_READS=267 PGRAPH_PATT_COLOR0_WRITES=0 PGRAPH_PATT_COLOR0_READS=0 PGRAPH_FLIP_STALL_SETS=31 PGRAPH_FLIP_STALL_CHECKS=107 PGRAPH_FLIP_STALL_STILL_WAITING=76 PGRAPH_FLIP_STALL_COMPLETES=31 METAL_DRAW_COUNT=39618 METAL_DRAW_INDEXED_COUNT=39587 METAL_NATIVE_TRI_DEPTH_DRAWS=39618 METAL_NATIVE_QUAD_DRAWS=0 METAL_CLEAR_COUNT=155 METAL_GLSL_TRANSLATE=0 METAL_GLSL_TRANSLATE_FAIL=0 METAL_SHADER_VALIDATE_OK=0 METAL_SHADER_VALIDATE_FAIL=0 METAL_PIPELINE_HITS=39618 METAL_PIPELINE_MISSES=0 METAL_PIPELINE_FAILED=0 METAL_TEX_UPLOADS_TOTAL=31 METAL_TEX_UPLOAD_BYTES_TOTAL=76185600 METAL_TEX_CACHE_HITS=41323 METAL_TEX_CACHE_MISSES=31 METAL_PIPELINE_KEY_BUILT=39618 METAL_PIPELINE_TRANSLATED_OK=39618 METAL_PIPELINE_TRANSLATED_FAILED=0 METAL_DISPATCH_US_TOTAL=301380 METAL_TEX_BIND_US_TOTAL=60176 METAL_DRAW_ENCODE_US_TOTAL=73236 METAL_DRAW_PASS_OPENS=186 METAL_DRAW_PASS_COALESCED=39432 METAL_DRAW_PASS_FLUSHES=186 METAL_OPEN_PASS_FLUSH_US_TOTAL=3186 METAL_TEX_UPLOAD_US_TOTAL=1885 METAL_DRAW_TRANSLATED=39618 METAL_PIPELINE_FALLBACKS=0 METAL_UNIFORM_PACK=79236 METAL_UNIFORM_BYTES=259260192 METAL_SHADER_COMPILE_QUEUED_TOTAL=0 METAL_SHADER_COMPILE_COMPLETED_TOTAL=0 METAL_SHADER_COMPILE_FAILED_TOTAL=0 METAL_DRAWS_SKIPPED_PENDING_TOTAL=0 METAL_DRAWS_USING_UBERSHADER_TOTAL=0 METAL_SHADER_CACHE_LOADS=0 METAL_SHADER_CACHE_HITS=0 METAL_SHADER_CACHE_MISSES=0 METAL_PRESENTS=0 METAL_PRESENT_JITTER_US_TOTAL=0 METAL_PRESENT_JITTER_US_AVG=0 METAL_PRESENT_JITTER_US_MAX=0 METAL_DRAWABLE_ACQUIRE_FAILS=0 METAL_DISPLAY_LINK_CALLBACKS=0 METAL_MSAA_RESOLVE_COUNT=0 METAL_MSAA_RESOLVE_US_TOTAL=0 METAL_MSAA_SAMPLE_COUNT=1 METAL_FX_SPATIAL_PRESENTS=0 METAL_FX_SPATIAL_US_TOTAL=0 METAL_FX_SCALE_FACTOR=1 METAL_FX_SPATIAL_GPU_US_TOTAL=0 METAL_VERTEX_US_TOTAL=1753 METAL_FRAGMENT_US_TOTAL=3503 METAL_PRESENT_GPU_US_TOTAL=5441 METAL_PRESENT_GPU_FRAMES=125 METAL_CAPTURE_FRAMES=0 METAL_CAPTURE_ACTIVE=0 METAL_SCREENSHOTS_TAKEN=9 METAL_FRONT_FB_PUBLISHES=31 METAL_SURFACE_CACHE_SIZE=17 METAL_IMAGE_BLITS=0 METAL_SURFACE_VRAM_DIRTY_HITS=31 METAL_SURFACE_VRAM_UPLOADS=31 METAL_SURFACE_VRAM_UPLOAD_BYTES=76185600 METAL_SURFACE_RECREATE_SHAPE_MISMATCH=0 METAL_SURFACE_DOWNLOADS=31 METAL_SURFACE_DOWNLOAD_BYTES=76185600 METAL_SURFACE_DOWNLOAD_US_TOTAL=26662 METAL_DRAW_RT_DUMPS=0 METAL_SURFACE_GRAPH_DUMPS=0 METAL_SIBLING_SYNCS=0 METAL_SIBLING_SYNC_SKIPS=0 METAL_FLAT_QUAD_PROPAGATIONS=0 INPUT_USB_POLLS=0 INPUT_BACKEND_UPDATES=123 INPUT_LAT_US_TOTAL=0 INPUT_LAT_US_MAX=0 PIT_IRQ_TIMER_FIRES=2092 PIT_COALESCE_EVENTS=0 PIT_COALESCE_LATE_US_TOTAL=0 PIT_COALESCE_LATE_US_MAX=0 PIT_COALESCE_SKIPPED_TRANSITIONS=0
xemu-perf: metal_draw_target vram_addr=0x32a4000 count=31
xemu-perf: metal_draw_target vram_addr=0x2e06000 count=6510
xemu-perf: metal_draw_target vram_addr=0x3628000 count=13764
xemu-perf: metal_draw_target vram_addr=0x2c06000 count=6944
xemu-perf: metal_draw_target_zero count=12369
xemu-perf: metal_surface_dirty vram_addr=0x3628000 size=2457600 write_addr=0x3628000 write_len=2457600 is_color=1
xemu-perf: metal_surface_dirty vram_addr=0x3628000 size=2457600 write_addr=0x3628000 write_len=2457600 is_color=1
xemu-perf: metal_surface_dirty vram_addr=0x3628000 size=2457600 write_addr=0x3628000 write_len=2457600 is_color=1
xemu-perf: metal_surface_dirty vram_addr=0x3628000 size=2457600 write_addr=0x3628000 write_len=2457600 is_color=1
xemu-perf: metal_screenshot_written path=/tmp/task16-repro3/swizzle-mipmap/metal/screenshots/swizzle-mipmap.0025.png w=640 h=480
xemu-perf: metal_surface_dirty vram_addr=0x3628000 size=2457600 write_addr=0x3628000 write_len=2457600 is_color=1
xemu-perf: metal_surface_dirty vram_addr=0x3628000 size=2457600 write_addr=0x3628000 write_len=2457600 is_color=1
xemu-perf: metal_surface_dirty vram_addr=0x3628000 size=2457600 write_addr=0x3628000 write_len=2457600 is_color=1
xemu-perf: metal_screenshot_written path=/tmp/task16-repro3/swizzle-mipmap/metal/screenshots/swizzle-mipmap.0026.png w=640 h=480
xemu-perf: metal_surface_dirty vram_addr=0x3628000 size=2457600 write_addr=0x3628000 write_len=2457600 is_color=1
xemu-perf: metal_surface_dirty vram_addr=0x3628000 size=2457600 write_addr=0x3628000 write_len=2457600 is_color=1
xemu-perf: metal_surface_dirty vram_addr=0x3628000 size=2457600 write_addr=0x3628000 write_len=2457600 is_color=1
xemu-perf: metal_surface_dirty vram_addr=0x3628000 size=2457600 write_addr=0x3628000 write_len=2457600 is_color=1
xemu-perf: metal_screenshot_written path=/tmp/task16-repro3/swizzle-mipmap/metal/screenshots/swizzle-mipmap.0027.png w=640 h=480
xemu-perf: metal_surface_dirty vram_addr=0x3628000 size=2457600 write_addr=0x3628000 write_len=2457600 is_color=1
xemu-perf: metal_surface_dirty vram_addr=0x3628000 size=2457600 write_addr=0x3628000 write_len=2457600 is_color=1
xemu-perf: metal_surface_dirty vram_addr=0x3628000 size=2457600 write_addr=0x3628000 write_len=2457600 is_color=1
xemu-perf: metal_surface_dirty vram_addr=0x3628000 size=2457600 write_addr=0x3628000 write_len=2457600 is_color=1
xemu-perf: metal_screenshot_written path=/tmp/task16-repro3/swizzle-mipmap/metal/screenshots/swizzle-mipmap.0028.png w=640 h=480
xemu-perf: metal_surface_dirty vram_addr=0x3628000 size=2457600 write_addr=0x3628000 write_len=2457600 is_color=1
xemu-perf: metal_surface_dirty vram_addr=0x3628000 size=2457600 write_addr=0x3628000 write_len=2457600 is_color=1
xemu-perf: metal_surface_dirty vram_addr=0x3628000 size=2457600 write_addr=0x3628000 write_len=2457600 is_color=1
xemu-perf: metal_surface_dirty vram_addr=0x3628000 size=2457600 write_addr=0x3628000 write_len=2457600 is_color=1
xemu-perf: metal_screenshot_written path=/tmp/task16-repro3/swizzle-mipmap/metal/screenshots/swizzle-mipmap.0029.png w=640 h=480
xemu-perf: metal_surface_dirty vram_addr=0x3628000 size=2457600 write_addr=0x3628000 write_len=2457600 is_color=1
xemu-perf: metal_surface_dirty vram_addr=0x3628000 size=2457600 write_addr=0x3628000 write_len=2457600 is_color=1
xemu-perf: metal_surface_dirty vram_addr=0x3628000 size=2457600 write_addr=0x3628000 write_len=2457600 is_color=1
xemu-perf: metal_screenshot_written path=/tmp/task16-repro3/swizzle-mipmap/metal/screenshots/swizzle-mipmap.0030.png w=640 h=480
xemu-perf: metal_surface_dirty vram_addr=0x3628000 size=2457600 write_addr=0x3628000 write_len=2457600 is_color=1
xemu-perf: metal_surface_dirty vram_addr=0x3628000 size=2457600 write_addr=0x3628000 write_len=2457600 is_color=1
xemu-perf: metal_surface_dirty vram_addr=0x3628000 size=2457600 write_addr=0x3628000 write_len=2457600 is_color=1
xemu-perf: metal_surface_dirty vram_addr=0x3628000 size=2457600 write_addr=0x3628000 write_len=2457600 is_color=1
xemu-perf: metal_screenshot_written path=/tmp/task16-repro3/swizzle-mipmap/metal/screenshots/swizzle-mipmap.0031.png w=640 h=480
xemu-perf: metal_surface_dirty vram_addr=0x3628000 size=2457600 write_addr=0x3628000 write_len=2457600 is_color=1
xemu-perf: metal_surface_dirty vram_addr=0x3628000 size=2457600 write_addr=0x3628000 write_len=2457600 is_color=1
xemu-perf: metal_surface_dirty vram_addr=0x3628000 size=2457600 write_addr=0x3628000 write_len=2457600 is_color=1
xemu-perf: metal_surface_dirty vram_addr=0x3628000 size=2457600 write_addr=0x3628000 write_len=2457600 is_color=1
xemu-perf: metal_screenshot_written path=/tmp/task16-repro3/swizzle-mipmap/metal/screenshots/swizzle-mipmap.0032.png w=640 h=480
xemu-perf: metal_surface_dirty vram_addr=0x3628000 size=2457600 write_addr=0x3628000 write_len=2457600 is_color=1
xemu-perf: interval_id=3 interval_start_us=197720757115 interval_end_us=197721757588 interval_ms=1000 frames=31 fps=30.99 mspf_avg=20.118 mspf_min=18.662 mspf_max=21.403 increment_fps=30 BEGIN_ENDS=39618 NATIVE_TRI_DEPTH_DRAW=39618 NATIVE_TRI_DEPTH_DRAW_SMOOTH=39618 TCG_TB_EXEC_COUNT=1400281 TCG_TB_INVALIDATE_COUNT=563 TCG_NOTDIRTY_TRIPS=293 TCG_NOTDIRTY_PAGES_HIT=3 TCG_TB_INVALIDATE_BURST_MAX=18 TCG_JMP_CACHE_ZEROED_BUCKETS=549298739 TCG_INVALIDATE_WALL_US_MAX=9 TCG_INVALIDATE_WALL_US_TOTAL=194 TCG_TB_LOOKUP_US_TOTAL=0 TCG_TB_GEN_CODE_US_TOTAL=0 TCG_HANDLE_INTERRUPT_US_TOTAL=0 TCG_XBOX_IDLE_LOOP_HITS=0 TCG_XBOX_IDLE_LOOP_YIELDS=0 TCG_XBOX_IDLE_LOOP_HALTS=0 MMIO_READ_COUNT=0 MMIO_READ_US_TOTAL=0 MMIO_READ_US_MAX=0 MMIO_READ_PGRAPH_COUNT=0 MMIO_READ_PGRAPH_US_TOTAL=0 MMIO_READ_PGRAPH_US_MAX=0 NV2A_VBLANK_FIRES=62 NV2A_FLIP_STALL_WRITES=31 NV2A_PRESENT_HEARTBEAT=31 XEMU_GL_SWAPS=0 RATE_SLEW_RATIO_E6=1000000 RATE_SLEW_ACTIVE=0 APU_LOCK_HOLD_US_TOTAL=45979 APU_VCPU_LOCK_WAIT_US_MAX=56 PFIFO_PUSHER_RUNS=473 PFIFO_PUSHER_STALLS=319 PFIFO_PUSHER_STALL_FLIP=0 PFIFO_PUSHER_STALL_NOP=266 PFIFO_PUSHER_STALL_FIFO=59 PFIFO_PULLER_CALLS=382445 PFIFO_PULLER_STALLS=152 PFIFO_PULLER_STALL_FLIP=152 PFIFO_PULLER_STALL_NOP=0 PFIFO_PULLER_STALL_CONTEXT=0 PFIFO_PULLER_STALL_FIFO=0 PFIFO_PUSHER_WORDS=3892883 PFIFO_PULLER_METHOD_WORDS=3528886 PFIFO_DMA_BACKLOG_BYTES_MAX=350060 PFIFO_USER_DMA_PUT_WRITES=507 PFIFO_USER_DMA_GET_WRITES=0 PFIFO_USER_DMA_PUT_READS=0 PFIFO_USER_DMA_GET_READS=287 PGRAPH_PATT_COLOR0_WRITES=0 PGRAPH_PATT_COLOR0_READS=0 PGRAPH_FLIP_STALL_SETS=31 PGRAPH_FLIP_STALL_CHECKS=183 PGRAPH_FLIP_STALL_STILL_WAITING=152 PGRAPH_FLIP_STALL_COMPLETES=31 METAL_DRAW_COUNT=39618 METAL_DRAW_INDEXED_COUNT=39587 METAL_NATIVE_TRI_DEPTH_DRAWS=39618 METAL_NATIVE_QUAD_DRAWS=0 METAL_CLEAR_COUNT=155 METAL_GLSL_TRANSLATE=0 METAL_GLSL_TRANSLATE_FAIL=0 METAL_SHADER_VALIDATE_OK=0 METAL_SHADER_VALIDATE_FAIL=0 METAL_PIPELINE_HITS=39618 METAL_PIPELINE_MISSES=0 METAL_PIPELINE_FAILED=0 METAL_TEX_UPLOADS_TOTAL=31 METAL_TEX_UPLOAD_BYTES_TOTAL=76185600 METAL_TEX_CACHE_HITS=41323 METAL_TEX_CACHE_MISSES=31 METAL_PIPELINE_KEY_BUILT=39618 METAL_PIPELINE_TRANSLATED_OK=39618 METAL_PIPELINE_TRANSLATED_FAILED=0 METAL_DISPATCH_US_TOTAL=302067 METAL_TEX_BIND_US_TOTAL=62189 METAL_DRAW_ENCODE_US_TOTAL=72696 METAL_DRAW_PASS_OPENS=186 METAL_DRAW_PASS_COALESCED=39432 METAL_DRAW_PASS_FLUSHES=186 METAL_OPEN_PASS_FLUSH_US_TOTAL=3231 METAL_TEX_UPLOAD_US_TOTAL=2037 METAL_DRAW_TRANSLATED=39618 METAL_PIPELINE_FALLBACKS=0 METAL_UNIFORM_PACK=79236 METAL_UNIFORM_BYTES=259260192 METAL_SHADER_COMPILE_QUEUED_TOTAL=0 METAL_SHADER_COMPILE_COMPLETED_TOTAL=0 METAL_SHADER_COMPILE_FAILED_TOTAL=0 METAL_DRAWS_SKIPPED_PENDING_TOTAL=0 METAL_DRAWS_USING_UBERSHADER_TOTAL=0 METAL_SHADER_CACHE_LOADS=0 METAL_SHADER_CACHE_HITS=0 METAL_SHADER_CACHE_MISSES=0 METAL_PRESENTS=0 METAL_PRESENT_JITTER_US_TOTAL=0 METAL_PRESENT_JITTER_US_AVG=0 METAL_PRESENT_JITTER_US_MAX=0 METAL_DRAWABLE_ACQUIRE_FAILS=0 METAL_DISPLAY_LINK_CALLBACKS=0 METAL_MSAA_RESOLVE_COUNT=0 METAL_MSAA_RESOLVE_US_TOTAL=0 METAL_MSAA_SAMPLE_COUNT=1 METAL_FX_SPATIAL_PRESENTS=0 METAL_FX_SPATIAL_US_TOTAL=0 METAL_FX_SCALE_FACTOR=1 METAL_FX_SPATIAL_GPU_US_TOTAL=0 METAL_VERTEX_US_TOTAL=1715 METAL_FRAGMENT_US_TOTAL=4314 METAL_PRESENT_GPU_US_TOTAL=6802 METAL_PRESENT_GPU_FRAMES=123 METAL_CAPTURE_FRAMES=0 METAL_CAPTURE_ACTIVE=0 METAL_SCREENSHOTS_TAKEN=8 METAL_FRONT_FB_PUBLISHES=31 METAL_SURFACE_CACHE_SIZE=17 METAL_IMAGE_BLITS=0 METAL_SURFACE_VRAM_DIRTY_HITS=31 METAL_SURFACE_VRAM_UPLOADS=31 METAL_SURFACE_VRAM_UPLOAD_BYTES=76185600 METAL_SURFACE_RECREATE_SHAPE_MISMATCH=0 METAL_SURFACE_DOWNLOADS=31 METAL_SURFACE_DOWNLOAD_BYTES=76185600 METAL_SURFACE_DOWNLOAD_US_TOTAL=28167 METAL_DRAW_RT_DUMPS=0 METAL_SURFACE_GRAPH_DUMPS=0 METAL_SIBLING_SYNCS=0 METAL_SIBLING_SYNC_SKIPS=0 METAL_FLAT_QUAD_PROPAGATIONS=0 INPUT_USB_POLLS=0 INPUT_BACKEND_UPDATES=124 INPUT_LAT_US_TOTAL=0 INPUT_LAT_US_MAX=0 PIT_IRQ_TIMER_FIRES=2064 PIT_COALESCE_EVENTS=0 PIT_COALESCE_LATE_US_TOTAL=0 PIT_COALESCE_LATE_US_MAX=0 PIT_COALESCE_SKIPPED_TRANSITIONS=0
xemu-perf: metal_draw_target vram_addr=0x32a4000 count=31
xemu-perf: metal_draw_target vram_addr=0x2e06000 count=6944
xemu-perf: metal_draw_target vram_addr=0x3628000 count=13764
xemu-perf: metal_draw_target vram_addr=0x2c06000 count=6510
xemu-perf: metal_draw_target_zero count=12369
xemu-perf: metal_surface_dirty vram_addr=0x3628000 size=2457600 write_addr=0x3628000 write_len=2457600 is_color=1
xemu-perf: metal_surface_dirty vram_addr=0x3628000 size=2457600 write_addr=0x3628000 write_len=2457600 is_color=1
xemu-perf: metal_surface_dirty vram_addr=0x3628000 size=2457600 write_addr=0x3628000 write_len=2457600 is_color=1
xemu-perf: metal_screenshot_written path=/tmp/task16-repro3/swizzle-mipmap/metal/screenshots/swizzle-mipmap.0033.png w=640 h=480
xemu-perf: metal_surface_dirty vram_addr=0x3628000 size=2457600 write_addr=0x3628000 write_len=2457600 is_color=1
xemu-perf: metal_surface_dirty vram_addr=0x3628000 size=2457600 write_addr=0x3628000 write_len=2457600 is_color=1
xemu-perf: metal_surface_dirty vram_addr=0x3628000 size=2457600 write_addr=0x3628000 write_len=2457600 is_color=1
xemu-perf: metal_screenshot_written path=/tmp/task16-repro3/swizzle-mipmap/metal/screenshots/swizzle-mipmap.0034.png w=640 h=480
xemu-perf: metal_surface_dirty vram_addr=0x3628000 size=2457600 write_addr=0x3628000 write_len=2457600 is_color=1
xemu-perf: metal_surface_dirty vram_addr=0x3628000 size=2457600 write_addr=0x3628000 write_len=2457600 is_color=1
xemu-perf: metal_surface_dirty vram_addr=0x3628000 size=2457600 write_addr=0x3628000 write_len=2457600 is_color=1
xemu-perf: metal_surface_dirty vram_addr=0x3628000 size=2457600 write_addr=0x3628000 write_len=2457600 is_color=1
xemu-perf: metal_screenshot_written path=/tmp/task16-repro3/swizzle-mipmap/metal/screenshots/swizzle-mipmap.0035.png w=640 h=480
xemu-perf: metal_surface_dirty vram_addr=0x3628000 size=2457600 write_addr=0x3628000 write_len=2457600 is_color=1
xemu-perf: metal_surface_dirty vram_addr=0x3628000 size=2457600 write_addr=0x3628000 write_len=2457600 is_color=1
xemu-perf: metal_surface_dirty vram_addr=0x3628000 size=2457600 write_addr=0x3628000 write_len=2457600 is_color=1
xemu-perf: metal_surface_dirty vram_addr=0x3628000 size=2457600 write_addr=0x3628000 write_len=2457600 is_color=1
xemu-perf: metal_screenshot_written path=/tmp/task16-repro3/swizzle-mipmap/metal/screenshots/swizzle-mipmap.0036.png w=640 h=480
xemu-perf: metal_surface_dirty vram_addr=0x3628000 size=2457600 write_addr=0x3628000 write_len=2457600 is_color=1
xemu-perf: metal_surface_dirty vram_addr=0x3628000 size=2457600 write_addr=0x3628000 write_len=2457600 is_color=1
xemu-perf: metal_surface_dirty vram_addr=0x3628000 size=2457600 write_addr=0x3628000 write_len=2457600 is_color=1
xemu-perf: metal_surface_dirty vram_addr=0x3628000 size=2457600 write_addr=0x3628000 write_len=2457600 is_color=1
xemu-perf: metal_screenshot_written path=/tmp/task16-repro3/swizzle-mipmap/metal/screenshots/swizzle-mipmap.0037.png w=640 h=480
xemu-perf: metal_surface_dirty vram_addr=0x3628000 size=2457600 write_addr=0x3628000 write_len=2457600 is_color=1
xemu-perf: metal_surface_dirty vram_addr=0x3628000 size=2457600 write_addr=0x3628000 write_len=2457600 is_color=1
xemu-perf: metal_surface_dirty vram_addr=0x3628000 size=2457600 write_addr=0x3628000 write_len=2457600 is_color=1
xemu-perf: metal_screenshot_written path=/tmp/task16-repro3/swizzle-mipmap/metal/screenshots/swizzle-mipmap.0038.png w=640 h=480
xemu-perf: metal_surface_dirty vram_addr=0x3628000 size=2457600 write_addr=0x3628000 write_len=2457600 is_color=1
xemu-perf: metal_surface_dirty vram_addr=0x3628000 size=2457600 write_addr=0x3628000 write_len=2457600 is_color=1
xemu-perf: metal_surface_dirty vram_addr=0x3628000 size=2457600 write_addr=0x3628000 write_len=2457600 is_color=1
xemu-perf: metal_surface_dirty vram_addr=0x3628000 size=2457600 write_addr=0x3628000 write_len=2457600 is_color=1
xemu-perf: metal_screenshot_written path=/tmp/task16-repro3/swizzle-mipmap/metal/screenshots/swizzle-mipmap.0039.png w=640 h=480
xemu-perf: metal_surface_dirty vram_addr=0x3628000 size=2457600 write_addr=0x3628000 write_len=2457600 is_color=1
xemu-perf: metal_surface_dirty vram_addr=0x3628000 size=2457600 write_addr=0x3628000 write_len=2457600 is_color=1
xemu-perf: metal_surface_dirty vram_addr=0x3628000 size=2457600 write_addr=0x3628000 write_len=2457600 is_color=1
xemu-perf: metal_surface_dirty vram_addr=0x3628000 size=2457600 write_addr=0x3628000 write_len=2457600 is_color=1
xemu-perf: metal_screenshot_written path=/tmp/task16-repro3/swizzle-mipmap/metal/screenshots/swizzle-mipmap.0040.png w=640 h=480
xemu-perf: metal_surface_dirty vram_addr=0x3628000 size=2457600 write_addr=0x3628000 write_len=2457600 is_color=1
xemu-perf: metal_surface_dirty vram_addr=0x3628000 size=2457600 write_addr=0x3628000 write_len=2457600 is_color=1
xemu-perf: interval_id=4 interval_start_us=197721791229 interval_end_us=197722809427 interval_ms=1018 frames=31 fps=30.45 mspf_avg=24.951 mspf_min=19.514 mspf_max=35.395 increment_fps=28 BEGIN_ENDS=39623 NATIVE_TRI_DEPTH_DRAW=39623 NATIVE_TRI_DEPTH_DRAW_SMOOTH=39623 TCG_TB_EXEC_COUNT=292438 TCG_TB_INVALIDATE_COUNT=617 TCG_NOTDIRTY_TRIPS=289 TCG_NOTDIRTY_PAGES_HIT=3 TCG_TB_INVALIDATE_BURST_MAX=21 TCG_JMP_CACHE_ZEROED_BUCKETS=549380713 TCG_INVALIDATE_WALL_US_MAX=12 TCG_INVALIDATE_WALL_US_TOTAL=229 TCG_TB_LOOKUP_US_TOTAL=0 TCG_TB_GEN_CODE_US_TOTAL=0 TCG_HANDLE_INTERRUPT_US_TOTAL=0 TCG_XBOX_IDLE_LOOP_HITS=0 TCG_XBOX_IDLE_LOOP_YIELDS=0 TCG_XBOX_IDLE_LOOP_HALTS=0 MMIO_READ_COUNT=0 MMIO_READ_US_TOTAL=0 MMIO_READ_US_MAX=0 MMIO_READ_PGRAPH_COUNT=0 MMIO_READ_PGRAPH_US_TOTAL=0 MMIO_READ_PGRAPH_US_MAX=0 NV2A_VBLANK_FIRES=63 NV2A_FLIP_STALL_WRITES=31 NV2A_PRESENT_HEARTBEAT=31 XEMU_GL_SWAPS=0 RATE_SLEW_RATIO_E6=1000000 RATE_SLEW_ACTIVE=0 APU_LOCK_HOLD_US_TOTAL=47673 APU_VCPU_LOCK_WAIT_US_MAX=59 PFIFO_PUSHER_RUNS=475 PFIFO_PUSHER_STALLS=278 PFIFO_PUSHER_STALL_FLIP=0 PFIFO_PUSHER_STALL_NOP=233 PFIFO_PUSHER_STALL_FIFO=50 PFIFO_PULLER_CALLS=382742 PFIFO_PULLER_STALLS=78 PFIFO_PULLER_STALL_FLIP=78 PFIFO_PULLER_STALL_NOP=0 PFIFO_PULLER_STALL_CONTEXT=0 PFIFO_PULLER_STALL_FIFO=0 PFIFO_PUSHER_WORDS=3893848 PFIFO_PULLER_METHOD_WORDS=3529575 PFIFO_DMA_BACKLOG_BYTES_MAX=331736 PFIFO_USER_DMA_PUT_WRITES=507 PFIFO_USER_DMA_GET_WRITES=0 PFIFO_USER_DMA_PUT_READS=0 PFIFO_USER_DMA_GET_READS=264 PGRAPH_PATT_COLOR0_WRITES=0 PGRAPH_PATT_COLOR0_READS=0 PGRAPH_FLIP_STALL_SETS=31 PGRAPH_FLIP_STALL_CHECKS=109 PGRAPH_FLIP_STALL_STILL_WAITING=78 PGRAPH_FLIP_STALL_COMPLETES=31 METAL_DRAW_COUNT=39623 METAL_DRAW_INDEXED_COUNT=39592 METAL_NATIVE_TRI_DEPTH_DRAWS=39623 METAL_NATIVE_QUAD_DRAWS=0 METAL_CLEAR_COUNT=155 METAL_GLSL_TRANSLATE=0 METAL_GLSL_TRANSLATE_FAIL=0 METAL_SHADER_VALIDATE_OK=0 METAL_SHADER_VALIDATE_FAIL=0 METAL_PIPELINE_HITS=39619 METAL_PIPELINE_MISSES=4 METAL_PIPELINE_FAILED=0 METAL_TEX_UPLOADS_TOTAL=31 METAL_TEX_UPLOAD_BYTES_TOTAL=76185600 METAL_TEX_CACHE_HITS=41328 METAL_TEX_CACHE_MISSES=31 METAL_PIPELINE_KEY_BUILT=39623 METAL_PIPELINE_TRANSLATED_OK=39623 METAL_PIPELINE_TRANSLATED_FAILED=0 METAL_DISPATCH_US_TOTAL=303716 METAL_TEX_BIND_US_TOTAL=59619 METAL_DRAW_ENCODE_US_TOTAL=73649 METAL_DRAW_PASS_OPENS=186 METAL_DRAW_PASS_COALESCED=39437 METAL_DRAW_PASS_FLUSHES=186 METAL_OPEN_PASS_FLUSH_US_TOTAL=3205 METAL_TEX_UPLOAD_US_TOTAL=1880 METAL_DRAW_TRANSLATED=39623 METAL_PIPELINE_FALLBACKS=0 METAL_UNIFORM_PACK=79246 METAL_UNIFORM_BYTES=259292912 METAL_SHADER_COMPILE_QUEUED_TOTAL=0 METAL_SHADER_COMPILE_COMPLETED_TOTAL=0 METAL_SHADER_COMPILE_FAILED_TOTAL=0 METAL_DRAWS_SKIPPED_PENDING_TOTAL=0 METAL_DRAWS_USING_UBERSHADER_TOTAL=0 METAL_SHADER_CACHE_LOADS=4 METAL_SHADER_CACHE_HITS=4 METAL_SHADER_CACHE_MISSES=0 METAL_PRESENTS=0 METAL_PRESENT_JITTER_US_TOTAL=0 METAL_PRESENT_JITTER_US_AVG=0 METAL_PRESENT_JITTER_US_MAX=0 METAL_DRAWABLE_ACQUIRE_FAILS=0 METAL_DISPLAY_LINK_CALLBACKS=0 METAL_MSAA_RESOLVE_COUNT=0 METAL_MSAA_RESOLVE_US_TOTAL=0 METAL_MSAA_SAMPLE_COUNT=1 METAL_FX_SPATIAL_PRESENTS=0 METAL_FX_SPATIAL_US_TOTAL=0 METAL_FX_SCALE_FACTOR=1 METAL_FX_SPATIAL_GPU_US_TOTAL=0 METAL_VERTEX_US_TOTAL=1644 METAL_FRAGMENT_US_TOTAL=3616 METAL_PRESENT_GPU_US_TOTAL=6507 METAL_PRESENT_GPU_FRAMES=127 METAL_CAPTURE_FRAMES=0 METAL_CAPTURE_ACTIVE=0 METAL_SCREENSHOTS_TAKEN=8 METAL_FRONT_FB_PUBLISHES=31 METAL_SURFACE_CACHE_SIZE=17 METAL_IMAGE_BLITS=0 METAL_SURFACE_VRAM_DIRTY_HITS=31 METAL_SURFACE_VRAM_UPLOADS=31 METAL_SURFACE_VRAM_UPLOAD_BYTES=76185600 METAL_SURFACE_RECREATE_SHAPE_MISMATCH=0 METAL_SURFACE_DOWNLOADS=31 METAL_SURFACE_DOWNLOAD_BYTES=76185600 METAL_SURFACE_DOWNLOAD_US_TOTAL=26416 METAL_DRAW_RT_DUMPS=0 METAL_SURFACE_GRAPH_DUMPS=0 METAL_SIBLING_SYNCS=0 METAL_SIBLING_SYNC_SKIPS=0 METAL_FLAT_QUAD_PROPAGATIONS=0 INPUT_USB_POLLS=0 INPUT_BACKEND_UPDATES=126 INPUT_LAT_US_TOTAL=0 INPUT_LAT_US_MAX=0 PIT_IRQ_TIMER_FIRES=2104 PIT_COALESCE_EVENTS=0 PIT_COALESCE_LATE_US_TOTAL=0 PIT_COALESCE_LATE_US_MAX=0 PIT_COALESCE_SKIPPED_TRANSITIONS=0
xemu-perf: metal_draw_target vram_addr=0x32a4000 count=31
xemu-perf: metal_draw_target vram_addr=0x2e06000 count=6510
xemu-perf: metal_draw_target vram_addr=0x3628000 count=13769
xemu-perf: metal_draw_target vram_addr=0x2c06000 count=6944
xemu-perf: metal_draw_target_zero count=12369
xemu-perf: metal_surface_dirty vram_addr=0x3628000 size=2457600 write_addr=0x3628000 write_len=2457600 is_color=1
xemu-perf: metal_screenshot_written path=/tmp/task16-repro3/swizzle-mipmap/metal/screenshots/swizzle-mipmap.0041.png w=640 h=480
xemu-perf: metal_surface_dirty vram_addr=0x3628000 size=2457600 write_addr=0x3628000 write_len=2457600 is_color=1
xemu-perf: metal_surface_dirty vram_addr=0x3628000 size=2457600 write_addr=0x3628000 write_len=2457600 is_color=1
xemu-perf: metal_surface_dirty vram_addr=0x3628000 size=2457600 write_addr=0x3628000 write_len=2457600 is_color=1
xemu-perf: metal_surface_dirty vram_addr=0x3628000 size=2457600 write_addr=0x3628000 write_len=2457600 is_color=1
xemu-perf: metal_screenshot_written path=/tmp/task16-repro3/swizzle-mipmap/metal/screenshots/swizzle-mipmap.0042.png w=640 h=480
xemu-perf: metal_surface_dirty vram_addr=0x3628000 size=2457600 write_addr=0x3628000 write_len=2457600 is_color=1
xemu-perf: metal_surface_dirty vram_addr=0x3628000 size=2457600 write_addr=0x3628000 write_len=2457600 is_color=1
xemu-perf: metal_surface_dirty vram_addr=0x3628000 size=2457600 write_addr=0x3628000 write_len=2457600 is_color=1
xemu-perf: metal_surface_dirty vram_addr=0x3628000 size=2457600 write_addr=0x3628000 write_len=2457600 is_color=1
xemu-perf: metal_screenshot_written path=/tmp/task16-repro3/swizzle-mipmap/metal/screenshots/swizzle-mipmap.0043.png w=640 h=480
xemu-perf: metal_surface_dirty vram_addr=0x3628000 size=2457600 write_addr=0x3628000 write_len=2457600 is_color=1
xemu-perf: metal_surface_dirty vram_addr=0x3628000 size=2457600 write_addr=0x3628000 write_len=2457600 is_color=1
xemu-perf: metal_surface_dirty vram_addr=0x3628000 size=2457600 write_addr=0x3628000 write_len=2457600 is_color=1
xemu-perf: metal_screenshot_written path=/tmp/task16-repro3/swizzle-mipmap/metal/screenshots/swizzle-mipmap.0044.png w=640 h=480
xemu-perf: metal_surface_dirty vram_addr=0x3628000 size=2457600 write_addr=0x3628000 write_len=2457600 is_color=1
xemu-perf: metal_surface_dirty vram_addr=0x3628000 size=2457600 write_addr=0x3628000 write_len=2457600 is_color=1
xemu-perf: metal_surface_dirty vram_addr=0x3628000 size=2457600 write_addr=0x3628000 write_len=2457600 is_color=1
xemu-perf: metal_surface_dirty vram_addr=0x3628000 size=2457600 write_addr=0x3628000 write_len=2457600 is_color=1
xemu-perf: metal_screenshot_written path=/tmp/task16-repro3/swizzle-mipmap/metal/screenshots/swizzle-mipmap.0045.png w=640 h=480
xemu-perf: metal_surface_dirty vram_addr=0x3628000 size=2457600 write_addr=0x3628000 write_len=2457600 is_color=1
xemu-perf: metal_surface_dirty vram_addr=0x3628000 size=2457600 write_addr=0x3628000 write_len=2457600 is_color=1
xemu-perf: metal_surface_dirty vram_addr=0x3628000 size=2457600 write_addr=0x3628000 write_len=2457600 is_color=1
xemu-perf: metal_surface_dirty vram_addr=0x3628000 size=2457600 write_addr=0x3628000 write_len=2457600 is_color=1
xemu-perf: metal_screenshot_written path=/tmp/task16-repro3/swizzle-mipmap/metal/screenshots/swizzle-mipmap.0046.png w=640 h=480
xemu-perf: metal_surface_dirty vram_addr=0x3628000 size=2457600 write_addr=0x3628000 write_len=2457600 is_color=1
xemu-perf: metal_surface_dirty vram_addr=0x3628000 size=2457600 write_addr=0x3628000 write_len=2457600 is_color=1
xemu-perf: metal_surface_dirty vram_addr=0x3628000 size=2457600 write_addr=0x3628000 write_len=2457600 is_color=1
xemu-perf: metal_surface_dirty vram_addr=0x3628000 size=2457600 write_addr=0x3628000 write_len=2457600 is_color=1
xemu-perf: metal_screenshot_written path=/tmp/task16-repro3/swizzle-mipmap/metal/screenshots/swizzle-mipmap.0047.png w=640 h=480
xemu-perf: metal_surface_dirty vram_addr=0x3628000 size=2457600 write_addr=0x3628000 write_len=2457600 is_color=1
xemu-perf: metal_surface_dirty vram_addr=0x3628000 size=2457600 write_addr=0x3628000 write_len=2457600 is_color=1
xemu-perf: metal_surface_dirty vram_addr=0x3628000 size=2457600 write_addr=0x3628000 write_len=2457600 is_color=1
xemu-perf: metal_screenshot_written path=/tmp/task16-repro3/swizzle-mipmap/metal/screenshots/swizzle-mipmap.0048.png w=640 h=480
xemu-perf: metal_surface_dirty vram_addr=0x3628000 size=2457600 write_addr=0x3628000 write_len=2457600 is_color=1
xemu-perf: metal_surface_dirty vram_addr=0x3628000 size=2457600 write_addr=0x3628000 write_len=2457600 is_color=1
xemu-perf: metal_surface_dirty vram_addr=0x3628000 size=2457600 write_addr=0x3628000 write_len=2457600 is_color=1
xemu-perf: metal_surface_dirty vram_addr=0x3628000 size=2457600 write_addr=0x3628000 write_len=2457600 is_color=1
xemu-perf: metal_screenshot_written path=/tmp/task16-repro3/swizzle-mipmap/metal/screenshots/swizzle-mipmap.0049.png w=640 h=480
xemu-perf: interval_id=5 interval_start_us=197722842966 interval_end_us=197723846752 interval_ms=1003 frames=31 fps=30.88 mspf_avg=21.997 mspf_min=20.046 mspf_max=25.744 increment_fps=30 BEGIN_ENDS=39733 NATIVE_TRI_DEPTH_DRAW=39733 NATIVE_TRI_DEPTH_DRAW_SMOOTH=39733 TCG_TB_EXEC_COUNT=589949 TCG_TB_INVALIDATE_COUNT=643 TCG_NOTDIRTY_TRIPS=298 TCG_NOTDIRTY_PAGES_HIT=3 TCG_TB_INVALIDATE_BURST_MAX=21 TCG_JMP_CACHE_ZEROED_BUCKETS=551355011 TCG_INVALIDATE_WALL_US_MAX=11 TCG_INVALIDATE_WALL_US_TOTAL=217 TCG_TB_LOOKUP_US_TOTAL=0 TCG_TB_GEN_CODE_US_TOTAL=0 TCG_HANDLE_INTERRUPT_US_TOTAL=0 TCG_XBOX_IDLE_LOOP_HITS=0 TCG_XBOX_IDLE_LOOP_YIELDS=0 TCG_XBOX_IDLE_LOOP_HALTS=0 MMIO_READ_COUNT=0 MMIO_READ_US_TOTAL=0 MMIO_READ_US_MAX=0 MMIO_READ_PGRAPH_COUNT=0 MMIO_READ_PGRAPH_US_TOTAL=0 MMIO_READ_PGRAPH_US_MAX=0 NV2A_VBLANK_FIRES=62 NV2A_FLIP_STALL_WRITES=31 NV2A_PRESENT_HEARTBEAT=31 XEMU_GL_SWAPS=0 RATE_SLEW_RATIO_E6=1000000 RATE_SLEW_ACTIVE=0 APU_LOCK_HOLD_US_TOTAL=45822 APU_VCPU_LOCK_WAIT_US_MAX=64 PFIFO_PUSHER_RUNS=427 PFIFO_PUSHER_STALLS=275 PFIFO_PUSHER_STALL_FLIP=0 PFIFO_PUSHER_STALL_NOP=227 PFIFO_PUSHER_STALL_FIFO=50 PFIFO_PULLER_CALLS=381015 PFIFO_PULLER_STALLS=65 PFIFO_PULLER_STALL_FLIP=65 PFIFO_PULLER_STALL_NOP=0 PFIFO_PULLER_STALL_CONTEXT=0 PFIFO_PULLER_STALL_FIFO=0 PFIFO_PUSHER_WORDS=2908735 PFIFO_PULLER_METHOD_WORDS=2548189 PFIFO_DMA_BACKLOG_BYTES_MAX=242556 PFIFO_USER_DMA_PUT_WRITES=387 PFIFO_USER_DMA_GET_WRITES=0 PFIFO_USER_DMA_PUT_READS=0 PFIFO_USER_DMA_GET_READS=200 PGRAPH_PATT_COLOR0_WRITES=0 PGRAPH_PATT_COLOR0_READS=0 PGRAPH_FLIP_STALL_SETS=31 PGRAPH_FLIP_STALL_CHECKS=96 PGRAPH_FLIP_STALL_STILL_WAITING=65 PGRAPH_FLIP_STALL_COMPLETES=31 METAL_DRAW_COUNT=39733 METAL_DRAW_INDEXED_COUNT=39702 METAL_NATIVE_TRI_DEPTH_DRAWS=39733 METAL_NATIVE_QUAD_DRAWS=0 METAL_CLEAR_COUNT=176 METAL_GLSL_TRANSLATE=0 METAL_GLSL_TRANSLATE_FAIL=0 METAL_SHADER_VALIDATE_OK=0 METAL_SHADER_VALIDATE_FAIL=0 METAL_PIPELINE_HITS=39729 METAL_PIPELINE_MISSES=4 METAL_PIPELINE_FAILED=0 METAL_TEX_UPLOADS_TOTAL=34 METAL_TEX_UPLOAD_BYTES_TOTAL=76464128 METAL_TEX_CACHE_HITS=41519 METAL_TEX_CACHE_MISSES=34 METAL_PIPELINE_KEY_BUILT=39733 METAL_PIPELINE_TRANSLATED_OK=39733 METAL_PIPELINE_TRANSLATED_FAILED=0 METAL_DISPATCH_US_TOTAL=305856 METAL_TEX_BIND_US_TOTAL=63667 METAL_DRAW_ENCODE_US_TOTAL=72349 METAL_DRAW_PASS_OPENS=209 METAL_DRAW_PASS_COALESCED=39524 METAL_DRAW_PASS_FLUSHES=207 METAL_OPEN_PASS_FLUSH_US_TOTAL=3348 METAL_TEX_UPLOAD_US_TOTAL=1992 METAL_DRAW_TRANSLATED=39733 METAL_PIPELINE_FALLBACKS=0 METAL_UNIFORM_PACK=79466 METAL_UNIFORM_BYTES=260012752 METAL_SHADER_COMPILE_QUEUED_TOTAL=0 METAL_SHADER_COMPILE_COMPLETED_TOTAL=0 METAL_SHADER_COMPILE_FAILED_TOTAL=0 METAL_DRAWS_SKIPPED_PENDING_TOTAL=0 METAL_DRAWS_USING_UBERSHADER_TOTAL=0 METAL_SHADER_CACHE_LOADS=4 METAL_SHADER_CACHE_HITS=4 METAL_SHADER_CACHE_MISSES=0 METAL_PRESENTS=0 METAL_PRESENT_JITTER_US_TOTAL=0 METAL_PRESENT_JITTER_US_AVG=0 METAL_PRESENT_JITTER_US_MAX=0 METAL_DRAWABLE_ACQUIRE_FAILS=0 METAL_DISPLAY_LINK_CALLBACKS=0 METAL_MSAA_RESOLVE_COUNT=0 METAL_MSAA_RESOLVE_US_TOTAL=0 METAL_MSAA_SAMPLE_COUNT=1 METAL_FX_SPATIAL_PRESENTS=0 METAL_FX_SPATIAL_US_TOTAL=0 METAL_FX_SCALE_FACTOR=1 METAL_FX_SPATIAL_GPU_US_TOTAL=0 METAL_VERTEX_US_TOTAL=1628 METAL_FRAGMENT_US_TOTAL=3852 METAL_PRESENT_GPU_US_TOTAL=6023 METAL_PRESENT_GPU_FRAMES=124 METAL_CAPTURE_FRAMES=0 METAL_CAPTURE_ACTIVE=0 METAL_SCREENSHOTS_TAKEN=9 METAL_FRONT_FB_PUBLISHES=31 METAL_SURFACE_CACHE_SIZE=17 METAL_IMAGE_BLITS=0 METAL_SURFACE_VRAM_DIRTY_HITS=31 METAL_SURFACE_VRAM_UPLOADS=31 METAL_SURFACE_VRAM_UPLOAD_BYTES=76185600 METAL_SURFACE_RECREATE_SHAPE_MISMATCH=0 METAL_SURFACE_DOWNLOADS=31 METAL_SURFACE_DOWNLOAD_BYTES=76185600 METAL_SURFACE_DOWNLOAD_US_TOTAL=28900 METAL_DRAW_RT_DUMPS=0 METAL_SURFACE_GRAPH_DUMPS=0 METAL_SIBLING_SYNCS=0 METAL_SIBLING_SYNC_SKIPS=0 METAL_FLAT_QUAD_PROPAGATIONS=0 INPUT_USB_POLLS=0 INPUT_BACKEND_UPDATES=124 INPUT_LAT_US_TOTAL=0 INPUT_LAT_US_MAX=0 PIT_IRQ_TIMER_FIRES=2074 PIT_COALESCE_EVENTS=0 PIT_COALESCE_LATE_US_TOTAL=0 PIT_COALESCE_LATE_US_MAX=0 PIT_COALESCE_SKIPPED_TRANSITIONS=0
xemu-perf: metal_draw_target vram_addr=0x32a4000 count=31
xemu-perf: metal_draw_target vram_addr=0x2e06000 count=6944
xemu-perf: metal_draw_target vram_addr=0x3628000 count=13879
xemu-perf: metal_draw_target vram_addr=0x2c06000 count=6510
xemu-perf: metal_draw_target_zero count=12369
xemu-perf: metal_surface_dirty vram_addr=0x3628000 size=2457600 write_addr=0x3628000 write_len=2457600 is_color=1
xemu-perf: metal_surface_dirty vram_addr=0x3628000 size=2457600 write_addr=0x3628000 write_len=2457600 is_color=1
xemu-perf: metal_surface_dirty vram_addr=0x3628000 size=2457600 write_addr=0x3628000 write_len=2457600 is_color=1
xemu-perf: metal_surface_dirty vram_addr=0x3628000 size=2457600 write_addr=0x3628000 write_len=2457600 is_color=1
xemu-perf: metal_surface_dirty vram_addr=0x3628000 size=2457600 write_addr=0x3628000 write_len=2457600 is_color=1
xemu-perf: metal_surface_dirty vram_addr=0x3628000 size=2457600 write_addr=0x3628000 write_len=2457600 is_color=1
xemu-perf: metal_color_bind vram_addr=0x2454000 guest=1024x1024 scaled=1024x1024 pitch=4096 format=8
xemu-perf: metal_draw_target_first vram_addr=0x2454000 slot=10
xemu-perf: metal_screenshot_written path=/tmp/task16-repro3/swizzle-mipmap/metal/screenshots/swizzle-mipmap.0050.png w=640 h=480
xemu-perf: metal_surface_dirty vram_addr=0x3628000 size=2457600 write_addr=0x3628000 write_len=2457600 is_color=1
xemu-perf: metal_surface_dirty vram_addr=0x3628000 size=2457600 write_addr=0x3628000 write_len=2457600 is_color=1
xemu-perf: metal_surface_dirty vram_addr=0x3628000 size=2457600 write_addr=0x3628000 write_len=2457600 is_color=1
xemu-perf: metal_surface_dirty vram_addr=0x3628000 size=2457600 write_addr=0x3628000 write_len=2457600 is_color=1
xemu-perf: metal_surface_dirty vram_addr=0x3628000 size=2457600 write_addr=0x3628000 write_len=2457600 is_color=1
xemu-perf: metal_surface_dirty vram_addr=0x3628000 size=2457600 write_addr=0x3628000 write_len=2457600 is_color=1
xemu-perf: metal_surface_dirty vram_addr=0x3628000 size=2457600 write_addr=0x3628000 write_len=2457600 is_color=1
xemu-perf: metal_surface_dirty vram_addr=0x3628000 size=2457600 write_addr=0x3628000 write_len=2457600 is_color=1
xemu-perf: metal_screenshot_written path=/tmp/task16-repro3/swizzle-mipmap/metal/screenshots/swizzle-mipmap.0051.png w=640 h=480
xemu-perf: metal_surface_dirty vram_addr=0x3628000 size=2457600 write_addr=0x3628000 write_len=2457600 is_color=1
xemu-perf: metal_surface_dirty vram_addr=0x3628000 size=2457600 write_addr=0x3628000 write_len=2457600 is_color=1
xemu-perf: metal_surface_dirty vram_addr=0x3628000 size=2457600 write_addr=0x3628000 write_len=2457600 is_color=1
xemu-perf: metal_surface_dirty vram_addr=0x3628000 size=2457600 write_addr=0x3628000 write_len=2457600 is_color=1
xemu-perf: metal_surface_dirty vram_addr=0x3628000 size=2457600 write_addr=0x3628000 write_len=2457600 is_color=1
xemu-perf: metal_surface_dirty vram_addr=0x3628000 size=2457600 write_addr=0x3628000 write_len=2457600 is_color=1
xemu-perf: metal_surface_dirty vram_addr=0x3628000 size=2457600 write_addr=0x3628000 write_len=2457600 is_color=1
xemu-perf: metal_screenshot_written path=/tmp/task16-repro3/swizzle-mipmap/metal/screenshots/swizzle-mipmap.0052.png w=640 h=480
xemu-perf: metal_surface_dirty vram_addr=0x3628000 size=2457600 write_addr=0x3628000 write_len=2457600 is_color=1
xemu-perf: metal_surface_dirty vram_addr=0x3628000 size=2457600 write_addr=0x3628000 write_len=2457600 is_color=1
xemu-perf: metal_surface_dirty vram_addr=0x3628000 size=2457600 write_addr=0x3628000 write_len=2457600 is_color=1
xemu-perf: metal_surface_dirty vram_addr=0x3628000 size=2457600 write_addr=0x3628000 write_len=2457600 is_color=1
xemu-perf: metal_surface_dirty vram_addr=0x3628000 size=2457600 write_addr=0x3628000 write_len=2457600 is_color=1
xemu-perf: metal_surface_dirty vram_addr=0x3628000 size=2457600 write_addr=0x3628000 write_len=2457600 is_color=1
xemu-perf: metal_surface_dirty vram_addr=0x3628000 size=2457600 write_addr=0x3628000 write_len=2457600 is_color=1
xemu-perf: metal_surface_dirty vram_addr=0x3628000 size=2457600 write_addr=0x3628000 write_len=2457600 is_color=1
xemu-perf: metal_screenshot_written path=/tmp/task16-repro3/swizzle-mipmap/metal/screenshots/swizzle-mipmap.0053.png w=640 h=480
xemu-perf: metal_surface_dirty vram_addr=0x3628000 size=2457600 write_addr=0x3628000 write_len=2457600 is_color=1
xemu-perf: metal_surface_dirty vram_addr=0x3628000 size=2457600 write_addr=0x3628000 write_len=2457600 is_color=1
xemu-perf: metal_surface_dirty vram_addr=0x3628000 size=2457600 write_addr=0x3628000 write_len=2457600 is_color=1
xemu-perf: metal_surface_dirty vram_addr=0x3628000 size=2457600 write_addr=0x3628000 write_len=2457600 is_color=1
xemu-perf: metal_surface_dirty vram_addr=0x3628000 size=2457600 write_addr=0x3628000 write_len=2457600 is_color=1
xemu-perf: metal_surface_dirty vram_addr=0x3628000 size=2457600 write_addr=0x3628000 write_len=2457600 is_color=1
xemu-perf: metal_surface_dirty vram_addr=0x3628000 size=2457600 write_addr=0x3628000 write_len=2457600 is_color=1
xemu-perf: metal_screenshot_written path=/tmp/task16-repro3/swizzle-mipmap/metal/screenshots/swizzle-mipmap.0054.png w=640 h=480
xemu-perf: metal_surface_dirty vram_addr=0x3628000 size=2457600 write_addr=0x3628000 write_len=2457600 is_color=1
xemu-perf: metal_surface_dirty vram_addr=0x3628000 size=2457600 write_addr=0x3628000 write_len=2457600 is_color=1
xemu-perf: metal_surface_dirty vram_addr=0x3628000 size=2457600 write_addr=0x3628000 write_len=2457600 is_color=1
xemu-perf: metal_surface_dirty vram_addr=0x3628000 size=2457600 write_addr=0x3628000 write_len=2457600 is_color=1
xemu-perf: metal_surface_dirty vram_addr=0x3628000 size=2457600 write_addr=0x3628000 write_len=2457600 is_color=1
xemu-perf: metal_surface_dirty vram_addr=0x3628000 size=2457600 write_addr=0x3628000 write_len=2457600 is_color=1
xemu-perf: metal_surface_dirty vram_addr=0x3628000 size=2457600 write_addr=0x3628000 write_len=2457600 is_color=1
xemu-perf: metal_surface_dirty vram_addr=0x3628000 size=2457600 write_addr=0x3628000 write_len=2457600 is_color=1
xemu-perf: metal_screenshot_written path=/tmp/task16-repro3/swizzle-mipmap/metal/screenshots/swizzle-mipmap.0055.png w=640 h=480
xemu-perf: metal_surface_dirty vram_addr=0x3628000 size=2457600 write_addr=0x3628000 write_len=2457600 is_color=1
xemu-perf: metal_surface_dirty vram_addr=0x3628000 size=2457600 write_addr=0x3628000 write_len=2457600 is_color=1
xemu-perf: metal_surface_dirty vram_addr=0x3628000 size=2457600 write_addr=0x3628000 write_len=2457600 is_color=1
xemu-perf: metal_surface_dirty vram_addr=0x3628000 size=2457600 write_addr=0x3628000 write_len=2457600 is_color=1
xemu-perf: metal_surface_dirty vram_addr=0x3628000 size=2457600 write_addr=0x3628000 write_len=2457600 is_color=1
xemu-perf: metal_surface_dirty vram_addr=0x3628000 size=2457600 write_addr=0x3628000 write_len=2457600 is_color=1
xemu-perf: metal_surface_dirty vram_addr=0x3628000 size=2457600 write_addr=0x3628000 write_len=2457600 is_color=1
xemu-perf: metal_screenshot_written path=/tmp/task16-repro3/swizzle-mipmap/metal/screenshots/swizzle-mipmap.0056.png w=640 h=480
xemu-perf: metal_surface_dirty vram_addr=0x3628000 size=2457600 write_addr=0x3628000 write_len=2457600 is_color=1
xemu-perf: metal_surface_dirty vram_addr=0x3628000 size=2457600 write_addr=0x3628000 write_len=2457600 is_color=1
xemu-perf: metal_surface_dirty vram_addr=0x3628000 size=2457600 write_addr=0x3628000 write_len=2457600 is_color=1
xemu-perf: metal_surface_dirty vram_addr=0x3628000 size=2457600 write_addr=0x3628000 write_len=2457600 is_color=1
xemu-perf: metal_surface_dirty vram_addr=0x3628000 size=2457600 write_addr=0x3628000 write_len=2457600 is_color=1
xemu-perf: metal_surface_dirty vram_addr=0x3628000 size=2457600 write_addr=0x3628000 write_len=2457600 is_color=1
xemu-perf: metal_surface_dirty vram_addr=0x3628000 size=2457600 write_addr=0x3628000 write_len=2457600 is_color=1
xemu-perf: metal_surface_dirty vram_addr=0x3628000 size=2457600 write_addr=0x3628000 write_len=2457600 is_color=1
xemu-perf: metal_screenshot_written path=/tmp/task16-repro3/swizzle-mipmap/metal/screenshots/swizzle-mipmap.0057.png w=640 h=480
xemu-perf: metal_surface_dirty vram_addr=0x3628000 size=2457600 write_addr=0x3628000 write_len=2457600 is_color=1
xemu-perf: metal_surface_dirty vram_addr=0x3628000 size=2457600 write_addr=0x3628000 write_len=2457600 is_color=1
xemu-perf: metal_surface_dirty vram_addr=0x3628000 size=2457600 write_addr=0x3628000 write_len=2457600 is_color=1
xemu-perf: interval_id=6 interval_start_us=197723881709 interval_end_us=197724890613 interval_ms=1008 frames=62 fps=61.45 mspf_avg=3.530 mspf_min=2.763 mspf_max=27.315 increment_fps=59 BEGIN_ENDS=1473 NATIVE_TRI_DEPTH_DRAW=1473 NATIVE_TRI_DEPTH_DRAW_SMOOTH=1473 TCG_TB_EXEC_COUNT=19244 TCG_TB_INVALIDATE_COUNT=412 TCG_NOTDIRTY_TRIPS=181 TCG_NOTDIRTY_PAGES_HIT=3 TCG_TB_INVALIDATE_BURST_MAX=16 TCG_JMP_CACHE_ZEROED_BUCKETS=21467548 TCG_INVALIDATE_WALL_US_MAX=8 TCG_INVALIDATE_WALL_US_TOTAL=136 TCG_TB_LOOKUP_US_TOTAL=0 TCG_TB_GEN_CODE_US_TOTAL=0 TCG_HANDLE_INTERRUPT_US_TOTAL=0 TCG_XBOX_IDLE_LOOP_HITS=0 TCG_XBOX_IDLE_LOOP_YIELDS=0 TCG_XBOX_IDLE_LOOP_HALTS=0 MMIO_READ_COUNT=0 MMIO_READ_US_TOTAL=0 MMIO_READ_US_MAX=0 MMIO_READ_PGRAPH_COUNT=0 MMIO_READ_PGRAPH_US_TOTAL=0 MMIO_READ_PGRAPH_US_MAX=0 NV2A_VBLANK_FIRES=63 NV2A_FLIP_STALL_WRITES=62 NV2A_PRESENT_HEARTBEAT=62 XEMU_GL_SWAPS=0 RATE_SLEW_RATIO_E6=1000000 RATE_SLEW_ACTIVE=0 APU_LOCK_HOLD_US_TOTAL=44019 APU_VCPU_LOCK_WAIT_US_MAX=57 PFIFO_PUSHER_RUNS=208 PFIFO_PUSHER_STALLS=137 PFIFO_PUSHER_STALL_FLIP=0 PFIFO_PUSHER_STALL_NOP=129 PFIFO_PUSHER_STALL_FIFO=10 PFIFO_PULLER_CALLS=34190 PFIFO_PULLER_STALLS=62 PFIFO_PULLER_STALL_FLIP=62 PFIFO_PULLER_STALL_NOP=0 PFIFO_PULLER_STALL_CONTEXT=0 PFIFO_PULLER_STALL_FIFO=0 PFIFO_PUSHER_WORDS=158421 PFIFO_PULLER_METHOD_WORDS=131282 PFIFO_DMA_BACKLOG_BYTES_MAX=85908 PFIFO_USER_DMA_PUT_WRITES=87 PFIFO_USER_DMA_GET_WRITES=0 PFIFO_USER_DMA_PUT_READS=0 PFIFO_USER_DMA_GET_READS=15 PGRAPH_PATT_COLOR0_WRITES=0 PGRAPH_PATT_COLOR0_READS=0 PGRAPH_FLIP_STALL_SETS=62 PGRAPH_FLIP_STALL_CHECKS=124 PGRAPH_FLIP_STALL_STILL_WAITING=62 PGRAPH_FLIP_STALL_COMPLETES=62 METAL_DRAW_COUNT=1473 METAL_DRAW_INDEXED_COUNT=1411 METAL_NATIVE_TRI_DEPTH_DRAWS=1473 METAL_NATIVE_QUAD_DRAWS=0 METAL_CLEAR_COUNT=69 METAL_GLSL_TRANSLATE=0 METAL_GLSL_TRANSLATE_FAIL=0 METAL_SHADER_VALIDATE_OK=0 METAL_SHADER_VALIDATE_FAIL=0 METAL_PIPELINE_HITS=1466 METAL_PIPELINE_MISSES=7 METAL_PIPELINE_FAILED=0 METAL_TEX_UPLOADS_TOTAL=65 METAL_TEX_UPLOAD_BYTES_TOTAL=160760832 METAL_TEX_CACHE_HITS=1468 METAL_TEX_CACHE_MISSES=65 METAL_PIPELINE_KEY_BUILT=1473 METAL_PIPELINE_TRANSLATED_OK=1473 METAL_PIPELINE_TRANSLATED_FAILED=0 METAL_DISPATCH_US_TOTAL=83836 METAL_TEX_BIND_US_TOTAL=67821 METAL_DRAW_ENCODE_US_TOTAL=5188 METAL_DRAW_PASS_OPENS=132 METAL_DRAW_PASS_COALESCED=1341 METAL_DRAW_PASS_FLUSHES=131 METAL_OPEN_PASS_FLUSH_US_TOTAL=2018 METAL_TEX_UPLOAD_US_TOTAL=3830 METAL_DRAW_TRANSLATED=1473 METAL_PIPELINE_FALLBACKS=0 METAL_UNIFORM_PACK=2946 METAL_UNIFORM_BYTES=9639312 METAL_SHADER_COMPILE_QUEUED_TOTAL=0 METAL_SHADER_COMPILE_COMPLETED_TOTAL=0 METAL_SHADER_COMPILE_FAILED_TOTAL=0 METAL_DRAWS_SKIPPED_PENDING_TOTAL=0 METAL_DRAWS_USING_UBERSHADER_TOTAL=0 METAL_SHADER_CACHE_LOADS=7 METAL_SHADER_CACHE_HITS=7 METAL_SHADER_CACHE_MISSES=0 METAL_PRESENTS=0 METAL_PRESENT_JITTER_US_TOTAL=0 METAL_PRESENT_JITTER_US_AVG=0 METAL_PRESENT_JITTER_US_MAX=0 METAL_DRAWABLE_ACQUIRE_FAILS=0 METAL_DISPLAY_LINK_CALLBACKS=0 METAL_MSAA_RESOLVE_COUNT=0 METAL_MSAA_RESOLVE_US_TOTAL=0 METAL_MSAA_SAMPLE_COUNT=1 METAL_FX_SPATIAL_PRESENTS=0 METAL_FX_SPATIAL_US_TOTAL=0 METAL_FX_SCALE_FACTOR=1 METAL_FX_SPATIAL_GPU_US_TOTAL=0 METAL_VERTEX_US_TOTAL=1723 METAL_FRAGMENT_US_TOTAL=2341 METAL_PRESENT_GPU_US_TOTAL=4418 METAL_PRESENT_GPU_FRAMES=125 METAL_CAPTURE_FRAMES=0 METAL_CAPTURE_ACTIVE=0 METAL_SCREENSHOTS_TAKEN=8 METAL_FRONT_FB_PUBLISHES=62 METAL_SURFACE_CACHE_SIZE=19 METAL_IMAGE_BLITS=0 METAL_SURFACE_VRAM_DIRTY_HITS=62 METAL_SURFACE_VRAM_UPLOADS=63 METAL_SURFACE_VRAM_UPLOAD_BYTES=156565504 METAL_SURFACE_RECREATE_SHAPE_MISMATCH=0 METAL_SURFACE_DOWNLOADS=64 METAL_SURFACE_DOWNLOAD_BYTES=160759808 METAL_SURFACE_DOWNLOAD_US_TOTAL=58025 METAL_DRAW_RT_DUMPS=0 METAL_SURFACE_GRAPH_DUMPS=0 METAL_SIBLING_SYNCS=0 METAL_SIBLING_SYNC_SKIPS=0 METAL_FLAT_QUAD_PROPAGATIONS=0 INPUT_USB_POLLS=0 INPUT_BACKEND_UPDATES=125 INPUT_LAT_US_TOTAL=0 INPUT_LAT_US_MAX=0 PIT_IRQ_TIMER_FIRES=2088 PIT_COALESCE_EVENTS=0 PIT_COALESCE_LATE_US_TOTAL=0 PIT_COALESCE_LATE_US_MAX=0 PIT_COALESCE_SKIPPED_TRANSITIONS=0
xemu-perf: metal_draw_target vram_addr=0x32a4000 count=62
xemu-perf: metal_draw_target vram_addr=0x3628000 count=567
xemu-perf: metal_draw_target vram_addr=0x2c06000 count=434
xemu-perf: metal_draw_target vram_addr=0x2454000 count=11
xemu-perf: metal_draw_target_zero count=399
xemu-perf: metal_surface_dirty vram_addr=0x3628000 size=2457600 write_addr=0x3628000 write_len=2457600 is_color=1
xemu-perf: metal_surface_dirty vram_addr=0x3628000 size=2457600 write_addr=0x3628000 write_len=2457600 is_color=1
xemu-perf: metal_surface_dirty vram_addr=0x3628000 size=2457600 write_addr=0x3628000 write_len=2457600 is_color=1
xemu-perf: metal_surface_dirty vram_addr=0x3628000 size=2457600 write_addr=0x3628000 write_len=2457600 is_color=1
xemu-perf: metal_screenshot_written path=/tmp/task16-repro3/swizzle-mipmap/metal/screenshots/swizzle-mipmap.0058.png w=640 h=480
xemu-perf: metal_surface_dirty vram_addr=0x3628000 size=2457600 write_addr=0x3628000 write_len=2457600 is_color=1
xemu-perf: metal_surface_dirty vram_addr=0x3628000 size=2457600 write_addr=0x3628000 write_len=2457600 is_color=1
xemu-perf: metal_surface_dirty vram_addr=0x3628000 size=2457600 write_addr=0x3628000 write_len=2457600 is_color=1
xemu-perf: metal_surface_dirty vram_addr=0x3628000 size=2457600 write_addr=0x3628000 write_len=2457600 is_color=1
xemu-perf: metal_surface_dirty vram_addr=0x3628000 size=2457600 write_addr=0x3628000 write_len=2457600 is_color=1
xemu-perf: metal_surface_dirty vram_addr=0x3628000 size=2457600 write_addr=0x3628000 write_len=2457600 is_color=1
xemu-perf: metal_surface_dirty vram_addr=0x3628000 size=2457600 write_addr=0x3628000 write_len=2457600 is_color=1
xemu-perf: metal_surface_dirty vram_addr=0x3628000 size=2457600 write_addr=0x3628000 write_len=2457600 is_color=1
xemu-perf: metal_screenshot_written path=/tmp/task16-repro3/swizzle-mipmap/metal/screenshots/swizzle-mipmap.0059.png w=640 h=480
xemu-perf: metal_surface_dirty vram_addr=0x3628000 size=2457600 write_addr=0x3628000 write_len=2457600 is_color=1
xemu-perf: metal_surface_dirty vram_addr=0x3628000 size=2457600 write_addr=0x3628000 write_len=2457600 is_color=1
xemu-perf: metal_surface_dirty vram_addr=0x3628000 size=2457600 write_addr=0x3628000 write_len=2457600 is_color=1
xemu-perf: metal_surface_dirty vram_addr=0x3628000 size=2457600 write_addr=0x3628000 write_len=2457600 is_color=1
xemu-perf: metal_surface_dirty vram_addr=0x3628000 size=2457600 write_addr=0x3628000 write_len=2457600 is_color=1
xemu-perf: metal_surface_dirty vram_addr=0x3628000 size=2457600 write_addr=0x3628000 write_len=2457600 is_color=1
xemu-perf: metal_surface_dirty vram_addr=0x3628000 size=2457600 write_addr=0x3628000 write_len=2457600 is_color=1
xemu-perf: metal_screenshot_written path=/tmp/task16-repro3/swizzle-mipmap/metal/screenshots/swizzle-mipmap.0060.png w=640 h=480
xemu-perf: metal_surface_dirty vram_addr=0x3628000 size=2457600 write_addr=0x3628000 write_len=2457600 is_color=1
xemu-perf: metal_surface_dirty vram_addr=0x3628000 size=2457600 write_addr=0x3628000 write_len=2457600 is_color=1
xemu-perf: metal_surface_dirty vram_addr=0x3628000 size=2457600 write_addr=0x3628000 write_len=2457600 is_color=1
xemu-perf: metal_surface_dirty vram_addr=0x3628000 size=2457600 write_addr=0x3628000 write_len=2457600 is_color=1
xemu-perf: metal_surface_dirty vram_addr=0x3628000 size=2457600 write_addr=0x3628000 write_len=2457600 is_color=1
xemu-perf: metal_surface_dirty vram_addr=0x3628000 size=2457600 write_addr=0x3628000 write_len=2457600 is_color=1
xemu-perf: metal_surface_dirty vram_addr=0x3628000 size=2457600 write_addr=0x3628000 write_len=2457600 is_color=1
xemu-perf: metal_surface_dirty vram_addr=0x3628000 size=2457600 write_addr=0x3628000 write_len=2457600 is_color=1
xemu-perf: metal_screenshot_written path=/tmp/task16-repro3/swizzle-mipmap/metal/screenshots/swizzle-mipmap.0061.png w=640 h=480
xemu-perf: metal_surface_dirty vram_addr=0x3628000 size=2457600 write_addr=0x3628000 write_len=2457600 is_color=1
xemu-perf: metal_surface_dirty vram_addr=0x3628000 size=2457600 write_addr=0x3628000 write_len=2457600 is_color=1
xemu-perf: metal_surface_dirty vram_addr=0x3628000 size=2457600 write_addr=0x3628000 write_len=2457600 is_color=1
xemu-perf: metal_surface_dirty vram_addr=0x3628000 size=2457600 write_addr=0x3628000 write_len=2457600 is_color=1
xemu-perf: metal_surface_dirty vram_addr=0x3628000 size=2457600 write_addr=0x3628000 write_len=2457600 is_color=1
xemu-perf: metal_surface_dirty vram_addr=0x3628000 size=2457600 write_addr=0x3628000 write_len=2457600 is_color=1
xemu-perf: metal_surface_dirty vram_addr=0x3628000 size=2457600 write_addr=0x3628000 write_len=2457600 is_color=1
xemu-perf: metal_screenshot_written path=/tmp/task16-repro3/swizzle-mipmap/metal/screenshots/swizzle-mipmap.0062.png w=640 h=480
xemu-perf: metal_surface_dirty vram_addr=0x3628000 size=2457600 write_addr=0x3628000 write_len=2457600 is_color=1
xemu-perf: metal_surface_dirty vram_addr=0x3628000 size=2457600 write_addr=0x3628000 write_len=2457600 is_color=1
xemu-perf: metal_surface_dirty vram_addr=0x3628000 size=2457600 write_addr=0x3628000 write_len=2457600 is_color=1
xemu-perf: metal_surface_dirty vram_addr=0x3628000 size=2457600 write_addr=0x3628000 write_len=2457600 is_color=1
xemu-perf: metal_surface_dirty vram_addr=0x3628000 size=2457600 write_addr=0x3628000 write_len=2457600 is_color=1
xemu-perf: metal_surface_dirty vram_addr=0x3628000 size=2457600 write_addr=0x3628000 write_len=2457600 is_color=1
xemu-perf: metal_surface_dirty vram_addr=0x3628000 size=2457600 write_addr=0x3628000 write_len=2457600 is_color=1
xemu-perf: metal_surface_dirty vram_addr=0x3628000 size=2457600 write_addr=0x3628000 write_len=2457600 is_color=1
xemu-perf: metal_screenshot_written path=/tmp/task16-repro3/swizzle-mipmap/metal/screenshots/swizzle-mipmap.0063.png w=640 h=480
xemu-perf: metal_surface_dirty vram_addr=0x3628000 size=2457600 write_addr=0x3628000 write_len=2457600 is_color=1
xemu-perf: metal_surface_dirty vram_addr=0x3628000 size=2457600 write_addr=0x3628000 write_len=2457600 is_color=1
xemu-perf: metal_surface_dirty vram_addr=0x3628000 size=2457600 write_addr=0x3628000 write_len=2457600 is_color=1
xemu-perf: metal_surface_dirty vram_addr=0x3628000 size=2457600 write_addr=0x3628000 write_len=2457600 is_color=1
xemu-perf: metal_surface_dirty vram_addr=0x3628000 size=2457600 write_addr=0x3628000 write_len=2457600 is_color=1
xemu-perf: metal_surface_dirty vram_addr=0x3628000 size=2457600 write_addr=0x3628000 write_len=2457600 is_color=1
xemu-perf: metal_surface_dirty vram_addr=0x3628000 size=2457600 write_addr=0x3628000 write_len=2457600 is_color=1
xemu-perf: metal_screenshot_written path=/tmp/task16-repro3/swizzle-mipmap/metal/screenshots/swizzle-mipmap.0064.png w=640 h=480
xemu-perf: metal_surface_dirty vram_addr=0x3628000 size=2457600 write_addr=0x3628000 write_len=2457600 is_color=1
xemu-perf: metal_surface_dirty vram_addr=0x3628000 size=2457600 write_addr=0x3628000 write_len=2457600 is_color=1
xemu-perf: metal_surface_dirty vram_addr=0x3628000 size=2457600 write_addr=0x3628000 write_len=2457600 is_color=1
xemu-perf: metal_surface_dirty vram_addr=0x3628000 size=2457600 write_addr=0x3628000 write_len=2457600 is_color=1
xemu-perf: metal_surface_dirty vram_addr=0x3628000 size=2457600 write_addr=0x3628000 write_len=2457600 is_color=1
xemu-perf: metal_surface_dirty vram_addr=0x3628000 size=2457600 write_addr=0x3628000 write_len=2457600 is_color=1
xemu-perf: metal_surface_dirty vram_addr=0x3628000 size=2457600 write_addr=0x3628000 write_len=2457600 is_color=1
xemu-perf: metal_surface_dirty vram_addr=0x3628000 size=2457600 write_addr=0x3628000 write_len=2457600 is_color=1
xemu-perf: metal_screenshot_written path=/tmp/task16-repro3/swizzle-mipmap/metal/screenshots/swizzle-mipmap.0065.png w=640 h=480
xemu-perf: metal_surface_dirty vram_addr=0x3628000 size=2457600 write_addr=0x3628000 write_len=2457600 is_color=1
xemu-perf: metal_surface_dirty vram_addr=0x3628000 size=2457600 write_addr=0x3628000 write_len=2457600 is_color=1
xemu-perf: metal_surface_dirty vram_addr=0x3628000 size=2457600 write_addr=0x3628000 write_len=2457600 is_color=1
xemu-perf: metal_surface_dirty vram_addr=0x3628000 size=2457600 write_addr=0x3628000 write_len=2457600 is_color=1
xemu-perf: metal_surface_dirty vram_addr=0x3628000 size=2457600 write_addr=0x3628000 write_len=2457600 is_color=1
xemu-perf: interval_id=7 interval_start_us=197724907366 interval_end_us=197725923857 interval_ms=1016 frames=62 fps=60.99 mspf_avg=2.874 mspf_min=2.334 mspf_max=3.091 increment_fps=59 BEGIN_ENDS=124 NATIVE_TRI_DEPTH_DRAW=124 NATIVE_TRI_DEPTH_DRAW_SMOOTH=124 TCG_TB_EXEC_COUNT=13787 TCG_TB_INVALIDATE_COUNT=503 TCG_NOTDIRTY_TRIPS=184 TCG_NOTDIRTY_PAGES_HIT=3 TCG_TB_INVALIDATE_BURST_MAX=17 TCG_JMP_CACHE_ZEROED_BUCKETS=2540023 TCG_INVALIDATE_WALL_US_MAX=10 TCG_INVALIDATE_WALL_US_TOTAL=146 TCG_TB_LOOKUP_US_TOTAL=0 TCG_TB_GEN_CODE_US_TOTAL=0 TCG_HANDLE_INTERRUPT_US_TOTAL=0 TCG_XBOX_IDLE_LOOP_HITS=0 TCG_XBOX_IDLE_LOOP_YIELDS=0 TCG_XBOX_IDLE_LOOP_HALTS=0 MMIO_READ_COUNT=0 MMIO_READ_US_TOTAL=0 MMIO_READ_US_MAX=0 MMIO_READ_PGRAPH_COUNT=0 MMIO_READ_PGRAPH_US_TOTAL=0 MMIO_READ_PGRAPH_US_MAX=0 NV2A_VBLANK_FIRES=62 NV2A_FLIP_STALL_WRITES=62 NV2A_PRESENT_HEARTBEAT=62 XEMU_GL_SWAPS=0 RATE_SLEW_RATIO_E6=1000000 RATE_SLEW_ACTIVE=0 APU_LOCK_HOLD_US_TOTAL=43250 APU_VCPU_LOCK_WAIT_US_MAX=69 PFIFO_PUSHER_RUNS=201 PFIFO_PUSHER_STALLS=139 PFIFO_PUSHER_STALL_FLIP=0 PFIFO_PUSHER_STALL_NOP=129 PFIFO_PUSHER_STALL_FIFO=15 PFIFO_PULLER_CALLS=19542 PFIFO_PULLER_STALLS=62 PFIFO_PULLER_STALL_FLIP=62 PFIFO_PULLER_STALL_NOP=0 PFIFO_PULLER_STALL_CONTEXT=0 PFIFO_PULLER_STALL_FIFO=0 PFIFO_PUSHER_WORDS=62768 PFIFO_PULLER_METHOD_WORDS=49054 PFIFO_DMA_BACKLOG_BYTES_MAX=9200 PFIFO_USER_DMA_PUT_WRITES=70 PFIFO_USER_DMA_GET_WRITES=0 PFIFO_USER_DMA_PUT_READS=0 PFIFO_USER_DMA_GET_READS=4 PGRAPH_PATT_COLOR0_WRITES=0 PGRAPH_PATT_COLOR0_READS=0 PGRAPH_FLIP_STALL_SETS=62 PGRAPH_FLIP_STALL_CHECKS=124 PGRAPH_FLIP_STALL_STILL_WAITING=62 PGRAPH_FLIP_STALL_COMPLETES=62 METAL_DRAW_COUNT=124 METAL_DRAW_INDEXED_COUNT=62 METAL_NATIVE_TRI_DEPTH_DRAWS=124 METAL_NATIVE_QUAD_DRAWS=0 METAL_CLEAR_COUNT=62 METAL_GLSL_TRANSLATE=0 METAL_GLSL_TRANSLATE_FAIL=0 METAL_SHADER_VALIDATE_OK=0 METAL_SHADER_VALIDATE_FAIL=0 METAL_PIPELINE_HITS=124 METAL_PIPELINE_MISSES=0 METAL_PIPELINE_FAILED=0 METAL_TEX_UPLOADS_TOTAL=62 METAL_TEX_UPLOAD_BYTES_TOTAL=152371200 METAL_TEX_CACHE_HITS=62 METAL_TEX_CACHE_MISSES=62 METAL_PIPELINE_KEY_BUILT=124 METAL_PIPELINE_TRANSLATED_OK=124 METAL_PIPELINE_TRANSLATED_FAILED=0 METAL_DISPATCH_US_TOTAL=66609 METAL_TEX_BIND_US_TOTAL=63211 METAL_DRAW_ENCODE_US_TOTAL=2534 METAL_DRAW_PASS_OPENS=124 METAL_DRAW_PASS_COALESCED=0 METAL_DRAW_PASS_FLUSHES=124 METAL_OPEN_PASS_FLUSH_US_TOTAL=1879 METAL_TEX_UPLOAD_US_TOTAL=3531 METAL_DRAW_TRANSLATED=124 METAL_PIPELINE_FALLBACKS=0 METAL_UNIFORM_PACK=248 METAL_UNIFORM_BYTES=811456 METAL_SHADER_COMPILE_QUEUED_TOTAL=0 METAL_SHADER_COMPILE_COMPLETED_TOTAL=0 METAL_SHADER_COMPILE_FAILED_TOTAL=0 METAL_DRAWS_SKIPPED_PENDING_TOTAL=0 METAL_DRAWS_USING_UBERSHADER_TOTAL=0 METAL_SHADER_CACHE_LOADS=0 METAL_SHADER_CACHE_HITS=0 METAL_SHADER_CACHE_MISSES=0 METAL_PRESENTS=0 METAL_PRESENT_JITTER_US_TOTAL=0 METAL_PRESENT_JITTER_US_AVG=0 METAL_PRESENT_JITTER_US_MAX=0 METAL_DRAWABLE_ACQUIRE_FAILS=0 METAL_DISPLAY_LINK_CALLBACKS=0 METAL_MSAA_RESOLVE_COUNT=0 METAL_MSAA_RESOLVE_US_TOTAL=0 METAL_MSAA_SAMPLE_COUNT=1 METAL_FX_SPATIAL_PRESENTS=0 METAL_FX_SPATIAL_US_TOTAL=0 METAL_FX_SCALE_FACTOR=1 METAL_FX_SPATIAL_GPU_US_TOTAL=0 METAL_VERTEX_US_TOTAL=1774 METAL_FRAGMENT_US_TOTAL=2290 METAL_PRESENT_GPU_US_TOTAL=4878 METAL_PRESENT_GPU_FRAMES=124 METAL_CAPTURE_FRAMES=0 METAL_CAPTURE_ACTIVE=0 METAL_SCREENSHOTS_TAKEN=8 METAL_FRONT_FB_PUBLISHES=62 METAL_SURFACE_CACHE_SIZE=19 METAL_IMAGE_BLITS=0 METAL_SURFACE_VRAM_DIRTY_HITS=62 METAL_SURFACE_VRAM_UPLOADS=62 METAL_SURFACE_VRAM_UPLOAD_BYTES=152371200 METAL_SURFACE_RECREATE_SHAPE_MISMATCH=0 METAL_SURFACE_DOWNLOADS=62 METAL_SURFACE_DOWNLOAD_BYTES=152371200 METAL_SURFACE_DOWNLOAD_US_TOTAL=54711 METAL_DRAW_RT_DUMPS=0 METAL_SURFACE_GRAPH_DUMPS=0 METAL_SIBLING_SYNCS=0 METAL_SIBLING_SYNC_SKIPS=0 METAL_FLAT_QUAD_PROPAGATIONS=0 INPUT_USB_POLLS=0 INPUT_BACKEND_UPDATES=125 INPUT_LAT_US_TOTAL=0 INPUT_LAT_US_MAX=0 PIT_IRQ_TIMER_FIRES=2066 PIT_COALESCE_EVENTS=0 PIT_COALESCE_LATE_US_TOTAL=0 PIT_COALESCE_LATE_US_MAX=0 PIT_COALESCE_SKIPPED_TRANSITIONS=0
xemu-perf: metal_draw_target vram_addr=0x32a4000 count=62
xemu-perf: metal_draw_target vram_addr=0x3628000 count=62
xemu-perf: metal_surface_dirty vram_addr=0x3628000 size=2457600 write_addr=0x3628000 write_len=2457600 is_color=1
xemu-perf: metal_surface_dirty vram_addr=0x3628000 size=2457600 write_addr=0x3628000 write_len=2457600 is_color=1
xemu-perf: metal_screenshot_written path=/tmp/task16-repro3/swizzle-mipmap/metal/screenshots/swizzle-mipmap.0066.png w=640 h=480
xemu-perf: metal_surface_dirty vram_addr=0x3628000 size=2457600 write_addr=0x3628000 write_len=2457600 is_color=1
xemu-perf: metal_color_bind vram_addr=0x3bd4000 guest=640x480 scaled=640x480 pitch=2560 format=8
xemu-perf: metal_draw_target_first vram_addr=0x3bd4000 slot=11
xemu-perf: metal_attrib_stream slot=9 min=0 num=24 count=4 stride=44 src=0
xemu-perf:   slot=9 k=0 v=(0.2500, 0.2500, 0.0000, 1.0000)
xemu-perf:   slot=9 k=1 v=(0.2500, 0.2500, 0.0000, 1.0000)
xemu-perf:   slot=9 k=2 v=(0.2500, 0.2500, 0.0000, 1.0000)
xemu-perf:   slot=9 k=3 v=(0.2500, 0.2500, 0.0000, 1.0000)
xemu-perf:   slot=9 k=4 v=(0.2500, 0.2500, 0.0000, 1.0000)
xemu-perf:   slot=9 k=5 v=(0.2500, 0.2500, 0.0000, 1.0000)
xemu-perf:   slot=9 k=6 v=(0.7500, 0.2500, 0.0000, 1.0000)
xemu-perf:   slot=9 k=7 v=(0.7500, 0.2500, 0.0000, 1.0000)
xemu-perf:   slot=9 k=8 v=(0.7500, 0.2500, 0.0000, 1.0000)
xemu-perf:   slot=9 k=9 v=(0.7500, 0.2500, 0.0000, 1.0000)
xemu-perf:   slot=9 k=10 v=(0.7500, 0.2500, 0.0000, 1.0000)
xemu-perf:   slot=9 k=11 v=(0.7500, 0.2500, 0.0000, 1.0000)
xemu-perf:   slot=9 k=12 v=(0.2500, 0.7500, 0.0000, 1.0000)
xemu-perf:   slot=9 k=13 v=(0.2500, 0.7500, 0.0000, 1.0000)
xemu-perf:   slot=9 k=14 v=(0.2500, 0.7500, 0.0000, 1.0000)
xemu-perf:   slot=9 k=15 v=(0.2500, 0.7500, 0.0000, 1.0000)
xemu-perf:   slot=9 k=16 v=(0.2500, 0.7500, 0.0000, 1.0000)
xemu-perf:   slot=9 k=17 v=(0.2500, 0.7500, 0.0000, 1.0000)
xemu-perf:   slot=9 k=18 v=(0.7500, 0.7500, 0.0000, 1.0000)
xemu-perf:   slot=9 k=19 v=(0.7500, 0.7500, 0.0000, 1.0000)
xemu-perf:   slot=9 k=20 v=(0.7500, 0.7500, 0.0000, 1.0000)
xemu-perf:   slot=9 k=21 v=(0.7500, 0.7500, 0.0000, 1.0000)
xemu-perf:   slot=9 k=22 v=(0.7500, 0.7500, 0.0000, 1.0000)
xemu-perf:   slot=9 k=23 v=(0.7500, 0.7500, 0.0000, 1.0000)
xemu-perf: metal_set_attr_masks uniform_attrs=0xfdf6 [0]c=3,s=44 [1]c=0,s=0 [2]c=0,s=0 [3]c=4,s=44 [4]c=0,s=0 [9]c=4,s=44
xemu-perf: metal_attrib_stream slot=9 min=24 num=24 count=4 stride=44 src=0
xemu-perf:   slot=9 k=0 v=(0.2500, 0.2500, 0.0000, 1.0000)
xemu-perf:   slot=9 k=1 v=(0.2500, 0.2500, 0.0000, 1.0000)
xemu-perf:   slot=9 k=2 v=(0.2500, 0.2500, 0.0000, 1.0000)
xemu-perf:   slot=9 k=3 v=(0.2500, 0.2500, 0.0000, 1.0000)
xemu-perf:   slot=9 k=4 v=(0.2500, 0.2500, 0.0000, 1.0000)
xemu-perf:   slot=9 k=5 v=(0.2500, 0.2500, 0.0000, 1.0000)
xemu-perf:   slot=9 k=6 v=(0.7500, 0.2500, 0.0000, 1.0000)
xemu-perf:   slot=9 k=7 v=(0.7500, 0.2500, 0.0000, 1.0000)
xemu-perf:   slot=9 k=8 v=(0.7500, 0.2500, 0.0000, 1.0000)
xemu-perf:   slot=9 k=9 v=(0.7500, 0.2500, 0.0000, 1.0000)
xemu-perf:   slot=9 k=10 v=(0.7500, 0.2500, 0.0000, 1.0000)
xemu-perf:   slot=9 k=11 v=(0.7500, 0.2500, 0.0000, 1.0000)
xemu-perf:   slot=9 k=12 v=(0.2500, 0.7500, 0.0000, 1.0000)
xemu-perf:   slot=9 k=13 v=(0.2500, 0.7500, 0.0000, 1.0000)
xemu-perf:   slot=9 k=14 v=(0.2500, 0.7500, 0.0000, 1.0000)
xemu-perf:   slot=9 k=15 v=(0.2500, 0.7500, 0.0000, 1.0000)
xemu-perf:   slot=9 k=16 v=(0.2500, 0.7500, 0.0000, 1.0000)
xemu-perf:   slot=9 k=17 v=(0.2500, 0.7500, 0.0000, 1.0000)
xemu-perf:   slot=9 k=18 v=(0.7500, 0.7500, 0.0000, 1.0000)
xemu-perf:   slot=9 k=19 v=(0.7500, 0.7500, 0.0000, 1.0000)
xemu-perf:   slot=9 k=20 v=(0.7500, 0.7500, 0.0000, 1.0000)
xemu-perf:   slot=9 k=21 v=(0.7500, 0.7500, 0.0000, 1.0000)
xemu-perf:   slot=9 k=22 v=(0.7500, 0.7500, 0.0000, 1.0000)
xemu-perf:   slot=9 k=23 v=(0.7500, 0.7500, 0.0000, 1.0000)
xemu-perf: metal_set_attr_masks uniform_attrs=0xfdf6 [0]c=3,s=44 [1]c=0,s=0 [2]c=0,s=0 [3]c=4,s=44 [4]c=0,s=0 [9]c=4,s=44
xemu-perf: metal_attrib_stream slot=9 min=48 num=24 count=4 stride=44 src=0
xemu-perf:   slot=9 k=0 v=(0.2500, 0.2500, 0.0000, 1.0000)
xemu-perf:   slot=9 k=1 v=(0.2500, 0.2500, 0.0000, 1.0000)
xemu-perf:   slot=9 k=2 v=(0.2500, 0.2500, 0.0000, 1.0000)
xemu-perf:   slot=9 k=3 v=(0.2500, 0.2500, 0.0000, 1.0000)
xemu-perf:   slot=9 k=4 v=(0.2500, 0.2500, 0.0000, 1.0000)
xemu-perf:   slot=9 k=5 v=(0.2500, 0.2500, 0.0000, 1.0000)
xemu-perf:   slot=9 k=6 v=(0.7500, 0.2500, 0.0000, 1.0000)
xemu-perf:   slot=9 k=7 v=(0.7500, 0.2500, 0.0000, 1.0000)
xemu-perf:   slot=9 k=8 v=(0.7500, 0.2500, 0.0000, 1.0000)
xemu-perf:   slot=9 k=9 v=(0.7500, 0.2500, 0.0000, 1.0000)
xemu-perf:   slot=9 k=10 v=(0.7500, 0.2500, 0.0000, 1.0000)
xemu-perf:   slot=9 k=11 v=(0.7500, 0.2500, 0.0000, 1.0000)
xemu-perf:   slot=9 k=12 v=(0.2500, 0.7500, 0.0000, 1.0000)
xemu-perf:   slot=9 k=13 v=(0.2500, 0.7500, 0.0000, 1.0000)
xemu-perf:   slot=9 k=14 v=(0.2500, 0.7500, 0.0000, 1.0000)
xemu-perf:   slot=9 k=15 v=(0.2500, 0.7500, 0.0000, 1.0000)
xemu-perf:   slot=9 k=16 v=(0.2500, 0.7500, 0.0000, 1.0000)
xemu-perf:   slot=9 k=17 v=(0.2500, 0.7500, 0.0000, 1.0000)
xemu-perf:   slot=9 k=18 v=(0.7500, 0.7500, 0.0000, 1.0000)
xemu-perf:   slot=9 k=19 v=(0.7500, 0.7500, 0.0000, 1.0000)
xemu-perf:   slot=9 k=20 v=(0.7500, 0.7500, 0.0000, 1.0000)
xemu-perf:   slot=9 k=21 v=(0.7500, 0.7500, 0.0000, 1.0000)
xemu-perf:   slot=9 k=22 v=(0.7500, 0.7500, 0.0000, 1.0000)
xemu-perf:   slot=9 k=23 v=(0.7500, 0.7500, 0.0000, 1.0000)
xemu-perf: metal_set_attr_masks uniform_attrs=0xfdf6 [0]c=3,s=44 [1]c=0,s=0 [2]c=0,s=0 [3]c=4,s=44 [4]c=0,s=0 [9]c=4,s=44
xemu-perf: metal_attrib_stream slot=9 min=72 num=24 count=4 stride=44 src=0
xemu-perf:   slot=9 k=0 v=(0.2500, 0.2500, 0.0000, 1.0000)
xemu-perf:   slot=9 k=1 v=(0.2500, 0.2500, 0.0000, 1.0000)
xemu-perf:   slot=9 k=2 v=(0.2500, 0.2500, 0.0000, 1.0000)
xemu-perf:   slot=9 k=3 v=(0.2500, 0.2500, 0.0000, 1.0000)
xemu-perf:   slot=9 k=4 v=(0.2500, 0.2500, 0.0000, 1.0000)
xemu-perf:   slot=9 k=5 v=(0.2500, 0.2500, 0.0000, 1.0000)
xemu-perf:   slot=9 k=6 v=(0.7500, 0.2500, 0.0000, 1.0000)
xemu-perf:   slot=9 k=7 v=(0.7500, 0.2500, 0.0000, 1.0000)
xemu-perf:   slot=9 k=8 v=(0.7500, 0.2500, 0.0000, 1.0000)
xemu-perf:   slot=9 k=9 v=(0.7500, 0.2500, 0.0000, 1.0000)
xemu-perf:   slot=9 k=10 v=(0.7500, 0.2500, 0.0000, 1.0000)
xemu-perf:   slot=9 k=11 v=(0.7500, 0.2500, 0.0000, 1.0000)
xemu-perf:   slot=9 k=12 v=(0.2500, 0.7500, 0.0000, 1.0000)
xemu-perf:   slot=9 k=13 v=(0.2500, 0.7500, 0.0000, 1.0000)
xemu-perf:   slot=9 k=14 v=(0.2500, 0.7500, 0.0000, 1.0000)
xemu-perf:   slot=9 k=15 v=(0.2500, 0.7500, 0.0000, 1.0000)
xemu-perf:   slot=9 k=16 v=(0.2500, 0.7500, 0.0000, 1.0000)
xemu-perf:   slot=9 k=17 v=(0.2500, 0.7500, 0.0000, 1.0000)
xemu-perf:   slot=9 k=18 v=(0.7500, 0.7500, 0.0000, 1.0000)
xemu-perf:   slot=9 k=19 v=(0.7500, 0.7500, 0.0000, 1.0000)
xemu-perf:   slot=9 k=20 v=(0.7500, 0.7500, 0.0000, 1.0000)
xemu-perf:   slot=9 k=21 v=(0.7500, 0.7500, 0.0000, 1.0000)
xemu-perf:   slot=9 k=22 v=(0.7500, 0.7500, 0.0000, 1.0000)
xemu-perf:   slot=9 k=23 v=(0.7500, 0.7500, 0.0000, 1.0000)
xemu-perf: metal_set_attr_masks uniform_attrs=0xfdf6 [0]c=3,s=44 [1]c=0,s=0 [2]c=0,s=0 [3]c=4,s=44 [4]c=0,s=0 [9]c=4,s=44
xemu-perf: metal_attrib_stream slot=9 min=96 num=24 count=4 stride=44 src=0
xemu-perf:   slot=9 k=0 v=(0.2500, 0.2500, 0.0000, 1.0000)
xemu-perf:   slot=9 k=1 v=(0.2500, 0.2500, 0.0000, 1.0000)
xemu-perf:   slot=9 k=2 v=(0.2500, 0.2500, 0.0000, 1.0000)
xemu-perf:   slot=9 k=3 v=(0.2500, 0.2500, 0.0000, 1.0000)
xemu-perf:   slot=9 k=4 v=(0.2500, 0.2500, 0.0000, 1.0000)
xemu-perf:   slot=9 k=5 v=(0.2500, 0.2500, 0.0000, 1.0000)
xemu-perf:   slot=9 k=6 v=(0.7500, 0.2500, 0.0000, 1.0000)
xemu-perf:   slot=9 k=7 v=(0.7500, 0.2500, 0.0000, 1.0000)
xemu-perf:   slot=9 k=8 v=(0.7500, 0.2500, 0.0000, 1.0000)
xemu-perf:   slot=9 k=9 v=(0.7500, 0.2500, 0.0000, 1.0000)
xemu-perf:   slot=9 k=10 v=(0.7500, 0.2500, 0.0000, 1.0000)
xemu-perf:   slot=9 k=11 v=(0.7500, 0.2500, 0.0000, 1.0000)
xemu-perf:   slot=9 k=12 v=(0.2500, 0.7500, 0.0000, 1.0000)
xemu-perf:   slot=9 k=13 v=(0.2500, 0.7500, 0.0000, 1.0000)
xemu-perf:   slot=9 k=14 v=(0.2500, 0.7500, 0.0000, 1.0000)
xemu-perf:   slot=9 k=15 v=(0.2500, 0.7500, 0.0000, 1.0000)
xemu-perf:   slot=9 k=16 v=(0.2500, 0.7500, 0.0000, 1.0000)
xemu-perf:   slot=9 k=17 v=(0.2500, 0.7500, 0.0000, 1.0000)
xemu-perf:   slot=9 k=18 v=(0.7500, 0.7500, 0.0000, 1.0000)
xemu-perf:   slot=9 k=19 v=(0.7500, 0.7500, 0.0000, 1.0000)
xemu-perf:   slot=9 k=20 v=(0.7500, 0.7500, 0.0000, 1.0000)
xemu-perf:   slot=9 k=21 v=(0.7500, 0.7500, 0.0000, 1.0000)
xemu-perf:   slot=9 k=22 v=(0.7500, 0.7500, 0.0000, 1.0000)
xemu-perf:   slot=9 k=23 v=(0.7500, 0.7500, 0.0000, 1.0000)
xemu-perf: metal_set_attr_masks uniform_attrs=0xfdf6 [0]c=3,s=44 [1]c=0,s=0 [2]c=0,s=0 [3]c=4,s=44 [4]c=0,s=0 [9]c=4,s=44
xemu-perf: metal_attrib_stream slot=9 min=120 num=24 count=4 stride=44 src=0
xemu-perf:   slot=9 k=0 v=(0.2500, 0.2500, 0.0000, 1.0000)
xemu-perf:   slot=9 k=1 v=(0.2500, 0.2500, 0.0000, 1.0000)
xemu-perf:   slot=9 k=2 v=(0.2500, 0.2500, 0.0000, 1.0000)
xemu-perf:   slot=9 k=3 v=(0.2500, 0.2500, 0.0000, 1.0000)
xemu-perf:   slot=9 k=4 v=(0.2500, 0.2500, 0.0000, 1.0000)
xemu-perf:   slot=9 k=5 v=(0.2500, 0.2500, 0.0000, 1.0000)
xemu-perf:   slot=9 k=6 v=(0.7500, 0.2500, 0.0000, 1.0000)
xemu-perf:   slot=9 k=7 v=(0.7500, 0.2500, 0.0000, 1.0000)
xemu-perf:   slot=9 k=8 v=(0.7500, 0.2500, 0.0000, 1.0000)
xemu-perf:   slot=9 k=9 v=(0.7500, 0.2500, 0.0000, 1.0000)
xemu-perf:   slot=9 k=10 v=(0.7500, 0.2500, 0.0000, 1.0000)
xemu-perf:   slot=9 k=11 v=(0.7500, 0.2500, 0.0000, 1.0000)
xemu-perf:   slot=9 k=12 v=(0.2500, 0.7500, 0.0000, 1.0000)
xemu-perf:   slot=9 k=13 v=(0.2500, 0.7500, 0.0000, 1.0000)
xemu-perf:   slot=9 k=14 v=(0.2500, 0.7500, 0.0000, 1.0000)
xemu-perf:   slot=9 k=15 v=(0.2500, 0.7500, 0.0000, 1.0000)
xemu-perf:   slot=9 k=16 v=(0.2500, 0.7500, 0.0000, 1.0000)
xemu-perf:   slot=9 k=17 v=(0.2500, 0.7500, 0.0000, 1.0000)
xemu-perf:   slot=9 k=18 v=(0.7500, 0.7500, 0.0000, 1.0000)
xemu-perf:   slot=9 k=19 v=(0.7500, 0.7500, 0.0000, 1.0000)
xemu-perf:   slot=9 k=20 v=(0.7500, 0.7500, 0.0000, 1.0000)
xemu-perf:   slot=9 k=21 v=(0.7500, 0.7500, 0.0000, 1.0000)
xemu-perf:   slot=9 k=22 v=(0.7500, 0.7500, 0.0000, 1.0000)
xemu-perf:   slot=9 k=23 v=(0.7500, 0.7500, 0.0000, 1.0000)
xemu-perf: metal_set_attr_masks uniform_attrs=0xfdf6 [0]c=3,s=44 [1]c=0,s=0 [2]c=0,s=0 [3]c=4,s=44 [4]c=0,s=0 [9]c=4,s=44
xemu-perf: metal_attrib_stream slot=9 min=144 num=24 count=4 stride=44 src=0
xemu-perf:   slot=9 k=0 v=(0.2500, 0.2500, 0.0000, 1.0000)
xemu-perf:   slot=9 k=1 v=(0.2500, 0.2500, 0.0000, 1.0000)
xemu-perf:   slot=9 k=2 v=(0.2500, 0.2500, 0.0000, 1.0000)
xemu-perf:   slot=9 k=3 v=(0.2500, 0.2500, 0.0000, 1.0000)
xemu-perf:   slot=9 k=4 v=(0.2500, 0.2500, 0.0000, 1.0000)
xemu-perf:   slot=9 k=5 v=(0.2500, 0.2500, 0.0000, 1.0000)
xemu-perf:   slot=9 k=6 v=(0.7500, 0.2500, 0.0000, 1.0000)
xemu-perf:   slot=9 k=7 v=(0.7500, 0.2500, 0.0000, 1.0000)
xemu-perf:   slot=9 k=8 v=(0.7500, 0.2500, 0.0000, 1.0000)
xemu-perf:   slot=9 k=9 v=(0.7500, 0.2500, 0.0000, 1.0000)
xemu-perf:   slot=9 k=10 v=(0.7500, 0.2500, 0.0000, 1.0000)
xemu-perf:   slot=9 k=11 v=(0.7500, 0.2500, 0.0000, 1.0000)
xemu-perf:   slot=9 k=12 v=(0.2500, 0.7500, 0.0000, 1.0000)
xemu-perf:   slot=9 k=13 v=(0.2500, 0.7500, 0.0000, 1.0000)
xemu-perf:   slot=9 k=14 v=(0.2500, 0.7500, 0.0000, 1.0000)
xemu-perf:   slot=9 k=15 v=(0.2500, 0.7500, 0.0000, 1.0000)
xemu-perf:   slot=9 k=16 v=(0.2500, 0.7500, 0.0000, 1.0000)
xemu-perf:   slot=9 k=17 v=(0.2500, 0.7500, 0.0000, 1.0000)
xemu-perf:   slot=9 k=18 v=(0.7500, 0.7500, 0.0000, 1.0000)
xemu-perf:   slot=9 k=19 v=(0.7500, 0.7500, 0.0000, 1.0000)
xemu-perf:   slot=9 k=20 v=(0.7500, 0.7500, 0.0000, 1.0000)
xemu-perf:   slot=9 k=21 v=(0.7500, 0.7500, 0.0000, 1.0000)
xemu-perf:   slot=9 k=22 v=(0.7500, 0.7500, 0.0000, 1.0000)
xemu-perf:   slot=9 k=23 v=(0.7500, 0.7500, 0.0000, 1.0000)
xemu-perf: metal_set_attr_masks uniform_attrs=0xfdf6 [0]c=3,s=44 [1]c=0,s=0 [2]c=0,s=0 [3]c=4,s=44 [4]c=0,s=0 [9]c=4,s=44
xemu-perf: metal_unswizzle_dump w=64 h=64 Q0=(B00 G00 Rff Aff) Q1=(B00 Gff R00 Aff) Q2=(Bff G00 R00 Aff) Q3=(B00 Gff Rff Aff)
xemu-perf: metal_unswizzle_dump w=32 h=32 Q0=(B00 G00 Rdf Aff) Q1=(B00 Gdf R00 Aff) Q2=(Bdf G00 R00 Aff) Q3=(B00 Gdf Rdf Aff)
xemu-perf: metal_unswizzle_dump w=16 h=16 Q0=(B00 G00 Rbf Aff) Q1=(B00 Gbf R00 Aff) Q2=(Bbf G00 R00 Aff) Q3=(B00 Gbf Rbf Aff)
xemu-perf: metal_unswizzle_dump w=8 h=8 Q0=(B00 G00 R9f Aff) Q1=(B00 G9f R00 Aff) Q2=(B9f G00 R00 Aff) Q3=(B00 G9f R9f Aff)
xemu-perf: metal_unswizzle_dump w=4 h=4 Q0=(B00 G00 R7f Aff) Q1=(B00 G7f R00 Aff) Q2=(B7f G00 R00 Aff) Q3=(B00 G7f R7f Aff)
xemu-perf: metal_unswizzle_dump w=2 h=2 Q0=(B00 G00 R5f Aff) Q1=(B00 G5f R00 Aff) Q2=(B5f G00 R00 Aff) Q3=(B00 G5f R5f Aff)
xemu-perf: metal_color_bind vram_addr=0x3d00000 guest=640x480 scaled=640x480 pitch=2560 format=8
xemu-perf: metal_draw_target_first vram_addr=0x3d00000 slot=12
xemu-perf: metal_attrib_stream slot=9 min=0 num=24 count=4 stride=44 src=0
xemu-perf:   slot=9 k=0 v=(0.2500, 0.2500, 0.0000, 1.0000)
xemu-perf:   slot=9 k=1 v=(0.2500, 0.2500, 0.0000, 1.0000)
xemu-perf:   slot=9 k=2 v=(0.2500, 0.2500, 0.0000, 1.0000)
xemu-perf:   slot=9 k=3 v=(0.2500, 0.2500, 0.0000, 1.0000)
xemu-perf:   slot=9 k=4 v=(0.2500, 0.2500, 0.0000, 1.0000)
xemu-perf:   slot=9 k=5 v=(0.2500, 0.2500, 0.0000, 1.0000)
xemu-perf:   slot=9 k=6 v=(0.7500, 0.2500, 0.0000, 1.0000)
xemu-perf:   slot=9 k=7 v=(0.7500, 0.2500, 0.0000, 1.0000)
xemu-perf:   slot=9 k=8 v=(0.7500, 0.2500, 0.0000, 1.0000)
xemu-perf:   slot=9 k=9 v=(0.7500, 0.2500, 0.0000, 1.0000)
xemu-perf:   slot=9 k=10 v=(0.7500, 0.2500, 0.0000, 1.0000)
xemu-perf:   slot=9 k=11 v=(0.7500, 0.2500, 0.0000, 1.0000)
xemu-perf:   slot=9 k=12 v=(0.2500, 0.7500, 0.0000, 1.0000)
xemu-perf:   slot=9 k=13 v=(0.2500, 0.7500, 0.0000, 1.0000)
xemu-perf:   slot=9 k=14 v=(0.2500, 0.7500, 0.0000, 1.0000)
xemu-perf:   slot=9 k=15 v=(0.2500, 0.7500, 0.0000, 1.0000)
xemu-perf:   slot=9 k=16 v=(0.2500, 0.7500, 0.0000, 1.0000)
xemu-perf:   slot=9 k=17 v=(0.2500, 0.7500, 0.0000, 1.0000)
xemu-perf:   slot=9 k=18 v=(0.7500, 0.7500, 0.0000, 1.0000)
xemu-perf:   slot=9 k=19 v=(0.7500, 0.7500, 0.0000, 1.0000)
xemu-perf:   slot=9 k=20 v=(0.7500, 0.7500, 0.0000, 1.0000)
xemu-perf:   slot=9 k=21 v=(0.7500, 0.7500, 0.0000, 1.0000)
xemu-perf:   slot=9 k=22 v=(0.7500, 0.7500, 0.0000, 1.0000)
xemu-perf:   slot=9 k=23 v=(0.7500, 0.7500, 0.0000, 1.0000)
xemu-perf: metal_set_attr_masks uniform_attrs=0xfdf6 [0]c=3,s=44 [1]c=0,s=0 [2]c=0,s=0 [3]c=4,s=44 [4]c=0,s=0 [9]c=4,s=44
xemu-perf: metal_attrib_stream slot=9 min=24 num=24 count=4 stride=44 src=0
xemu-perf:   slot=9 k=0 v=(0.2500, 0.2500, 0.0000, 1.0000)
xemu-perf:   slot=9 k=1 v=(0.2500, 0.2500, 0.0000, 1.0000)
xemu-perf:   slot=9 k=2 v=(0.2500, 0.2500, 0.0000, 1.0000)
xemu-perf:   slot=9 k=3 v=(0.2500, 0.2500, 0.0000, 1.0000)
xemu-perf:   slot=9 k=4 v=(0.2500, 0.2500, 0.0000, 1.0000)
xemu-perf:   slot=9 k=5 v=(0.2500, 0.2500, 0.0000, 1.0000)
xemu-perf:   slot=9 k=6 v=(0.7500, 0.2500, 0.0000, 1.0000)
xemu-perf:   slot=9 k=7 v=(0.7500, 0.2500, 0.0000, 1.0000)
xemu-perf:   slot=9 k=8 v=(0.7500, 0.2500, 0.0000, 1.0000)
xemu-perf:   slot=9 k=9 v=(0.7500, 0.2500, 0.0000, 1.0000)
xemu-perf:   slot=9 k=10 v=(0.7500, 0.2500, 0.0000, 1.0000)
xemu-perf:   slot=9 k=11 v=(0.7500, 0.2500, 0.0000, 1.0000)
xemu-perf:   slot=9 k=12 v=(0.2500, 0.7500, 0.0000, 1.0000)
xemu-perf:   slot=9 k=13 v=(0.2500, 0.7500, 0.0000, 1.0000)
xemu-perf:   slot=9 k=14 v=(0.2500, 0.7500, 0.0000, 1.0000)
xemu-perf:   slot=9 k=15 v=(0.2500, 0.7500, 0.0000, 1.0000)
xemu-perf:   slot=9 k=16 v=(0.2500, 0.7500, 0.0000, 1.0000)
xemu-perf:   slot=9 k=17 v=(0.2500, 0.7500, 0.0000, 1.0000)
xemu-perf:   slot=9 k=18 v=(0.7500, 0.7500, 0.0000, 1.0000)
xemu-perf:   slot=9 k=19 v=(0.7500, 0.7500, 0.0000, 1.0000)
xemu-perf:   slot=9 k=20 v=(0.7500, 0.7500, 0.0000, 1.0000)
xemu-perf:   slot=9 k=21 v=(0.7500, 0.7500, 0.0000, 1.0000)
xemu-perf:   slot=9 k=22 v=(0.7500, 0.7500, 0.0000, 1.0000)
xemu-perf:   slot=9 k=23 v=(0.7500, 0.7500, 0.0000, 1.0000)
xemu-perf: metal_set_attr_masks uniform_attrs=0xfdf6 [0]c=3,s=44 [1]c=0,s=0 [2]c=0,s=0 [3]c=4,s=44 [4]c=0,s=0 [9]c=4,s=44
xemu-perf: metal_attrib_stream slot=9 min=48 num=24 count=4 stride=44 src=0
xemu-perf:   slot=9 k=0 v=(0.2500, 0.2500, 0.0000, 1.0000)
xemu-perf:   slot=9 k=1 v=(0.2500, 0.2500, 0.0000, 1.0000)
xemu-perf:   slot=9 k=2 v=(0.2500, 0.2500, 0.0000, 1.0000)
xemu-perf:   slot=9 k=3 v=(0.2500, 0.2500, 0.0000, 1.0000)
xemu-perf:   slot=9 k=4 v=(0.2500, 0.2500, 0.0000, 1.0000)
xemu-perf:   slot=9 k=5 v=(0.2500, 0.2500, 0.0000, 1.0000)
xemu-perf:   slot=9 k=6 v=(0.7500, 0.2500, 0.0000, 1.0000)
xemu-perf:   slot=9 k=7 v=(0.7500, 0.2500, 0.0000, 1.0000)
xemu-perf:   slot=9 k=8 v=(0.7500, 0.2500, 0.0000, 1.0000)
xemu-perf:   slot=9 k=9 v=(0.7500, 0.2500, 0.0000, 1.0000)
xemu-perf:   slot=9 k=10 v=(0.7500, 0.2500, 0.0000, 1.0000)
xemu-perf:   slot=9 k=11 v=(0.7500, 0.2500, 0.0000, 1.0000)
xemu-perf:   slot=9 k=12 v=(0.2500, 0.7500, 0.0000, 1.0000)
xemu-perf:   slot=9 k=13 v=(0.2500, 0.7500, 0.0000, 1.0000)
xemu-perf:   slot=9 k=14 v=(0.2500, 0.7500, 0.0000, 1.0000)
xemu-perf:   slot=9 k=15 v=(0.2500, 0.7500, 0.0000, 1.0000)
xemu-perf:   slot=9 k=16 v=(0.2500, 0.7500, 0.0000, 1.0000)
xemu-perf:   slot=9 k=17 v=(0.2500, 0.7500, 0.0000, 1.0000)
xemu-perf:   slot=9 k=18 v=(0.7500, 0.7500, 0.0000, 1.0000)
xemu-perf:   slot=9 k=19 v=(0.7500, 0.7500, 0.0000, 1.0000)
xemu-perf:   slot=9 k=20 v=(0.7500, 0.7500, 0.0000, 1.0000)
xemu-perf:   slot=9 k=21 v=(0.7500, 0.7500, 0.0000, 1.0000)
xemu-perf:   slot=9 k=22 v=(0.7500, 0.7500, 0.0000, 1.0000)
xemu-perf:   slot=9 k=23 v=(0.7500, 0.7500, 0.0000, 1.0000)
xemu-perf: metal_set_attr_masks uniform_attrs=0xfdf6 [0]c=3,s=44 [1]c=0,s=0 [2]c=0,s=0 [3]c=4,s=44 [4]c=0,s=0 [9]c=4,s=44
xemu-perf: metal_attrib_stream slot=9 min=72 num=24 count=4 stride=44 src=0
xemu-perf:   slot=9 k=0 v=(0.2500, 0.2500, 0.0000, 1.0000)
xemu-perf:   slot=9 k=1 v=(0.2500, 0.2500, 0.0000, 1.0000)
xemu-perf:   slot=9 k=2 v=(0.2500, 0.2500, 0.0000, 1.0000)
xemu-perf:   slot=9 k=3 v=(0.2500, 0.2500, 0.0000, 1.0000)
xemu-perf:   slot=9 k=4 v=(0.2500, 0.2500, 0.0000, 1.0000)
xemu-perf:   slot=9 k=5 v=(0.2500, 0.2500, 0.0000, 1.0000)
xemu-perf:   slot=9 k=6 v=(0.7500, 0.2500, 0.0000, 1.0000)
xemu-perf:   slot=9 k=7 v=(0.7500, 0.2500, 0.0000, 1.0000)
xemu-perf:   slot=9 k=8 v=(0.7500, 0.2500, 0.0000, 1.0000)
xemu-perf:   slot=9 k=9 v=(0.7500, 0.2500, 0.0000, 1.0000)
xemu-perf:   slot=9 k=10 v=(0.7500, 0.2500, 0.0000, 1.0000)
xemu-perf:   slot=9 k=11 v=(0.7500, 0.2500, 0.0000, 1.0000)
xemu-perf:   slot=9 k=12 v=(0.2500, 0.7500, 0.0000, 1.0000)
xemu-perf:   slot=9 k=13 v=(0.2500, 0.7500, 0.0000, 1.0000)
xemu-perf:   slot=9 k=14 v=(0.2500, 0.7500, 0.0000, 1.0000)
xemu-perf:   slot=9 k=15 v=(0.2500, 0.7500, 0.0000, 1.0000)
xemu-perf:   slot=9 k=16 v=(0.2500, 0.7500, 0.0000, 1.0000)
xemu-perf:   slot=9 k=17 v=(0.2500, 0.7500, 0.0000, 1.0000)
xemu-perf:   slot=9 k=18 v=(0.7500, 0.7500, 0.0000, 1.0000)
xemu-perf:   slot=9 k=19 v=(0.7500, 0.7500, 0.0000, 1.0000)
xemu-perf:   slot=9 k=20 v=(0.7500, 0.7500, 0.0000, 1.0000)
xemu-perf:   slot=9 k=21 v=(0.7500, 0.7500, 0.0000, 1.0000)
xemu-perf:   slot=9 k=22 v=(0.7500, 0.7500, 0.0000, 1.0000)
xemu-perf:   slot=9 k=23 v=(0.7500, 0.7500, 0.0000, 1.0000)
xemu-perf: metal_set_attr_masks uniform_attrs=0xfdf6 [0]c=3,s=44 [1]c=0,s=0 [2]c=0,s=0 [3]c=4,s=44 [4]c=0,s=0 [9]c=4,s=44
xemu-perf: metal_attrib_stream slot=9 min=96 num=24 count=4 stride=44 src=0
xemu-perf:   slot=9 k=0 v=(0.2500, 0.2500, 0.0000, 1.0000)
xemu-perf:   slot=9 k=1 v=(0.2500, 0.2500, 0.0000, 1.0000)
xemu-perf:   slot=9 k=2 v=(0.2500, 0.2500, 0.0000, 1.0000)
xemu-perf:   slot=9 k=3 v=(0.2500, 0.2500, 0.0000, 1.0000)
xemu-perf:   slot=9 k=4 v=(0.2500, 0.2500, 0.0000, 1.0000)
xemu-perf:   slot=9 k=5 v=(0.2500, 0.2500, 0.0000, 1.0000)
xemu-perf:   slot=9 k=6 v=(0.7500, 0.2500, 0.0000, 1.0000)
xemu-perf:   slot=9 k=7 v=(0.7500, 0.2500, 0.0000, 1.0000)
xemu-perf:   slot=9 k=8 v=(0.7500, 0.2500, 0.0000, 1.0000)
xemu-perf:   slot=9 k=9 v=(0.7500, 0.2500, 0.0000, 1.0000)
xemu-perf:   slot=9 k=10 v=(0.7500, 0.2500, 0.0000, 1.0000)
xemu-perf:   slot=9 k=11 v=(0.7500, 0.2500, 0.0000, 1.0000)
xemu-perf:   slot=9 k=12 v=(0.2500, 0.7500, 0.0000, 1.0000)
xemu-perf:   slot=9 k=13 v=(0.2500, 0.7500, 0.0000, 1.0000)
xemu-perf:   slot=9 k=14 v=(0.2500, 0.7500, 0.0000, 1.0000)
xemu-perf:   slot=9 k=15 v=(0.2500, 0.7500, 0.0000, 1.0000)
xemu-perf:   slot=9 k=16 v=(0.2500, 0.7500, 0.0000, 1.0000)
xemu-perf:   slot=9 k=17 v=(0.2500, 0.7500, 0.0000, 1.0000)
xemu-perf:   slot=9 k=18 v=(0.7500, 0.7500, 0.0000, 1.0000)
xemu-perf:   slot=9 k=19 v=(0.7500, 0.7500, 0.0000, 1.0000)
xemu-perf:   slot=9 k=20 v=(0.7500, 0.7500, 0.0000, 1.0000)
xemu-perf:   slot=9 k=21 v=(0.7500, 0.7500, 0.0000, 1.0000)
xemu-perf:   slot=9 k=22 v=(0.7500, 0.7500, 0.0000, 1.0000)
xemu-perf:   slot=9 k=23 v=(0.7500, 0.7500, 0.0000, 1.0000)
xemu-perf: metal_set_attr_masks uniform_attrs=0xfdf6 [0]c=3,s=44 [1]c=0,s=0 [2]c=0,s=0 [3]c=4,s=44 [4]c=0,s=0 [9]c=4,s=44
xemu-perf: metal_attrib_stream slot=9 min=120 num=24 count=4 stride=44 src=0
xemu-perf:   slot=9 k=0 v=(0.2500, 0.2500, 0.0000, 1.0000)
xemu-perf:   slot=9 k=1 v=(0.2500, 0.2500, 0.0000, 1.0000)
xemu-perf:   slot=9 k=2 v=(0.2500, 0.2500, 0.0000, 1.0000)
xemu-perf:   slot=9 k=3 v=(0.2500, 0.2500, 0.0000, 1.0000)
xemu-perf:   slot=9 k=4 v=(0.2500, 0.2500, 0.0000, 1.0000)
xemu-perf:   slot=9 k=5 v=(0.2500, 0.2500, 0.0000, 1.0000)
xemu-perf:   slot=9 k=6 v=(0.7500, 0.2500, 0.0000, 1.0000)
xemu-perf:   slot=9 k=7 v=(0.7500, 0.2500, 0.0000, 1.0000)
xemu-perf:   slot=9 k=8 v=(0.7500, 0.2500, 0.0000, 1.0000)
xemu-perf:   slot=9 k=9 v=(0.7500, 0.2500, 0.0000, 1.0000)
xemu-perf:   slot=9 k=10 v=(0.7500, 0.2500, 0.0000, 1.0000)
xemu-perf:   slot=9 k=11 v=(0.7500, 0.2500, 0.0000, 1.0000)
xemu-perf:   slot=9 k=12 v=(0.2500, 0.7500, 0.0000, 1.0000)
xemu-perf:   slot=9 k=13 v=(0.2500, 0.7500, 0.0000, 1.0000)
xemu-perf:   slot=9 k=14 v=(0.2500, 0.7500, 0.0000, 1.0000)
xemu-perf:   slot=9 k=15 v=(0.2500, 0.7500, 0.0000, 1.0000)
xemu-perf:   slot=9 k=16 v=(0.2500, 0.7500, 0.0000, 1.0000)
xemu-perf:   slot=9 k=17 v=(0.2500, 0.7500, 0.0000, 1.0000)
xemu-perf:   slot=9 k=18 v=(0.7500, 0.7500, 0.0000, 1.0000)
xemu-perf:   slot=9 k=19 v=(0.7500, 0.7500, 0.0000, 1.0000)
xemu-perf:   slot=9 k=20 v=(0.7500, 0.7500, 0.0000, 1.0000)
xemu-perf:   slot=9 k=21 v=(0.7500, 0.7500, 0.0000, 1.0000)
xemu-perf:   slot=9 k=22 v=(0.7500, 0.7500, 0.0000, 1.0000)
xemu-perf:   slot=9 k=23 v=(0.7500, 0.7500, 0.0000, 1.0000)
xemu-perf: metal_set_attr_masks uniform_attrs=0xfdf6 [0]c=3,s=44 [1]c=0,s=0 [2]c=0,s=0 [3]c=4,s=44 [4]c=0,s=0 [9]c=4,s=44
xemu-perf: metal_attrib_stream slot=9 min=144 num=24 count=4 stride=44 src=0
xemu-perf:   slot=9 k=0 v=(0.2500, 0.2500, 0.0000, 1.0000)
xemu-perf:   slot=9 k=1 v=(0.2500, 0.2500, 0.0000, 1.0000)
xemu-perf:   slot=9 k=2 v=(0.2500, 0.2500, 0.0000, 1.0000)
xemu-perf:   slot=9 k=3 v=(0.2500, 0.2500, 0.0000, 1.0000)
xemu-perf:   slot=9 k=4 v=(0.2500, 0.2500, 0.0000, 1.0000)
xemu-perf:   slot=9 k=5 v=(0.2500, 0.2500, 0.0000, 1.0000)
xemu-perf:   slot=9 k=6 v=(0.7500, 0.2500, 0.0000, 1.0000)
xemu-perf:   slot=9 k=7 v=(0.7500, 0.2500, 0.0000, 1.0000)
xemu-perf:   slot=9 k=8 v=(0.7500, 0.2500, 0.0000, 1.0000)
xemu-perf:   slot=9 k=9 v=(0.7500, 0.2500, 0.0000, 1.0000)
xemu-perf:   slot=9 k=10 v=(0.7500, 0.2500, 0.0000, 1.0000)
xemu-perf:   slot=9 k=11 v=(0.7500, 0.2500, 0.0000, 1.0000)
xemu-perf:   slot=9 k=12 v=(0.2500, 0.7500, 0.0000, 1.0000)
xemu-perf:   slot=9 k=13 v=(0.2500, 0.7500, 0.0000, 1.0000)
xemu-perf:   slot=9 k=14 v=(0.2500, 0.7500, 0.0000, 1.0000)
xemu-perf:   slot=9 k=15 v=(0.2500, 0.7500, 0.0000, 1.0000)
xemu-perf:   slot=9 k=16 v=(0.2500, 0.7500, 0.0000, 1.0000)
xemu-perf:   slot=9 k=17 v=(0.2500, 0.7500, 0.0000, 1.0000)
xemu-perf:   slot=9 k=18 v=(0.7500, 0.7500, 0.0000, 1.0000)
xemu-perf:   slot=9 k=19 v=(0.7500, 0.7500, 0.0000, 1.0000)
xemu-perf:   slot=9 k=20 v=(0.7500, 0.7500, 0.0000, 1.0000)
xemu-perf:   slot=9 k=21 v=(0.7500, 0.7500, 0.0000, 1.0000)
xemu-perf:   slot=9 k=22 v=(0.7500, 0.7500, 0.0000, 1.0000)
xemu-perf:   slot=9 k=23 v=(0.7500, 0.7500, 0.0000, 1.0000)
xemu-perf: metal_set_attr_masks uniform_attrs=0xfdf6 [0]c=3,s=44 [1]c=0,s=0 [2]c=0,s=0 [3]c=4,s=44 [4]c=0,s=0 [9]c=4,s=44
xemu-perf: metal_color_bind vram_addr=0x3aa8000 guest=640x480 scaled=640x480 pitch=2560 format=8
xemu-perf: metal_draw_target_first vram_addr=0x3aa8000 slot=13
xemu-perf: metal_attrib_stream slot=9 min=0 num=24 count=4 stride=44 src=0
xemu-perf:   slot=9 k=0 v=(0.2500, 0.2500, 0.0000, 1.0000)
xemu-perf:   slot=9 k=1 v=(0.2500, 0.2500, 0.0000, 1.0000)
xemu-perf:   slot=9 k=2 v=(0.2500, 0.2500, 0.0000, 1.0000)
xemu-perf:   slot=9 k=3 v=(0.2500, 0.2500, 0.0000, 1.0000)
xemu-perf:   slot=9 k=4 v=(0.2500, 0.2500, 0.0000, 1.0000)
xemu-perf:   slot=9 k=5 v=(0.2500, 0.2500, 0.0000, 1.0000)
xemu-perf:   slot=9 k=6 v=(0.7500, 0.2500, 0.0000, 1.0000)
xemu-perf:   slot=9 k=7 v=(0.7500, 0.2500, 0.0000, 1.0000)
xemu-perf:   slot=9 k=8 v=(0.7500, 0.2500, 0.0000, 1.0000)
xemu-perf:   slot=9 k=9 v=(0.7500, 0.2500, 0.0000, 1.0000)
xemu-perf:   slot=9 k=10 v=(0.7500, 0.2500, 0.0000, 1.0000)
xemu-perf:   slot=9 k=11 v=(0.7500, 0.2500, 0.0000, 1.0000)
xemu-perf:   slot=9 k=12 v=(0.2500, 0.7500, 0.0000, 1.0000)
xemu-perf:   slot=9 k=13 v=(0.2500, 0.7500, 0.0000, 1.0000)
xemu-perf:   slot=9 k=14 v=(0.2500, 0.7500, 0.0000, 1.0000)
xemu-perf:   slot=9 k=15 v=(0.2500, 0.7500, 0.0000, 1.0000)
xemu-perf:   slot=9 k=16 v=(0.2500, 0.7500, 0.0000, 1.0000)
xemu-perf:   slot=9 k=17 v=(0.2500, 0.7500, 0.0000, 1.0000)
xemu-perf:   slot=9 k=18 v=(0.7500, 0.7500, 0.0000, 1.0000)
xemu-perf:   slot=9 k=19 v=(0.7500, 0.7500, 0.0000, 1.0000)
xemu-perf:   slot=9 k=20 v=(0.7500, 0.7500, 0.0000, 1.0000)
xemu-perf:   slot=9 k=21 v=(0.7500, 0.7500, 0.0000, 1.0000)
xemu-perf:   slot=9 k=22 v=(0.7500, 0.7500, 0.0000, 1.0000)
xemu-perf:   slot=9 k=23 v=(0.7500, 0.7500, 0.0000, 1.0000)
xemu-perf: metal_set_attr_masks uniform_attrs=0xfdf6 [0]c=3,s=44 [1]c=0,s=0 [2]c=0,s=0 [3]c=4,s=44 [4]c=0,s=0 [9]c=4,s=44
xemu-perf: metal_attrib_stream slot=9 min=24 num=24 count=4 stride=44 src=0
xemu-perf:   slot=9 k=0 v=(0.2500, 0.2500, 0.0000, 1.0000)
xemu-perf:   slot=9 k=1 v=(0.2500, 0.2500, 0.0000, 1.0000)
xemu-perf:   slot=9 k=2 v=(0.2500, 0.2500, 0.0000, 1.0000)
xemu-perf:   slot=9 k=3 v=(0.2500, 0.2500, 0.0000, 1.0000)
xemu-perf:   slot=9 k=4 v=(0.2500, 0.2500, 0.0000, 1.0000)
xemu-perf:   slot=9 k=5 v=(0.2500, 0.2500, 0.0000, 1.0000)
xemu-perf:   slot=9 k=6 v=(0.7500, 0.2500, 0.0000, 1.0000)
xemu-perf:   slot=9 k=7 v=(0.7500, 0.2500, 0.0000, 1.0000)
xemu-perf:   slot=9 k=8 v=(0.7500, 0.2500, 0.0000, 1.0000)
xemu-perf:   slot=9 k=9 v=(0.7500, 0.2500, 0.0000, 1.0000)
xemu-perf:   slot=9 k=10 v=(0.7500, 0.2500, 0.0000, 1.0000)
xemu-perf:   slot=9 k=11 v=(0.7500, 0.2500, 0.0000, 1.0000)
xemu-perf:   slot=9 k=12 v=(0.2500, 0.7500, 0.0000, 1.0000)
xemu-perf:   slot=9 k=13 v=(0.2500, 0.7500, 0.0000, 1.0000)
xemu-perf:   slot=9 k=14 v=(0.2500, 0.7500, 0.0000, 1.0000)
xemu-perf:   slot=9 k=15 v=(0.2500, 0.7500, 0.0000, 1.0000)
xemu-perf:   slot=9 k=16 v=(0.2500, 0.7500, 0.0000, 1.0000)
xemu-perf:   slot=9 k=17 v=(0.2500, 0.7500, 0.0000, 1.0000)
xemu-perf:   slot=9 k=18 v=(0.7500, 0.7500, 0.0000, 1.0000)
xemu-perf:   slot=9 k=19 v=(0.7500, 0.7500, 0.0000, 1.0000)
xemu-perf:   slot=9 k=20 v=(0.7500, 0.7500, 0.0000, 1.0000)
xemu-perf:   slot=9 k=21 v=(0.7500, 0.7500, 0.0000, 1.0000)
xemu-perf:   slot=9 k=22 v=(0.7500, 0.7500, 0.0000, 1.0000)
xemu-perf:   slot=9 k=23 v=(0.7500, 0.7500, 0.0000, 1.0000)
xemu-perf: metal_set_attr_masks uniform_attrs=0xfdf6 [0]c=3,s=44 [1]c=0,s=0 [2]c=0,s=0 [3]c=4,s=44 [4]c=0,s=0 [9]c=4,s=44
xemu-perf: metal_set_attr_masks uniform_attrs=0xfdf6 [0]c=3,s=44 [1]c=0,s=0 [2]c=0,s=0 [3]c=4,s=44 [4]c=0,s=0 [9]c=4,s=44
xemu-perf: metal_set_attr_masks uniform_attrs=0xfdf6 [0]c=3,s=44 [1]c=0,s=0 [2]c=0,s=0 [3]c=4,s=44 [4]c=0,s=0 [9]c=4,s=44
xemu-perf: metal_set_attr_masks uniform_attrs=0xfdf6 [0]c=3,s=44 [1]c=0,s=0 [2]c=0,s=0 [3]c=4,s=44 [4]c=0,s=0 [9]c=4,s=44
xemu-perf: metal_set_attr_masks uniform_attrs=0xfdf6 [0]c=3,s=44 [1]c=0,s=0 [2]c=0,s=0 [3]c=4,s=44 [4]c=0,s=0 [9]c=4,s=44
xemu-perf: metal_set_attr_masks uniform_attrs=0xfdf6 [0]c=3,s=44 [1]c=0,s=0 [2]c=0,s=0 [3]c=4,s=44 [4]c=0,s=0 [9]c=4,s=44
xemu-perf: metal_set_attr_masks uniform_attrs=0xfdf6 [0]c=3,s=44 [1]c=0,s=0 [2]c=0,s=0 [3]c=4,s=44 [4]c=0,s=0 [9]c=4,s=44
xemu-perf: metal_set_attr_masks uniform_attrs=0xfdf6 [0]c=3,s=44 [1]c=0,s=0 [2]c=0,s=0 [3]c=4,s=44 [4]c=0,s=0 [9]c=4,s=44
xemu-perf: metal_set_attr_masks uniform_attrs=0xfdf6 [0]c=3,s=44 [1]c=0,s=0 [2]c=0,s=0 [3]c=4,s=44 [4]c=0,s=0 [9]c=4,s=44
xemu-perf: metal_set_attr_masks uniform_attrs=0xfdf6 [0]c=3,s=44 [1]c=0,s=0 [2]c=0,s=0 [3]c=4,s=44 [4]c=0,s=0 [9]c=4,s=44
xemu-perf: metal_set_attr_masks uniform_attrs=0xfdf6 [0]c=3,s=44 [1]c=0,s=0 [2]c=0,s=0 [3]c=4,s=44 [4]c=0,s=0 [9]c=4,s=44
xemu-perf: metal_set_attr_masks uniform_attrs=0xfdf6 [0]c=3,s=44 [1]c=0,s=0 [2]c=0,s=0 [3]c=4,s=44 [4]c=0,s=0 [9]c=4,s=44
xemu-perf: metal_set_attr_masks uniform_attrs=0xfdf6 [0]c=3,s=44 [1]c=0,s=0 [2]c=0,s=0 [3]c=4,s=44 [4]c=0,s=0 [9]c=4,s=44
xemu-perf: metal_screenshot_written path=/tmp/task16-repro3/swizzle-mipmap/metal/screenshots/swizzle-mipmap.0067.png w=640 h=480
xemu-perf: metal_set_attr_masks uniform_attrs=0xfdf6 [0]c=3,s=44 [1]c=0,s=0 [2]c=0,s=0 [3]c=4,s=44 [4]c=0,s=0 [9]c=4,s=44
xemu-perf: metal_set_attr_masks uniform_attrs=0xfdf6 [0]c=3,s=44 [1]c=0,s=0 [2]c=0,s=0 [3]c=4,s=44 [4]c=0,s=0 [9]c=4,s=44
xemu-perf: metal_set_attr_masks uniform_attrs=0xfdf6 [0]c=3,s=44 [1]c=0,s=0 [2]c=0,s=0 [3]c=4,s=44 [4]c=0,s=0 [9]c=4,s=44
xemu-perf: metal_set_attr_masks uniform_attrs=0xfdf6 [0]c=3,s=44 [1]c=0,s=0 [2]c=0,s=0 [3]c=4,s=44 [4]c=0,s=0 [9]c=4,s=44
xemu-perf: metal_screenshot_written path=/tmp/task16-repro3/swizzle-mipmap/metal/screenshots/swizzle-mipmap.0068.png w=640 h=480
xemu-perf: metal_screenshot_written path=/tmp/task16-repro3/swizzle-mipmap/metal/screenshots/swizzle-mipmap.0069.png w=640 h=480
xemu-perf: metal_screenshot_written path=/tmp/task16-repro3/swizzle-mipmap/metal/screenshots/swizzle-mipmap.0070.png w=640 h=480
xemu-perf: metal_screenshot_written path=/tmp/task16-repro3/swizzle-mipmap/metal/screenshots/swizzle-mipmap.0071.png w=640 h=480
xemu-perf: metal_screenshot_written path=/tmp/task16-repro3/swizzle-mipmap/metal/screenshots/swizzle-mipmap.0072.png w=640 h=480
xemu-perf: metal_screenshot_written path=/tmp/task16-repro3/swizzle-mipmap/metal/screenshots/swizzle-mipmap.0073.png w=640 h=480
xemu-perf: metal_screenshot_written path=/tmp/task16-repro3/swizzle-mipmap/metal/screenshots/swizzle-mipmap.0074.png w=640 h=480
xemu-perf: metal_screenshot_written path=/tmp/task16-repro3/swizzle-mipmap/metal/screenshots/swizzle-mipmap.0075.png w=640 h=480
xemu-perf: metal_screenshot_written path=/tmp/task16-repro3/swizzle-mipmap/metal/screenshots/swizzle-mipmap.0076.png w=640 h=480
xemu-perf: metal_screenshot_written path=/tmp/task16-repro3/swizzle-mipmap/metal/screenshots/swizzle-mipmap.0077.png w=640 h=480
xemu-perf: metal_screenshot_written path=/tmp/task16-repro3/swizzle-mipmap/metal/screenshots/swizzle-mipmap.0078.png w=640 h=480
xemu-perf: metal_screenshot_written path=/tmp/task16-repro3/swizzle-mipmap/metal/screenshots/swizzle-mipmap.0079.png w=640 h=480
xemu-perf: metal_screenshot_written path=/tmp/task16-repro3/swizzle-mipmap/metal/screenshots/swizzle-mipmap.0080.png w=640 h=480
xemu-perf: metal_screenshot_written path=/tmp/task16-repro3/swizzle-mipmap/metal/screenshots/swizzle-mipmap.0081.png w=640 h=480
xemu-perf: metal_screenshot_written path=/tmp/task16-repro3/swizzle-mipmap/metal/screenshots/swizzle-mipmap.0082.png w=640 h=480
xemu-perf: metal_screenshot_written path=/tmp/task16-repro3/swizzle-mipmap/metal/screenshots/swizzle-mipmap.0083.png w=640 h=480
xemu-perf: metal_screenshot_written path=/tmp/task16-repro3/swizzle-mipmap/metal/screenshots/swizzle-mipmap.0084.png w=640 h=480
xemu-perf: metal_screenshot_written path=/tmp/task16-repro3/swizzle-mipmap/metal/screenshots/swizzle-mipmap.0085.png w=640 h=480
xemu-perf: metal_screenshot_written path=/tmp/task16-repro3/swizzle-mipmap/metal/screenshots/swizzle-mipmap.0086.png w=640 h=480
xemu-perf: metal_screenshot_written path=/tmp/task16-repro3/swizzle-mipmap/metal/screenshots/swizzle-mipmap.0087.png w=640 h=480
xemu-perf: metal_screenshot_written path=/tmp/task16-repro3/swizzle-mipmap/metal/screenshots/swizzle-mipmap.0088.png w=640 h=480
xemu-perf: metal_screenshot_written path=/tmp/task16-repro3/swizzle-mipmap/metal/screenshots/swizzle-mipmap.0089.png w=640 h=480
xemu-perf: metal_screenshot_written path=/tmp/task16-repro3/swizzle-mipmap/metal/screenshots/swizzle-mipmap.0090.png w=640 h=480
xemu-perf: metal_screenshot_written path=/tmp/task16-repro3/swizzle-mipmap/metal/screenshots/swizzle-mipmap.0091.png w=640 h=480
xemu-perf: metal_screenshot_written path=/tmp/task16-repro3/swizzle-mipmap/metal/screenshots/swizzle-mipmap.0092.png w=640 h=480
xemu-perf: metal_screenshot_written path=/tmp/task16-repro3/swizzle-mipmap/metal/screenshots/swizzle-mipmap.0093.png w=640 h=480
xemu-perf: metal_screenshot_written path=/tmp/task16-repro3/swizzle-mipmap/metal/screenshots/swizzle-mipmap.0094.png w=640 h=480
xemu-perf: metal_screenshot_written path=/tmp/task16-repro3/swizzle-mipmap/metal/screenshots/swizzle-mipmap.0095.png w=640 h=480
xemu-perf: metal_screenshot_written path=/tmp/task16-repro3/swizzle-mipmap/metal/screenshots/swizzle-mipmap.0096.png w=640 h=480
xemu-perf: metal_screenshot_written path=/tmp/task16-repro3/swizzle-mipmap/metal/screenshots/swizzle-mipmap.0097.png w=640 h=480
xemu-perf: metal_screenshot_written path=/tmp/task16-repro3/swizzle-mipmap/metal/screenshots/swizzle-mipmap.0098.png w=640 h=480
xemu-perf: metal_screenshot_written path=/tmp/task16-repro3/swizzle-mipmap/metal/screenshots/swizzle-mipmap.0099.png w=640 h=480
xemu-perf: metal_screenshot_written path=/tmp/task16-repro3/swizzle-mipmap/metal/screenshots/swizzle-mipmap.0100.png w=640 h=480
xemu-perf: metal_screenshot_written path=/tmp/task16-repro3/swizzle-mipmap/metal/screenshots/swizzle-mipmap.0101.png w=640 h=480
xemu-perf: metal_screenshot_written path=/tmp/task16-repro3/swizzle-mipmap/metal/screenshots/swizzle-mipmap.0102.png w=640 h=480
xemu-perf: metal_screenshot_written path=/tmp/task16-repro3/swizzle-mipmap/metal/screenshots/swizzle-mipmap.0103.png w=640 h=480
xemu-perf: metal_screenshot_written path=/tmp/task16-repro3/swizzle-mipmap/metal/screenshots/swizzle-mipmap.0104.png w=640 h=480
xemu-perf: metal_screenshot_written path=/tmp/task16-repro3/swizzle-mipmap/metal/screenshots/swizzle-mipmap.0105.png w=640 h=480
xemu-perf: metal_screenshot_written path=/tmp/task16-repro3/swizzle-mipmap/metal/screenshots/swizzle-mipmap.0106.png w=640 h=480
xemu-perf: metal_screenshot_written path=/tmp/task16-repro3/swizzle-mipmap/metal/screenshots/swizzle-mipmap.0107.png w=640 h=480
xemu-perf: metal_screenshot_written path=/tmp/task16-repro3/swizzle-mipmap/metal/screenshots/swizzle-mipmap.0108.png w=640 h=480
xemu-perf: metal_screenshot_written path=/tmp/task16-repro3/swizzle-mipmap/metal/screenshots/swizzle-mipmap.0109.png w=640 h=480
xemu-perf: metal_screenshot_written path=/tmp/task16-repro3/swizzle-mipmap/metal/screenshots/swizzle-mipmap.0110.png w=640 h=480
xemu-perf: metal_screenshot_written path=/tmp/task16-repro3/swizzle-mipmap/metal/screenshots/swizzle-mipmap.0111.png w=640 h=480
xemu-perf: metal_screenshot_written path=/tmp/task16-repro3/swizzle-mipmap/metal/screenshots/swizzle-mipmap.0112.png w=640 h=480
xemu-perf: metal_screenshot_written path=/tmp/task16-repro3/swizzle-mipmap/metal/screenshots/swizzle-mipmap.0113.png w=640 h=480
xemu-perf: metal_screenshot_written path=/tmp/task16-repro3/swizzle-mipmap/metal/screenshots/swizzle-mipmap.0114.png w=640 h=480
xemu-perf: metal_screenshot_written path=/tmp/task16-repro3/swizzle-mipmap/metal/screenshots/swizzle-mipmap.0115.png w=640 h=480
xemu-perf: metal_screenshot_written path=/tmp/task16-repro3/swizzle-mipmap/metal/screenshots/swizzle-mipmap.0116.png w=640 h=480
xemu-perf: metal_screenshot_written path=/tmp/task16-repro3/swizzle-mipmap/metal/screenshots/swizzle-mipmap.0117.png w=640 h=480
xemu-perf: metal_screenshot_written path=/tmp/task16-repro3/swizzle-mipmap/metal/screenshots/swizzle-mipmap.0118.png w=640 h=480
xemu-perf: metal_screenshot_written path=/tmp/task16-repro3/swizzle-mipmap/metal/screenshots/swizzle-mipmap.0119.png w=640 h=480
xemu-perf: metal_screenshot_written path=/tmp/task16-repro3/swizzle-mipmap/metal/screenshots/swizzle-mipmap.0120.png w=640 h=480
xemu-perf: metal_screenshot_written path=/tmp/task16-repro3/swizzle-mipmap/metal/screenshots/swizzle-mipmap.0121.png w=640 h=480
xemu-perf: metal_screenshot_written path=/tmp/task16-repro3/swizzle-mipmap/metal/screenshots/swizzle-mipmap.0122.png w=640 h=480
xemu-perf: metal_access_cb cb_n=1 addr=0x2555548 len=4 write=1
xemu-perf: metal_surface_dirty vram_addr=0x2454000 size=4194304 write_addr=0x2555548 write_len=4 is_color=1
xemu-perf: metal_access_cb cb_n=2 addr=0x2555548 len=4 write=0
xemu-perf: metal_access_cb cb_n=3 addr=0x2555558 len=4 write=1
xemu-perf: metal_access_cb cb_n=4 addr=0x2555558 len=4 write=0
xemu-perf: metal_surface_dirty vram_addr=0x397c000 size=1228800 write_addr=0x3994000 write_len=4 is_color=0
xemu-perf: metal_surface_dirty vram_addr=0x3aa8000 size=1228800 write_addr=0x3aa8000 write_len=4 is_color=1
xemu-perf: metal_screenshot_written path=/tmp/task16-repro3/swizzle-mipmap/metal/screenshots/swizzle-mipmap.0123.png w=640 h=480
xemu-perf: metal_surface_dirty vram_addr=0x3bd4000 size=1228800 write_addr=0x3bd4000 write_len=4 is_color=1
xemu-perf: metal_surface_dirty vram_addr=0x3d00000 size=1228800 write_addr=0x3d00000 write_len=4 is_color=1
xemu-perf: interval_id=8 interval_start_us=197725940562 interval_end_us=197733161484 interval_ms=7220 frames=3 fps=0.42 mspf_avg=709.822 mspf_min=2.826 mspf_max=2123.790 increment_fps=59 BEGIN_ENDS=2106 NATIVE_TRI_DEPTH_DRAW=2106 NATIVE_TRI_DEPTH_DRAW_SMOOTH=2106 TCG_TB_EXEC_COUNT=667777988 TCG_TB_INVALIDATE_COUNT=19251 TCG_NOTDIRTY_TRIPS=399272 TCG_NOTDIRTY_PAGES_HIT=399240 TCG_TB_INVALIDATE_BURST_MAX=443 TCG_JMP_CACHE_ZEROED_BUCKETS=37399347 TCG_INVALIDATE_WALL_US_MAX=100 TCG_INVALIDATE_WALL_US_TOTAL=4079 TCG_TB_LOOKUP_US_TOTAL=0 TCG_TB_GEN_CODE_US_TOTAL=0 TCG_HANDLE_INTERRUPT_US_TOTAL=0 TCG_XBOX_IDLE_LOOP_HITS=0 TCG_XBOX_IDLE_LOOP_YIELDS=0 TCG_XBOX_IDLE_LOOP_HALTS=0 MMIO_READ_COUNT=0 MMIO_READ_US_TOTAL=0 MMIO_READ_US_MAX=0 MMIO_READ_PGRAPH_COUNT=0 MMIO_READ_PGRAPH_US_TOTAL=0 MMIO_READ_PGRAPH_US_MAX=0 NV2A_VBLANK_FIRES=434 NV2A_FLIP_STALL_WRITES=3 NV2A_PRESENT_HEARTBEAT=303 XEMU_GL_SWAPS=0 RATE_SLEW_RATIO_E6=1000000 RATE_SLEW_ACTIVE=0 APU_LOCK_HOLD_US_TOTAL=987 APU_VCPU_LOCK_WAIT_US_MAX=0 PFIFO_PUSHER_RUNS=7950 PFIFO_PUSHER_STALLS=6366 PFIFO_PUSHER_STALL_FLIP=0 PFIFO_PUSHER_STALL_NOP=6217 PFIFO_PUSHER_STALL_FIFO=251 PFIFO_PULLER_CALLS=42215 PFIFO_PULLER_STALLS=4 PFIFO_PULLER_STALL_FLIP=4 PFIFO_PULLER_STALL_NOP=0 PFIFO_PULLER_STALL_CONTEXT=0 PFIFO_PULLER_STALL_FIFO=0 PFIFO_PUSHER_WORDS=87557 PFIFO_PULLER_METHOD_WORDS=52907 PFIFO_DMA_BACKLOG_BYTES_MAX=65204224 PFIFO_USER_DMA_PUT_WRITES=9338 PFIFO_USER_DMA_GET_WRITES=0 PFIFO_USER_DMA_PUT_READS=0 PFIFO_USER_DMA_GET_READS=2261020 PGRAPH_PATT_COLOR0_WRITES=0 PGRAPH_PATT_COLOR0_READS=0 PGRAPH_FLIP_STALL_SETS=3 PGRAPH_FLIP_STALL_CHECKS=7 PGRAPH_FLIP_STALL_STILL_WAITING=4 PGRAPH_FLIP_STALL_COMPLETES=3 METAL_DRAW_COUNT=2106 METAL_DRAW_INDEXED_COUNT=2 METAL_NATIVE_TRI_DEPTH_DRAWS=2106 METAL_NATIVE_QUAD_DRAWS=0 METAL_CLEAR_COUNT=304 METAL_GLSL_TRANSLATE=0 METAL_GLSL_TRANSLATE_FAIL=0 METAL_SHADER_VALIDATE_OK=0 METAL_SHADER_VALIDATE_FAIL=0 METAL_PIPELINE_HITS=2104 METAL_PIPELINE_MISSES=2 METAL_PIPELINE_FAILED=0 METAL_TEX_UPLOADS_TOTAL=13 METAL_TEX_UPLOAD_BYTES_TOTAL=7562100 METAL_TEX_CACHE_HITS=2093 METAL_TEX_CACHE_MISSES=13 METAL_PIPELINE_KEY_BUILT=2106 METAL_PIPELINE_TRANSLATED_OK=2106 METAL_PIPELINE_TRANSLATED_FAILED=0 METAL_DISPATCH_US_TOTAL=24781 METAL_TEX_BIND_US_TOTAL=4589 METAL_DRAW_ENCODE_US_TOTAL=9399 METAL_DRAW_PASS_OPENS=313 METAL_DRAW_PASS_COALESCED=1793 METAL_DRAW_PASS_FLUSHES=305 METAL_OPEN_PASS_FLUSH_US_TOTAL=4112 METAL_TEX_UPLOAD_US_TOTAL=568 METAL_DRAW_TRANSLATED=2106 METAL_PIPELINE_FALLBACKS=0 METAL_UNIFORM_PACK=4212 METAL_UNIFORM_BYTES=13781664 METAL_SHADER_COMPILE_QUEUED_TOTAL=0 METAL_SHADER_COMPILE_COMPLETED_TOTAL=0 METAL_SHADER_COMPILE_FAILED_TOTAL=0 METAL_DRAWS_SKIPPED_PENDING_TOTAL=0 METAL_DRAWS_USING_UBERSHADER_TOTAL=0 METAL_SHADER_CACHE_LOADS=2 METAL_SHADER_CACHE_HITS=2 METAL_SHADER_CACHE_MISSES=0 METAL_PRESENTS=0 METAL_PRESENT_JITTER_US_TOTAL=0 METAL_PRESENT_JITTER_US_AVG=0 METAL_PRESENT_JITTER_US_MAX=0 METAL_DRAWABLE_ACQUIRE_FAILS=0 METAL_DISPLAY_LINK_CALLBACKS=0 METAL_MSAA_RESOLVE_COUNT=0 METAL_MSAA_RESOLVE_US_TOTAL=0 METAL_MSAA_SAMPLE_COUNT=1 METAL_FX_SPATIAL_PRESENTS=0 METAL_FX_SPATIAL_US_TOTAL=0 METAL_FX_SCALE_FACTOR=1 METAL_FX_SPATIAL_GPU_US_TOTAL=0 METAL_VERTEX_US_TOTAL=12698 METAL_FRAGMENT_US_TOTAL=16535 METAL_PRESENT_GPU_US_TOTAL=32856 METAL_PRESENT_GPU_FRAMES=869 METAL_CAPTURE_FRAMES=0 METAL_CAPTURE_ACTIVE=0 METAL_SCREENSHOTS_TAKEN=58 METAL_FRONT_FB_PUBLISHES=3 METAL_SURFACE_CACHE_SIZE=23 METAL_IMAGE_BLITS=0 METAL_SURFACE_VRAM_DIRTY_HITS=8 METAL_SURFACE_VRAM_UPLOADS=5 METAL_SURFACE_VRAM_UPLOAD_BYTES=8601600 METAL_SURFACE_RECREATE_SHAPE_MISMATCH=0 METAL_SURFACE_DOWNLOADS=4 METAL_SURFACE_DOWNLOAD_BYTES=8601600 METAL_SURFACE_DOWNLOAD_US_TOTAL=3374 METAL_DRAW_RT_DUMPS=0 METAL_SURFACE_GRAPH_DUMPS=0 METAL_SIBLING_SYNCS=0 METAL_SIBLING_SYNC_SKIPS=0 METAL_FLAT_QUAD_PROPAGATIONS=0 INPUT_USB_POLLS=0 INPUT_BACKEND_UPDATES=868 INPUT_LAT_US_TOTAL=0 INPUT_LAT_US_MAX=0 IDE_READ_SUBMITS=8 IDE_READ_COMPLETES=8 IDE_READ_BYTES=155648 IDE_READ_LAT_US_TOTAL=4587 IDE_READ_LAT_US_MAX=1313 IDE_READ_LAT_GT_16MS=0 IDE_READ_LAT_GT_33MS=0 IDE_READ_LAT_GT_50MS=0 IDE_READ_LAT_GT_100MS=0 IDE_READ_INFLIGHT_MAX=1 ATAPI_PIO_SYNC_READS=0 ATAPI_PIO_SYNC_BYTES=0 ATAPI_PIO_SYNC_US_TOTAL=0 ATAPI_PIO_SYNC_US_MAX=0 HELPER_RDTSC_CALLS=4304 PIT_IRQ_TIMER_FIRES=14442 PIT_COALESCE_EVENTS=0 PIT_COALESCE_LATE_US_TOTAL=0 PIT_COALESCE_LATE_US_MAX=0 PIT_COALESCE_SKIPPED_TRANSITIONS=0
xemu-perf: metal_draw_target vram_addr=0x32a4000 count=4
xemu-perf: metal_draw_target vram_addr=0x3628000 count=2
xemu-perf: metal_draw_target vram_addr=0x3bd4000 count=700
xemu-perf: metal_draw_target vram_addr=0x3d00000 count=700
xemu-perf: metal_draw_target vram_addr=0x3aa8000 count=700
xemu-perf: metal_screenshot_written path=/tmp/task16-repro3/swizzle-mipmap/metal/screenshots/swizzle-mipmap.0124.png w=640 h=480
xemu-perf: metal_screenshot_written path=/tmp/task16-repro3/swizzle-mipmap/metal/screenshots/swizzle-mipmap.0125.png w=640 h=480
xemu-perf: metal_surface_dirty vram_addr=0x2e06000 size=2097152 write_addr=0x2fe6400 write_len=4 is_color=1
xemu-perf: metal_surface_dirty vram_addr=0x2994000 size=262144 write_addr=0x29a4000 write_len=4 is_color=1
xemu-perf: metal_color_bind vram_addr=0x3ba1000 guest=1024x1024 scaled=1024x1024 pitch=4096 format=8
xemu-perf: metal_draw_target_first vram_addr=0x3ba1000 slot=14
xemu-perf: metal_screenshot_written path=/tmp/task16-repro3/swizzle-mipmap/metal/screenshots/swizzle-mipmap.0126.png w=640 h=480
xemu-perf: metal_surface_dirty vram_addr=0x3628000 size=2457600 write_addr=0x3628000 write_len=2457600 is_color=1
xemu-perf: metal_surface_dirty vram_addr=0x3628000 size=2457600 write_addr=0x3628000 write_len=2457600 is_color=1
xemu-perf: metal_surface_dirty vram_addr=0x3628000 size=2457600 write_addr=0x3628000 write_len=2457600 is_color=1
xemu-perf: metal_surface_dirty vram_addr=0x3628000 size=2457600 write_addr=0x3628000 write_len=2457600 is_color=1
xemu-perf: metal_surface_dirty vram_addr=0x3628000 size=2457600 write_addr=0x3628000 write_len=2457600 is_color=1
xemu-perf: metal_surface_dirty vram_addr=0x3628000 size=2457600 write_addr=0x3628000 write_len=2457600 is_color=1
xemu-perf: metal_surface_dirty vram_addr=0x3628000 size=2457600 write_addr=0x3628000 write_len=2457600 is_color=1
xemu-perf: metal_surface_dirty vram_addr=0x3628000 size=2457600 write_addr=0x3628000 write_len=2457600 is_color=1
xemu-perf: metal_screenshot_written path=/tmp/task16-repro3/swizzle-mipmap/metal/screenshots/swizzle-mipmap.0127.png w=640 h=480
xemu-perf: metal_surface_dirty vram_addr=0x3628000 size=2457600 write_addr=0x3628000 write_len=2457600 is_color=1
xemu-perf: metal_surface_dirty vram_addr=0x3628000 size=2457600 write_addr=0x3628000 write_len=2457600 is_color=1
xemu-perf: metal_surface_dirty vram_addr=0x3628000 size=2457600 write_addr=0x3628000 write_len=2457600 is_color=1
xemu-perf: metal_surface_dirty vram_addr=0x3628000 size=2457600 write_addr=0x3628000 write_len=2457600 is_color=1
xemu-perf: metal_surface_dirty vram_addr=0x3628000 size=2457600 write_addr=0x3628000 write_len=2457600 is_color=1
xemu-perf: metal_surface_dirty vram_addr=0x3628000 size=2457600 write_addr=0x3628000 write_len=2457600 is_color=1
xemu-perf: metal_surface_dirty vram_addr=0x3628000 size=2457600 write_addr=0x3628000 write_len=2457600 is_color=1
xemu-perf: metal_screenshot_written path=/tmp/task16-repro3/swizzle-mipmap/metal/screenshots/swizzle-mipmap.0128.png w=640 h=480
xemu-perf: metal_surface_dirty vram_addr=0x3628000 size=2457600 write_addr=0x3628000 write_len=2457600 is_color=1
xemu-perf: metal_surface_dirty vram_addr=0x3628000 size=2457600 write_addr=0x3628000 write_len=2457600 is_color=1
xemu-perf: metal_surface_dirty vram_addr=0x3628000 size=2457600 write_addr=0x3628000 write_len=2457600 is_color=1
xemu-perf: metal_surface_dirty vram_addr=0x3628000 size=2457600 write_addr=0x3628000 write_len=2457600 is_color=1
xemu-perf: metal_surface_dirty vram_addr=0x3628000 size=2457600 write_addr=0x3628000 write_len=2457600 is_color=1
xemu-perf: metal_surface_dirty vram_addr=0x3628000 size=2457600 write_addr=0x3628000 write_len=2457600 is_color=1
xemu-perf: metal_surface_dirty vram_addr=0x3628000 size=2457600 write_addr=0x3628000 write_len=2457600 is_color=1
xemu-perf: metal_surface_dirty vram_addr=0x3628000 size=2457600 write_addr=0x3628000 write_len=2457600 is_color=1
xemu-perf: metal_screenshot_written path=/tmp/task16-repro3/swizzle-mipmap/metal/screenshots/swizzle-mipmap.0129.png w=640 h=480
xemu-perf: metal_surface_dirty vram_addr=0x3628000 size=2457600 write_addr=0x3628000 write_len=2457600 is_color=1
xemu-perf: metal_surface_dirty vram_addr=0x3628000 size=2457600 write_addr=0x3628000 write_len=2457600 is_color=1
xemu-perf: metal_surface_dirty vram_addr=0x3628000 size=2457600 write_addr=0x3628000 write_len=2457600 is_color=1
xemu-perf: metal_surface_dirty vram_addr=0x3628000 size=2457600 write_addr=0x3628000 write_len=2457600 is_color=1
xemu-perf: metal_surface_dirty vram_addr=0x3628000 size=2457600 write_addr=0x3628000 write_len=2457600 is_color=1
xemu-perf: metal_surface_dirty vram_addr=0x3628000 size=2457600 write_addr=0x3628000 write_len=2457600 is_color=1
xemu-perf: metal_surface_dirty vram_addr=0x3628000 size=2457600 write_addr=0x3628000 write_len=2457600 is_color=1
xemu-perf: metal_screenshot_written path=/tmp/task16-repro3/swizzle-mipmap/metal/screenshots/swizzle-mipmap.0130.png w=640 h=480
xemu-perf: metal_surface_dirty vram_addr=0x3628000 size=2457600 write_addr=0x3628000 write_len=2457600 is_color=1
xemu-perf: metal_surface_dirty vram_addr=0x3628000 size=2457600 write_addr=0x3628000 write_len=2457600 is_color=1
xemu-perf: metal_surface_dirty vram_addr=0x3628000 size=2457600 write_addr=0x3628000 write_len=2457600 is_color=1
xemu-perf: metal_surface_dirty vram_addr=0x3ba1000 size=4194304 write_addr=0x3eb4000 write_len=1 is_color=1
xemu-perf: metal_surface_dirty vram_addr=0x3aa8000 size=1228800 write_addr=0x3aa8000 write_len=1 is_color=1
xemu-perf: metal_screenshot_written path=/tmp/task16-repro3/swizzle-mipmap/metal/screenshots/swizzle-mipmap.0131.png w=640 h=480
xemu-perf: metal_surface_dirty vram_addr=0x3ba1000 size=4194304 write_addr=0x3e2f280 write_len=4 is_color=1
xemu-perf: metal_surface_dirty vram_addr=0x3ba1000 size=4194304 write_addr=0x3e2f2b4 write_len=4 is_color=1
xemu-perf: metal_surface_dirty vram_addr=0x3ba1000 size=4194304 write_addr=0x3e2f2d0 write_len=4 is_color=1
xemu-perf: metal_unswizzle_dump w=64 h=64 Q0=(B00 G00 Rff Aff) Q1=(B00 Gff R00 Aff) Q2=(Bff G00 R00 Aff) Q3=(B00 Gff Rff Aff)
xemu-perf: metal_unswizzle_dump w=32 h=32 Q0=(B00 G00 Rdf Aff) Q1=(B00 Gdf R00 Aff) Q2=(Bdf G00 R00 Aff) Q3=(B00 Gdf Rdf Aff)
xemu-perf: metal_unswizzle_dump w=16 h=16 Q0=(B00 G00 Rbf Aff) Q1=(B00 Gbf R00 Aff) Q2=(Bbf G00 R00 Aff) Q3=(B00 Gbf Rbf Aff)
xemu-perf: metal_unswizzle_dump w=8 h=8 Q0=(B00 G00 R9f Aff) Q1=(B00 G9f R00 Aff) Q2=(B9f G00 R00 Aff) Q3=(B00 G9f R9f Aff)
xemu-perf: metal_unswizzle_dump w=4 h=4 Q0=(B00 G00 R7f Aff) Q1=(B00 G7f R00 Aff) Q2=(B7f G00 R00 Aff) Q3=(B00 G7f R7f Aff)
xemu-perf: metal_unswizzle_dump w=2 h=2 Q0=(B00 G00 R5f Aff) Q1=(B00 G5f R00 Aff) Q2=(B5f G00 R00 Aff) Q3=(B00 G5f R5f Aff)
xemu-perf: metal_surface_dirty vram_addr=0x3ba1000 size=4194304 write_addr=0x3e2f340 write_len=4 is_color=1
xemu-perf: metal_screenshot_written path=/tmp/task16-repro3/swizzle-mipmap/metal/screenshots/swizzle-mipmap.0132.png w=640 h=480
xemu-perf: metal_surface_dirty vram_addr=0x3ba1000 size=4194304 write_addr=0x3e2f290 write_len=4 is_color=1
xemu-perf: metal_surface_dirty vram_addr=0x3ba1000 size=4194304 write_addr=0x3e2f2d8 write_len=4 is_color=1
xemu-perf: metal_surface_dirty vram_addr=0x3ba1000 size=4194304 write_addr=0x3e2f320 write_len=4 is_color=1
xemu-perf: metal_surface_dirty vram_addr=0x3ba1000 size=4194304 write_addr=0x3e2f340 write_len=4 is_color=1
xemu-perf: metal_surface_dirty vram_addr=0x3ba1000 size=4194304 write_addr=0x3e2f2c0 write_len=4 is_color=1
xemu-perf: metal_surface_dirty vram_addr=0x3ba1000 size=4194304 write_addr=0x3e2f308 write_len=4 is_color=1
xemu-perf: metal_surface_dirty vram_addr=0x3ba1000 size=4194304 write_addr=0x3e2f340 write_len=4 is_color=1
xemu-perf: metal_surface_dirty vram_addr=0x3ba1000 size=4194304 write_addr=0x3e2f2a0 write_len=4 is_color=1
xemu-perf: metal_surface_dirty vram_addr=0x3ba1000 size=4194304 write_addr=0x3e2f2e0 write_len=4 is_color=1
xemu-perf: metal_surface_dirty vram_addr=0x3ba1000 size=4194304 write_addr=0x3e2f328 write_len=4 is_color=1
xemu-perf: metal_surface_dirty vram_addr=0x3ba1000 size=4194304 write_addr=0x3e2f340 write_len=4 is_color=1
xemu-perf: metal_surface_dirty vram_addr=0x3ba1000 size=4194304 write_addr=0x3e2f290 write_len=4 is_color=1
xemu-perf: metal_surface_dirty vram_addr=0x3ba1000 size=4194304 write_addr=0x3e2f2e0 write_len=4 is_color=1
xemu-perf: metal_surface_dirty vram_addr=0x3ba1000 size=4194304 write_addr=0x3e2f320 write_len=4 is_color=1
xemu-perf: metal_surface_dirty vram_addr=0x3ba1000 size=4194304 write_addr=0x3e2f340 write_len=4 is_color=1
xemu-perf: metal_surface_dirty vram_addr=0x3ba1000 size=4194304 write_addr=0x3e2f2a8 write_len=4 is_color=1
xemu-perf: metal_surface_dirty vram_addr=0x3ba1000 size=4194304 write_addr=0x3e2f308 write_len=4 is_color=1
xemu-perf: metal_surface_dirty vram_addr=0x3ba1000 size=4194304 write_addr=0x3e2f340 write_len=4 is_color=1
xemu-perf: metal_screenshot_written path=/tmp/task16-repro3/swizzle-mipmap/metal/screenshots/swizzle-mipmap.0133.png w=640 h=480
xemu-perf: metal_surface_dirty vram_addr=0x3ba1000 size=4194304 write_addr=0x3e2f288 write_len=4 is_color=1
xemu-perf: metal_surface_dirty vram_addr=0x3ba1000 size=4194304 write_addr=0x3e2f2e8 write_len=4 is_color=1
xemu-perf: metal_surface_dirty vram_addr=0x3ba1000 size=4194304 write_addr=0x3e2f340 write_len=4 is_color=1
xemu-perf: metal_surface_dirty vram_addr=0x3ba1000 size=4194304 write_addr=0x3e2f2c0 write_len=4 is_color=1
xemu-perf: metal_surface_dirty vram_addr=0x3ba1000 size=4194304 write_addr=0x3e2f300 write_len=4 is_color=1
xemu-perf: metal_surface_dirty vram_addr=0x3ba1000 size=4194304 write_addr=0x3e2f340 write_len=4 is_color=1
xemu-perf: metal_surface_dirty vram_addr=0x3ba1000 size=4194304 write_addr=0x3e2f288 write_len=4 is_color=1
xemu-perf: metal_surface_dirty vram_addr=0x3ba1000 size=4194304 write_addr=0x3e2f2e8 write_len=4 is_color=1
xemu-perf: metal_surface_dirty vram_addr=0x3ba1000 size=4194304 write_addr=0x3e2f340 write_len=4 is_color=1
xemu-perf: metal_surface_dirty vram_addr=0x3ba1000 size=4194304 write_addr=0x3e2f288 write_len=4 is_color=1
xemu-perf: metal_surface_dirty vram_addr=0x3ba1000 size=4194304 write_addr=0x3e2f300 write_len=4 is_color=1
xemu-perf: metal_surface_dirty vram_addr=0x3ba1000 size=4194304 write_addr=0x3e2f340 write_len=4 is_color=1
xemu-perf: metal_surface_dirty vram_addr=0x3ba1000 size=4194304 write_addr=0x3e2f290 write_len=4 is_color=1
xemu-perf: metal_surface_dirty vram_addr=0x3ba1000 size=4194304 write_addr=0x3e2f2e0 write_len=4 is_color=1
xemu-perf: metal_surface_dirty vram_addr=0x3ba1000 size=4194304 write_addr=0x3e2f328 write_len=4 is_color=1
xemu-perf: metal_surface_dirty vram_addr=0x3ba1000 size=4194304 write_addr=0x3e2f340 write_len=4 is_color=1
xemu-perf: metal_screenshot_written path=/tmp/task16-repro3/swizzle-mipmap/metal/screenshots/swizzle-mipmap.0134.png w=640 h=480
xemu-perf: metal_surface_dirty vram_addr=0x3ba1000 size=4194304 write_addr=0x3e2f290 write_len=4 is_color=1
xemu-perf: metal_surface_dirty vram_addr=0x3ba1000 size=4194304 write_addr=0x3e2f2c0 write_len=4 is_color=1
xemu-perf: metal_surface_dirty vram_addr=0x3ba1000 size=4194304 write_addr=0x3e2f300 write_len=4 is_color=1
xemu-perf: metal_surface_dirty vram_addr=0x3ba1000 size=4194304 write_addr=0x3e2f340 write_len=4 is_color=1
xemu-perf: metal_surface_dirty vram_addr=0x3ba1000 size=4194304 write_addr=0x3e2f2a8 write_len=4 is_color=1
xemu-perf: metal_surface_dirty vram_addr=0x3ba1000 size=4194304 write_addr=0x3e2f300 write_len=4 is_color=1
xemu-perf: metal_surface_dirty vram_addr=0x3ba1000 size=4194304 write_addr=0x3e2f340 write_len=4 is_color=1
xemu-perf: metal_surface_dirty vram_addr=0x3ba1000 size=4194304 write_addr=0x3e2f290 write_len=4 is_color=1
xemu-perf: metal_surface_dirty vram_addr=0x3ba1000 size=4194304 write_addr=0x3e2f2e0 write_len=4 is_color=1
xemu-perf: metal_surface_dirty vram_addr=0x3ba1000 size=4194304 write_addr=0x3e2f338 write_len=4 is_color=1
xemu-perf: metal_surface_dirty vram_addr=0x3ba1000 size=4194304 write_addr=0x3e2f340 write_len=4 is_color=1
xemu-perf: metal_surface_dirty vram_addr=0x3ba1000 size=4194304 write_addr=0x3e2f2c0 write_len=4 is_color=1
xemu-perf: metal_surface_dirty vram_addr=0x3ba1000 size=4194304 write_addr=0x3e2f300 write_len=4 is_color=1
xemu-perf: metal_surface_dirty vram_addr=0x3ba1000 size=4194304 write_addr=0x3e2f340 write_len=4 is_color=1
xemu-perf: metal_surface_dirty vram_addr=0x3ba1000 size=4194304 write_addr=0x3e2f2a8 write_len=4 is_color=1
xemu-perf: metal_surface_dirty vram_addr=0x3ba1000 size=4194304 write_addr=0x3e2f2e8 write_len=4 is_color=1
xemu-perf: metal_surface_dirty vram_addr=0x3ba1000 size=4194304 write_addr=0x3e2f340 write_len=4 is_color=1
xemu-perf: metal_screenshot_written path=/tmp/task16-repro3/swizzle-mipmap/metal/screenshots/swizzle-mipmap.0135.png w=640 h=480
xemu-perf: metal_surface_dirty vram_addr=0x3ba1000 size=4194304 write_addr=0x3e2f290 write_len=4 is_color=1
xemu-perf: metal_surface_dirty vram_addr=0x3ba1000 size=4194304 write_addr=0x3e2f2e8 write_len=4 is_color=1
xemu-perf: metal_surface_dirty vram_addr=0x3ba1000 size=4194304 write_addr=0x3e2f340 write_len=4 is_color=1
xemu-perf: metal_surface_dirty vram_addr=0x3ba1000 size=4194304 write_addr=0x3e2f288 write_len=4 is_color=1
xemu-perf: metal_surface_dirty vram_addr=0x3ba1000 size=4194304 write_addr=0x3e2f2e0 write_len=4 is_color=1
xemu-perf: metal_surface_dirty vram_addr=0x3ba1000 size=4194304 write_addr=0x3e2f328 write_len=4 is_color=1
xemu-perf: metal_surface_dirty vram_addr=0x3ba1000 size=4194304 write_addr=0x3e2f340 write_len=4 is_color=1
xemu-perf: metal_surface_dirty vram_addr=0x3ba1000 size=4194304 write_addr=0x3e2f2a0 write_len=4 is_color=1
xemu-perf: metal_surface_dirty vram_addr=0x3ba1000 size=4194304 write_addr=0x3e2f2e0 write_len=4 is_color=1
xemu-perf: metal_surface_dirty vram_addr=0x3ba1000 size=4194304 write_addr=0x3e2f330 write_len=4 is_color=1
xemu-perf: metal_surface_dirty vram_addr=0x3ba1000 size=4194304 write_addr=0x3e2f340 write_len=4 is_color=1
xemu-perf: metal_surface_dirty vram_addr=0x3ba1000 size=4194304 write_addr=0x3e2f29c write_len=4 is_color=1
xemu-perf: metal_surface_dirty vram_addr=0x3ba1000 size=4194304 write_addr=0x3e2f2c8 write_len=4 is_color=1
xemu-perf: metal_surface_dirty vram_addr=0x3ba1000 size=4194304 write_addr=0x3e2f320 write_len=4 is_color=1
xemu-perf: metal_surface_dirty vram_addr=0x3ba1000 size=4194304 write_addr=0x3e2f340 write_len=4 is_color=1
xemu-perf: metal_surface_dirty vram_addr=0x3ba1000 size=4194304 write_addr=0x3e2f288 write_len=4 is_color=1
xemu-perf: metal_surface_dirty vram_addr=0x3ba1000 size=4194304 write_addr=0x3e2f2e0 write_len=4 is_color=1
xemu-perf: metal_surface_dirty vram_addr=0x3ba1000 size=4194304 write_addr=0x3e2f340 write_len=4 is_color=1
xemu-perf: metal_screenshot_written path=/tmp/task16-repro3/swizzle-mipmap/metal/screenshots/swizzle-mipmap.0136.png w=640 h=480
xemu-perf: metal_surface_dirty vram_addr=0x3ba1000 size=4194304 write_addr=0x3e2f290 write_len=4 is_color=1
xemu-perf: metal_surface_dirty vram_addr=0x3ba1000 size=4194304 write_addr=0x3e2f2e0 write_len=4 is_color=1
xemu-perf: metal_surface_dirty vram_addr=0x3ba1000 size=4194304 write_addr=0x3e2f340 write_len=4 is_color=1
xemu-perf: metal_surface_dirty vram_addr=0x3ba1000 size=4194304 write_addr=0x3e2f2a8 write_len=4 is_color=1
xemu-perf: metal_surface_dirty vram_addr=0x3ba1000 size=4194304 write_addr=0x3e2f320 write_len=4 is_color=1
xemu-perf: metal_surface_dirty vram_addr=0x3ba1000 size=4194304 write_addr=0x3e2f340 write_len=4 is_color=1
xemu-perf: metal_surface_dirty vram_addr=0x3ba1000 size=4194304 write_addr=0x3e2f290 write_len=4 is_color=1
xemu-perf: metal_surface_dirty vram_addr=0x3ba1000 size=4194304 write_addr=0x3e2f2d8 write_len=4 is_color=1
xemu-perf: metal_surface_dirty vram_addr=0x3ba1000 size=4194304 write_addr=0x3e2f310 write_len=4 is_color=1
xemu-perf: metal_surface_dirty vram_addr=0x3ba1000 size=4194304 write_addr=0x3e2f340 write_len=4 is_color=1
xemu-perf: metal_surface_dirty vram_addr=0x3ba1000 size=4194304 write_addr=0x3e2f2a0 write_len=4 is_color=1
xemu-perf: metal_surface_dirty vram_addr=0x3ba1000 size=4194304 write_addr=0x3e2f2d0 write_len=4 is_color=1
xemu-perf: metal_surface_dirty vram_addr=0x3ba1000 size=4194304 write_addr=0x3e2f328 write_len=4 is_color=1
xemu-perf: metal_surface_dirty vram_addr=0x3ba1000 size=4194304 write_addr=0x3e2f340 write_len=4 is_color=1
xemu-perf: metal_surface_dirty vram_addr=0x3ba1000 size=4194304 write_addr=0x3e2f2a8 write_len=4 is_color=1
xemu-perf: metal_surface_dirty vram_addr=0x3ba1000 size=4194304 write_addr=0x3e2f2e8 write_len=4 is_color=1
xemu-perf: metal_surface_dirty vram_addr=0x3ba1000 size=4194304 write_addr=0x3e2f340 write_len=4 is_color=1
xemu-perf: metal_screenshot_written path=/tmp/task16-repro3/swizzle-mipmap/metal/screenshots/swizzle-mipmap.0137.png w=640 h=480
xemu-perf: metal_surface_dirty vram_addr=0x3ba1000 size=4194304 write_addr=0x3e2f290 write_len=4 is_color=1
xemu-perf: metal_surface_dirty vram_addr=0x3ba1000 size=4194304 write_addr=0x3e2f2c8 write_len=4 is_color=1
xemu-perf: metal_surface_dirty vram_addr=0x3ba1000 size=4194304 write_addr=0x3e2f320 write_len=4 is_color=1
xemu-perf: metal_surface_dirty vram_addr=0x3ba1000 size=4194304 write_addr=0x3e2f340 write_len=4 is_color=1
xemu-perf: metal_surface_dirty vram_addr=0x3ba1000 size=4194304 write_addr=0x3e2f290 write_len=4 is_color=1
xemu-perf: metal_surface_dirty vram_addr=0x3ba1000 size=4194304 write_addr=0x3e2f2e0 write_len=4 is_color=1
xemu-perf: metal_surface_dirty vram_addr=0x3ba1000 size=4194304 write_addr=0x3e2f340 write_len=4 is_color=1
xemu-perf: metal_surface_dirty vram_addr=0x3ba1000 size=4194304 write_addr=0x3e2f290 write_len=4 is_color=1
xemu-perf: metal_surface_dirty vram_addr=0x3ba1000 size=4194304 write_addr=0x3e2f2e0 write_len=4 is_color=1
xemu-perf: metal_surface_dirty vram_addr=0x3ba1000 size=4194304 write_addr=0x3e2f320 write_len=4 is_color=1
xemu-perf: metal_surface_dirty vram_addr=0x3ba1000 size=4194304 write_addr=0x3e2f340 write_len=4 is_color=1
xemu-perf: metal_surface_dirty vram_addr=0x3ba1000 size=4194304 write_addr=0x3e2f290 write_len=4 is_color=1
xemu-perf: metal_surface_dirty vram_addr=0x3ba1000 size=4194304 write_addr=0x3e2f2a8 write_len=4 is_color=1
xemu-perf: metal_surface_dirty vram_addr=0x3ba1000 size=4194304 write_addr=0x3e2f2f0 write_len=4 is_color=1
xemu-perf: metal_surface_dirty vram_addr=0x3ba1000 size=4194304 write_addr=0x3e2f340 write_len=4 is_color=1
xemu-perf: metal_surface_dirty vram_addr=0x3ba1000 size=4194304 write_addr=0x3e2f2a8 write_len=4 is_color=1
xemu-perf: metal_surface_dirty vram_addr=0x3ba1000 size=4194304 write_addr=0x3e2f318 write_len=4 is_color=1
xemu-perf: metal_surface_dirty vram_addr=0x3ba1000 size=4194304 write_addr=0x3e2f340 write_len=4 is_color=1
xemu-perf: metal_screenshot_written path=/tmp/task16-repro3/swizzle-mipmap/metal/screenshots/swizzle-mipmap.0138.png w=640 h=480
xemu-perf: metal_surface_dirty vram_addr=0x3ba1000 size=4194304 write_addr=0x3e2f290 write_len=4 is_color=1
xemu-perf: metal_surface_dirty vram_addr=0x3ba1000 size=4194304 write_addr=0x3e2f2e0 write_len=4 is_color=1
xemu-perf: metal_surface_dirty vram_addr=0x3ba1000 size=4194304 write_addr=0x3e2f328 write_len=4 is_color=1
xemu-perf: metal_surface_dirty vram_addr=0x3ba1000 size=4194304 write_addr=0x3e2f340 write_len=4 is_color=1
xemu-perf: metal_surface_dirty vram_addr=0x3ba1000 size=4194304 write_addr=0x3e2f2a0 write_len=4 is_color=1
xemu-perf: metal_surface_dirty vram_addr=0x3ba1000 size=4194304 write_addr=0x3e2f308 write_len=4 is_color=1
xemu-perf: metal_surface_dirty vram_addr=0x3ba1000 size=4194304 write_addr=0x3e2f340 write_len=4 is_color=1
xemu-perf: metal_surface_dirty vram_addr=0x3ba1000 size=4194304 write_addr=0x3e2f290 write_len=4 is_color=1
xemu-perf: metal_surface_dirty vram_addr=0x3ba1000 size=4194304 write_addr=0x3e2f2e0 write_len=4 is_color=1
xemu-perf: metal_surface_dirty vram_addr=0x3ba1000 size=4194304 write_addr=0x3e2f340 write_len=4 is_color=1
xemu-perf: metal_surface_dirty vram_addr=0x3ba1000 size=4194304 write_addr=0x3e2f2c0 write_len=4 is_color=1
xemu-perf: metal_surface_dirty vram_addr=0x3ba1000 size=4194304 write_addr=0x3e2f308 write_len=4 is_color=1
xemu-perf: metal_surface_dirty vram_addr=0x3ba1000 size=4194304 write_addr=0x3e2f340 write_len=4 is_color=1
xemu-perf: metal_surface_dirty vram_addr=0x3ba1000 size=4194304 write_addr=0x3e2f290 write_len=4 is_color=1
xemu-perf: metal_surface_dirty vram_addr=0x3ba1000 size=4194304 write_addr=0x3e2f2d0 write_len=4 is_color=1
xemu-perf: metal_surface_dirty vram_addr=0x3ba1000 size=4194304 write_addr=0x3e2f320 write_len=4 is_color=1
xemu-perf: metal_surface_dirty vram_addr=0x3ba1000 size=4194304 write_addr=0x3e2f340 write_len=4 is_color=1
xemu-perf: metal_screenshot_written path=/tmp/task16-repro3/swizzle-mipmap/metal/screenshots/swizzle-mipmap.0139.png w=640 h=480
xemu-perf: metal_surface_dirty vram_addr=0x3ba1000 size=4194304 write_addr=0x3e2f2c8 write_len=4 is_color=1
xemu-perf: metal_surface_dirty vram_addr=0x3ba1000 size=4194304 write_addr=0x3e2f310 write_len=4 is_color=1
xemu-perf: metal_surface_dirty vram_addr=0x3ba1000 size=4194304 write_addr=0x3e2f340 write_len=4 is_color=1
xemu-perf: metal_surface_dirty vram_addr=0x3ba1000 size=4194304 write_addr=0x3e2f2c0 write_len=4 is_color=1
xemu-perf: metal_surface_dirty vram_addr=0x3ba1000 size=4194304 write_addr=0x3e2f300 write_len=4 is_color=1
xemu-perf: metal_surface_dirty vram_addr=0x3ba1000 size=4194304 write_addr=0x3e2f340 write_len=4 is_color=1
xemu-perf: metal_surface_dirty vram_addr=0x3ba1000 size=4194304 write_addr=0x3e2f280 write_len=4 is_color=1
xemu-perf: metal_surface_dirty vram_addr=0x3ba1000 size=4194304 write_addr=0x3e2f2c8 write_len=4 is_color=1
xemu-perf: metal_surface_dirty vram_addr=0x3ba1000 size=4194304 write_addr=0x3e2f324 write_len=4 is_color=1
xemu-perf: metal_surface_dirty vram_addr=0x3ba1000 size=4194304 write_addr=0x3e2f340 write_len=4 is_color=1
xemu-perf: metal_surface_dirty vram_addr=0x3ba1000 size=4194304 write_addr=0x3e2f290 write_len=4 is_color=1
xemu-perf: metal_surface_dirty vram_addr=0x3ba1000 size=4194304 write_addr=0x3e2f2e0 write_len=4 is_color=1
xemu-perf: metal_surface_dirty vram_addr=0x3ba1000 size=4194304 write_addr=0x3e2f340 write_len=4 is_color=1
xemu-perf: metal_surface_dirty vram_addr=0x3ba1000 size=4194304 write_addr=0x3e2f2a8 write_len=4 is_color=1
xemu-perf: metal_surface_dirty vram_addr=0x3ba1000 size=4194304 write_addr=0x3e2f320 write_len=4 is_color=1
xemu-perf: metal_surface_dirty vram_addr=0x3ba1000 size=4194304 write_addr=0x3e2f340 write_len=4 is_color=1
xemu-perf: metal_screenshot_written path=/tmp/task16-repro3/swizzle-mipmap/metal/screenshots/swizzle-mipmap.0140.png w=640 h=480
xemu-perf: metal_surface_dirty vram_addr=0x3ba1000 size=4194304 write_addr=0x3e2f288 write_len=4 is_color=1
xemu-perf: metal_surface_dirty vram_addr=0x3ba1000 size=4194304 write_addr=0x3e2f2c8 write_len=4 is_color=1
xemu-perf: metal_surface_dirty vram_addr=0x3ba1000 size=4194304 write_addr=0x3e2f308 write_len=4 is_color=1
xemu-perf: metal_surface_dirty vram_addr=0x3ba1000 size=4194304 write_addr=0x3e2f340 write_len=4 is_color=1
xemu-perf: metal_surface_dirty vram_addr=0x3ba1000 size=4194304 write_addr=0x3e2f2c8 write_len=4 is_color=1
xemu-perf: metal_surface_dirty vram_addr=0x3ba1000 size=4194304 write_addr=0x3e2f300 write_len=4 is_color=1
xemu-perf: metal_surface_dirty vram_addr=0x3ba1000 size=4194304 write_addr=0x3e2f340 write_len=4 is_color=1
xemu-perf: metal_surface_dirty vram_addr=0x3ba1000 size=4194304 write_addr=0x3e2f2a0 write_len=4 is_color=1
xemu-perf: metal_surface_dirty vram_addr=0x3ba1000 size=4194304 write_addr=0x3e2f2e8 write_len=4 is_color=1
xemu-perf: metal_surface_dirty vram_addr=0x3ba1000 size=4194304 write_addr=0x3e2f340 write_len=4 is_color=1
xemu-perf: metal_surface_dirty vram_addr=0x3ba1000 size=4194304 write_addr=0x3e2f2a8 write_len=4 is_color=1
xemu-perf: metal_surface_dirty vram_addr=0x3ba1000 size=4194304 write_addr=0x3e2f2d0 write_len=4 is_color=1
xemu-perf: metal_surface_dirty vram_addr=0x3ba1000 size=4194304 write_addr=0x3e2f320 write_len=4 is_color=1
xemu-perf: metal_surface_dirty vram_addr=0x3ba1000 size=4194304 write_addr=0x3e2f340 write_len=4 is_color=1
xemu-perf: metal_surface_dirty vram_addr=0x3ba1000 size=4194304 write_addr=0x3e2f2c0 write_len=4 is_color=1
xemu-perf: metal_surface_dirty vram_addr=0x3ba1000 size=4194304 write_addr=0x3e2f300 write_len=4 is_color=1
xemu-perf: metal_surface_dirty vram_addr=0x3ba1000 size=4194304 write_addr=0x3e2f340 write_len=4 is_color=1
xemu-perf: metal_screenshot_written path=/tmp/task16-repro3/swizzle-mipmap/metal/screenshots/swizzle-mipmap.0141.png w=640 h=480
xemu-perf: metal_surface_dirty vram_addr=0x3ba1000 size=4194304 write_addr=0x3e2f2a0 write_len=4 is_color=1
xemu-perf: metal_surface_dirty vram_addr=0x3ba1000 size=4194304 write_addr=0x3e2f2e0 write_len=4 is_color=1
xemu-perf: metal_surface_dirty vram_addr=0x3ba1000 size=4194304 write_addr=0x3e2f328 write_len=4 is_color=1
xemu-perf: metal_surface_dirty vram_addr=0x3ba1000 size=4194304 write_addr=0x3e2f340 write_len=4 is_color=1
xemu-perf: metal_surface_dirty vram_addr=0x3ba1000 size=4194304 write_addr=0x3e2f288 write_len=4 is_color=1
xemu-perf: metal_surface_dirty vram_addr=0x3ba1000 size=4194304 write_addr=0x3e2f2c8 write_len=4 is_color=1
xemu-perf: metal_surface_dirty vram_addr=0x3ba1000 size=4194304 write_addr=0x3e2f320 write_len=4 is_color=1
xemu-perf: metal_surface_dirty vram_addr=0x3ba1000 size=4194304 write_addr=0x3e2f340 write_len=4 is_color=1
xemu-perf: metal_surface_dirty vram_addr=0x3ba1000 size=4194304 write_addr=0x3e2f280 write_len=4 is_color=1
xemu-perf: metal_surface_dirty vram_addr=0x3ba1000 size=4194304 write_addr=0x3e2f2c8 write_len=4 is_color=1
xemu-perf: metal_surface_dirty vram_addr=0x3ba1000 size=4194304 write_addr=0x3e2f320 write_len=4 is_color=1
xemu-perf: metal_surface_dirty vram_addr=0x3ba1000 size=4194304 write_addr=0x3e2f340 write_len=4 is_color=1
xemu-perf: metal_surface_dirty vram_addr=0x3ba1000 size=4194304 write_addr=0x3e2f280 write_len=4 is_color=1
xemu-perf: metal_surface_dirty vram_addr=0x3ba1000 size=4194304 write_addr=0x3e2f2c8 write_len=4 is_color=1
xemu-perf: metal_surface_dirty vram_addr=0x3ba1000 size=4194304 write_addr=0x3e2f320 write_len=4 is_color=1
xemu-perf: metal_surface_dirty vram_addr=0x3ba1000 size=4194304 write_addr=0x3e2f340 write_len=4 is_color=1
xemu-perf: metal_surface_dirty vram_addr=0x3ba1000 size=4194304 write_addr=0x3e2f2a0 write_len=4 is_color=1
xemu-perf: metal_surface_dirty vram_addr=0x3ba1000 size=4194304 write_addr=0x3e2f2e8 write_len=4 is_color=1
xemu-perf: metal_surface_dirty vram_addr=0x3ba1000 size=4194304 write_addr=0x3e2f340 write_len=4 is_color=1
xemu-perf: metal_screenshot_written path=/tmp/task16-repro3/swizzle-mipmap/metal/screenshots/swizzle-mipmap.0142.png w=640 h=480
xemu-perf: metal_surface_dirty vram_addr=0x3ba1000 size=4194304 write_addr=0x3e2f2c8 write_len=4 is_color=1
xemu-perf: metal_surface_dirty vram_addr=0x3ba1000 size=4194304 write_addr=0x3e2f320 write_len=4 is_color=1
xemu-perf: metal_surface_dirty vram_addr=0x3ba1000 size=4194304 write_addr=0x3e2f340 write_len=4 is_color=1
xemu-perf: metal_surface_dirty vram_addr=0x3ba1000 size=4194304 write_addr=0x3e2f2a8 write_len=4 is_color=1
xemu-perf: metal_surface_dirty vram_addr=0x3ba1000 size=4194304 write_addr=0x3e2f2c8 write_len=4 is_color=1
xemu-perf: metal_surface_dirty vram_addr=0x3ba1000 size=4194304 write_addr=0x3e2f328 write_len=4 is_color=1
xemu-perf: metal_surface_dirty vram_addr=0x3ba1000 size=4194304 write_addr=0x3e2f340 write_len=4 is_color=1
xemu-perf: metal_surface_dirty vram_addr=0x3ba1000 size=4194304 write_addr=0x3e2f290 write_len=4 is_color=1
xemu-perf: metal_surface_dirty vram_addr=0x3ba1000 size=4194304 write_addr=0x3e2f2c0 write_len=4 is_color=1
xemu-perf: metal_surface_dirty vram_addr=0x3ba1000 size=4194304 write_addr=0x3e2f300 write_len=4 is_color=1
xemu-perf: metal_surface_dirty vram_addr=0x3ba1000 size=4194304 write_addr=0x3e2f340 write_len=4 is_color=1
xemu-perf: metal_surface_dirty vram_addr=0x3ba1000 size=4194304 write_addr=0x3e2f2c8 write_len=4 is_color=1
xemu-perf: metal_surface_dirty vram_addr=0x3ba1000 size=4194304 write_addr=0x3e2f320 write_len=4 is_color=1
xemu-perf: metal_surface_dirty vram_addr=0x3ba1000 size=4194304 write_addr=0x3e2f340 write_len=4 is_color=1
xemu-perf: metal_surface_dirty vram_addr=0x3ba1000 size=4194304 write_addr=0x3e2f2a8 write_len=4 is_color=1
xemu-perf: metal_surface_dirty vram_addr=0x3ba1000 size=4194304 write_addr=0x3e2f310 write_len=4 is_color=1
xemu-perf: metal_surface_dirty vram_addr=0x3ba1000 size=4194304 write_addr=0x3e2f340 write_len=4 is_color=1
xemu-perf: metal_screenshot_written path=/tmp/task16-repro3/swizzle-mipmap/metal/screenshots/swizzle-mipmap.0143.png w=640 h=480
xemu-perf: metal_surface_dirty vram_addr=0x3ba1000 size=4194304 write_addr=0x3e2f280 write_len=4 is_color=1
xemu-perf: metal_surface_dirty vram_addr=0x3ba1000 size=4194304 write_addr=0x3e2f2c0 write_len=4 is_color=1
xemu-perf: metal_surface_dirty vram_addr=0x3ba1000 size=4194304 write_addr=0x3e2f30c write_len=4 is_color=1
xemu-perf: metal_surface_dirty vram_addr=0x3ba1000 size=4194304 write_addr=0x3e2f340 write_len=4 is_color=1
xemu-perf: metal_surface_dirty vram_addr=0x3ba1000 size=4194304 write_addr=0x3e2f2c4 write_len=4 is_color=1
xemu-perf: metal_surface_dirty vram_addr=0x3ba1000 size=4194304 write_addr=0x3e2f300 write_len=4 is_color=1
xemu-perf: metal_surface_dirty vram_addr=0x3ba1000 size=4194304 write_addr=0x3e2f340 write_len=4 is_color=1
xemu-perf: metal_surface_dirty vram_addr=0x3ba1000 size=4194304 write_addr=0x3e2f290 write_len=4 is_color=1
xemu-perf: metal_surface_dirty vram_addr=0x3ba1000 size=4194304 write_addr=0x3e2f2e0 write_len=4 is_color=1
xemu-perf: metal_surface_dirty vram_addr=0x3ba1000 size=4194304 write_addr=0x3e2f328 write_len=4 is_color=1
xemu-perf: metal_surface_dirty vram_addr=0x3ba1000 size=4194304 write_addr=0x3e2f340 write_len=4 is_color=1
xemu-perf: metal_surface_dirty vram_addr=0x3ba1000 size=4194304 write_addr=0x3e2f2a0 write_len=4 is_color=1
xemu-perf: metal_surface_dirty vram_addr=0x3ba1000 size=4194304 write_addr=0x3e2f2c8 write_len=4 is_color=1
xemu-perf: metal_surface_dirty vram_addr=0x3ba1000 size=4194304 write_addr=0x3e2f300 write_len=4 is_color=1
xemu-perf: metal_surface_dirty vram_addr=0x3ba1000 size=4194304 write_addr=0x3e2f340 write_len=4 is_color=1
xemu-perf: metal_surface_dirty vram_addr=0x3ba1000 size=4194304 write_addr=0x3e2f290 write_len=4 is_color=1
xemu-perf: metal_surface_dirty vram_addr=0x3ba1000 size=4194304 write_addr=0x3e2f2d0 write_len=4 is_color=1
xemu-perf: metal_surface_dirty vram_addr=0x3ba1000 size=4194304 write_addr=0x3e2f328 write_len=4 is_color=1
xemu-perf: metal_surface_dirty vram_addr=0x3ba1000 size=4194304 write_addr=0x3e2f340 write_len=4 is_color=1
xemu-perf: metal_screenshot_written path=/tmp/task16-repro3/swizzle-mipmap/metal/screenshots/swizzle-mipmap.0144.png w=640 h=480
xemu-perf: metal_surface_dirty vram_addr=0x3ba1000 size=4194304 write_addr=0x3e2f2a8 write_len=4 is_color=1
xemu-perf: metal_surface_dirty vram_addr=0x3ba1000 size=4194304 write_addr=0x3e2f2fc write_len=4 is_color=1
xemu-perf: metal_surface_dirty vram_addr=0x3ba1000 size=4194304 write_addr=0x3e2f340 write_len=4 is_color=1
xemu-perf: metal_surface_dirty vram_addr=0x3ba1000 size=4194304 write_addr=0x3e2f290 write_len=4 is_color=1
xemu-perf: metal_surface_dirty vram_addr=0x3ba1000 size=4194304 write_addr=0x3e2f2e0 write_len=4 is_color=1
xemu-perf: metal_surface_dirty vram_addr=0x3ba1000 size=4194304 write_addr=0x3e2f340 write_len=4 is_color=1
xemu-perf: metal_surface_dirty vram_addr=0x3ba1000 size=4194304 write_addr=0x3e2f280 write_len=4 is_color=1
xemu-perf: metal_surface_dirty vram_addr=0x3ba1000 size=4194304 write_addr=0x3e2f2c8 write_len=4 is_color=1
xemu-perf: metal_surface_dirty vram_addr=0x3ba1000 size=4194304 write_addr=0x3e2f340 write_len=4 is_color=1
xemu-perf: metal_surface_dirty vram_addr=0x3ba1000 size=4194304 write_addr=0x3e2f2a8 write_len=4 is_color=1
xemu-perf: metal_surface_dirty vram_addr=0x3ba1000 size=4194304 write_addr=0x3e2f300 write_len=4 is_color=1
xemu-perf: metal_surface_dirty vram_addr=0x3ba1000 size=4194304 write_addr=0x3e2f340 write_len=4 is_color=1
xemu-perf: metal_surface_dirty vram_addr=0x3ba1000 size=4194304 write_addr=0x3e2f290 write_len=4 is_color=1
xemu-perf: metal_surface_dirty vram_addr=0x3ba1000 size=4194304 write_addr=0x3e2f2c8 write_len=4 is_color=1
xemu-perf: metal_surface_dirty vram_addr=0x3ba1000 size=4194304 write_addr=0x3e2f318 write_len=4 is_color=1
xemu-perf: metal_surface_dirty vram_addr=0x3ba1000 size=4194304 write_addr=0x3e2f340 write_len=4 is_color=1
xemu-perf: metal_screenshot_written path=/tmp/task16-repro3/swizzle-mipmap/metal/screenshots/swizzle-mipmap.0145.png w=640 h=480
xemu-perf: metal_surface_dirty vram_addr=0x3ba1000 size=4194304 write_addr=0x3e2f2c0 write_len=4 is_color=1
xemu-perf: metal_surface_dirty vram_addr=0x3ba1000 size=4194304 write_addr=0x3e2f308 write_len=4 is_color=1
xemu-perf: metal_surface_dirty vram_addr=0x3ba1000 size=4194304 write_addr=0x3e2f340 write_len=4 is_color=1
xemu-perf: metal_surface_dirty vram_addr=0x3ba1000 size=4194304 write_addr=0x3e2f290 write_len=4 is_color=1
xemu-perf: metal_surface_dirty vram_addr=0x3ba1000 size=4194304 write_addr=0x3e2f2e0 write_len=4 is_color=1
xemu-perf: metal_surface_dirty vram_addr=0x3ba1000 size=4194304 write_addr=0x3e2f328 write_len=4 is_color=1
xemu-perf: metal_surface_dirty vram_addr=0x3ba1000 size=4194304 write_addr=0x3e2f340 write_len=4 is_color=1
xemu-perf: metal_surface_dirty vram_addr=0x3ba1000 size=4194304 write_addr=0x3e2f288 write_len=4 is_color=1
xemu-perf: metal_surface_dirty vram_addr=0x3ba1000 size=4194304 write_addr=0x3e2f2e0 write_len=4 is_color=1
xemu-perf: metal_surface_dirty vram_addr=0x3ba1000 size=4194304 write_addr=0x3e2f340 write_len=4 is_color=1
xemu-perf: metal_surface_dirty vram_addr=0x3ba1000 size=4194304 write_addr=0x3e2f288 write_len=4 is_color=1
xemu-perf: metal_surface_dirty vram_addr=0x3ba1000 size=4194304 write_addr=0x3e2f2e0 write_len=4 is_color=1
xemu-perf: metal_surface_dirty vram_addr=0x3ba1000 size=4194304 write_addr=0x3e2f340 write_len=4 is_color=1
xemu-perf: metal_surface_dirty vram_addr=0x3ba1000 size=4194304 write_addr=0x3e2f288 write_len=4 is_color=1
xemu-perf: metal_surface_dirty vram_addr=0x3ba1000 size=4194304 write_addr=0x3e2f2e0 write_len=4 is_color=1
xemu-perf: metal_surface_dirty vram_addr=0x3ba1000 size=4194304 write_addr=0x3e2f320 write_len=4 is_color=1
xemu-perf: metal_surface_dirty vram_addr=0x3ba1000 size=4194304 write_addr=0x3e2f340 write_len=4 is_color=1
xemu-perf: metal_screenshot_written path=/tmp/task16-repro3/swizzle-mipmap/metal/screenshots/swizzle-mipmap.0146.png w=640 h=480
xemu-perf: metal_surface_dirty vram_addr=0x3ba1000 size=4194304 write_addr=0x3e2f2b4 write_len=4 is_color=1
xemu-perf: metal_surface_dirty vram_addr=0x3ba1000 size=4194304 write_addr=0x3e2f2f0 write_len=4 is_color=1
xemu-perf: metal_surface_dirty vram_addr=0x3ba1000 size=4194304 write_addr=0x3e2f340 write_len=4 is_color=1
xemu-perf: metal_surface_dirty vram_addr=0x3ba1000 size=4194304 write_addr=0x3e2f290 write_len=4 is_color=1
xemu-perf: metal_surface_dirty vram_addr=0x3ba1000 size=4194304 write_addr=0x3e2f2e0 write_len=4 is_color=1
xemu-perf: metal_surface_dirty vram_addr=0x3ba1000 size=4194304 write_addr=0x3e2f308 write_len=4 is_color=1
xemu-perf: metal_surface_dirty vram_addr=0x3ba1000 size=4194304 write_addr=0x3e2f340 write_len=4 is_color=1
xemu-perf: metal_surface_dirty vram_addr=0x3ba1000 size=4194304 write_addr=0x3e2f2a0 write_len=4 is_color=1
xemu-perf: metal_surface_dirty vram_addr=0x3ba1000 size=4194304 write_addr=0x3e2f2e8 write_len=4 is_color=1
xemu-perf: metal_surface_dirty vram_addr=0x3ba1000 size=4194304 write_addr=0x3e2f340 write_len=4 is_color=1
xemu-perf: metal_surface_dirty vram_addr=0x3ba1000 size=4194304 write_addr=0x3e2f2a8 write_len=4 is_color=1
xemu-perf: metal_surface_dirty vram_addr=0x3ba1000 size=4194304 write_addr=0x3e2f2e8 write_len=4 is_color=1
xemu-perf: metal_surface_dirty vram_addr=0x3ba1000 size=4194304 write_addr=0x3e2f340 write_len=4 is_color=1
xemu-perf: metal_surface_dirty vram_addr=0x3ba1000 size=4194304 write_addr=0x3e2f2c0 write_len=4 is_color=1
xemu-perf: metal_surface_dirty vram_addr=0x3ba1000 size=4194304 write_addr=0x3e2f328 write_len=4 is_color=1
xemu-perf: metal_surface_dirty vram_addr=0x3ba1000 size=4194304 write_addr=0x3e2f340 write_len=4 is_color=1
xemu-perf: metal_screenshot_written path=/tmp/task16-repro3/swizzle-mipmap/metal/screenshots/swizzle-mipmap.0147.png w=640 h=480
xemu-perf: metal_surface_dirty vram_addr=0x3ba1000 size=4194304 write_addr=0x3e2f290 write_len=4 is_color=1
xemu-perf: metal_surface_dirty vram_addr=0x3ba1000 size=4194304 write_addr=0x3e2f2e0 write_len=4 is_color=1
xemu-perf: metal_surface_dirty vram_addr=0x3ba1000 size=4194304 write_addr=0x3e2f328 write_len=4 is_color=1
xemu-perf: metal_surface_dirty vram_addr=0x3ba1000 size=4194304 write_addr=0x3e2f340 write_len=4 is_color=1
xemu-perf: metal_surface_dirty vram_addr=0x3ba1000 size=4194304 write_addr=0x3e2f2c0 write_len=4 is_color=1
xemu-perf: metal_surface_dirty vram_addr=0x3ba1000 size=4194304 write_addr=0x3e2f300 write_len=4 is_color=1
xemu-perf: metal_surface_dirty vram_addr=0x3ba1000 size=4194304 write_addr=0x3e2f340 write_len=4 is_color=1
xemu-perf: metal_surface_dirty vram_addr=0x3ba1000 size=4194304 write_addr=0x3e2f2a8 write_len=4 is_color=1
xemu-perf: metal_surface_dirty vram_addr=0x3ba1000 size=4194304 write_addr=0x3e2f320 write_len=4 is_color=1
xemu-perf: metal_surface_dirty vram_addr=0x3ba1000 size=4194304 write_addr=0x3e2f340 write_len=4 is_color=1
xemu-perf: metal_surface_dirty vram_addr=0x3ba1000 size=4194304 write_addr=0x3e2f2a8 write_len=4 is_color=1
xemu-perf: metal_surface_dirty vram_addr=0x3ba1000 size=4194304 write_addr=0x3e2f2d0 write_len=4 is_color=1
xemu-perf: metal_surface_dirty vram_addr=0x3ba1000 size=4194304 write_addr=0x3e2f320 write_len=4 is_color=1
xemu-perf: metal_surface_dirty vram_addr=0x3ba1000 size=4194304 write_addr=0x3e2f340 write_len=4 is_color=1
xemu-perf: metal_surface_dirty vram_addr=0x3ba1000 size=4194304 write_addr=0x3e2f288 write_len=4 is_color=1
xemu-perf: metal_surface_dirty vram_addr=0x3ba1000 size=4194304 write_addr=0x3e2f2e0 write_len=4 is_color=1
xemu-perf: metal_surface_dirty vram_addr=0x3ba1000 size=4194304 write_addr=0x3e2f340 write_len=4 is_color=1
xemu-perf: metal_screenshot_written path=/tmp/task16-repro3/swizzle-mipmap/metal/screenshots/swizzle-mipmap.0148.png w=640 h=480
xemu-perf: metal_surface_dirty vram_addr=0x3ba1000 size=4194304 write_addr=0x3e2f290 write_len=4 is_color=1
xemu-perf: metal_surface_dirty vram_addr=0x3ba1000 size=4194304 write_addr=0x3e2f2e0 write_len=4 is_color=1
xemu-perf: metal_surface_dirty vram_addr=0x3ba1000 size=4194304 write_addr=0x3e2f308 write_len=4 is_color=1
xemu-perf: metal_surface_dirty vram_addr=0x3ba1000 size=4194304 write_addr=0x3e2f340 write_len=4 is_color=1
xemu-perf: metal_surface_dirty vram_addr=0x3ba1000 size=4194304 write_addr=0x3e2f2c8 write_len=4 is_color=1
xemu-perf: metal_surface_dirty vram_addr=0x3ba1000 size=4194304 write_addr=0x3e2f320 write_len=4 is_color=1
xemu-perf: metal_surface_dirty vram_addr=0x3ba1000 size=4194304 write_addr=0x3e2f340 write_len=4 is_color=1
xemu-perf: metal_surface_dirty vram_addr=0x3ba1000 size=4194304 write_addr=0x3e2f2a0 write_len=4 is_color=1
xemu-perf: metal_surface_dirty vram_addr=0x3ba1000 size=4194304 write_addr=0x3e2f2e0 write_len=4 is_color=1
xemu-perf: metal_surface_dirty vram_addr=0x3ba1000 size=4194304 write_addr=0x3e2f320 write_len=4 is_color=1
xemu-perf: metal_surface_dirty vram_addr=0x3ba1000 size=4194304 write_addr=0x3e2f340 write_len=4 is_color=1
xemu-perf: metal_surface_dirty vram_addr=0x3ba1000 size=4194304 write_addr=0x3e2f298 write_len=4 is_color=1
xemu-perf: metal_surface_dirty vram_addr=0x3ba1000 size=4194304 write_addr=0x3e2f2e0 write_len=4 is_color=1
xemu-perf: metal_surface_dirty vram_addr=0x3ba1000 size=4194304 write_addr=0x3e2f320 write_len=4 is_color=1
xemu-perf: metal_surface_dirty vram_addr=0x3ba1000 size=4194304 write_addr=0x3e2f340 write_len=4 is_color=1
xemu-perf: metal_surface_dirty vram_addr=0x3ba1000 size=4194304 write_addr=0x3e2f2c8 write_len=4 is_color=1
xemu-perf: metal_surface_dirty vram_addr=0x3ba1000 size=4194304 write_addr=0x3e2f328 write_len=4 is_color=1
xemu-perf: metal_surface_dirty vram_addr=0x3ba1000 size=4194304 write_addr=0x3e2f340 write_len=4 is_color=1
xemu-perf: metal_screenshot_written path=/tmp/task16-repro3/swizzle-mipmap/metal/screenshots/swizzle-mipmap.0149.png w=640 h=480
xemu-perf: metal_surface_dirty vram_addr=0x3ba1000 size=4194304 write_addr=0x3e2f288 write_len=4 is_color=1
xemu-perf: metal_surface_dirty vram_addr=0x3ba1000 size=4194304 write_addr=0x3e2f2e0 write_len=4 is_color=1
xemu-perf: metal_surface_dirty vram_addr=0x3ba1000 size=4194304 write_addr=0x3e2f328 write_len=4 is_color=1
xemu-perf: metal_surface_dirty vram_addr=0x3ba1000 size=4194304 write_addr=0x3e2f340 write_len=4 is_color=1
xemu-perf: metal_surface_dirty vram_addr=0x3ba1000 size=4194304 write_addr=0x3e2f2a0 write_len=4 is_color=1
xemu-perf: metal_surface_dirty vram_addr=0x3ba1000 size=4194304 write_addr=0x3e2f308 write_len=4 is_color=1
xemu-perf: metal_surface_dirty vram_addr=0x3ba1000 size=4194304 write_addr=0x3e2f340 write_len=4 is_color=1
xemu-perf: metal_surface_dirty vram_addr=0x3ba1000 size=4194304 write_addr=0x3e2f290 write_len=4 is_color=1
xemu-perf: metal_surface_dirty vram_addr=0x3ba1000 size=4194304 write_addr=0x3e2f2e0 write_len=4 is_color=1
xemu-perf: metal_surface_dirty vram_addr=0x3ba1000 size=4194304 write_addr=0x3e2f340 write_len=4 is_color=1
xemu-perf: metal_surface_dirty vram_addr=0x3ba1000 size=4194304 write_addr=0x3e2f290 write_len=4 is_color=1
xemu-perf: metal_surface_dirty vram_addr=0x3ba1000 size=4194304 write_addr=0x3e2f2e8 write_len=4 is_color=1
xemu-perf: metal_surface_dirty vram_addr=0x3ba1000 size=4194304 write_addr=0x3e2f340 write_len=4 is_color=1
xemu-perf: metal_surface_dirty vram_addr=0x3ba1000 size=4194304 write_addr=0x3e2f288 write_len=4 is_color=1
xemu-perf: metal_surface_dirty vram_addr=0x3ba1000 size=4194304 write_addr=0x3e2f2c8 write_len=4 is_color=1
xemu-perf: metal_surface_dirty vram_addr=0x3ba1000 size=4194304 write_addr=0x3e2f320 write_len=4 is_color=1
xemu-perf: metal_surface_dirty vram_addr=0x3ba1000 size=4194304 write_addr=0x3e2f340 write_len=4 is_color=1
xemu-perf: metal_screenshot_written path=/tmp/task16-repro3/swizzle-mipmap/metal/screenshots/swizzle-mipmap.0150.png w=640 h=480
xemu-perf: metal_surface_dirty vram_addr=0x3ba1000 size=4194304 write_addr=0x3e2f290 write_len=4 is_color=1
xemu-perf: metal_surface_dirty vram_addr=0x3ba1000 size=4194304 write_addr=0x3e2f2e0 write_len=4 is_color=1
xemu-perf: metal_surface_dirty vram_addr=0x3ba1000 size=4194304 write_addr=0x3e2f340 write_len=4 is_color=1
xemu-perf: metal_surface_dirty vram_addr=0x3ba1000 size=4194304 write_addr=0x3e2f2b0 write_len=4 is_color=1
xemu-perf: metal_surface_dirty vram_addr=0x3ba1000 size=4194304 write_addr=0x3e2f2c8 write_len=4 is_color=1
xemu-perf: metal_surface_dirty vram_addr=0x3ba1000 size=4194304 write_addr=0x3e2f320 write_len=4 is_color=1
xemu-perf: metal_surface_dirty vram_addr=0x3ba1000 size=4194304 write_addr=0x3e2f340 write_len=4 is_color=1
xemu-perf: metal_surface_dirty vram_addr=0x3ba1000 size=4194304 write_addr=0x3e2f280 write_len=4 is_color=1
xemu-perf: metal_surface_dirty vram_addr=0x3ba1000 size=4194304 write_addr=0x3e2f2c8 write_len=4 is_color=1
xemu-perf: metal_surface_dirty vram_addr=0x3ba1000 size=4194304 write_addr=0x3e2f328 write_len=4 is_color=1
xemu-perf: metal_surface_dirty vram_addr=0x3ba1000 size=4194304 write_addr=0x3e2f340 write_len=4 is_color=1
xemu-perf: metal_surface_dirty vram_addr=0x3ba1000 size=4194304 write_addr=0x3e2f280 write_len=4 is_color=1
xemu-perf: metal_surface_dirty vram_addr=0x3ba1000 size=4194304 write_addr=0x3e2f2c8 write_len=4 is_color=1
xemu-perf: metal_surface_dirty vram_addr=0x3ba1000 size=4194304 write_addr=0x3e2f320 write_len=4 is_color=1
xemu-perf: metal_surface_dirty vram_addr=0x3ba1000 size=4194304 write_addr=0x3e2f340 write_len=4 is_color=1
xemu-perf: metal_surface_dirty vram_addr=0x3ba1000 size=4194304 write_addr=0x3e2f29c write_len=4 is_color=1
xemu-perf: metal_surface_dirty vram_addr=0x3ba1000 size=4194304 write_addr=0x3e2f2e0 write_len=4 is_color=1
xemu-perf: metal_surface_dirty vram_addr=0x3ba1000 size=4194304 write_addr=0x3e2f340 write_len=4 is_color=1
xemu-perf: metal_screenshot_written path=/tmp/task16-repro3/swizzle-mipmap/metal/screenshots/swizzle-mipmap.0151.png w=640 h=480
xemu-perf: metal_surface_dirty vram_addr=0x3ba1000 size=4194304 write_addr=0x3e2f2a0 write_len=4 is_color=1
xemu-perf: metal_surface_dirty vram_addr=0x3ba1000 size=4194304 write_addr=0x3e2f2e0 write_len=4 is_color=1
xemu-perf: metal_surface_dirty vram_addr=0x3ba1000 size=4194304 write_addr=0x3e2f328 write_len=4 is_color=1
xemu-perf: metal_surface_dirty vram_addr=0x3ba1000 size=4194304 write_addr=0x3e2f340 write_len=4 is_color=1
xemu-perf: metal_surface_dirty vram_addr=0x3ba1000 size=4194304 write_addr=0x3e2f2bc write_len=4 is_color=1
xemu-perf: metal_surface_dirty vram_addr=0x3ba1000 size=4194304 write_addr=0x3e2f300 write_len=4 is_color=1
xemu-perf: metal_surface_dirty vram_addr=0x3ba1000 size=4194304 write_addr=0x3e2f340 write_len=4 is_color=1
xemu-perf: metal_surface_dirty vram_addr=0x3ba1000 size=4194304 write_addr=0x3e2f2a4 write_len=4 is_color=1
xemu-perf: metal_surface_dirty vram_addr=0x3ba1000 size=4194304 write_addr=0x3e2f2e0 write_len=4 is_color=1
xemu-perf: metal_surface_dirty vram_addr=0x3ba1000 size=4194304 write_addr=0x3e2f328 write_len=4 is_color=1
xemu-perf: metal_surface_dirty vram_addr=0x3ba1000 size=4194304 write_addr=0x3e2f340 write_len=4 is_color=1
xemu-perf: metal_surface_dirty vram_addr=0x3ba1000 size=4194304 write_addr=0x3e2f2b0 write_len=4 is_color=1
xemu-perf: metal_surface_dirty vram_addr=0x3ba1000 size=4194304 write_addr=0x3e2f300 write_len=4 is_color=1
xemu-perf: metal_surface_dirty vram_addr=0x3ba1000 size=4194304 write_addr=0x3e2f340 write_len=4 is_color=1
xemu-perf: metal_surface_dirty vram_addr=0x3ba1000 size=4194304 write_addr=0x3e2f288 write_len=4 is_color=1
xemu-perf: metal_surface_dirty vram_addr=0x3ba1000 size=4194304 write_addr=0x3e2f2a8 write_len=4 is_color=1
xemu-perf: metal_surface_dirty vram_addr=0x3ba1000 size=4194304 write_addr=0x3e2f300 write_len=4 is_color=1
xemu-perf: metal_surface_dirty vram_addr=0x3ba1000 size=4194304 write_addr=0x3e2f328 write_len=4 is_color=1
xemu-perf: metal_surface_dirty vram_addr=0x3ba1000 size=4194304 write_addr=0x3e2f340 write_len=4 is_color=1
xemu-perf: metal_screenshot_written path=/tmp/task16-repro3/swizzle-mipmap/metal/screenshots/swizzle-mipmap.0152.png w=640 h=480
xemu-perf: metal_surface_dirty vram_addr=0x3ba1000 size=4194304 write_addr=0x3e2f294 write_len=4 is_color=1
xemu-perf: metal_surface_dirty vram_addr=0x3ba1000 size=4194304 write_addr=0x3e2f2e8 write_len=4 is_color=1
xemu-perf: metal_surface_dirty vram_addr=0x3ba1000 size=4194304 write_addr=0x3e2f340 write_len=4 is_color=1
xemu-perf: metal_surface_dirty vram_addr=0x3ba1000 size=4194304 write_addr=0x3e2f2a0 write_len=4 is_color=1
xemu-perf: metal_surface_dirty vram_addr=0x3ba1000 size=4194304 write_addr=0x3e2f2cc write_len=4 is_color=1
xemu-perf: metal_surface_dirty vram_addr=0x3ba1000 size=4194304 write_addr=0x3e2f328 write_len=4 is_color=1
xemu-perf: metal_surface_dirty vram_addr=0x3ba1000 size=4194304 write_addr=0x3e2f340 write_len=4 is_color=1
xemu-perf: metal_surface_dirty vram_addr=0x3ba1000 size=4194304 write_addr=0x3e2f280 write_len=4 is_color=1
xemu-perf: metal_surface_dirty vram_addr=0x3ba1000 size=4194304 write_addr=0x3e2f2c8 write_len=4 is_color=1
xemu-perf: metal_surface_dirty vram_addr=0x3ba1000 size=4194304 write_addr=0x3e2f328 write_len=4 is_color=1
xemu-perf: metal_surface_dirty vram_addr=0x3ba1000 size=4194304 write_addr=0x3e2f340 write_len=4 is_color=1
xemu-perf: metal_surface_dirty vram_addr=0x3ba1000 size=4194304 write_addr=0x3e2f290 write_len=4 is_color=1
xemu-perf: metal_surface_dirty vram_addr=0x3ba1000 size=4194304 write_addr=0x3e2f2e8 write_len=4 is_color=1
xemu-perf: metal_surface_dirty vram_addr=0x3ba1000 size=4194304 write_addr=0x3e2f320 write_len=4 is_color=1
xemu-perf: metal_surface_dirty vram_addr=0x3ba1000 size=4194304 write_addr=0x3e2f340 write_len=4 is_color=1
xemu-perf: metal_surface_dirty vram_addr=0x3ba1000 size=4194304 write_addr=0x3e2f290 write_len=4 is_color=1
xemu-perf: metal_surface_dirty vram_addr=0x3ba1000 size=4194304 write_addr=0x3e2f2e0 write_len=4 is_color=1
xemu-perf: metal_surface_dirty vram_addr=0x3ba1000 size=4194304 write_addr=0x3e2f328 write_len=4 is_color=1
xemu-perf: metal_surface_dirty vram_addr=0x3ba1000 size=4194304 write_addr=0x3e2f340 write_len=4 is_color=1
xemu-perf: metal_screenshot_written path=/tmp/task16-repro3/swizzle-mipmap/metal/screenshots/swizzle-mipmap.0153.png w=640 h=480
xemu-perf: metal_surface_dirty vram_addr=0x3ba1000 size=4194304 write_addr=0x3e2f280 write_len=4 is_color=1
xemu-perf: metal_surface_dirty vram_addr=0x3ba1000 size=4194304 write_addr=0x3e2f2a8 write_len=4 is_color=1
xemu-perf: metal_surface_dirty vram_addr=0x3ba1000 size=4194304 write_addr=0x3e2f300 write_len=4 is_color=1
xemu-perf: metal_surface_dirty vram_addr=0x3ba1000 size=4194304 write_addr=0x3e2f340 write_len=4 is_color=1
xemu-perf: metal_surface_dirty vram_addr=0x3ba1000 size=4194304 write_addr=0x3e2f2c0 write_len=4 is_color=1
xemu-perf: metal_surface_dirty vram_addr=0x3ba1000 size=4194304 write_addr=0x3e2f300 write_len=4 is_color=1
xemu-perf: metal_surface_dirty vram_addr=0x3ba1000 size=4194304 write_addr=0x3e2f340 write_len=4 is_color=1
xemu-perf: metal_surface_dirty vram_addr=0x3ba1000 size=4194304 write_addr=0x3e2f290 write_len=4 is_color=1
xemu-perf: metal_surface_dirty vram_addr=0x3ba1000 size=4194304 write_addr=0x3e2f2e0 write_len=4 is_color=1
xemu-perf: metal_surface_dirty vram_addr=0x3ba1000 size=4194304 write_addr=0x3e2f328 write_len=4 is_color=1
xemu-perf: metal_surface_dirty vram_addr=0x3ba1000 size=4194304 write_addr=0x3e2f340 write_len=4 is_color=1
xemu-perf: metal_surface_dirty vram_addr=0x3ba1000 size=4194304 write_addr=0x3e2f288 write_len=4 is_color=1
xemu-perf: metal_surface_dirty vram_addr=0x3ba1000 size=4194304 write_addr=0x3e2f2e0 write_len=4 is_color=1
xemu-perf: metal_surface_dirty vram_addr=0x3ba1000 size=4194304 write_addr=0x3e2f340 write_len=4 is_color=1
xemu-perf: metal_surface_dirty vram_addr=0x3ba1000 size=4194304 write_addr=0x3e2f288 write_len=4 is_color=1
xemu-perf: metal_surface_dirty vram_addr=0x3ba1000 size=4194304 write_addr=0x3e2f310 write_len=4 is_color=1
xemu-perf: metal_surface_dirty vram_addr=0x3ba1000 size=4194304 write_addr=0x3e2f340 write_len=4 is_color=1
xemu-perf: metal_screenshot_written path=/tmp/task16-repro3/swizzle-mipmap/metal/screenshots/swizzle-mipmap.0154.png w=640 h=480
xemu-perf: metal_surface_dirty vram_addr=0x3ba1000 size=4194304 write_addr=0x3e2f2a8 write_len=4 is_color=1
xemu-perf: metal_surface_dirty vram_addr=0x3ba1000 size=4194304 write_addr=0x3e2f2c8 write_len=4 is_color=1
xemu-perf: metal_surface_dirty vram_addr=0x3ba1000 size=4194304 write_addr=0x3e2f320 write_len=4 is_color=1
xemu-perf: metal_surface_dirty vram_addr=0x3ba1000 size=4194304 write_addr=0x3e2f340 write_len=4 is_color=1
xemu-perf: metal_surface_dirty vram_addr=0x3ba1000 size=4194304 write_addr=0x3e2f288 write_len=4 is_color=1
xemu-perf: metal_surface_dirty vram_addr=0x3ba1000 size=4194304 write_addr=0x3e2f2e8 write_len=4 is_color=1
xemu-perf: metal_surface_dirty vram_addr=0x3ba1000 size=4194304 write_addr=0x3e2f340 write_len=4 is_color=1
xemu-perf: metal_surface_dirty vram_addr=0x3ba1000 size=4194304 write_addr=0x3e2f280 write_len=4 is_color=1
xemu-perf: metal_surface_dirty vram_addr=0x3ba1000 size=4194304 write_addr=0x3e2f2c8 write_len=4 is_color=1
xemu-perf: metal_surface_dirty vram_addr=0x3ba1000 size=4194304 write_addr=0x3e2f338 write_len=4 is_color=1
xemu-perf: metal_surface_dirty vram_addr=0x3ba1000 size=4194304 write_addr=0x3e2f340 write_len=4 is_color=1
xemu-perf: metal_surface_dirty vram_addr=0x3ba1000 size=4194304 write_addr=0x3e2f290 write_len=4 is_color=1
xemu-perf: metal_surface_dirty vram_addr=0x3ba1000 size=4194304 write_addr=0x3e2f2e0 write_len=4 is_color=1
xemu-perf: metal_surface_dirty vram_addr=0x3ba1000 size=4194304 write_addr=0x3e2f328 write_len=4 is_color=1
xemu-perf: metal_surface_dirty vram_addr=0x3ba1000 size=4194304 write_addr=0x3e2f340 write_len=4 is_color=1
xemu-perf: metal_surface_dirty vram_addr=0x3ba1000 size=4194304 write_addr=0x3e2f2a8 write_len=4 is_color=1
xemu-perf: metal_surface_dirty vram_addr=0x3ba1000 size=4194304 write_addr=0x3e2f300 write_len=4 is_color=1
xemu-perf: metal_surface_dirty vram_addr=0x3ba1000 size=4194304 write_addr=0x3e2f340 write_len=4 is_color=1
xemu-perf: metal_screenshot_written path=/tmp/task16-repro3/swizzle-mipmap/metal/screenshots/swizzle-mipmap.0155.png w=640 h=480
xemu-perf: metal_surface_dirty vram_addr=0x3ba1000 size=4194304 write_addr=0x3e2f294 write_len=4 is_color=1
xemu-perf: metal_surface_dirty vram_addr=0x3ba1000 size=4194304 write_addr=0x3e2f2e4 write_len=4 is_color=1
xemu-perf: metal_surface_dirty vram_addr=0x3ba1000 size=4194304 write_addr=0x3e2f330 write_len=4 is_color=1
xemu-perf: metal_surface_dirty vram_addr=0x3ba1000 size=4194304 write_addr=0x3e2f340 write_len=4 is_color=1
xemu-perf: metal_surface_dirty vram_addr=0x3ba1000 size=4194304 write_addr=0x3e2f2a0 write_len=4 is_color=1
xemu-perf: metal_surface_dirty vram_addr=0x3ba1000 size=4194304 write_addr=0x3e2f300 write_len=4 is_color=1
xemu-perf: metal_surface_dirty vram_addr=0x3ba1000 size=4194304 write_addr=0x3e2f340 write_len=4 is_color=1
xemu-perf: metal_surface_dirty vram_addr=0x3ba1000 size=4194304 write_addr=0x3e2f2a8 write_len=4 is_color=1
xemu-perf: metal_surface_dirty vram_addr=0x3ba1000 size=4194304 write_addr=0x3e2f2d0 write_len=4 is_color=1
xemu-perf: metal_surface_dirty vram_addr=0x3ba1000 size=4194304 write_addr=0x3e2f314 write_len=4 is_color=1
xemu-perf: metal_surface_dirty vram_addr=0x3ba1000 size=4194304 write_addr=0x3e2f340 write_len=4 is_color=1
xemu-perf: metal_surface_dirty vram_addr=0x3ba1000 size=4194304 write_addr=0x3e2f290 write_len=4 is_color=1
xemu-perf: metal_surface_dirty vram_addr=0x3ba1000 size=4194304 write_addr=0x3e2f2e0 write_len=4 is_color=1
xemu-perf: metal_surface_dirty vram_addr=0x3ba1000 size=4194304 write_addr=0x3e2f328 write_len=4 is_color=1
xemu-perf: metal_surface_dirty vram_addr=0x3ba1000 size=4194304 write_addr=0x3e2f340 write_len=4 is_color=1
xemu-perf: metal_surface_dirty vram_addr=0x3ba1000 size=4194304 write_addr=0x3e2f290 write_len=4 is_color=1
xemu-perf: metal_surface_dirty vram_addr=0x3ba1000 size=4194304 write_addr=0x3e2f2c4 write_len=4 is_color=1
xemu-perf: metal_surface_dirty vram_addr=0x3ba1000 size=4194304 write_addr=0x3e2f300 write_len=4 is_color=1
xemu-perf: metal_surface_dirty vram_addr=0x3ba1000 size=4194304 write_addr=0x3e2f340 write_len=4 is_color=1
xemu-perf: metal_screenshot_written path=/tmp/task16-repro3/swizzle-mipmap/metal/screenshots/swizzle-mipmap.0156.png w=640 h=480
xemu-perf: metal_surface_dirty vram_addr=0x3ba1000 size=4194304 write_addr=0x3e2f2a8 write_len=4 is_color=1
xemu-perf: metal_surface_dirty vram_addr=0x3ba1000 size=4194304 write_addr=0x3e2f2c8 write_len=4 is_color=1
xemu-perf: metal_surface_dirty vram_addr=0x3ba1000 size=4194304 write_addr=0x3e2f320 write_len=4 is_color=1
xemu-perf: metal_surface_dirty vram_addr=0x3ba1000 size=4194304 write_addr=0x3e2f340 write_len=4 is_color=1
xemu-perf: metal_surface_dirty vram_addr=0x3ba1000 size=4194304 write_addr=0x3e2f288 write_len=4 is_color=1
xemu-perf: metal_surface_dirty vram_addr=0x3ba1000 size=4194304 write_addr=0x3e2f2e8 write_len=4 is_color=1
xemu-perf: metal_surface_dirty vram_addr=0x3ba1000 size=4194304 write_addr=0x3e2f340 write_len=4 is_color=1
xemu-perf: metal_surface_dirty vram_addr=0x3ba1000 size=4194304 write_addr=0x3e2f2a8 write_len=4 is_color=1
xemu-perf: metal_surface_dirty vram_addr=0x3ba1000 size=4194304 write_addr=0x3e2f308 write_len=4 is_color=1
xemu-perf: metal_surface_dirty vram_addr=0x3ba1000 size=4194304 write_addr=0x3e2f340 write_len=4 is_color=1
xemu-perf: metal_surface_dirty vram_addr=0x3ba1000 size=4194304 write_addr=0x3e2f2c8 write_len=4 is_color=1
xemu-perf: metal_surface_dirty vram_addr=0x3ba1000 size=4194304 write_addr=0x3e2f320 write_len=4 is_color=1
xemu-perf: metal_surface_dirty vram_addr=0x3ba1000 size=4194304 write_addr=0x3e2f340 write_len=4 is_color=1
xemu-perf: metal_surface_dirty vram_addr=0x3ba1000 size=4194304 write_addr=0x3e2f280 write_len=4 is_color=1
xemu-perf: metal_surface_dirty vram_addr=0x3ba1000 size=4194304 write_addr=0x3e2f2c8 write_len=4 is_color=1
xemu-perf: metal_surface_dirty vram_addr=0x3ba1000 size=4194304 write_addr=0x3e2f2e8 write_len=4 is_color=1
xemu-perf: metal_surface_dirty vram_addr=0x3ba1000 size=4194304 write_addr=0x3e2f340 write_len=4 is_color=1
xemu-perf: metal_screenshot_written path=/tmp/task16-repro3/swizzle-mipmap/metal/screenshots/swizzle-mipmap.0157.png w=640 h=480
xemu-perf: metal_surface_dirty vram_addr=0x3ba1000 size=4194304 write_addr=0x3e2f2c0 write_len=4 is_color=1
xemu-perf: metal_surface_dirty vram_addr=0x3ba1000 size=4194304 write_addr=0x3e2f300 write_len=4 is_color=1
xemu-perf: metal_surface_dirty vram_addr=0x3ba1000 size=4194304 write_addr=0x3e2f340 write_len=4 is_color=1
xemu-perf: metal_surface_dirty vram_addr=0x3ba1000 size=4194304 write_addr=0x3e2f288 write_len=4 is_color=1
xemu-perf: metal_surface_dirty vram_addr=0x3ba1000 size=4194304 write_addr=0x3e2f2e0 write_len=4 is_color=1
xemu-perf: metal_surface_dirty vram_addr=0x3ba1000 size=4194304 write_addr=0x3e2f328 write_len=4 is_color=1
xemu-perf: metal_surface_dirty vram_addr=0x3ba1000 size=4194304 write_addr=0x3e2f340 write_len=4 is_color=1
xemu-perf: metal_surface_dirty vram_addr=0x3ba1000 size=4194304 write_addr=0x3e2f288 write_len=4 is_color=1
xemu-perf: metal_surface_dirty vram_addr=0x3ba1000 size=4194304 write_addr=0x3e2f2e8 write_len=4 is_color=1
xemu-perf: metal_surface_dirty vram_addr=0x3ba1000 size=4194304 write_addr=0x3e2f340 write_len=4 is_color=1
xemu-perf: metal_surface_dirty vram_addr=0x3ba1000 size=4194304 write_addr=0x3e2f290 write_len=4 is_color=1
xemu-perf: metal_surface_dirty vram_addr=0x3ba1000 size=4194304 write_addr=0x3e2f2e8 write_len=4 is_color=1
xemu-perf: metal_surface_dirty vram_addr=0x3ba1000 size=4194304 write_addr=0x3e2f340 write_len=4 is_color=1
xemu-perf: metal_surface_dirty vram_addr=0x3ba1000 size=4194304 write_addr=0x3e2f2a0 write_len=4 is_color=1
xemu-perf: metal_surface_dirty vram_addr=0x3ba1000 size=4194304 write_addr=0x3e2f2e0 write_len=4 is_color=1
xemu-perf: metal_surface_dirty vram_addr=0x3ba1000 size=4194304 write_addr=0x3e2f328 write_len=4 is_color=1
xemu-perf: metal_surface_dirty vram_addr=0x3ba1000 size=4194304 write_addr=0x3e2f340 write_len=4 is_color=1
xemu-perf: metal_screenshot_written path=/tmp/task16-repro3/swizzle-mipmap/metal/screenshots/swizzle-mipmap.0158.png w=640 h=480
xemu-perf: metal_surface_dirty vram_addr=0x3ba1000 size=4194304 write_addr=0x3e2f290 write_len=4 is_color=1
xemu-perf: metal_surface_dirty vram_addr=0x3ba1000 size=4194304 write_addr=0x3e2f2e0 write_len=4 is_color=1
xemu-perf: metal_surface_dirty vram_addr=0x3ba1000 size=4194304 write_addr=0x3e2f328 write_len=4 is_color=1
xemu-perf: metal_surface_dirty vram_addr=0x3ba1000 size=4194304 write_addr=0x3e2f340 write_len=4 is_color=1
xemu-perf: metal_surface_dirty vram_addr=0x3ba1000 size=4194304 write_addr=0x3e2f290 write_len=4 is_color=1
xemu-perf: metal_surface_dirty vram_addr=0x3ba1000 size=4194304 write_addr=0x3e2f2d8 write_len=4 is_color=1
xemu-perf: metal_surface_dirty vram_addr=0x3ba1000 size=4194304 write_addr=0x3e2f310 write_len=4 is_color=1
xemu-perf: metal_surface_dirty vram_addr=0x3ba1000 size=4194304 write_addr=0x3e2f340 write_len=4 is_color=1
xemu-perf: metal_surface_dirty vram_addr=0x3ba1000 size=4194304 write_addr=0x3e2f2a8 write_len=4 is_color=1
xemu-perf: metal_surface_dirty vram_addr=0x3ba1000 size=4194304 write_addr=0x3e2f2e0 write_len=4 is_color=1
xemu-perf: metal_surface_dirty vram_addr=0x3ba1000 size=4194304 write_addr=0x3e2f328 write_len=4 is_color=1
xemu-perf: metal_surface_dirty vram_addr=0x3ba1000 size=4194304 write_addr=0x3e2f340 write_len=4 is_color=1
xemu-perf: metal_surface_dirty vram_addr=0x3ba1000 size=4194304 write_addr=0x3e2f290 write_len=4 is_color=1
xemu-perf: metal_surface_dirty vram_addr=0x3ba1000 size=4194304 write_addr=0x3e2f2e0 write_len=4 is_color=1
xemu-perf: metal_surface_dirty vram_addr=0x3ba1000 size=4194304 write_addr=0x3e2f328 write_len=4 is_color=1
xemu-perf: metal_surface_dirty vram_addr=0x3ba1000 size=4194304 write_addr=0x3e2f340 write_len=4 is_color=1
xemu-perf: metal_surface_dirty vram_addr=0x3ba1000 size=4194304 write_addr=0x3e2f2a0 write_len=4 is_color=1
xemu-perf: metal_surface_dirty vram_addr=0x3ba1000 size=4194304 write_addr=0x3e2f308 write_len=4 is_color=1
xemu-perf: metal_surface_dirty vram_addr=0x3ba1000 size=4194304 write_addr=0x3e2f340 write_len=4 is_color=1
xemu-perf: metal_screenshot_written path=/tmp/task16-repro3/swizzle-mipmap/metal/screenshots/swizzle-mipmap.0159.png w=640 h=480
xemu-perf: metal_surface_dirty vram_addr=0x3ba1000 size=4194304 write_addr=0x3e2f2a8 write_len=4 is_color=1
xemu-perf: metal_surface_dirty vram_addr=0x3ba1000 size=4194304 write_addr=0x3e2f300 write_len=4 is_color=1
xemu-perf: metal_surface_dirty vram_addr=0x3ba1000 size=4194304 write_addr=0x3e2f340 write_len=4 is_color=1
xemu-perf: metal_surface_dirty vram_addr=0x3ba1000 size=4194304 write_addr=0x3e2f2a0 write_len=4 is_color=1
xemu-perf: metal_surface_dirty vram_addr=0x3ba1000 size=4194304 write_addr=0x3e2f2e8 write_len=4 is_color=1
xemu-perf: metal_surface_dirty vram_addr=0x3ba1000 size=4194304 write_addr=0x3e2f340 write_len=4 is_color=1
xemu-perf: metal_surface_dirty vram_addr=0x3ba1000 size=4194304 write_addr=0x3e2f288 write_len=4 is_color=1
xemu-perf: metal_surface_dirty vram_addr=0x3ba1000 size=4194304 write_addr=0x3e2f2e0 write_len=4 is_color=1
xemu-perf: metal_surface_dirty vram_addr=0x3ba1000 size=4194304 write_addr=0x3e2f328 write_len=4 is_color=1
xemu-perf: metal_surface_dirty vram_addr=0x3ba1000 size=4194304 write_addr=0x3e2f340 write_len=4 is_color=1
xemu-perf: metal_surface_dirty vram_addr=0x3ba1000 size=4194304 write_addr=0x3e2f290 write_len=4 is_color=1
xemu-perf: metal_surface_dirty vram_addr=0x3ba1000 size=4194304 write_addr=0x3e2f2e0 write_len=4 is_color=1
xemu-perf: metal_surface_dirty vram_addr=0x3ba1000 size=4194304 write_addr=0x3e2f328 write_len=4 is_color=1
xemu-perf: metal_surface_dirty vram_addr=0x3ba1000 size=4194304 write_addr=0x3e2f340 write_len=4 is_color=1
xemu-perf: metal_surface_dirty vram_addr=0x3ba1000 size=4194304 write_addr=0x3e2f298 write_len=4 is_color=1
xemu-perf: metal_surface_dirty vram_addr=0x3ba1000 size=4194304 write_addr=0x3e2f2c8 write_len=4 is_color=1
xemu-perf: metal_surface_dirty vram_addr=0x3ba1000 size=4194304 write_addr=0x3e2f320 write_len=4 is_color=1
xemu-perf: metal_surface_dirty vram_addr=0x3ba1000 size=4194304 write_addr=0x3e2f340 write_len=4 is_color=1
xemu-perf: metal_screenshot_written path=/tmp/task16-repro3/swizzle-mipmap/metal/screenshots/swizzle-mipmap.0160.png w=640 h=480
xemu-perf: metal_surface_dirty vram_addr=0x3ba1000 size=4194304 write_addr=0x3e2f290 write_len=4 is_color=1
xemu-perf: metal_surface_dirty vram_addr=0x3ba1000 size=4194304 write_addr=0x3e2f2e8 write_len=4 is_color=1
xemu-perf: metal_surface_dirty vram_addr=0x3ba1000 size=4194304 write_addr=0x3e2f340 write_len=4 is_color=1
xemu-perf: metal_surface_dirty vram_addr=0x3ba1000 size=4194304 write_addr=0x3e2f2a0 write_len=4 is_color=1
xemu-perf: metal_surface_dirty vram_addr=0x3ba1000 size=4194304 write_addr=0x3e2f300 write_len=4 is_color=1
xemu-perf: metal_surface_dirty vram_addr=0x3ba1000 size=4194304 write_addr=0x3e2f340 write_len=4 is_color=1
xemu-perf: metal_surface_dirty vram_addr=0x3ba1000 size=4194304 write_addr=0x3e2f298 write_len=4 is_color=1
xemu-perf: metal_surface_dirty vram_addr=0x3ba1000 size=4194304 write_addr=0x3e2f2e0 write_len=4 is_color=1
xemu-perf: metal_surface_dirty vram_addr=0x3ba1000 size=4194304 write_addr=0x3e2f340 write_len=4 is_color=1
xemu-perf: metal_surface_dirty vram_addr=0x3ba1000 size=4194304 write_addr=0x3e2f2a8 write_len=4 is_color=1
xemu-perf: metal_surface_dirty vram_addr=0x3ba1000 size=4194304 write_addr=0x3e2f2e8 write_len=4 is_color=1
xemu-perf: metal_surface_dirty vram_addr=0x3ba1000 size=4194304 write_addr=0x3e2f340 write_len=4 is_color=1
xemu-perf: metal_surface_dirty vram_addr=0x3ba1000 size=4194304 write_addr=0x3e2f2b0 write_len=4 is_color=1
xemu-perf: metal_surface_dirty vram_addr=0x3ba1000 size=4194304 write_addr=0x3e2f300 write_len=4 is_color=1
xemu-perf: metal_surface_dirty vram_addr=0x3ba1000 size=4194304 write_addr=0x3e2f340 write_len=4 is_color=1
xemu-perf: metal_screenshot_written path=/tmp/task16-repro3/swizzle-mipmap/metal/screenshots/swizzle-mipmap.0161.png w=640 h=480
xemu-perf: metal_surface_dirty vram_addr=0x3ba1000 size=4194304 write_addr=0x3e2f2a8 write_len=4 is_color=1
xemu-perf: metal_surface_dirty vram_addr=0x3ba1000 size=4194304 write_addr=0x3e2f300 write_len=4 is_color=1
xemu-perf: metal_surface_dirty vram_addr=0x3ba1000 size=4194304 write_addr=0x3e2f340 write_len=4 is_color=1
xemu-perf: metal_surface_dirty vram_addr=0x3ba1000 size=4194304 write_addr=0x3e2f2a0 write_len=4 is_color=1
xemu-perf: metal_surface_dirty vram_addr=0x3ba1000 size=4194304 write_addr=0x3e2f2e0 write_len=4 is_color=1
xemu-perf: metal_surface_dirty vram_addr=0x3ba1000 size=4194304 write_addr=0x3e2f328 write_len=4 is_color=1
xemu-perf: metal_surface_dirty vram_addr=0x3ba1000 size=4194304 write_addr=0x3e2f340 write_len=4 is_color=1
xemu-perf: metal_surface_dirty vram_addr=0x3ba1000 size=4194304 write_addr=0x3e2f2a0 write_len=4 is_color=1
xemu-perf: metal_surface_dirty vram_addr=0x3ba1000 size=4194304 write_addr=0x3e2f2e0 write_len=4 is_color=1
xemu-perf: metal_surface_dirty vram_addr=0x3ba1000 size=4194304 write_addr=0x3e2f320 write_len=4 is_color=1
xemu-perf: metal_surface_dirty vram_addr=0x3ba1000 size=4194304 write_addr=0x3e2f340 write_len=4 is_color=1
xemu-perf: metal_surface_dirty vram_addr=0x3ba1000 size=4194304 write_addr=0x3e2f290 write_len=4 is_color=1
xemu-perf: metal_surface_dirty vram_addr=0x3ba1000 size=4194304 write_addr=0x3e2f2e0 write_len=4 is_color=1
xemu-perf: metal_surface_dirty vram_addr=0x3ba1000 size=4194304 write_addr=0x3e2f328 write_len=4 is_color=1
xemu-perf: metal_surface_dirty vram_addr=0x3ba1000 size=4194304 write_addr=0x3e2f340 write_len=4 is_color=1
xemu-perf: metal_surface_dirty vram_addr=0x3ba1000 size=4194304 write_addr=0x3e2f280 write_len=4 is_color=1
xemu-perf: metal_surface_dirty vram_addr=0x3ba1000 size=4194304 write_addr=0x3e2f2c0 write_len=4 is_color=1
xemu-perf: metal_surface_dirty vram_addr=0x3ba1000 size=4194304 write_addr=0x3e2f300 write_len=4 is_color=1
xemu-perf: metal_surface_dirty vram_addr=0x3ba1000 size=4194304 write_addr=0x3e2f340 write_len=4 is_color=1
xemu-perf: metal_screenshot_written path=/tmp/task16-repro3/swizzle-mipmap/metal/screenshots/swizzle-mipmap.0162.png w=640 h=480
xemu-perf: metal_surface_dirty vram_addr=0x3ba1000 size=4194304 write_addr=0x3e2f288 write_len=4 is_color=1
xemu-perf: metal_surface_dirty vram_addr=0x3ba1000 size=4194304 write_addr=0x3e2f2e8 write_len=4 is_color=1
xemu-perf: metal_surface_dirty vram_addr=0x3ba1000 size=4194304 write_addr=0x3e2f310 write_len=4 is_color=1
xemu-perf: metal_surface_dirty vram_addr=0x3ba1000 size=4194304 write_addr=0x3e2f340 write_len=4 is_color=1
xemu-perf: metal_surface_dirty vram_addr=0x3ba1000 size=4194304 write_addr=0x3e2f2a8 write_len=4 is_color=1
xemu-perf: metal_surface_dirty vram_addr=0x3ba1000 size=4194304 write_addr=0x3e2f2e0 write_len=4 is_color=1
xemu-perf: metal_surface_dirty vram_addr=0x3ba1000 size=4194304 write_addr=0x3e2f340 write_len=4 is_color=1
xemu-perf: metal_surface_dirty vram_addr=0x3ba1000 size=4194304 write_addr=0x3e2f298 write_len=4 is_color=1
xemu-perf: metal_surface_dirty vram_addr=0x3ba1000 size=4194304 write_addr=0x3e2f2e0 write_len=4 is_color=1
xemu-perf: metal_surface_dirty vram_addr=0x3ba1000 size=4194304 write_addr=0x3e2f330 write_len=4 is_color=1
xemu-perf: metal_surface_dirty vram_addr=0x3ba1000 size=4194304 write_addr=0x3e2f340 write_len=4 is_color=1
xemu-perf: metal_surface_dirty vram_addr=0x3ba1000 size=4194304 write_addr=0x3e2f2a0 write_len=4 is_color=1
xemu-perf: metal_surface_dirty vram_addr=0x3ba1000 size=4194304 write_addr=0x3e2f2d0 write_len=4 is_color=1
xemu-perf: metal_surface_dirty vram_addr=0x3ba1000 size=4194304 write_addr=0x3e2f328 write_len=4 is_color=1
xemu-perf: metal_surface_dirty vram_addr=0x3ba1000 size=4194304 write_addr=0x3e2f340 write_len=4 is_color=1
xemu-perf: metal_surface_dirty vram_addr=0x3ba1000 size=4194304 write_addr=0x3e2f2a0 write_len=4 is_color=1
xemu-perf: metal_surface_dirty vram_addr=0x3ba1000 size=4194304 write_addr=0x3e2f2e4 write_len=4 is_color=1
xemu-perf: metal_surface_dirty vram_addr=0x3ba1000 size=4194304 write_addr=0x3e2f328 write_len=4 is_color=1
xemu-perf: metal_surface_dirty vram_addr=0x3ba1000 size=4194304 write_addr=0x3e2f340 write_len=4 is_color=1
xemu-perf: metal_screenshot_written path=/tmp/task16-repro3/swizzle-mipmap/metal/screenshots/swizzle-mipmap.0163.png w=640 h=480
xemu-perf: metal_surface_dirty vram_addr=0x3ba1000 size=4194304 write_addr=0x3e2f288 write_len=4 is_color=1
xemu-perf: metal_surface_dirty vram_addr=0x3ba1000 size=4194304 write_addr=0x3e2f2e0 write_len=4 is_color=1
xemu-perf: metal_surface_dirty vram_addr=0x3ba1000 size=4194304 write_addr=0x3e2f320 write_len=4 is_color=1
xemu-perf: metal_surface_dirty vram_addr=0x3ba1000 size=4194304 write_addr=0x3e2f340 write_len=4 is_color=1
xemu-perf: metal_surface_dirty vram_addr=0x3ba1000 size=4194304 write_addr=0x3e2f2b0 write_len=4 is_color=1
xemu-perf: metal_surface_dirty vram_addr=0x3ba1000 size=4194304 write_addr=0x3e2f2f0 write_len=4 is_color=1
xemu-perf: metal_surface_dirty vram_addr=0x3ba1000 size=4194304 write_addr=0x3e2f340 write_len=4 is_color=1
xemu-perf: metal_surface_dirty vram_addr=0x3ba1000 size=4194304 write_addr=0x3e2f2a0 write_len=4 is_color=1
xemu-perf: metal_surface_dirty vram_addr=0x3ba1000 size=4194304 write_addr=0x3e2f2f0 write_len=4 is_color=1
xemu-perf: metal_surface_dirty vram_addr=0x3ba1000 size=4194304 write_addr=0x3e2f340 write_len=4 is_color=1
xemu-perf: metal_surface_dirty vram_addr=0x3ba1000 size=4194304 write_addr=0x3e2f288 write_len=4 is_color=1
xemu-perf: metal_surface_dirty vram_addr=0x3ba1000 size=4194304 write_addr=0x3e2f2e8 write_len=4 is_color=1
xemu-perf: metal_surface_dirty vram_addr=0x3ba1000 size=4194304 write_addr=0x3e2f340 write_len=4 is_color=1
xemu-perf: metal_surface_dirty vram_addr=0x3ba1000 size=4194304 write_addr=0x3e2f2a0 write_len=4 is_color=1
xemu-perf: metal_surface_dirty vram_addr=0x3ba1000 size=4194304 write_addr=0x3e2f2e0 write_len=4 is_color=1
xemu-perf: metal_surface_dirty vram_addr=0x3ba1000 size=4194304 write_addr=0x3e2f328 write_len=4 is_color=1
xemu-perf: metal_surface_dirty vram_addr=0x3ba1000 size=4194304 write_addr=0x3e2f340 write_len=4 is_color=1
xemu-perf: metal_screenshot_written path=/tmp/task16-repro3/swizzle-mipmap/metal/screenshots/swizzle-mipmap.0164.png w=640 h=480
xemu-perf: metal_surface_dirty vram_addr=0x3ba1000 size=4194304 write_addr=0x3e2f2a0 write_len=4 is_color=1
xemu-perf: metal_surface_dirty vram_addr=0x3ba1000 size=4194304 write_addr=0x3e2f2e0 write_len=4 is_color=1
xemu-perf: metal_surface_dirty vram_addr=0x3ba1000 size=4194304 write_addr=0x3e2f328 write_len=4 is_color=1
xemu-perf: metal_surface_dirty vram_addr=0x3ba1000 size=4194304 write_addr=0x3e2f340 write_len=4 is_color=1
xemu-perf: metal_surface_dirty vram_addr=0x3ba1000 size=4194304 write_addr=0x3e2f2a0 write_len=4 is_color=1
xemu-perf: metal_surface_dirty vram_addr=0x3ba1000 size=4194304 write_addr=0x3e2f2c8 write_len=4 is_color=1
xemu-perf: metal_surface_dirty vram_addr=0x3ba1000 size=4194304 write_addr=0x3e2f308 write_len=4 is_color=1
xemu-perf: metal_surface_dirty vram_addr=0x3ba1000 size=4194304 write_addr=0x3e2f340 write_len=4 is_color=1
xemu-perf: metal_surface_dirty vram_addr=0x3ba1000 size=4194304 write_addr=0x3e2f288 write_len=4 is_color=1
xemu-perf: metal_surface_dirty vram_addr=0x3ba1000 size=4194304 write_addr=0x3e2f2e0 write_len=4 is_color=1
xemu-perf: metal_surface_dirty vram_addr=0x3ba1000 size=4194304 write_addr=0x3e2f320 write_len=4 is_color=1
xemu-perf: metal_surface_dirty vram_addr=0x3ba1000 size=4194304 write_addr=0x3e2f340 write_len=4 is_color=1
xemu-perf: metal_surface_dirty vram_addr=0x3ba1000 size=4194304 write_addr=0x3e2f288 write_len=4 is_color=1
xemu-perf: metal_surface_dirty vram_addr=0x3ba1000 size=4194304 write_addr=0x3e2f2e8 write_len=4 is_color=1
xemu-perf: metal_surface_dirty vram_addr=0x3ba1000 size=4194304 write_addr=0x3e2f340 write_len=4 is_color=1
xemu-perf: metal_surface_dirty vram_addr=0x3ba1000 size=4194304 write_addr=0x3e2f2a8 write_len=4 is_color=1
xemu-perf: metal_surface_dirty vram_addr=0x3ba1000 size=4194304 write_addr=0x3e2f300 write_len=4 is_color=1
xemu-perf: metal_surface_dirty vram_addr=0x3ba1000 size=4194304 write_addr=0x3e2f340 write_len=4 is_color=1
xemu-perf: metal_screenshot_written path=/tmp/task16-repro3/swizzle-mipmap/metal/screenshots/swizzle-mipmap.0165.png w=640 h=480
xemu-perf: metal_surface_dirty vram_addr=0x3ba1000 size=4194304 write_addr=0x3e2f288 write_len=4 is_color=1
xemu-perf: metal_surface_dirty vram_addr=0x3ba1000 size=4194304 write_addr=0x3e2f2e0 write_len=4 is_color=1
xemu-perf: metal_surface_dirty vram_addr=0x3ba1000 size=4194304 write_addr=0x3e2f328 write_len=4 is_color=1
xemu-perf: metal_surface_dirty vram_addr=0x3ba1000 size=4194304 write_addr=0x3e2f340 write_len=4 is_color=1
xemu-perf: metal_surface_dirty vram_addr=0x3ba1000 size=4194304 write_addr=0x3e2f2c0 write_len=4 is_color=1
xemu-perf: metal_surface_dirty vram_addr=0x3ba1000 size=4194304 write_addr=0x3e2f300 write_len=4 is_color=1
xemu-perf: metal_surface_dirty vram_addr=0x3ba1000 size=4194304 write_addr=0x3e2f340 write_len=4 is_color=1
xemu-perf: metal_surface_dirty vram_addr=0x3ba1000 size=4194304 write_addr=0x3e2f2a0 write_len=4 is_color=1
xemu-perf: metal_surface_dirty vram_addr=0x3ba1000 size=4194304 write_addr=0x3e2f2d8 write_len=4 is_color=1
xemu-perf: metal_surface_dirty vram_addr=0x3ba1000 size=4194304 write_addr=0x3e2f300 write_len=4 is_color=1
xemu-perf: metal_surface_dirty vram_addr=0x3ba1000 size=4194304 write_addr=0x3e2f340 write_len=4 is_color=1
xemu-perf: metal_surface_dirty vram_addr=0x3ba1000 size=4194304 write_addr=0x3e2f290 write_len=4 is_color=1
xemu-perf: metal_surface_dirty vram_addr=0x3ba1000 size=4194304 write_addr=0x3e2f2e0 write_len=4 is_color=1
xemu-perf: metal_surface_dirty vram_addr=0x3ba1000 size=4194304 write_addr=0x3e2f320 write_len=4 is_color=1
xemu-perf: metal_surface_dirty vram_addr=0x3ba1000 size=4194304 write_addr=0x3e2f340 write_len=4 is_color=1
xemu-perf: metal_surface_dirty vram_addr=0x3ba1000 size=4194304 write_addr=0x3e2f290 write_len=4 is_color=1
xemu-perf: metal_surface_dirty vram_addr=0x3ba1000 size=4194304 write_addr=0x3e2f2a8 write_len=4 is_color=1
xemu-perf: metal_surface_dirty vram_addr=0x3ba1000 size=4194304 write_addr=0x3e2f300 write_len=4 is_color=1
xemu-perf: metal_surface_dirty vram_addr=0x3ba1000 size=4194304 write_addr=0x3e2f340 write_len=4 is_color=1
xemu-perf: metal_screenshot_written path=/tmp/task16-repro3/swizzle-mipmap/metal/screenshots/swizzle-mipmap.0166.png w=640 h=480
xemu-perf: metal_surface_dirty vram_addr=0x3ba1000 size=4194304 write_addr=0x3e2f2b0 write_len=4 is_color=1
xemu-perf: metal_surface_dirty vram_addr=0x3ba1000 size=4194304 write_addr=0x3e2f2f0 write_len=4 is_color=1
xemu-perf: metal_surface_dirty vram_addr=0x3ba1000 size=4194304 write_addr=0x3e2f340 write_len=4 is_color=1
xemu-perf: metal_surface_dirty vram_addr=0x3ba1000 size=4194304 write_addr=0x3e2f2b8 write_len=4 is_color=1
xemu-perf: metal_surface_dirty vram_addr=0x3ba1000 size=4194304 write_addr=0x3e2f2d0 write_len=4 is_color=1
xemu-perf: metal_surface_dirty vram_addr=0x3ba1000 size=4194304 write_addr=0x3e2f320 write_len=4 is_color=1
xemu-perf: metal_surface_dirty vram_addr=0x3ba1000 size=4194304 write_addr=0x3e2f340 write_len=4 is_color=1
xemu-perf: metal_surface_dirty vram_addr=0x3ba1000 size=4194304 write_addr=0x3e2f290 write_len=4 is_color=1
xemu-perf: metal_surface_dirty vram_addr=0x3ba1000 size=4194304 write_addr=0x3e2f2f0 write_len=4 is_color=1
xemu-perf: metal_surface_dirty vram_addr=0x3ba1000 size=4194304 write_addr=0x3e2f340 write_len=4 is_color=1
xemu-perf: metal_surface_dirty vram_addr=0x3ba1000 size=4194304 write_addr=0x3e2f290 write_len=4 is_color=1
xemu-perf: metal_surface_dirty vram_addr=0x3ba1000 size=4194304 write_addr=0x3e2f2a8 write_len=4 is_color=1
xemu-perf: metal_surface_dirty vram_addr=0x3ba1000 size=4194304 write_addr=0x3e2f300 write_len=4 is_color=1
xemu-perf: metal_surface_dirty vram_addr=0x3ba1000 size=4194304 write_addr=0x3e2f330 write_len=4 is_color=1
xemu-perf: metal_surface_dirty vram_addr=0x3ba1000 size=4194304 write_addr=0x3e2f340 write_len=4 is_color=1
xemu-perf: metal_surface_dirty vram_addr=0x3ba1000 size=4194304 write_addr=0x3e2f290 write_len=4 is_color=1
xemu-perf: metal_surface_dirty vram_addr=0x3ba1000 size=4194304 write_addr=0x3e2f2c8 write_len=4 is_color=1
xemu-perf: metal_surface_dirty vram_addr=0x3ba1000 size=4194304 write_addr=0x3e2f320 write_len=4 is_color=1
xemu-perf: metal_surface_dirty vram_addr=0x3ba1000 size=4194304 write_addr=0x3e2f340 write_len=4 is_color=1
xemu-perf: metal_screenshot_written path=/tmp/task16-repro3/swizzle-mipmap/metal/screenshots/swizzle-mipmap.0167.png w=640 h=480
xemu-perf: metal_surface_dirty vram_addr=0x3ba1000 size=4194304 write_addr=0x3e2f29c write_len=4 is_color=1
xemu-perf: metal_surface_dirty vram_addr=0x3ba1000 size=4194304 write_addr=0x3e2f2e0 write_len=4 is_color=1
xemu-perf: metal_surface_dirty vram_addr=0x3ba1000 size=4194304 write_addr=0x3e2f320 write_len=4 is_color=1
xemu-perf: metal_surface_dirty vram_addr=0x3ba1000 size=4194304 write_addr=0x3e2f340 write_len=4 is_color=1
xemu-perf: metal_surface_dirty vram_addr=0x3ba1000 size=4194304 write_addr=0x3e2f290 write_len=4 is_color=1
xemu-perf: metal_surface_dirty vram_addr=0x3ba1000 size=4194304 write_addr=0x3e2f2e0 write_len=4 is_color=1
xemu-perf: metal_surface_dirty vram_addr=0x3ba1000 size=4194304 write_addr=0x3e2f328 write_len=4 is_color=1
xemu-perf: metal_surface_dirty vram_addr=0x3ba1000 size=4194304 write_addr=0x3e2f340 write_len=4 is_color=1
xemu-perf: metal_surface_dirty vram_addr=0x3ba1000 size=4194304 write_addr=0x3e2f288 write_len=4 is_color=1
xemu-perf: metal_surface_dirty vram_addr=0x3ba1000 size=4194304 write_addr=0x3e2f2e8 write_len=4 is_color=1
xemu-perf: metal_surface_dirty vram_addr=0x3ba1000 size=4194304 write_addr=0x3e2f340 write_len=4 is_color=1
xemu-perf: metal_surface_dirty vram_addr=0x3ba1000 size=4194304 write_addr=0x3e2f2c0 write_len=4 is_color=1
xemu-perf: metal_surface_dirty vram_addr=0x3ba1000 size=4194304 write_addr=0x3e2f2e8 write_len=4 is_color=1
xemu-perf: metal_surface_dirty vram_addr=0x3ba1000 size=4194304 write_addr=0x3e2f340 write_len=4 is_color=1
xemu-perf: metal_surface_dirty vram_addr=0x3ba1000 size=4194304 write_addr=0x3e2f2a8 write_len=4 is_color=1
xemu-perf: metal_surface_dirty vram_addr=0x3ba1000 size=4194304 write_addr=0x3e2f2e8 write_len=4 is_color=1
xemu-perf: metal_surface_dirty vram_addr=0x3ba1000 size=4194304 write_addr=0x3e2f340 write_len=4 is_color=1
xemu-perf: metal_screenshot_written path=/tmp/task16-repro3/swizzle-mipmap/metal/screenshots/swizzle-mipmap.0168.png w=640 h=480
xemu-perf: metal_surface_dirty vram_addr=0x3ba1000 size=4194304 write_addr=0x3e2f290 write_len=4 is_color=1
xemu-perf: metal_surface_dirty vram_addr=0x3ba1000 size=4194304 write_addr=0x3e2f2e0 write_len=4 is_color=1
xemu-perf: metal_surface_dirty vram_addr=0x3ba1000 size=4194304 write_addr=0x3e2f328 write_len=4 is_color=1
xemu-perf: metal_surface_dirty vram_addr=0x3ba1000 size=4194304 write_addr=0x3e2f340 write_len=4 is_color=1
xemu-perf: metal_surface_dirty vram_addr=0x3ba1000 size=4194304 write_addr=0x3e2f288 write_len=4 is_color=1
xemu-perf: metal_surface_dirty vram_addr=0x3ba1000 size=4194304 write_addr=0x3e2f2e8 write_len=4 is_color=1
xemu-perf: metal_surface_dirty vram_addr=0x3ba1000 size=4194304 write_addr=0x3e2f340 write_len=4 is_color=1
xemu-perf: metal_surface_dirty vram_addr=0x3ba1000 size=4194304 write_addr=0x3e2f280 write_len=4 is_color=1
xemu-perf: metal_surface_dirty vram_addr=0x3ba1000 size=4194304 write_addr=0x3e2f2c8 write_len=4 is_color=1
xemu-perf: metal_surface_dirty vram_addr=0x3ba1000 size=4194304 write_addr=0x3e2f328 write_len=4 is_color=1
xemu-perf: metal_surface_dirty vram_addr=0x3ba1000 size=4194304 write_addr=0x3e2f340 write_len=4 is_color=1
xemu-perf: metal_surface_dirty vram_addr=0x3ba1000 size=4194304 write_addr=0x3e2f2c8 write_len=4 is_color=1
xemu-perf: metal_surface_dirty vram_addr=0x3ba1000 size=4194304 write_addr=0x3e2f328 write_len=4 is_color=1
xemu-perf: metal_surface_dirty vram_addr=0x3ba1000 size=4194304 write_addr=0x3e2f340 write_len=4 is_color=1
xemu-perf: metal_surface_dirty vram_addr=0x3ba1000 size=4194304 write_addr=0x3e2f288 write_len=4 is_color=1
xemu-perf: metal_surface_dirty vram_addr=0x3ba1000 size=4194304 write_addr=0x3e2f2e0 write_len=4 is_color=1
xemu-perf: metal_surface_dirty vram_addr=0x3ba1000 size=4194304 write_addr=0x3e2f330 write_len=4 is_color=1
xemu-perf: metal_surface_dirty vram_addr=0x3ba1000 size=4194304 write_addr=0x3e2f340 write_len=4 is_color=1
xemu-perf: metal_screenshot_written path=/tmp/task16-repro3/swizzle-mipmap/metal/screenshots/swizzle-mipmap.0169.png w=640 h=480
xemu-perf: metal_surface_dirty vram_addr=0x3ba1000 size=4194304 write_addr=0x3e2f2a0 write_len=4 is_color=1
xemu-perf: metal_surface_dirty vram_addr=0x3ba1000 size=4194304 write_addr=0x3e2f2d0 write_len=4 is_color=1
xemu-perf: metal_surface_dirty vram_addr=0x3ba1000 size=4194304 write_addr=0x3e2f308 write_len=4 is_color=1
xemu-perf: metal_surface_dirty vram_addr=0x3ba1000 size=4194304 write_addr=0x3e2f340 write_len=4 is_color=1
xemu-perf: metal_surface_dirty vram_addr=0x3ba1000 size=4194304 write_addr=0x3e2f288 write_len=4 is_color=1
xemu-perf: metal_surface_dirty vram_addr=0x3ba1000 size=4194304 write_addr=0x3e2f2e8 write_len=4 is_color=1
xemu-perf: metal_surface_dirty vram_addr=0x3ba1000 size=4194304 write_addr=0x3e2f340 write_len=4 is_color=1
xemu-perf: metal_surface_dirty vram_addr=0x3ba1000 size=4194304 write_addr=0x3e2f290 write_len=4 is_color=1
xemu-perf: metal_surface_dirty vram_addr=0x3ba1000 size=4194304 write_addr=0x3e2f300 write_len=4 is_color=1
xemu-perf: metal_surface_dirty vram_addr=0x3ba1000 size=4194304 write_addr=0x3e2f340 write_len=4 is_color=1
xemu-perf: metal_surface_dirty vram_addr=0x3ba1000 size=4194304 write_addr=0x3e2f290 write_len=4 is_color=1
xemu-perf: metal_surface_dirty vram_addr=0x3ba1000 size=4194304 write_addr=0x3e2f2e0 write_len=4 is_color=1
xemu-perf: metal_surface_dirty vram_addr=0x3ba1000 size=4194304 write_addr=0x3e2f340 write_len=4 is_color=1
xemu-perf: metal_surface_dirty vram_addr=0x3ba1000 size=4194304 write_addr=0x3e2f28c write_len=4 is_color=1
xemu-perf: metal_surface_dirty vram_addr=0x3ba1000 size=4194304 write_addr=0x3e2f2a8 write_len=4 is_color=1
xemu-perf: metal_surface_dirty vram_addr=0x3ba1000 size=4194304 write_addr=0x3e2f300 write_len=4 is_color=1
xemu-perf: metal_surface_dirty vram_addr=0x3ba1000 size=4194304 write_addr=0x3e2f340 write_len=4 is_color=1
xemu-perf: metal_screenshot_written path=/tmp/task16-repro3/swizzle-mipmap/metal/screenshots/swizzle-mipmap.0170.png w=640 h=480
xemu-perf: metal_surface_dirty vram_addr=0x3ba1000 size=4194304 write_addr=0x3e2f2a0 write_len=4 is_color=1
xemu-perf: metal_surface_dirty vram_addr=0x3ba1000 size=4194304 write_addr=0x3e2f300 write_len=4 is_color=1
xemu-perf: metal_surface_dirty vram_addr=0x3ba1000 size=4194304 write_addr=0x3e2f320 write_len=4 is_color=1
xemu-perf: metal_surface_dirty vram_addr=0x3ba1000 size=4194304 write_addr=0x3e2f340 write_len=4 is_color=1
xemu-perf: metal_surface_dirty vram_addr=0x3ba1000 size=4194304 write_addr=0x3e2f2b0 write_len=4 is_color=1
xemu-perf: metal_surface_dirty vram_addr=0x3ba1000 size=4194304 write_addr=0x3e2f2e8 write_len=4 is_color=1
xemu-perf: metal_surface_dirty vram_addr=0x3ba1000 size=4194304 write_addr=0x3e2f340 write_len=4 is_color=1
xemu-perf: metal_surface_dirty vram_addr=0x3ba1000 size=4194304 write_addr=0x3e2f288 write_len=4 is_color=1
xemu-perf: metal_surface_dirty vram_addr=0x3ba1000 size=4194304 write_addr=0x3e2f2e0 write_len=4 is_color=1
xemu-perf: metal_surface_dirty vram_addr=0x3ba1000 size=4194304 write_addr=0x3e2f328 write_len=4 is_color=1
xemu-perf: metal_surface_dirty vram_addr=0x3ba1000 size=4194304 write_addr=0x3e2f340 write_len=4 is_color=1
xemu-perf: metal_surface_dirty vram_addr=0x3ba1000 size=4194304 write_addr=0x3e2f2a0 write_len=4 is_color=1
xemu-perf: metal_surface_dirty vram_addr=0x3ba1000 size=4194304 write_addr=0x3e2f2e8 write_len=4 is_color=1
xemu-perf: metal_surface_dirty vram_addr=0x3ba1000 size=4194304 write_addr=0x3e2f320 write_len=4 is_color=1
xemu-perf: metal_surface_dirty vram_addr=0x3ba1000 size=4194304 write_addr=0x3e2f340 write_len=4 is_color=1
xemu-perf: metal_surface_dirty vram_addr=0x3ba1000 size=4194304 write_addr=0x3e2f2c0 write_len=4 is_color=1
xemu-perf: metal_surface_dirty vram_addr=0x3ba1000 size=4194304 write_addr=0x3e2f300 write_len=4 is_color=1
xemu-perf: metal_surface_dirty vram_addr=0x3ba1000 size=4194304 write_addr=0x3e2f340 write_len=4 is_color=1
xemu-perf: metal_screenshot_written path=/tmp/task16-repro3/swizzle-mipmap/metal/screenshots/swizzle-mipmap.0171.png w=640 h=480
xemu-perf: metal_surface_dirty vram_addr=0x3ba1000 size=4194304 write_addr=0x3e2f290 write_len=4 is_color=1
xemu-perf: metal_surface_dirty vram_addr=0x3ba1000 size=4194304 write_addr=0x3e2f2c8 write_len=4 is_color=1
xemu-perf: metal_surface_dirty vram_addr=0x3ba1000 size=4194304 write_addr=0x3e2f320 write_len=4 is_color=1
xemu-perf: metal_surface_dirty vram_addr=0x3ba1000 size=4194304 write_addr=0x3e2f340 write_len=4 is_color=1
xemu-perf: metal_surface_dirty vram_addr=0x3ba1000 size=4194304 write_addr=0x3e2f2c8 write_len=4 is_color=1
xemu-perf: metal_surface_dirty vram_addr=0x3ba1000 size=4194304 write_addr=0x3e2f320 write_len=4 is_color=1
xemu-perf: metal_surface_dirty vram_addr=0x3ba1000 size=4194304 write_addr=0x3e2f340 write_len=4 is_color=1
xemu-perf: metal_surface_dirty vram_addr=0x3ba1000 size=4194304 write_addr=0x3e2f2c0 write_len=4 is_color=1
xemu-perf: metal_surface_dirty vram_addr=0x3ba1000 size=4194304 write_addr=0x3e2f300 write_len=4 is_color=1
xemu-perf: metal_surface_dirty vram_addr=0x3ba1000 size=4194304 write_addr=0x3e2f340 write_len=4 is_color=1
xemu-perf: metal_surface_dirty vram_addr=0x3ba1000 size=4194304 write_addr=0x3e2f2b4 write_len=4 is_color=1
xemu-perf: metal_surface_dirty vram_addr=0x3ba1000 size=4194304 write_addr=0x3e2f2d0 write_len=4 is_color=1
xemu-perf: metal_surface_dirty vram_addr=0x3ba1000 size=4194304 write_addr=0x3e2f308 write_len=4 is_color=1
xemu-perf: metal_surface_dirty vram_addr=0x3ba1000 size=4194304 write_addr=0x3e2f340 write_len=4 is_color=1
xemu-perf: metal_screenshot_written path=/tmp/task16-repro3/swizzle-mipmap/metal/screenshots/swizzle-mipmap.0172.png w=640 h=480
xemu-perf: metal_screenshot_written path=/tmp/task16-repro3/swizzle-mipmap/metal/screenshots/swizzle-mipmap.0173.png w=640 h=480
xemu-perf: metal_screenshot_written path=/tmp/task16-repro3/swizzle-mipmap/metal/screenshots/swizzle-mipmap.0174.png w=640 h=480
xemu-perf: metal_screenshot_written path=/tmp/task16-repro3/swizzle-mipmap/metal/screenshots/swizzle-mipmap.0175.png w=640 h=480
xemu-perf: metal_screenshot_written path=/tmp/task16-repro3/swizzle-mipmap/metal/screenshots/swizzle-mipmap.0176.png w=640 h=480
xemu-perf: metal_screenshot_written path=/tmp/task16-repro3/swizzle-mipmap/metal/screenshots/swizzle-mipmap.0177.png w=640 h=480
xemu-perf: metal_screenshot_written path=/tmp/task16-repro3/swizzle-mipmap/metal/screenshots/swizzle-mipmap.0178.png w=640 h=480
xemu-perf: metal_screenshot_written path=/tmp/task16-repro3/swizzle-mipmap/metal/screenshots/swizzle-mipmap.0179.png w=640 h=480
xemu-perf: metal_screenshot_written path=/tmp/task16-repro3/swizzle-mipmap/metal/screenshots/swizzle-mipmap.0180.png w=640 h=480
xemu-perf: metal_screenshot_written path=/tmp/task16-repro3/swizzle-mipmap/metal/screenshots/swizzle-mipmap.0181.png w=640 h=480
xemu-perf: metal_screenshot_written path=/tmp/task16-repro3/swizzle-mipmap/metal/screenshots/swizzle-mipmap.0182.png w=640 h=480
xemu-perf: metal_screenshot_written path=/tmp/task16-repro3/swizzle-mipmap/metal/screenshots/swizzle-mipmap.0183.png w=640 h=480
xemu-perf: metal_screenshot_written path=/tmp/task16-repro3/swizzle-mipmap/metal/screenshots/swizzle-mipmap.0184.png w=640 h=480
xemu-perf: metal_screenshot_written path=/tmp/task16-repro3/swizzle-mipmap/metal/screenshots/swizzle-mipmap.0185.png w=640 h=480
xemu-perf: metal_screenshot_written path=/tmp/task16-repro3/swizzle-mipmap/metal/screenshots/swizzle-mipmap.0186.png w=640 h=480
xemu-perf: metal_screenshot_written path=/tmp/task16-repro3/swizzle-mipmap/metal/screenshots/swizzle-mipmap.0187.png w=640 h=480
xemu-perf: metal_surface_dirty vram_addr=0x2454000 size=4194304 write_addr=0x2555548 write_len=4 is_color=0
xemu-perf: metal_screenshot_written path=/tmp/task16-repro3/swizzle-mipmap/metal/screenshots/swizzle-mipmap.0188.png w=640 h=480
xemu-perf: metal_surface_dirty vram_addr=0x3aa8000 size=1228800 write_addr=0x3aa8000 write_len=4 is_color=1
xemu-perf: metal_surface_dirty vram_addr=0x3bd4000 size=1228800 write_addr=0x3bd4000 write_len=4 is_color=1
xemu-perf: metal_surface_dirty vram_addr=0x3d00000 size=1228800 write_addr=0x3d00000 write_len=4 is_color=1
xemu-perf: metal_screenshot_written path=/tmp/task16-repro3/swizzle-mipmap/metal/screenshots/swizzle-mipmap.0189.png w=640 h=480
xemu-perf: interval_id=9 interval_start_us=197733465406 interval_end_us=197741389433 interval_ms=7924 frames=34 fps=4.29 mspf_avg=75.613 mspf_min=2.729 mspf_max=2185.074 increment_fps=60 BEGIN_ENDS=4772 NATIVE_TRI_DEPTH_DRAW=4772 NATIVE_TRI_DEPTH_DRAW_SMOOTH=4772 TCG_TB_EXEC_COUNT=645463275 TCG_TB_INVALIDATE_COUNT=19801 TCG_NOTDIRTY_TRIPS=716898 TCG_NOTDIRTY_PAGES_HIT=716770 TCG_TB_INVALIDATE_BURST_MAX=425 TCG_JMP_CACHE_ZEROED_BUCKETS=81747289 TCG_INVALIDATE_WALL_US_MAX=89 TCG_INVALIDATE_WALL_US_TOTAL=4037 TCG_TB_LOOKUP_US_TOTAL=0 TCG_TB_GEN_CODE_US_TOTAL=0 TCG_HANDLE_INTERRUPT_US_TOTAL=0 TCG_XBOX_IDLE_LOOP_HITS=0 TCG_XBOX_IDLE_LOOP_YIELDS=0 TCG_XBOX_IDLE_LOOP_HALTS=0 MMIO_READ_COUNT=0 MMIO_READ_US_TOTAL=0 MMIO_READ_US_MAX=0 MMIO_READ_PGRAPH_COUNT=0 MMIO_READ_PGRAPH_US_TOTAL=0 MMIO_READ_PGRAPH_US_MAX=0 NV2A_VBLANK_FIRES=494 NV2A_FLIP_STALL_WRITES=34 NV2A_PRESENT_HEARTBEAT=334 XEMU_GL_SWAPS=0 RATE_SLEW_RATIO_E6=1000000 RATE_SLEW_ACTIVE=0 APU_LOCK_HOLD_US_TOTAL=12928 APU_VCPU_LOCK_WAIT_US_MAX=0 PFIFO_PUSHER_RUNS=10451 PFIFO_PUSHER_STALLS=6292 PFIFO_PUSHER_STALL_FLIP=0 PFIFO_PUSHER_STALL_NOP=6146 PFIFO_PUSHER_STALL_FIFO=219 PFIFO_PULLER_CALLS=86301 PFIFO_PULLER_STALLS=34 PFIFO_PULLER_STALL_FLIP=34 PFIFO_PULLER_STALL_NOP=0 PFIFO_PULLER_STALL_CONTEXT=0 PFIFO_PULLER_STALL_FIFO=0 PFIFO_PUSHER_WORDS=311361 PFIFO_PULLER_METHOD_WORDS=237802 PFIFO_DMA_BACKLOG_BYTES_MAX=65204224 PFIFO_USER_DMA_PUT_WRITES=9398 PFIFO_USER_DMA_GET_WRITES=0 PFIFO_USER_DMA_PUT_READS=0 PFIFO_USER_DMA_GET_READS=347585 PGRAPH_PATT_COLOR0_WRITES=0 PGRAPH_PATT_COLOR0_READS=0 PGRAPH_FLIP_STALL_SETS=34 PGRAPH_FLIP_STALL_CHECKS=68 PGRAPH_FLIP_STALL_STILL_WAITING=34 PGRAPH_FLIP_STALL_COMPLETES=34 METAL_DRAW_COUNT=4772 METAL_DRAW_INDEXED_COUNT=2638 METAL_NATIVE_TRI_DEPTH_DRAWS=4772 METAL_NATIVE_QUAD_DRAWS=0 METAL_CLEAR_COUNT=342 METAL_GLSL_TRANSLATE=0 METAL_GLSL_TRANSLATE_FAIL=0 METAL_SHADER_VALIDATE_OK=0 METAL_SHADER_VALIDATE_FAIL=0 METAL_PIPELINE_HITS=4766 METAL_PIPELINE_MISSES=6 METAL_PIPELINE_FAILED=0 METAL_TEX_UPLOADS_TOTAL=50 METAL_TEX_UPLOAD_BYTES_TOTAL=86314212 METAL_TEX_CACHE_HITS=10064 METAL_TEX_CACHE_MISSES=50 METAL_PIPELINE_KEY_BUILT=4772 METAL_PIPELINE_TRANSLATED_OK=4772 METAL_PIPELINE_TRANSLATED_FAILED=0 METAL_DISPATCH_US_TOTAL=82738 METAL_TEX_BIND_US_TOTAL=38896 METAL_DRAW_ENCODE_US_TOTAL=18092 METAL_DRAW_PASS_OPENS=385 METAL_DRAW_PASS_COALESCED=4387 METAL_DRAW_PASS_FLUSHES=374 METAL_OPEN_PASS_FLUSH_US_TOTAL=4919 METAL_TEX_UPLOAD_US_TOTAL=2202 METAL_DRAW_TRANSLATED=4772 METAL_PIPELINE_FALLBACKS=0 METAL_UNIFORM_PACK=9544 METAL_UNIFORM_BYTES=31227968 METAL_SHADER_COMPILE_QUEUED_TOTAL=0 METAL_SHADER_COMPILE_COMPLETED_TOTAL=0 METAL_SHADER_COMPILE_FAILED_TOTAL=0 METAL_DRAWS_SKIPPED_PENDING_TOTAL=0 METAL_DRAWS_USING_UBERSHADER_TOTAL=0 METAL_SHADER_CACHE_LOADS=6 METAL_SHADER_CACHE_HITS=6 METAL_SHADER_CACHE_MISSES=0 METAL_PRESENTS=0 METAL_PRESENT_JITTER_US_TOTAL=0 METAL_PRESENT_JITTER_US_AVG=0 METAL_PRESENT_JITTER_US_MAX=0 METAL_DRAWABLE_ACQUIRE_FAILS=0 METAL_DISPLAY_LINK_CALLBACKS=0 METAL_MSAA_RESOLVE_COUNT=0 METAL_MSAA_RESOLVE_US_TOTAL=0 METAL_MSAA_SAMPLE_COUNT=1 METAL_FX_SPATIAL_PRESENTS=0 METAL_FX_SPATIAL_US_TOTAL=0 METAL_FX_SCALE_FACTOR=1 METAL_FX_SPATIAL_GPU_US_TOTAL=0 METAL_VERTEX_US_TOTAL=14382 METAL_FRAGMENT_US_TOTAL=19096 METAL_PRESENT_GPU_US_TOTAL=36266 METAL_PRESENT_GPU_FRAMES=987 METAL_CAPTURE_FRAMES=0 METAL_CAPTURE_ACTIVE=0 METAL_SCREENSHOTS_TAKEN=66 METAL_FRONT_FB_PUBLISHES=34 METAL_SURFACE_CACHE_SIZE=24 METAL_IMAGE_BLITS=0 METAL_SURFACE_VRAM_DIRTY_HITS=746 METAL_SURFACE_VRAM_UPLOADS=744 METAL_SURFACE_VRAM_UPLOAD_BYTES=3047456768 METAL_SURFACE_RECREATE_SHAPE_MISMATCH=0 METAL_SURFACE_DOWNLOADS=34 METAL_SURFACE_DOWNLOAD_BYTES=85295104 METAL_SURFACE_DOWNLOAD_US_TOTAL=30807 METAL_DRAW_RT_DUMPS=0 METAL_SURFACE_GRAPH_DUMPS=0 METAL_SIBLING_SYNCS=0 METAL_SIBLING_SYNC_SKIPS=0 METAL_FLAT_QUAD_PROPAGATIONS=0 INPUT_USB_POLLS=0 INPUT_BACKEND_UPDATES=987 INPUT_LAT_US_TOTAL=0 INPUT_LAT_US_MAX=0 IDE_READ_SUBMITS=8 IDE_READ_COMPLETES=8 IDE_READ_BYTES=155648 IDE_READ_LAT_US_TOTAL=5506 IDE_READ_LAT_US_MAX=942 IDE_READ_LAT_GT_16MS=0 IDE_READ_LAT_GT_33MS=0 IDE_READ_LAT_GT_50MS=0 IDE_READ_LAT_GT_100MS=0 IDE_READ_INFLIGHT_MAX=1 ATAPI_PIO_SYNC_READS=0 ATAPI_PIO_SYNC_BYTES=0 ATAPI_PIO_SYNC_US_TOTAL=0 ATAPI_PIO_SYNC_US_MAX=0 HELPER_RDTSC_CALLS=4014 PIT_IRQ_TIMER_FIRES=16419 PIT_COALESCE_EVENTS=0 PIT_COALESCE_LATE_US_TOTAL=0 PIT_COALESCE_LATE_US_MAX=0 PIT_COALESCE_SKIPPED_TRANSITIONS=0
xemu-perf: metal_draw_target vram_addr=0x32a4000 count=34
xemu-perf: metal_draw_target vram_addr=0x2854000 count=433
xemu-perf: metal_draw_target vram_addr=0x2894000 count=433
xemu-perf: metal_draw_target vram_addr=0x28d4000 count=433
xemu-perf: metal_draw_target vram_addr=0x2914000 count=433
xemu-perf: metal_draw_target vram_addr=0x2954000 count=433
xemu-perf: metal_draw_target vram_addr=0x2994000 count=433
xemu-perf: metal_draw_target vram_addr=0x3628000 count=33
xemu-perf: metal_draw_target vram_addr=0x3bd4000 count=700
xemu-perf: metal_draw_target vram_addr=0x3d00000 count=700
xemu-perf: metal_draw_target vram_addr=0x3aa8000 count=700
xemu-perf: metal_draw_target vram_addr=0x3ba1000 count=7
xemu-perf: metal_screenshot_written path=/tmp/task16-repro3/swizzle-mipmap/metal/screenshots/swizzle-mipmap.0190.png w=640 h=480
xemu-perf: metal_screenshot_written path=/tmp/task16-repro3/swizzle-mipmap/metal/screenshots/swizzle-mipmap.0191.png w=640 h=480
xemu-perf: metal_surface_dirty vram_addr=0x2994000 size=262144 write_addr=0x29a4000 write_len=4 is_color=1
xemu-perf: metal_surface_dirty vram_addr=0x3628000 size=2457600 write_addr=0x3628000 write_len=2457600 is_color=1
xemu-perf: metal_screenshot_written path=/tmp/task16-repro3/swizzle-mipmap/metal/screenshots/swizzle-mipmap.0192.png w=640 h=480
xemu-perf: metal_surface_dirty vram_addr=0x3628000 size=2457600 write_addr=0x3628000 write_len=2457600 is_color=1
xemu-perf: metal_surface_dirty vram_addr=0x3628000 size=2457600 write_addr=0x3628000 write_len=2457600 is_color=1
xemu-perf: metal_surface_dirty vram_addr=0x3628000 size=2457600 write_addr=0x3628000 write_len=2457600 is_color=1
xemu-perf: metal_surface_dirty vram_addr=0x3628000 size=2457600 write_addr=0x3628000 write_len=2457600 is_color=1
xemu-perf: metal_surface_dirty vram_addr=0x3628000 size=2457600 write_addr=0x3628000 write_len=2457600 is_color=1
xemu-perf: metal_surface_dirty vram_addr=0x3628000 size=2457600 write_addr=0x3628000 write_len=2457600 is_color=1
xemu-perf: metal_surface_dirty vram_addr=0x3628000 size=2457600 write_addr=0x3628000 write_len=2457600 is_color=1
xemu-perf: metal_surface_dirty vram_addr=0x3628000 size=2457600 write_addr=0x3628000 write_len=2457600 is_color=1
xemu-perf: metal_screenshot_written path=/tmp/task16-repro3/swizzle-mipmap/metal/screenshots/swizzle-mipmap.0193.png w=640 h=480
xemu-perf: metal_surface_dirty vram_addr=0x3628000 size=2457600 write_addr=0x3628000 write_len=2457600 is_color=1
xemu-perf: metal_surface_dirty vram_addr=0x3628000 size=2457600 write_addr=0x3628000 write_len=2457600 is_color=1
xemu-perf: metal_surface_dirty vram_addr=0x3628000 size=2457600 write_addr=0x3628000 write_len=2457600 is_color=1
xemu-perf: metal_surface_dirty vram_addr=0x3628000 size=2457600 write_addr=0x3628000 write_len=2457600 is_color=1
xemu-perf: metal_surface_dirty vram_addr=0x3628000 size=2457600 write_addr=0x3628000 write_len=2457600 is_color=1
xemu-perf: metal_surface_dirty vram_addr=0x3628000 size=2457600 write_addr=0x3628000 write_len=2457600 is_color=1
xemu-perf: metal_surface_dirty vram_addr=0x3628000 size=2457600 write_addr=0x3628000 write_len=2457600 is_color=1
xemu-perf: metal_screenshot_written path=/tmp/task16-repro3/swizzle-mipmap/metal/screenshots/swizzle-mipmap.0194.png w=640 h=480
xemu-perf: metal_surface_dirty vram_addr=0x3628000 size=2457600 write_addr=0x3628000 write_len=2457600 is_color=1
xemu-perf: metal_surface_dirty vram_addr=0x3628000 size=2457600 write_addr=0x3628000 write_len=2457600 is_color=1
xemu-perf: metal_surface_dirty vram_addr=0x3628000 size=2457600 write_addr=0x3628000 write_len=2457600 is_color=1
xemu-perf: metal_surface_dirty vram_addr=0x3628000 size=2457600 write_addr=0x3628000 write_len=2457600 is_color=1
xemu-perf: metal_surface_dirty vram_addr=0x3628000 size=2457600 write_addr=0x3628000 write_len=2457600 is_color=1
xemu-perf: metal_surface_dirty vram_addr=0x3628000 size=2457600 write_addr=0x3628000 write_len=2457600 is_color=1
xemu-perf: metal_surface_dirty vram_addr=0x3628000 size=2457600 write_addr=0x3628000 write_len=2457600 is_color=1
xemu-perf: metal_surface_dirty vram_addr=0x3628000 size=2457600 write_addr=0x3628000 write_len=2457600 is_color=1
xemu-perf: metal_screenshot_written path=/tmp/task16-repro3/swizzle-mipmap/metal/screenshots/swizzle-mipmap.0195.png w=640 h=480
xemu-perf: metal_surface_dirty vram_addr=0x3628000 size=2457600 write_addr=0x3628000 write_len=2457600 is_color=1
xemu-perf: metal_surface_dirty vram_addr=0x3628000 size=2457600 write_addr=0x3628000 write_len=2457600 is_color=1
xemu-perf: metal_surface_dirty vram_addr=0x3628000 size=2457600 write_addr=0x3628000 write_len=2457600 is_color=1
xemu-perf: metal_surface_dirty vram_addr=0x3628000 size=2457600 write_addr=0x3628000 write_len=2457600 is_color=1
xemu-perf: metal_surface_dirty vram_addr=0x3628000 size=2457600 write_addr=0x3628000 write_len=2457600 is_color=1
xemu-perf: metal_surface_dirty vram_addr=0x3628000 size=2457600 write_addr=0x3628000 write_len=2457600 is_color=1
xemu-perf: metal_surface_dirty vram_addr=0x3628000 size=2457600 write_addr=0x3628000 write_len=2457600 is_color=1
xemu-perf: metal_screenshot_written path=/tmp/task16-repro3/swizzle-mipmap/metal/screenshots/swizzle-mipmap.0196.png w=640 h=480
xemu-perf: metal_surface_dirty vram_addr=0x3628000 size=2457600 write_addr=0x3628000 write_len=2457600 is_color=1
xemu-perf: metal_surface_dirty vram_addr=0x3628000 size=2457600 write_addr=0x3628000 write_len=2457600 is_color=1
xemu-perf: metal_surface_dirty vram_addr=0x3ba1000 size=4194304 write_addr=0x3eb4000 write_len=1 is_color=1
xemu-perf: metal_surface_dirty vram_addr=0x3aa8000 size=1228800 write_addr=0x3aa8000 write_len=1 is_color=1
xemu-perf: metal_screenshot_written path=/tmp/task16-repro3/swizzle-mipmap/metal/screenshots/swizzle-mipmap.0197.png w=640 h=480
xemu-perf: metal_surface_dirty vram_addr=0x3ba1000 size=4194304 write_addr=0x3e2f2a0 write_len=4 is_color=1
xemu-perf: metal_surface_dirty vram_addr=0x3ba1000 size=4194304 write_addr=0x3e2f320 write_len=4 is_color=1
xemu-perf: metal_unswizzle_dump w=64 h=64 Q0=(B00 G00 Rff Aff) Q1=(B00 Gff R00 Aff) Q2=(Bff G00 R00 Aff) Q3=(B00 Gff Rff Aff)
xemu-perf: metal_unswizzle_dump w=32 h=32 Q0=(B00 G00 Rdf Aff) Q1=(B00 Gdf R00 Aff) Q2=(Bdf G00 R00 Aff) Q3=(B00 Gdf Rdf Aff)
xemu-perf: metal_unswizzle_dump w=16 h=16 Q0=(B00 G00 Rbf Aff) Q1=(B00 Gbf R00 Aff) Q2=(Bbf G00 R00 Aff) Q3=(B00 Gbf Rbf Aff)
xemu-perf: metal_unswizzle_dump w=8 h=8 Q0=(B00 G00 R9f Aff) Q1=(B00 G9f R00 Aff) Q2=(B9f G00 R00 Aff) Q3=(B00 G9f R9f Aff)
xemu-perf: metal_unswizzle_dump w=4 h=4 Q0=(B00 G00 R7f Aff) Q1=(B00 G7f R00 Aff) Q2=(B7f G00 R00 Aff) Q3=(B00 G7f R7f Aff)
xemu-perf: metal_unswizzle_dump w=2 h=2 Q0=(B00 G00 R5f Aff) Q1=(B00 G5f R00 Aff) Q2=(B5f G00 R00 Aff) Q3=(B00 G5f R5f Aff)
xemu-perf: metal_surface_dirty vram_addr=0x3ba1000 size=4194304 write_addr=0x3e2f340 write_len=4 is_color=1
xemu-perf: metal_surface_dirty vram_addr=0x3ba1000 size=4194304 write_addr=0x3e2f2b0 write_len=4 is_color=1
xemu-perf: metal_surface_dirty vram_addr=0x3ba1000 size=4194304 write_addr=0x3e2f2e8 write_len=4 is_color=1
xemu-perf: metal_surface_dirty vram_addr=0x3ba1000 size=4194304 write_addr=0x3e2f340 write_len=4 is_color=1
xemu-perf: metal_screenshot_written path=/tmp/task16-repro3/swizzle-mipmap/metal/screenshots/swizzle-mipmap.0198.png w=640 h=480
xemu-perf: metal_surface_dirty vram_addr=0x3ba1000 size=4194304 write_addr=0x3e2f2c0 write_len=4 is_color=1
xemu-perf: metal_surface_dirty vram_addr=0x3ba1000 size=4194304 write_addr=0x3e2f300 write_len=4 is_color=1
xemu-perf: metal_surface_dirty vram_addr=0x3ba1000 size=4194304 write_addr=0x3e2f340 write_len=4 is_color=1
xemu-perf: metal_surface_dirty vram_addr=0x3ba1000 size=4194304 write_addr=0x3e2f2b0 write_len=4 is_color=1
xemu-perf: metal_surface_dirty vram_addr=0x3ba1000 size=4194304 write_addr=0x3e2f2d8 write_len=4 is_color=1
xemu-perf: metal_surface_dirty vram_addr=0x3ba1000 size=4194304 write_addr=0x3e2f308 write_len=4 is_color=1
xemu-perf: metal_surface_dirty vram_addr=0x3ba1000 size=4194304 write_addr=0x3e2f340 write_len=4 is_color=1
xemu-perf: metal_surface_dirty vram_addr=0x3ba1000 size=4194304 write_addr=0x3e2f288 write_len=4 is_color=1
xemu-perf: metal_surface_dirty vram_addr=0x3ba1000 size=4194304 write_addr=0x3e2f2e0 write_len=4 is_color=1
xemu-perf: metal_surface_dirty vram_addr=0x3ba1000 size=4194304 write_addr=0x3e2f328 write_len=4 is_color=1
xemu-perf: metal_surface_dirty vram_addr=0x3ba1000 size=4194304 write_addr=0x3e2f340 write_len=4 is_color=1
xemu-perf: metal_surface_dirty vram_addr=0x3ba1000 size=4194304 write_addr=0x3e2f280 write_len=4 is_color=1
xemu-perf: metal_surface_dirty vram_addr=0x3ba1000 size=4194304 write_addr=0x3e2f2c0 write_len=4 is_color=1
xemu-perf: metal_surface_dirty vram_addr=0x3ba1000 size=4194304 write_addr=0x3e2f300 write_len=4 is_color=1
xemu-perf: metal_surface_dirty vram_addr=0x3ba1000 size=4194304 write_addr=0x3e2f340 write_len=4 is_color=1
xemu-perf: metal_surface_dirty vram_addr=0x3ba1000 size=4194304 write_addr=0x3e2f290 write_len=4 is_color=1
xemu-perf: metal_surface_dirty vram_addr=0x3ba1000 size=4194304 write_addr=0x3e2f2e0 write_len=4 is_color=1
xemu-perf: metal_surface_dirty vram_addr=0x3ba1000 size=4194304 write_addr=0x3e2f328 write_len=4 is_color=1
xemu-perf: metal_surface_dirty vram_addr=0x3ba1000 size=4194304 write_addr=0x3e2f340 write_len=4 is_color=1
xemu-perf: metal_surface_dirty vram_addr=0x3ba1000 size=4194304 write_addr=0x3e2f290 write_len=4 is_color=1
xemu-perf: metal_surface_dirty vram_addr=0x3ba1000 size=4194304 write_addr=0x3e2f2e0 write_len=4 is_color=1
xemu-perf: metal_surface_dirty vram_addr=0x3ba1000 size=4194304 write_addr=0x3e2f340 write_len=4 is_color=1
xemu-perf: metal_screenshot_written path=/tmp/task16-repro3/swizzle-mipmap/metal/screenshots/swizzle-mipmap.0199.png w=640 h=480
xemu-perf: metal_surface_dirty vram_addr=0x3ba1000 size=4194304 write_addr=0x3e2f2c8 write_len=4 is_color=1
xemu-perf: metal_surface_dirty vram_addr=0x3ba1000 size=4194304 write_addr=0x3e2f320 write_len=4 is_color=1
xemu-perf: metal_surface_dirty vram_addr=0x3ba1000 size=4194304 write_addr=0x3e2f340 write_len=4 is_color=1
xemu-perf: metal_surface_dirty vram_addr=0x3ba1000 size=4194304 write_addr=0x3e2f290 write_len=4 is_color=1
xemu-perf: metal_surface_dirty vram_addr=0x3ba1000 size=4194304 write_addr=0x3e2f2e0 write_len=4 is_color=1
xemu-perf: metal_surface_dirty vram_addr=0x3ba1000 size=4194304 write_addr=0x3e2f330 write_len=4 is_color=1
xemu-perf: metal_surface_dirty vram_addr=0x3ba1000 size=4194304 write_addr=0x3e2f340 write_len=4 is_color=1
xemu-perf: metal_surface_dirty vram_addr=0x3ba1000 size=4194304 write_addr=0x3e2f290 write_len=4 is_color=1
xemu-perf: metal_surface_dirty vram_addr=0x3ba1000 size=4194304 write_addr=0x3e2f2e0 write_len=4 is_color=1
xemu-perf: metal_surface_dirty vram_addr=0x3ba1000 size=4194304 write_addr=0x3e2f328 write_len=4 is_color=1
xemu-perf: metal_surface_dirty vram_addr=0x3ba1000 size=4194304 write_addr=0x3e2f340 write_len=4 is_color=1
xemu-perf: metal_surface_dirty vram_addr=0x3ba1000 size=4194304 write_addr=0x3e2f2a8 write_len=4 is_color=1
xemu-perf: metal_surface_dirty vram_addr=0x3ba1000 size=4194304 write_addr=0x3e2f2d0 write_len=4 is_color=1
xemu-perf: metal_surface_dirty vram_addr=0x3ba1000 size=4194304 write_addr=0x3e2f318 write_len=4 is_color=1
xemu-perf: metal_surface_dirty vram_addr=0x3ba1000 size=4194304 write_addr=0x3e2f340 write_len=4 is_color=1
xemu-perf: metal_screenshot_written path=/tmp/task16-repro3/swizzle-mipmap/metal/screenshots/swizzle-mipmap.0200.png w=640 h=480
xemu-perf: metal_surface_dirty vram_addr=0x3ba1000 size=4194304 write_addr=0x3e2f290 write_len=4 is_color=1
xemu-perf: metal_surface_dirty vram_addr=0x3ba1000 size=4194304 write_addr=0x3e2f2e0 write_len=4 is_color=1
xemu-perf: metal_surface_dirty vram_addr=0x3ba1000 size=4194304 write_addr=0x3e2f328 write_len=4 is_color=1
xemu-perf: metal_surface_dirty vram_addr=0x3ba1000 size=4194304 write_addr=0x3e2f340 write_len=4 is_color=1
xemu-perf: metal_surface_dirty vram_addr=0x3ba1000 size=4194304 write_addr=0x3e2f284 write_len=4 is_color=1
xemu-perf: metal_surface_dirty vram_addr=0x3ba1000 size=4194304 write_addr=0x3e2f2c0 write_len=4 is_color=1
xemu-perf: metal_surface_dirty vram_addr=0x3ba1000 size=4194304 write_addr=0x3e2f308 write_len=4 is_color=1
xemu-perf: metal_surface_dirty vram_addr=0x3ba1000 size=4194304 write_addr=0x3e2f340 write_len=4 is_color=1
xemu-perf: metal_surface_dirty vram_addr=0x3ba1000 size=4194304 write_addr=0x3e2f2c0 write_len=4 is_color=1
xemu-perf: metal_surface_dirty vram_addr=0x3ba1000 size=4194304 write_addr=0x3e2f300 write_len=4 is_color=1
xemu-perf: metal_surface_dirty vram_addr=0x3ba1000 size=4194304 write_addr=0x3e2f340 write_len=4 is_color=1
xemu-perf: metal_surface_dirty vram_addr=0x3ba1000 size=4194304 write_addr=0x3e2f288 write_len=4 is_color=1
xemu-perf: metal_surface_dirty vram_addr=0x3ba1000 size=4194304 write_addr=0x3e2f2e0 write_len=4 is_color=1
xemu-perf: metal_surface_dirty vram_addr=0x3ba1000 size=4194304 write_addr=0x3e2f310 write_len=4 is_color=1
xemu-perf: metal_surface_dirty vram_addr=0x3ba1000 size=4194304 write_addr=0x3e2f340 write_len=4 is_color=1
xemu-perf: metal_surface_dirty vram_addr=0x3ba1000 size=4194304 write_addr=0x3e2f2c8 write_len=4 is_color=1
xemu-perf: metal_surface_dirty vram_addr=0x3ba1000 size=4194304 write_addr=0x3e2f318 write_len=4 is_color=1
xemu-perf: metal_surface_dirty vram_addr=0x3ba1000 size=4194304 write_addr=0x3e2f340 write_len=4 is_color=1
xemu-perf: metal_surface_dirty vram_addr=0x3ba1000 size=4194304 write_addr=0x3e2f2c0 write_len=4 is_color=1
xemu-perf: metal_surface_dirty vram_addr=0x3ba1000 size=4194304 write_addr=0x3e2f300 write_len=4 is_color=1
xemu-perf: metal_surface_dirty vram_addr=0x3ba1000 size=4194304 write_addr=0x3e2f340 write_len=4 is_color=1
xemu-perf: metal_screenshot_written path=/tmp/task16-repro3/swizzle-mipmap/metal/screenshots/swizzle-mipmap.0201.png w=640 h=480
xemu-perf: metal_surface_dirty vram_addr=0x3ba1000 size=4194304 write_addr=0x3e2f290 write_len=4 is_color=1
xemu-perf: metal_surface_dirty vram_addr=0x3ba1000 size=4194304 write_addr=0x3e2f2e0 write_len=4 is_color=1
xemu-perf: metal_surface_dirty vram_addr=0x3ba1000 size=4194304 write_addr=0x3e2f330 write_len=4 is_color=1
xemu-perf: metal_surface_dirty vram_addr=0x3ba1000 size=4194304 write_addr=0x3e2f340 write_len=4 is_color=1
xemu-perf: metal_surface_dirty vram_addr=0x3ba1000 size=4194304 write_addr=0x3e2f290 write_len=4 is_color=1
xemu-perf: metal_surface_dirty vram_addr=0x3ba1000 size=4194304 write_addr=0x3e2f300 write_len=4 is_color=1
xemu-perf: metal_surface_dirty vram_addr=0x3ba1000 size=4194304 write_addr=0x3e2f328 write_len=4 is_color=1
xemu-perf: metal_surface_dirty vram_addr=0x3ba1000 size=4194304 write_addr=0x3e2f340 write_len=4 is_color=1
xemu-perf: metal_surface_dirty vram_addr=0x3ba1000 size=4194304 write_addr=0x3e2f28c write_len=4 is_color=1
xemu-perf: metal_surface_dirty vram_addr=0x3ba1000 size=4194304 write_addr=0x3e2f2e8 write_len=4 is_color=1
xemu-perf: metal_surface_dirty vram_addr=0x3ba1000 size=4194304 write_addr=0x3e2f340 write_len=4 is_color=1
xemu-perf: metal_surface_dirty vram_addr=0x3ba1000 size=4194304 write_addr=0x3e2f290 write_len=4 is_color=1
xemu-perf: metal_surface_dirty vram_addr=0x3ba1000 size=4194304 write_addr=0x3e2f2e0 write_len=4 is_color=1
xemu-perf: metal_surface_dirty vram_addr=0x3ba1000 size=4194304 write_addr=0x3e2f328 write_len=4 is_color=1
xemu-perf: metal_surface_dirty vram_addr=0x3ba1000 size=4194304 write_addr=0x3e2f340 write_len=4 is_color=1
xemu-perf: metal_screenshot_written path=/tmp/task16-repro3/swizzle-mipmap/metal/screenshots/swizzle-mipmap.0202.png w=640 h=480
xemu-perf: metal_surface_dirty vram_addr=0x3ba1000 size=4194304 write_addr=0x3e2f288 write_len=4 is_color=1
xemu-perf: metal_surface_dirty vram_addr=0x3ba1000 size=4194304 write_addr=0x3e2f2c0 write_len=4 is_color=1
xemu-perf: metal_surface_dirty vram_addr=0x3ba1000 size=4194304 write_addr=0x3e2f308 write_len=4 is_color=1
xemu-perf: metal_surface_dirty vram_addr=0x3ba1000 size=4194304 write_addr=0x3e2f340 write_len=4 is_color=1
xemu-perf: metal_surface_dirty vram_addr=0x3ba1000 size=4194304 write_addr=0x3e2f2a8 write_len=4 is_color=1
xemu-perf: metal_surface_dirty vram_addr=0x3ba1000 size=4194304 write_addr=0x3e2f2d0 write_len=4 is_color=1
xemu-perf: metal_surface_dirty vram_addr=0x3ba1000 size=4194304 write_addr=0x3e2f308 write_len=4 is_color=1
xemu-perf: metal_surface_dirty vram_addr=0x3ba1000 size=4194304 write_addr=0x3e2f340 write_len=4 is_color=1
xemu-perf: metal_surface_dirty vram_addr=0x3ba1000 size=4194304 write_addr=0x3e2f2a8 write_len=4 is_color=1
xemu-perf: metal_surface_dirty vram_addr=0x3ba1000 size=4194304 write_addr=0x3e2f2e0 write_len=4 is_color=1
xemu-perf: metal_surface_dirty vram_addr=0x3ba1000 size=4194304 write_addr=0x3e2f328 write_len=4 is_color=1
xemu-perf: metal_surface_dirty vram_addr=0x3ba1000 size=4194304 write_addr=0x3e2f340 write_len=4 is_color=1
xemu-perf: metal_surface_dirty vram_addr=0x3ba1000 size=4194304 write_addr=0x3e2f2c8 write_len=4 is_color=1
xemu-perf: metal_surface_dirty vram_addr=0x3ba1000 size=4194304 write_addr=0x3e2f320 write_len=4 is_color=1
xemu-perf: metal_surface_dirty vram_addr=0x3ba1000 size=4194304 write_addr=0x3e2f340 write_len=4 is_color=1
xemu-perf: metal_surface_dirty vram_addr=0x3ba1000 size=4194304 write_addr=0x3e2f284 write_len=4 is_color=1
xemu-perf: metal_surface_dirty vram_addr=0x3ba1000 size=4194304 write_addr=0x3e2f2c8 write_len=4 is_color=1
xemu-perf: metal_surface_dirty vram_addr=0x3ba1000 size=4194304 write_addr=0x3e2f328 write_len=4 is_color=1
xemu-perf: metal_surface_dirty vram_addr=0x3ba1000 size=4194304 write_addr=0x3e2f340 write_len=4 is_color=1
xemu-perf: metal_surface_dirty vram_addr=0x3ba1000 size=4194304 write_addr=0x3e2f290 write_len=4 is_color=1
xemu-perf: metal_surface_dirty vram_addr=0x3ba1000 size=4194304 write_addr=0x3e2f2e8 write_len=4 is_color=1
xemu-perf: metal_surface_dirty vram_addr=0x3ba1000 size=4194304 write_addr=0x3e2f340 write_len=4 is_color=1
xemu-perf: metal_screenshot_written path=/tmp/task16-repro3/swizzle-mipmap/metal/screenshots/swizzle-mipmap.0203.png w=640 h=480
xemu-perf: metal_surface_dirty vram_addr=0x3ba1000 size=4194304 write_addr=0x3e2f290 write_len=4 is_color=1
xemu-perf: metal_surface_dirty vram_addr=0x3ba1000 size=4194304 write_addr=0x3e2f2e0 write_len=4 is_color=1
xemu-perf: metal_surface_dirty vram_addr=0x3ba1000 size=4194304 write_addr=0x3e2f328 write_len=4 is_color=1
xemu-perf: metal_surface_dirty vram_addr=0x3ba1000 size=4194304 write_addr=0x3e2f340 write_len=4 is_color=1
xemu-perf: metal_surface_dirty vram_addr=0x3ba1000 size=4194304 write_addr=0x3e2f2a0 write_len=4 is_color=1
xemu-perf: metal_surface_dirty vram_addr=0x3ba1000 size=4194304 write_addr=0x3e2f2e8 write_len=4 is_color=1
xemu-perf: metal_surface_dirty vram_addr=0x3ba1000 size=4194304 write_addr=0x3e2f340 write_len=4 is_color=1
xemu-perf: metal_surface_dirty vram_addr=0x3ba1000 size=4194304 write_addr=0x3e2f288 write_len=4 is_color=1
xemu-perf: metal_surface_dirty vram_addr=0x3ba1000 size=4194304 write_addr=0x3e2f2e0 write_len=4 is_color=1
xemu-perf: metal_surface_dirty vram_addr=0x3ba1000 size=4194304 write_addr=0x3e2f310 write_len=4 is_color=1
xemu-perf: metal_surface_dirty vram_addr=0x3ba1000 size=4194304 write_addr=0x3e2f340 write_len=4 is_color=1
xemu-perf: metal_surface_dirty vram_addr=0x3ba1000 size=4194304 write_addr=0x3e2f2a0 write_len=4 is_color=1
xemu-perf: metal_surface_dirty vram_addr=0x3ba1000 size=4194304 write_addr=0x3e2f2e8 write_len=4 is_color=1
xemu-perf: metal_surface_dirty vram_addr=0x3ba1000 size=4194304 write_addr=0x3e2f340 write_len=4 is_color=1
xemu-perf: metal_screenshot_written path=/tmp/task16-repro3/swizzle-mipmap/metal/screenshots/swizzle-mipmap.0204.png w=640 h=480
xemu-perf: metal_surface_dirty vram_addr=0x3ba1000 size=4194304 write_addr=0x3e2f2a8 write_len=4 is_color=1
xemu-perf: metal_surface_dirty vram_addr=0x3ba1000 size=4194304 write_addr=0x3e2f340 write_len=4 is_color=1
xemu-perf: metal_surface_dirty vram_addr=0x3ba1000 size=4194304 write_addr=0x3e2f2a8 write_len=4 is_color=1
xemu-perf: metal_surface_dirty vram_addr=0x3ba1000 size=4194304 write_addr=0x3e2f2c8 write_len=4 is_color=1
xemu-perf: metal_surface_dirty vram_addr=0x3ba1000 size=4194304 write_addr=0x3e2f320 write_len=4 is_color=1
xemu-perf: metal_surface_dirty vram_addr=0x3ba1000 size=4194304 write_addr=0x3e2f340 write_len=4 is_color=1
xemu-perf: metal_surface_dirty vram_addr=0x3ba1000 size=4194304 write_addr=0x3e2f290 write_len=4 is_color=1
xemu-perf: metal_surface_dirty vram_addr=0x3ba1000 size=4194304 write_addr=0x3e2f2e8 write_len=4 is_color=1
xemu-perf: metal_surface_dirty vram_addr=0x3ba1000 size=4194304 write_addr=0x3e2f340 write_len=4 is_color=1
xemu-perf: metal_surface_dirty vram_addr=0x3ba1000 size=4194304 write_addr=0x3e2f2c0 write_len=4 is_color=1
xemu-perf: metal_surface_dirty vram_addr=0x3ba1000 size=4194304 write_addr=0x3e2f300 write_len=4 is_color=1
xemu-perf: metal_surface_dirty vram_addr=0x3ba1000 size=4194304 write_addr=0x3e2f340 write_len=4 is_color=1
xemu-perf: metal_surface_dirty vram_addr=0x3ba1000 size=4194304 write_addr=0x3e2f2a0 write_len=4 is_color=1
xemu-perf: metal_surface_dirty vram_addr=0x3ba1000 size=4194304 write_addr=0x3e2f2e0 write_len=4 is_color=1
xemu-perf: metal_surface_dirty vram_addr=0x3ba1000 size=4194304 write_addr=0x3e2f320 write_len=4 is_color=1
xemu-perf: metal_surface_dirty vram_addr=0x3ba1000 size=4194304 write_addr=0x3e2f340 write_len=4 is_color=1
xemu-perf: metal_surface_dirty vram_addr=0x3ba1000 size=4194304 write_addr=0x3e2f288 write_len=4 is_color=1
xemu-perf: metal_surface_dirty vram_addr=0x3ba1000 size=4194304 write_addr=0x3e2f2e8 write_len=4 is_color=1
xemu-perf: metal_surface_dirty vram_addr=0x3ba1000 size=4194304 write_addr=0x3e2f340 write_len=4 is_color=1
xemu-perf: metal_screenshot_written path=/tmp/task16-repro3/swizzle-mipmap/metal/screenshots/swizzle-mipmap.0205.png w=640 h=480
xemu-perf: metal_surface_dirty vram_addr=0x3ba1000 size=4194304 write_addr=0x3e2f290 write_len=4 is_color=1
xemu-perf: metal_surface_dirty vram_addr=0x3ba1000 size=4194304 write_addr=0x3e2f2e0 write_len=4 is_color=1
xemu-perf: metal_surface_dirty vram_addr=0x3ba1000 size=4194304 write_addr=0x3e2f328 write_len=4 is_color=1
xemu-perf: metal_surface_dirty vram_addr=0x3ba1000 size=4194304 write_addr=0x3e2f340 write_len=4 is_color=1
xemu-perf: metal_surface_dirty vram_addr=0x3ba1000 size=4194304 write_addr=0x3e2f290 write_len=4 is_color=1
xemu-perf: metal_surface_dirty vram_addr=0x3ba1000 size=4194304 write_addr=0x3e2f2e0 write_len=4 is_color=1
xemu-perf: metal_surface_dirty vram_addr=0x3ba1000 size=4194304 write_addr=0x3e2f328 write_len=4 is_color=1
xemu-perf: metal_surface_dirty vram_addr=0x3ba1000 size=4194304 write_addr=0x3e2f340 write_len=4 is_color=1
xemu-perf: metal_surface_dirty vram_addr=0x3ba1000 size=4194304 write_addr=0x3e2f290 write_len=4 is_color=1
xemu-perf: metal_surface_dirty vram_addr=0x3ba1000 size=4194304 write_addr=0x3e2f2e0 write_len=4 is_color=1
xemu-perf: metal_surface_dirty vram_addr=0x3ba1000 size=4194304 write_addr=0x3e2f328 write_len=4 is_color=1
xemu-perf: metal_surface_dirty vram_addr=0x3ba1000 size=4194304 write_addr=0x3e2f340 write_len=4 is_color=1
xemu-perf: metal_surface_dirty vram_addr=0x3ba1000 size=4194304 write_addr=0x3e2f290 write_len=4 is_color=1
xemu-perf: metal_surface_dirty vram_addr=0x3ba1000 size=4194304 write_addr=0x3e2f2e0 write_len=4 is_color=1
xemu-perf: metal_surface_dirty vram_addr=0x3ba1000 size=4194304 write_addr=0x3e2f324 write_len=4 is_color=1
xemu-perf: metal_surface_dirty vram_addr=0x3ba1000 size=4194304 write_addr=0x3e2f340 write_len=4 is_color=1
xemu-perf: metal_screenshot_written path=/tmp/task16-repro3/swizzle-mipmap/metal/screenshots/swizzle-mipmap.0206.png w=640 h=480
xemu-perf: metal_surface_dirty vram_addr=0x3ba1000 size=4194304 write_addr=0x3e2f288 write_len=4 is_color=1
xemu-perf: metal_surface_dirty vram_addr=0x3ba1000 size=4194304 write_addr=0x3e2f2e0 write_len=4 is_color=1
xemu-perf: metal_surface_dirty vram_addr=0x3ba1000 size=4194304 write_addr=0x3e2f328 write_len=4 is_color=1
xemu-perf: metal_surface_dirty vram_addr=0x3ba1000 size=4194304 write_addr=0x3e2f340 write_len=4 is_color=1
xemu-perf: metal_surface_dirty vram_addr=0x3ba1000 size=4194304 write_addr=0x3e2f2a8 write_len=4 is_color=1
xemu-perf: metal_surface_dirty vram_addr=0x3ba1000 size=4194304 write_addr=0x3e2f310 write_len=4 is_color=1
xemu-perf: metal_surface_dirty vram_addr=0x3ba1000 size=4194304 write_addr=0x3e2f340 write_len=4 is_color=1
xemu-perf: metal_surface_dirty vram_addr=0x3ba1000 size=4194304 write_addr=0x3e2f290 write_len=4 is_color=1
xemu-perf: metal_surface_dirty vram_addr=0x3ba1000 size=4194304 write_addr=0x3e2f2e0 write_len=4 is_color=1
xemu-perf: metal_surface_dirty vram_addr=0x3ba1000 size=4194304 write_addr=0x3e2f330 write_len=4 is_color=1
xemu-perf: metal_surface_dirty vram_addr=0x3ba1000 size=4194304 write_addr=0x3e2f340 write_len=4 is_color=1
xemu-perf: metal_surface_dirty vram_addr=0x3ba1000 size=4194304 write_addr=0x3e2f290 write_len=4 is_color=1
xemu-perf: metal_surface_dirty vram_addr=0x3ba1000 size=4194304 write_addr=0x3e2f2e0 write_len=4 is_color=1
xemu-perf: metal_surface_dirty vram_addr=0x3ba1000 size=4194304 write_addr=0x3e2f340 write_len=4 is_color=1
xemu-perf: metal_surface_dirty vram_addr=0x3ba1000 size=4194304 write_addr=0x3e2f290 write_len=4 is_color=1
xemu-perf: metal_surface_dirty vram_addr=0x3ba1000 size=4194304 write_addr=0x3e2f2e0 write_len=4 is_color=1
xemu-perf: metal_surface_dirty vram_addr=0x3ba1000 size=4194304 write_addr=0x3e2f328 write_len=4 is_color=1
xemu-perf: metal_surface_dirty vram_addr=0x3ba1000 size=4194304 write_addr=0x3e2f340 write_len=4 is_color=1
xemu-perf: metal_surface_dirty vram_addr=0x3ba1000 size=4194304 write_addr=0x3e2f2a8 write_len=4 is_color=1
xemu-perf: metal_surface_dirty vram_addr=0x3ba1000 size=4194304 write_addr=0x3e2f320 write_len=4 is_color=1
xemu-perf: metal_surface_dirty vram_addr=0x3ba1000 size=4194304 write_addr=0x3e2f340 write_len=4 is_color=1
xemu-perf: metal_screenshot_written path=/tmp/task16-repro3/swizzle-mipmap/metal/screenshots/swizzle-mipmap.0207.png w=640 h=480
xemu-perf: metal_surface_dirty vram_addr=0x3ba1000 size=4194304 write_addr=0x3e2f288 write_len=4 is_color=1
xemu-perf: metal_surface_dirty vram_addr=0x3ba1000 size=4194304 write_addr=0x3e2f2e0 write_len=4 is_color=1
xemu-perf: metal_surface_dirty vram_addr=0x3ba1000 size=4194304 write_addr=0x3e2f340 write_len=4 is_color=1
xemu-perf: metal_surface_dirty vram_addr=0x3ba1000 size=4194304 write_addr=0x3e2f2a0 write_len=4 is_color=1
xemu-perf: metal_surface_dirty vram_addr=0x3ba1000 size=4194304 write_addr=0x3e2f300 write_len=4 is_color=1
xemu-perf: metal_surface_dirty vram_addr=0x3ba1000 size=4194304 write_addr=0x3e2f340 write_len=4 is_color=1
xemu-perf: metal_surface_dirty vram_addr=0x3ba1000 size=4194304 write_addr=0x3e2f290 write_len=4 is_color=1
xemu-perf: metal_surface_dirty vram_addr=0x3ba1000 size=4194304 write_addr=0x3e2f308 write_len=4 is_color=1
xemu-perf: metal_surface_dirty vram_addr=0x3ba1000 size=4194304 write_addr=0x3e2f340 write_len=4 is_color=1
xemu-perf: metal_surface_dirty vram_addr=0x3ba1000 size=4194304 write_addr=0x3e2f2a0 write_len=4 is_color=1
xemu-perf: metal_surface_dirty vram_addr=0x3ba1000 size=4194304 write_addr=0x3e2f2e8 write_len=4 is_color=1
xemu-perf: metal_surface_dirty vram_addr=0x3ba1000 size=4194304 write_addr=0x3e2f340 write_len=4 is_color=1
xemu-perf: metal_screenshot_written path=/tmp/task16-repro3/swizzle-mipmap/metal/screenshots/swizzle-mipmap.0208.png w=640 h=480
xemu-perf: metal_surface_dirty vram_addr=0x3ba1000 size=4194304 write_addr=0x3e2f2a0 write_len=4 is_color=1
xemu-perf: metal_surface_dirty vram_addr=0x3ba1000 size=4194304 write_addr=0x3e2f2e8 write_len=4 is_color=1
xemu-perf: metal_surface_dirty vram_addr=0x3ba1000 size=4194304 write_addr=0x3e2f340 write_len=4 is_color=1
xemu-perf: metal_surface_dirty vram_addr=0x3ba1000 size=4194304 write_addr=0x3e2f2a0 write_len=4 is_color=1
xemu-perf: metal_surface_dirty vram_addr=0x3ba1000 size=4194304 write_addr=0x3e2f300 write_len=4 is_color=1
xemu-perf: metal_surface_dirty vram_addr=0x3ba1000 size=4194304 write_addr=0x3e2f340 write_len=4 is_color=1
xemu-perf: metal_surface_dirty vram_addr=0x3ba1000 size=4194304 write_addr=0x3e2f288 write_len=4 is_color=1
xemu-perf: metal_surface_dirty vram_addr=0x3ba1000 size=4194304 write_addr=0x3e2f2e0 write_len=4 is_color=1
xemu-perf: metal_surface_dirty vram_addr=0x3ba1000 size=4194304 write_addr=0x3e2f328 write_len=4 is_color=1
xemu-perf: metal_surface_dirty vram_addr=0x3ba1000 size=4194304 write_addr=0x3e2f340 write_len=4 is_color=1
xemu-perf: metal_surface_dirty vram_addr=0x3ba1000 size=4194304 write_addr=0x3e2f290 write_len=4 is_color=1
xemu-perf: metal_surface_dirty vram_addr=0x3ba1000 size=4194304 write_addr=0x3e2f2e0 write_len=4 is_color=1
xemu-perf: metal_surface_dirty vram_addr=0x3ba1000 size=4194304 write_addr=0x3e2f328 write_len=4 is_color=1
xemu-perf: metal_surface_dirty vram_addr=0x3ba1000 size=4194304 write_addr=0x3e2f340 write_len=4 is_color=1
xemu-perf: metal_surface_dirty vram_addr=0x3ba1000 size=4194304 write_addr=0x3e2f2b8 write_len=4 is_color=1
xemu-perf: metal_surface_dirty vram_addr=0x3ba1000 size=4194304 write_addr=0x3e2f300 write_len=4 is_color=1
xemu-perf: metal_surface_dirty vram_addr=0x3ba1000 size=4194304 write_addr=0x3e2f340 write_len=4 is_color=1
xemu-perf: metal_surface_dirty vram_addr=0x3ba1000 size=4194304 write_addr=0x3e2f2a0 write_len=4 is_color=1
xemu-perf: metal_surface_dirty vram_addr=0x3ba1000 size=4194304 write_addr=0x3e2f2e8 write_len=4 is_color=1
xemu-perf: metal_surface_dirty vram_addr=0x3ba1000 size=4194304 write_addr=0x3e2f320 write_len=4 is_color=1
xemu-perf: metal_surface_dirty vram_addr=0x3ba1000 size=4194304 write_addr=0x3e2f340 write_len=4 is_color=1
xemu-perf: metal_screenshot_written path=/tmp/task16-repro3/swizzle-mipmap/metal/screenshots/swizzle-mipmap.0209.png w=640 h=480
xemu-perf: metal_surface_dirty vram_addr=0x3ba1000 size=4194304 write_addr=0x3e2f288 write_len=4 is_color=1
xemu-perf: metal_surface_dirty vram_addr=0x3ba1000 size=4194304 write_addr=0x3e2f2a8 write_len=4 is_color=1
xemu-perf: metal_surface_dirty vram_addr=0x3ba1000 size=4194304 write_addr=0x3e2f300 write_len=4 is_color=1
xemu-perf: metal_surface_dirty vram_addr=0x3ba1000 size=4194304 write_addr=0x3e2f340 write_len=4 is_color=1
xemu-perf: metal_surface_dirty vram_addr=0x3ba1000 size=4194304 write_addr=0x3e2f2a0 write_len=4 is_color=1
xemu-perf: metal_surface_dirty vram_addr=0x3ba1000 size=4194304 write_addr=0x3e2f2d0 write_len=4 is_color=1
xemu-perf: metal_surface_dirty vram_addr=0x3ba1000 size=4194304 write_addr=0x3e2f320 write_len=4 is_color=1
xemu-perf: metal_surface_dirty vram_addr=0x3ba1000 size=4194304 write_addr=0x3e2f340 write_len=4 is_color=1
xemu-perf: metal_surface_dirty vram_addr=0x3ba1000 size=4194304 write_addr=0x3e2f288 write_len=4 is_color=1
xemu-perf: metal_surface_dirty vram_addr=0x3ba1000 size=4194304 write_addr=0x3e2f2e0 write_len=4 is_color=1
xemu-perf: metal_surface_dirty vram_addr=0x3ba1000 size=4194304 write_addr=0x3e2f328 write_len=4 is_color=1
xemu-perf: metal_surface_dirty vram_addr=0x3ba1000 size=4194304 write_addr=0x3e2f340 write_len=4 is_color=1
xemu-perf: metal_surface_dirty vram_addr=0x3ba1000 size=4194304 write_addr=0x3e2f2b0 write_len=4 is_color=1
xemu-perf: metal_surface_dirty vram_addr=0x3ba1000 size=4194304 write_addr=0x3e2f2d0 write_len=4 is_color=1
xemu-perf: metal_surface_dirty vram_addr=0x3ba1000 size=4194304 write_addr=0x3e2f320 write_len=4 is_color=1
xemu-perf: metal_surface_dirty vram_addr=0x3ba1000 size=4194304 write_addr=0x3e2f340 write_len=4 is_color=1
xemu-perf: metal_screenshot_written path=/tmp/task16-repro3/swizzle-mipmap/metal/screenshots/swizzle-mipmap.0210.png w=640 h=480
xemu-perf: metal_surface_dirty vram_addr=0x3ba1000 size=4194304 write_addr=0x3e2f290 write_len=4 is_color=1
xemu-perf: metal_surface_dirty vram_addr=0x3ba1000 size=4194304 write_addr=0x3e2f2e8 write_len=4 is_color=1
xemu-perf: metal_surface_dirty vram_addr=0x3ba1000 size=4194304 write_addr=0x3e2f340 write_len=4 is_color=1
xemu-perf: metal_surface_dirty vram_addr=0x3ba1000 size=4194304 write_addr=0x3e2f2a8 write_len=4 is_color=1
xemu-perf: metal_surface_dirty vram_addr=0x3ba1000 size=4194304 write_addr=0x3e2f320 write_len=4 is_color=1
xemu-perf: metal_surface_dirty vram_addr=0x3ba1000 size=4194304 write_addr=0x3e2f340 write_len=4 is_color=1
xemu-perf: metal_surface_dirty vram_addr=0x3ba1000 size=4194304 write_addr=0x3e2f280 write_len=4 is_color=1
xemu-perf: metal_surface_dirty vram_addr=0x3ba1000 size=4194304 write_addr=0x3e2f2a8 write_len=4 is_color=1
xemu-perf: metal_surface_dirty vram_addr=0x3ba1000 size=4194304 write_addr=0x3e2f304 write_len=4 is_color=1
xemu-perf: metal_surface_dirty vram_addr=0x3ba1000 size=4194304 write_addr=0x3e2f340 write_len=4 is_color=1
xemu-perf: metal_surface_dirty vram_addr=0x3ba1000 size=4194304 write_addr=0x3e2f2a0 write_len=4 is_color=1
xemu-perf: metal_surface_dirty vram_addr=0x3ba1000 size=4194304 write_addr=0x3e2f2e0 write_len=4 is_color=1
xemu-perf: metal_surface_dirty vram_addr=0x3ba1000 size=4194304 write_addr=0x3e2f330 write_len=4 is_color=1
xemu-perf: metal_surface_dirty vram_addr=0x3ba1000 size=4194304 write_addr=0x3e2f340 write_len=4 is_color=1
xemu-perf: metal_surface_dirty vram_addr=0x3ba1000 size=4194304 write_addr=0x3e2f290 write_len=4 is_color=1
xemu-perf: metal_surface_dirty vram_addr=0x3ba1000 size=4194304 write_addr=0x3e2f2e8 write_len=4 is_color=1
xemu-perf: metal_surface_dirty vram_addr=0x3ba1000 size=4194304 write_addr=0x3e2f340 write_len=4 is_color=1
xemu-perf: metal_surface_dirty vram_addr=0x3ba1000 size=4194304 write_addr=0x3e2f290 write_len=4 is_color=1
xemu-perf: metal_surface_dirty vram_addr=0x3ba1000 size=4194304 write_addr=0x3e2f2e8 write_len=4 is_color=1
xemu-perf: metal_surface_dirty vram_addr=0x3ba1000 size=4194304 write_addr=0x3e2f340 write_len=4 is_color=1
xemu-perf: metal_screenshot_written path=/tmp/task16-repro3/swizzle-mipmap/metal/screenshots/swizzle-mipmap.0211.png w=640 h=480
xemu-perf: metal_surface_dirty vram_addr=0x3ba1000 size=4194304 write_addr=0x3e2f2a0 write_len=4 is_color=1
xemu-perf: metal_surface_dirty vram_addr=0x3ba1000 size=4194304 write_addr=0x3e2f2e8 write_len=4 is_color=1
xemu-perf: metal_surface_dirty vram_addr=0x3ba1000 size=4194304 write_addr=0x3e2f340 write_len=4 is_color=1
xemu-perf: metal_surface_dirty vram_addr=0x3ba1000 size=4194304 write_addr=0x3e2f2c8 write_len=4 is_color=1
xemu-perf: metal_surface_dirty vram_addr=0x3ba1000 size=4194304 write_addr=0x3e2f320 write_len=4 is_color=1
xemu-perf: metal_surface_dirty vram_addr=0x3ba1000 size=4194304 write_addr=0x3e2f340 write_len=4 is_color=1
xemu-perf: metal_surface_dirty vram_addr=0x3ba1000 size=4194304 write_addr=0x3e2f290 write_len=4 is_color=1
xemu-perf: metal_surface_dirty vram_addr=0x3ba1000 size=4194304 write_addr=0x3e2f2e0 write_len=4 is_color=1
xemu-perf: metal_surface_dirty vram_addr=0x3ba1000 size=4194304 write_addr=0x3e2f340 write_len=4 is_color=1
xemu-perf: metal_surface_dirty vram_addr=0x3ba1000 size=4194304 write_addr=0x3e2f280 write_len=4 is_color=1
xemu-perf: metal_surface_dirty vram_addr=0x3ba1000 size=4194304 write_addr=0x3e2f2cc write_len=4 is_color=1
xemu-perf: metal_surface_dirty vram_addr=0x3ba1000 size=4194304 write_addr=0x3e2f320 write_len=4 is_color=1
xemu-perf: metal_surface_dirty vram_addr=0x3ba1000 size=4194304 write_addr=0x3e2f340 write_len=4 is_color=1
xemu-perf: metal_screenshot_written path=/tmp/task16-repro3/swizzle-mipmap/metal/screenshots/swizzle-mipmap.0212.png w=640 h=480
xemu-perf: metal_surface_dirty vram_addr=0x3ba1000 size=4194304 write_addr=0x3e2f2b8 write_len=4 is_color=1
xemu-perf: metal_surface_dirty vram_addr=0x3ba1000 size=4194304 write_addr=0x3e2f2e8 write_len=4 is_color=1
xemu-perf: metal_surface_dirty vram_addr=0x3ba1000 size=4194304 write_addr=0x3e2f340 write_len=4 is_color=1
xemu-perf: metal_surface_dirty vram_addr=0x3ba1000 size=4194304 write_addr=0x3e2f2c8 write_len=4 is_color=1
xemu-perf: metal_surface_dirty vram_addr=0x3ba1000 size=4194304 write_addr=0x3e2f2e8 write_len=4 is_color=1
xemu-perf: metal_surface_dirty vram_addr=0x3ba1000 size=4194304 write_addr=0x3e2f340 write_len=4 is_color=1
xemu-perf: metal_surface_dirty vram_addr=0x3ba1000 size=4194304 write_addr=0x3e2f290 write_len=4 is_color=1
xemu-perf: metal_surface_dirty vram_addr=0x3ba1000 size=4194304 write_addr=0x3e2f2e0 write_len=4 is_color=1
xemu-perf: metal_surface_dirty vram_addr=0x3ba1000 size=4194304 write_addr=0x3e2f340 write_len=4 is_color=1
xemu-perf: metal_surface_dirty vram_addr=0x3ba1000 size=4194304 write_addr=0x3e2f2a8 write_len=4 is_color=1
xemu-perf: metal_surface_dirty vram_addr=0x3ba1000 size=4194304 write_addr=0x3e2f2c8 write_len=4 is_color=1
xemu-perf: metal_surface_dirty vram_addr=0x3ba1000 size=4194304 write_addr=0x3e2f320 write_len=4 is_color=1
xemu-perf: metal_surface_dirty vram_addr=0x3ba1000 size=4194304 write_addr=0x3e2f340 write_len=4 is_color=1
xemu-perf: metal_surface_dirty vram_addr=0x3ba1000 size=4194304 write_addr=0x3e2f290 write_len=4 is_color=1
xemu-perf: metal_surface_dirty vram_addr=0x3ba1000 size=4194304 write_addr=0x3e2f2e0 write_len=4 is_color=1
xemu-perf: metal_surface_dirty vram_addr=0x3ba1000 size=4194304 write_addr=0x3e2f314 write_len=4 is_color=1
xemu-perf: metal_surface_dirty vram_addr=0x3ba1000 size=4194304 write_addr=0x3e2f340 write_len=4 is_color=1
xemu-perf: metal_surface_dirty vram_addr=0x3ba1000 size=4194304 write_addr=0x3e2f290 write_len=4 is_color=1
xemu-perf: metal_surface_dirty vram_addr=0x3ba1000 size=4194304 write_addr=0x3e2f2e0 write_len=4 is_color=1
xemu-perf: metal_surface_dirty vram_addr=0x3ba1000 size=4194304 write_addr=0x3e2f320 write_len=4 is_color=1
xemu-perf: metal_surface_dirty vram_addr=0x3ba1000 size=4194304 write_addr=0x3e2f340 write_len=4 is_color=1
xemu-perf: metal_screenshot_written path=/tmp/task16-repro3/swizzle-mipmap/metal/screenshots/swizzle-mipmap.0213.png w=640 h=480
xemu-perf: metal_surface_dirty vram_addr=0x3ba1000 size=4194304 write_addr=0x3e2f290 write_len=4 is_color=1
xemu-perf: metal_surface_dirty vram_addr=0x3ba1000 size=4194304 write_addr=0x3e2f2d0 write_len=4 is_color=1
xemu-perf: metal_surface_dirty vram_addr=0x3ba1000 size=4194304 write_addr=0x3e2f320 write_len=4 is_color=1
xemu-perf: metal_surface_dirty vram_addr=0x3ba1000 size=4194304 write_addr=0x3e2f340 write_len=4 is_color=1
xemu-perf: metal_surface_dirty vram_addr=0x3ba1000 size=4194304 write_addr=0x3e2f2b0 write_len=4 is_color=1
xemu-perf: metal_surface_dirty vram_addr=0x3ba1000 size=4194304 write_addr=0x3e2f2c8 write_len=4 is_color=1
xemu-perf: metal_surface_dirty vram_addr=0x3ba1000 size=4194304 write_addr=0x3e2f320 write_len=4 is_color=1
xemu-perf: metal_surface_dirty vram_addr=0x3ba1000 size=4194304 write_addr=0x3e2f340 write_len=4 is_color=1
xemu-perf: metal_surface_dirty vram_addr=0x3ba1000 size=4194304 write_addr=0x3e2f288 write_len=4 is_color=1
xemu-perf: metal_surface_dirty vram_addr=0x3ba1000 size=4194304 write_addr=0x3e2f2e0 write_len=4 is_color=1
xemu-perf: metal_surface_dirty vram_addr=0x3ba1000 size=4194304 write_addr=0x3e2f330 write_len=4 is_color=1
xemu-perf: metal_surface_dirty vram_addr=0x3ba1000 size=4194304 write_addr=0x3e2f340 write_len=4 is_color=1
xemu-perf: metal_surface_dirty vram_addr=0x3ba1000 size=4194304 write_addr=0x3e2f290 write_len=4 is_color=1
xemu-perf: metal_surface_dirty vram_addr=0x3ba1000 size=4194304 write_addr=0x3e2f2e0 write_len=4 is_color=1
xemu-perf: metal_surface_dirty vram_addr=0x3ba1000 size=4194304 write_addr=0x3e2f320 write_len=4 is_color=1
xemu-perf: metal_surface_dirty vram_addr=0x3ba1000 size=4194304 write_addr=0x3e2f340 write_len=4 is_color=1
xemu-perf: metal_screenshot_written path=/tmp/task16-repro3/swizzle-mipmap/metal/screenshots/swizzle-mipmap.0214.png w=640 h=480
xemu-perf: metal_surface_dirty vram_addr=0x3ba1000 size=4194304 write_addr=0x3e2f2c0 write_len=4 is_color=1
xemu-perf: metal_surface_dirty vram_addr=0x3ba1000 size=4194304 write_addr=0x3e2f308 write_len=4 is_color=1
xemu-perf: metal_surface_dirty vram_addr=0x3ba1000 size=4194304 write_addr=0x3e2f340 write_len=4 is_color=1
xemu-perf: metal_surface_dirty vram_addr=0x3ba1000 size=4194304 write_addr=0x3e2f290 write_len=4 is_color=1
xemu-perf: metal_surface_dirty vram_addr=0x3ba1000 size=4194304 write_addr=0x3e2f2e0 write_len=4 is_color=1
xemu-perf: metal_surface_dirty vram_addr=0x3ba1000 size=4194304 write_addr=0x3e2f340 write_len=4 is_color=1
xemu-perf: metal_surface_dirty vram_addr=0x3ba1000 size=4194304 write_addr=0x3e2f2a0 write_len=4 is_color=1
xemu-perf: metal_surface_dirty vram_addr=0x3ba1000 size=4194304 write_addr=0x3e2f2e8 write_len=4 is_color=1
xemu-perf: metal_surface_dirty vram_addr=0x3ba1000 size=4194304 write_addr=0x3e2f330 write_len=4 is_color=1
xemu-perf: metal_surface_dirty vram_addr=0x3ba1000 size=4194304 write_addr=0x3e2f340 write_len=4 is_color=1
xemu-perf: metal_surface_dirty vram_addr=0x3ba1000 size=4194304 write_addr=0x3e2f280 write_len=4 is_color=1
xemu-perf: metal_surface_dirty vram_addr=0x3ba1000 size=4194304 write_addr=0x3e2f2c8 write_len=4 is_color=1
xemu-perf: metal_surface_dirty vram_addr=0x3ba1000 size=4194304 write_addr=0x3e2f320 write_len=4 is_color=1
xemu-perf: metal_surface_dirty vram_addr=0x3ba1000 size=4194304 write_addr=0x3e2f340 write_len=4 is_color=1
xemu-perf: metal_surface_dirty vram_addr=0x3ba1000 size=4194304 write_addr=0x3e2f288 write_len=4 is_color=1
xemu-perf: metal_surface_dirty vram_addr=0x3ba1000 size=4194304 write_addr=0x3e2f2e8 write_len=4 is_color=1
xemu-perf: metal_surface_dirty vram_addr=0x3ba1000 size=4194304 write_addr=0x3e2f340 write_len=4 is_color=1
xemu-perf: metal_surface_dirty vram_addr=0x3ba1000 size=4194304 write_addr=0x3e2f294 write_len=4 is_color=1
xemu-perf: metal_surface_dirty vram_addr=0x3ba1000 size=4194304 write_addr=0x3e2f2e0 write_len=4 is_color=1
xemu-perf: metal_surface_dirty vram_addr=0x3ba1000 size=4194304 write_addr=0x3e2f320 write_len=4 is_color=1
xemu-perf: metal_surface_dirty vram_addr=0x3ba1000 size=4194304 write_addr=0x3e2f340 write_len=4 is_color=1
xemu-perf: metal_screenshot_written path=/tmp/task16-repro3/swizzle-mipmap/metal/screenshots/swizzle-mipmap.0215.png w=640 h=480
xemu-perf: metal_surface_dirty vram_addr=0x3ba1000 size=4194304 write_addr=0x3e2f2a8 write_len=4 is_color=1
xemu-perf: metal_surface_dirty vram_addr=0x3ba1000 size=4194304 write_addr=0x3e2f2e8 write_len=4 is_color=1
xemu-perf: metal_surface_dirty vram_addr=0x3ba1000 size=4194304 write_addr=0x3e2f340 write_len=4 is_color=1
xemu-perf: metal_surface_dirty vram_addr=0x3ba1000 size=4194304 write_addr=0x3e2f2a0 write_len=4 is_color=1
xemu-perf: metal_surface_dirty vram_addr=0x3ba1000 size=4194304 write_addr=0x3e2f2e8 write_len=4 is_color=1
xemu-perf: metal_surface_dirty vram_addr=0x3ba1000 size=4194304 write_addr=0x3e2f340 write_len=4 is_color=1
xemu-perf: metal_surface_dirty vram_addr=0x3ba1000 size=4194304 write_addr=0x3e2f288 write_len=4 is_color=1
xemu-perf: metal_surface_dirty vram_addr=0x3ba1000 size=4194304 write_addr=0x3e2f2e0 write_len=4 is_color=1
xemu-perf: metal_surface_dirty vram_addr=0x3ba1000 size=4194304 write_addr=0x3e2f320 write_len=4 is_color=1
xemu-perf: metal_surface_dirty vram_addr=0x3ba1000 size=4194304 write_addr=0x3e2f340 write_len=4 is_color=1
xemu-perf: metal_surface_dirty vram_addr=0x3ba1000 size=4194304 write_addr=0x3e2f288 write_len=4 is_color=1
xemu-perf: metal_surface_dirty vram_addr=0x3ba1000 size=4194304 write_addr=0x3e2f2e0 write_len=4 is_color=1
xemu-perf: metal_surface_dirty vram_addr=0x3ba1000 size=4194304 write_addr=0x3e2f328 write_len=4 is_color=1
xemu-perf: metal_surface_dirty vram_addr=0x3ba1000 size=4194304 write_addr=0x3e2f340 write_len=4 is_color=1
xemu-perf: metal_screenshot_written path=/tmp/task16-repro3/swizzle-mipmap/metal/screenshots/swizzle-mipmap.0216.png w=640 h=480
xemu-perf: metal_surface_dirty vram_addr=0x3ba1000 size=4194304 write_addr=0x3e2f290 write_len=4 is_color=1
xemu-perf: metal_surface_dirty vram_addr=0x3ba1000 size=4194304 write_addr=0x3e2f2e0 write_len=4 is_color=1
xemu-perf: metal_surface_dirty vram_addr=0x3ba1000 size=4194304 write_addr=0x3e2f328 write_len=4 is_color=1
xemu-perf: metal_surface_dirty vram_addr=0x3ba1000 size=4194304 write_addr=0x3e2f340 write_len=4 is_color=1
xemu-perf: metal_surface_dirty vram_addr=0x3ba1000 size=4194304 write_addr=0x3e2f2a0 write_len=4 is_color=1
xemu-perf: metal_surface_dirty vram_addr=0x3ba1000 size=4194304 write_addr=0x3e2f2d0 write_len=4 is_color=1
xemu-perf: metal_surface_dirty vram_addr=0x3ba1000 size=4194304 write_addr=0x3e2f320 write_len=4 is_color=1
xemu-perf: metal_surface_dirty vram_addr=0x3ba1000 size=4194304 write_addr=0x3e2f340 write_len=4 is_color=1
xemu-perf: metal_surface_dirty vram_addr=0x3ba1000 size=4194304 write_addr=0x3e2f288 write_len=4 is_color=1
xemu-perf: metal_surface_dirty vram_addr=0x3ba1000 size=4194304 write_addr=0x3e2f2e0 write_len=4 is_color=1
xemu-perf: metal_surface_dirty vram_addr=0x3ba1000 size=4194304 write_addr=0x3e2f328 write_len=4 is_color=1
xemu-perf: metal_surface_dirty vram_addr=0x3ba1000 size=4194304 write_addr=0x3e2f340 write_len=4 is_color=1
xemu-perf: metal_surface_dirty vram_addr=0x3ba1000 size=4194304 write_addr=0x3e2f290 write_len=4 is_color=1
xemu-perf: metal_surface_dirty vram_addr=0x3ba1000 size=4194304 write_addr=0x3e2f2e8 write_len=4 is_color=1
xemu-perf: metal_surface_dirty vram_addr=0x3ba1000 size=4194304 write_addr=0x3e2f328 write_len=4 is_color=1
xemu-perf: metal_surface_dirty vram_addr=0x3ba1000 size=4194304 write_addr=0x3e2f340 write_len=4 is_color=1
xemu-perf: metal_surface_dirty vram_addr=0x3ba1000 size=4194304 write_addr=0x3e2f2a8 write_len=4 is_color=1
xemu-perf: metal_surface_dirty vram_addr=0x3ba1000 size=4194304 write_addr=0x3e2f2c8 write_len=4 is_color=1
xemu-perf: metal_surface_dirty vram_addr=0x3ba1000 size=4194304 write_addr=0x3e2f320 write_len=4 is_color=1
xemu-perf: metal_surface_dirty vram_addr=0x3ba1000 size=4194304 write_addr=0x3e2f340 write_len=4 is_color=1
xemu-perf: metal_surface_dirty vram_addr=0x3ba1000 size=4194304 write_addr=0x3e2f2c0 write_len=4 is_color=1
xemu-perf: metal_surface_dirty vram_addr=0x3ba1000 size=4194304 write_addr=0x3e2f300 write_len=4 is_color=1
xemu-perf: metal_surface_dirty vram_addr=0x3ba1000 size=4194304 write_addr=0x3e2f340 write_len=4 is_color=1
xemu-perf: metal_screenshot_written path=/tmp/task16-repro3/swizzle-mipmap/metal/screenshots/swizzle-mipmap.0217.png w=640 h=480
xemu-perf: metal_surface_dirty vram_addr=0x3ba1000 size=4194304 write_addr=0x3e2f2a0 write_len=4 is_color=1
xemu-perf: metal_surface_dirty vram_addr=0x3ba1000 size=4194304 write_addr=0x3e2f2e0 write_len=4 is_color=1
xemu-perf: metal_surface_dirty vram_addr=0x3ba1000 size=4194304 write_addr=0x3e2f328 write_len=4 is_color=1
xemu-perf: metal_surface_dirty vram_addr=0x3ba1000 size=4194304 write_addr=0x3e2f340 write_len=4 is_color=1
xemu-perf: metal_surface_dirty vram_addr=0x3ba1000 size=4194304 write_addr=0x3e2f290 write_len=4 is_color=1
xemu-perf: metal_surface_dirty vram_addr=0x3ba1000 size=4194304 write_addr=0x3e2f2e8 write_len=4 is_color=1
xemu-perf: metal_surface_dirty vram_addr=0x3ba1000 size=4194304 write_addr=0x3e2f340 write_len=4 is_color=1
xemu-perf: metal_surface_dirty vram_addr=0x3ba1000 size=4194304 write_addr=0x3e2f2a0 write_len=4 is_color=1
xemu-perf: metal_surface_dirty vram_addr=0x3ba1000 size=4194304 write_addr=0x3e2f2e8 write_len=4 is_color=1
xemu-perf: metal_surface_dirty vram_addr=0x3ba1000 size=4194304 write_addr=0x3e2f340 write_len=4 is_color=1
xemu-perf: metal_surface_dirty vram_addr=0x3ba1000 size=4194304 write_addr=0x3e2f288 write_len=4 is_color=1
xemu-perf: metal_surface_dirty vram_addr=0x3ba1000 size=4194304 write_addr=0x3e2f2e8 write_len=4 is_color=1
xemu-perf: metal_surface_dirty vram_addr=0x3ba1000 size=4194304 write_addr=0x3e2f340 write_len=4 is_color=1
xemu-perf: metal_screenshot_written path=/tmp/task16-repro3/swizzle-mipmap/metal/screenshots/swizzle-mipmap.0218.png w=640 h=480
xemu-perf: metal_surface_dirty vram_addr=0x3ba1000 size=4194304 write_addr=0x3e2f2a0 write_len=4 is_color=1
xemu-perf: metal_surface_dirty vram_addr=0x3ba1000 size=4194304 write_addr=0x3e2f2d0 write_len=4 is_color=1
xemu-perf: metal_surface_dirty vram_addr=0x3ba1000 size=4194304 write_addr=0x3e2f31c write_len=4 is_color=1
xemu-perf: metal_surface_dirty vram_addr=0x3ba1000 size=4194304 write_addr=0x3e2f340 write_len=4 is_color=1
xemu-perf: metal_surface_dirty vram_addr=0x3ba1000 size=4194304 write_addr=0x3e2f2bc write_len=4 is_color=1
xemu-perf: metal_surface_dirty vram_addr=0x3ba1000 size=4194304 write_addr=0x3e2f300 write_len=4 is_color=1
xemu-perf: metal_surface_dirty vram_addr=0x3ba1000 size=4194304 write_addr=0x3e2f320 write_len=4 is_color=1
xemu-perf: metal_surface_dirty vram_addr=0x3ba1000 size=4194304 write_addr=0x3e2f340 write_len=4 is_color=1
xemu-perf: metal_surface_dirty vram_addr=0x3ba1000 size=4194304 write_addr=0x3e2f280 write_len=4 is_color=1
xemu-perf: metal_surface_dirty vram_addr=0x3ba1000 size=4194304 write_addr=0x3e2f2c8 write_len=4 is_color=1
xemu-perf: metal_surface_dirty vram_addr=0x3ba1000 size=4194304 write_addr=0x3e2f320 write_len=4 is_color=1
xemu-perf: metal_surface_dirty vram_addr=0x3ba1000 size=4194304 write_addr=0x3e2f340 write_len=4 is_color=1
xemu-perf: metal_surface_dirty vram_addr=0x3ba1000 size=4194304 write_addr=0x3e2f2c0 write_len=4 is_color=1
xemu-perf: metal_surface_dirty vram_addr=0x3ba1000 size=4194304 write_addr=0x3e2f300 write_len=4 is_color=1
xemu-perf: metal_surface_dirty vram_addr=0x3ba1000 size=4194304 write_addr=0x3e2f340 write_len=4 is_color=1
xemu-perf: metal_surface_dirty vram_addr=0x3ba1000 size=4194304 write_addr=0x3e2f298 write_len=4 is_color=1
xemu-perf: metal_surface_dirty vram_addr=0x3ba1000 size=4194304 write_addr=0x3e2f2e0 write_len=4 is_color=1
xemu-perf: metal_surface_dirty vram_addr=0x3ba1000 size=4194304 write_addr=0x3e2f340 write_len=4 is_color=1
xemu-perf: metal_surface_dirty vram_addr=0x3ba1000 size=4194304 write_addr=0x3e2f2c0 write_len=4 is_color=1
xemu-perf: metal_surface_dirty vram_addr=0x3ba1000 size=4194304 write_addr=0x3e2f300 write_len=4 is_color=1
xemu-perf: metal_surface_dirty vram_addr=0x3ba1000 size=4194304 write_addr=0x3e2f340 write_len=4 is_color=1
xemu-perf: metal_screenshot_written path=/tmp/task16-repro3/swizzle-mipmap/metal/screenshots/swizzle-mipmap.0219.png w=640 h=480
xemu-perf: metal_surface_dirty vram_addr=0x3ba1000 size=4194304 write_addr=0x3e2f2a0 write_len=4 is_color=1
xemu-perf: metal_surface_dirty vram_addr=0x3ba1000 size=4194304 write_addr=0x3e2f2e0 write_len=4 is_color=1
xemu-perf: metal_surface_dirty vram_addr=0x3ba1000 size=4194304 write_addr=0x3e2f320 write_len=4 is_color=1
xemu-perf: metal_surface_dirty vram_addr=0x3ba1000 size=4194304 write_addr=0x3e2f340 write_len=4 is_color=1
xemu-perf: metal_surface_dirty vram_addr=0x3ba1000 size=4194304 write_addr=0x3e2f2a0 write_len=4 is_color=1
xemu-perf: metal_surface_dirty vram_addr=0x3ba1000 size=4194304 write_addr=0x3e2f2e0 write_len=4 is_color=1
xemu-perf: metal_surface_dirty vram_addr=0x3ba1000 size=4194304 write_addr=0x3e2f328 write_len=4 is_color=1
xemu-perf: metal_surface_dirty vram_addr=0x3ba1000 size=4194304 write_addr=0x3e2f340 write_len=4 is_color=1
xemu-perf: metal_surface_dirty vram_addr=0x3ba1000 size=4194304 write_addr=0x3e2f29c write_len=4 is_color=1
xemu-perf: metal_surface_dirty vram_addr=0x3ba1000 size=4194304 write_addr=0x3e2f2d0 write_len=4 is_color=1
xemu-perf: metal_surface_dirty vram_addr=0x3ba1000 size=4194304 write_addr=0x3e2f320 write_len=4 is_color=1
xemu-perf: metal_surface_dirty vram_addr=0x3ba1000 size=4194304 write_addr=0x3e2f340 write_len=4 is_color=1
xemu-perf: metal_surface_dirty vram_addr=0x3ba1000 size=4194304 write_addr=0x3e2f280 write_len=4 is_color=1
xemu-perf: metal_surface_dirty vram_addr=0x3ba1000 size=4194304 write_addr=0x3e2f2c0 write_len=4 is_color=1
xemu-perf: metal_surface_dirty vram_addr=0x3ba1000 size=4194304 write_addr=0x3e2f308 write_len=4 is_color=1
xemu-perf: metal_surface_dirty vram_addr=0x3ba1000 size=4194304 write_addr=0x3e2f328 write_len=4 is_color=1
xemu-perf: metal_surface_dirty vram_addr=0x3ba1000 size=4194304 write_addr=0x3e2f340 write_len=4 is_color=1
xemu-perf: metal_screenshot_written path=/tmp/task16-repro3/swizzle-mipmap/metal/screenshots/swizzle-mipmap.0220.png w=640 h=480
xemu-perf: metal_surface_dirty vram_addr=0x3ba1000 size=4194304 write_addr=0x3e2f288 write_len=4 is_color=1
xemu-perf: metal_surface_dirty vram_addr=0x3ba1000 size=4194304 write_addr=0x3e2f2e8 write_len=4 is_color=1
xemu-perf: metal_surface_dirty vram_addr=0x3ba1000 size=4194304 write_addr=0x3e2f340 write_len=4 is_color=1
xemu-perf: metal_surface_dirty vram_addr=0x3ba1000 size=4194304 write_addr=0x3e2f2a0 write_len=4 is_color=1
xemu-perf: metal_surface_dirty vram_addr=0x3ba1000 size=4194304 write_addr=0x3e2f2e0 write_len=4 is_color=1
xemu-perf: metal_surface_dirty vram_addr=0x3ba1000 size=4194304 write_addr=0x3e2f308 write_len=4 is_color=1
xemu-perf: metal_surface_dirty vram_addr=0x3ba1000 size=4194304 write_addr=0x3e2f340 write_len=4 is_color=1
xemu-perf: metal_surface_dirty vram_addr=0x3ba1000 size=4194304 write_addr=0x3e2f2c0 write_len=4 is_color=1
xemu-perf: metal_surface_dirty vram_addr=0x3ba1000 size=4194304 write_addr=0x3e2f308 write_len=4 is_color=1
xemu-perf: metal_surface_dirty vram_addr=0x3ba1000 size=4194304 write_addr=0x3e2f340 write_len=4 is_color=1
xemu-perf: metal_surface_dirty vram_addr=0x3ba1000 size=4194304 write_addr=0x3e2f2a4 write_len=4 is_color=1
xemu-perf: metal_surface_dirty vram_addr=0x3ba1000 size=4194304 write_addr=0x3e2f2e8 write_len=4 is_color=1
xemu-perf: metal_surface_dirty vram_addr=0x3ba1000 size=4194304 write_addr=0x3e2f340 write_len=4 is_color=1
xemu-perf: metal_surface_dirty vram_addr=0x3ba1000 size=4194304 write_addr=0x3e2f290 write_len=4 is_color=1
xemu-perf: metal_surface_dirty vram_addr=0x3ba1000 size=4194304 write_addr=0x3e2f2e0 write_len=4 is_color=1
xemu-perf: metal_surface_dirty vram_addr=0x3ba1000 size=4194304 write_addr=0x3e2f338 write_len=4 is_color=1
xemu-perf: metal_surface_dirty vram_addr=0x3ba1000 size=4194304 write_addr=0x3e2f340 write_len=4 is_color=1
xemu-perf: metal_surface_dirty vram_addr=0x3ba1000 size=4194304 write_addr=0x3e2f2a0 write_len=4 is_color=1
xemu-perf: metal_surface_dirty vram_addr=0x3ba1000 size=4194304 write_addr=0x3e2f2e0 write_len=4 is_color=1
xemu-perf: metal_surface_dirty vram_addr=0x3ba1000 size=4194304 write_addr=0x3e2f328 write_len=4 is_color=1
xemu-perf: metal_surface_dirty vram_addr=0x3ba1000 size=4194304 write_addr=0x3e2f340 write_len=4 is_color=1
xemu-perf: metal_screenshot_written path=/tmp/task16-repro3/swizzle-mipmap/metal/screenshots/swizzle-mipmap.0221.png w=640 h=480
xemu-perf: metal_surface_dirty vram_addr=0x3ba1000 size=4194304 write_addr=0x3e2f2c0 write_len=4 is_color=1
xemu-perf: metal_surface_dirty vram_addr=0x3ba1000 size=4194304 write_addr=0x3e2f308 write_len=4 is_color=1
xemu-perf: metal_surface_dirty vram_addr=0x3ba1000 size=4194304 write_addr=0x3e2f340 write_len=4 is_color=1
xemu-perf: metal_surface_dirty vram_addr=0x3ba1000 size=4194304 write_addr=0x3e2f2a8 write_len=4 is_color=1
xemu-perf: metal_surface_dirty vram_addr=0x3ba1000 size=4194304 write_addr=0x3e2f2cc write_len=4 is_color=1
xemu-perf: metal_surface_dirty vram_addr=0x3ba1000 size=4194304 write_addr=0x3e2f320 write_len=4 is_color=1
xemu-perf: metal_surface_dirty vram_addr=0x3ba1000 size=4194304 write_addr=0x3e2f340 write_len=4 is_color=1
xemu-perf: metal_surface_dirty vram_addr=0x3ba1000 size=4194304 write_addr=0x3e2f288 write_len=4 is_color=1
xemu-perf: metal_surface_dirty vram_addr=0x3ba1000 size=4194304 write_addr=0x3e2f2e8 write_len=4 is_color=1
xemu-perf: metal_surface_dirty vram_addr=0x3ba1000 size=4194304 write_addr=0x3e2f340 write_len=4 is_color=1
xemu-perf: metal_surface_dirty vram_addr=0x3ba1000 size=4194304 write_addr=0x3e2f2a0 write_len=4 is_color=1
xemu-perf: metal_surface_dirty vram_addr=0x3ba1000 size=4194304 write_addr=0x3e2f2e0 write_len=4 is_color=1
xemu-perf: metal_surface_dirty vram_addr=0x3ba1000 size=4194304 write_addr=0x3e2f308 write_len=4 is_color=1
xemu-perf: metal_surface_dirty vram_addr=0x3ba1000 size=4194304 write_addr=0x3e2f340 write_len=4 is_color=1
xemu-perf: metal_screenshot_written path=/tmp/task16-repro3/swizzle-mipmap/metal/screenshots/swizzle-mipmap.0222.png w=640 h=480
xemu-perf: metal_surface_dirty vram_addr=0x3ba1000 size=4194304 write_addr=0x3e2f29c write_len=4 is_color=1
xemu-perf: metal_surface_dirty vram_addr=0x3ba1000 size=4194304 write_addr=0x3e2f2e0 write_len=4 is_color=1
xemu-perf: metal_surface_dirty vram_addr=0x3ba1000 size=4194304 write_addr=0x3e2f338 write_len=4 is_color=1
xemu-perf: metal_surface_dirty vram_addr=0x3ba1000 size=4194304 write_addr=0x3e2f340 write_len=4 is_color=1
xemu-perf: metal_surface_dirty vram_addr=0x3ba1000 size=4194304 write_addr=0x3e2f2b0 write_len=4 is_color=1
xemu-perf: metal_surface_dirty vram_addr=0x3ba1000 size=4194304 write_addr=0x3e2f300 write_len=4 is_color=1
xemu-perf: metal_surface_dirty vram_addr=0x3ba1000 size=4194304 write_addr=0x3e2f330 write_len=4 is_color=1
xemu-perf: metal_surface_dirty vram_addr=0x3ba1000 size=4194304 write_addr=0x3e2f340 write_len=4 is_color=1
xemu-perf: metal_surface_dirty vram_addr=0x3ba1000 size=4194304 write_addr=0x3e2f2a8 write_len=4 is_color=1
xemu-perf: metal_surface_dirty vram_addr=0x3ba1000 size=4194304 write_addr=0x3e2f308 write_len=4 is_color=1
xemu-perf: metal_surface_dirty vram_addr=0x3ba1000 size=4194304 write_addr=0x3e2f340 write_len=4 is_color=1
xemu-perf: metal_surface_dirty vram_addr=0x3ba1000 size=4194304 write_addr=0x3e2f2a0 write_len=4 is_color=1
xemu-perf: metal_surface_dirty vram_addr=0x3ba1000 size=4194304 write_addr=0x3e2f2d0 write_len=4 is_color=1
xemu-perf: metal_surface_dirty vram_addr=0x3ba1000 size=4194304 write_addr=0x3e2f328 write_len=4 is_color=1
xemu-perf: metal_surface_dirty vram_addr=0x3ba1000 size=4194304 write_addr=0x3e2f340 write_len=4 is_color=1
xemu-perf: metal_surface_dirty vram_addr=0x3ba1000 size=4194304 write_addr=0x3e2f2d4 write_len=4 is_color=1
xemu-perf: metal_surface_dirty vram_addr=0x3ba1000 size=4194304 write_addr=0x3e2f320 write_len=4 is_color=1
xemu-perf: metal_surface_dirty vram_addr=0x3ba1000 size=4194304 write_addr=0x3e2f340 write_len=4 is_color=1
xemu-perf: metal_surface_dirty vram_addr=0x3ba1000 size=4194304 write_addr=0x3e2f29c write_len=4 is_color=1
xemu-perf: metal_surface_dirty vram_addr=0x3ba1000 size=4194304 write_addr=0x3e2f2c8 write_len=4 is_color=1
xemu-perf: metal_surface_dirty vram_addr=0x3ba1000 size=4194304 write_addr=0x3e2f310 write_len=4 is_color=1
xemu-perf: metal_surface_dirty vram_addr=0x3ba1000 size=4194304 write_addr=0x3e2f340 write_len=4 is_color=1
xemu-perf: metal_screenshot_written path=/tmp/task16-repro3/swizzle-mipmap/metal/screenshots/swizzle-mipmap.0223.png w=640 h=480
xemu-perf: metal_surface_dirty vram_addr=0x3ba1000 size=4194304 write_addr=0x3e2f2a0 write_len=4 is_color=1
xemu-perf: metal_surface_dirty vram_addr=0x3ba1000 size=4194304 write_addr=0x3e2f308 write_len=4 is_color=1
xemu-perf: metal_surface_dirty vram_addr=0x3ba1000 size=4194304 write_addr=0x3e2f340 write_len=4 is_color=1
xemu-perf: metal_surface_dirty vram_addr=0x3ba1000 size=4194304 write_addr=0x3e2f290 write_len=4 is_color=1
xemu-perf: metal_surface_dirty vram_addr=0x3ba1000 size=4194304 write_addr=0x3e2f2e0 write_len=4 is_color=1
xemu-perf: metal_surface_dirty vram_addr=0x3ba1000 size=4194304 write_addr=0x3e2f330 write_len=4 is_color=1
xemu-perf: metal_surface_dirty vram_addr=0x3ba1000 size=4194304 write_addr=0x3e2f340 write_len=4 is_color=1
xemu-perf: metal_surface_dirty vram_addr=0x3ba1000 size=4194304 write_addr=0x3e2f2a8 write_len=4 is_color=1
xemu-perf: metal_surface_dirty vram_addr=0x3ba1000 size=4194304 write_addr=0x3e2f2c8 write_len=4 is_color=1
xemu-perf: metal_surface_dirty vram_addr=0x3ba1000 size=4194304 write_addr=0x3e2f320 write_len=4 is_color=1
xemu-perf: metal_surface_dirty vram_addr=0x3ba1000 size=4194304 write_addr=0x3e2f340 write_len=4 is_color=1
xemu-perf: metal_surface_dirty vram_addr=0x3ba1000 size=4194304 write_addr=0x3e2f2a0 write_len=4 is_color=1
xemu-perf: metal_surface_dirty vram_addr=0x3ba1000 size=4194304 write_addr=0x3e2f2e0 write_len=4 is_color=1
xemu-perf: metal_surface_dirty vram_addr=0x3ba1000 size=4194304 write_addr=0x3e2f328 write_len=4 is_color=1
xemu-perf: metal_surface_dirty vram_addr=0x3ba1000 size=4194304 write_addr=0x3e2f340 write_len=4 is_color=1
xemu-perf: metal_screenshot_written path=/tmp/task16-repro3/swizzle-mipmap/metal/screenshots/swizzle-mipmap.0224.png w=640 h=480
xemu-perf: metal_surface_dirty vram_addr=0x3ba1000 size=4194304 write_addr=0x3e2f2c8 write_len=4 is_color=1
xemu-perf: metal_surface_dirty vram_addr=0x3ba1000 size=4194304 write_addr=0x3e2f328 write_len=4 is_color=1
xemu-perf: metal_surface_dirty vram_addr=0x3ba1000 size=4194304 write_addr=0x3e2f340 write_len=4 is_color=1
xemu-perf: metal_surface_dirty vram_addr=0x3ba1000 size=4194304 write_addr=0x3e2f288 write_len=4 is_color=1
xemu-perf: metal_surface_dirty vram_addr=0x3ba1000 size=4194304 write_addr=0x3e2f2d0 write_len=4 is_color=1
xemu-perf: metal_surface_dirty vram_addr=0x3ba1000 size=4194304 write_addr=0x3e2f31c write_len=4 is_color=1
xemu-perf: metal_surface_dirty vram_addr=0x3ba1000 size=4194304 write_addr=0x3e2f340 write_len=4 is_color=1
xemu-perf: metal_surface_dirty vram_addr=0x3ba1000 size=4194304 write_addr=0x3e2f280 write_len=4 is_color=1
xemu-perf: metal_surface_dirty vram_addr=0x3ba1000 size=4194304 write_addr=0x3e2f2c8 write_len=4 is_color=1
xemu-perf: metal_surface_dirty vram_addr=0x3ba1000 size=4194304 write_addr=0x3e2f320 write_len=4 is_color=1
xemu-perf: metal_surface_dirty vram_addr=0x3ba1000 size=4194304 write_addr=0x3e2f340 write_len=4 is_color=1
xemu-perf: metal_surface_dirty vram_addr=0x3ba1000 size=4194304 write_addr=0x3e2f2c0 write_len=4 is_color=1
xemu-perf: metal_surface_dirty vram_addr=0x3ba1000 size=4194304 write_addr=0x3e2f300 write_len=4 is_color=1
xemu-perf: metal_surface_dirty vram_addr=0x3ba1000 size=4194304 write_addr=0x3e2f340 write_len=4 is_color=1
xemu-perf: metal_surface_dirty vram_addr=0x3ba1000 size=4194304 write_addr=0x3e2f280 write_len=4 is_color=1
xemu-perf: metal_surface_dirty vram_addr=0x3ba1000 size=4194304 write_addr=0x3e2f2e0 write_len=4 is_color=1
xemu-perf: metal_surface_dirty vram_addr=0x3ba1000 size=4194304 write_addr=0x3e2f328 write_len=4 is_color=1
xemu-perf: metal_surface_dirty vram_addr=0x3ba1000 size=4194304 write_addr=0x3e2f340 write_len=4 is_color=1
xemu-perf: metal_surface_dirty vram_addr=0x3ba1000 size=4194304 write_addr=0x3e2f2a8 write_len=4 is_color=1
xemu-perf: metal_surface_dirty vram_addr=0x3ba1000 size=4194304 write_addr=0x3e2f320 write_len=4 is_color=1
xemu-perf: metal_surface_dirty vram_addr=0x3ba1000 size=4194304 write_addr=0x3e2f340 write_len=4 is_color=1
xemu-perf: metal_screenshot_written path=/tmp/task16-repro3/swizzle-mipmap/metal/screenshots/swizzle-mipmap.0225.png w=640 h=480
xemu-perf: metal_surface_dirty vram_addr=0x3ba1000 size=4194304 write_addr=0x3e2f290 write_len=4 is_color=1
xemu-perf: metal_surface_dirty vram_addr=0x3ba1000 size=4194304 write_addr=0x3e2f2e0 write_len=4 is_color=1
xemu-perf: metal_surface_dirty vram_addr=0x3ba1000 size=4194304 write_addr=0x3e2f340 write_len=4 is_color=1
xemu-perf: metal_surface_dirty vram_addr=0x3ba1000 size=4194304 write_addr=0x3e2f2a0 write_len=4 is_color=1
xemu-perf: metal_surface_dirty vram_addr=0x3ba1000 size=4194304 write_addr=0x3e2f2e8 write_len=4 is_color=1
xemu-perf: metal_surface_dirty vram_addr=0x3ba1000 size=4194304 write_addr=0x3e2f340 write_len=4 is_color=1
xemu-perf: metal_surface_dirty vram_addr=0x3ba1000 size=4194304 write_addr=0x3e2f288 write_len=4 is_color=1
xemu-perf: metal_surface_dirty vram_addr=0x3ba1000 size=4194304 write_addr=0x3e2f2e0 write_len=4 is_color=1
xemu-perf: metal_surface_dirty vram_addr=0x3ba1000 size=4194304 write_addr=0x3e2f328 write_len=4 is_color=1
xemu-perf: metal_surface_dirty vram_addr=0x3ba1000 size=4194304 write_addr=0x3e2f340 write_len=4 is_color=1
xemu-perf: metal_surface_dirty vram_addr=0x3ba1000 size=4194304 write_addr=0x3e2f2c8 write_len=4 is_color=1
xemu-perf: metal_surface_dirty vram_addr=0x3ba1000 size=4194304 write_addr=0x3e2f320 write_len=4 is_color=1
xemu-perf: metal_surface_dirty vram_addr=0x3ba1000 size=4194304 write_addr=0x3e2f340 write_len=4 is_color=1
xemu-perf: metal_screenshot_written path=/tmp/task16-repro3/swizzle-mipmap/metal/screenshots/swizzle-mipmap.0226.png w=640 h=480
xemu-perf: metal_surface_dirty vram_addr=0x3ba1000 size=4194304 write_addr=0x3e2f290 write_len=4 is_color=1
xemu-perf: metal_surface_dirty vram_addr=0x3ba1000 size=4194304 write_addr=0x3e2f2d8 write_len=4 is_color=1
xemu-perf: metal_surface_dirty vram_addr=0x3ba1000 size=4194304 write_addr=0x3e2f310 write_len=4 is_color=1
xemu-perf: metal_surface_dirty vram_addr=0x3ba1000 size=4194304 write_addr=0x3e2f340 write_len=4 is_color=1
xemu-perf: metal_surface_dirty vram_addr=0x3ba1000 size=4194304 write_addr=0x3e2f280 write_len=4 is_color=1
xemu-perf: metal_surface_dirty vram_addr=0x3ba1000 size=4194304 write_addr=0x3e2f2a0 write_len=4 is_color=1
xemu-perf: metal_surface_dirty vram_addr=0x3ba1000 size=4194304 write_addr=0x3e2f2e8 write_len=4 is_color=1
xemu-perf: metal_surface_dirty vram_addr=0x3ba1000 size=4194304 write_addr=0x3e2f340 write_len=4 is_color=1
xemu-perf: metal_surface_dirty vram_addr=0x3ba1000 size=4194304 write_addr=0x3e2f2a8 write_len=4 is_color=1
xemu-perf: metal_surface_dirty vram_addr=0x3ba1000 size=4194304 write_addr=0x3e2f2e8 write_len=4 is_color=1
xemu-perf: metal_surface_dirty vram_addr=0x3ba1000 size=4194304 write_addr=0x3e2f340 write_len=4 is_color=1
xemu-perf: metal_surface_dirty vram_addr=0x3ba1000 size=4194304 write_addr=0x3e2f29c write_len=4 is_color=1
xemu-perf: metal_surface_dirty vram_addr=0x3ba1000 size=4194304 write_addr=0x3e2f2e0 write_len=4 is_color=1
xemu-perf: metal_surface_dirty vram_addr=0x3ba1000 size=4194304 write_addr=0x3e2f328 write_len=4 is_color=1
xemu-perf: metal_surface_dirty vram_addr=0x3ba1000 size=4194304 write_addr=0x3e2f340 write_len=4 is_color=1
xemu-perf: metal_surface_dirty vram_addr=0x3ba1000 size=4194304 write_addr=0x3e2f290 write_len=4 is_color=1
xemu-perf: metal_surface_dirty vram_addr=0x3ba1000 size=4194304 write_addr=0x3e2f2d8 write_len=4 is_color=1
xemu-perf: metal_surface_dirty vram_addr=0x3ba1000 size=4194304 write_addr=0x3e2f318 write_len=4 is_color=1
xemu-perf: metal_surface_dirty vram_addr=0x3ba1000 size=4194304 write_addr=0x3e2f340 write_len=4 is_color=1
xemu-perf: metal_surface_dirty vram_addr=0x3ba1000 size=4194304 write_addr=0x3e2f290 write_len=4 is_color=1
xemu-perf: metal_surface_dirty vram_addr=0x3ba1000 size=4194304 write_addr=0x3e2f2e0 write_len=4 is_color=1
xemu-perf: metal_surface_dirty vram_addr=0x3ba1000 size=4194304 write_addr=0x3e2f330 write_len=4 is_color=1
xemu-perf: metal_surface_dirty vram_addr=0x3ba1000 size=4194304 write_addr=0x3e2f340 write_len=4 is_color=1
xemu-perf: metal_screenshot_written path=/tmp/task16-repro3/swizzle-mipmap/metal/screenshots/swizzle-mipmap.0227.png w=640 h=480
xemu-perf: metal_surface_dirty vram_addr=0x3ba1000 size=4194304 write_addr=0x3e2f280 write_len=4 is_color=1
xemu-perf: metal_surface_dirty vram_addr=0x3ba1000 size=4194304 write_addr=0x3e2f2c8 write_len=4 is_color=1
xemu-perf: metal_surface_dirty vram_addr=0x3ba1000 size=4194304 write_addr=0x3e2f320 write_len=4 is_color=1
xemu-perf: metal_surface_dirty vram_addr=0x3ba1000 size=4194304 write_addr=0x3e2f340 write_len=4 is_color=1
xemu-perf: metal_surface_dirty vram_addr=0x3ba1000 size=4194304 write_addr=0x3e2f2a8 write_len=4 is_color=1
xemu-perf: metal_surface_dirty vram_addr=0x3ba1000 size=4194304 write_addr=0x3e2f300 write_len=4 is_color=1
xemu-perf: metal_surface_dirty vram_addr=0x3ba1000 size=4194304 write_addr=0x3e2f340 write_len=4 is_color=1
xemu-perf: metal_surface_dirty vram_addr=0x3ba1000 size=4194304 write_addr=0x3e2f2a8 write_len=4 is_color=1
xemu-perf: metal_surface_dirty vram_addr=0x3ba1000 size=4194304 write_addr=0x3e2f2e8 write_len=4 is_color=1
xemu-perf: metal_surface_dirty vram_addr=0x3ba1000 size=4194304 write_addr=0x3e2f340 write_len=4 is_color=1
xemu-perf: metal_surface_dirty vram_addr=0x3ba1000 size=4194304 write_addr=0x3e2f290 write_len=4 is_color=1
xemu-perf: metal_surface_dirty vram_addr=0x3ba1000 size=4194304 write_addr=0x3e2f2e0 write_len=4 is_color=1
xemu-perf: metal_surface_dirty vram_addr=0x3ba1000 size=4194304 write_addr=0x3e2f340 write_len=4 is_color=1
xemu-perf: metal_screenshot_written path=/tmp/task16-repro3/swizzle-mipmap/metal/screenshots/swizzle-mipmap.0228.png w=640 h=480
xemu-perf: metal_surface_dirty vram_addr=0x3ba1000 size=4194304 write_addr=0x3e2f2a8 write_len=4 is_color=1
xemu-perf: metal_surface_dirty vram_addr=0x3ba1000 size=4194304 write_addr=0x3e2f300 write_len=4 is_color=1
xemu-perf: metal_surface_dirty vram_addr=0x3ba1000 size=4194304 write_addr=0x3e2f340 write_len=4 is_color=1
xemu-perf: metal_surface_dirty vram_addr=0x3ba1000 size=4194304 write_addr=0x3e2f288 write_len=4 is_color=1
xemu-perf: metal_surface_dirty vram_addr=0x3ba1000 size=4194304 write_addr=0x3e2f2c0 write_len=4 is_color=1
xemu-perf: metal_surface_dirty vram_addr=0x3ba1000 size=4194304 write_addr=0x3e2f308 write_len=4 is_color=1
xemu-perf: metal_surface_dirty vram_addr=0x3ba1000 size=4194304 write_addr=0x3e2f340 write_len=4 is_color=1
xemu-perf: metal_surface_dirty vram_addr=0x3ba1000 size=4194304 write_addr=0x3e2f288 write_len=4 is_color=1
xemu-perf: metal_surface_dirty vram_addr=0x3ba1000 size=4194304 write_addr=0x3e2f2e0 write_len=4 is_color=1
xemu-perf: metal_surface_dirty vram_addr=0x3ba1000 size=4194304 write_addr=0x3e2f328 write_len=4 is_color=1
xemu-perf: metal_surface_dirty vram_addr=0x3ba1000 size=4194304 write_addr=0x3e2f340 write_len=4 is_color=1
xemu-perf: metal_surface_dirty vram_addr=0x3ba1000 size=4194304 write_addr=0x3e2f290 write_len=4 is_color=1
xemu-perf: metal_surface_dirty vram_addr=0x3ba1000 size=4194304 write_addr=0x3e2f2e0 write_len=4 is_color=1
xemu-perf: metal_surface_dirty vram_addr=0x3ba1000 size=4194304 write_addr=0x3e2f328 write_len=4 is_color=1
xemu-perf: metal_surface_dirty vram_addr=0x3ba1000 size=4194304 write_addr=0x3e2f340 write_len=4 is_color=1
xemu-perf: metal_surface_dirty vram_addr=0x3ba1000 size=4194304 write_addr=0x3e2f2c0 write_len=4 is_color=1
xemu-perf: metal_surface_dirty vram_addr=0x3ba1000 size=4194304 write_addr=0x3e2f300 write_len=4 is_color=1
xemu-perf: metal_surface_dirty vram_addr=0x3ba1000 size=4194304 write_addr=0x3e2f340 write_len=4 is_color=1
xemu-perf: metal_surface_dirty vram_addr=0x3ba1000 size=4194304 write_addr=0x3e2f288 write_len=4 is_color=1
xemu-perf: metal_surface_dirty vram_addr=0x3ba1000 size=4194304 write_addr=0x3e2f2e0 write_len=4 is_color=1
xemu-perf: metal_surface_dirty vram_addr=0x3ba1000 size=4194304 write_addr=0x3e2f340 write_len=4 is_color=1
xemu-perf: metal_screenshot_written path=/tmp/task16-repro3/swizzle-mipmap/metal/screenshots/swizzle-mipmap.0229.png w=640 h=480
xemu-perf: metal_surface_dirty vram_addr=0x3ba1000 size=4194304 write_addr=0x3e2f2a8 write_len=4 is_color=1
xemu-perf: metal_surface_dirty vram_addr=0x3ba1000 size=4194304 write_addr=0x3e2f2f0 write_len=4 is_color=1
xemu-perf: metal_surface_dirty vram_addr=0x3ba1000 size=4194304 write_addr=0x3e2f338 write_len=4 is_color=1
xemu-perf: metal_surface_dirty vram_addr=0x3ba1000 size=4194304 write_addr=0x3e2f340 write_len=4 is_color=1
xemu-perf: metal_surface_dirty vram_addr=0x3ba1000 size=4194304 write_addr=0x3e2f288 write_len=4 is_color=1
xemu-perf: metal_surface_dirty vram_addr=0x3ba1000 size=4194304 write_addr=0x3e2f2d0 write_len=4 is_color=1
xemu-perf: metal_surface_dirty vram_addr=0x3ba1000 size=4194304 write_addr=0x3e2f320 write_len=4 is_color=1
xemu-perf: metal_surface_dirty vram_addr=0x3ba1000 size=4194304 write_addr=0x3e2f340 write_len=4 is_color=1
xemu-perf: metal_surface_dirty vram_addr=0x3ba1000 size=4194304 write_addr=0x3e2f2a0 write_len=4 is_color=1
xemu-perf: metal_surface_dirty vram_addr=0x3ba1000 size=4194304 write_addr=0x3e2f2d0 write_len=4 is_color=1
xemu-perf: metal_surface_dirty vram_addr=0x3ba1000 size=4194304 write_addr=0x3e2f320 write_len=4 is_color=1
xemu-perf: metal_surface_dirty vram_addr=0x3ba1000 size=4194304 write_addr=0x3e2f340 write_len=4 is_color=1
xemu-perf: metal_surface_dirty vram_addr=0x3ba1000 size=4194304 write_addr=0x3e2f2a0 write_len=4 is_color=1
xemu-perf: metal_surface_dirty vram_addr=0x3ba1000 size=4194304 write_addr=0x3e2f2e0 write_len=4 is_color=1
xemu-perf: metal_surface_dirty vram_addr=0x3ba1000 size=4194304 write_addr=0x3e2f330 write_len=4 is_color=1
xemu-perf: metal_surface_dirty vram_addr=0x3ba1000 size=4194304 write_addr=0x3e2f340 write_len=4 is_color=1
xemu-perf: metal_screenshot_written path=/tmp/task16-repro3/swizzle-mipmap/metal/screenshots/swizzle-mipmap.0230.png w=640 h=480
xemu-perf: metal_surface_dirty vram_addr=0x3ba1000 size=4194304 write_addr=0x3e2f2a8 write_len=4 is_color=1
xemu-perf: metal_surface_dirty vram_addr=0x3ba1000 size=4194304 write_addr=0x3e2f300 write_len=4 is_color=1
xemu-perf: metal_surface_dirty vram_addr=0x3ba1000 size=4194304 write_addr=0x3e2f340 write_len=4 is_color=1
xemu-perf: metal_surface_dirty vram_addr=0x3ba1000 size=4194304 write_addr=0x3e2f2a0 write_len=4 is_color=1
xemu-perf: metal_surface_dirty vram_addr=0x3ba1000 size=4194304 write_addr=0x3e2f2e0 write_len=4 is_color=1
xemu-perf: metal_surface_dirty vram_addr=0x3ba1000 size=4194304 write_addr=0x3e2f320 write_len=4 is_color=1
xemu-perf: metal_surface_dirty vram_addr=0x3ba1000 size=4194304 write_addr=0x3e2f340 write_len=4 is_color=1
xemu-perf: metal_surface_dirty vram_addr=0x3ba1000 size=4194304 write_addr=0x3e2f2a8 write_len=4 is_color=1
xemu-perf: metal_surface_dirty vram_addr=0x3ba1000 size=4194304 write_addr=0x3e2f2f4 write_len=4 is_color=1
xemu-perf: metal_surface_dirty vram_addr=0x3ba1000 size=4194304 write_addr=0x3e2f330 write_len=4 is_color=1
xemu-perf: metal_surface_dirty vram_addr=0x3ba1000 size=4194304 write_addr=0x3e2f340 write_len=4 is_color=1
xemu-perf: metal_surface_dirty vram_addr=0x3ba1000 size=4194304 write_addr=0x3e2f288 write_len=4 is_color=1
xemu-perf: metal_surface_dirty vram_addr=0x3ba1000 size=4194304 write_addr=0x3e2f2e0 write_len=4 is_color=1
xemu-perf: metal_surface_dirty vram_addr=0x3ba1000 size=4194304 write_addr=0x3e2f328 write_len=4 is_color=1
xemu-perf: metal_surface_dirty vram_addr=0x3ba1000 size=4194304 write_addr=0x3e2f340 write_len=4 is_color=1
xemu-perf: metal_surface_dirty vram_addr=0x3ba1000 size=4194304 write_addr=0x3e2f2a8 write_len=4 is_color=1
xemu-perf: metal_surface_dirty vram_addr=0x3ba1000 size=4194304 write_addr=0x3e2f308 write_len=4 is_color=1
xemu-perf: metal_surface_dirty vram_addr=0x3ba1000 size=4194304 write_addr=0x3e2f340 write_len=4 is_color=1
xemu-perf: metal_surface_dirty vram_addr=0x3ba1000 size=4194304 write_addr=0x3e2f2c0 write_len=4 is_color=1
xemu-perf: metal_surface_dirty vram_addr=0x3ba1000 size=4194304 write_addr=0x3e2f300 write_len=4 is_color=1
xemu-perf: metal_surface_dirty vram_addr=0x3ba1000 size=4194304 write_addr=0x3e2f340 write_len=4 is_color=1
xemu-perf: metal_screenshot_written path=/tmp/task16-repro3/swizzle-mipmap/metal/screenshots/swizzle-mipmap.0231.png w=640 h=480
xemu-perf: metal_surface_dirty vram_addr=0x3ba1000 size=4194304 write_addr=0x3e2f290 write_len=4 is_color=1
xemu-perf: metal_surface_dirty vram_addr=0x3ba1000 size=4194304 write_addr=0x3e2f2e0 write_len=4 is_color=1
xemu-perf: metal_surface_dirty vram_addr=0x3ba1000 size=4194304 write_addr=0x3e2f328 write_len=4 is_color=1
xemu-perf: metal_surface_dirty vram_addr=0x3ba1000 size=4194304 write_addr=0x3e2f340 write_len=4 is_color=1
xemu-perf: metal_surface_dirty vram_addr=0x3ba1000 size=4194304 write_addr=0x3e2f2a8 write_len=4 is_color=1
xemu-perf: metal_surface_dirty vram_addr=0x3ba1000 size=4194304 write_addr=0x3e2f2c8 write_len=4 is_color=1
xemu-perf: metal_surface_dirty vram_addr=0x3ba1000 size=4194304 write_addr=0x3e2f320 write_len=4 is_color=1
xemu-perf: metal_surface_dirty vram_addr=0x3ba1000 size=4194304 write_addr=0x3e2f340 write_len=4 is_color=1
xemu-perf: metal_surface_dirty vram_addr=0x3ba1000 size=4194304 write_addr=0x3e2f28c write_len=4 is_color=1
xemu-perf: metal_surface_dirty vram_addr=0x3ba1000 size=4194304 write_addr=0x3e2f2e0 write_len=4 is_color=1
xemu-perf: metal_surface_dirty vram_addr=0x3ba1000 size=4194304 write_addr=0x3e2f320 write_len=4 is_color=1
xemu-perf: metal_surface_dirty vram_addr=0x3ba1000 size=4194304 write_addr=0x3e2f340 write_len=4 is_color=1
xemu-perf: metal_surface_dirty vram_addr=0x3ba1000 size=4194304 write_addr=0x3e2f288 write_len=4 is_color=1
xemu-perf: metal_surface_dirty vram_addr=0x3ba1000 size=4194304 write_addr=0x3e2f2e0 write_len=4 is_color=1
xemu-perf: metal_surface_dirty vram_addr=0x3ba1000 size=4194304 write_addr=0x3e2f330 write_len=4 is_color=1
xemu-perf: metal_surface_dirty vram_addr=0x3ba1000 size=4194304 write_addr=0x3e2f340 write_len=4 is_color=1
xemu-perf: metal_screenshot_written path=/tmp/task16-repro3/swizzle-mipmap/metal/screenshots/swizzle-mipmap.0232.png w=640 h=480
xemu-perf: metal_surface_dirty vram_addr=0x3ba1000 size=4194304 write_addr=0x3e2f288 write_len=4 is_color=1
xemu-perf: metal_surface_dirty vram_addr=0x3ba1000 size=4194304 write_addr=0x3e2f2e8 write_len=4 is_color=1
xemu-perf: metal_surface_dirty vram_addr=0x3ba1000 size=4194304 write_addr=0x3e2f340 write_len=4 is_color=1
xemu-perf: metal_surface_dirty vram_addr=0x3ba1000 size=4194304 write_addr=0x3e2f288 write_len=4 is_color=1
xemu-perf: metal_surface_dirty vram_addr=0x3ba1000 size=4194304 write_addr=0x3e2f2e8 write_len=4 is_color=1
xemu-perf: metal_surface_dirty vram_addr=0x3ba1000 size=4194304 write_addr=0x3e2f340 write_len=4 is_color=1
xemu-perf: metal_surface_dirty vram_addr=0x3ba1000 size=4194304 write_addr=0x3e2f290 write_len=4 is_color=1
xemu-perf: metal_surface_dirty vram_addr=0x3ba1000 size=4194304 write_addr=0x3e2f2e8 write_len=4 is_color=1
xemu-perf: metal_surface_dirty vram_addr=0x3ba1000 size=4194304 write_addr=0x3e2f340 write_len=4 is_color=1
xemu-perf: metal_surface_dirty vram_addr=0x3ba1000 size=4194304 write_addr=0x3e2f2a4 write_len=4 is_color=1
xemu-perf: metal_surface_dirty vram_addr=0x3ba1000 size=4194304 write_addr=0x3e2f2e0 write_len=4 is_color=1
xemu-perf: metal_surface_dirty vram_addr=0x3ba1000 size=4194304 write_addr=0x3e2f328 write_len=4 is_color=1
xemu-perf: metal_surface_dirty vram_addr=0x3ba1000 size=4194304 write_addr=0x3e2f340 write_len=4 is_color=1
xemu-perf: metal_surface_dirty vram_addr=0x3ba1000 size=4194304 write_addr=0x3e2f2a0 write_len=4 is_color=1
xemu-perf: metal_surface_dirty vram_addr=0x3ba1000 size=4194304 write_addr=0x3e2f2e8 write_len=4 is_color=1
xemu-perf: metal_surface_dirty vram_addr=0x3ba1000 size=4194304 write_addr=0x3e2f328 write_len=4 is_color=1
xemu-perf: metal_surface_dirty vram_addr=0x3ba1000 size=4194304 write_addr=0x3e2f340 write_len=4 is_color=1
xemu-perf: metal_surface_dirty vram_addr=0x3ba1000 size=4194304 write_addr=0x3e2f288 write_len=4 is_color=1
xemu-perf: metal_surface_dirty vram_addr=0x3ba1000 size=4194304 write_addr=0x3e2f2e0 write_len=4 is_color=1
xemu-perf: metal_surface_dirty vram_addr=0x3ba1000 size=4194304 write_addr=0x3e2f328 write_len=4 is_color=1
xemu-perf: metal_surface_dirty vram_addr=0x3ba1000 size=4194304 write_addr=0x3e2f340 write_len=4 is_color=1
xemu-perf: metal_screenshot_written path=/tmp/task16-repro3/swizzle-mipmap/metal/screenshots/swizzle-mipmap.0233.png w=640 h=480
xemu-perf: metal_surface_dirty vram_addr=0x3ba1000 size=4194304 write_addr=0x3e2f2c0 write_len=4 is_color=1
xemu-perf: metal_surface_dirty vram_addr=0x3ba1000 size=4194304 write_addr=0x3e2f2f0 write_len=4 is_color=1
xemu-perf: metal_surface_dirty vram_addr=0x3ba1000 size=4194304 write_addr=0x3e2f330 write_len=4 is_color=1
xemu-perf: metal_surface_dirty vram_addr=0x3ba1000 size=4194304 write_addr=0x3e2f340 write_len=4 is_color=1
xemu-perf: metal_surface_dirty vram_addr=0x3ba1000 size=4194304 write_addr=0x3e2f2b0 write_len=4 is_color=1
xemu-perf: metal_surface_dirty vram_addr=0x3ba1000 size=4194304 write_addr=0x3e2f2ec write_len=4 is_color=1
xemu-perf: metal_surface_dirty vram_addr=0x3ba1000 size=4194304 write_addr=0x3e2f340 write_len=4 is_color=1
xemu-perf: metal_surface_dirty vram_addr=0x3ba1000 size=4194304 write_addr=0x3e2f2a0 write_len=4 is_color=1
xemu-perf: metal_surface_dirty vram_addr=0x3ba1000 size=4194304 write_addr=0x3e2f2e0 write_len=4 is_color=1
xemu-perf: metal_surface_dirty vram_addr=0x3ba1000 size=4194304 write_addr=0x3e2f320 write_len=4 is_color=1
xemu-perf: metal_surface_dirty vram_addr=0x3ba1000 size=4194304 write_addr=0x3e2f340 write_len=4 is_color=1
xemu-perf: metal_surface_dirty vram_addr=0x3ba1000 size=4194304 write_addr=0x3e2f2b8 write_len=4 is_color=1
xemu-perf: metal_surface_dirty vram_addr=0x3ba1000 size=4194304 write_addr=0x3e2f2d0 write_len=4 is_color=1
xemu-perf: metal_surface_dirty vram_addr=0x3ba1000 size=4194304 write_addr=0x3e2f318 write_len=4 is_color=1
xemu-perf: metal_surface_dirty vram_addr=0x3ba1000 size=4194304 write_addr=0x3e2f340 write_len=4 is_color=1
xemu-perf: metal_screenshot_written path=/tmp/task16-repro3/swizzle-mipmap/metal/screenshots/swizzle-mipmap.0234.png w=640 h=480
xemu-perf: metal_surface_dirty vram_addr=0x3ba1000 size=4194304 write_addr=0x3e2f288 write_len=4 is_color=1
xemu-perf: metal_surface_dirty vram_addr=0x3ba1000 size=4194304 write_addr=0x3e2f2e0 write_len=4 is_color=1
xemu-perf: metal_surface_dirty vram_addr=0x3ba1000 size=4194304 write_addr=0x3e2f320 write_len=4 is_color=1
xemu-perf: metal_surface_dirty vram_addr=0x3ba1000 size=4194304 write_addr=0x3e2f340 write_len=4 is_color=1
xemu-perf: metal_surface_dirty vram_addr=0x3ba1000 size=4194304 write_addr=0x3e2f290 write_len=4 is_color=1
xemu-perf: metal_surface_dirty vram_addr=0x3ba1000 size=4194304 write_addr=0x3e2f2e8 write_len=4 is_color=1
xemu-perf: metal_surface_dirty vram_addr=0x3ba1000 size=4194304 write_addr=0x3e2f340 write_len=4 is_color=1
xemu-perf: metal_surface_dirty vram_addr=0x3ba1000 size=4194304 write_addr=0x3e2f2a8 write_len=4 is_color=1
xemu-perf: metal_surface_dirty vram_addr=0x3ba1000 size=4194304 write_addr=0x3e2f308 write_len=4 is_color=1
xemu-perf: metal_surface_dirty vram_addr=0x3ba1000 size=4194304 write_addr=0x3e2f340 write_len=4 is_color=1
xemu-perf: metal_surface_dirty vram_addr=0x3ba1000 size=4194304 write_addr=0x3e2f2a8 write_len=4 is_color=1
xemu-perf: metal_surface_dirty vram_addr=0x3ba1000 size=4194304 write_addr=0x3e2f308 write_len=4 is_color=1
xemu-perf: metal_surface_dirty vram_addr=0x3ba1000 size=4194304 write_addr=0x3e2f340 write_len=4 is_color=1
xemu-perf: metal_surface_dirty vram_addr=0x3ba1000 size=4194304 write_addr=0x3e2f290 write_len=4 is_color=1
xemu-perf: metal_surface_dirty vram_addr=0x3ba1000 size=4194304 write_addr=0x3e2f2e8 write_len=4 is_color=1
xemu-perf: metal_surface_dirty vram_addr=0x3ba1000 size=4194304 write_addr=0x3e2f328 write_len=4 is_color=1
xemu-perf: metal_surface_dirty vram_addr=0x3ba1000 size=4194304 write_addr=0x3e2f340 write_len=4 is_color=1
xemu-perf: metal_surface_dirty vram_addr=0x3ba1000 size=4194304 write_addr=0x3e2f290 write_len=4 is_color=1
xemu-perf: metal_surface_dirty vram_addr=0x3ba1000 size=4194304 write_addr=0x3e2f2e0 write_len=4 is_color=1
xemu-perf: metal_surface_dirty vram_addr=0x3ba1000 size=4194304 write_addr=0x3e2f330 write_len=4 is_color=1
xemu-perf: metal_surface_dirty vram_addr=0x3ba1000 size=4194304 write_addr=0x3e2f340 write_len=4 is_color=1
xemu-perf: metal_screenshot_written path=/tmp/task16-repro3/swizzle-mipmap/metal/screenshots/swizzle-mipmap.0235.png w=640 h=480
xemu-perf: metal_surface_dirty vram_addr=0x3ba1000 size=4194304 write_addr=0x3e2f290 write_len=4 is_color=1
xemu-perf: metal_surface_dirty vram_addr=0x3ba1000 size=4194304 write_addr=0x3e2f2c0 write_len=4 is_color=1
xemu-perf: metal_surface_dirty vram_addr=0x3ba1000 size=4194304 write_addr=0x3e2f300 write_len=4 is_color=1
xemu-perf: metal_surface_dirty vram_addr=0x3ba1000 size=4194304 write_addr=0x3e2f340 write_len=4 is_color=1
xemu-perf: metal_surface_dirty vram_addr=0x3ba1000 size=4194304 write_addr=0x3e2f290 write_len=4 is_color=1
xemu-perf: metal_surface_dirty vram_addr=0x3ba1000 size=4194304 write_addr=0x3e2f2e0 write_len=4 is_color=1
xemu-perf: metal_surface_dirty vram_addr=0x3ba1000 size=4194304 write_addr=0x3e2f328 write_len=4 is_color=1
xemu-perf: metal_surface_dirty vram_addr=0x3ba1000 size=4194304 write_addr=0x3e2f340 write_len=4 is_color=1
xemu-perf: metal_surface_dirty vram_addr=0x3ba1000 size=4194304 write_addr=0x3e2f284 write_len=4 is_color=1
xemu-perf: metal_surface_dirty vram_addr=0x3ba1000 size=4194304 write_addr=0x3e2f2c0 write_len=4 is_color=1
xemu-perf: metal_surface_dirty vram_addr=0x3ba1000 size=4194304 write_addr=0x3e2f308 write_len=4 is_color=1
xemu-perf: metal_surface_dirty vram_addr=0x3ba1000 size=4194304 write_addr=0x3e2f340 write_len=4 is_color=1
xemu-perf: metal_surface_dirty vram_addr=0x3ba1000 size=4194304 write_addr=0x3e2f2a4 write_len=4 is_color=1
xemu-perf: metal_surface_dirty vram_addr=0x3ba1000 size=4194304 write_addr=0x3e2f300 write_len=4 is_color=1
xemu-perf: metal_surface_dirty vram_addr=0x3ba1000 size=4194304 write_addr=0x3e2f340 write_len=4 is_color=1
xemu-perf: metal_screenshot_written path=/tmp/task16-repro3/swizzle-mipmap/metal/screenshots/swizzle-mipmap.0236.png w=640 h=480
xemu-perf: metal_surface_dirty vram_addr=0x3ba1000 size=4194304 write_addr=0x3e2f288 write_len=4 is_color=1
xemu-perf: metal_surface_dirty vram_addr=0x3ba1000 size=4194304 write_addr=0x3e2f2e8 write_len=4 is_color=1
xemu-perf: metal_surface_dirty vram_addr=0x3ba1000 size=4194304 write_addr=0x3e2f340 write_len=4 is_color=1
xemu-perf: metal_surface_dirty vram_addr=0x3ba1000 size=4194304 write_addr=0x3e2f2a8 write_len=4 is_color=1
xemu-perf: metal_surface_dirty vram_addr=0x3ba1000 size=4194304 write_addr=0x3e2f2e0 write_len=4 is_color=1
xemu-perf: metal_surface_dirty vram_addr=0x3ba1000 size=4194304 write_addr=0x3e2f328 write_len=4 is_color=1
xemu-perf: metal_surface_dirty vram_addr=0x3ba1000 size=4194304 write_addr=0x3e2f340 write_len=4 is_color=1
xemu-perf: metal_surface_dirty vram_addr=0x3ba1000 size=4194304 write_addr=0x3e2f288 write_len=4 is_color=1
xemu-perf: metal_surface_dirty vram_addr=0x3ba1000 size=4194304 write_addr=0x3e2f2e8 write_len=4 is_color=1
xemu-perf: metal_surface_dirty vram_addr=0x3ba1000 size=4194304 write_addr=0x3e2f340 write_len=4 is_color=1
xemu-perf: metal_surface_dirty vram_addr=0x3ba1000 size=4194304 write_addr=0x3e2f2a8 write_len=4 is_color=1
xemu-perf: metal_surface_dirty vram_addr=0x3ba1000 size=4194304 write_addr=0x3e2f320 write_len=4 is_color=1
xemu-perf: metal_surface_dirty vram_addr=0x3ba1000 size=4194304 write_addr=0x3e2f340 write_len=4 is_color=1
xemu-perf: metal_surface_dirty vram_addr=0x3ba1000 size=4194304 write_addr=0x3e2f2a0 write_len=4 is_color=1
xemu-perf: metal_surface_dirty vram_addr=0x3ba1000 size=4194304 write_addr=0x3e2f2d0 write_len=4 is_color=1
xemu-perf: metal_surface_dirty vram_addr=0x3ba1000 size=4194304 write_addr=0x3e2f320 write_len=4 is_color=1
xemu-perf: metal_surface_dirty vram_addr=0x3ba1000 size=4194304 write_addr=0x3e2f340 write_len=4 is_color=1
xemu-perf: metal_surface_dirty vram_addr=0x3ba1000 size=4194304 write_addr=0x3e2f290 write_len=4 is_color=1
xemu-perf: metal_surface_dirty vram_addr=0x3ba1000 size=4194304 write_addr=0x3e2f2e8 write_len=4 is_color=1
xemu-perf: metal_surface_dirty vram_addr=0x3ba1000 size=4194304 write_addr=0x3e2f340 write_len=4 is_color=1
xemu-perf: metal_screenshot_written path=/tmp/task16-repro3/swizzle-mipmap/metal/screenshots/swizzle-mipmap.0237.png w=640 h=480
xemu-perf: metal_surface_dirty vram_addr=0x3ba1000 size=4194304 write_addr=0x3e2f2a0 write_len=4 is_color=1
xemu-perf: metal_surface_dirty vram_addr=0x3ba1000 size=4194304 write_addr=0x3e2f2c8 write_len=4 is_color=1
xemu-perf: metal_surface_dirty vram_addr=0x3ba1000 size=4194304 write_addr=0x3e2f320 write_len=4 is_color=1
xemu-perf: metal_surface_dirty vram_addr=0x3ba1000 size=4194304 write_addr=0x3e2f340 write_len=4 is_color=1
xemu-perf: metal_surface_dirty vram_addr=0x3ba1000 size=4194304 write_addr=0x3e2f2c0 write_len=4 is_color=1
xemu-perf: metal_surface_dirty vram_addr=0x3ba1000 size=4194304 write_addr=0x3e2f300 write_len=4 is_color=1
xemu-perf: metal_surface_dirty vram_addr=0x3ba1000 size=4194304 write_addr=0x3e2f340 write_len=4 is_color=1
xemu-perf: metal_screenshot_written path=/tmp/task16-repro3/swizzle-mipmap/metal/screenshots/swizzle-mipmap.0238.png w=640 h=480
xemu-perf: metal_screenshot_written path=/tmp/task16-repro3/swizzle-mipmap/metal/screenshots/swizzle-mipmap.0239.png w=640 h=480
xemu-perf: metal_screenshot_written path=/tmp/task16-repro3/swizzle-mipmap/metal/screenshots/swizzle-mipmap.0240.png w=640 h=480
xemu-perf: metal_screenshot_written path=/tmp/task16-repro3/swizzle-mipmap/metal/screenshots/swizzle-mipmap.0241.png w=640 h=480
xemu-perf: metal_screenshot_written path=/tmp/task16-repro3/swizzle-mipmap/metal/screenshots/swizzle-mipmap.0242.png w=640 h=480
xemu-perf: metal_screenshot_written path=/tmp/task16-repro3/swizzle-mipmap/metal/screenshots/swizzle-mipmap.0243.png w=640 h=480
xemu-perf: metal_screenshot_written path=/tmp/task16-repro3/swizzle-mipmap/metal/screenshots/swizzle-mipmap.0244.png w=640 h=480
xemu-perf: metal_screenshot_written path=/tmp/task16-repro3/swizzle-mipmap/metal/screenshots/swizzle-mipmap.0245.png w=640 h=480
xemu-perf: metal_screenshot_written path=/tmp/task16-repro3/swizzle-mipmap/metal/screenshots/swizzle-mipmap.0246.png w=640 h=480
xemu-perf: metal_screenshot_written path=/tmp/task16-repro3/swizzle-mipmap/metal/screenshots/swizzle-mipmap.0247.png w=640 h=480
xemu-perf: metal_screenshot_written path=/tmp/task16-repro3/swizzle-mipmap/metal/screenshots/swizzle-mipmap.0248.png w=640 h=480
xemu-perf: metal_screenshot_written path=/tmp/task16-repro3/swizzle-mipmap/metal/screenshots/swizzle-mipmap.0249.png w=640 h=480
xemu-perf: metal_screenshot_written path=/tmp/task16-repro3/swizzle-mipmap/metal/screenshots/swizzle-mipmap.0250.png w=640 h=480
xemu-perf: metal_screenshot_written path=/tmp/task16-repro3/swizzle-mipmap/metal/screenshots/swizzle-mipmap.0251.png w=640 h=480
xemu-perf: metal_screenshot_written path=/tmp/task16-repro3/swizzle-mipmap/metal/screenshots/swizzle-mipmap.0252.png w=640 h=480
xemu-perf: metal_screenshot_written path=/tmp/task16-repro3/swizzle-mipmap/metal/screenshots/swizzle-mipmap.0253.png w=640 h=480
xemu-perf: metal_surface_dirty vram_addr=0x3aa8000 size=1228800 write_addr=0x3aa8000 write_len=4 is_color=1
xemu-perf: metal_screenshot_written path=/tmp/task16-repro3/swizzle-mipmap/metal/screenshots/swizzle-mipmap.0254.png w=640 h=480
xemu-perf: metal_surface_dirty vram_addr=0x3bd4000 size=1228800 write_addr=0x3bd4000 write_len=4 is_color=1
xemu-perf: metal_surface_dirty vram_addr=0x3d00000 size=1228800 write_addr=0x3d00000 write_len=4 is_color=1
xemu-perf: metal_screenshot_written path=/tmp/task16-repro3/swizzle-mipmap/metal/screenshots/swizzle-mipmap.0255.png w=640 h=480
xemu-perf: interval_id=10 interval_start_us=197741701523 interval_end_us=197749605502 interval_ms=7903 frames=34 fps=4.30 mspf_avg=75.584 mspf_min=2.392 mspf_max=2184.477 increment_fps=60 BEGIN_ENDS=4772 NATIVE_TRI_DEPTH_DRAW=4772 NATIVE_TRI_DEPTH_DRAW_SMOOTH=4772 TCG_TB_EXEC_COUNT=647995613 TCG_TB_INVALIDATE_COUNT=19810 TCG_NOTDIRTY_TRIPS=651234 TCG_NOTDIRTY_PAGES_HIT=651106 TCG_TB_INVALIDATE_BURST_MAX=425 TCG_JMP_CACHE_ZEROED_BUCKETS=81751394 TCG_INVALIDATE_WALL_US_MAX=95 TCG_INVALIDATE_WALL_US_TOTAL=4083 TCG_TB_LOOKUP_US_TOTAL=0 TCG_TB_GEN_CODE_US_TOTAL=0 TCG_HANDLE_INTERRUPT_US_TOTAL=0 TCG_XBOX_IDLE_LOOP_HITS=0 TCG_XBOX_IDLE_LOOP_YIELDS=0 TCG_XBOX_IDLE_LOOP_HALTS=0 MMIO_READ_COUNT=0 MMIO_READ_US_TOTAL=0 MMIO_READ_US_MAX=0 MMIO_READ_PGRAPH_COUNT=0 MMIO_READ_PGRAPH_US_TOTAL=0 MMIO_READ_PGRAPH_US_MAX=0 NV2A_VBLANK_FIRES=493 NV2A_FLIP_STALL_WRITES=34 NV2A_PRESENT_HEARTBEAT=334 XEMU_GL_SWAPS=0 RATE_SLEW_RATIO_E6=1000000 RATE_SLEW_ACTIVE=0 APU_LOCK_HOLD_US_TOTAL=13444 APU_VCPU_LOCK_WAIT_US_MAX=0 PFIFO_PUSHER_RUNS=10458 PFIFO_PUSHER_STALLS=6346 PFIFO_PUSHER_STALL_FLIP=0 PFIFO_PUSHER_STALL_NOP=6198 PFIFO_PUSHER_STALL_FIFO=230 PFIFO_PULLER_CALLS=86301 PFIFO_PULLER_STALLS=34 PFIFO_PULLER_STALL_FLIP=34 PFIFO_PULLER_STALL_NOP=0 PFIFO_PULLER_STALL_CONTEXT=0 PFIFO_PULLER_STALL_FIFO=0 PFIFO_PUSHER_WORDS=311361 PFIFO_PULLER_METHOD_WORDS=237802 PFIFO_DMA_BACKLOG_BYTES_MAX=65204224 PFIFO_USER_DMA_PUT_WRITES=9398 PFIFO_USER_DMA_GET_WRITES=0 PFIFO_USER_DMA_PUT_READS=0 PFIFO_USER_DMA_GET_READS=347063 PGRAPH_PATT_COLOR0_WRITES=0 PGRAPH_PATT_COLOR0_READS=0 PGRAPH_FLIP_STALL_SETS=34 PGRAPH_FLIP_STALL_CHECKS=68 PGRAPH_FLIP_STALL_STILL_WAITING=34 PGRAPH_FLIP_STALL_COMPLETES=34 METAL_DRAW_COUNT=4772 METAL_DRAW_INDEXED_COUNT=2638 METAL_NATIVE_TRI_DEPTH_DRAWS=4772 METAL_NATIVE_QUAD_DRAWS=0 METAL_CLEAR_COUNT=342 METAL_GLSL_TRANSLATE=0 METAL_GLSL_TRANSLATE_FAIL=0 METAL_SHADER_VALIDATE_OK=0 METAL_SHADER_VALIDATE_FAIL=0 METAL_PIPELINE_HITS=4772 METAL_PIPELINE_MISSES=0 METAL_PIPELINE_FAILED=0 METAL_TEX_UPLOADS_TOTAL=50 METAL_TEX_UPLOAD_BYTES_TOTAL=86314212 METAL_TEX_CACHE_HITS=10064 METAL_TEX_CACHE_MISSES=50 METAL_PIPELINE_KEY_BUILT=4772 METAL_PIPELINE_TRANSLATED_OK=4772 METAL_PIPELINE_TRANSLATED_FAILED=0 METAL_DISPATCH_US_TOTAL=78998 METAL_TEX_BIND_US_TOTAL=38468 METAL_DRAW_ENCODE_US_TOTAL=18098 METAL_DRAW_PASS_OPENS=385 METAL_DRAW_PASS_COALESCED=4387 METAL_DRAW_PASS_FLUSHES=374 METAL_OPEN_PASS_FLUSH_US_TOTAL=4782 METAL_TEX_UPLOAD_US_TOTAL=2373 METAL_DRAW_TRANSLATED=4772 METAL_PIPELINE_FALLBACKS=0 METAL_UNIFORM_PACK=9544 METAL_UNIFORM_BYTES=31227968 METAL_SHADER_COMPILE_QUEUED_TOTAL=0 METAL_SHADER_COMPILE_COMPLETED_TOTAL=0 METAL_SHADER_COMPILE_FAILED_TOTAL=0 METAL_DRAWS_SKIPPED_PENDING_TOTAL=0 METAL_DRAWS_USING_UBERSHADER_TOTAL=0 METAL_SHADER_CACHE_LOADS=0 METAL_SHADER_CACHE_HITS=0 METAL_SHADER_CACHE_MISSES=0 METAL_PRESENTS=0 METAL_PRESENT_JITTER_US_TOTAL=0 METAL_PRESENT_JITTER_US_AVG=0 METAL_PRESENT_JITTER_US_MAX=0 METAL_DRAWABLE_ACQUIRE_FAILS=0 METAL_DISPLAY_LINK_CALLBACKS=0 METAL_MSAA_RESOLVE_COUNT=0 METAL_MSAA_RESOLVE_US_TOTAL=0 METAL_MSAA_SAMPLE_COUNT=1 METAL_FX_SPATIAL_PRESENTS=0 METAL_FX_SPATIAL_US_TOTAL=0 METAL_FX_SCALE_FACTOR=1 METAL_FX_SPATIAL_GPU_US_TOTAL=0 METAL_VERTEX_US_TOTAL=14396 METAL_FRAGMENT_US_TOTAL=18753 METAL_PRESENT_GPU_US_TOTAL=36555 METAL_PRESENT_GPU_FRAMES=986 METAL_CAPTURE_FRAMES=0 METAL_CAPTURE_ACTIVE=0 METAL_SCREENSHOTS_TAKEN=66 METAL_FRONT_FB_PUBLISHES=34 METAL_SURFACE_CACHE_SIZE=24 METAL_IMAGE_BLITS=0 METAL_SURFACE_VRAM_DIRTY_HITS=753 METAL_SURFACE_VRAM_UPLOADS=753 METAL_SURFACE_VRAM_UPLOAD_BYTES=3085205504 METAL_SURFACE_RECREATE_SHAPE_MISMATCH=0 METAL_SURFACE_DOWNLOADS=34 METAL_SURFACE_DOWNLOAD_BYTES=85295104 METAL_SURFACE_DOWNLOAD_US_TOTAL=29796 METAL_DRAW_RT_DUMPS=0 METAL_SURFACE_GRAPH_DUMPS=0 METAL_SIBLING_SYNCS=0 METAL_SIBLING_SYNC_SKIPS=0 METAL_FLAT_QUAD_PROPAGATIONS=0 INPUT_USB_POLLS=0 INPUT_BACKEND_UPDATES=986 INPUT_LAT_US_TOTAL=0 INPUT_LAT_US_MAX=0 IDE_READ_SUBMITS=8 IDE_READ_COMPLETES=8 IDE_READ_BYTES=155648 IDE_READ_LAT_US_TOTAL=5101 IDE_READ_LAT_US_MAX=939 IDE_READ_LAT_GT_16MS=0 IDE_READ_LAT_GT_33MS=0 IDE_READ_LAT_GT_50MS=0 IDE_READ_LAT_GT_100MS=0 IDE_READ_INFLIGHT_MAX=1 ATAPI_PIO_SYNC_READS=0 ATAPI_PIO_SYNC_BYTES=0 ATAPI_PIO_SYNC_US_TOTAL=0 ATAPI_PIO_SYNC_US_MAX=0 HELPER_RDTSC_CALLS=4303 PIT_IRQ_TIMER_FIRES=16396 PIT_COALESCE_EVENTS=0 PIT_COALESCE_LATE_US_TOTAL=0 PIT_COALESCE_LATE_US_MAX=0 PIT_COALESCE_SKIPPED_TRANSITIONS=0
xemu-perf: metal_draw_target vram_addr=0x32a4000 count=34
xemu-perf: metal_draw_target vram_addr=0x2854000 count=433
xemu-perf: metal_draw_target vram_addr=0x2894000 count=433
xemu-perf: metal_draw_target vram_addr=0x28d4000 count=433
xemu-perf: metal_draw_target vram_addr=0x2914000 count=433
xemu-perf: metal_draw_target vram_addr=0x2954000 count=433
xemu-perf: metal_draw_target vram_addr=0x2994000 count=433
xemu-perf: metal_draw_target vram_addr=0x3628000 count=33
xemu-perf: metal_draw_target vram_addr=0x3bd4000 count=700
xemu-perf: metal_draw_target vram_addr=0x3d00000 count=700
xemu-perf: metal_draw_target vram_addr=0x3aa8000 count=700
xemu-perf: metal_draw_target vram_addr=0x3ba1000 count=7
xemu-perf: metal_screenshot_written path=/tmp/task16-repro3/swizzle-mipmap/metal/screenshots/swizzle-mipmap.0256.png w=640 h=480
xemu-perf: metal_surface_dirty vram_addr=0x2994000 size=262144 write_addr=0x29a4000 write_len=4 is_color=1
xemu-perf: metal_screenshot_written path=/tmp/task16-repro3/swizzle-mipmap/metal/screenshots/swizzle-mipmap.0257.png w=640 h=480
xemu-perf: metal_surface_dirty vram_addr=0x3628000 size=2457600 write_addr=0x3628000 write_len=2457600 is_color=1
xemu-perf: metal_surface_dirty vram_addr=0x3628000 size=2457600 write_addr=0x3628000 write_len=2457600 is_color=1
xemu-perf: metal_surface_dirty vram_addr=0x3628000 size=2457600 write_addr=0x3628000 write_len=2457600 is_color=1
xemu-perf: metal_screenshot_written path=/tmp/task16-repro3/swizzle-mipmap/metal/screenshots/swizzle-mipmap.0258.png w=640 h=480
xemu-perf: metal_surface_dirty vram_addr=0x3628000 size=2457600 write_addr=0x3628000 write_len=2457600 is_color=1
xemu-perf: metal_surface_dirty vram_addr=0x3628000 size=2457600 write_addr=0x3628000 write_len=2457600 is_color=1
xemu-perf: metal_surface_dirty vram_addr=0x3628000 size=2457600 write_addr=0x3628000 write_len=2457600 is_color=1
xemu-perf: metal_surface_dirty vram_addr=0x3628000 size=2457600 write_addr=0x3628000 write_len=2457600 is_color=1
xemu-perf: metal_surface_dirty vram_addr=0x3628000 size=2457600 write_addr=0x3628000 write_len=2457600 is_color=1
xemu-perf: metal_surface_dirty vram_addr=0x3628000 size=2457600 write_addr=0x3628000 write_len=2457600 is_color=1
xemu-perf: metal_surface_dirty vram_addr=0x3628000 size=2457600 write_addr=0x3628000 write_len=2457600 is_color=1
xemu-perf: metal_surface_dirty vram_addr=0x3628000 size=2457600 write_addr=0x3628000 write_len=2457600 is_color=1
xemu-perf: metal_screenshot_written path=/tmp/task16-repro3/swizzle-mipmap/metal/screenshots/swizzle-mipmap.0259.png w=640 h=480
xemu-perf: metal_surface_dirty vram_addr=0x3628000 size=2457600 write_addr=0x3628000 write_len=2457600 is_color=1
xemu-perf: metal_surface_dirty vram_addr=0x3628000 size=2457600 write_addr=0x3628000 write_len=2457600 is_color=1
xemu-perf: metal_surface_dirty vram_addr=0x3628000 size=2457600 write_addr=0x3628000 write_len=2457600 is_color=1
xemu-perf: metal_surface_dirty vram_addr=0x3628000 size=2457600 write_addr=0x3628000 write_len=2457600 is_color=1
xemu-perf: metal_surface_dirty vram_addr=0x3628000 size=2457600 write_addr=0x3628000 write_len=2457600 is_color=1
xemu-perf: metal_surface_dirty vram_addr=0x3628000 size=2457600 write_addr=0x3628000 write_len=2457600 is_color=1
xemu-perf: metal_surface_dirty vram_addr=0x3628000 size=2457600 write_addr=0x3628000 write_len=2457600 is_color=1
xemu-perf: metal_screenshot_written path=/tmp/task16-repro3/swizzle-mipmap/metal/screenshots/swizzle-mipmap.0260.png w=640 h=480
xemu-perf: metal_surface_dirty vram_addr=0x3628000 size=2457600 write_addr=0x3628000 write_len=2457600 is_color=1
xemu-perf: metal_surface_dirty vram_addr=0x3628000 size=2457600 write_addr=0x3628000 write_len=2457600 is_color=1
xemu-perf: metal_surface_dirty vram_addr=0x3628000 size=2457600 write_addr=0x3628000 write_len=2457600 is_color=1
xemu-perf: metal_surface_dirty vram_addr=0x3628000 size=2457600 write_addr=0x3628000 write_len=2457600 is_color=1
xemu-perf: metal_surface_dirty vram_addr=0x3628000 size=2457600 write_addr=0x3628000 write_len=2457600 is_color=1
xemu-perf: metal_surface_dirty vram_addr=0x3628000 size=2457600 write_addr=0x3628000 write_len=2457600 is_color=1
xemu-perf: metal_surface_dirty vram_addr=0x3628000 size=2457600 write_addr=0x3628000 write_len=2457600 is_color=1
xemu-perf: metal_surface_dirty vram_addr=0x3628000 size=2457600 write_addr=0x3628000 write_len=2457600 is_color=1
xemu-perf: metal_screenshot_written path=/tmp/task16-repro3/swizzle-mipmap/metal/screenshots/swizzle-mipmap.0261.png w=640 h=480
xemu-perf: metal_surface_dirty vram_addr=0x3628000 size=2457600 write_addr=0x3628000 write_len=2457600 is_color=1
xemu-perf: metal_surface_dirty vram_addr=0x3628000 size=2457600 write_addr=0x3628000 write_len=2457600 is_color=1
xemu-perf: metal_surface_dirty vram_addr=0x3628000 size=2457600 write_addr=0x3628000 write_len=2457600 is_color=1
xemu-perf: metal_surface_dirty vram_addr=0x3628000 size=2457600 write_addr=0x3628000 write_len=2457600 is_color=1
xemu-perf: metal_surface_dirty vram_addr=0x3628000 size=2457600 write_addr=0x3628000 write_len=2457600 is_color=1
xemu-perf: metal_surface_dirty vram_addr=0x3628000 size=2457600 write_addr=0x3628000 write_len=2457600 is_color=1
xemu-perf: metal_surface_dirty vram_addr=0x3628000 size=2457600 write_addr=0x3628000 write_len=2457600 is_color=1
xemu-perf: metal_surface_dirty vram_addr=0x3ba1000 size=4194304 write_addr=0x3eb4000 write_len=1 is_color=1
xemu-perf: metal_screenshot_written path=/tmp/task16-repro3/swizzle-mipmap/metal/screenshots/swizzle-mipmap.0262.png w=640 h=480
xemu-perf: metal_surface_dirty vram_addr=0x3aa8000 size=1228800 write_addr=0x3aa8000 write_len=1 is_color=1
xemu-perf: metal_screenshot_written path=/tmp/task16-repro3/swizzle-mipmap/metal/screenshots/swizzle-mipmap.0263.png w=640 h=480
xemu-perf: metal_surface_dirty vram_addr=0x3ba1000 size=4194304 write_addr=0x3e2f2a8 write_len=4 is_color=1
xemu-perf: metal_surface_dirty vram_addr=0x3ba1000 size=4194304 write_addr=0x3e2f2e0 write_len=4 is_color=1
xemu-perf: metal_surface_dirty vram_addr=0x3ba1000 size=4194304 write_addr=0x3e2f320 write_len=4 is_color=1
xemu-perf: metal_unswizzle_dump w=64 h=64 Q0=(B00 G00 Rff Aff) Q1=(B00 Gff R00 Aff) Q2=(Bff G00 R00 Aff) Q3=(B00 Gff Rff Aff)
xemu-perf: metal_unswizzle_dump w=32 h=32 Q0=(B00 G00 Rdf Aff) Q1=(B00 Gdf R00 Aff) Q2=(Bdf G00 R00 Aff) Q3=(B00 Gdf Rdf Aff)
xemu-perf: metal_unswizzle_dump w=16 h=16 Q0=(B00 G00 Rbf Aff) Q1=(B00 Gbf R00 Aff) Q2=(Bbf G00 R00 Aff) Q3=(B00 Gbf Rbf Aff)
xemu-perf: metal_unswizzle_dump w=8 h=8 Q0=(B00 G00 R9f Aff) Q1=(B00 G9f R00 Aff) Q2=(B9f G00 R00 Aff) Q3=(B00 G9f R9f Aff)
xemu-perf: metal_unswizzle_dump w=4 h=4 Q0=(B00 G00 R7f Aff) Q1=(B00 G7f R00 Aff) Q2=(B7f G00 R00 Aff) Q3=(B00 G7f R7f Aff)
xemu-perf: metal_unswizzle_dump w=2 h=2 Q0=(B00 G00 R5f Aff) Q1=(B00 G5f R00 Aff) Q2=(B5f G00 R00 Aff) Q3=(B00 G5f R5f Aff)
xemu-perf: metal_surface_dirty vram_addr=0x3ba1000 size=4194304 write_addr=0x3e2f340 write_len=4 is_color=1
xemu-perf: metal_surface_dirty vram_addr=0x3ba1000 size=4194304 write_addr=0x3e2f288 write_len=4 is_color=1
xemu-perf: metal_surface_dirty vram_addr=0x3ba1000 size=4194304 write_addr=0x3e2f2e0 write_len=4 is_color=1
xemu-perf: metal_surface_dirty vram_addr=0x3ba1000 size=4194304 write_addr=0x3e2f340 write_len=4 is_color=1
xemu-perf: metal_surface_dirty vram_addr=0x3ba1000 size=4194304 write_addr=0x3e2f2a8 write_len=4 is_color=1
xemu-perf: metal_surface_dirty vram_addr=0x3ba1000 size=4194304 write_addr=0x3e2f2c8 write_len=4 is_color=1
xemu-perf: metal_surface_dirty vram_addr=0x3ba1000 size=4194304 write_addr=0x3e2f320 write_len=4 is_color=1
xemu-perf: metal_surface_dirty vram_addr=0x3ba1000 size=4194304 write_addr=0x3e2f340 write_len=4 is_color=1
xemu-perf: metal_surface_dirty vram_addr=0x3ba1000 size=4194304 write_addr=0x3e2f2a0 write_len=4 is_color=1
xemu-perf: metal_surface_dirty vram_addr=0x3ba1000 size=4194304 write_addr=0x3e2f2e0 write_len=4 is_color=1
xemu-perf: metal_surface_dirty vram_addr=0x3ba1000 size=4194304 write_addr=0x3e2f328 write_len=4 is_color=1
xemu-perf: metal_surface_dirty vram_addr=0x3ba1000 size=4194304 write_addr=0x3e2f340 write_len=4 is_color=1
xemu-perf: metal_screenshot_written path=/tmp/task16-repro3/swizzle-mipmap/metal/screenshots/swizzle-mipmap.0264.png w=640 h=480
xemu-perf: metal_surface_dirty vram_addr=0x3ba1000 size=4194304 write_addr=0x3e2f2a8 write_len=4 is_color=1
xemu-perf: metal_surface_dirty vram_addr=0x3ba1000 size=4194304 write_addr=0x3e2f320 write_len=4 is_color=1
xemu-perf: metal_surface_dirty vram_addr=0x3ba1000 size=4194304 write_addr=0x3e2f340 write_len=4 is_color=1
xemu-perf: metal_surface_dirty vram_addr=0x3ba1000 size=4194304 write_addr=0x3e2f290 write_len=4 is_color=1
xemu-perf: metal_surface_dirty vram_addr=0x3ba1000 size=4194304 write_addr=0x3e2f2c8 write_len=4 is_color=1
xemu-perf: metal_surface_dirty vram_addr=0x3ba1000 size=4194304 write_addr=0x3e2f320 write_len=4 is_color=1
xemu-perf: metal_surface_dirty vram_addr=0x3ba1000 size=4194304 write_addr=0x3e2f340 write_len=4 is_color=1
xemu-perf: metal_surface_dirty vram_addr=0x3ba1000 size=4194304 write_addr=0x3e2f2a8 write_len=4 is_color=1
xemu-perf: metal_surface_dirty vram_addr=0x3ba1000 size=4194304 write_addr=0x3e2f308 write_len=4 is_color=1
xemu-perf: metal_surface_dirty vram_addr=0x3ba1000 size=4194304 write_addr=0x3e2f340 write_len=4 is_color=1
xemu-perf: metal_surface_dirty vram_addr=0x3ba1000 size=4194304 write_addr=0x3e2f2a0 write_len=4 is_color=1
xemu-perf: metal_surface_dirty vram_addr=0x3ba1000 size=4194304 write_addr=0x3e2f300 write_len=4 is_color=1
xemu-perf: metal_surface_dirty vram_addr=0x3ba1000 size=4194304 write_addr=0x3e2f340 write_len=4 is_color=1
xemu-perf: metal_surface_dirty vram_addr=0x3ba1000 size=4194304 write_addr=0x3e2f2a8 write_len=4 is_color=1
xemu-perf: metal_surface_dirty vram_addr=0x3ba1000 size=4194304 write_addr=0x3e2f308 write_len=4 is_color=1
xemu-perf: metal_surface_dirty vram_addr=0x3ba1000 size=4194304 write_addr=0x3e2f340 write_len=4 is_color=1
xemu-perf: metal_screenshot_written path=/tmp/task16-repro3/swizzle-mipmap/metal/screenshots/swizzle-mipmap.0265.png w=640 h=480
xemu-perf: metal_surface_dirty vram_addr=0x3ba1000 size=4194304 write_addr=0x3e2f290 write_len=4 is_color=1
xemu-perf: metal_surface_dirty vram_addr=0x3ba1000 size=4194304 write_addr=0x3e2f2d8 write_len=4 is_color=1
xemu-perf: metal_surface_dirty vram_addr=0x3ba1000 size=4194304 write_addr=0x3e2f308 write_len=4 is_color=1
xemu-perf: metal_surface_dirty vram_addr=0x3ba1000 size=4194304 write_addr=0x3e2f340 write_len=4 is_color=1
xemu-perf: metal_surface_dirty vram_addr=0x3ba1000 size=4194304 write_addr=0x3e2f290 write_len=4 is_color=1
xemu-perf: metal_surface_dirty vram_addr=0x3ba1000 size=4194304 write_addr=0x3e2f2e8 write_len=4 is_color=1
xemu-perf: metal_surface_dirty vram_addr=0x3ba1000 size=4194304 write_addr=0x3e2f340 write_len=4 is_color=1
xemu-perf: metal_surface_dirty vram_addr=0x3ba1000 size=4194304 write_addr=0x3e2f2c0 write_len=4 is_color=1
xemu-perf: metal_surface_dirty vram_addr=0x3ba1000 size=4194304 write_addr=0x3e2f300 write_len=4 is_color=1
xemu-perf: metal_surface_dirty vram_addr=0x3ba1000 size=4194304 write_addr=0x3e2f340 write_len=4 is_color=1
xemu-perf: metal_surface_dirty vram_addr=0x3ba1000 size=4194304 write_addr=0x3e2f2c0 write_len=4 is_color=1
xemu-perf: metal_surface_dirty vram_addr=0x3ba1000 size=4194304 write_addr=0x3e2f300 write_len=4 is_color=1
xemu-perf: metal_surface_dirty vram_addr=0x3ba1000 size=4194304 write_addr=0x3e2f340 write_len=4 is_color=1
xemu-perf: metal_surface_dirty vram_addr=0x3ba1000 size=4194304 write_addr=0x3e2f288 write_len=4 is_color=1
xemu-perf: metal_surface_dirty vram_addr=0x3ba1000 size=4194304 write_addr=0x3e2f2e0 write_len=4 is_color=1
xemu-perf: metal_surface_dirty vram_addr=0x3ba1000 size=4194304 write_addr=0x3e2f330 write_len=4 is_color=1
xemu-perf: metal_surface_dirty vram_addr=0x3ba1000 size=4194304 write_addr=0x3e2f340 write_len=4 is_color=1
xemu-perf: metal_screenshot_written path=/tmp/task16-repro3/swizzle-mipmap/metal/screenshots/swizzle-mipmap.0266.png w=640 h=480
xemu-perf: metal_surface_dirty vram_addr=0x3ba1000 size=4194304 write_addr=0x3e2f2a0 write_len=4 is_color=1
xemu-perf: metal_surface_dirty vram_addr=0x3ba1000 size=4194304 write_addr=0x3e2f2e0 write_len=4 is_color=1
xemu-perf: metal_surface_dirty vram_addr=0x3ba1000 size=4194304 write_addr=0x3e2f328 write_len=4 is_color=1
xemu-perf: metal_surface_dirty vram_addr=0x3ba1000 size=4194304 write_addr=0x3e2f340 write_len=4 is_color=1
xemu-perf: metal_surface_dirty vram_addr=0x3ba1000 size=4194304 write_addr=0x3e2f2c0 write_len=4 is_color=1
xemu-perf: metal_surface_dirty vram_addr=0x3ba1000 size=4194304 write_addr=0x3e2f300 write_len=4 is_color=1
xemu-perf: metal_surface_dirty vram_addr=0x3ba1000 size=4194304 write_addr=0x3e2f340 write_len=4 is_color=1
xemu-perf: metal_surface_dirty vram_addr=0x3ba1000 size=4194304 write_addr=0x3e2f2a8 write_len=4 is_color=1
xemu-perf: metal_surface_dirty vram_addr=0x3ba1000 size=4194304 write_addr=0x3e2f308 write_len=4 is_color=1
xemu-perf: metal_surface_dirty vram_addr=0x3ba1000 size=4194304 write_addr=0x3e2f340 write_len=4 is_color=1
xemu-perf: metal_surface_dirty vram_addr=0x3ba1000 size=4194304 write_addr=0x3e2f2c8 write_len=4 is_color=1
xemu-perf: metal_surface_dirty vram_addr=0x3ba1000 size=4194304 write_addr=0x3e2f308 write_len=4 is_color=1
xemu-perf: metal_surface_dirty vram_addr=0x3ba1000 size=4194304 write_addr=0x3e2f340 write_len=4 is_color=1
xemu-perf: metal_surface_dirty vram_addr=0x3ba1000 size=4194304 write_addr=0x3e2f290 write_len=4 is_color=1
xemu-perf: metal_surface_dirty vram_addr=0x3ba1000 size=4194304 write_addr=0x3e2f2d0 write_len=4 is_color=1
xemu-perf: metal_surface_dirty vram_addr=0x3ba1000 size=4194304 write_addr=0x3e2f328 write_len=4 is_color=1
xemu-perf: metal_surface_dirty vram_addr=0x3ba1000 size=4194304 write_addr=0x3e2f340 write_len=4 is_color=1
xemu-perf: metal_screenshot_written path=/tmp/task16-repro3/swizzle-mipmap/metal/screenshots/swizzle-mipmap.0267.png w=640 h=480
xemu-perf: metal_surface_dirty vram_addr=0x3ba1000 size=4194304 write_addr=0x3e2f2a0 write_len=4 is_color=1
xemu-perf: metal_surface_dirty vram_addr=0x3ba1000 size=4194304 write_addr=0x3e2f2d0 write_len=4 is_color=1
xemu-perf: metal_surface_dirty vram_addr=0x3ba1000 size=4194304 write_addr=0x3e2f310 write_len=4 is_color=1
xemu-perf: metal_surface_dirty vram_addr=0x3ba1000 size=4194304 write_addr=0x3e2f328 write_len=4 is_color=1
xemu-perf: metal_surface_dirty vram_addr=0x3ba1000 size=4194304 write_addr=0x3e2f340 write_len=4 is_color=1
xemu-perf: metal_surface_dirty vram_addr=0x3ba1000 size=4194304 write_addr=0x3e2f2a0 write_len=4 is_color=1
xemu-perf: metal_surface_dirty vram_addr=0x3ba1000 size=4194304 write_addr=0x3e2f2e8 write_len=4 is_color=1
xemu-perf: metal_surface_dirty vram_addr=0x3ba1000 size=4194304 write_addr=0x3e2f340 write_len=4 is_color=1
xemu-perf: metal_surface_dirty vram_addr=0x3ba1000 size=4194304 write_addr=0x3e2f290 write_len=4 is_color=1
xemu-perf: metal_surface_dirty vram_addr=0x3ba1000 size=4194304 write_addr=0x3e2f2e8 write_len=4 is_color=1
xemu-perf: metal_surface_dirty vram_addr=0x3ba1000 size=4194304 write_addr=0x3e2f340 write_len=4 is_color=1
xemu-perf: metal_surface_dirty vram_addr=0x3ba1000 size=4194304 write_addr=0x3e2f290 write_len=4 is_color=1
xemu-perf: metal_surface_dirty vram_addr=0x3ba1000 size=4194304 write_addr=0x3e2f2e8 write_len=4 is_color=1
xemu-perf: metal_surface_dirty vram_addr=0x3ba1000 size=4194304 write_addr=0x3e2f340 write_len=4 is_color=1
xemu-perf: metal_surface_dirty vram_addr=0x3ba1000 size=4194304 write_addr=0x3e2f298 write_len=4 is_color=1
xemu-perf: metal_surface_dirty vram_addr=0x3ba1000 size=4194304 write_addr=0x3e2f2d8 write_len=4 is_color=1
xemu-perf: metal_surface_dirty vram_addr=0x3ba1000 size=4194304 write_addr=0x3e2f308 write_len=4 is_color=1
xemu-perf: metal_surface_dirty vram_addr=0x3ba1000 size=4194304 write_addr=0x3e2f340 write_len=4 is_color=1
xemu-perf: metal_screenshot_written path=/tmp/task16-repro3/swizzle-mipmap/metal/screenshots/swizzle-mipmap.0268.png w=640 h=480
xemu-perf: metal_surface_dirty vram_addr=0x3ba1000 size=4194304 write_addr=0x3e2f288 write_len=4 is_color=1
xemu-perf: metal_surface_dirty vram_addr=0x3ba1000 size=4194304 write_addr=0x3e2f2e8 write_len=4 is_color=1
xemu-perf: metal_surface_dirty vram_addr=0x3ba1000 size=4194304 write_addr=0x3e2f340 write_len=4 is_color=1
xemu-perf: metal_surface_dirty vram_addr=0x3ba1000 size=4194304 write_addr=0x3e2f288 write_len=4 is_color=1
xemu-perf: metal_surface_dirty vram_addr=0x3ba1000 size=4194304 write_addr=0x3e2f2e8 write_len=4 is_color=1
xemu-perf: metal_surface_dirty vram_addr=0x3ba1000 size=4194304 write_addr=0x3e2f340 write_len=4 is_color=1
xemu-perf: metal_surface_dirty vram_addr=0x3ba1000 size=4194304 write_addr=0x3e2f2c0 write_len=4 is_color=1
xemu-perf: metal_surface_dirty vram_addr=0x3ba1000 size=4194304 write_addr=0x3e2f308 write_len=4 is_color=1
xemu-perf: metal_surface_dirty vram_addr=0x3ba1000 size=4194304 write_addr=0x3e2f340 write_len=4 is_color=1
xemu-perf: metal_surface_dirty vram_addr=0x3ba1000 size=4194304 write_addr=0x3e2f2c0 write_len=4 is_color=1
xemu-perf: metal_surface_dirty vram_addr=0x3ba1000 size=4194304 write_addr=0x3e2f300 write_len=4 is_color=1
xemu-perf: metal_surface_dirty vram_addr=0x3ba1000 size=4194304 write_addr=0x3e2f340 write_len=4 is_color=1
xemu-perf: metal_surface_dirty vram_addr=0x3ba1000 size=4194304 write_addr=0x3e2f2a8 write_len=4 is_color=1
xemu-perf: metal_surface_dirty vram_addr=0x3ba1000 size=4194304 write_addr=0x3e2f300 write_len=4 is_color=1
xemu-perf: metal_surface_dirty vram_addr=0x3ba1000 size=4194304 write_addr=0x3e2f340 write_len=4 is_color=1
xemu-perf: metal_screenshot_written path=/tmp/task16-repro3/swizzle-mipmap/metal/screenshots/swizzle-mipmap.0269.png w=640 h=480
xemu-perf: metal_surface_dirty vram_addr=0x3ba1000 size=4194304 write_addr=0x3e2f2a8 write_len=4 is_color=1
xemu-perf: metal_surface_dirty vram_addr=0x3ba1000 size=4194304 write_addr=0x3e2f2fc write_len=4 is_color=1
xemu-perf: metal_surface_dirty vram_addr=0x3ba1000 size=4194304 write_addr=0x3e2f328 write_len=4 is_color=1
xemu-perf: metal_surface_dirty vram_addr=0x3ba1000 size=4194304 write_addr=0x3e2f340 write_len=4 is_color=1
xemu-perf: metal_surface_dirty vram_addr=0x3ba1000 size=4194304 write_addr=0x3e2f288 write_len=4 is_color=1
xemu-perf: metal_surface_dirty vram_addr=0x3ba1000 size=4194304 write_addr=0x3e2f2e8 write_len=4 is_color=1
xemu-perf: metal_surface_dirty vram_addr=0x3ba1000 size=4194304 write_addr=0x3e2f340 write_len=4 is_color=1
xemu-perf: metal_surface_dirty vram_addr=0x3ba1000 size=4194304 write_addr=0x3e2f288 write_len=4 is_color=1
xemu-perf: metal_surface_dirty vram_addr=0x3ba1000 size=4194304 write_addr=0x3e2f320 write_len=4 is_color=1
xemu-perf: metal_surface_dirty vram_addr=0x3ba1000 size=4194304 write_addr=0x3e2f340 write_len=4 is_color=1
xemu-perf: metal_surface_dirty vram_addr=0x3ba1000 size=4194304 write_addr=0x3e2f290 write_len=4 is_color=1
xemu-perf: metal_surface_dirty vram_addr=0x3ba1000 size=4194304 write_addr=0x3e2f2e0 write_len=4 is_color=1
xemu-perf: metal_surface_dirty vram_addr=0x3ba1000 size=4194304 write_addr=0x3e2f340 write_len=4 is_color=1
xemu-perf: metal_surface_dirty vram_addr=0x3ba1000 size=4194304 write_addr=0x3e2f2a0 write_len=4 is_color=1
xemu-perf: metal_surface_dirty vram_addr=0x3ba1000 size=4194304 write_addr=0x3e2f328 write_len=4 is_color=1
xemu-perf: metal_surface_dirty vram_addr=0x3ba1000 size=4194304 write_addr=0x3e2f340 write_len=4 is_color=1
xemu-perf: metal_screenshot_written path=/tmp/task16-repro3/swizzle-mipmap/metal/screenshots/swizzle-mipmap.0270.png w=640 h=480
xemu-perf: metal_surface_dirty vram_addr=0x3ba1000 size=4194304 write_addr=0x3e2f2a0 write_len=4 is_color=1
xemu-perf: metal_surface_dirty vram_addr=0x3ba1000 size=4194304 write_addr=0x3e2f2e8 write_len=4 is_color=1
xemu-perf: metal_surface_dirty vram_addr=0x3ba1000 size=4194304 write_addr=0x3e2f340 write_len=4 is_color=1
xemu-perf: metal_surface_dirty vram_addr=0x3ba1000 size=4194304 write_addr=0x3e2f2c0 write_len=4 is_color=1
xemu-perf: metal_surface_dirty vram_addr=0x3ba1000 size=4194304 write_addr=0x3e2f300 write_len=4 is_color=1
xemu-perf: metal_surface_dirty vram_addr=0x3ba1000 size=4194304 write_addr=0x3e2f340 write_len=4 is_color=1
xemu-perf: metal_surface_dirty vram_addr=0x3ba1000 size=4194304 write_addr=0x3e2f288 write_len=4 is_color=1
xemu-perf: metal_surface_dirty vram_addr=0x3ba1000 size=4194304 write_addr=0x3e2f2e8 write_len=4 is_color=1
xemu-perf: metal_surface_dirty vram_addr=0x3ba1000 size=4194304 write_addr=0x3e2f340 write_len=4 is_color=1
xemu-perf: metal_surface_dirty vram_addr=0x3ba1000 size=4194304 write_addr=0x3e2f29c write_len=4 is_color=1
xemu-perf: metal_surface_dirty vram_addr=0x3ba1000 size=4194304 write_addr=0x3e2f2e0 write_len=4 is_color=1
xemu-perf: metal_surface_dirty vram_addr=0x3ba1000 size=4194304 write_addr=0x3e2f330 write_len=4 is_color=1
xemu-perf: metal_surface_dirty vram_addr=0x3ba1000 size=4194304 write_addr=0x3e2f340 write_len=4 is_color=1
xemu-perf: metal_surface_dirty vram_addr=0x3ba1000 size=4194304 write_addr=0x3e2f2a0 write_len=4 is_color=1
xemu-perf: metal_surface_dirty vram_addr=0x3ba1000 size=4194304 write_addr=0x3e2f2e8 write_len=4 is_color=1
xemu-perf: metal_surface_dirty vram_addr=0x3ba1000 size=4194304 write_addr=0x3e2f340 write_len=4 is_color=1
xemu-perf: metal_screenshot_written path=/tmp/task16-repro3/swizzle-mipmap/metal/screenshots/swizzle-mipmap.0271.png w=640 h=480
xemu-perf: metal_surface_dirty vram_addr=0x3ba1000 size=4194304 write_addr=0x3e2f29c write_len=4 is_color=1
xemu-perf: metal_surface_dirty vram_addr=0x3ba1000 size=4194304 write_addr=0x3e2f2e0 write_len=4 is_color=1
xemu-perf: metal_surface_dirty vram_addr=0x3ba1000 size=4194304 write_addr=0x3e2f340 write_len=4 is_color=1
xemu-perf: metal_surface_dirty vram_addr=0x3ba1000 size=4194304 write_addr=0x3e2f2a0 write_len=4 is_color=1
xemu-perf: metal_surface_dirty vram_addr=0x3ba1000 size=4194304 write_addr=0x3e2f2f0 write_len=4 is_color=1
xemu-perf: metal_surface_dirty vram_addr=0x3ba1000 size=4194304 write_addr=0x3e2f340 write_len=4 is_color=1
xemu-perf: metal_surface_dirty vram_addr=0x3ba1000 size=4194304 write_addr=0x3e2f288 write_len=4 is_color=1
xemu-perf: metal_surface_dirty vram_addr=0x3ba1000 size=4194304 write_addr=0x3e2f2e8 write_len=4 is_color=1
xemu-perf: metal_surface_dirty vram_addr=0x3ba1000 size=4194304 write_addr=0x3e2f340 write_len=4 is_color=1
xemu-perf: metal_surface_dirty vram_addr=0x3ba1000 size=4194304 write_addr=0x3e2f288 write_len=4 is_color=1
xemu-perf: metal_surface_dirty vram_addr=0x3ba1000 size=4194304 write_addr=0x3e2f2e8 write_len=4 is_color=1
xemu-perf: metal_surface_dirty vram_addr=0x3ba1000 size=4194304 write_addr=0x3e2f340 write_len=4 is_color=1
xemu-perf: metal_surface_dirty vram_addr=0x3ba1000 size=4194304 write_addr=0x3e2f280 write_len=4 is_color=1
xemu-perf: metal_surface_dirty vram_addr=0x3ba1000 size=4194304 write_addr=0x3e2f2c8 write_len=4 is_color=1
xemu-perf: metal_surface_dirty vram_addr=0x3ba1000 size=4194304 write_addr=0x3e2f328 write_len=4 is_color=1
xemu-perf: metal_surface_dirty vram_addr=0x3ba1000 size=4194304 write_addr=0x3e2f340 write_len=4 is_color=1
xemu-perf: metal_screenshot_written path=/tmp/task16-repro3/swizzle-mipmap/metal/screenshots/swizzle-mipmap.0272.png w=640 h=480
xemu-perf: metal_surface_dirty vram_addr=0x3ba1000 size=4194304 write_addr=0x3e2f2a8 write_len=4 is_color=1
xemu-perf: metal_surface_dirty vram_addr=0x3ba1000 size=4194304 write_addr=0x3e2f300 write_len=4 is_color=1
xemu-perf: metal_surface_dirty vram_addr=0x3ba1000 size=4194304 write_addr=0x3e2f340 write_len=4 is_color=1
xemu-perf: metal_surface_dirty vram_addr=0x3ba1000 size=4194304 write_addr=0x3e2f288 write_len=4 is_color=1
xemu-perf: metal_surface_dirty vram_addr=0x3ba1000 size=4194304 write_addr=0x3e2f2e8 write_len=4 is_color=1
xemu-perf: metal_surface_dirty vram_addr=0x3ba1000 size=4194304 write_addr=0x3e2f340 write_len=4 is_color=1
xemu-perf: metal_surface_dirty vram_addr=0x3ba1000 size=4194304 write_addr=0x3e2f290 write_len=4 is_color=1
xemu-perf: metal_surface_dirty vram_addr=0x3ba1000 size=4194304 write_addr=0x3e2f2e0 write_len=4 is_color=1
xemu-perf: metal_surface_dirty vram_addr=0x3ba1000 size=4194304 write_addr=0x3e2f320 write_len=4 is_color=1
xemu-perf: metal_surface_dirty vram_addr=0x3ba1000 size=4194304 write_addr=0x3e2f340 write_len=4 is_color=1
xemu-perf: metal_surface_dirty vram_addr=0x3ba1000 size=4194304 write_addr=0x3e2f2c8 write_len=4 is_color=1
xemu-perf: metal_surface_dirty vram_addr=0x3ba1000 size=4194304 write_addr=0x3e2f320 write_len=4 is_color=1
xemu-perf: metal_surface_dirty vram_addr=0x3ba1000 size=4194304 write_addr=0x3e2f340 write_len=4 is_color=1
xemu-perf: metal_surface_dirty vram_addr=0x3ba1000 size=4194304 write_addr=0x3e2f288 write_len=4 is_color=1
xemu-perf: metal_surface_dirty vram_addr=0x3ba1000 size=4194304 write_addr=0x3e2f2e0 write_len=4 is_color=1
xemu-perf: metal_surface_dirty vram_addr=0x3ba1000 size=4194304 write_addr=0x3e2f328 write_len=4 is_color=1
xemu-perf: metal_surface_dirty vram_addr=0x3ba1000 size=4194304 write_addr=0x3e2f340 write_len=4 is_color=1
xemu-perf: metal_screenshot_written path=/tmp/task16-repro3/swizzle-mipmap/metal/screenshots/swizzle-mipmap.0273.png w=640 h=480
xemu-perf: metal_surface_dirty vram_addr=0x3ba1000 size=4194304 write_addr=0x3e2f2a0 write_len=4 is_color=1
xemu-perf: metal_surface_dirty vram_addr=0x3ba1000 size=4194304 write_addr=0x3e2f2e0 write_len=4 is_color=1
xemu-perf: metal_surface_dirty vram_addr=0x3ba1000 size=4194304 write_addr=0x3e2f330 write_len=4 is_color=1
xemu-perf: metal_surface_dirty vram_addr=0x3ba1000 size=4194304 write_addr=0x3e2f340 write_len=4 is_color=1
xemu-perf: metal_surface_dirty vram_addr=0x3ba1000 size=4194304 write_addr=0x3e2f2b4 write_len=4 is_color=1
xemu-perf: metal_surface_dirty vram_addr=0x3ba1000 size=4194304 write_addr=0x3e2f300 write_len=4 is_color=1
xemu-perf: metal_surface_dirty vram_addr=0x3ba1000 size=4194304 write_addr=0x3e2f340 write_len=4 is_color=1
xemu-perf: metal_surface_dirty vram_addr=0x3ba1000 size=4194304 write_addr=0x3e2f290 write_len=4 is_color=1
xemu-perf: metal_surface_dirty vram_addr=0x3ba1000 size=4194304 write_addr=0x3e2f2e0 write_len=4 is_color=1
xemu-perf: metal_surface_dirty vram_addr=0x3ba1000 size=4194304 write_addr=0x3e2f328 write_len=4 is_color=1
xemu-perf: metal_surface_dirty vram_addr=0x3ba1000 size=4194304 write_addr=0x3e2f340 write_len=4 is_color=1
xemu-perf: metal_surface_dirty vram_addr=0x3ba1000 size=4194304 write_addr=0x3e2f2a8 write_len=4 is_color=1
xemu-perf: metal_surface_dirty vram_addr=0x3ba1000 size=4194304 write_addr=0x3e2f300 write_len=4 is_color=1
xemu-perf: metal_surface_dirty vram_addr=0x3ba1000 size=4194304 write_addr=0x3e2f340 write_len=4 is_color=1
xemu-perf: metal_surface_dirty vram_addr=0x3ba1000 size=4194304 write_addr=0x3e2f290 write_len=4 is_color=1
xemu-perf: metal_surface_dirty vram_addr=0x3ba1000 size=4194304 write_addr=0x3e2f308 write_len=4 is_color=1
xemu-perf: metal_surface_dirty vram_addr=0x3ba1000 size=4194304 write_addr=0x3e2f340 write_len=4 is_color=1
xemu-perf: metal_screenshot_written path=/tmp/task16-repro3/swizzle-mipmap/metal/screenshots/swizzle-mipmap.0274.png w=640 h=480
xemu-perf: metal_surface_dirty vram_addr=0x3ba1000 size=4194304 write_addr=0x3e2f288 write_len=4 is_color=1
xemu-perf: metal_surface_dirty vram_addr=0x3ba1000 size=4194304 write_addr=0x3e2f2e0 write_len=4 is_color=1
xemu-perf: metal_surface_dirty vram_addr=0x3ba1000 size=4194304 write_addr=0x3e2f340 write_len=4 is_color=1
xemu-perf: metal_surface_dirty vram_addr=0x3ba1000 size=4194304 write_addr=0x3e2f2a0 write_len=4 is_color=1
xemu-perf: metal_surface_dirty vram_addr=0x3ba1000 size=4194304 write_addr=0x3e2f328 write_len=4 is_color=1
xemu-perf: metal_surface_dirty vram_addr=0x3ba1000 size=4194304 write_addr=0x3e2f340 write_len=4 is_color=1
xemu-perf: metal_surface_dirty vram_addr=0x3ba1000 size=4194304 write_addr=0x3e2f290 write_len=4 is_color=1
xemu-perf: metal_surface_dirty vram_addr=0x3ba1000 size=4194304 write_addr=0x3e2f2e0 write_len=4 is_color=1
xemu-perf: metal_surface_dirty vram_addr=0x3ba1000 size=4194304 write_addr=0x3e2f328 write_len=4 is_color=1
xemu-perf: metal_surface_dirty vram_addr=0x3ba1000 size=4194304 write_addr=0x3e2f340 write_len=4 is_color=1
xemu-perf: metal_surface_dirty vram_addr=0x3ba1000 size=4194304 write_addr=0x3e2f2c8 write_len=4 is_color=1
xemu-perf: metal_surface_dirty vram_addr=0x3ba1000 size=4194304 write_addr=0x3e2f320 write_len=4 is_color=1
xemu-perf: metal_surface_dirty vram_addr=0x3ba1000 size=4194304 write_addr=0x3e2f340 write_len=4 is_color=1
xemu-perf: metal_surface_dirty vram_addr=0x3ba1000 size=4194304 write_addr=0x3e2f290 write_len=4 is_color=1
xemu-perf: metal_surface_dirty vram_addr=0x3ba1000 size=4194304 write_addr=0x3e2f2e0 write_len=4 is_color=1
xemu-perf: metal_surface_dirty vram_addr=0x3ba1000 size=4194304 write_addr=0x3e2f308 write_len=4 is_color=1
xemu-perf: metal_surface_dirty vram_addr=0x3ba1000 size=4194304 write_addr=0x3e2f340 write_len=4 is_color=1
xemu-perf: metal_screenshot_written path=/tmp/task16-repro3/swizzle-mipmap/metal/screenshots/swizzle-mipmap.0275.png w=640 h=480
xemu-perf: metal_surface_dirty vram_addr=0x3ba1000 size=4194304 write_addr=0x3e2f2a8 write_len=4 is_color=1
xemu-perf: metal_surface_dirty vram_addr=0x3ba1000 size=4194304 write_addr=0x3e2f2c8 write_len=4 is_color=1
xemu-perf: metal_surface_dirty vram_addr=0x3ba1000 size=4194304 write_addr=0x3e2f320 write_len=4 is_color=1
xemu-perf: metal_surface_dirty vram_addr=0x3ba1000 size=4194304 write_addr=0x3e2f340 write_len=4 is_color=1
xemu-perf: metal_surface_dirty vram_addr=0x3ba1000 size=4194304 write_addr=0x3e2f288 write_len=4 is_color=1
xemu-perf: metal_surface_dirty vram_addr=0x3ba1000 size=4194304 write_addr=0x3e2f2e0 write_len=4 is_color=1
xemu-perf: metal_surface_dirty vram_addr=0x3ba1000 size=4194304 write_addr=0x3e2f308 write_len=4 is_color=1
xemu-perf: metal_surface_dirty vram_addr=0x3ba1000 size=4194304 write_addr=0x3e2f340 write_len=4 is_color=1
xemu-perf: metal_surface_dirty vram_addr=0x3ba1000 size=4194304 write_addr=0x3e2f290 write_len=4 is_color=1
xemu-perf: metal_surface_dirty vram_addr=0x3ba1000 size=4194304 write_addr=0x3e2f2e0 write_len=4 is_color=1
xemu-perf: metal_surface_dirty vram_addr=0x3ba1000 size=4194304 write_addr=0x3e2f328 write_len=4 is_color=1
xemu-perf: metal_surface_dirty vram_addr=0x3ba1000 size=4194304 write_addr=0x3e2f340 write_len=4 is_color=1
xemu-perf: metal_surface_dirty vram_addr=0x3ba1000 size=4194304 write_addr=0x3e2f2e0 write_len=4 is_color=1
xemu-perf: metal_surface_dirty vram_addr=0x3ba1000 size=4194304 write_addr=0x3e2f328 write_len=4 is_color=1
xemu-perf: metal_surface_dirty vram_addr=0x3ba1000 size=4194304 write_addr=0x3e2f340 write_len=4 is_color=1
xemu-perf: metal_surface_dirty vram_addr=0x3ba1000 size=4194304 write_addr=0x3e2f288 write_len=4 is_color=1
xemu-perf: metal_surface_dirty vram_addr=0x3ba1000 size=4194304 write_addr=0x3e2f2e8 write_len=4 is_color=1
xemu-perf: metal_surface_dirty vram_addr=0x3ba1000 size=4194304 write_addr=0x3e2f340 write_len=4 is_color=1
xemu-perf: metal_screenshot_written path=/tmp/task16-repro3/swizzle-mipmap/metal/screenshots/swizzle-mipmap.0276.png w=640 h=480
xemu-perf: metal_surface_dirty vram_addr=0x3ba1000 size=4194304 write_addr=0x3e2f2a8 write_len=4 is_color=1
xemu-perf: metal_surface_dirty vram_addr=0x3ba1000 size=4194304 write_addr=0x3e2f300 write_len=4 is_color=1
xemu-perf: metal_surface_dirty vram_addr=0x3ba1000 size=4194304 write_addr=0x3e2f340 write_len=4 is_color=1
xemu-perf: metal_surface_dirty vram_addr=0x3ba1000 size=4194304 write_addr=0x3e2f288 write_len=4 is_color=1
xemu-perf: metal_surface_dirty vram_addr=0x3ba1000 size=4194304 write_addr=0x3e2f2e8 write_len=4 is_color=1
xemu-perf: metal_surface_dirty vram_addr=0x3ba1000 size=4194304 write_addr=0x3e2f340 write_len=4 is_color=1
xemu-perf: metal_surface_dirty vram_addr=0x3ba1000 size=4194304 write_addr=0x3e2f288 write_len=4 is_color=1
xemu-perf: metal_surface_dirty vram_addr=0x3ba1000 size=4194304 write_addr=0x3e2f308 write_len=4 is_color=1
xemu-perf: metal_surface_dirty vram_addr=0x3ba1000 size=4194304 write_addr=0x3e2f340 write_len=4 is_color=1
xemu-perf: metal_surface_dirty vram_addr=0x3ba1000 size=4194304 write_addr=0x3e2f2a0 write_len=4 is_color=1
xemu-perf: metal_surface_dirty vram_addr=0x3ba1000 size=4194304 write_addr=0x3e2f2e0 write_len=4 is_color=1
xemu-perf: metal_surface_dirty vram_addr=0x3ba1000 size=4194304 write_addr=0x3e2f340 write_len=4 is_color=1
xemu-perf: metal_surface_dirty vram_addr=0x3ba1000 size=4194304 write_addr=0x3e2f290 write_len=4 is_color=1
xemu-perf: metal_surface_dirty vram_addr=0x3ba1000 size=4194304 write_addr=0x3e2f2e8 write_len=4 is_color=1
xemu-perf: metal_surface_dirty vram_addr=0x3ba1000 size=4194304 write_addr=0x3e2f340 write_len=4 is_color=1
xemu-perf: metal_screenshot_written path=/tmp/task16-repro3/swizzle-mipmap/metal/screenshots/swizzle-mipmap.0277.png w=640 h=480
xemu-perf: interval_id=11 interval_start_us=197749917011 interval_end_us=197752508750 interval_ms=2591 frames=34 fps=13.12 mspf_avg=11.367 mspf_min=0.000 mspf_max=295.816 increment_fps=59 final=1 reason=atexit BEGIN_ENDS=3393 NATIVE_TRI_DEPTH_DRAW=3393 NATIVE_TRI_DEPTH_DRAW_SMOOTH=3393 TCG_TB_EXEC_COUNT=155848797 TCG_TB_INVALIDATE_COUNT=2000 TCG_NOTDIRTY_TRIPS=21116 TCG_NOTDIRTY_PAGES_HIT=21029 TCG_TB_INVALIDATE_BURST_MAX=19 TCG_JMP_CACHE_ZEROED_BUCKETS=57145296 TCG_INVALIDATE_WALL_US_MAX=2 TCG_INVALIDATE_WALL_US_TOTAL=407 TCG_TB_LOOKUP_US_TOTAL=0 TCG_TB_GEN_CODE_US_TOTAL=0 TCG_HANDLE_INTERRUPT_US_TOTAL=0 TCG_XBOX_IDLE_LOOP_HITS=0 TCG_XBOX_IDLE_LOOP_YIELDS=0 TCG_XBOX_IDLE_LOOP_HALTS=0 MMIO_READ_COUNT=0 MMIO_READ_US_TOTAL=0 MMIO_READ_US_MAX=0 MMIO_READ_PGRAPH_COUNT=0 MMIO_READ_PGRAPH_US_TOTAL=0 MMIO_READ_PGRAPH_US_MAX=0 NV2A_VBLANK_FIRES=164 NV2A_FLIP_STALL_WRITES=34 NV2A_PRESENT_HEARTBEAT=136 XEMU_GL_SWAPS=0 RATE_SLEW_RATIO_E6=1000000 RATE_SLEW_ACTIVE=0 APU_LOCK_HOLD_US_TOTAL=12552 APU_VCPU_LOCK_WAIT_US_MAX=0 PFIFO_PUSHER_RUNS=3720 PFIFO_PUSHER_STALLS=2221 PFIFO_PUSHER_STALL_FLIP=0 PFIFO_PUSHER_STALL_NOP=2181 PFIFO_PUSHER_STALL_FIFO=68 PFIFO_PULLER_CALLS=59170 PFIFO_PULLER_STALLS=34 PFIFO_PULLER_STALL_FLIP=34 PFIFO_PULLER_STALL_NOP=0 PFIFO_PULLER_STALL_CONTEXT=0 PFIFO_PULLER_STALL_FIFO=0 PFIFO_PUSHER_WORDS=255685 PFIFO_PULLER_METHOD_WORDS=204444 PFIFO_DMA_BACKLOG_BYTES_MAX=65204224 PFIFO_USER_DMA_PUT_WRITES=3288 PFIFO_USER_DMA_GET_WRITES=0 PFIFO_USER_DMA_PUT_READS=0 PFIFO_USER_DMA_GET_READS=126470 PGRAPH_PATT_COLOR0_WRITES=0 PGRAPH_PATT_COLOR0_READS=0 PGRAPH_FLIP_STALL_SETS=34 PGRAPH_FLIP_STALL_CHECKS=68 PGRAPH_FLIP_STALL_STILL_WAITING=34 PGRAPH_FLIP_STALL_COMPLETES=34 METAL_DRAW_COUNT=3393 METAL_DRAW_INDEXED_COUNT=2638 METAL_NATIVE_TRI_DEPTH_DRAWS=3393 METAL_NATIVE_QUAD_DRAWS=0 METAL_CLEAR_COUNT=143 METAL_GLSL_TRANSLATE=0 METAL_GLSL_TRANSLATE_FAIL=0 METAL_SHADER_VALIDATE_OK=0 METAL_SHADER_VALIDATE_FAIL=0 METAL_PIPELINE_HITS=3393 METAL_PIPELINE_MISSES=0 METAL_PIPELINE_FAILED=0 METAL_TEX_UPLOADS_TOTAL=50 METAL_TEX_UPLOAD_BYTES_TOTAL=86314212 METAL_TEX_CACHE_HITS=8685 METAL_TEX_CACHE_MISSES=50 METAL_PIPELINE_KEY_BUILT=3393 METAL_PIPELINE_TRANSLATED_OK=3393 METAL_PIPELINE_TRANSLATED_FAILED=0 METAL_DISPATCH_US_TOTAL=64051 METAL_TEX_BIND_US_TOTAL=37565 METAL_DRAW_ENCODE_US_TOTAL=11144 METAL_DRAW_PASS_OPENS=188 METAL_DRAW_PASS_COALESCED=3205 METAL_DRAW_PASS_FLUSHES=177 METAL_OPEN_PASS_FLUSH_US_TOTAL=2382 METAL_TEX_UPLOAD_US_TOTAL=2117 METAL_DRAW_TRANSLATED=3393 METAL_PIPELINE_FALLBACKS=0 METAL_UNIFORM_PACK=6786 METAL_UNIFORM_BYTES=22203792 METAL_SHADER_COMPILE_QUEUED_TOTAL=0 METAL_SHADER_COMPILE_COMPLETED_TOTAL=0 METAL_SHADER_COMPILE_FAILED_TOTAL=0 METAL_DRAWS_SKIPPED_PENDING_TOTAL=0 METAL_DRAWS_USING_UBERSHADER_TOTAL=0 METAL_SHADER_CACHE_LOADS=0 METAL_SHADER_CACHE_HITS=0 METAL_SHADER_CACHE_MISSES=0 METAL_PRESENTS=0 METAL_PRESENT_JITTER_US_TOTAL=0 METAL_PRESENT_JITTER_US_AVG=0 METAL_PRESENT_JITTER_US_MAX=0 METAL_DRAWABLE_ACQUIRE_FAILS=0 METAL_DISPLAY_LINK_CALLBACKS=0 METAL_MSAA_RESOLVE_COUNT=0 METAL_MSAA_RESOLVE_US_TOTAL=0 METAL_MSAA_SAMPLE_COUNT=1 METAL_FX_SPATIAL_PRESENTS=0 METAL_FX_SPATIAL_US_TOTAL=0 METAL_FX_SCALE_FACTOR=1 METAL_FX_SPATIAL_GPU_US_TOTAL=0 METAL_VERTEX_US_TOTAL=4771 METAL_FRAGMENT_US_TOTAL=6201 METAL_PRESENT_GPU_US_TOTAL=12213 METAL_PRESENT_GPU_FRAMES=331 METAL_CAPTURE_FRAMES=0 METAL_CAPTURE_ACTIVE=0 METAL_SCREENSHOTS_TAKEN=22 METAL_FRONT_FB_PUBLISHES=33 METAL_SURFACE_CACHE_SIZE=24 METAL_IMAGE_BLITS=0 METAL_SURFACE_VRAM_DIRTY_HITS=266 METAL_SURFACE_VRAM_UPLOADS=269 METAL_SURFACE_VRAM_UPLOAD_BYTES=1055162368 METAL_SURFACE_RECREATE_SHAPE_MISMATCH=0 METAL_SURFACE_DOWNLOADS=34 METAL_SURFACE_DOWNLOAD_BYTES=85295104 METAL_SURFACE_DOWNLOAD_US_TOTAL=30135 METAL_DRAW_RT_DUMPS=0 METAL_SURFACE_GRAPH_DUMPS=0 METAL_SIBLING_SYNCS=0 METAL_SIBLING_SYNC_SKIPS=0 METAL_FLAT_QUAD_PROPAGATIONS=0 INPUT_USB_POLLS=0 INPUT_BACKEND_UPDATES=330 INPUT_LAT_US_TOTAL=0 INPUT_LAT_US_MAX=0 HELPER_RDTSC_CALLS=2 PIT_IRQ_TIMER_FIRES=5497 PIT_COALESCE_EVENTS=0 PIT_COALESCE_LATE_US_TOTAL=0 PIT_COALESCE_LATE_US_MAX=0 PIT_COALESCE_SKIPPED_TRANSITIONS=0
xemu-perf: metal_draw_target vram_addr=0x32a4000 count=34
xemu-perf: metal_draw_target vram_addr=0x2854000 count=433
xemu-perf: metal_draw_target vram_addr=0x2894000 count=433
xemu-perf: metal_draw_target vram_addr=0x28d4000 count=433
xemu-perf: metal_draw_target vram_addr=0x2914000 count=433
xemu-perf: metal_draw_target vram_addr=0x2954000 count=433
xemu-perf: metal_draw_target vram_addr=0x2994000 count=433
xemu-perf: metal_draw_target vram_addr=0x3628000 count=33
xemu-perf: metal_draw_target vram_addr=0x3bd4000 count=245
xemu-perf: metal_draw_target vram_addr=0x3d00000 count=238
xemu-perf: metal_draw_target vram_addr=0x3aa8000 count=238
xemu-perf: metal_draw_target vram_addr=0x3ba1000 count=7
