# time_ms,control,value
13915,start,1
14036,start,0
14935,a,1
15053,a,0
16012,a,1
16177,a,0
21846,a,1
22042,a,0
36031,rstick_y,-1212
36037,rstick_y,-1212
36047,rstick_y,-1212
36053,rstick_y,-1212
36061,rstick_x,-1152
36061,rstick_y,-1819
36069,rstick_x,-1152
36069,rstick_y,-1819
36072,rstick_x,-1152
36072,rstick_y,-1819
36077,rstick_x,-1152
36077,rstick_y,-1819
36085,rstick_x,-1152
36085,rstick_y,-1819
36095,rstick_x,-1683
36095,rstick_y,-2243
36101,rstick_x,-1683
36101,rstick_y,-2243
36109,rstick_x,-1683
36109,rstick_y,-2243
36117,rstick_x,-1683
36117,rstick_y,-2243
36120,rstick_x,-3320
36120,rstick_y,-3620
36123,rstick_x,-3320
36123,rstick_y,-3620
36133,rstick_x,-3320
36133,rstick_y,-3620
36140,rstick_x,-4459
36140,rstick_y,-4747
36146,rstick_x,-5751
36146,rstick_y,-11541
36149,rstick_x,-5751
36149,rstick_y,-11541
36153,rstick_x,-5751
36153,rstick_y,-11541
36162,rstick_x,-5751
36162,rstick_y,-11541
36165,rstick_x,-5751
36165,rstick_y,-11541
36177,rstick_x,-5751
36177,rstick_y,-11541
36183,rstick_x,-5751
36183,rstick_y,-11541
36189,rstick_x,-13091
36189,rstick_y,-13085
36195,rstick_x,-13091
36195,rstick_y,-13085
36205,rstick_x,-13091
36205,rstick_y,-13085
36212,rstick_x,-13590
36212,rstick_y,-13803
36216,rstick_x,-13590
36216,rstick_y,-13803
36220,rstick_x,-14179
36220,rstick_y,-14515
36234,rstick_x,-14179
36234,rstick_y,-14515
36237,rstick_x,-14830
36237,rstick_y,-15212
36245,rstick_x,-14830
36245,rstick_y,-15212
36253,rstick_x,-14830
36253,rstick_y,-15212
36261,rstick_x,-15443
36261,rstick_y,-15869
36263,rstick_x,-16043
36263,rstick_y,-16433
36271,rstick_x,-16043
36271,rstick_y,-16433
36277,rstick_x,-16043
36277,rstick_y,-16433
36285,rstick_x,-16043
36285,rstick_y,-16433
36289,rstick_x,-16610
36289,rstick_y,-16974
36293,rstick_x,-17104
36293,rstick_y,-17412
36296,rstick_x,-17104
36296,rstick_y,-17412
36301,rstick_x,-17104
36301,rstick_y,-17412
36309,rstick_x,-17104
36309,rstick_y,-17412
36318,rstick_x,-17104
36318,rstick_y,-17412
36325,rstick_x,-17104
36325,rstick_y,-17412
36333,rstick_x,-17104
36333,rstick_y,-17412
36339,rstick_x,-18113
36339,rstick_y,-18293
36351,rstick_x,-18113
36351,rstick_y,-18293
36360,rstick_x,-18113
36360,rstick_y,-18293
36362,rstick_x,-18324
36362,rstick_y,-18478
36370,rstick_x,-18499
36370,rstick_y,-18626
36383,rstick_x,-18499
36383,rstick_y,-18626
36393,rstick_x,-18499
36393,rstick_y,-18626
36399,rstick_x,-18499
36399,rstick_y,-18626
36403,rstick_x,-18751
36403,rstick_y,-18833
36409,rstick_x,-18751
36409,rstick_y,-18833
36414,rstick_x,-18751
36414,rstick_y,-18833
36425,rstick_x,-18751
36425,rstick_y,-18833
36429,rstick_x,-18751
36429,rstick_y,-18833
36437,rstick_x,-18911
36437,rstick_y,-18956
36445,rstick_x,-18911
36445,rstick_y,-18956
36460,rstick_x,-18911
36460,rstick_y,-18956
36469,rstick_x,-18911
36469,rstick_y,-18956
36475,rstick_x,-19014
36475,rstick_y,-18956
36481,rstick_x,-19014
36481,rstick_y,-18956
36490,rstick_x,-19014
36490,rstick_y,-18956
36495,rstick_x,-19014
36495,rstick_y,-18956
36498,rstick_x,-19070
36498,rstick_y,-18956
36503,rstick_x,-19070
36503,rstick_y,-18956
36510,rstick_x,-19070
36510,rstick_y,-18956
36517,rstick_x,-19070
36517,rstick_y,-18956
36531,rstick_x,-19070
36531,rstick_y,-18956
36536,rstick_x,-19070
36536,rstick_y,-18956
36541,rstick_x,-19070
36541,rstick_y,-18956
36549,rstick_x,-19070
36549,rstick_y,-18956
36557,rstick_x,-19070
36557,rstick_y,-18956
36561,rstick_x,-19070
36561,rstick_y,-18956
36565,rstick_x,-19070
36565,rstick_y,-18956
36570,rstick_x,-19070
36570,rstick_y,-18956
36581,rstick_x,-19070
36581,rstick_y,-18956
36591,rstick_x,-19070
36591,rstick_y,-18956
36598,rstick_x,-19070
36598,rstick_y,-18956
36605,rstick_x,-19070
36605,rstick_y,-18956
36616,rstick_x,-19070
36616,rstick_y,-18956
36624,rstick_x,-19070
36624,rstick_y,-18956
36628,rstick_x,-19070
36628,rstick_y,-18956
36631,rstick_x,-19070
36631,rstick_y,-18956
36637,rstick_x,-19070
36637,rstick_y,-18956
36659,rstick_x,-19070
36659,rstick_y,-18956
36669,rstick_x,-19070
36669,rstick_y,-18956
36677,rstick_x,-19070
36677,rstick_y,-18956
36685,rstick_x,-19070
36685,rstick_y,-18956
36694,rstick_x,-19070
36694,rstick_y,-18956
36701,rstick_x,-19070
36701,rstick_y,-18956
36704,rstick_x,-19070
36704,rstick_y,-18956
36709,rstick_x,-19070
36709,rstick_y,-18956
36717,rstick_x,-19070
36717,rstick_y,-18956
36727,rstick_x,-19070
36727,rstick_y,-18956
36734,rstick_x,-19070
36734,rstick_y,-18956
36737,rstick_x,-19070
36737,rstick_y,-19106
36740,rstick_x,-19070
36740,rstick_y,-19106
36745,rstick_x,-19070
36745,rstick_y,-19191
36751,rstick_x,-19070
36751,rstick_y,-19191
36762,rstick_x,-19070
36762,rstick_y,-19191
36765,rstick_x,-19070
36765,rstick_y,-19191
36774,rstick_x,-19110
36774,rstick_y,-19304
36781,rstick_x,-19110
36781,rstick_y,-19304
36792,rstick_x,-19110
36792,rstick_y,-19304
36798,rstick_x,-19110
36798,rstick_y,-19304
36805,rstick_x,-19678
36805,rstick_y,-20097
36814,rstick_x,-19678
36814,rstick_y,-20097
36821,rstick_x,-19678
36821,rstick_y,-20097
36828,rstick_x,-19941
36828,rstick_y,-20393
36831,rstick_x,-20203
36831,rstick_y,-20765
36836,rstick_x,-20203
36836,rstick_y,-20765
36845,rstick_x,-20203
36845,rstick_y,-20765
36853,rstick_x,-20203
36853,rstick_y,-20765
36861,rstick_x,-20203
36861,rstick_y,-20765
36869,rstick_x,-20203
36869,rstick_y,-20765
36879,rstick_x,-20838
36879,rstick_y,-21639
36885,rstick_x,-20838
36885,rstick_y,-21639
36893,rstick_x,-20838
36893,rstick_y,-21639
36896,rstick_x,-20973
36896,rstick_y,-21853
36901,rstick_x,-20973
36901,rstick_y,-21853
36903,rstick_x,-20973
36903,rstick_y,-21853
36910,rstick_x,-20973
36910,rstick_y,-21853
36918,rstick_x,-20973
36918,rstick_y,-21853
36928,rstick_x,-20973
36928,rstick_y,-21853
36933,rstick_x,-20973
36933,rstick_y,-21853
36938,rstick_x,-21155
36938,rstick_y,-22318
36944,rstick_x,-21155
36944,rstick_y,-22318
36949,rstick_x,-21155
36949,rstick_y,-22318
36957,rstick_x,-21155
36957,rstick_y,-22318
36965,rstick_x,-21155
36965,rstick_y,-22318
36970,rstick_x,-20537
36970,rstick_y,-22495
36978,rstick_x,-20537
36978,rstick_y,-22495
36982,rstick_x,-20537
36982,rstick_y,-22495
36994,rstick_x,-20537
36994,rstick_y,-22495
36997,rstick_x,-20537
36997,rstick_y,-22495
37003,rstick_x,-19147
37003,rstick_y,-22542
37006,rstick_x,-19147
37006,rstick_y,-22542
37009,rstick_x,-19147
37009,rstick_y,-22542
37013,rstick_x,-19147
37013,rstick_y,-22542
37022,rstick_x,-19147
37022,rstick_y,-22542
37028,rstick_x,-8861
37028,rstick_y,-22061
37038,rstick_x,-8861
37038,rstick_y,-22061
37045,rstick_x,-8861
37045,rstick_y,-22061
37055,rstick_x,-8861
37055,rstick_y,-22061
37061,rstick_x,-8861
37061,rstick_y,-22061
37069,rstick_x,-8861
37069,rstick_y,-22061
37073,rstick_x,-6899
37073,rstick_y,-20757
37078,rstick_x,-6899
37078,rstick_y,-20757
37085,rstick_x,-6899
37085,rstick_y,-20757
37093,rstick_x,-6899
37093,rstick_y,-20757
37097,rstick_x,-5968
37097,rstick_y,-20478
37101,rstick_x,-5968
37101,rstick_y,-20478
37110,rstick_x,-5025
37110,rstick_y,-20255
37127,rstick_x,-5025
37127,rstick_y,-20255
37135,rstick_x,-5025
37135,rstick_y,-20255
37140,rstick_x,-4050
37140,rstick_y,-20072
37144,rstick_x,-4050
37144,rstick_y,-20072
37147,rstick_x,-3031
37147,rstick_y,-19931
37157,rstick_x,-3031
37157,rstick_y,-19931
37165,rstick_x,-3031
37165,rstick_y,-19931
37170,rstick_x,-1982
37170,rstick_y,-19812
37178,rstick_x,-1982
37178,rstick_y,-19812
37181,rstick_x,-1982
37181,rstick_y,-19812
37192,rstick_x,-1982
37192,rstick_y,-19812
37197,rstick_x,-1982
37197,rstick_y,-19812
37205,rstick_x,-1982
37205,rstick_y,-19812
37210,rstick_x,2452
37210,rstick_y,-19534
37221,rstick_x,2452
37221,rstick_y,-19534
37230,rstick_x,3595
37230,rstick_y,-19534
37238,rstick_x,3595
37238,rstick_y,-19534
37242,rstick_x,4743
37242,rstick_y,-19483
37245,rstick_x,4743
37245,rstick_y,-19483
37248,rstick_x,4743
37248,rstick_y,-19483
37253,rstick_x,4743
37253,rstick_y,-19483
37262,rstick_x,5919
37262,rstick_y,-19483
37269,rstick_x,5919
37269,rstick_y,-19483
37281,rstick_x,5919
37281,rstick_y,-19483
37285,rstick_x,5919
37285,rstick_y,-19483
37290,rstick_x,8181
37290,rstick_y,-19483
37293,rstick_x,8181
37293,rstick_y,-19483
37304,rstick_x,8181
37304,rstick_y,-19483
37310,rstick_x,9289
37310,rstick_y,-19483
37317,rstick_x,10445
37317,rstick_y,-19483
37321,rstick_x,10445
37321,rstick_y,-19483
37328,rstick_x,10445
37328,rstick_y,-19483
37333,rstick_x,10445
37333,rstick_y,-19483
37347,rstick_x,10445
37347,rstick_y,-19483
37353,rstick_x,10445
37353,rstick_y,-19483
37358,rstick_x,12403
37358,rstick_y,-19483
37361,rstick_x,13199
37361,rstick_y,-19483
37365,rstick_x,13199
37365,rstick_y,-19483
37375,rstick_x,13199
37375,rstick_y,-19483
37378,rstick_x,13866
37378,rstick_y,-19483
37381,rstick_x,13866
37381,rstick_y,-19483
37387,rstick_x,14411
37387,rstick_y,-19483
37390,rstick_x,14411
37390,rstick_y,-19483
37394,rstick_x,14411
37394,rstick_y,-19483
37397,rstick_x,14411
37397,rstick_y,-19483
37403,rstick_x,14847
37403,rstick_y,-19483
37413,rstick_x,14847
37413,rstick_y,-19483
37421,rstick_x,14847
37421,rstick_y,-19483
37429,rstick_x,14847
37429,rstick_y,-19483
37437,rstick_x,14847
37437,rstick_y,-19483
37445,rstick_x,15464
37445,rstick_y,-19483
37453,rstick_x,15464
37453,rstick_y,-19483
37458,rstick_x,15683
37458,rstick_y,-19483
37461,rstick_x,15683
37461,rstick_y,-19483
37464,rstick_x,15853
37464,rstick_y,-19483
37469,rstick_x,15853
37469,rstick_y,-19483
37477,rstick_x,15853
37477,rstick_y,-19483
37485,rstick_x,15853
37485,rstick_y,-19483
37493,rstick_x,15853
37493,rstick_y,-19483
37501,rstick_x,15853
37501,rstick_y,-19483
37505,rstick_x,16081
37505,rstick_y,-19483
37509,rstick_x,16160
37509,rstick_y,-19483
37521,rstick_x,16160
37521,rstick_y,-19483
37527,rstick_x,16223
37527,rstick_y,-19483
37533,rstick_x,16223
37533,rstick_y,-19483
37537,rstick_x,16273
37537,rstick_y,-19483
37541,rstick_x,16273
37541,rstick_y,-19483
37549,rstick_x,16273
37549,rstick_y,-19483
37558,rstick_x,16273
37558,rstick_y,-19483
37565,rstick_x,16273
37565,rstick_y,-19483
37568,rstick_x,16345
37568,rstick_y,-19483
37572,rstick_x,16345
37572,rstick_y,-19483
37581,rstick_x,16345
37581,rstick_y,-19483
37589,rstick_x,16345
37589,rstick_y,-19483
37594,rstick_x,16371
37594,rstick_y,-19483
37597,rstick_x,16371
37597,rstick_y,-19483
37604,rstick_x,16371
37604,rstick_y,-19483
37613,rstick_x,16371
37613,rstick_y,-19483
37626,rstick_x,16371
37626,rstick_y,-19483
37633,rstick_x,16371
37633,rstick_y,-19483
37636,rstick_x,16371
37636,rstick_y,-19483
37641,rstick_x,16371
37641,rstick_y,-19483
37646,rstick_x,16371
37646,rstick_y,-19483
37655,rstick_x,16371
37655,rstick_y,-19483
37660,rstick_x,16371
37660,rstick_y,-19483
37669,rstick_x,16371
37669,rstick_y,-19483
37677,rstick_x,16371
37677,rstick_y,-19483
37699,rstick_x,16371
37699,rstick_y,-19483
37704,rstick_x,15958
37704,rstick_y,-18967
37710,rstick_x,15958
37710,rstick_y,-18967
37718,rstick_x,15958
37718,rstick_y,-18967
37722,rstick_x,15599
37722,rstick_y,-18287
37725,rstick_x,15599
37725,rstick_y,-18287
37733,rstick_x,15599
37733,rstick_y,-18287
37738,rstick_x,15144
37738,rstick_y,-17390
37741,rstick_x,15144
37741,rstick_y,-17390
37753,rstick_x,15144
37753,rstick_y,-17390
37757,rstick_x,15144
37757,rstick_y,-17390
37766,rstick_x,15144
37766,rstick_y,-17390
37772,rstick_x,14462
37772,rstick_y,-15423
37781,rstick_x,14462
37781,rstick_y,-15423
37789,rstick_x,14462
37789,rstick_y,-15423
37794,rstick_x,14036
37794,rstick_y,-14050
37797,rstick_x,14036
37797,rstick_y,-14050
37803,rstick_x,14036
37803,rstick_y,-14050
37815,rstick_x,14036
37815,rstick_y,-14050
37823,rstick_x,14036
37823,rstick_y,-14050
37829,rstick_x,14036
37829,rstick_y,-14050
37839,rstick_x,14446
37839,rstick_y,-12889
37845,rstick_x,14446
37845,rstick_y,-12889
37855,rstick_x,14446
37855,rstick_y,-12889
37861,rstick_x,14446
37861,rstick_y,-12889
37869,rstick_x,14446
37869,rstick_y,-12889
37877,rstick_x,14749
37877,rstick_y,-12815
37892,rstick_x,14749
37892,rstick_y,-12815
37901,rstick_x,14749
37901,rstick_y,-12815
37907,rstick_x,15378
37907,rstick_y,-13044
37917,rstick_x,15378
37917,rstick_y,-13044
37924,rstick_x,15655
37924,rstick_y,-13232
37930,rstick_x,16113
37930,rstick_y,-13497
37933,rstick_x,16113
37933,rstick_y,-13497
37939,rstick_x,16113
37939,rstick_y,-13497
37951,rstick_x,16113
37951,rstick_y,-13497
37957,rstick_x,16113
37957,rstick_y,-13497
37965,rstick_x,16113
37965,rstick_y,-13497
37970,rstick_x,16421
37970,rstick_y,-13666
37973,rstick_x,16421
37973,rstick_y,-13666
37982,rstick_x,16530
37982,rstick_y,-13723
37989,rstick_x,16530
37989,rstick_y,-13723
37993,rstick_x,16541
37993,rstick_y,-13723
37997,rstick_x,16541
37997,rstick_y,-13723
38004,rstick_x,16325
38004,rstick_y,-13522
38013,rstick_x,16325
38013,rstick_y,-13522
38020,rstick_x,15945
38020,rstick_y,-13189
38034,rstick_x,15945
38034,rstick_y,-13189
38037,rstick_x,15316
38037,rstick_y,-12787
38041,rstick_x,15316
38041,rstick_y,-12787
38045,rstick_x,15316
38045,rstick_y,-12787
38056,rstick_x,15316
38056,rstick_y,-12787
38062,rstick_x,14438
38062,rstick_y,-12178
38069,rstick_x,13631
38069,rstick_y,-11292
38081,rstick_x,13631
38081,rstick_y,-11292
38094,rstick_x,13631
38094,rstick_y,-11292
38101,rstick_x,13631
38101,rstick_y,-11292
38109,rstick_x,12000
38109,rstick_y,-8292
38117,rstick_x,12000
38117,rstick_y,-8292
38125,rstick_x,12000
38125,rstick_y,-8292
38127,rstick_x,11672
38127,rstick_y,-7486
38130,rstick_x,11672
38130,rstick_y,-7486
38137,rstick_x,11421
38137,rstick_y,-6802
38143,rstick_x,11421
38143,rstick_y,-6802
38149,rstick_x,11421
38149,rstick_y,-6802
38157,rstick_x,11421
38157,rstick_y,-6802
38165,rstick_x,11421
38165,rstick_y,-6802
38172,rstick_x,11226
38172,rstick_y,-6210
38181,rstick_x,11226
38181,rstick_y,-6210
38191,rstick_x,11226
38191,rstick_y,-6210
38195,rstick_x,11076
38195,rstick_y,-5736
38198,rstick_x,10956
38198,rstick_y,-5346
38203,rstick_x,10956
38203,rstick_y,-5346
38207,rstick_x,10956
38207,rstick_y,-5346
38213,rstick_x,10956
38213,rstick_y,-5346
38221,rstick_x,10956
38221,rstick_y,-5346
38229,rstick_x,10956
38229,rstick_y,-5346
38237,rstick_x,9720
38237,rstick_y,-4542
38241,rstick_x,8723
38241,rstick_y,-4372
38245,rstick_x,8723
38245,rstick_y,-4372
38258,rstick_x,8723
38258,rstick_y,-4372
38261,rstick_x,7632
38261,rstick_y,-4187
38269,rstick_x,7632
38269,rstick_y,-4187
38284,rstick_x,7632
38284,rstick_y,-4187
38287,rstick_x,7632
38287,rstick_y,-4187
38292,rstick_x,5414
38292,rstick_y,-3710
38295,rstick_x,5414
38295,rstick_y,-3710
38301,rstick_x,5414
38301,rstick_y,-3710
38304,rstick_x,4477
38304,rstick_y,-3472
38309,rstick_x,4477
38309,rstick_y,-3472
38317,rstick_x,4477
38317,rstick_y,-3472
38320,rstick_x,3606
38320,rstick_y,-3314
38326,rstick_x,3606
38326,rstick_y,-3314
38332,rstick_x,2844
38332,rstick_y,-3156
38341,rstick_x,2844
38341,rstick_y,-3156
38344,rstick_x,2844
38344,rstick_y,-3156
38349,rstick_x,2844
38349,rstick_y,-3156
38355,rstick_x,2187
38355,rstick_y,-3023
38362,rstick_x,1643
38362,rstick_y,-2886
38373,rstick_x,1643
38373,rstick_y,-2886
38382,rstick_x,1643
38382,rstick_y,-2886
38386,rstick_x,1191
38386,rstick_y,-2776
38401,rstick_x,1191
38401,rstick_y,-2776
38405,rstick_x,1191
38405,rstick_y,-2776
38415,rstick_x,1191
38415,rstick_y,-2776
38422,rstick_y,-2602
38430,rstick_y,-2522
38437,rstick_y,-2522
38444,rstick_y,-2464
38447,rstick_y,-2464
38453,rstick_y,-2464
38475,rstick_y,-2417
38481,rstick_y,-2417
38485,rstick_y,-2417
38488,rstick_y,-2312
38493,rstick_y,-2312
38504,rstick_y,-2312
38509,rstick_y,-2312
38512,rstick_y,-2199
38517,rstick_y,-2199
38520,rstick_y,-2199
38525,rstick_y,-2199
38548,rstick_y,-2199
38555,rstick_y,-2072
38565,rstick_y,-2017
38573,rstick_y,-2017
38576,rstick_y,-1968
38579,rstick_y,-1968
38587,rstick_y,-1968
38597,rstick_y,-1968
38607,rstick_y,-1968
38613,rstick_y,-1968
38620,lstick_y,-2282
38620,rstick_y,-1871
38624,lstick_y,-2282
38624,rstick_y,-1871
38629,lstick_y,-2282
38629,rstick_y,-1871
38640,lstick_x,-2276
38640,lstick_y,-12139
38640,rstick_y,-1871
38644,lstick_x,-2276
38644,lstick_y,-12139
38644,rstick_y,-1871
38649,lstick_x,-11863
38649,lstick_y,-13253
38649,rstick_y,-1871
38653,lstick_x,-11863
38653,lstick_y,-13253
38653,rstick_y,-1871
38661,lstick_x,-11863
38661,lstick_y,-13253
38661,rstick_y,-1871
38673,lstick_x,-11863
38673,lstick_y,-13253
38673,rstick_y,-1871
38683,lstick_x,-11863
38683,lstick_y,-13253
38683,rstick_y,-1871
38687,lstick_x,-20960
38687,lstick_y,-24400
38687,rstick_y,-1871
38691,lstick_x,-20960
38691,lstick_y,-24400
38691,rstick_y,-1871
38698,lstick_x,-20960
38698,lstick_y,-24400
38698,rstick_y,-1871
38701,lstick_x,-20960
38701,lstick_y,-24400
38701,rstick_y,-1871
38709,lstick_x,-20960
38709,lstick_y,-24400
38709,rstick_y,-1871
38711,lstick_x,-20960
38711,lstick_y,-25131
38711,rstick_y,-1871
38717,lstick_x,-20960
38717,lstick_y,-25131
38717,rstick_y,-1871
38720,lstick_x,-20960
38720,lstick_y,-25728
38720,rstick_y,-1871
38736,lstick_x,-20960
38736,lstick_y,-25728
38736,rstick_y,-1871
38743,lstick_x,-20960
38743,lstick_y,-25728
38743,rstick_y,-1871
38750,lstick_x,-20960
38750,lstick_y,-25728
38750,rstick_y,-1871
38754,lstick_x,-20960
38754,lstick_y,-26928
38754,rstick_y,-1796
38757,lstick_x,-20960
38757,lstick_y,-26928
38757,rstick_y,-1796
38767,lstick_x,-20960
38767,lstick_y,-26928
38767,rstick_y,-1796
38774,lstick_x,-20960
38774,lstick_y,-26928
38774,rstick_y,-1796
38777,lstick_x,-20960
38777,lstick_y,-27194
38777,rstick_y,-1796
38781,lstick_x,-20960
38781,lstick_y,-27401
38781,rstick_y,-1771
38786,lstick_x,-20960
38786,lstick_y,-27401
38786,rstick_y,-1771
38794,lstick_x,-20960
38794,lstick_y,-27401
38794,rstick_y,-1771
38805,lstick_x,-20960
38805,lstick_y,-27401
38805,rstick_y,-1771
38813,lstick_x,-20960
38813,lstick_y,-27401
38813,rstick_y,-1771
38820,lstick_x,-20960
38820,lstick_y,-27709
38820,rstick_y,-1771
38823,lstick_x,-20960
38823,lstick_y,-27709
38823,rstick_y,-1771
38829,lstick_x,-20960
38829,lstick_y,-27709
38829,rstick_y,-1771
38839,lstick_x,-20960
38839,lstick_y,-27709
38839,rstick_y,-1771
38843,lstick_x,-20960
38843,lstick_y,-27911
38843,rstick_y,-1771
38845,lstick_x,-20960
38845,lstick_y,-27911
38845,rstick_y,-1771
38853,lstick_x,-20960
38853,lstick_y,-27911
38853,rstick_y,-1771
38863,lstick_x,-20960
38863,lstick_y,-27911
38863,rstick_y,-1771
38869,lstick_x,-20960
38869,lstick_y,-27911
38869,rstick_y,-1771
38884,lstick_x,-20960
38884,lstick_y,-27911
38884,rstick_y,-1771
38892,lstick_x,-20566
38892,lstick_y,-28237
38892,rstick_y,-1771
38901,lstick_x,-20566
38901,lstick_y,-28237
38901,rstick_y,-1771
38905,lstick_x,-20472
38905,lstick_y,-28315
38905,rstick_y,-1771
38909,lstick_x,-20472
38909,lstick_y,-28315
38909,rstick_y,-1771
38912,lstick_x,-20472
38912,lstick_y,-28315
38912,rstick_y,-1771
38917,lstick_x,-20472
38917,lstick_y,-28315
38917,rstick_y,-1771
38920,lstick_x,-20397
38920,lstick_y,-28384
38920,rstick_y,-1771
38926,lstick_x,-20397
38926,lstick_y,-28384
38926,rstick_y,-1771
38938,lstick_x,-20397
38938,lstick_y,-28384
38938,rstick_y,-1771
38946,lstick_x,-20397
38946,lstick_y,-28384
38946,rstick_y,-1771
38952,lstick_x,-20397
38952,lstick_y,-28384
38952,rstick_y,-1771
38958,lstick_x,-20337
38958,lstick_y,-28433
38958,rstick_y,-1771
38962,lstick_x,-20289
38962,lstick_y,-28433
38962,rstick_y,-1771
38965,lstick_x,-20289
38965,lstick_y,-28433
38965,rstick_y,-1771
38973,lstick_x,-20289
38973,lstick_y,-28433
38973,rstick_y,-1771
38982,lstick_x,-20289
38982,lstick_y,-28433
38982,rstick_y,-1771
38987,lstick_x,-20289
38987,lstick_y,-28503
38987,rstick_y,-1771
38992,lstick_x,-20289
38992,lstick_y,-28503
38992,rstick_y,-1771
38997,lstick_x,-20289
38997,lstick_y,-28503
38997,rstick_y,-1771
39013,lstick_x,-20289
39013,lstick_y,-28503
39013,rstick_y,-1771
39020,lstick_x,-20182
39020,lstick_y,-28534
39020,rstick_y,-1771
39029,lstick_x,-20182
39029,lstick_y,-28534
39029,rstick_y,-1771
39042,lstick_x,-20182
39042,lstick_y,-28534
39042,rstick_y,-1771
39045,lstick_x,-20182
39045,lstick_y,-28534
39045,rstick_y,-1771
39048,lstick_x,-20182
39048,lstick_y,-28608
39048,rstick_y,-1771
39054,lstick_x,-20182
39054,lstick_y,-28608
39054,rstick_y,-1771
39061,lstick_x,-20182
39061,lstick_y,-28608
39061,rstick_y,-1771
39072,lstick_x,-20182
39072,lstick_y,-28608
39072,rstick_y,-1771
39079,lstick_x,-20182
39079,lstick_y,-28608
39079,rstick_y,-1771
39085,lstick_x,-20182
39085,lstick_y,-28608
39085,rstick_y,-1771
39090,lstick_x,-20109
39090,lstick_y,-28632
39090,rstick_y,-1771
39093,lstick_x,-20109
39093,lstick_y,-28632
39093,rstick_y,-1771
39101,lstick_x,-20109
39101,lstick_y,-28632
39101,rstick_y,-1771
39109,lstick_x,-20109
39109,lstick_y,-28632
39109,rstick_y,-1771
39117,lstick_x,-20109
39117,lstick_y,-28632
39117,rstick_y,-1771
39122,lstick_x,-20109
39122,lstick_y,-28632
39122,rstick_y,-1771
39133,lstick_x,-20109
39133,lstick_y,-28632
39133,rstick_y,-1771
39142,lstick_x,-20109
39142,lstick_y,-28632
39142,rstick_y,-1771
39155,lstick_x,-20109
39155,lstick_y,-28632
39155,rstick_y,-1771
39158,lstick_x,-20086
39158,lstick_y,-28632
39158,rstick_y,-1771
39165,lstick_x,-20086
39165,lstick_y,-28632
39165,rstick_y,-1771
39173,lstick_x,-20086
39173,lstick_y,-28632
39173,rstick_y,-1771
39183,lstick_x,-20086
39183,lstick_y,-28632
39183,rstick_y,-1771
39187,lstick_x,-20086
39187,lstick_y,-28632
39187,rstick_y,-1771
39197,lstick_x,-20086
39197,lstick_y,-28632
39197,rstick_y,-1771
39216,lstick_x,-20086
39216,lstick_y,-28632
39216,rstick_y,-1771
39221,lstick_x,-20086
39221,lstick_y,-28632
39221,rstick_y,-1771
39226,lstick_x,-20086
39226,lstick_y,-28632
39226,rstick_y,-1771
39229,lstick_x,-20086
39229,lstick_y,-28632
39229,rstick_y,-1771
39242,lstick_x,-20086
39242,lstick_y,-28632
39242,rstick_y,-1771
39254,lstick_x,-20086
39254,lstick_y,-28632
39254,rstick_y,-1771
39264,lstick_x,-20086
39264,lstick_y,-28632
39264,rstick_y,-1771
39281,lstick_x,-20086
39281,lstick_y,-28632
39281,rstick_y,-1771
39289,lstick_x,-20086
39289,lstick_y,-28632
39289,rstick_y,-1771
39293,lstick_x,-20086
39293,lstick_y,-28632
39293,rstick_y,-1771
39296,lstick_x,-20086
39296,lstick_y,-28632
39296,rstick_y,-1771
39301,lstick_x,-20086
39301,lstick_y,-28632
39301,rstick_y,-1771
39306,lstick_x,-20086
39306,lstick_y,-28632
39306,rstick_y,-1771
39311,lstick_x,-20086
39311,lstick_y,-28632
39311,rstick_y,-1771
39317,lstick_x,-20086
39317,lstick_y,-28632
39317,rstick_y,-1771
39320,lstick_x,-20086
39320,lstick_y,-28632
39320,rstick_y,-1771
39325,lstick_x,-20086
39325,lstick_y,-28632
39325,rstick_y,-1771
39333,lstick_x,-20086
39333,lstick_y,-28456
39333,rstick_y,-1771
39337,lstick_x,-19673
39337,lstick_y,-27773
39337,rstick_y,-1771
39345,lstick_x,-19673
39345,lstick_y,-27773
39345,rstick_y,-1771
39353,lstick_x,-19673
39353,lstick_y,-27773
39353,rstick_y,-1771
39357,lstick_x,-18707
39357,lstick_y,-26591
39357,rstick_y,-1771
39364,lstick_x,-18707
39364,lstick_y,-26591
39364,rstick_y,-1771
39371,lstick_x,-10880
39371,lstick_y,-16731
39371,rstick_y,-1771
39381,lstick_x,-10880
39381,lstick_y,-16731
39381,rstick_y,-1771
39394,lstick_x,-10880
39394,lstick_y,-16731
39394,rstick_y,-1771
39397,lstick_x,-10880
39397,lstick_y,-16731
39397,rstick_y,-1771
39404,lstick_x,-1120
39404,lstick_y,-3159
39404,rstick_y,-1771
39406,lstick_x,-1120
39406,lstick_y,-3159
39406,rstick_y,-1771
39410,lstick_x,-1120
39410,lstick_y,-3159
39410,rstick_y,-1771
39413,lstick_y,-2551
39413,rstick_y,-1771
39420,lstick_y,-2551
39420,rstick_y,-1771
39434,lstick_y,-2551
39434,rstick_y,-1771
39441,lstick_y,-2551
39441,rstick_y,-1771
39443,rstick_y,-1771
39446,rstick_y,-1771
39454,rstick_y,-1771
39461,rstick_y,-1771
39469,rstick_y,-1771
39475,lstick_x,8908
39475,lstick_y,7781
39475,rstick_y,-1771
39481,lstick_x,8908
39481,lstick_y,7781
39481,rstick_y,-1771
39485,lstick_x,8908
39485,lstick_y,7781
39485,rstick_y,-1771
39499,lstick_x,10186
39499,lstick_y,8212
39499,rstick_y,-1771
39504,lstick_x,10186
39504,lstick_y,8212
39504,rstick_y,-1771
39510,lstick_x,10186
39510,lstick_y,8212
39510,rstick_y,-1771
39513,lstick_x,21646
39513,lstick_y,8629
39513,rstick_y,-1771
39517,lstick_x,21646
39517,lstick_y,8629
39517,rstick_y,-1771
39522,lstick_x,22876
39522,lstick_y,8914
39522,rstick_y,-1771
39525,lstick_x,22876
39525,lstick_y,8914
39525,rstick_y,-1771
39533,lstick_x,22876
39533,lstick_y,8914
39533,rstick_y,-1771
39540,lstick_x,32767
39540,lstick_y,8860
39540,rstick_y,-1771
39546,lstick_x,32767
39546,lstick_y,8657
39546,rstick_y,-1771
39549,lstick_x,32767
39549,lstick_y,8657
39549,rstick_y,-1771
39553,lstick_x,32767
39553,lstick_y,8657
39553,rstick_y,-1771
39564,lstick_x,32767
39564,lstick_y,8657
39564,rstick_y,-1771
39573,lstick_x,32767
39573,lstick_y,8657
39573,rstick_y,-1771
39577,lstick_x,32767
39577,lstick_y,8489
39577,rstick_y,-1771
39582,lstick_x,32767
39582,lstick_y,8489
39582,rstick_y,-1771
39587,lstick_x,32767
39587,lstick_y,8489
39587,rstick_y,-1771
39597,lstick_x,32767
39597,lstick_y,8489
39597,rstick_y,-1771
39605,lstick_x,32767
39605,lstick_y,8489
39605,rstick_y,-1771
39608,lstick_x,32767
39608,lstick_y,8237
39608,rstick_y,-1771
39611,lstick_x,32767
39611,lstick_y,8237
39611,rstick_y,-1771
39614,lstick_x,32767
39614,lstick_y,8237
39614,rstick_y,-1771
39620,lstick_x,32767
39620,lstick_y,8237
39620,rstick_y,-1771
39632,lstick_x,32767
39632,lstick_y,8141
39632,rstick_y,-1771
39638,lstick_x,32767
39638,lstick_y,8004
39638,rstick_y,-1771
39641,lstick_x,32767
39641,lstick_y,8004
39641,rstick_y,-1771
39647,lstick_x,32767
39647,lstick_y,8004
39647,rstick_y,-1771
39653,lstick_x,32767
39653,lstick_y,8004
39653,rstick_y,-1771
39661,lstick_x,32767
39661,lstick_y,8004
39661,rstick_y,-1771
39669,lstick_x,32767
39669,lstick_y,8004
39669,rstick_y,-1771
39672,lstick_x,32767
39672,lstick_y,7905
39672,rstick_y,-1771
39681,lstick_x,32767
39681,lstick_y,7905
39681,rstick_y,-1771
39685,lstick_x,32767
39685,lstick_y,7905
39685,rstick_y,-1771
39691,lstick_x,32767
39691,lstick_y,7905
39691,rstick_y,-1771
39696,lstick_x,32767
39696,lstick_y,7905
39696,rstick_y,-1771
39701,lstick_x,32767
39701,lstick_y,7905
39701,rstick_y,-1771
39710,lstick_x,32767
39710,lstick_y,7905
39710,rstick_y,-1771
39717,lstick_x,32767
39717,lstick_y,7842
39717,rstick_y,-1771
39720,lstick_x,32767
39720,lstick_y,7842
39720,rstick_y,-1771
39725,lstick_x,32767
39725,lstick_y,7842
39725,rstick_y,-1771
39731,lstick_x,32767
39731,lstick_y,7802
39731,rstick_y,-1771
39737,lstick_x,32767
39737,lstick_y,7802
39737,rstick_y,-1771
39743,lstick_x,32767
39743,lstick_y,7802
39743,rstick_y,-1771
39750,lstick_x,32767
39750,lstick_y,7802
39750,rstick_y,-1771
39753,lstick_x,32767
39753,lstick_y,7802
39753,rstick_y,-1771
39757,lstick_x,32767
39757,lstick_y,7802
39757,rstick_y,-1771
39765,lstick_x,32767
39765,lstick_y,7802
39765,rstick_y,-1771
39773,lstick_x,32767
39773,lstick_y,7802
39773,rstick_y,-1771
39778,lstick_x,32767
39778,lstick_y,7802
39778,rstick_y,-1771
39787,lstick_x,32767
39787,lstick_y,7653
39787,rstick_y,-1771
39790,lstick_x,32767
39790,lstick_y,7653
39790,rstick_y,-1771
39793,lstick_x,32767
39793,lstick_y,7653
39793,rstick_y,-1771
39796,lstick_x,32767
39796,lstick_y,7653
39796,rstick_y,-1771
39803,lstick_x,32655
39803,lstick_y,6771
39803,rstick_y,-1771
39812,lstick_x,32655
39812,lstick_y,6771
39812,rstick_y,-1771
39820,lstick_x,25818
39820,lstick_y,6291
39820,rstick_y,-1771
39829,lstick_x,25818
39829,lstick_y,6291
39829,rstick_y,-1771
39836,lstick_x,17727
39836,lstick_y,5883
39836,rstick_y,-1771
39840,lstick_x,17727
39840,lstick_y,5883
39840,rstick_y,-1771
39845,lstick_x,17727
39845,lstick_y,5883
39845,rstick_y,-1771
39853,lstick_x,10834
39853,lstick_y,5553
39853,rstick_y,-1771
39857,lstick_x,10834
39857,lstick_y,5553
39857,rstick_y,-1771
39861,lstick_x,10834
39861,lstick_y,5553
39861,rstick_y,-1771
39869,lstick_x,10834
39869,lstick_y,5553
39869,rstick_y,-1771
39877,lstick_x,9752
39877,lstick_y,5262
39877,rstick_y,-1771
39886,lstick_x,9752
39886,lstick_y,5262
39886,rstick_y,-1771
39889,lstick_x,8464
39889,lstick_y,4854
39889,rstick_y,-1771
39893,lstick_x,8464
39893,lstick_y,4854
39893,rstick_y,-1771
39901,lstick_x,7200
39901,lstick_y,4328
39901,rstick_y,-1771
39904,lstick_x,6095
39904,lstick_y,3817
39904,rstick_y,-1771
39907,lstick_x,6095
39907,lstick_y,3817
39907,rstick_y,-1771
39910,lstick_x,6095
39910,lstick_y,3817
39910,rstick_y,-1771
39914,lstick_x,6095
39914,lstick_y,3817
39914,rstick_y,-1771
39917,lstick_x,6095
39917,lstick_y,3817
39917,rstick_y,-1771
39919,lstick_x,6095
39919,lstick_y,3817
39919,rstick_y,-1771
39926,lstick_x,6095
39926,lstick_y,3817
39926,rstick_y,-1771
39933,lstick_x,5182
39933,lstick_y,3337
39933,rstick_y,-1771
39941,lstick_x,5182
39941,lstick_y,3337
39941,rstick_y,-1771
39949,lstick_x,5182
39949,lstick_y,3337
39949,rstick_y,-1771
39953,lstick_x,3825
39953,lstick_y,2601
39953,rstick_y,-1771
39955,lstick_x,3825
39955,lstick_y,2601
39955,rstick_y,-1771
39965,lstick_x,3825
39965,lstick_y,2601
39965,rstick_y,-1771
39970,lstick_x,3332
39970,lstick_y,2316
39970,rstick_y,-1771
39973,lstick_x,3332
39973,lstick_y,2316
39973,rstick_y,-1771
39982,lstick_x,3332
39982,lstick_y,2316
39982,rstick_y,-1771
39987,lstick_x,2931
39987,lstick_y,2076
39987,rstick_y,-1771
39997,lstick_x,2931
39997,lstick_y,2076
39997,rstick_y,-1771
40005,lstick_x,2931
40005,lstick_y,2076
40005,rstick_y,-1771
40013,lstick_x,2355
40013,lstick_y,1709
40013,rstick_x,10487
40022,lstick_x,2355
40022,lstick_y,1709
40022,rstick_x,10487
40025,lstick_x,2355
40025,lstick_y,1709
40025,rstick_x,10487
40029,lstick_x,2150
40029,lstick_y,1573
40029,rstick_x,11479
40039,lstick_x,2150
40039,lstick_y,1573
40039,rstick_x,11479
40044,lstick_x,1986
40044,lstick_y,1464
40044,rstick_x,20001
40044,rstick_y,1190
40053,lstick_x,1986
40053,lstick_y,1464
40053,rstick_x,20001
40053,rstick_y,1190
40061,lstick_x,1986
40061,lstick_y,1464
40061,rstick_x,20001
40061,rstick_y,1190
40069,lstick_x,1986
40069,lstick_y,1464
40069,rstick_x,20001
40069,rstick_y,1190
40074,lstick_x,1750
40074,lstick_y,1307
40074,rstick_x,27589
40074,rstick_y,8589
40085,lstick_x,1750
40085,lstick_y,1307
40085,rstick_x,27589
40085,rstick_y,8589
40088,lstick_x,1666
40088,lstick_y,1245
40088,rstick_x,28367
40088,rstick_y,9516
40091,lstick_x,1666
40091,lstick_y,1245
40091,rstick_x,28367
40091,rstick_y,9516
40101,lstick_x,1666
40101,lstick_y,1245
40101,rstick_x,28367
40101,rstick_y,9516
40109,lstick_x,1599
40109,lstick_y,1196
40109,rstick_x,29007
40109,rstick_y,10309
40117,lstick_x,1599
40117,lstick_y,1196
40117,rstick_x,29007
40117,rstick_y,10309
40125,lstick_x,1599
40125,lstick_y,1196
40125,rstick_x,29007
40125,rstick_y,10309
40133,lstick_x,1599
40133,lstick_y,1196
40133,rstick_x,29007
40133,rstick_y,10309
40136,lstick_x,1502
40136,lstick_y,1120
40136,rstick_x,29929
40136,rstick_y,11459
40139,lstick_x,1502
40139,lstick_y,1120
40139,rstick_x,29929
40139,rstick_y,11459
40149,lstick_x,1502
40149,lstick_y,1120
40149,rstick_x,29929
40149,rstick_y,11459
40154,lstick_x,1502
40154,lstick_y,1084
40154,rstick_x,30251
40154,rstick_y,11966
40158,lstick_x,1502
40158,lstick_y,1084
40158,rstick_x,30251
40158,rstick_y,11966
40165,lstick_x,1502
40165,lstick_y,1084
40165,rstick_x,30251
40165,rstick_y,11966
40173,lstick_x,1502
40173,lstick_y,1084
40173,rstick_x,30251
40173,rstick_y,11966
40181,lstick_x,1502
40181,lstick_y,1084
40181,rstick_x,30251
40181,rstick_y,11966
40186,lstick_x,1441
40186,rstick_x,30637
40186,rstick_y,13053
40191,lstick_x,1441
40191,rstick_x,30637
40191,rstick_y,13053
40195,lstick_x,1401
40195,rstick_x,30713
40195,rstick_y,13613
40204,lstick_x,1401
40204,rstick_x,30713
40204,rstick_y,13613
40213,lstick_x,1401
40213,rstick_x,30713
40213,rstick_y,13613
40221,lstick_x,1401
40221,rstick_x,30713
40221,rstick_y,13613
40228,lstick_x,1401
40228,rstick_x,30713
40228,rstick_y,14920
40231,lstick_x,1401
40231,rstick_x,30713
40231,rstick_y,14920
40238,lstick_x,1401
40238,rstick_x,30713
40238,rstick_y,15597
40245,lstick_x,1401
40245,rstick_x,30713
40245,rstick_y,15597
40247,lstick_x,1401
40247,rstick_x,30713
40247,rstick_y,15597
40253,lstick_x,1401
40253,rstick_x,30713
40253,rstick_y,15597
40261,lstick_x,1401
40261,rstick_x,30713
40261,rstick_y,15597
40269,lstick_x,1401
40269,rstick_x,30713
40269,rstick_y,15597
40276,lstick_x,1401
40276,rstick_x,30713
40276,rstick_y,15597
40279,lstick_x,1401
40279,rstick_x,30713
40279,rstick_y,15597
40285,lstick_x,1401
40285,rstick_x,30713
40285,rstick_y,15597
40289,lstick_x,1401
40289,rstick_x,30713
40289,rstick_y,15597
40293,lstick_x,1401
40293,rstick_x,30713
40293,rstick_y,15597
40296,lstick_x,1401
40296,rstick_x,30307
40296,rstick_y,16315
40301,lstick_x,1401
40301,rstick_x,30307
40301,rstick_y,16315
40304,lstick_x,1401
40304,rstick_x,30307
40304,rstick_y,16315
40309,lstick_x,1401
40309,rstick_x,30307
40309,rstick_y,16315
40317,lstick_x,1401
40317,rstick_x,30307
40317,rstick_y,16315
40325,lstick_x,1401
40325,rstick_x,30307
40325,rstick_y,16315
40328,lstick_x,1337
40328,rstick_x,29210
40328,rstick_y,17590
40333,lstick_x,1337
40333,rstick_x,29210
40333,rstick_y,17590
40336,lstick_x,1337
40336,rstick_x,29210
40336,rstick_y,17590
40342,lstick_x,1337
40342,rstick_x,29210
40342,rstick_y,17590
40349,lstick_x,1305
40349,rstick_x,19578
40349,rstick_y,17113
40353,lstick_x,1305
40353,rstick_x,19578
40353,rstick_y,17113
40357,lstick_x,1305
40357,rstick_x,19578
40357,rstick_y,17113
40365,lstick_x,1305
40365,rstick_x,19578
40365,rstick_y,17113
40370,lstick_x,1305
40370,rstick_x,9192
40370,rstick_y,8131
40373,lstick_x,1305
40373,rstick_x,9192
40373,rstick_y,8131
40381,lstick_x,1305
40381,rstick_x,2445
40381,rstick_y,6825
40386,lstick_x,1305
40386,rstick_x,2305
40386,rstick_y,5686
40397,lstick_x,1305
40397,rstick_x,2305
40397,rstick_y,5686
40403,lstick_x,1305
40403,rstick_x,2175
40403,rstick_y,4743
40413,lstick_x,1305
40413,rstick_x,2175
40413,rstick_y,4743
40422,lstick_x,1305
40422,rstick_x,2175
40422,rstick_y,4743
40429,lstick_x,1305
40429,rstick_x,2175
40429,rstick_y,4743
40437,lstick_x,1305
40437,rstick_x,1943
40437,rstick_y,3369
40445,lstick_x,1305
40445,rstick_x,1943
40445,rstick_y,3369
40452,lstick_x,1305
40452,rstick_x,1855
40452,rstick_y,2863
40455,lstick_x,1305
40455,rstick_x,1855
40455,rstick_y,2863
40461,lstick_x,1305
40461,rstick_x,1855
40461,rstick_y,2863
40469,lstick_x,1305
40469,rstick_x,1855
40469,rstick_y,2863
40477,lstick_x,1305
40477,rstick_x,1855
40477,rstick_y,2863
40480,lstick_x,1305
40480,rstick_x,1722
40480,rstick_y,2151
40485,lstick_x,1305
40485,rstick_x,1722
40485,rstick_y,2151
40494,lstick_x,1305
40494,rstick_x,1722
40494,rstick_y,2151
40573,lstick_x,1305
40573,rstick_x,1672
40573,rstick_y,1900
40581,lstick_x,1305
40581,rstick_x,1557
40581,rstick_y,1260
40589,lstick_x,1305
40589,rstick_x,1557
40589,rstick_y,1260
40597,lstick_x,1305
40597,rstick_x,1557
40597,rstick_y,1260
40605,lstick_x,1305
40605,rstick_x,1557
40605,rstick_y,1260
40609,lstick_x,1305
40609,rstick_x,2872
40609,rstick_y,1952
40611,lstick_x,1305
40611,rstick_x,10277
40611,rstick_y,2824
40614,lstick_x,1305
40614,rstick_x,10277
40614,rstick_y,2824
40621,lstick_x,1305
40621,rstick_x,10277
40621,rstick_y,2824
40628,lstick_x,1305
40628,rstick_x,10723
40628,rstick_y,3818
40638,lstick_x,1305
40638,rstick_x,10723
40638,rstick_y,3818
40645,lstick_x,1305
40645,rstick_x,10723
40645,rstick_y,3818
40653,lstick_x,1305
40653,rstick_x,10723
40653,rstick_y,3818
40656,lstick_x,8364
40656,rstick_x,11726
40656,rstick_y,5723
40661,lstick_x,8364
40661,rstick_x,11726
40661,rstick_y,5723
40669,lstick_x,8364
40669,rstick_x,11726
40669,rstick_y,5723
40672,lstick_x,8364
40672,rstick_x,11726
40672,rstick_y,5723
40675,lstick_x,9325
40675,rstick_x,12134
40675,rstick_y,6491
40686,lstick_x,9325
40686,rstick_x,12134
40686,rstick_y,6491
40693,lstick_x,9325
40693,rstick_x,12134
40693,rstick_y,6491
40696,lstick_x,18600
40696,rstick_x,12461
40696,rstick_y,7129
40701,lstick_x,18600
40701,rstick_x,12461
40701,rstick_y,7129
40704,lstick_x,19817
40704,rstick_x,12710
40704,rstick_y,7645
40708,lstick_x,19817
40708,rstick_x,12710
40708,rstick_y,7645
40717,lstick_x,19817
40717,rstick_x,12710
40717,rstick_y,7645
40719,lstick_x,32562
40719,rstick_x,12738
40719,rstick_y,8063
40725,lstick_x,32562
40725,rstick_x,12738
40725,rstick_y,8063
40733,lstick_x,32562
40733,rstick_x,12738
40733,rstick_y,8063
40739,lstick_x,32767
40739,rstick_x,12276
40739,rstick_y,8332
40746,lstick_x,32767
40746,lstick_y,1263
40746,rstick_x,11448
40746,rstick_y,8321
40749,lstick_x,32767
40749,lstick_y,1263
40749,rstick_x,11448
40749,rstick_y,8321
40753,lstick_x,32767
40753,lstick_y,1263
40753,rstick_x,11448
40753,rstick_y,8321
40757,lstick_x,32767
40757,lstick_y,1263
40757,rstick_x,11448
40757,rstick_y,8321
40761,lstick_x,32767
40761,lstick_y,1808
40761,rstick_x,10336
40761,rstick_y,7952
40765,lstick_x,32767
40765,lstick_y,1808
40765,rstick_x,10336
40765,rstick_y,7952
40770,lstick_x,32767
40770,lstick_y,1808
40770,rstick_x,10336
40770,rstick_y,7952
40773,lstick_x,32767
40773,lstick_y,1808
40773,rstick_x,10336
40773,rstick_y,7952
40781,lstick_x,32767
40781,lstick_y,1808
40781,rstick_x,10336
40781,rstick_y,7952
40789,lstick_x,32767
40789,lstick_y,1808
40789,rstick_x,10336
40789,rstick_y,7952
40797,lstick_x,32767
40797,lstick_y,1808
40797,rstick_x,10336
40797,rstick_y,7952
40803,lstick_x,32767
40803,lstick_y,2489
40803,rstick_x,9187
40803,rstick_y,7386
40807,lstick_x,32767
40807,lstick_y,3234
40807,rstick_x,1393
40807,rstick_y,6171
40813,lstick_x,32767
40813,lstick_y,3234
40813,rstick_x,1393
40813,rstick_y,6171
40820,lstick_x,32767
40820,lstick_y,3234
40820,rstick_x,1393
40820,rstick_y,6171
40829,lstick_x,32767
40829,lstick_y,4013
40829,rstick_x,1386
40829,rstick_y,5180
40837,lstick_x,32767
40837,lstick_y,4013
40837,rstick_x,1386
40837,rstick_y,5180
40846,lstick_x,32767
40846,lstick_y,4013
40846,rstick_x,1386
40846,rstick_y,5180
40853,lstick_x,32767
40853,lstick_y,5366
40853,rstick_x,1386
40853,rstick_y,3670
40856,lstick_x,32767
40856,lstick_y,5971
40856,rstick_x,1386
40856,rstick_y,3113
40861,lstick_x,32767
40861,lstick_y,5971
40861,rstick_x,1386
40861,rstick_y,3113
40869,lstick_x,32767
40869,lstick_y,5971
40869,rstick_x,1386
40869,rstick_y,3113
40877,lstick_x,32767
40877,lstick_y,6523
40877,rstick_x,1386
40877,rstick_y,2661
40885,lstick_x,32767
40885,lstick_y,6523
40885,rstick_x,1386
40885,rstick_y,2661
40889,lstick_x,32767
40889,lstick_y,7016
40889,rstick_x,1386
40889,rstick_y,2293
40893,lstick_x,32767
40893,lstick_y,7016
40893,rstick_x,1386
40893,rstick_y,2293
40896,lstick_x,32767
40896,lstick_y,7445
40896,rstick_x,1386
40896,rstick_y,1998
40901,lstick_x,32767
40901,lstick_y,7445
40901,rstick_x,1386
40901,rstick_y,1998
40903,lstick_x,32767
40903,lstick_y,7445
40903,rstick_x,1386
40903,rstick_y,1998
40907,lstick_x,32767
40907,lstick_y,7445
40907,rstick_x,1386
40907,rstick_y,1998
40913,lstick_x,32767
40913,lstick_y,7828
40913,rstick_x,1386
40913,rstick_y,1762
40917,lstick_x,32767
40917,lstick_y,7828
40917,rstick_x,1386
40917,rstick_y,1762
40920,lstick_x,32767
40920,lstick_y,7828
40920,rstick_x,1386
40920,rstick_y,1762
40923,lstick_x,32767
40923,lstick_y,7828
40923,rstick_x,1386
40923,rstick_y,1762
40933,lstick_x,32767
40933,lstick_y,7828
40933,rstick_x,1386
40933,rstick_y,1762
40941,lstick_x,32767
40941,lstick_y,7828
40941,rstick_x,1386
40941,rstick_y,1762
40944,lstick_x,32767
40944,lstick_y,8462
40944,rstick_x,1287
40944,rstick_y,1423
40949,lstick_x,32767
40949,lstick_y,8462
40949,rstick_x,1287
40949,rstick_y,1423
40952,lstick_x,32767
40952,lstick_y,8462
40952,rstick_x,1287
40952,rstick_y,1423
40955,lstick_x,32767
40955,lstick_y,8462
40955,rstick_x,1287
40955,rstick_y,1423
40957,lstick_x,32767
40957,lstick_y,8750
40957,rstick_x,1276
40957,rstick_y,1302
40965,lstick_x,32767
40965,lstick_y,8750
40965,rstick_x,1276
40965,rstick_y,1302
40970,lstick_x,32767
40970,lstick_y,9027
40970,rstick_x,1276
40970,rstick_y,1205
40973,lstick_x,32767
40973,lstick_y,9027
40973,rstick_x,1276
40973,rstick_y,1205
40981,lstick_x,32767
40981,lstick_y,9027
40981,rstick_x,1276
40981,rstick_y,1205
40989,lstick_x,32767
40989,lstick_y,9027
40989,rstick_x,1276
40989,rstick_y,1205
40995,lstick_x,32767
40995,lstick_y,9323
40995,rstick_x,1276
40995,rstick_y,1128
40997,lstick_x,32767
40997,lstick_y,9323
40997,rstick_x,1276
40997,rstick_y,1128
41004,lstick_x,32767
41004,lstick_y,9622
41004,rstick_x,1276
41004,rstick_y,1066
41007,lstick_x,32767
41007,lstick_y,9622
41007,rstick_x,1276
41007,rstick_y,1066
41013,lstick_x,32767
41013,lstick_y,9622
41013,rstick_x,1276
41013,rstick_y,1066
41020,lstick_x,32767
41020,lstick_y,9924
41020,rstick_x,1276
41029,lstick_x,32767
41029,lstick_y,9924
41029,rstick_x,1276
41037,lstick_x,32767
41037,lstick_y,9924
41037,rstick_x,1276
41044,lstick_x,32767
41044,lstick_y,10200
41044,rstick_x,1276
41047,lstick_x,32767
41047,lstick_y,10495
41047,rstick_x,1276
41053,lstick_x,32767
41053,lstick_y,10495
41053,rstick_x,1276
41056,lstick_x,32767
41056,lstick_y,10495
41056,rstick_x,1276
41059,lstick_x,32767
41059,lstick_y,10495
41059,rstick_x,1276
41063,lstick_x,32767
41063,lstick_y,10828
41063,rstick_x,1276
41069,lstick_x,32767
41069,lstick_y,10828
41069,rstick_x,1276
41074,lstick_x,32767
41074,lstick_y,10828
41074,rstick_x,1276
41077,lstick_x,32767
41077,lstick_y,10828
41077,rstick_x,1276
41085,lstick_x,32767
41085,lstick_y,10828
41085,rstick_x,1276
41093,lstick_x,32767
41093,lstick_y,10828
41093,rstick_x,1276
41101,lstick_x,32767
41101,lstick_y,10828
41101,rstick_x,1276
41104,lstick_x,32767
41104,lstick_y,11553
41104,rstick_x,1276
41107,lstick_x,32767
41107,lstick_y,11892
41107,rstick_x,1276
41114,lstick_x,32767
41114,lstick_y,11892
41114,rstick_x,1276
41118,lstick_x,32767
41118,lstick_y,11892
41118,rstick_x,1276
41125,lstick_x,32767
41125,lstick_y,12181
41125,rstick_x,1276
41133,lstick_x,32767
41133,lstick_y,12181
41133,rstick_x,1276
41141,lstick_x,32767
41141,lstick_y,12181
41141,rstick_x,1276
41145,lstick_x,32767
41145,lstick_y,12640
41145,rstick_x,1276
41148,lstick_x,32767
41148,lstick_y,12640
41148,rstick_x,1276
41153,lstick_x,32767
41153,lstick_y,12825
41153,rstick_x,1276
41156,lstick_x,32767
41156,lstick_y,12825
41156,rstick_x,1276
41163,lstick_x,32767
41163,lstick_y,12825
41163,rstick_x,1276
41167,lstick_x,32767
41167,lstick_y,12825
41167,rstick_x,1276
41170,lstick_x,32767
41170,lstick_y,12984
41170,rstick_x,1276
41173,lstick_x,32767
41173,lstick_y,12984
41173,rstick_x,1276
41181,lstick_x,32767
41181,lstick_y,12984
41181,rstick_x,1276
41189,lstick_x,32767
41189,lstick_y,12984
41189,rstick_x,1276
41192,lstick_x,32767
41192,lstick_y,13123
41192,rstick_x,1191
41196,lstick_x,32767
41196,lstick_y,13240
41196,rstick_x,1191
41202,lstick_x,32767
41202,lstick_y,13240
41202,rstick_x,1191
41205,lstick_x,32767
41205,lstick_y,13240
41205,rstick_x,1191
41209,lstick_x,32767
41209,lstick_y,13240
41209,rstick_x,1191
41213,lstick_x,32767
41213,lstick_y,13345
41213,rstick_x,1191
41220,lstick_x,32767
41220,lstick_y,13345
41220,rstick_x,1191
41229,lstick_x,32767
41229,lstick_y,13345
41229,rstick_x,1191
41237,lstick_x,32767
41237,lstick_y,13345
41237,rstick_x,1191
41244,lstick_x,32767
41244,lstick_y,13496
41244,rstick_x,1191
41248,lstick_x,32767
41248,lstick_y,13496
41248,rstick_x,1191
41253,lstick_x,32767
41253,lstick_y,13496
41253,rstick_x,1191
41255,lstick_x,32767
41255,lstick_y,13496
41255,rstick_x,1191
41258,lstick_x,32767
41258,lstick_y,13572
41258,rstick_x,1191
41263,lstick_x,32767
41263,lstick_y,13572
41263,rstick_x,1191
41269,lstick_x,32767
41269,lstick_y,13572
41269,rstick_x,1191
41277,lstick_x,32767
41277,lstick_y,13572
41277,rstick_x,1191
41285,lstick_x,32767
41285,lstick_y,13572
41285,rstick_x,1191
41293,lstick_x,32767
41293,lstick_y,13572
41293,rstick_x,1191
41296,lstick_x,32767
41296,lstick_y,13790
41296,rstick_x,1180
41301,lstick_x,32767
41301,lstick_y,13790
41301,rstick_x,1180
41304,lstick_x,32767
41304,lstick_y,13790
41304,rstick_x,1180
41308,lstick_x,32767
41308,lstick_y,13790
41308,rstick_x,1180
41317,lstick_x,32767
41317,lstick_y,13790
41317,rstick_x,1180
41319,lstick_x,32767
41319,lstick_y,13996
41319,rstick_x,1180
41325,lstick_x,32767
41325,lstick_y,13996
41325,rstick_x,1180
41333,lstick_x,32767
41333,lstick_y,13996
41333,rstick_x,1180
41341,lstick_x,32767
41341,lstick_y,13996
41341,rstick_x,1180
41347,lstick_x,32767
41347,lstick_y,14710
41347,rstick_x,1180
41353,lstick_x,32767
41353,lstick_y,14710
41353,rstick_x,1180
41356,lstick_x,32767
41356,lstick_y,14710
41356,rstick_x,1180
41367,lstick_x,32767
41367,lstick_y,14710
41367,rstick_x,1180
41373,lstick_x,32767
41373,lstick_y,14710
41373,rstick_x,1180
41377,lstick_x,32316
41377,lstick_y,15662
41377,rstick_x,1180
41381,lstick_x,32316
41381,lstick_y,15662
41381,rstick_x,1180
41389,lstick_x,31867
41389,lstick_y,16403
41389,rstick_x,1180
41397,lstick_x,31867
41397,lstick_y,16403
41397,rstick_x,1180
41405,lstick_x,31867
41405,lstick_y,16403
41405,rstick_x,1180
41410,lstick_x,21480
41410,lstick_y,18373
41410,rstick_x,1180
41412,lstick_x,21480
41412,lstick_y,18373
41412,rstick_x,1180
41425,lstick_x,21480
41425,lstick_y,18373
41425,rstick_x,1180
41433,lstick_x,21480
41433,lstick_y,18373
41433,rstick_x,1180
41436,lstick_x,19715
41436,lstick_y,20642
41436,rstick_x,1180
41442,lstick_x,19715
41442,lstick_y,20642
41442,rstick_x,1180
41445,lstick_x,19715
41445,lstick_y,20642
41445,rstick_x,1180
41453,lstick_x,19715
41453,lstick_y,20642
41453,rstick_x,1180
41461,lstick_x,19715
41461,lstick_y,20642
41461,rstick_x,1180
41469,lstick_x,19715
41469,lstick_y,20642
41469,rstick_x,1180
41472,lstick_x,12449
41472,lstick_y,23068
41472,rstick_x,1180
41476,lstick_x,12449
41476,lstick_y,23068
41476,rstick_x,1180
41485,lstick_x,12449
41485,lstick_y,23068
41485,rstick_x,1180
41495,lstick_x,12449
41495,lstick_y,23068
41495,rstick_x,1180
41503,lstick_x,12449
41503,lstick_y,23068
41503,rstick_x,1180
41507,lstick_x,10610
41507,lstick_y,30094
41507,rstick_x,1180
41511,lstick_x,10610
41511,lstick_y,30094
41511,rstick_x,1180
41517,lstick_x,3963
41517,lstick_y,32767
41517,rstick_x,1180
41525,lstick_x,3963
41525,lstick_y,32767
41525,rstick_x,1180
41531,lstick_x,3732
41531,lstick_y,32767
41531,rstick_x,1180
41534,lstick_x,3732
41534,lstick_y,32767
41534,rstick_x,1180
41541,lstick_x,3511
41541,lstick_y,32767
41541,rstick_x,1180
41549,lstick_x,3511
41549,lstick_y,32767
41549,rstick_x,1180
41554,lstick_x,3511
41554,lstick_y,32767
41554,rstick_x,1180
41563,lstick_x,3322
41563,lstick_y,32767
41563,rstick_x,1180
41566,lstick_x,3322
41566,lstick_y,32767
41566,rstick_x,1180
41574,lstick_x,3322
41574,lstick_y,32767
41574,rstick_x,1180
41578,lstick_x,3065
41578,lstick_y,32767
41578,rstick_x,1180
41581,lstick_x,3065
41581,lstick_y,32767
41581,rstick_x,1180
41587,lstick_x,2794
41587,lstick_y,32767
41587,rstick_x,1180
41598,lstick_x,2794
41598,lstick_y,32767
41598,rstick_x,1180
41605,lstick_x,2794
41605,lstick_y,32767
41605,rstick_x,1180
41611,lstick_x,2547
41611,lstick_y,32767
41611,rstick_x,1180
41614,lstick_x,2547
41614,lstick_y,32767
41614,rstick_x,1180
41619,lstick_x,2350
41619,lstick_y,32767
41619,rstick_x,1180
41623,lstick_x,2350
41623,lstick_y,32767
41623,rstick_x,1180
41631,lstick_x,2350
41631,lstick_y,32767
41631,rstick_x,1180
41638,lstick_x,2350
41638,lstick_y,32767
41638,rstick_x,1180
41647,lstick_x,2350
41647,lstick_y,32767
41647,rstick_x,1180
41654,lstick_x,2350
41654,lstick_y,32767
41654,rstick_x,1180
41657,lstick_x,2055
41657,lstick_y,32767
41657,rstick_x,1180
41661,lstick_x,2055
41661,lstick_y,32767
41661,rstick_x,1180
41669,lstick_x,1950
41669,lstick_y,32767
41669,rstick_x,1180
41679,lstick_x,1950
41679,lstick_y,32767
41679,rstick_x,1180
41685,lstick_x,1950
41685,lstick_y,32767
41685,rstick_x,1180
41690,lstick_x,1866
41690,lstick_y,32767
41690,rstick_x,1180
41693,lstick_x,1799
41693,lstick_y,32767
41693,rstick_x,1180
41701,lstick_x,1799
41701,lstick_y,32767
41701,rstick_x,1180
41709,lstick_x,1758
41709,lstick_y,32767
41709,rstick_x,1180
41717,lstick_x,1758
41717,lstick_y,32767
41717,rstick_x,1180
41727,lstick_x,1758
41727,lstick_y,32767
41727,rstick_x,1180
41736,lstick_x,1758
41736,lstick_y,32123
41736,rstick_x,1180
41741,lstick_x,1758
41741,lstick_y,31021
41741,rstick_x,1180
41749,lstick_x,1758
41749,lstick_y,31021
41749,rstick_x,1180
41757,lstick_x,1758
41757,lstick_y,31021
41757,rstick_x,1180
41765,lstick_x,1758
41765,lstick_y,31021
41765,rstick_x,1180
41770,lstick_x,1902
41770,lstick_y,23498
41770,rstick_x,1180
41773,lstick_x,1902
41773,lstick_y,23498
41773,rstick_x,1180
41781,lstick_x,1902
41781,lstick_y,23498
41781,rstick_x,1180
41789,lstick_x,1902
41789,lstick_y,23498
41789,rstick_x,1180
41797,lstick_x,1902
41797,lstick_y,23498
41797,rstick_x,1180
41805,lstick_x,1902
41805,lstick_y,23498
41805,rstick_x,1180
41811,lstick_x,2073
41811,lstick_y,15355
41811,rstick_x,1180
41821,lstick_x,2073
41821,lstick_y,15355
41821,rstick_x,1180
41827,lstick_x,2073
41827,lstick_y,15355
41827,rstick_x,1180
41837,lstick_x,2073
41837,lstick_y,15355
41837,rstick_x,1180
41843,lstick_x,2073
41843,lstick_y,14165
41843,rstick_x,1180
41847,lstick_x,2073
41847,lstick_y,14165
41847,rstick_x,1180
41853,lstick_x,2073
41853,lstick_y,14165
41853,rstick_x,1180
41856,lstick_x,2073
41856,lstick_y,5985
41856,rstick_x,1180
41862,lstick_x,2073
41862,lstick_y,5985
41862,rstick_x,1180
41873,lstick_x,2073
41873,lstick_y,5985
41873,rstick_x,1180
41882,lstick_x,2073
41882,lstick_y,5985
41882,rstick_x,1180
41888,lstick_x,2073
41888,lstick_y,5985
41888,rstick_x,1180
41893,lstick_x,1120
41893,lstick_y,3509
41893,rstick_x,1180
41896,lstick_x,1120
41896,lstick_y,3509
41896,rstick_x,1180
41901,lstick_x,1120
41901,lstick_y,3509
41901,rstick_x,1180
41909,lstick_x,1120
41909,lstick_y,3509
41909,rstick_x,1180
41913,lstick_y,2770
41913,rstick_x,1180
41917,lstick_y,2770
41917,rstick_x,1180
41920,lstick_y,2135
41920,rstick_x,1180
41925,lstick_y,2135
41925,rstick_x,1180
41928,lstick_y,2135
41928,rstick_x,1180
41931,lstick_y,1616
41931,rstick_x,1180
41936,lstick_y,1616
41936,rstick_x,1180
41939,lstick_y,1616
41939,rstick_x,1180
41949,lstick_y,1616
41949,rstick_x,1180
41958,lstick_y,1616
41958,rstick_x,1180
41967,lstick_y,1616
41967,rstick_x,1180
41974,lstick_y,1616
41974,rstick_x,1180
41981,rstick_x,1180
41989,rstick_x,1180
41997,rstick_x,1180
42004,rstick_x,1180
42012,rstick_x,1180
42020,rstick_x,1180
42023,rstick_x,1180
42029,rstick_x,1180
42038,rstick_x,1180
42045,rstick_x,1180
42053,rstick_x,1180
42058,rstick_x,1180
42061,rstick_x,1180
42069,rstick_x,1180
42077,rstick_x,1180
42080,rstick_x,1180
42085,rstick_x,1180
42093,rstick_x,1180
42097,rstick_x,1180
42101,rstick_x,1180
42104,rstick_x,1180
42107,rstick_x,1180
42117,rstick_x,1180
42125,rstick_x,1180
42133,rstick_x,1180
42140,rstick_x,1180
42147,rstick_x,1180
42158,rstick_x,1180
42165,rstick_x,1180
42170,rstick_x,1180
42173,rstick_x,1180
42179,rstick_x,1180
42186,rstick_x,1180
42189,rstick_x,1180
42204,rstick_x,1180
42213,rstick_x,1180
42222,rstick_x,1180
42228,rstick_x,1180
42238,rstick_x,1180
42245,rstick_x,1180
42253,rstick_x,1180
42262,rstick_x,1180
42269,rstick_x,1180
42272,rstick_x,1180
42275,rstick_x,1180
42285,rstick_x,1180
42296,rstick_x,1180
42303,rstick_x,1180
42307,rstick_x,1180
42311,rstick_x,1180
42317,rstick_x,1180
42325,rstick_x,1180
42333,rstick_x,1180
42337,rstick_x,1180
42342,rstick_x,1180
42345,rstick_x,1180
42349,rstick_x,1180
42353,rstick_x,1180
42356,rstick_x,1180
42358,rstick_x,1180
42365,rstick_x,1180
42377,rstick_x,1180
42385,rstick_x,1180
42389,rstick_x,1180
42396,rstick_x,1180
42405,rstick_x,1180
42412,rstick_x,1180
42420,rstick_x,1180
42427,rstick_x,1180
42431,rstick_x,1180
42437,rstick_x,1180
42441,rstick_x,1180
42445,rstick_x,1180
42453,rstick_x,1180
42464,rstick_x,1180
42470,rstick_x,1180
42475,rstick_x,1180
42479,rstick_x,1180
42482,rstick_x,1180
42486,rstick_x,1180
42493,rstick_x,1180
42501,rstick_x,1180
42504,rstick_x,1180
42507,rstick_x,1180
42511,rstick_x,1180
42520,rstick_x,1180
42525,rstick_x,1180
42530,rstick_x,1180
42535,rstick_x,1180
42542,rstick_x,1180
42550,rstick_x,1180
42557,rstick_x,1180
42566,rstick_x,1180
42573,rstick_x,1180
42575,rstick_x,1180
42581,rstick_x,1180
42586,rstick_x,1180
42590,rstick_x,1180
42598,rstick_x,1180
42604,rstick_x,1180
42610,rstick_x,1180
42613,rstick_x,1180
42625,rstick_x,1180
42632,rstick_x,1180
42637,rstick_x,1180
42644,rstick_x,1180
42657,rstick_x,1180
42661,rstick_x,1180
42664,rstick_x,1180
42669,rstick_x,1180
42672,rstick_x,1180
42675,rstick_x,1180
42677,rstick_x,1180
42692,rstick_x,1180
42702,rstick_x,1180
42707,rstick_x,1180
42710,rstick_x,1180
42713,rstick_x,1180
42717,rstick_x,1180
42725,rstick_x,1180
42733,rstick_x,1180
42737,rstick_x,1180
42739,rstick_x,1180
42751,rstick_x,1180
42754,rstick_x,1180
42759,rstick_x,1180
42770,rstick_x,1180
42776,rstick_x,1180
42782,rstick_x,1180
42787,rstick_x,1180
42800,rstick_x,1180
42804,rstick_x,1180
42807,rstick_x,1180
42813,rstick_x,1180
42820,rstick_x,1180
42823,rstick_x,1180
42829,rstick_x,1180
42838,rstick_x,1180
42845,rstick_x,1180
42854,rstick_x,1180
42861,rstick_x,1180
42865,rstick_x,1180
42869,rstick_x,1180
42877,rstick_x,1180
42881,rstick_x,1180
42885,rstick_x,1180
42893,rstick_x,1180
42897,rstick_x,1180
42901,rstick_x,1180
42904,rstick_x,1180
42907,rstick_x,1180
42917,rstick_x,1180
42930,rstick_x,1180
42935,rstick_x,1180
42939,rstick_x,1180
42943,rstick_x,1180
42950,rstick_x,1180
42957,rstick_x,1180
42959,rstick_x,1180
42964,rstick_x,1180
42973,rstick_x,1180
42976,rstick_x,1180
42979,rstick_x,1180
42986,rstick_x,1180
42989,rstick_x,1180
42997,rstick_x,1180
43006,rstick_x,1180
43013,rstick_x,1180
43021,rstick_x,1180
43028,rstick_x,1180
43037,rstick_x,1180
43047,rstick_x,1180
43053,rstick_x,1180
43057,rstick_x,1180
43061,rstick_x,1180
43064,rstick_x,1180
43069,rstick_x,1180
43072,rstick_x,1180
43083,rstick_x,1180
43086,rstick_x,1180
43094,rstick_x,1180
43102,rstick_x,1180
43109,rstick_x,1180
43117,rstick_x,1180
43125,rstick_x,1180
43130,rstick_x,1180
43133,rstick_x,1180
43137,rstick_x,1180
43141,rstick_x,1180
43144,rstick_x,1180
43150,rstick_x,1180
43157,rstick_x,1180
43168,rstick_x,1180
43175,rstick_x,1180
43179,rstick_x,1180
43182,rstick_x,1180
43186,rstick_x,1180
43189,rstick_x,1180
43197,rstick_x,1180
43203,rstick_x,1180
43206,rstick_x,1180
43213,rstick_x,1180
43219,rstick_x,1180
43223,rstick_x,1180
43229,rstick_x,1180
43242,rstick_x,1180
43251,rstick_x,1180
43258,rstick_x,1180
43262,rstick_x,1180
43274,rstick_x,1180
43277,rstick_x,1180
43285,rstick_x,1180
43293,rstick_x,1180
43296,rstick_x,1180
43301,rstick_x,1180
43305,rstick_x,1180
43313,rstick_x,1180
43317,rstick_x,1180
43331,rstick_x,1180
43337,rstick_x,1180
43340,rstick_x,1180
43344,lstick_x,-1227
43344,lstick_y,1365
43344,rstick_x,1180
43349,lstick_x,-1227
43349,lstick_y,1365
43349,rstick_x,1180
43357,lstick_x,-1227
43357,lstick_y,1365
43357,rstick_x,1180
43361,lstick_x,-2482
43361,lstick_y,8404
43361,rstick_x,1180
43365,lstick_x,-2482
43365,lstick_y,8404
43365,rstick_x,1180
43370,lstick_x,-12628
43370,lstick_y,9115
43370,rstick_x,1180
43376,lstick_x,-12628
43376,lstick_y,9115
43376,rstick_x,1180
43379,lstick_x,-12628
43379,lstick_y,9115
43379,rstick_x,1180
43386,lstick_x,-13378
43386,lstick_y,10344
43386,rstick_x,1180
43389,lstick_x,-13378
43389,lstick_y,10344
43389,rstick_x,1180
43392,lstick_x,-13378
43392,lstick_y,10344
43392,rstick_x,1180
43403,lstick_x,-13378
43403,lstick_y,10344
43403,rstick_x,1180
43419,lstick_x,-13378
43419,lstick_y,10344
43419,rstick_x,1180
43421,lstick_x,-14602
43421,lstick_y,17728
43421,rstick_x,1180
43426,lstick_x,-14602
43426,lstick_y,17728
43426,rstick_x,1180
43437,lstick_x,-14602
43437,lstick_y,17728
43437,rstick_x,1180
43442,lstick_x,-22260
43442,lstick_y,18195
43442,rstick_x,1180
43447,lstick_x,-22633
43447,lstick_y,18914
43447,rstick_x,1180
43453,lstick_x,-22633
43453,lstick_y,18914
43453,rstick_x,1180
43456,lstick_x,-22633
43456,lstick_y,18914
43456,rstick_x,1180
43459,lstick_x,-22633
43459,lstick_y,18914
43459,rstick_x,1180
43464,lstick_x,-23659
43464,lstick_y,20297
43464,rstick_x,1180
43470,lstick_x,-23659
43470,lstick_y,20297
43470,rstick_x,1180
43477,lstick_x,-23659
43477,lstick_y,20297
43477,rstick_x,1180
43485,lstick_x,-23659
43485,lstick_y,20297
43485,rstick_x,1180
43488,lstick_x,-24037
43488,lstick_y,20786
43488,rstick_x,1180
43493,lstick_x,-24037
43493,lstick_y,20786
43493,rstick_x,1180
43501,lstick_x,-24512
43501,lstick_y,21097
43501,rstick_x,1180
43504,lstick_x,-24512
43504,lstick_y,21097
43504,rstick_x,1180
43509,lstick_x,-24512
43509,lstick_y,21097
43509,rstick_x,1180
43521,lstick_x,-25075
43521,lstick_y,21117
43521,rstick_x,1180
43525,lstick_x,-25662
43525,lstick_y,20899
43525,rstick_x,1180
43531,lstick_x,-25662
43531,lstick_y,20899
43531,rstick_x,1180
43536,lstick_x,-26286
43536,lstick_y,20536
43536,rstick_x,1180
43539,lstick_x,-26286
43539,lstick_y,20536
43539,rstick_x,1180
43556,lstick_x,-26286
43556,lstick_y,20536
43556,rstick_x,1180
43562,lstick_x,-26868
43562,lstick_y,20063
43562,rstick_x,1180
43565,lstick_x,-26868
43565,lstick_y,20063
43565,rstick_x,1180
43573,lstick_x,-26868
43573,lstick_y,20063
43573,rstick_x,1180
43576,lstick_x,-27381
43576,lstick_y,19564
43576,rstick_x,1180
43581,lstick_x,-27381
43581,lstick_y,19564
43581,rstick_x,1180
43584,lstick_x,-27845
43584,lstick_y,19068
43584,rstick_x,1180
43589,lstick_x,-27845
43589,lstick_y,19068
43589,rstick_x,1180
43597,lstick_x,-27845
43597,lstick_y,19068
43597,rstick_x,1180
43605,lstick_x,-27845
43605,lstick_y,19068
43605,rstick_x,1180
43608,lstick_x,-28252
43608,lstick_y,18597
43608,rstick_x,1180
43610,lstick_x,-28601
43610,lstick_y,18145
43610,rstick_x,1180
43613,lstick_x,-28601
43613,lstick_y,18145
43613,rstick_x,1180
43621,lstick_x,-28601
43621,lstick_y,18145
43621,rstick_x,1180
43625,lstick_x,-28601
43625,lstick_y,18145
43625,rstick_x,1180
43631,lstick_x,-28601
43631,lstick_y,18145
43631,rstick_x,1180
43639,lstick_x,-28726
43639,lstick_y,17417
43639,rstick_x,1180
43646,lstick_x,-28726
43646,lstick_y,17417
43646,rstick_x,1180
43653,lstick_x,-27757
43653,lstick_y,16302
43653,rstick_x,1180
43659,lstick_x,-17555
43659,lstick_y,8911
43659,rstick_x,1180
43666,lstick_x,-17555
43666,lstick_y,8911
43666,rstick_x,1180
43677,lstick_x,-17555
43677,lstick_y,8911
43677,rstick_x,1180
43685,lstick_x,-17555
43685,lstick_y,8911
43685,rstick_x,1180
43688,lstick_x,-6621
43688,lstick_y,7281
43688,rstick_x,1180
43691,lstick_x,-6621
43691,lstick_y,7281
43691,rstick_x,1180
43707,lstick_x,-6621
43707,lstick_y,7281
43707,rstick_x,1180
43712,lstick_x,-5712
43712,lstick_y,6004
43712,rstick_x,1180
43717,lstick_x,-5712
43717,lstick_y,6004
43717,rstick_x,1180
43721,lstick_x,-4841
43721,lstick_y,4844
43721,rstick_x,1180
43725,lstick_x,-4841
43725,lstick_y,4844
43725,rstick_x,1180
43733,lstick_x,-4114
43733,lstick_y,3858
43733,rstick_x,1180
43737,lstick_x,-4114
43737,lstick_y,3858
43737,rstick_x,1180
43742,lstick_x,-4114
43742,lstick_y,3858
43742,rstick_x,1180
43751,lstick_x,-4114
43751,lstick_y,3858
43751,rstick_x,1180
43757,lstick_x,-4114
43757,lstick_y,3858
43757,rstick_x,1180
43760,lstick_x,-3485
43760,lstick_y,3022
43760,rstick_x,1180
43763,lstick_x,-2940
43763,lstick_y,2334
43763,rstick_x,1180
43769,lstick_x,-2940
43769,lstick_y,2334
43769,rstick_x,1180
43773,lstick_x,-2940
43773,lstick_y,2334
43773,rstick_x,1180
43781,lstick_x,-2940
43781,lstick_y,2334
43781,rstick_x,1180
43789,lstick_x,-2940
43789,lstick_y,2334
43789,rstick_x,1180
43802,lstick_x,-2940
43802,lstick_y,2334
43802,rstick_x,1180
43806,lstick_x,-2940
43806,lstick_y,2334
43806,rstick_x,1180
43810,lstick_x,-2128
43810,lstick_y,1317
43810,rstick_x,1180
43813,lstick_x,-2128
43813,lstick_y,1317
43813,rstick_x,1180
43820,lstick_x,-1831
43820,rstick_x,1180
43829,lstick_x,-1831
43829,rstick_x,1180
43837,lstick_x,-1831
43837,rstick_x,1180
43841,lstick_x,-1581
43841,rstick_x,1180
43844,lstick_x,-1581
43844,rstick_x,1180
43853,lstick_x,-1581
43853,rstick_x,1180
43861,lstick_x,-1381
43861,rstick_x,1180
43872,lstick_x,-1221
43872,rstick_x,1180
43875,lstick_x,-1221
43875,rstick_x,1180
43880,lstick_x,-1221
43880,rstick_x,1180
43885,lstick_x,-1221
43885,rstick_x,1180
43889,rstick_x,1180
43893,rstick_x,1180
43901,rstick_x,1180
43909,rstick_x,1180
43917,rstick_x,1180
43921,rstick_x,1180
43925,rstick_x,1180
43934,rstick_x,1180
43943,rstick_x,1180
43954,rstick_x,1180
43957,rstick_x,1180
43960,rstick_x,1180
43965,rstick_x,1180
43973,rstick_x,1180
43981,rstick_x,1180
43987,rstick_x,1180
43989,rstick_x,1180
43994,rstick_x,1180
43998,rstick_x,1180
44003,rstick_x,1180
44013,rstick_x,1180
44022,rstick_x,1180
44028,rstick_x,1180
44037,rstick_x,1180
44045,rstick_x,1180
44054,rstick_x,1180
44061,rstick_x,1180
44065,rstick_x,1180
44069,rstick_x,1180
44072,rstick_x,1180
44075,rstick_x,1180
44097,rstick_x,1180
44104,rstick_x,1180
44109,rstick_x,1180
44115,rstick_x,1180
44125,rstick_x,1180
44133,rstick_x,1180
44140,rstick_x,1180
44143,rstick_x,1180
44146,rstick_x,1180
44153,rstick_x,1180
44157,rstick_x,1180
44170,rstick_x,1180
44177,rstick_x,1180
44181,rstick_x,1180
44188,rstick_x,1180
44193,rstick_x,1180
44196,rstick_x,1180
44205,rstick_x,1180
44214,rstick_x,1180
44221,rstick_x,1180
44224,rstick_x,1180
44229,rstick_x,1180
44237,rstick_x,1180
44246,rstick_x,1180
44257,rstick_x,1180
44259,rstick_x,1180
44263,rstick_x,1180
44269,rstick_x,1180
44277,rstick_x,1180
44285,rstick_x,1180
44293,rstick_x,1180
44296,rstick_x,1180
44301,rstick_x,1180
44304,rstick_x,1180
44308,rstick_x,1180
44317,rstick_x,1180
44337,rstick_x,1180
44344,rstick_x,1180
44351,rstick_x,1180
44357,rstick_x,1180
44366,rstick_x,1180
44370,rstick_x,1180
44373,rstick_x,1180
44378,rstick_x,1180
44381,rstick_x,1180
44392,rstick_x,1180
44400,rstick_x,1180
44404,rstick_x,1180
44413,rstick_x,1180
44420,rstick_x,1180
44429,rstick_x,1180
44437,rstick_x,1180
44445,rstick_x,1180
44448,rstick_x,1180
44453,rstick_x,1180
44456,rstick_x,1180
44461,rstick_x,1180
44476,rstick_x,1180
44487,rstick_x,1180
44492,rstick_x,1180
44495,rstick_x,1180
44501,rstick_x,1180
44509,rstick_x,1180
44517,rstick_x,1180
44524,rstick_x,1180
44527,rstick_x,1180
44530,rstick_x,1180
44533,rstick_x,1180
44536,rstick_x,1180
44540,rstick_x,1180
44549,rstick_x,1180
44559,rstick_x,1180
44565,rstick_x,1180
44573,rstick_x,1180
44577,rstick_x,1180
44581,rstick_x,1180
44587,rstick_x,1180
44597,rstick_x,1180
44603,rstick_x,1180
44610,rstick_x,1180
44614,rstick_x,1180
44620,lstick_x,1101
44620,rstick_x,1180
44630,lstick_x,1101
44630,rstick_x,1180
44637,lstick_x,16275
44637,rstick_x,1180
44646,lstick_x,16275
44646,rstick_x,1180
44653,lstick_x,16275
44653,rstick_x,1180
44661,lstick_x,24455
44661,lstick_y,-1117
44661,rstick_x,1180
44669,lstick_x,24455
44669,lstick_y,-1117
44669,rstick_x,1180
44677,lstick_x,24455
44677,lstick_y,-1117
44677,rstick_x,1180
44685,lstick_x,24455
44685,lstick_y,-1117
44685,rstick_x,1180
44688,lstick_x,32767
44688,lstick_y,-3432
44688,rstick_x,1180
44692,lstick_x,32767
44692,lstick_y,-4368
44692,rstick_x,1180
44701,lstick_x,32767
44701,lstick_y,-4368
44701,rstick_x,1180
44712,lstick_x,32767
44712,lstick_y,-4368
44712,rstick_x,1180
44721,lstick_x,32767
44721,lstick_y,-4368
44721,rstick_x,1180
44726,lstick_x,32767
44726,lstick_y,-5117
44726,rstick_x,1180
44733,lstick_x,32767
44733,lstick_y,-5117
44733,rstick_x,1180
44737,lstick_x,32767
44737,lstick_y,-5716
44737,rstick_x,1180
44741,lstick_x,32767
44741,lstick_y,-5716
44741,rstick_x,1180
44749,lstick_x,32767
44749,lstick_y,-5716
44749,rstick_x,1180
44757,lstick_x,32767
44757,lstick_y,-5716
44757,rstick_x,1180
44760,lstick_x,32767
44760,lstick_y,-6196
44760,rstick_x,1180
44764,lstick_x,32767
44764,lstick_y,-6196
44764,rstick_x,1180
44770,lstick_x,32767
44770,lstick_y,-6580
44770,rstick_x,1180
44772,lstick_x,32767
44772,lstick_y,-6580
44772,rstick_x,1180
44790,lstick_x,32767
44790,lstick_y,-6580
44790,rstick_x,1180
44797,lstick_x,32767
44797,lstick_y,-6580
44797,rstick_x,1180
44805,lstick_x,32767
44805,lstick_y,-6580
44805,rstick_x,1180
44811,lstick_x,32767
44811,lstick_y,-7345
44811,rstick_x,1180
44821,lstick_x,32767
44821,lstick_y,-7345
44821,rstick_x,1180
44829,lstick_x,32767
44829,lstick_y,-7510
44829,rstick_x,1180
44837,lstick_x,32767
44837,lstick_y,-7510
44837,rstick_x,1180
44845,lstick_x,32767
44845,lstick_y,-7510
44845,rstick_x,1180
44848,lstick_x,32767
44848,lstick_y,-7510
44848,rstick_x,1180
44853,lstick_x,32767
44853,lstick_y,-7510
44853,rstick_x,1180
44856,lstick_x,32767
44856,lstick_y,-7769
44856,rstick_x,1180
44862,lstick_x,32767
44862,lstick_y,-7769
44862,rstick_x,1180
44869,lstick_x,32767
44869,lstick_y,-7769
44869,rstick_x,1180
44879,lstick_x,32767
44879,lstick_y,-7769
44879,rstick_x,1180
44886,lstick_x,32767
44886,lstick_y,-7769
44886,rstick_x,1180
44889,lstick_x,32767
44889,lstick_y,-7951
44889,rstick_x,1180
44893,lstick_x,32767
44893,lstick_y,-7951
44893,rstick_x,1180
44896,lstick_x,32767
44896,lstick_y,-7951
44896,rstick_x,1180
44901,lstick_x,32767
44901,lstick_y,-7951
44901,rstick_x,1180
44912,lstick_x,32767
44912,lstick_y,-7951
44912,rstick_x,1180
44918,lstick_x,32175
44918,lstick_y,-8063
44918,rstick_x,1180
44920,lstick_x,32175
44920,lstick_y,-8063
44920,rstick_x,1180
44925,lstick_x,32175
44925,lstick_y,-8063
44925,rstick_x,1180
44931,lstick_x,20847
44931,lstick_y,-7837
44931,rstick_x,1180
44936,lstick_x,20847
44936,lstick_y,-7837
44936,rstick_x,1180
44940,lstick_x,20847
44940,lstick_y,-7837
44940,rstick_x,1180
44949,lstick_x,20847
44949,lstick_y,-7837
44949,rstick_x,1180
44958,lstick_x,20847
44958,lstick_y,-7837
44958,rstick_x,1180
44965,lstick_x,20847
44965,lstick_y,-7837
44965,rstick_x,1180
44973,lstick_y,-5815
44973,rstick_x,1180
44979,lstick_y,-5815
44979,rstick_x,1180
44982,lstick_y,-5815
44982,rstick_x,1180
44989,lstick_y,-5815
44989,rstick_x,1180
44999,lstick_y,-4112
44999,rstick_x,1180
45003,lstick_y,-4112
45003,rstick_x,1180
45009,lstick_y,-3507
45009,rstick_x,1180
45015,lstick_y,-3507
45015,rstick_x,1180
45019,lstick_y,-3507
45019,rstick_x,1180
45023,lstick_y,-3023
45023,rstick_x,1180
45029,lstick_y,-3023
45029,rstick_x,1180
45039,lstick_y,-3023
45039,rstick_x,1180
45046,lstick_y,-3023
45046,rstick_x,1180
45053,lstick_y,-3023
45053,rstick_x,1180
45056,lstick_y,-2078
45056,rstick_x,1180
45061,lstick_y,-2078
45061,rstick_x,1180
45069,lstick_y,-2078
45069,rstick_x,1180
45077,lstick_y,-2078
45077,rstick_x,1180
45080,lstick_y,-1885
45080,rstick_x,1180
45085,lstick_y,-1885
45085,rstick_x,1180
45093,lstick_y,-1731
45093,rstick_x,1180
45097,lstick_y,-1602
45097,rstick_x,1180
45101,lstick_y,-1602
45101,rstick_x,1180
45104,lstick_y,-1602
45104,rstick_x,1180
45110,lstick_y,-1602
45110,rstick_x,1180
45117,lstick_y,-1602
45117,rstick_x,1180
45125,lstick_y,-1602
45125,rstick_x,1180
45134,lstick_y,-1602
45134,rstick_x,1180
45141,lstick_y,-1602
45141,rstick_x,1180
45148,lstick_y,-1417
45148,rstick_x,1180
45157,lstick_y,-1417
45157,rstick_x,1180
45165,lstick_y,-1417
45165,rstick_x,1180
45170,lstick_y,-1351
45170,rstick_x,1180
45173,lstick_y,-1351
45173,rstick_x,1180
45176,lstick_y,-1298
45176,rstick_x,1180
45181,lstick_y,-1298
45181,rstick_x,1180
45187,lstick_y,-1222
45187,rstick_x,1180
45190,lstick_y,-1222
45190,rstick_x,1180
45197,lstick_y,-1222
45197,rstick_x,1180
45205,lstick_y,-1222
45205,rstick_x,1180
45216,lstick_y,-1222
45216,rstick_x,1180
45222,lstick_y,-1222
45222,rstick_x,1180
45229,lstick_y,-1195
45229,rstick_x,1180
45237,lstick_y,-1195
45237,rstick_x,1180
45247,lstick_y,-1195
45247,rstick_x,1180
45253,lstick_y,-1195
45253,rstick_x,1180
45261,lstick_y,-1195
45261,rstick_x,1180
45269,lstick_y,-1195
45269,rstick_x,1180
45271,lstick_y,-1195
45271,rstick_x,1180
45276,lstick_y,-1195
45276,rstick_x,1180
45285,lstick_y,-1195
45285,rstick_x,1180
45296,lstick_y,-1195
45296,rstick_x,1180
45304,lstick_y,-1195
45304,rstick_x,1180
45309,lstick_y,-1195
45309,rstick_x,1180
45315,lstick_y,-1115
45315,rstick_x,1180
45327,lstick_y,-1115
45327,rstick_x,1180
45331,lstick_y,-1094
45331,rstick_x,1180
45337,lstick_y,-1094
45337,rstick_x,1180
45341,lstick_y,-1094
45341,rstick_x,1180
45349,lstick_y,-1094
45349,rstick_x,1180
45353,lstick_y,-1094
45353,rstick_x,1180
45356,lstick_y,-1094
45356,rstick_x,1180
45377,lstick_y,-1094
45377,rstick_x,1180
45382,lstick_y,-1094
45382,rstick_x,1180
45389,lstick_y,-1094
45389,rstick_x,1180
45392,lstick_y,-1094
45392,rstick_x,1180
45397,lstick_y,-1094
45397,rstick_x,1180
45406,lstick_y,-1094
45406,rstick_x,1180
45413,lstick_y,-1094
45413,rstick_x,1180
45421,lstick_y,-1094
45421,rstick_x,1180
45423,lstick_y,-1094
45423,rstick_x,1180
45427,lstick_y,-1094
45427,rstick_x,1180
45429,lstick_y,-1094
45429,rstick_x,1180
45436,lstick_y,-1094
45436,rstick_x,1180
45444,lstick_y,-1094
45444,rstick_x,1180
45449,lstick_y,-1094
45449,rstick_x,1180
45453,lstick_y,-1094
45453,rstick_x,1180
45460,lstick_y,-1094
45460,rstick_x,1180
45472,lstick_y,-1094
45472,rstick_x,1180
45477,lstick_y,-1094
45477,rstick_x,1180
45490,lstick_y,-1094
45490,rstick_x,1180
45493,lstick_y,-1094
45493,rstick_x,1180
45501,lstick_y,-1094
45501,rstick_x,1180
45504,lstick_y,-1094
45504,rstick_x,1180
45508,lstick_y,-1094
45508,rstick_x,1180
45517,lstick_y,-1094
45517,rstick_x,1180
45527,lstick_y,-1094
45527,rstick_x,1180
45537,lstick_y,-1094
45537,rstick_x,1180
45541,lstick_y,-1888
45541,rstick_x,1180
45547,lstick_y,-3103
45547,rstick_x,1180
45550,lstick_y,-3103
45550,rstick_x,1180
45557,lstick_y,-3103
45557,rstick_x,1180
45565,lstick_y,-3103
45565,rstick_x,1180
45573,lstick_y,-3103
45573,rstick_x,1180
45575,lstick_y,-5135
45575,rstick_x,1180
45578,lstick_y,-5135
45578,rstick_x,1180
45582,lstick_y,-5135
45582,rstick_x,1180
45586,lstick_y,-5135
45586,rstick_x,1180
45589,lstick_y,-5135
45589,rstick_x,1180
45597,lstick_y,-12270
45597,rstick_x,1180
45604,lstick_y,-12270
45604,rstick_x,1180
45616,lstick_y,-12270
45616,rstick_x,1180
45621,lstick_y,-12758
45621,rstick_x,1180
45625,lstick_y,-13519
45625,rstick_x,1180
45629,lstick_y,-13519
45629,rstick_x,1180
45642,lstick_y,-13519
45642,rstick_x,1180
45645,lstick_y,-13519
45645,rstick_x,1180
45653,lstick_y,-13519
45653,rstick_x,1180
45656,lstick_x,1093
45656,lstick_y,-14556
45656,rstick_x,1180
45661,lstick_x,1093
45661,lstick_y,-14556
45661,rstick_x,1180
45676,lstick_x,1093
45676,lstick_y,-14556
45676,rstick_x,1180
45687,lstick_x,1401
45687,lstick_y,-22733
45687,rstick_x,1180
45692,lstick_x,1401
45692,lstick_y,-22733
45692,rstick_x,1180
45696,lstick_x,1588
45696,lstick_y,-31812
45696,rstick_x,1180
45703,lstick_x,1588
45703,lstick_y,-31812
45703,rstick_x,1180
45709,lstick_x,1588
45709,lstick_y,-31812
45709,rstick_x,1180
45718,lstick_x,1588
45718,lstick_y,-31812
45718,rstick_x,1180
45725,lstick_x,1654
45725,lstick_y,-32768
45725,rstick_x,1180
45733,lstick_x,1654
45733,lstick_y,-32768
45733,rstick_x,1180
45737,lstick_x,1701
45737,lstick_y,-32768
45737,rstick_x,1180
45740,lstick_x,1701
45740,lstick_y,-32768
45740,rstick_x,1180
45749,lstick_x,1701
45749,lstick_y,-32768
45749,rstick_x,1180
45759,lstick_x,1701
45759,lstick_y,-32768
45759,rstick_x,1180
45770,lstick_x,1701
45770,lstick_y,-32768
45770,rstick_x,1180
45776,lstick_x,1773
45776,lstick_y,-32768
45776,rstick_x,1180
45781,lstick_x,1773
45781,lstick_y,-32768
45781,rstick_x,1180
45789,lstick_x,1773
45789,lstick_y,-32768
45789,rstick_x,1180
45795,lstick_x,1802
45795,lstick_y,-32768
45795,rstick_x,1180
45804,lstick_x,1802
45804,lstick_y,-32768
45804,rstick_x,1180
45812,lstick_x,1802
45812,lstick_y,-32768
45812,rstick_x,1180
45820,lstick_x,1802
45820,lstick_y,-32768
45820,rstick_x,1180
45823,lstick_x,1802
45823,lstick_y,-32768
45823,rstick_x,1180
45831,lstick_x,1802
45831,lstick_y,-32768
45831,rstick_x,1180
45839,lstick_x,1802
45839,lstick_y,-32768
45839,rstick_x,1180
45848,lstick_x,1802
45848,lstick_y,-32768
45848,rstick_x,1180
45854,lstick_x,1802
45854,lstick_y,-32768
45854,rstick_x,1180
45857,lstick_x,2295
45857,lstick_y,-31136
45857,rstick_x,1180
45861,lstick_x,2295
45861,lstick_y,-31136
45861,rstick_x,1180
45869,lstick_x,2532
45869,lstick_y,-21192
45869,rstick_x,1180
45877,lstick_x,2532
45877,lstick_y,-21192
45877,rstick_x,1180
45885,lstick_x,2761
45885,lstick_y,-19989
45885,rstick_x,1180
45894,lstick_x,2761
45894,lstick_y,-19989
45894,rstick_x,1180
45897,lstick_x,2761
45897,lstick_y,-19989
45897,rstick_x,1180
45901,lstick_x,2761
45901,lstick_y,-19989
45901,rstick_x,1180
45904,lstick_x,3227
45904,lstick_y,-10212
45904,rstick_x,1180
45908,lstick_x,3227
45908,lstick_y,-10212
45908,rstick_x,1180
45924,lstick_x,3227
45924,lstick_y,-10212
45924,rstick_x,1180
45933,lstick_x,3227
45933,lstick_y,-10212
45933,rstick_x,1180
45940,lstick_x,3506
45940,lstick_y,-7777
45940,rstick_x,1180
45945,lstick_x,3506
45945,lstick_y,-7777
45945,rstick_x,1180
45949,lstick_x,3506
45949,lstick_y,-7777
45949,rstick_x,1180
45957,lstick_x,3506
45957,lstick_y,-7777
45957,rstick_x,1180
45962,lstick_x,3503
45962,lstick_y,-5530
45962,rstick_x,1180
45965,lstick_x,3503
45965,lstick_y,-5530
45965,rstick_x,1180
45969,lstick_x,3503
45969,lstick_y,-5530
45969,rstick_x,1180
45973,lstick_x,3503
45973,lstick_y,-5530
45973,rstick_x,1180
45976,lstick_x,3503
45976,lstick_y,-5530
45976,rstick_x,1180
45979,lstick_x,3345
45979,lstick_y,-4645
45979,rstick_x,1180
45986,lstick_x,3345
45986,lstick_y,-4645
45986,rstick_x,1180
45989,lstick_x,3345
45989,lstick_y,-4645
45989,rstick_x,1180
45997,lstick_x,3345
45997,lstick_y,-4645
45997,rstick_x,1180
46010,lstick_x,3345
46010,lstick_y,-4645
46010,rstick_x,1180
46014,lstick_x,3345
46014,lstick_y,-4645
46014,rstick_x,1180
46022,lstick_x,3345
46022,lstick_y,-4645
46022,rstick_x,1180
46026,lstick_x,3219
46026,lstick_y,-3378
46026,rstick_x,1180
46029,lstick_x,3219
46029,lstick_y,-3378
46029,rstick_x,1180
46037,lstick_x,3219
46037,lstick_y,-3378
46037,rstick_x,1180
46045,lstick_x,3219
46045,lstick_y,-3378
46045,rstick_x,1180
46053,lstick_x,3168
46053,lstick_y,-2571
46053,rstick_x,1180
46061,lstick_x,3168
46061,lstick_y,-2571
46061,rstick_x,1180
46064,lstick_x,3099
46064,lstick_y,-2290
46064,rstick_x,1180
46069,lstick_x,3099
46069,lstick_y,-2290
46069,rstick_x,1180
46072,lstick_x,3072
46072,lstick_y,-2059
46072,rstick_x,1180
46076,lstick_x,3072
46076,lstick_y,-2059
46076,rstick_x,1180
46088,lstick_x,3072
46088,lstick_y,-2059
46088,rstick_x,1180
46102,lstick_x,3072
46102,lstick_y,-2059
46102,rstick_x,1180
46108,lstick_x,3072
46108,lstick_y,-1639
46108,rstick_x,1180
46114,lstick_x,3072
46114,lstick_y,-1639
46114,rstick_x,1180
46117,lstick_x,3072
46117,lstick_y,-1639
46117,rstick_x,1180
46122,lstick_x,3072
46122,lstick_y,-1639
46122,rstick_x,1180
46133,lstick_x,3072
46133,lstick_y,-1639
46133,rstick_x,1180
46141,lstick_x,3072
46141,lstick_y,-1639
46141,rstick_x,1180
46144,lstick_x,3854
46144,lstick_y,-2081
46144,rstick_x,1180
46148,lstick_x,4962
46148,lstick_y,-2702
46148,rstick_x,1180
46153,lstick_x,4962
46153,lstick_y,-2702
46153,rstick_x,1180
46157,lstick_x,4962
46157,lstick_y,-2702
46157,rstick_x,1180
46166,lstick_x,4962
46166,lstick_y,-2702
46166,rstick_x,1180
46173,lstick_x,4962
46173,lstick_y,-2702
46173,rstick_x,1180
46181,lstick_x,4962
46181,lstick_y,-2702
46181,rstick_x,1180
46189,lstick_x,4962
46189,lstick_y,-2702
46189,rstick_x,1180
46193,lstick_x,28296
46193,lstick_y,-12321
46193,rstick_x,1180
46197,lstick_x,28296
46197,lstick_y,-12321
46197,rstick_x,1180
46203,lstick_x,28296
46203,lstick_y,-12321
46203,rstick_x,1180
46213,lstick_x,28296
46213,lstick_y,-12321
46213,rstick_x,1180
46221,lstick_x,28296
46221,lstick_y,-12321
46221,rstick_x,1180
46224,lstick_x,28716
46224,lstick_y,-13188
46224,rstick_x,1180
46227,lstick_x,28716
46227,lstick_y,-13188
46227,rstick_x,1180
46236,lstick_x,29052
46236,lstick_y,-13882
46236,rstick_x,1180
46244,lstick_x,29052
46244,lstick_y,-13882
46244,rstick_x,1180
46254,lstick_x,29052
46254,lstick_y,-13882
46254,rstick_x,1180
46258,lstick_x,29321
46258,lstick_y,-14443
46258,rstick_x,1180
46261,lstick_x,29321
46261,lstick_y,-14443
46261,rstick_x,1180
46271,lstick_x,29536
46271,lstick_y,-14897
46271,rstick_x,1180
46277,lstick_x,29536
46277,lstick_y,-14897
46277,rstick_x,1180
46287,lstick_x,29536
46287,lstick_y,-14897
46287,rstick_x,1180
46293,lstick_x,29536
46293,lstick_y,-14897
46293,rstick_x,1180
46298,lstick_x,29956
46298,lstick_y,-15734
46298,rstick_x,1180
46301,lstick_x,29956
46301,lstick_y,-15734
46301,rstick_x,1180
46304,lstick_x,29956
46304,lstick_y,-15734
46304,rstick_x,1180
46309,lstick_x,29956
46309,lstick_y,-15734
46309,rstick_x,1180
46321,lstick_x,29956
46321,lstick_y,-15734
46321,rstick_x,1180
46332,lstick_x,29956
46332,lstick_y,-15734
46332,rstick_x,1180
46339,lstick_x,18209
46339,lstick_y,-14817
46339,rstick_x,1180
46343,lstick_x,9919
46343,lstick_y,-7863
46343,rstick_x,1180
46350,lstick_x,9919
46350,lstick_y,-7863
46350,rstick_x,1180
46357,lstick_x,9919
46357,lstick_y,-7863
46357,rstick_x,1180
46365,lstick_x,9919
46365,lstick_y,-7863
46365,rstick_x,1180
46373,lstick_x,9919
46373,lstick_y,-7863
46373,rstick_x,1180
46376,lstick_x,1077
46376,lstick_y,-6154
46376,rstick_x,1180
46380,lstick_x,1077
46380,lstick_y,-6154
46380,rstick_x,1180
46387,lstick_x,1077
46387,lstick_y,-6154
46387,rstick_x,1180
46394,lstick_x,1077
46394,lstick_y,-6154
46394,rstick_x,1180
46400,lstick_x,1077
46400,lstick_y,-6154
46400,rstick_x,1180
46403,lstick_x,1036
46403,lstick_y,-5312
46403,rstick_x,1180
46406,lstick_x,1036
46406,lstick_y,-5312
46406,rstick_x,1180
46411,lstick_x,1036
46411,lstick_y,-5312
46411,rstick_x,1180
46421,lstick_x,1036
46421,lstick_y,-5312
46421,rstick_x,1180
46424,lstick_x,1036
46424,lstick_y,-4600
46424,rstick_x,1180
46429,lstick_x,1036
46429,lstick_y,-4600
46429,rstick_x,1180
46437,lstick_x,1036
46437,lstick_y,-4600
46437,rstick_x,1180
46444,lstick_y,-4013
46444,rstick_x,1180
46448,lstick_y,-3522
46448,rstick_x,1180
46453,lstick_y,-3522
46453,rstick_x,1180
46457,lstick_y,-3522
46457,rstick_x,1180
46461,lstick_y,-3522
46461,rstick_x,1180
46464,lstick_y,-2778
46464,rstick_x,1180
46469,lstick_y,-2778
46469,rstick_x,1180
46472,lstick_y,-2778
46472,rstick_x,1180
46481,lstick_y,-2778
46481,rstick_x,1180
46495,lstick_y,-2778
46495,rstick_x,1180
46503,lstick_y,-2778
46503,rstick_x,1180
46507,lstick_y,-2090
46507,rstick_x,1180
46510,lstick_y,-2090
46510,rstick_x,1180
46513,lstick_y,-2090
46513,rstick_x,1180
46517,lstick_y,-2090
46517,rstick_x,1180
46525,lstick_y,-2090
46525,rstick_x,1180
46533,lstick_y,-2090
46533,rstick_x,1180
46538,lstick_y,-1798
46538,rstick_x,1180
46541,lstick_y,-1798
46541,rstick_x,1180
46544,lstick_y,-1798
46544,rstick_x,1180
46555,lstick_y,-1798
46555,rstick_x,1180
46561,lstick_y,-1684
46561,rstick_x,1180
46565,lstick_y,-1684
46565,rstick_x,1180
46571,lstick_y,-1598
46571,rstick_x,1180
46576,lstick_y,-1598
46576,rstick_x,1180
46581,lstick_y,-1598
46581,rstick_x,1180
46587,lstick_y,-1598
46587,rstick_x,1180
46590,lstick_y,-1598
46590,rstick_x,1180
46595,lstick_y,-1535
46595,rstick_x,1180
46605,lstick_y,-1535
46605,rstick_x,1180
46614,lstick_y,-1484
46614,rstick_x,1180
46620,lstick_y,-1484
46620,rstick_x,1180
46625,lstick_y,-1438
46625,rstick_x,1180
46629,lstick_y,-1438
46629,rstick_x,1180
46638,lstick_y,-1438
46638,rstick_x,1180
46640,lstick_y,-1438
46640,rstick_x,1180
46645,lstick_y,-1438
46645,rstick_x,1180
46653,lstick_y,-1438
46653,rstick_x,1180
46660,lstick_y,-1372
46660,rstick_x,1180
46663,lstick_y,-1372
46663,rstick_x,1180
46669,lstick_y,-1372
46669,rstick_x,1180
46677,lstick_y,-1372
46677,rstick_x,1180
46685,lstick_y,-1372
46685,rstick_x,1180
46693,lstick_y,-1372
46693,rstick_x,1180
46697,lstick_y,-1329
46697,rstick_x,1180
46701,lstick_y,-1329
46701,rstick_x,1180
46704,lstick_y,-1329
46704,rstick_x,1180
46708,lstick_y,-1329
46708,rstick_x,1180
46717,lstick_y,-1329
46717,rstick_x,1180
46731,lstick_y,-1329
46731,rstick_x,1180
46736,lstick_y,-1329
46736,rstick_x,1180
46740,lstick_y,-1268
46740,rstick_x,1180
46745,lstick_y,-1268
46745,rstick_x,1180
46749,lstick_y,-1268
46749,rstick_x,1180
46757,lstick_y,-1268
46757,rstick_x,1180
46766,lstick_y,-1268
46766,rstick_x,1180
46770,lstick_y,-1268
46770,rstick_x,1180
46773,lstick_y,-1268
46773,rstick_x,1180
46781,lstick_y,-1268
46781,rstick_x,1180
46795,lstick_y,-1268
46795,rstick_x,1180
46805,lstick_y,-1268
46805,rstick_x,1180
46812,lstick_y,-1218
46812,rstick_x,1180
46820,lstick_y,-1218
46820,rstick_x,1180
46829,lstick_y,-1218
46829,rstick_x,1180
46837,lstick_y,-1218
46837,rstick_x,1180
46842,lstick_y,-1218
46842,rstick_x,1180
46844,lstick_y,-1218
46844,rstick_x,1180
46847,lstick_y,-1218
46847,rstick_x,1180
46853,lstick_y,-1218
46853,rstick_x,1180
46856,lstick_y,-1218
46856,rstick_x,1180
46863,lstick_y,-1218
46863,rstick_x,1180
46869,lstick_y,-1218
46869,rstick_x,1180
46877,lstick_y,-1218
46877,rstick_x,1180
46889,lstick_y,-1218
46889,rstick_x,1180
46893,lstick_y,-1167
46893,rstick_x,1180
46898,lstick_y,-1167
46898,rstick_x,1180
46901,lstick_y,-1167
46901,rstick_x,1180
46909,lstick_y,-1167
46909,rstick_x,1180
46918,lstick_y,-1167
46918,rstick_x,1180
46924,lstick_y,-1167
46924,rstick_x,1180
46933,lstick_y,-1167
46933,rstick_x,1180
46938,lstick_y,-1167
46938,rstick_x,1180
46942,lstick_y,-1167
46942,rstick_x,1180
46948,lstick_y,-1167
46948,rstick_x,1180
46959,lstick_y,-1167
46959,rstick_x,1180
46962,lstick_y,-1167
46962,rstick_x,1180
46967,lstick_y,-1167
46967,rstick_x,1180
46969,lstick_y,-1167
46969,rstick_x,1180
46976,lstick_y,-1167
46976,rstick_x,1180
46981,lstick_y,-1167
46981,rstick_x,1180
46987,lstick_y,-1167
46987,rstick_x,1180
46998,lstick_y,-1167
46998,rstick_x,1180
47003,lstick_y,-1115
47003,rstick_x,1180
47005,lstick_y,-1115
47005,rstick_x,1180
47009,lstick_y,-1115
47009,rstick_x,1180
47013,lstick_y,-1115
47013,rstick_x,1180
47027,lstick_y,-1115
47027,rstick_x,1180
47029,lstick_y,-1115
47029,rstick_x,1180
47039,lstick_y,-1115
47039,rstick_x,1180
47046,lstick_y,-1115
47046,rstick_x,1180
47049,lstick_y,-1115
47049,rstick_x,1180
47053,lstick_y,-1115
47053,rstick_x,1180
47061,lstick_y,-1115
47061,rstick_x,1180
47070,lstick_y,-1115
47070,rstick_x,1180
47077,lstick_y,-1115
47077,rstick_x,1180
47080,lstick_y,-1115
47080,rstick_x,1180
47085,lstick_y,-1115
47085,rstick_x,1180
47088,lstick_y,-1115
47088,rstick_x,1180
47091,lstick_y,-1115
47091,rstick_x,1180
47114,lstick_y,-1115
47114,rstick_x,1180
47119,lstick_y,-1115
47119,rstick_x,1180
47123,lstick_y,-1053
47123,rstick_x,1180
47129,lstick_y,-1053
47129,rstick_x,1180
47133,lstick_y,-1053
47133,rstick_x,1180
47141,lstick_y,-1053
47141,rstick_x,1180
47149,lstick_y,-1053
47149,rstick_x,1180
47154,rstick_x,1180
47158,rstick_x,1180
47161,rstick_x,1180
47166,rstick_x,1180
47170,rstick_x,1180
47173,rstick_x,1180
47179,rstick_x,1180
47182,rstick_x,1180
47186,lstick_x,1030
47186,rstick_x,1180
47197,lstick_x,1030
47197,rstick_x,1180
47203,lstick_x,1030
47203,rstick_x,1180
47213,lstick_x,1030
47213,rstick_x,1180
47221,lstick_x,1030
47221,rstick_x,1180
47226,lstick_x,1070
47226,rstick_x,1180
47236,lstick_x,1070
47236,rstick_x,1180
47240,lstick_x,1070
47240,rstick_x,1180
47245,lstick_x,1070
47245,rstick_x,1180
47260,lstick_x,1070
47260,rstick_x,1180
47270,lstick_x,1070
47270,rstick_x,1180
47274,lstick_x,1160
47274,rstick_x,1180
47277,lstick_x,1160
47277,rstick_x,1180
47279,lstick_x,1160
47279,rstick_x,1180
47285,lstick_x,1160
47285,rstick_x,1180
47293,lstick_x,1160
47293,rstick_x,1180
47301,lstick_x,1160
47301,rstick_x,1180
47304,lstick_x,1986
47304,rstick_x,1180
47307,lstick_x,1986
47307,rstick_x,1180
47310,lstick_x,1986
47310,rstick_x,1180
47317,lstick_x,1986
47317,rstick_x,1180
47325,lstick_x,1986
47325,rstick_x,1180
47333,lstick_x,1986
47333,rstick_x,1180
47340,lstick_x,10999
47340,rstick_x,1180
47343,lstick_x,10999
47343,rstick_x,1180
47349,lstick_x,20577
47349,rstick_x,1180
47355,lstick_x,20577
47355,rstick_x,1180
47364,lstick_x,21209
47364,rstick_x,1180
47369,lstick_x,21209
47369,rstick_x,1180
47373,lstick_x,21209
47373,rstick_x,1180
47377,lstick_x,22188
47377,lstick_y,-1197
47377,rstick_x,1180
47381,lstick_x,22188
47381,lstick_y,-1197
47381,rstick_x,1180
47386,lstick_x,22188
47386,lstick_y,-1197
47386,rstick_x,1180
47389,lstick_x,22188
47389,lstick_y,-1197
47389,rstick_x,1180
47397,lstick_x,29038
47397,lstick_y,-1526
47397,rstick_x,1180
47405,lstick_x,29038
47405,lstick_y,-1526
47405,rstick_x,1180
47413,lstick_x,29038
47413,lstick_y,-1526
47413,rstick_x,1180
47421,lstick_x,29038
47421,lstick_y,-1526
47421,rstick_x,1180
47425,lstick_x,29965
47425,lstick_y,-2122
47425,rstick_x,1180
47429,lstick_x,29965
47429,lstick_y,-2122
47429,rstick_x,1180
47437,lstick_x,29965
47437,lstick_y,-2122
47437,rstick_x,1180
47445,lstick_x,29965
47445,lstick_y,-2122
47445,rstick_x,1180
47453,lstick_x,29965
47453,lstick_y,-2122
47453,rstick_x,1180
47456,lstick_x,30878
47456,lstick_y,-2531
47456,rstick_x,1180
47459,lstick_x,30878
47459,lstick_y,-2531
47459,rstick_x,1180
47470,lstick_x,30878
47470,lstick_y,-2531
47470,rstick_x,1180
47476,lstick_x,31208
47476,lstick_y,-2671
47476,rstick_x,1180
47487,lstick_x,31208
47487,lstick_y,-2671
47487,rstick_x,1180
47493,lstick_x,31466
47493,lstick_y,-2789
47493,rstick_x,1180
47498,lstick_x,31436
47498,lstick_y,-2884
47498,rstick_x,1180
47501,lstick_x,31436
47501,lstick_y,-2884
47501,rstick_x,1180
47509,lstick_x,31436
47509,lstick_y,-2884
47509,rstick_x,1180
47520,lstick_x,31436
47520,lstick_y,-2884
47520,rstick_x,1180
47523,lstick_x,30553
47523,lstick_y,-2912
47523,rstick_x,1180
47527,lstick_x,20046
47527,lstick_y,-2728
47527,rstick_x,1180
47533,lstick_x,20046
47533,lstick_y,-2728
47533,rstick_x,1180
47536,lstick_x,20046
47536,lstick_y,-2728
47536,rstick_x,1180
47539,lstick_x,20046
47539,lstick_y,-2728
47539,rstick_x,1180
47542,lstick_x,18834
47542,lstick_y,-2346
47542,rstick_x,1180
47550,lstick_x,18834
47550,lstick_y,-2346
47550,rstick_x,1180
47557,lstick_x,18834
47557,lstick_y,-2346
47557,rstick_x,1180
47568,lstick_x,18834
47568,lstick_y,-2346
47568,rstick_x,1180
47572,lstick_x,9153
47572,lstick_y,-1961
47572,rstick_x,1180
47583,lstick_x,9153
47583,lstick_y,-1961
47583,rstick_x,1180
47590,lstick_x,7534
47590,lstick_y,-1341
47590,rstick_x,1180
47593,lstick_x,7534
47593,lstick_y,-1341
47593,rstick_x,1180
47597,lstick_x,7534
47597,lstick_y,-1341
47597,rstick_x,1180
47604,lstick_x,6485
47604,lstick_y,-1112
47604,rstick_x,1180
47609,lstick_x,6485
47609,lstick_y,-1112
47609,rstick_x,1180
47617,lstick_x,6485
47617,lstick_y,-1112
47617,rstick_x,1180
47621,lstick_x,5587
47621,rstick_x,1180
47625,lstick_x,5587
47625,rstick_x,1180
47632,lstick_x,5587
47632,rstick_x,1180
47638,lstick_x,4845
47638,rstick_x,1180
47646,lstick_x,4845
47646,rstick_x,1180
47656,lstick_x,4845
47656,rstick_x,1180
47664,lstick_x,4252
47664,rstick_x,1180
47669,lstick_x,3777
47669,rstick_x,1180
47672,lstick_x,3777
47672,rstick_x,1180
47677,lstick_x,3777
47677,rstick_x,1180
47680,lstick_x,3391
47680,rstick_x,1180
47685,lstick_x,3391
47685,rstick_x,1180
47687,lstick_x,3391
47687,rstick_x,1180
47691,lstick_x,3391
47691,rstick_x,1180
47701,lstick_x,3391
47701,rstick_x,1180
47709,lstick_x,3391
47709,rstick_x,1180
47714,lstick_x,2836
47714,rstick_x,1180
47718,lstick_x,2836
47718,rstick_x,1180
47725,lstick_x,2836
47725,rstick_x,1180
47733,lstick_x,2836
47733,rstick_x,1180
47737,lstick_x,2481
47737,rstick_x,1180
47741,lstick_x,2481
47741,rstick_x,1180
47749,lstick_x,2481
47749,rstick_x,1180
47754,lstick_x,2355
47754,rstick_x,1180
47757,lstick_x,2355
47757,rstick_x,1180
47765,lstick_x,2355
47765,rstick_x,1180
47773,lstick_x,2355
47773,rstick_x,1180
47781,lstick_x,2355
47781,rstick_x,1180
47787,lstick_x,2173
47787,rstick_x,1180
47798,lstick_x,2173
47798,rstick_x,1180
47805,lstick_x,2173
47805,rstick_x,1180
47813,lstick_x,2173
47813,rstick_x,1180
47820,lstick_x,2056
47820,rstick_x,1180
47823,lstick_x,2056
47823,rstick_x,1180
47829,lstick_x,2056
47829,rstick_x,1180
47838,lstick_x,2056
47838,rstick_x,1180
47845,lstick_x,2056
47845,rstick_x,1180
47853,lstick_x,1982
47853,rstick_x,1180
47861,lstick_x,1982
47861,rstick_x,1180
47869,lstick_x,1982
47869,rstick_x,1180
47877,lstick_x,1982
47877,rstick_x,1180
47881,lstick_x,1955
47881,rstick_x,1180
47885,lstick_x,1955
47885,rstick_x,1180
47887,lstick_x,1955
47887,rstick_x,1180
47893,lstick_x,1955
47893,rstick_x,1180
47902,lstick_x,1955
47902,rstick_x,1180
47913,lstick_x,1955
47913,rstick_x,1180
47919,lstick_x,1881
47919,rstick_x,1180
47925,lstick_x,1859
47925,rstick_x,1180
47933,lstick_x,1859
47933,rstick_x,1180
47941,lstick_x,1859
47941,rstick_x,1180
47945,lstick_x,1859
47945,rstick_x,1180
47948,lstick_x,1859
47948,rstick_x,1180
47953,lstick_x,1859
47953,rstick_x,1180
47956,lstick_x,1859
47956,rstick_x,1180
47965,lstick_x,1859
47965,rstick_x,1180
47978,lstick_x,1859
47978,rstick_x,1180
47982,lstick_x,1859
47982,rstick_x,1180
47986,lstick_x,1859
47986,rstick_x,1180
47997,lstick_x,1859
47997,rstick_x,1180
48005,lstick_x,1859
48005,rstick_x,1180
48011,lstick_x,1859
48011,rstick_x,1180
48013,lstick_x,1859
48013,rstick_x,1180
48019,lstick_x,1859
48019,rstick_x,1180
48023,lstick_x,1783
48023,rstick_x,1180
48037,lstick_x,1783
48037,rstick_x,1180
48045,lstick_x,1783
48045,rstick_x,1180
48048,lstick_x,1783
48048,rstick_x,1180
48053,lstick_x,1783
48053,rstick_x,1180
48061,lstick_x,1783
48061,rstick_x,1180
48069,lstick_x,1783
48069,rstick_x,1180
48077,lstick_x,1783
48077,rstick_x,1180
48080,lstick_x,1783
48080,rstick_x,1180
48085,lstick_x,1783
48085,rstick_x,1180
48088,lstick_x,1783
48088,rstick_x,1180
48091,lstick_x,1783
48091,rstick_x,1180
48094,lstick_x,1783
48094,rstick_x,1180
48106,lstick_x,1783
48106,rstick_x,1180
48112,lstick_x,1783
48112,rstick_x,1180
48114,lstick_x,1783
48114,rstick_x,1180
48119,lstick_x,1783
48119,rstick_x,1180
48127,lstick_x,1783
48127,rstick_x,1180
48133,lstick_x,1783
48133,rstick_x,1180
48141,lstick_x,1783
48141,rstick_x,1180
48146,lstick_x,1783
48146,rstick_x,1180
48149,lstick_x,1783
48149,rstick_x,1180
48153,lstick_x,1783
48153,rstick_x,1180
48157,lstick_x,1783
48157,rstick_x,1180
48168,lstick_x,1783
48168,rstick_x,1180
48173,lstick_x,1783
48173,rstick_x,1180
48180,lstick_x,1783
48180,rstick_x,1180
48187,lstick_x,1783
48187,rstick_x,1180
48197,lstick_x,1783
48197,rstick_x,1180
48205,lstick_x,1783
48205,rstick_x,1180
48211,lstick_x,1783
48211,rstick_x,1180
48214,lstick_x,1783
48214,rstick_x,1180
48219,lstick_x,1783
48219,rstick_x,1180
48222,lstick_x,1783
48222,rstick_x,1180
48229,lstick_x,1783
48229,rstick_x,1180
48238,lstick_x,1783
48238,rstick_x,1180
48245,lstick_x,1783
48245,rstick_x,1180
48253,lstick_x,1761
48253,rstick_x,1180
48261,lstick_x,1761
48261,rstick_x,1180
48269,lstick_x,1761
48269,rstick_x,1180
48277,lstick_x,1761
48277,rstick_x,1180
48281,lstick_x,1761
48281,rstick_x,1180
48285,lstick_x,1761
48285,rstick_x,1180
48288,lstick_x,1761
48288,rstick_x,1180
48291,lstick_x,1761
48291,rstick_x,1180
48303,lstick_x,1761
48303,rstick_x,1180
48311,lstick_x,1761
48311,rstick_x,1180
48318,lstick_x,1761
48318,rstick_x,1180
48325,lstick_x,1761
48325,rstick_x,1180
48333,lstick_x,1761
48333,rstick_x,1180
48341,lstick_x,1761
48341,rstick_x,1180
48344,lstick_x,1761
48344,rstick_x,1180
48347,lstick_x,1761
48347,rstick_x,1180
48353,lstick_x,1761
48353,rstick_x,1180
48356,lstick_x,1761
48356,rstick_x,1180
48366,lstick_x,1761
48366,rstick_x,1180
48378,lstick_x,1761
48378,rstick_x,1180
48381,lstick_x,1761
48381,rstick_x,1180
48386,lstick_x,1761
48386,rstick_x,1180
48397,lstick_x,1761
48397,rstick_x,1180
48405,lstick_x,1761
48405,rstick_x,1180
48413,lstick_x,1761
48413,rstick_x,1180
48419,lstick_x,1761
48419,rstick_x,1180
48423,lstick_x,1761
48423,rstick_x,1180
48429,lstick_x,1761
48429,rstick_x,1180
48437,lstick_x,1761
48437,rstick_x,1180
48445,lstick_x,1761
48445,rstick_x,1180
48453,lstick_x,1761
48453,rstick_x,1180
48461,lstick_x,1761
48461,rstick_x,1180
48469,lstick_x,1761
48469,rstick_x,1180
48477,lstick_x,1761
48477,rstick_x,1180
48481,lstick_x,1761
48481,rstick_x,1180
48485,lstick_x,1761
48485,rstick_x,1180
48487,lstick_x,1761
48487,rstick_x,1180
48491,lstick_x,1761
48491,rstick_x,1180
48501,lstick_x,1761
48501,rstick_x,1180
48512,lstick_x,1761
48512,rstick_x,1180
48515,lstick_x,1761
48515,rstick_x,1180
48520,lstick_x,1761
48520,rstick_x,1180
48526,lstick_x,1761
48526,rstick_x,1180
48533,lstick_x,1761
48533,rstick_x,1180
48541,lstick_x,1761
48541,rstick_x,1180
48547,lstick_x,1761
48547,rstick_x,1180
48553,lstick_x,1761
48553,rstick_x,1180
48557,lstick_x,1761
48557,rstick_x,1180
48565,lstick_x,1761
48565,rstick_x,1180
48579,lstick_x,1761
48579,rstick_x,1180
48582,lstick_x,1761
48582,rstick_x,1180
48587,lstick_x,1761
48587,rstick_x,1180
48597,lstick_x,1761
48597,rstick_x,1180
48605,lstick_x,1761
48605,rstick_x,1180
48613,lstick_x,1761
48613,rstick_x,1180
48620,lstick_x,2014
48620,rstick_x,1180
48624,lstick_x,2539
48624,rstick_x,1180
48629,lstick_x,2539
48629,rstick_x,1180
48638,lstick_x,2539
48638,rstick_x,1180
48647,lstick_x,2539
48647,rstick_x,1180
48654,lstick_x,2539
48654,rstick_x,1180
48661,lstick_x,4347
48661,rstick_x,1180
48669,lstick_x,4347
48669,rstick_x,1180
48677,lstick_x,4347
48677,rstick_x,1180
48680,lstick_x,5257
48680,rstick_x,1180
48685,lstick_x,5257
48685,rstick_x,1180
48687,lstick_x,6287
48687,rstick_x,1180
48693,lstick_x,6287
48693,rstick_x,1180
48701,lstick_x,6287
48701,rstick_x,1180
48712,lstick_x,6287
48712,rstick_x,1180
48721,lstick_x,13960
48721,rstick_x,1180
48728,lstick_x,13960
48728,rstick_x,1180
48733,lstick_x,13960
48733,rstick_x,1180
48741,lstick_x,13960
48741,rstick_x,1180
48749,lstick_x,13960
48749,rstick_x,1180
48753,lstick_x,14690
48753,lstick_y,-1126
48753,rstick_x,1180
48756,lstick_x,15177
48756,lstick_y,-1277
48756,rstick_x,1180
48767,lstick_x,15177
48767,lstick_y,-1277
48767,rstick_x,1180
48773,lstick_x,15177
48773,lstick_y,-1277
48773,rstick_x,1180
48781,lstick_x,15177
48781,lstick_y,-1277
48781,rstick_x,1180
48788,lstick_x,16323
48788,lstick_y,-1489
48788,rstick_x,1180
48797,lstick_x,16323
48797,lstick_y,-1489
48797,rstick_x,1180
48805,lstick_x,16323
48805,lstick_y,-1489
48805,rstick_x,1180
48813,lstick_x,16323
48813,lstick_y,-1489
48813,rstick_x,1180
48820,lstick_x,17151
48820,lstick_y,-1635
48820,rstick_x,1180
48823,lstick_x,17151
48823,lstick_y,-1635
48823,rstick_x,1180
48830,lstick_x,17151
48830,lstick_y,-1635
48830,rstick_x,1180
48839,lstick_x,17151
48839,lstick_y,-1635
48839,rstick_x,1180
48845,lstick_x,17151
48845,lstick_y,-1635
48845,rstick_x,1180
48854,lstick_x,17686
48854,lstick_y,-1681
48854,rstick_x,1180
48861,lstick_x,17686
48861,lstick_y,-1681
48861,rstick_x,1180
48869,lstick_x,17686
48869,lstick_y,-1681
48869,rstick_x,1180
48877,lstick_x,17686
48877,lstick_y,-1681
48877,rstick_x,1180
48885,lstick_x,18028
48885,lstick_y,-1784
48885,rstick_x,1180
48888,lstick_x,18028
48888,lstick_y,-1784
48888,rstick_x,1180
48900,lstick_x,18150
48900,lstick_y,-1784
48900,rstick_x,1180
48909,lstick_x,18150
48909,lstick_y,-1784
48909,rstick_x,1180
48917,lstick_x,18247
48917,lstick_y,-1784
48917,rstick_x,1180
48927,lstick_x,18247
48927,lstick_y,-1784
48927,rstick_x,1180
48933,lstick_x,18247
48933,lstick_y,-1784
48933,rstick_x,1180
48941,lstick_x,18247
48941,lstick_y,-1784
48941,rstick_x,1180
48946,lstick_x,18313
48946,lstick_y,-1860
48946,rstick_x,1180
48949,lstick_x,18313
48949,lstick_y,-1860
48949,rstick_x,1180
48953,lstick_x,17898
48953,lstick_y,-1860
48953,rstick_x,1180
48956,lstick_x,17898
48956,lstick_y,-1860
48956,rstick_x,1180
48968,lstick_x,17898
48968,lstick_y,-1860
48968,rstick_x,1180
48978,lstick_x,17898
48978,lstick_y,-1860
48978,rstick_x,1180
48987,lstick_x,16725
48987,lstick_y,-1890
48987,rstick_x,1180
48997,lstick_x,16725
48997,lstick_y,-1890
48997,rstick_x,1180
49005,lstick_x,16725
49005,lstick_y,-1890
49005,rstick_x,1180
49014,lstick_x,16725
49014,lstick_y,-1890
49014,rstick_x,1180
49020,lstick_x,15587
49020,lstick_y,-1890
49020,rstick_x,1180
49023,lstick_x,15587
49023,lstick_y,-1890
49023,rstick_x,1180
49030,lstick_x,15587
49030,lstick_y,-1890
49030,rstick_x,1180
49037,lstick_x,15587
49037,lstick_y,-1890
49037,rstick_x,1180
49046,lstick_x,15587
49046,lstick_y,-1890
49046,rstick_x,1180
49053,lstick_x,15587
49053,lstick_y,-1890
49053,rstick_x,1180
49061,lstick_x,14510
49061,lstick_y,-1890
49061,rstick_x,1180
49069,lstick_x,14510
49069,lstick_y,-1890
49069,rstick_x,1180
49077,lstick_x,14510
49077,lstick_y,-1890
49077,rstick_x,1180
49080,lstick_x,13653
49080,lstick_y,-1890
49080,rstick_x,1180
49085,lstick_x,13653
49085,lstick_y,-1890
49085,rstick_x,1180
49088,lstick_x,13323
49088,lstick_y,-1890
49088,rstick_x,1180
49093,lstick_x,13323
49093,lstick_y,-1890
49093,rstick_x,1180
49103,lstick_x,13323
49103,lstick_y,-1890
49103,rstick_x,1180
49111,lstick_x,13323
49111,lstick_y,-1890
49111,rstick_x,1180
49119,lstick_x,13059
49119,lstick_y,-1890
49119,rstick_x,1180
49126,lstick_x,12848
49126,lstick_y,-1890
49126,rstick_x,1180
49133,lstick_x,12848
49133,lstick_y,-1890
49133,rstick_x,1180
49142,lstick_x,12848
49142,lstick_y,-1890
49142,rstick_x,1180
49149,lstick_x,12679
49149,lstick_y,-1890
49149,rstick_x,1180
49153,lstick_x,12544
49153,lstick_y,-1890
49153,rstick_x,1180
49156,lstick_x,12544
49156,lstick_y,-1890
49156,rstick_x,1180
49167,lstick_x,12544
49167,lstick_y,-1890
49167,rstick_x,1180
49177,lstick_x,12544
49177,lstick_y,-1890
49177,rstick_x,1180
49184,lstick_x,12436
49184,lstick_y,-1890
49184,rstick_x,1180
49187,lstick_x,12436
49187,lstick_y,-1890
49187,rstick_x,1180
49197,lstick_x,12436
49197,lstick_y,-1890
49197,rstick_x,1180
49205,lstick_x,12436
49205,lstick_y,-1890
49205,rstick_x,1180
49209,lstick_x,12281
49209,lstick_y,-1890
49209,rstick_x,1180
49214,lstick_x,12281
49214,lstick_y,-1890
49214,rstick_x,1180
49220,lstick_x,12281
49220,lstick_y,-1890
49220,rstick_x,1180
49223,lstick_x,12226
49223,lstick_y,-1890
49223,rstick_x,1180
49231,lstick_x,12226
49231,lstick_y,-1890
49231,rstick_x,1180
49241,lstick_x,12226
49241,lstick_y,-1890
49241,rstick_x,1180
49245,lstick_x,12226
49245,lstick_y,-1890
49245,rstick_x,1180
49249,lstick_x,12182
49249,lstick_y,-1890
49249,rstick_x,1180
49253,lstick_x,12182
49253,lstick_y,-1890
49253,rstick_x,1180
49261,lstick_x,12118
49261,lstick_y,-1890
49261,rstick_x,1180
49269,lstick_x,12118
49269,lstick_y,-1890
49269,rstick_x,1180
49277,lstick_x,12118
49277,lstick_y,-1890
49277,rstick_x,1180
49285,lstick_x,12118
49285,lstick_y,-1890
49285,rstick_x,1180
49288,lstick_x,12077
49288,lstick_y,-1890
49288,rstick_x,1180
49293,lstick_x,12077
49293,lstick_y,-1890
49293,rstick_x,1180
49301,lstick_x,12077
49301,lstick_y,-1890
49301,rstick_x,1180
49309,lstick_x,12077
49309,lstick_y,-1890
49309,rstick_x,1180
49317,lstick_x,12077
49317,lstick_y,-1890
49317,rstick_x,1180
49319,lstick_x,12077
49319,lstick_y,-1890
49319,rstick_x,1180
49325,lstick_x,12077
49325,lstick_y,-1890
49325,rstick_x,1180
49333,lstick_x,12077
49333,lstick_y,-1890
49333,rstick_x,1180
49341,lstick_x,12077
49341,lstick_y,-1890
49341,rstick_x,1180
49344,lstick_x,12077
49344,lstick_y,-1890
49344,rstick_x,1180
49347,lstick_x,12077
49347,lstick_y,-1890
49347,rstick_x,1180
49354,lstick_x,12077
49354,lstick_y,-1890
49354,rstick_x,1180
49357,lstick_x,11958
49357,lstick_y,-1890
49357,rstick_x,1180
49365,lstick_x,11958
49365,lstick_y,-1890
49365,rstick_x,1180
49373,lstick_x,11958
49373,lstick_y,-1890
49373,rstick_x,1180
49380,lstick_x,11322
49380,lstick_y,-1728
49380,rstick_x,1180
49386,lstick_x,10086
49386,lstick_y,-1444
49386,rstick_x,1180
49389,lstick_x,10086
49389,lstick_y,-1444
49389,rstick_x,1180
49397,lstick_x,10086
49397,lstick_y,-1444
49397,rstick_x,1180
49405,lstick_x,10086
49405,lstick_y,-1444
49405,rstick_x,1180
49411,lstick_x,2333
49411,lstick_y,-1130
49411,rstick_x,1180
49415,lstick_x,2333
49415,lstick_y,-1130
49415,rstick_x,1180
49420,lstick_x,2238
49420,rstick_x,1180
49424,lstick_x,2238
49424,rstick_x,1180
49430,lstick_x,2238
49430,rstick_x,1180
49439,lstick_x,2238
49439,rstick_x,1180
49445,lstick_x,2238
49445,rstick_x,1180
49452,lstick_x,2035
49452,rstick_x,1180
49461,lstick_x,2035
49461,rstick_x,1180
49469,lstick_x,2035
49469,rstick_x,1180
49477,lstick_x,2035
49477,rstick_x,1180
49480,lstick_x,1843
49480,rstick_x,1180
49485,lstick_x,1843
49485,rstick_x,1180
49487,lstick_x,1843
49487,rstick_x,1180
49492,lstick_x,1843
49492,rstick_x,1180
49501,lstick_x,1843
49501,rstick_x,1180
49510,lstick_x,1843
49510,rstick_x,1180
49513,lstick_x,1763
49513,rstick_x,1180
49518,lstick_x,1763
49518,rstick_x,1180
49525,lstick_x,1763
49525,rstick_x,1180
49533,lstick_x,1763
49533,rstick_x,1180
49541,lstick_x,1763
49541,rstick_x,1180
49545,lstick_x,1642
49545,rstick_x,1180
49548,lstick_x,1642
49548,rstick_x,1180
49553,lstick_x,1596
49553,rstick_x,1180
49556,lstick_x,1596
49556,rstick_x,1180
49560,lstick_x,1596
49560,rstick_x,1180
49567,lstick_x,1596
49567,rstick_x,1180
49577,lstick_x,1596
49577,rstick_x,1180
49581,lstick_x,1531
49581,rstick_x,1180
49587,lstick_x,1531
49587,rstick_x,1180
49597,lstick_x,1531
49597,rstick_x,1180
49605,lstick_x,1531
49605,rstick_x,1180
49613,lstick_x,1489
49613,rstick_x,1180
49620,lstick_x,1489
49620,rstick_x,1180
49624,lstick_x,1489
49624,rstick_x,1180
49629,lstick_x,1489
49629,rstick_x,1180
49643,lstick_x,1489
49643,rstick_x,1180
49645,lstick_x,1489
49645,rstick_x,1180
49653,lstick_x,1489
49653,rstick_x,1180
49661,lstick_x,1489
49661,rstick_x,1180
49669,lstick_x,1489
49669,rstick_x,1180
49676,lstick_x,1432
49676,rstick_x,1180
49680,lstick_x,1432
49680,rstick_x,1180
49685,lstick_x,1432
49685,rstick_x,1180
49688,lstick_x,1432
49688,rstick_x,1180
49693,lstick_x,1432
49693,rstick_x,1180
49705,lstick_x,1432
49705,rstick_x,1180
49709,lstick_x,1432
49709,rstick_x,1180
49714,lstick_x,1432
49714,rstick_x,1180
49717,lstick_x,1432
49717,rstick_x,1180
49720,lstick_x,1432
49720,rstick_x,1180
49725,lstick_x,1432
49725,rstick_x,1180
49733,lstick_x,1432
49733,rstick_x,1180
49741,lstick_x,1432
49741,rstick_x,1180
49745,lstick_x,1432
49745,rstick_x,1180
49749,lstick_x,1432
49749,rstick_x,1180
49753,lstick_x,1432
49753,rstick_x,1180
49756,lstick_x,1432
49756,rstick_x,1180
49768,lstick_x,1432
49768,rstick_x,1180
49775,lstick_x,1432
49775,rstick_x,1180
49779,lstick_x,1388
49779,rstick_x,1180
49787,lstick_x,1388
49787,rstick_x,1180
49797,lstick_x,1388
49797,rstick_x,1180
49805,lstick_x,1388
49805,rstick_x,1180
49812,lstick_x,1388
49812,rstick_x,1180
49814,lstick_x,1388
49814,rstick_x,1180
49819,lstick_x,1388
49819,rstick_x,1180
49823,lstick_x,1388
49823,rstick_x,1180
49829,lstick_x,1388
49829,rstick_x,1180
49838,lstick_x,1388
49838,rstick_x,1180
49845,lstick_x,1388
49845,rstick_x,1180
49853,lstick_x,1388
49853,rstick_x,1180
49861,lstick_x,1334
49861,rstick_x,1180
49869,lstick_x,1334
49869,rstick_x,1180
49877,lstick_x,1334
49877,rstick_x,1180
49885,lstick_x,1334
49885,rstick_x,1180
49888,lstick_x,1334
49888,rstick_x,1180
49891,lstick_x,1334
49891,rstick_x,1180
49901,lstick_x,1334
49901,rstick_x,1180
49912,lstick_x,1334
49912,rstick_x,1180
49915,lstick_x,1334
49915,rstick_x,1180
49918,lstick_x,1334
49918,rstick_x,1180
49925,lstick_x,1334
49925,rstick_x,1180
49934,lstick_x,1334
49934,rstick_x,1180
49936,lstick_x,1334
49936,rstick_x,1180
49940,lstick_x,1334
49940,rstick_x,1180
49949,lstick_x,1334
49949,rstick_x,1180
49953,lstick_x,1334
49953,rstick_x,1180
49956,lstick_x,1288
49956,rstick_x,1180
49965,lstick_x,1288
49965,rstick_x,1180
49973,lstick_x,1288
49973,rstick_x,1180
49980,lstick_x,1288
49980,rstick_x,1180
49983,lstick_x,1288
49983,rstick_x,1180
49987,lstick_x,1288
49987,rstick_x,1180
49997,lstick_x,1288
49997,rstick_x,1180
50003,lstick_x,1288
50003,rstick_x,1180
50008,lstick_x,1288
50008,rstick_x,1180
50013,lstick_x,1288
50013,rstick_x,1180
50020,lstick_x,1288
50020,rstick_x,1180
50024,lstick_x,1288
50024,rstick_x,1180
50031,lstick_x,1288
50031,rstick_x,1180
50038,lstick_x,1288
50038,rstick_x,1180
50045,lstick_x,1288
50045,rstick_x,1180
50054,lstick_x,1288
50054,rstick_x,1180
50061,lstick_x,1288
50061,rstick_x,1180
50069,lstick_x,1288
50069,rstick_x,1180
50074,lstick_x,1235
50074,rstick_x,1180
50077,lstick_x,1235
50077,rstick_x,1180
50085,lstick_x,1235
50085,rstick_x,1180
50088,lstick_x,1235
50088,rstick_x,1180
50091,lstick_x,1235
50091,rstick_x,1180
50105,lstick_x,1235
50105,rstick_x,1180
50109,lstick_x,1235
50109,rstick_x,1180
50114,lstick_x,1235
50114,rstick_x,1180
50118,lstick_x,1235
50118,rstick_x,1180
50124,lstick_x,1235
50124,rstick_x,1180
50126,lstick_x,1235
50126,rstick_x,1180
50139,lstick_x,1235
50139,rstick_x,1180
50148,lstick_x,1235
50148,rstick_x,1180
50153,lstick_x,1235
50153,rstick_x,1180
50156,lstick_x,1235
50156,rstick_x,1180
50165,lstick_x,1235
50165,rstick_x,1180
50176,lstick_x,1235
50176,rstick_x,1180
50182,lstick_x,1235
50182,rstick_x,1180
50187,lstick_x,1235
50187,rstick_x,1180
50199,lstick_x,1235
50199,rstick_x,1180
50204,lstick_x,1235
50204,rstick_x,1180
50213,lstick_x,1235
50213,rstick_x,1180
50219,lstick_x,1235
50219,rstick_x,1180
50223,lstick_x,1235
50223,rstick_x,1180
50234,lstick_x,1235
50234,rstick_x,1180
50238,lstick_x,1235
50238,rstick_x,1180
50245,lstick_x,1235
50245,rstick_x,1180
50248,lstick_x,1235
50248,rstick_x,1180
50253,lstick_x,1235
50253,rstick_x,1180
50256,lstick_x,1235
50256,rstick_x,1180
50263,lstick_x,1235
50263,rstick_x,1180
50269,lstick_x,1235
50269,rstick_x,1180
50277,lstick_x,1235
50277,rstick_x,1180
50281,lstick_x,1235
50281,rstick_x,1180
50285,lstick_x,1235
50285,rstick_x,1180
50287,lstick_x,1235
50287,rstick_x,1180
50291,lstick_x,1235
50291,rstick_x,1180
50296,lstick_x,1235
50296,rstick_x,1180
50301,lstick_x,1235
50301,rstick_x,1180
50310,lstick_x,1235
50310,rstick_x,1180
50315,lstick_x,1235
50315,rstick_x,1180
50318,lstick_x,1235
50318,rstick_x,1180
50321,lstick_x,1235
50321,rstick_x,1180
50325,lstick_x,1235
50325,rstick_x,1180
50333,lstick_x,1235
50333,rstick_x,1180
50341,lstick_x,1235
50341,rstick_x,1180
50347,lstick_x,1235
50347,rstick_x,1180
50353,lstick_x,1235
50353,rstick_x,1180
50357,lstick_x,1235
50357,rstick_x,1180
50365,lstick_x,1235
50365,rstick_x,1180
50373,lstick_x,1235
50373,rstick_x,1180
50379,lstick_x,1184
50379,rstick_x,1180
50387,lstick_x,1184
50387,rstick_x,1180
50397,lstick_x,1184
50397,rstick_x,1180
50405,lstick_x,1184
50405,rstick_x,1180
50411,lstick_x,1036
50411,rstick_x,1180
50414,lstick_x,1036
50414,rstick_x,1180
50420,rstick_x,1180
50424,rstick_x,1180
50430,rstick_x,1180
50445,rstick_x,1180
50453,rstick_x,1180
50463,rstick_x,1180
50469,rstick_x,1180
50474,rstick_x,1180
50485,rstick_x,1180
50487,rstick_x,1180
50491,rstick_x,1180
50503,rstick_x,1180
50512,rstick_x,1180
50517,rstick_x,1180
50520,rstick_x,1180
50525,rstick_x,1180
50533,rstick_x,1180
50537,rstick_x,1180
50541,rstick_x,1180
50549,rstick_x,1180
50554,rstick_x,1180
50557,lstick_x,-1852
50557,rstick_x,1180
50560,lstick_x,-1852
50560,rstick_x,1180
50563,lstick_x,-1852
50563,rstick_x,1180
50565,lstick_x,-1852
50565,rstick_x,1180
50573,lstick_x,-1852
50573,rstick_x,1180
50575,lstick_x,-10604
50575,lstick_y,1476
50575,rstick_x,1180
50579,lstick_x,-10604
50579,lstick_y,1476
50579,rstick_x,1180
50584,lstick_x,-10604
50584,lstick_y,1476
50584,rstick_x,1180
50587,lstick_x,-11213
50587,lstick_y,2288
50587,rstick_x,1180
50591,lstick_x,-11213
50591,lstick_y,2288
50591,rstick_x,1180
50603,lstick_x,-11213
50603,lstick_y,2288
50603,rstick_x,1180
50609,lstick_x,-12038
50609,lstick_y,3074
50609,rstick_x,1180
50615,lstick_x,-12038
50615,lstick_y,3074
50615,rstick_x,1180
50620,lstick_x,-13083
50620,lstick_y,3845
50620,rstick_x,1180
50624,lstick_x,-13083
50624,lstick_y,3845
50624,rstick_x,1180
50629,lstick_x,-13083
50629,lstick_y,3845
50629,rstick_x,1180
50636,lstick_x,-14191
50636,lstick_y,4614
50636,rstick_x,1180
50640,lstick_x,-14191
50640,lstick_y,4614
50640,rstick_x,1180
50646,lstick_x,-14191
50646,lstick_y,4614
50646,rstick_x,1180
50655,lstick_x,-14191
50655,lstick_y,4614
50655,rstick_x,1180
50661,lstick_x,-14191
50661,lstick_y,4614
50661,rstick_x,1180
50669,lstick_x,-16062
50669,lstick_y,5995
50669,rstick_x,1180
50677,lstick_x,-16062
50677,lstick_y,5995
50677,rstick_x,1180
50685,lstick_x,-16062
50685,lstick_y,5995
50685,rstick_x,1180
50688,lstick_x,-16782
50688,lstick_y,6496
50688,rstick_x,1180
50693,lstick_x,-16782
50693,lstick_y,6496
50693,rstick_x,1180
50701,lstick_x,-16782
50701,lstick_y,6496
50701,rstick_x,1180
50703,lstick_x,-17358
50703,lstick_y,6897
50703,rstick_x,1180
50707,lstick_x,-17819
50707,lstick_y,7218
50707,rstick_x,1180
50717,lstick_x,-17819
50717,lstick_y,7218
50717,rstick_x,1180
50720,lstick_x,-17819
50720,lstick_y,7218
50720,rstick_x,1180
50725,lstick_x,-17819
50725,lstick_y,7218
50725,rstick_x,1180
50736,lstick_x,-17819
50736,lstick_y,7218
50736,rstick_x,1180
50742,lstick_x,-18359
50742,lstick_y,7662
50742,rstick_x,1180
50751,lstick_x,-18359
50751,lstick_y,7662
50751,rstick_x,1180
50757,lstick_x,-18359
50757,lstick_y,7671
50757,rstick_x,1180
50765,lstick_x,-18359
50765,lstick_y,7671
50765,rstick_x,1180
50770,lstick_x,-17541
50770,lstick_y,7477
50770,rstick_x,1180
50773,lstick_x,-17541
50773,lstick_y,7477
50773,rstick_x,1180
50776,lstick_x,-17541
50776,lstick_y,7477
50776,rstick_x,1180
50784,lstick_x,-17541
50784,lstick_y,7477
50784,rstick_x,1180
50790,lstick_x,-16597
50790,lstick_y,7167
50790,rstick_x,1180
50797,lstick_x,-16597
50797,lstick_y,7167
50797,rstick_x,1180
50807,lstick_x,-15398
50807,lstick_y,6756
50807,rstick_x,1180
50810,lstick_x,-15398
50810,lstick_y,6756
50810,rstick_x,1180
50821,lstick_x,-15398
50821,lstick_y,6756
50821,rstick_x,1180
50827,lstick_x,-6395
50827,lstick_y,5237
50827,rstick_x,1180
50837,lstick_x,-6395
50837,lstick_y,5237
50837,rstick_x,1180
50843,lstick_x,-5438
50843,lstick_y,4319
50843,rstick_x,1180
50846,lstick_x,-5438
50846,lstick_y,4319
50846,rstick_x,1180
50849,lstick_x,-5438
50849,lstick_y,4319
50849,rstick_x,1180
50853,lstick_x,-5438
50853,lstick_y,4319
50853,rstick_x,1180
50856,lstick_x,-4619
50856,lstick_y,3497
50856,rstick_x,1180
50861,lstick_x,-4619
50861,lstick_y,3497
50861,rstick_x,1180
50871,lstick_x,-4619
50871,lstick_y,3497
50871,rstick_x,1180
50877,lstick_x,-4619
50877,lstick_y,3497
50877,rstick_x,1180
50885,lstick_x,-3887
50885,lstick_y,2768
50885,rstick_x,1180
50893,lstick_x,-3260
50893,lstick_y,2155
50893,rstick_x,1180
50901,lstick_x,-3260
50901,lstick_y,2155
50901,rstick_x,1180
50905,lstick_x,-2740
50905,lstick_y,1653
50905,rstick_x,1180
50909,lstick_x,-2740
50909,lstick_y,1653
50909,rstick_x,1180
50917,lstick_x,-2740
50917,lstick_y,1653
50917,rstick_x,1180
50920,lstick_x,-2324
50920,lstick_y,1246
50920,rstick_x,1180
50924,lstick_x,-2324
50924,lstick_y,1246
50924,rstick_x,1180
50933,lstick_x,-2324
50933,lstick_y,1246
50933,rstick_x,1180
50944,lstick_x,-2324
50944,lstick_y,1246
50944,rstick_x,1180
50949,lstick_x,-1715
50949,rstick_x,1180
50954,lstick_x,-1715
50954,rstick_x,1180
50957,lstick_x,-1715
50957,rstick_x,1180
50965,lstick_x,-1715
50965,rstick_x,1180
50970,lstick_x,-1498
50970,rstick_x,1180
50973,lstick_x,-1498
50973,rstick_x,1180
50978,lstick_x,-1325
50978,rstick_x,1180
50986,lstick_x,-1325
50986,rstick_x,1180
50990,lstick_x,-1325
50990,rstick_x,1180
50997,lstick_x,-1192
50997,rstick_x,1180
51005,lstick_x,-1192
51005,rstick_x,1180
51012,lstick_x,-1080
51012,rstick_x,1180
51015,lstick_x,-1080
51015,rstick_x,1180
51020,lstick_x,-1080
51020,rstick_x,1180
51029,lstick_x,-1080
51029,rstick_x,1180
51037,rstick_x,1180
51045,rstick_x,1180
51053,rstick_x,1180
51055,rstick_x,1180
51059,rstick_x,1180
51072,rstick_x,1180
51077,rstick_x,1180
51080,rstick_x,1180
51085,rstick_x,1180
51093,rstick_x,1180
51101,rstick_x,1180
51103,rstick_x,1180
51107,rstick_x,1180
51117,rstick_x,1180
51120,rstick_x,1180
51123,rstick_x,1180
51125,rstick_x,1180
51133,rstick_x,1180
51142,rstick_x,1180
51147,rstick_x,1180
51149,rstick_x,1180
51153,rstick_x,1180
51157,rstick_x,1180
51165,rstick_x,1180
51170,rstick_x,1180
51173,rstick_x,1180
51181,rstick_x,1180
51187,rstick_x,1180
51191,rstick_x,1180
51197,rstick_x,1180
51205,rstick_x,1180
51215,rstick_x,1180
51219,rstick_x,1180
51223,rstick_x,1180
51229,rstick_x,1180
51237,rstick_x,1180
51245,rstick_x,1180
51253,rstick_x,1180
51256,rstick_x,1180
51264,rstick_x,1180
51275,rstick_x,1180
51279,rstick_x,1180
51285,rstick_x,1180
51297,rstick_x,1180
51301,rstick_x,1180
51305,rstick_x,1180
51309,rstick_x,1180
51317,rstick_x,1180
51320,rstick_x,1180
51324,rstick_x,1180
51333,rstick_x,1180
51343,rstick_x,1180
51349,rstick_x,1180
51354,rstick_x,1180
51357,rstick_x,1180
51365,rstick_x,1180
51370,rstick_x,1180
51373,rstick_x,1180
51381,rstick_x,1180
51387,rstick_x,1180
51389,rstick_x,1180
51401,rstick_x,1180
51404,rstick_x,1180
51413,rstick_x,1180
51421,rstick_x,1180
51429,rstick_x,1180
51437,rstick_x,1180
51441,rstick_x,1180
51445,rstick_x,1180
51453,rstick_x,1180
51455,rstick_x,1180
51461,rstick_x,1180
51469,rstick_x,1180
51477,rstick_x,1180
51482,rstick_x,1180
51486,rstick_x,1180
51493,rstick_x,1180
51501,rstick_x,1180
51507,rstick_x,1180
51512,rstick_x,1180
51517,rstick_x,1180
51521,rstick_x,1180
51524,rstick_x,1180
51534,rstick_x,1180
51544,rstick_x,1180
51549,rstick_x,1180
51553,rstick_x,1180
51557,rstick_x,1180
51562,rstick_x,1180
51565,rstick_x,1180
51571,rstick_x,1180
51575,rstick_x,1180
51581,rstick_x,1180
51587,rstick_x,1180
51591,rstick_x,1180
51594,rstick_x,1180
51597,rstick_x,1180
51603,rstick_x,1180
51606,rstick_x,1180
51613,rstick_x,1180
51621,rstick_x,1180
51627,rstick_x,1180
51636,rstick_x,1180
51645,rstick_x,1180
51653,rstick_x,1180
51657,rstick_x,1180
51661,rstick_x,1180
51664,rstick_x,1180
51669,rstick_x,1180
51672,rstick_x,1180
51681,rstick_x,1180
51687,rstick_x,1180
51697,rstick_x,1180
51701,rstick_x,1180
51709,rstick_x,1180
51715,rstick_x,1180
51719,rstick_x,1180
51725,rstick_x,1180
51730,rstick_x,1180
51733,rstick_x,1180
51736,rstick_x,1180
51740,rstick_x,1180
51749,rstick_x,1180
51757,rstick_x,1180
51764,rstick_x,1180
51770,rstick_x,1180
51773,rstick_x,1180
51781,rstick_x,1180
51787,rstick_x,1180
51790,rstick_x,1180
51794,rstick_x,1180
51804,rstick_x,1180
51808,rstick_x,1180
51815,rstick_x,1180
51827,rstick_x,1180
51838,rstick_x,1180
51845,rstick_x,1180
51853,rstick_x,1180
51857,rstick_x,1180
51861,rstick_x,1180
51864,rstick_x,1180
51869,rstick_x,1180
51871,rstick_x,1180
51887,rstick_x,1180
51893,rstick_x,1180
51901,rstick_x,1180
51909,rstick_x,1180
51917,rstick_x,1180
51920,y,1
51920,rstick_x,1180
51925,rstick_x,1180
51928,rstick_x,1180
51933,rstick_x,1180
51936,rstick_x,1180
51939,rstick_x,1180
51960,rstick_x,1180
51965,rstick_x,1180
51970,rstick_x,1180
51973,rstick_x,1180
51982,rstick_x,1180
51988,rstick_x,1180
51997,rstick_x,1180
52005,rstick_x,1180
52013,rstick_x,1180
52020,rstick_x,1180
52024,rstick_x,1180
52029,rstick_x,1180
52038,rstick_x,1180
52045,rstick_x,1180
52053,rstick_x,1180
52061,rstick_x,1180
52069,rstick_x,1180
52076,rstick_x,1180
52085,rstick_x,1180
52088,rstick_x,1180
52091,rstick_x,1180
52095,rstick_x,1180
52106,rstick_x,1180
52110,rstick_x,1180
52119,rstick_x,1180
52124,rstick_x,1180
52127,rstick_x,1180
52130,rstick_x,1180
52133,rstick_x,1180
52142,rstick_x,1180
52147,rstick_x,1180
52153,rstick_x,1180
52157,rstick_x,1180
52164,rstick_x,1180
52169,rstick_x,1180
52173,rstick_x,1180
52182,rstick_x,1180
52190,rstick_x,1180
52197,rstick_x,1180
52204,rstick_x,1180
52213,rstick_x,1180
52220,rstick_x,1180
52225,rstick_x,1180
52229,rstick_x,1180
52236,rstick_x,1180
52240,rstick_x,1180
52243,rstick_x,1180
52253,rstick_x,1180
52261,rstick_x,1180
52272,rstick_x,1180
52277,rstick_x,1180
52286,rstick_x,1180
52296,rstick_x,1180
52300,rstick_x,1180
52303,rstick_x,1180
52309,rstick_x,1180
52317,rstick_x,1180
52320,rstick_x,1180
52323,rstick_x,1180
52334,rstick_x,1180
52341,rstick_x,1180
52349,rstick_x,1180
52354,rstick_x,1180
52357,rstick_x,1180
52365,rstick_x,1180
52369,rstick_x,1180
52373,rstick_x,1180
52381,rstick_x,1180
52387,rstick_x,1180
52390,rstick_x,1180
52394,rstick_x,1180
52397,rstick_x,1180
52405,rstick_x,1180
52409,rstick_x,1180
52413,rstick_x,1180
52422,rstick_x,1180
52424,rstick_x,1180
52429,rstick_x,1180
52437,rstick_x,1180
52445,rstick_x,1180
52453,rstick_x,1180
52461,rstick_x,1180
52464,rstick_x,1180
52469,rstick_x,1180
52471,rstick_x,1180
52483,rstick_x,1180
52486,rstick_x,1180
52493,rstick_x,1180
52503,rstick_x,1180
52506,rstick_x,1180
52509,rstick_x,1180
52517,rstick_x,1180
52522,rstick_x,1180
52526,rstick_x,1180
52531,rstick_x,1180
52541,rstick_x,1180
52545,rstick_x,1180
52549,rstick_x,1180
52553,rstick_x,1180
52556,rstick_x,1180
52565,rstick_x,1180
52573,rstick_x,1180
52581,rstick_x,1180
52587,rstick_x,1180
52601,rstick_x,1180
52604,rstick_x,1180
52608,rstick_x,1180
52613,rstick_x,1180
52621,rstick_x,1180
52624,rstick_x,1180
52628,rstick_x,1180
52637,rstick_x,1180
52642,rstick_x,1180
52645,rstick_x,1180
52653,rstick_x,1180
52661,rstick_x,1180
52669,rstick_x,1180
52678,rstick_x,1180
52686,rstick_x,1180
52693,rstick_x,1180
52701,rstick_x,1180
52704,rstick_x,1180
52708,rstick_x,1180
52730,rstick_x,1180
52733,rstick_x,1180
52737,rstick_x,1180
52741,rstick_x,1180
52749,rstick_x,1180
52756,rstick_x,1180
52761,rstick_x,1180
52765,rstick_x,1180
52773,rstick_x,1180
52777,rstick_x,1180
52780,rstick_x,1180
52786,rstick_x,1180
52792,rstick_x,1180
52798,rstick_x,1180
52809,rstick_x,1180
52812,rstick_x,1180
52815,rstick_x,1180
52820,rstick_x,1180
52824,rstick_x,1180
52830,rstick_x,1180
52838,rstick_x,1180
52845,rstick_x,1180
52853,rstick_x,1180
52858,rstick_x,1180
52861,rstick_x,1180
52863,rstick_x,1180
52869,rstick_x,1180
52872,rstick_x,1180
52875,rstick_x,1180
52886,rstick_x,1180
52893,rstick_x,1180
52901,rstick_x,1180
52909,rstick_x,1180
52917,rstick_x,1180
52924,rstick_x,1180
52933,rstick_x,1180
52936,y,0
52936,rstick_x,1180
52940,rstick_x,1180
52953,rstick_x,1180
52957,rstick_x,1180
52961,rstick_x,1180
52967,rstick_x,1180
52970,rstick_x,1180
52973,rstick_x,1180
52978,rstick_x,1180
52989,rstick_x,1180
52997,rstick_x,1180
53002,rstick_x,1180
53014,rstick_x,1180
53020,rstick_x,1180
53023,rstick_x,1180
53033,rstick_x,1180
53040,rstick_x,1180
53046,rstick_x,1180
53053,rstick_x,1180
53057,rstick_x,1180
53061,rstick_x,1180
53069,rstick_x,1180
53073,rstick_x,1180
53077,rstick_x,1180
53079,rstick_x,1180
53086,rstick_x,1180
53090,rstick_x,1180
53093,rstick_x,1180
53103,rstick_x,1180
53109,rstick_x,1180
53118,rstick_x,1180
53124,rstick_x,1180
53128,rstick_x,1180
53133,rstick_x,1180
53141,rstick_x,1180
53148,rstick_x,1180
53153,rstick_x,1180
53157,rstick_x,1180
53161,rstick_x,1180
53164,rstick_x,1180
53171,rstick_x,1180
53175,rstick_x,1180
53195,rstick_x,1180
53199,rstick_x,1180
53203,rstick_x,1180
53213,rstick_x,1180
53220,rstick_x,1180
53224,rstick_x,1180
53229,rstick_x,1180
53236,rstick_x,1180
53239,rstick_x,1180
53245,rstick_x,1180
53256,rstick_x,1180
53264,rstick_x,1180
53269,rstick_x,1180
53277,rstick_x,1180
53285,rstick_x,1180
53287,rstick_x,1180
53292,rstick_x,1180
53301,rstick_x,1180
53304,rstick_x,1180
53307,rstick_x,1180
53310,rstick_x,1180
53317,rstick_x,1180
53331,rstick_x,1180
53336,rstick_x,1180
53342,rstick_x,1180
53351,rstick_x,1180
53355,rstick_x,1180
53363,rstick_x,1180
53371,rstick_x,1180
53374,rstick_x,1180
53378,rstick_x,1180
53381,rstick_x,1180
53389,rstick_x,1180
53403,rstick_x,1180
53407,rstick_x,1180
53411,rstick_x,1180
53422,rstick_x,1180
53428,rstick_x,1180
53436,rstick_x,1180
53440,rstick_x,1180
53443,rstick_x,1180
53446,rstick_x,1180
53453,rstick_x,1180
53456,rstick_x,1180
53461,rstick_x,1180
53477,rstick_x,1180
53487,rstick_x,1180
53493,rstick_x,1180
53501,rstick_x,1180
53506,lstick_x,-1047
53506,rstick_x,1180
53509,lstick_x,-1047
53509,rstick_x,1180
53513,lstick_x,-1183
53513,rstick_x,1180
53517,lstick_x,-1183
53517,rstick_x,1180
53520,lstick_x,-1183
53520,rstick_x,1180
53523,lstick_x,-1183
53523,rstick_x,1180
53536,lstick_x,-1183
53536,rstick_x,1180
53541,lstick_x,-1183
53541,rstick_x,1180
53549,lstick_x,-1183
53549,rstick_x,1180
53555,lstick_x,-8811
53555,rstick_x,1180
53565,lstick_x,-10043
53565,rstick_x,1180
53573,lstick_x,-10043
53573,rstick_x,1180
53577,lstick_x,-20962
53577,rstick_x,1180
53580,lstick_x,-20962
53580,rstick_x,1180
53586,lstick_x,-22046
53586,lstick_y,1253
53586,rstick_x,1180
53589,lstick_x,-22046
53589,lstick_y,1253
53589,rstick_x,1180
53603,lstick_x,-22046
53603,lstick_y,1253
53603,rstick_x,1180
53606,lstick_x,-22046
53606,lstick_y,1253
53606,rstick_x,1180
53614,lstick_x,-22046
53614,lstick_y,1253
53614,rstick_x,1180
53620,lstick_x,-32768
53620,lstick_y,2660
53620,rstick_x,1180
53629,lstick_x,-32768
53629,lstick_y,2660
53629,rstick_x,1180
53637,lstick_x,-32768
53637,lstick_y,2660
53637,rstick_x,1180
53642,lstick_x,-32768
53642,lstick_y,3219
53642,rstick_x,1180
53653,lstick_x,-32768
53653,lstick_y,3219
53653,rstick_x,1180
53656,lstick_x,-32768
53656,lstick_y,3672
53656,rstick_x,1180
53661,lstick_x,-32768
53661,lstick_y,3672
53661,rstick_x,1180
53673,lstick_x,-32768
53673,lstick_y,3672
53673,rstick_x,1180
53678,lstick_x,-32768
53678,lstick_y,3672
53678,rstick_x,1180
53682,lstick_x,-32768
53682,lstick_y,4320
53682,rstick_x,1180
53685,lstick_x,-32768
53685,lstick_y,4320
53685,rstick_x,1180
53693,lstick_x,-32768
53693,lstick_y,4320
53693,rstick_x,1180
53701,lstick_x,-32768
53701,lstick_y,4320
53701,rstick_x,1180
53704,lstick_x,-32768
53704,lstick_y,4547
53704,rstick_x,1180
53708,lstick_x,-32768
53708,lstick_y,4729
53708,rstick_x,1180
53714,lstick_x,-32768
53714,lstick_y,4729
53714,rstick_x,1180
53720,lstick_x,-32768
53720,lstick_y,4729
53720,rstick_x,1180
53723,lstick_x,-32768
53723,lstick_y,4875
53723,rstick_x,1180
53725,lstick_x,-32768
53725,lstick_y,4875
53725,rstick_x,1180
53735,lstick_x,-32768
53735,lstick_y,4875
53735,rstick_x,1180
53745,lstick_x,-32768
53745,lstick_y,4875
53745,rstick_x,1180
53750,lstick_x,-32768
53750,lstick_y,4991
53750,rstick_x,1180
53754,lstick_x,-32768
53754,lstick_y,5090
53754,rstick_x,1180
53759,lstick_x,-32768
53759,lstick_y,5090
53759,rstick_x,1180
53765,lstick_x,-32768
53765,lstick_y,5090
53765,rstick_x,1180
53770,lstick_x,-32768
53770,lstick_y,5163
53770,rstick_x,1180
53773,lstick_x,-32768
53773,lstick_y,5163
53773,rstick_x,1180
53781,lstick_x,-32768
53781,lstick_y,5163
53781,rstick_x,1180
53786,lstick_x,-32768
53786,lstick_y,5222
53786,rstick_x,1180
53789,lstick_x,-32768
53789,lstick_y,5222
53789,rstick_x,1180
53800,lstick_x,-32768
53800,lstick_y,5222
53800,rstick_x,1180
53805,lstick_x,-32768
53805,lstick_y,5222
53805,rstick_x,1180
53809,lstick_x,-32768
53809,lstick_y,5269
53809,rstick_x,1180
53814,lstick_x,-32768
53814,lstick_y,5269
53814,rstick_x,1180
53820,lstick_x,-32768
53820,lstick_y,5269
53820,rstick_x,1180
53829,lstick_x,-32768
53829,lstick_y,5269
53829,rstick_x,1180
53837,lstick_x,-32768
53837,lstick_y,5269
53837,rstick_x,1180
53842,lstick_x,-32768
53842,lstick_y,5337
53842,rstick_x,1180
53845,lstick_x,-32768
53845,lstick_y,5337
53845,rstick_x,1180
53847,lstick_x,-32768
53847,lstick_y,5337
53847,rstick_x,1180
53853,lstick_x,-32768
53853,lstick_y,5337
53853,rstick_x,1180
53857,lstick_x,-32768
53857,lstick_y,5380
53857,rstick_x,1180
53860,lstick_x,-32768
53860,lstick_y,5380
53860,rstick_x,1180
53870,lstick_x,-32768
53870,lstick_y,5380
53870,rstick_x,1180
53877,lstick_x,-32768
53877,lstick_y,5380
53877,rstick_x,1180
53885,lstick_x,-32768
53885,lstick_y,5380
53885,rstick_x,1180
53888,lstick_x,-32768
53888,lstick_y,5380
53888,rstick_x,1180
53891,lstick_x,-32768
53891,lstick_y,5380
53891,rstick_x,1180
53901,lstick_x,-32768
53901,lstick_y,5380
53901,rstick_x,1180
53907,lstick_x,-32768
53907,lstick_y,5380
53907,rstick_x,1180
53912,lstick_x,-32768
53912,lstick_y,5380
53912,rstick_x,1180
53917,lstick_x,-32768
53917,lstick_y,5380
53917,rstick_x,1180
53921,lstick_x,-32768
53921,lstick_y,5380
53921,rstick_x,1180
53924,lstick_x,-32768
53924,lstick_y,5380
53924,rstick_x,1180
53929,lstick_x,-32768
53929,lstick_y,5380
53929,rstick_x,1180
53935,lstick_x,-32768
53935,lstick_y,5380
53935,rstick_x,1180
53942,lstick_x,-32768
53942,lstick_y,5380
53942,rstick_x,1180
53949,lstick_x,-32768
53949,lstick_y,5380
53949,rstick_x,1180
53954,lstick_x,-32768
53954,lstick_y,5380
53954,rstick_x,1180
53957,lstick_x,-32768
53957,lstick_y,5380
53957,rstick_x,1180
53966,lstick_x,-32768
53966,lstick_y,5380
53966,rstick_x,1180
53973,lstick_x,-32768
53973,lstick_y,5380
53973,rstick_x,1180
53980,lstick_x,-32768
53980,lstick_y,5380
53980,rstick_x,1180
53987,lstick_x,-32768
53987,lstick_y,5380
53987,rstick_x,1180
53991,lstick_x,-32768
53991,lstick_y,5380
53991,rstick_x,1180
53997,lstick_x,-32768
53997,lstick_y,5380
53997,rstick_x,1180
54004,lstick_x,-32768
54004,lstick_y,5380
54004,rstick_x,1180
54012,lstick_x,-32768
54012,lstick_y,5380
54012,rstick_x,1180
54021,lstick_x,-32768
54021,lstick_y,5380
54021,rstick_x,1180
54024,lstick_x,-32768
54024,lstick_y,5380
54024,rstick_x,1180
54029,lstick_x,-32768
54029,lstick_y,5380
54029,rstick_x,1180
54037,lstick_x,-32768
54037,lstick_y,5380
54037,rstick_x,1180
54045,lstick_x,-32768
54045,lstick_y,5380
54045,rstick_x,1180
54055,lstick_x,-32768
54055,lstick_y,5380
54055,rstick_x,1180
54061,lstick_x,-32768
54061,lstick_y,5380
54061,rstick_x,1180
54065,lstick_x,-32768
54065,lstick_y,5380
54065,rstick_x,1180
54069,lstick_x,-32768
54069,lstick_y,5380
54069,rstick_x,1180
54072,lstick_x,-32768
54072,lstick_y,5380
54072,rstick_x,1180
54077,lstick_x,-32768
54077,lstick_y,5380
54077,rstick_x,1180
54088,lstick_x,-32768
54088,lstick_y,5380
54088,rstick_x,1180
54095,lstick_x,-32768
54095,lstick_y,5380
54095,rstick_x,1180
54103,lstick_x,-32768
54103,lstick_y,5380
54103,rstick_x,1180
54110,lstick_x,-32768
54110,lstick_y,5380
54110,rstick_x,1180
54117,lstick_x,-32768
54117,lstick_y,5380
54117,rstick_x,1180
54125,lstick_x,-32768
54125,lstick_y,5380
54125,rstick_x,1180
54128,lstick_x,-32768
54128,lstick_y,5380
54128,rstick_x,1180
54131,lstick_x,-32768
54131,lstick_y,5380
54131,rstick_x,1180
54136,lstick_x,-32768
54136,lstick_y,5380
54136,rstick_x,1180
54140,lstick_x,-32768
54140,lstick_y,5380
54140,rstick_x,1180
54152,lstick_x,-32768
54152,lstick_y,5380
54152,rstick_x,1180
54157,lstick_x,-32768
54157,lstick_y,5380
54157,rstick_x,1180
54168,lstick_x,-32768
54168,lstick_y,5380
54168,rstick_x,1180
54173,lstick_x,-32768
54173,lstick_y,5380
54173,rstick_x,1180
54181,lstick_x,-32768
54181,lstick_y,5380
54181,rstick_x,1180
54188,lstick_x,-32768
54188,lstick_y,5380
54188,rstick_x,1180
54197,lstick_x,-32768
54197,lstick_y,5380
54197,rstick_x,1180
54205,lstick_x,-32768
54205,lstick_y,5380
54205,rstick_x,1180
54207,lstick_x,-32768
54207,lstick_y,5380
54207,rstick_x,1180
54210,lstick_x,-32768
54210,lstick_y,5380
54210,rstick_x,1180
54223,lstick_x,-32768
54223,lstick_y,5380
54223,rstick_x,1180
54228,lstick_x,-32768
54228,lstick_y,5380
54228,rstick_x,1180
54234,lstick_x,-32768
54234,lstick_y,5380
54234,rstick_x,1180
54236,lstick_x,-32768
54236,lstick_y,5380
54236,rstick_x,1180
54241,lstick_x,-32768
54241,lstick_y,5380
54241,rstick_x,1180
54245,lstick_x,-32768
54245,lstick_y,5380
54245,rstick_x,1180
54253,lstick_x,-32768
54253,lstick_y,5380
54253,rstick_x,1180
54256,lstick_x,-32768
54256,lstick_y,5380
54256,rstick_x,1180
54261,lstick_x,-32768
54261,lstick_y,5380
54261,rstick_x,1180
54269,lstick_x,-32768
54269,lstick_y,5380
54269,rstick_x,1180
54277,lstick_x,-32768
54277,lstick_y,5380
54277,rstick_x,1180
54285,lstick_x,-32768
54285,lstick_y,5380
54285,rstick_x,1180
54288,lstick_x,-32768
54288,lstick_y,5380
54288,rstick_x,1180
54290,lstick_x,-32392
54290,lstick_y,5380
54290,rstick_x,1180
54296,lstick_x,-32392
54296,lstick_y,5380
54296,rstick_x,1180
54301,lstick_x,-32392
54301,lstick_y,5380
54301,rstick_x,1180
54309,lstick_x,-32392
54309,lstick_y,5380
54309,rstick_x,1180
54314,lstick_x,-32392
54314,lstick_y,5380
54314,rstick_x,1180
54317,lstick_x,-32392
54317,lstick_y,5380
54317,rstick_x,1180
54325,lstick_x,-32392
54325,lstick_y,5380
54325,rstick_x,1180
54327,lstick_x,-31599
54327,lstick_y,5076
54327,rstick_x,1180
54332,lstick_x,-31599
54332,lstick_y,5076
54332,rstick_x,1180
54337,lstick_x,-30307
54337,lstick_y,4676
54337,rstick_x,1180
54342,lstick_x,-30307
54342,lstick_y,4676
54342,rstick_x,1180
54353,lstick_x,-30307
54353,lstick_y,4676
54353,rstick_x,1180
54360,lstick_x,-21406
54360,lstick_y,4145
54360,rstick_x,1180
54364,lstick_x,-21406
54364,lstick_y,4145
54364,rstick_x,1180
54370,lstick_x,-20481
54370,lstick_y,3481
54370,rstick_x,1180
54373,lstick_x,-20481
54373,lstick_y,3481
54373,rstick_x,1180
54383,lstick_x,-20481
54383,lstick_y,3481
54383,rstick_x,1180
54389,lstick_x,-20481
54389,lstick_y,3481
54389,rstick_x,1180
54399,lstick_x,-20481
54399,lstick_y,3481
54399,rstick_x,1180
54405,lstick_x,-20481
54405,lstick_y,3481
54405,rstick_x,1180
54411,lstick_x,-11614
54411,lstick_y,2126
54411,rstick_x,1180
54424,lstick_x,-11614
54424,lstick_y,2126
54424,rstick_x,1180
54429,lstick_x,-11614
54429,lstick_y,2126
54429,rstick_x,1180
54437,lstick_x,-11614
54437,lstick_y,2126
54437,rstick_x,1180
54440,lstick_x,-10342
54440,lstick_y,1579
54440,rstick_x,1180
54445,lstick_x,-10342
54445,lstick_y,1579
54445,rstick_x,1180
54453,lstick_x,-10342
54453,lstick_y,1579
54453,rstick_x,1180
54464,lstick_x,-10342
54464,lstick_y,1579
54464,rstick_x,1180
54470,lstick_x,-10342
54470,lstick_y,1579
54470,rstick_x,1180
54477,lstick_x,-10342
54477,lstick_y,1579
54477,rstick_x,1180
54480,lstick_x,-2481
54480,rstick_x,1180
54485,lstick_x,-2481
54485,rstick_x,1180
54495,lstick_x,-2138
54495,rstick_x,1180
54501,lstick_x,-2138
54501,rstick_x,1180
54506,lstick_x,-2002
54506,rstick_x,1180
54509,lstick_x,-2002
54509,rstick_x,1180
54511,lstick_x,-2002
54511,rstick_x,1180
54517,lstick_x,-2002
54517,rstick_x,1180
54520,lstick_x,-1894
54520,rstick_x,1180
54525,lstick_x,-1894
54525,rstick_x,1180
54535,lstick_x,-1894
54535,rstick_x,1180
54543,lstick_x,-1801
54543,rstick_x,1180
54551,lstick_x,-1801
54551,rstick_x,1180
54554,lstick_x,-1733
54554,rstick_x,1180
54560,lstick_x,-1733
54560,rstick_x,1180
54564,lstick_x,-1672
54564,rstick_x,1180
54573,lstick_x,-1672
54573,rstick_x,1180
54578,lstick_x,-1624
54578,rstick_x,1180
54582,lstick_x,-1624
54582,rstick_x,1180
54587,lstick_x,-1624
54587,rstick_x,1180
54590,lstick_x,-1624
54590,rstick_x,1180
54595,lstick_x,-1624
54595,rstick_x,1180
54600,lstick_x,-1624
54600,rstick_x,1180
54605,lstick_x,-1624
54605,rstick_x,1180
54611,lstick_x,-1565
54611,rstick_x,1180
54616,lstick_x,-1565
54616,rstick_x,1180
54622,lstick_x,-1565
54622,rstick_x,1180
54625,lstick_x,-1565
54625,rstick_x,1180
54628,lstick_x,-1565
54628,rstick_x,1180
54631,lstick_x,-1565
54631,rstick_x,1180
54638,lstick_x,-1521
54638,rstick_x,1180
54645,lstick_x,-1521
54645,rstick_x,1180
54653,lstick_x,-1521
54653,rstick_x,1180
54659,lstick_x,-1521
54659,rstick_x,1180
54662,lstick_x,-1521
54662,rstick_x,1180
54669,lstick_x,-1521
54669,rstick_x,1180
54672,lstick_x,-1521
54672,rstick_x,1180
54677,lstick_x,-1521
54677,rstick_x,1180
54693,lstick_x,-1521
54693,rstick_x,1180
54701,lstick_x,-1521
54701,rstick_x,1180
54709,lstick_x,-1457
54709,rstick_x,1180
54717,lstick_x,-1457
54717,rstick_x,1180
54725,lstick_x,-1457
54725,rstick_x,1180
54727,lstick_x,-1457
54727,rstick_x,1180
54730,lstick_x,-1457
54730,rstick_x,1180
54733,lstick_x,-1457
54733,rstick_x,1180
54737,lstick_x,-1457
54737,rstick_x,1180
54739,lstick_x,-1457
54739,rstick_x,1180
54750,lstick_x,-1457
54750,rstick_x,1180
54761,lstick_x,-1457
54761,rstick_x,1180
54768,lstick_x,-1457
54768,rstick_x,1180
54774,lstick_x,-1411
54774,rstick_x,1180
54780,lstick_x,-1411
54780,rstick_x,1180
54789,lstick_x,-1411
54789,rstick_x,1180
54798,lstick_x,-1411
54798,rstick_x,1180
54803,lstick_x,-1411
54803,rstick_x,1180
54806,lstick_x,-1411
54806,rstick_x,1180
54812,lstick_x,-1411
54812,rstick_x,1180
54819,lstick_x,-1411
54819,rstick_x,1180
54823,lstick_x,-1411
54823,rstick_x,1180
54829,lstick_x,-1411
54829,rstick_x,1180
54840,lstick_x,-1411
54840,rstick_x,1180
54843,lstick_x,-1361
54843,rstick_x,1180
54848,lstick_x,-1361
54848,rstick_x,1180
54853,lstick_x,-1361
54853,rstick_x,1180
54865,lstick_x,-1361
54865,rstick_x,1180
54869,lstick_x,-1361
54869,rstick_x,1180
54872,lstick_x,-1361
54872,rstick_x,1180
54876,lstick_x,-1361
54876,rstick_x,1180
54879,lstick_x,-1361
54879,rstick_x,1180
54888,lstick_x,-1361
54888,rstick_x,1180
54893,lstick_x,-1361
54893,rstick_x,1180
54903,lstick_x,-1361
54903,rstick_x,1180
54909,lstick_x,-1361
54909,rstick_x,1180
54912,lstick_x,-1361
54912,rstick_x,1180
54917,lstick_x,-1361
54917,rstick_x,1180
54921,lstick_x,-1361
54921,rstick_x,1180
54925,lstick_x,-1361
54925,rstick_x,1180
54933,lstick_x,-1361
54933,rstick_x,1180
54941,lstick_x,-1361
54941,rstick_x,1180
54944,lstick_x,-1361
54944,rstick_x,1180
54946,lstick_x,-1361
54946,rstick_x,1180
54949,lstick_x,-1361
54949,rstick_x,1180
54953,lstick_x,-1361
54953,rstick_x,1180
54960,lstick_x,-1361
54960,rstick_x,1180
54965,lstick_x,-1361
54965,rstick_x,1180
54970,lstick_x,-1361
54970,rstick_x,1180
54974,lstick_x,-1361
54974,rstick_x,1180
54977,lstick_x,-1361
54977,rstick_x,1180
54983,lstick_x,-1361
54983,rstick_x,1180
54987,lstick_x,-1361
54987,rstick_x,1180
54990,lstick_x,-1361
54990,rstick_x,1180
54998,lstick_x,-1361
54998,rstick_x,1180
55004,lstick_x,-1361
55004,rstick_x,1180
55010,lstick_x,-1361
55010,rstick_x,1180
55013,lstick_x,-1361
55013,rstick_x,1180
55018,lstick_x,-1361
55018,rstick_x,1180
55021,lstick_x,-1361
55021,rstick_x,1180
55024,lstick_x,-1361
55024,rstick_x,1180
55029,lstick_x,-1361
55029,rstick_x,1180
55037,lstick_x,-1361
55037,rstick_x,1180
55048,lstick_x,-1361
55048,rstick_x,1180
55053,lstick_x,-1361
55053,rstick_x,1180
55058,lstick_x,-1361
55058,rstick_x,1180
55061,lstick_x,-1361
55061,rstick_x,1180
55069,lstick_x,-1361
55069,rstick_x,1180
55077,lstick_x,-1361
55077,rstick_x,1180
55080,lstick_x,-1361
55080,rstick_x,1180
55085,lstick_x,-1361
55085,rstick_x,1180
55087,lstick_x,-1361
55087,rstick_x,1180
55090,lstick_x,-1361
55090,rstick_x,1180
55093,lstick_x,-1361
55093,rstick_x,1180
55101,lstick_x,-1361
55101,rstick_x,1180
55116,lstick_x,-1361
55116,rstick_x,1180
55122,lstick_x,-1361
55122,rstick_x,1180
55125,lstick_x,-1361
55125,rstick_x,1180
55133,lstick_x,-1361
55133,rstick_x,1180
55141,lstick_x,-1361
55141,rstick_x,1180
55146,lstick_x,-1361
55146,rstick_x,1180
55149,lstick_x,-1361
55149,rstick_x,1180
55153,lstick_x,-1361
55153,rstick_x,1180
55156,lstick_x,-1361
55156,rstick_x,1180
55171,lstick_x,-1361
55171,rstick_x,1180
55181,lstick_x,-1361
55181,rstick_x,1180
55188,lstick_x,-1361
55188,rstick_x,1180
55197,lstick_x,-1361
55197,rstick_x,1180
55205,lstick_x,-1361
55205,rstick_x,1180
55209,lstick_x,-1361
55209,rstick_x,1180
55213,lstick_x,-1361
55213,rstick_x,1180
55219,lstick_x,-1361
55219,rstick_x,1180
55223,lstick_x,-1361
55223,rstick_x,1180
55234,lstick_x,-1361
55234,rstick_x,1180
55241,lstick_x,-1361
55241,rstick_x,1180
55245,lstick_x,-1361
55245,rstick_x,1180
55253,lstick_x,-1361
55253,rstick_x,1180
55257,lstick_x,-1361
55257,rstick_x,1180
55261,lstick_x,-1361
55261,rstick_x,1180
55269,lstick_x,-1361
55269,rstick_x,1180
55277,lstick_x,-1361
55277,rstick_x,1180
55280,lstick_x,-1361
55280,rstick_x,1180
55285,lstick_x,-1361
55285,rstick_x,1180
55288,lstick_x,-1361
55288,rstick_x,1180
55293,lstick_x,-1361
55293,rstick_x,1180
55301,lstick_x,-1361
55301,rstick_x,1180
55312,lstick_x,-1361
55312,rstick_x,1180
55317,lstick_x,-1361
55317,rstick_x,1180
55323,lstick_x,-1361
55323,rstick_x,1180
55333,rstick_x,1180
55341,rstick_x,1180
55345,rstick_x,1180
55349,rstick_x,1180
55353,rstick_x,1180
55356,rstick_x,1180
55365,rstick_x,1180
55375,rstick_x,1180
55382,rstick_x,1180
55386,lstick_x,18793
55386,rstick_x,1180
55394,lstick_x,18793
55394,rstick_x,1180
55405,lstick_x,18793
55405,rstick_x,1180
55413,lstick_x,18793
55413,rstick_x,1180
55420,lstick_x,32767
55420,lstick_y,-1860
55420,rstick_x,1180
55423,lstick_x,32767
55423,lstick_y,-1860
55423,rstick_x,1180
55429,lstick_x,32767
55429,lstick_y,-1860
55429,rstick_x,1180
55438,lstick_x,32767
55438,lstick_y,-1860
55438,rstick_x,1180
55446,lstick_x,32767
55446,lstick_y,-1860
55446,rstick_x,1180
55452,lstick_x,32767
55452,lstick_y,-3144
55452,rstick_x,1180
55458,lstick_x,32767
55458,lstick_y,-3144
55458,rstick_x,1180
55461,lstick_x,32767
55461,lstick_y,-3144
55461,rstick_x,1180
55469,lstick_x,32767
55469,lstick_y,-3144
55469,rstick_x,1180
55473,lstick_x,32767
55473,lstick_y,-3144
55473,rstick_x,1180
55477,lstick_x,32767
55477,lstick_y,-3144
55477,rstick_x,1180
55485,lstick_x,32767
55485,lstick_y,-3612
55485,rstick_x,1180
55488,lstick_x,32767
55488,lstick_y,-3612
55488,rstick_x,1180
55491,lstick_x,32767
55491,lstick_y,-3986
55491,rstick_x,1180
55501,lstick_x,32767
55501,lstick_y,-3986
55501,rstick_x,1180
55507,lstick_x,32767
55507,lstick_y,-4291
55507,rstick_x,1180
55517,lstick_x,32767
55517,lstick_y,-4291
55517,rstick_x,1180
55522,lstick_x,32767
55522,lstick_y,-4291
55522,rstick_x,1180
55526,lstick_x,32767
55526,lstick_y,-4291
55526,rstick_x,1180
55533,lstick_x,32767
55533,lstick_y,-4541
55533,rstick_x,1180
55542,lstick_x,32767
55542,lstick_y,-4541
55542,rstick_x,1180
55547,lstick_x,32767
55547,lstick_y,-4735
55547,rstick_x,1180
55553,lstick_x,32767
55553,lstick_y,-4902
55553,rstick_x,1180
55557,lstick_x,32767
55557,lstick_y,-4902
55557,rstick_x,1180
55560,lstick_x,32767
55560,lstick_y,-4902
55560,rstick_x,1180
55570,lstick_x,32767
55570,lstick_y,-4902
55570,rstick_x,1180
55573,lstick_x,32767
55573,lstick_y,-5035
55573,rstick_x,1180
55579,lstick_x,32767
55579,lstick_y,-5035
55579,rstick_x,1180
55584,lstick_x,32767
55584,lstick_y,-5035
55584,rstick_x,1180
55587,lstick_x,32767
55587,lstick_y,-5182
55587,rstick_x,1180
55591,lstick_x,32767
55591,lstick_y,-5182
55591,rstick_x,1180
55595,lstick_x,32767
55595,lstick_y,-5182
55595,rstick_x,1180
55600,lstick_x,32767
55600,lstick_y,-5182
55600,rstick_x,1180
55603,lstick_x,32767
55603,lstick_y,-5328
55603,rstick_x,1180
55617,lstick_x,32767
55617,lstick_y,-5328
55617,rstick_x,1180
55620,lstick_x,32767
55620,lstick_y,-5490
55620,rstick_x,1180
55625,lstick_x,32767
55625,lstick_y,-5490
55625,rstick_x,1180
55628,lstick_x,32767
55628,lstick_y,-5688
55628,rstick_x,1180
55636,lstick_x,32767
55636,lstick_y,-5688
55636,rstick_x,1180
55640,lstick_x,32767
55640,lstick_y,-5688
55640,rstick_x,1180
55645,lstick_x,32767
55645,lstick_y,-5904
55645,rstick_x,1180
55656,lstick_x,32767
55656,lstick_y,-5904
55656,rstick_x,1180
55666,lstick_x,32767
55666,lstick_y,-5904
55666,rstick_x,1180
55673,lstick_x,32767
55673,lstick_y,-6094
55673,rstick_x,1180
55676,lstick_x,32767
55676,lstick_y,-6257
55676,rstick_x,1180
55685,lstick_x,32767
55685,lstick_y,-6257
55685,rstick_x,1180
55693,lstick_x,32767
55693,lstick_y,-6257
55693,rstick_x,1180
55695,lstick_x,32767
55695,lstick_y,-6388
55695,rstick_x,1180
55701,lstick_x,32767
55701,lstick_y,-6388
55701,rstick_x,1180
55704,lstick_x,32767
55704,lstick_y,-6493
55704,rstick_x,1180
55707,lstick_x,32767
55707,lstick_y,-6493
55707,rstick_x,1180
55710,lstick_x,32767
55710,lstick_y,-6493
55710,rstick_x,1180
55718,lstick_x,32767
55718,lstick_y,-6493
55718,rstick_x,1180
55728,lstick_x,32767
55728,lstick_y,-6493
55728,rstick_x,1180
55736,lstick_x,32767
55736,lstick_y,-6493
55736,rstick_x,1180
55741,lstick_x,32767
55741,lstick_y,-6684
55741,rstick_x,1180
55747,lstick_x,32767
55747,lstick_y,-6872
55747,rstick_x,1180
55752,lstick_x,32767
55752,lstick_y,-6872
55752,rstick_x,1180
55757,lstick_x,32767
55757,lstick_y,-6872
55757,rstick_x,1180
55765,lstick_x,32767
55765,lstick_y,-6872
55765,rstick_x,1180
55769,lstick_x,32767
55769,lstick_y,-7108
55769,rstick_x,1180
55773,lstick_x,32767
55773,lstick_y,-7108
55773,rstick_x,1180
55781,lstick_x,32767
55781,lstick_y,-7108
55781,rstick_x,1180
55803,lstick_x,32767
55803,lstick_y,-7108
55803,rstick_x,1180
55807,lstick_x,32767
55807,lstick_y,-7724
55807,rstick_x,1180
55810,lstick_x,32767
55810,lstick_y,-7724
55810,rstick_x,1180
55814,lstick_x,32767
55814,lstick_y,-7724
55814,rstick_x,1180
55820,lstick_x,32767
55820,lstick_y,-7724
55820,rstick_x,1180
55833,lstick_x,32767
55833,lstick_y,-7724
55833,rstick_x,1180
55837,lstick_x,32767
55837,lstick_y,-7724
55837,rstick_x,1180
55840,lstick_x,32767
55840,lstick_y,-7976
55840,rstick_x,1180
55843,lstick_x,32767
55843,lstick_y,-7976
55843,rstick_x,1180
55853,lstick_x,32767
55853,lstick_y,-7976
55853,rstick_x,1180
55856,lstick_x,32767
55856,lstick_y,-8072
55856,rstick_x,1180
55861,lstick_x,32767
55861,lstick_y,-8072
55861,rstick_x,1180
55870,lstick_x,32767
55870,lstick_y,-8143
55870,rstick_x,1180
55877,lstick_x,32767
55877,lstick_y,-8143
55877,rstick_x,1180
55887,lstick_x,32767
55887,lstick_y,-8200
55887,rstick_x,1180
55893,lstick_x,32767
55893,lstick_y,-8200
55893,rstick_x,1180
55901,lstick_x,32767
55901,lstick_y,-8200
55901,rstick_x,1180
55910,lstick_x,32767
55910,lstick_y,-8200
55910,rstick_x,1180
55913,lstick_x,32767
55913,lstick_y,-8245
55913,rstick_x,1180
55917,lstick_x,32767
55917,lstick_y,-8245
55917,rstick_x,1180
55919,lstick_x,32767
55919,lstick_y,-8245
55919,rstick_x,1180
55922,lstick_x,32767
55922,lstick_y,-8245
55922,rstick_x,1180
55925,lstick_x,32767
55925,lstick_y,-8245
55925,rstick_x,1180
55934,lstick_x,32767
55934,lstick_y,-8245
55934,rstick_x,1180
55946,lstick_x,32767
55946,lstick_y,-8245
55946,rstick_x,1180
55951,lstick_x,32767
55951,lstick_y,-8245
55951,rstick_x,1180
55957,lstick_x,32767
55957,lstick_y,-8315
55957,rstick_x,1180
55960,lstick_x,32767
55960,lstick_y,-8360
55960,rstick_x,1180
55966,lstick_x,32767
55966,lstick_y,-8360
55966,rstick_x,1180
55973,lstick_x,32767
55973,lstick_y,-8360
55973,rstick_x,1180
55977,lstick_x,32767
55977,lstick_y,-8360
55977,rstick_x,1180
55981,lstick_x,32767
55981,lstick_y,-8360
55981,rstick_x,1180
55987,lstick_x,32767
55987,lstick_y,-8360
55987,rstick_x,1180
55989,lstick_x,32767
55989,lstick_y,-8360
55989,rstick_x,1180
55992,lstick_x,32767
55992,lstick_y,-8360
55992,rstick_x,1180
55995,lstick_x,32767
55995,lstick_y,-8360
55995,rstick_x,1180
56001,lstick_x,32767
56001,lstick_y,-8360
56001,rstick_x,1180
56004,lstick_x,32767
56004,lstick_y,-8360
56004,rstick_x,1180
56016,lstick_x,32767
56016,lstick_y,-8360
56016,rstick_x,1180
56021,lstick_x,32767
56021,lstick_y,-8360
56021,rstick_x,1180
56030,lstick_x,32767
56030,lstick_y,-8360
56030,rstick_x,1180
56036,lstick_x,32767
56036,lstick_y,-8416
56036,rstick_x,1180
56045,lstick_x,32767
56045,lstick_y,-8416
56045,rstick_x,1180
56055,lstick_x,32767
56055,lstick_y,-8416
56055,rstick_x,1180
56061,lstick_x,32767
56061,lstick_y,-8416
56061,rstick_x,1180
56069,lstick_x,32767
56069,lstick_y,-8416
56069,rstick_x,1180
56072,lstick_x,32767
56072,lstick_y,-8416
56072,rstick_x,1180
56077,lstick_x,32767
56077,lstick_y,-8416
56077,rstick_x,1180
56089,lstick_x,32767
56089,lstick_y,-8416
56089,rstick_x,1180
56093,lstick_x,32767
56093,lstick_y,-8416
56093,rstick_x,1180
56103,lstick_x,32767
56103,lstick_y,-8416
56103,rstick_x,1180
56110,lstick_x,32767
56110,lstick_y,-8416
56110,rstick_x,1180
56113,lstick_x,32767
56113,lstick_y,-8416
56113,rstick_x,1180
56117,lstick_x,32767
56117,lstick_y,-8416
56117,rstick_x,1180
56120,lstick_x,32767
56120,lstick_y,-8416
56120,rstick_x,1180
56125,lstick_x,32767
56125,lstick_y,-8416
56125,rstick_x,1180
56133,lstick_x,32767
56133,lstick_y,-8416
56133,rstick_x,1180
56136,lstick_x,32767
56136,lstick_y,-8416
56136,rstick_x,1180
56140,lstick_x,32767
56140,lstick_y,-8416
56140,rstick_x,1180
56146,lstick_x,32767
56146,lstick_y,-8416
56146,rstick_x,1180
56153,lstick_x,32767
56153,lstick_y,-8416
56153,rstick_x,1180
56156,lstick_x,32767
56156,lstick_y,-8416
56156,rstick_x,1180
56167,lstick_x,32767
56167,lstick_y,-8416
56167,rstick_x,1180
56179,lstick_x,32767
56179,lstick_y,-8416
56179,rstick_x,1180
56185,lstick_x,32767
56185,lstick_y,-8416
56185,rstick_x,1180
56190,lstick_x,32767
56190,lstick_y,-8416
56190,rstick_x,1180
56192,lstick_x,32767
56192,lstick_y,-8416
56192,rstick_x,1180
56197,lstick_x,32767
56197,lstick_y,-8416
56197,rstick_x,1180
56207,lstick_x,32767
56207,lstick_y,-8416
56207,rstick_x,1180
56213,lstick_x,32767
56213,lstick_y,-8416
56213,rstick_x,1180
56221,lstick_x,32767
56221,lstick_y,-8416
56221,rstick_x,1180
56225,lstick_x,32767
56225,lstick_y,-8416
56225,rstick_x,1180
56229,lstick_x,32767
56229,lstick_y,-8416
56229,rstick_x,1180
56237,lstick_x,32767
56237,lstick_y,-8416
56237,rstick_x,1180
56246,lstick_x,32767
56246,lstick_y,-8416
56246,rstick_x,1180
56253,lstick_x,32767
56253,lstick_y,-8416
56253,rstick_x,1180
56260,lstick_x,32767
56260,lstick_y,-8458
56260,rstick_x,1180
56269,lstick_x,32767
56269,lstick_y,-8458
56269,rstick_x,1180
56277,lstick_x,32767
56277,lstick_y,-8458
56277,rstick_x,1180
56280,lstick_x,32767
56280,lstick_y,-8458
56280,rstick_x,1180
56285,lstick_x,32767
56285,lstick_y,-8458
56285,rstick_x,1180
56287,lstick_x,32115
56287,lstick_y,-8458
56287,rstick_x,1180
56290,lstick_x,32115
56290,lstick_y,-8458
56290,rstick_x,1180
56293,lstick_x,32115
56293,lstick_y,-8458
56293,rstick_x,1180
56302,lstick_x,32115
56302,lstick_y,-8458
56302,rstick_x,1180
56309,lstick_x,32115
56309,lstick_y,-8458
56309,rstick_x,1180
56315,lstick_x,23379
56315,lstick_y,-8221
56315,rstick_x,1180
56319,lstick_x,15656
56319,lstick_y,-7536
56319,rstick_x,1180
56325,lstick_x,15656
56325,lstick_y,-7536
56325,rstick_x,1180
56333,lstick_x,15656
56333,lstick_y,-7536
56333,rstick_x,1180
56337,lstick_x,8768
56337,lstick_y,-6594
56337,rstick_x,1180
56341,lstick_x,8768
56341,lstick_y,-6594
56341,rstick_x,1180
56344,lstick_x,8768
56344,lstick_y,-6594
56344,rstick_x,1180
56348,lstick_x,7557
56348,lstick_y,-5453
56348,rstick_x,1180
56353,lstick_x,7557
56353,lstick_y,-5453
56353,rstick_x,1180
56362,lstick_x,7557
56362,lstick_y,-5453
56362,rstick_x,1180
56365,lstick_x,6299
56365,lstick_y,-4451
56365,rstick_x,1180
56370,lstick_x,6299
56370,lstick_y,-4451
56370,rstick_x,1180
56373,lstick_x,6299
56373,lstick_y,-4451
56373,rstick_x,1180
56381,lstick_x,5281
56381,lstick_y,-3650
56381,rstick_x,1180
56389,lstick_x,5281
56389,lstick_y,-3650
56389,rstick_x,1180
56398,lstick_x,5281
56398,lstick_y,-3650
56398,rstick_x,1180
56403,lstick_x,4449
56403,lstick_y,-3010
56403,rstick_x,1180
56406,lstick_x,4449
56406,lstick_y,-3010
56406,rstick_x,1180
56413,lstick_x,3730
56413,lstick_y,-2499
56413,rstick_x,1180
56421,lstick_x,3730
56421,lstick_y,-2499
56421,rstick_x,1180
56430,lstick_x,3730
56430,lstick_y,-2499
56430,rstick_x,1180
56437,lstick_x,3120
56437,lstick_y,-2091
56437,rstick_x,1180
56445,lstick_x,3120
56445,lstick_y,-2091
56445,rstick_x,1180
56453,lstick_x,3120
56453,lstick_y,-2091
56453,rstick_x,1180
56460,lstick_x,2596
56460,lstick_y,-1765
56460,rstick_x,1180
56463,lstick_x,2596
56463,lstick_y,-1765
56463,rstick_x,1180
56469,lstick_x,2596
56469,lstick_y,-1765
56469,rstick_x,1180
56472,lstick_x,2147
56472,lstick_y,-1500
56472,rstick_x,1180
56479,lstick_x,2147
56479,lstick_y,-1500
56479,rstick_x,1180
56485,lstick_x,2147
56485,lstick_y,-1500
56485,rstick_x,1180
56494,lstick_x,2147
56494,lstick_y,-1500
56494,rstick_x,1180
56501,lstick_x,1457
56501,lstick_y,-1123
56501,rstick_x,1180
56504,lstick_x,1457
56504,lstick_y,-1123
56504,rstick_x,1180
56509,lstick_x,1457
56509,lstick_y,-1123
56509,rstick_x,1180
56517,lstick_x,1457
56517,lstick_y,-1123
56517,rstick_x,1180
56522,lstick_x,1457
56522,lstick_y,-1123
56522,rstick_x,1180
56525,lstick_x,1457
56525,lstick_y,-1123
56525,rstick_x,1180
56529,lstick_x,1201
56529,rstick_x,1180
56537,lstick_x,1201
56537,rstick_x,1180
56544,lstick_x,1201
56544,rstick_x,1180
56549,rstick_x,1180
56557,rstick_x,1180
56563,rstick_x,1180
56566,rstick_x,1180
56573,rstick_x,1180
56581,rstick_x,1180
56586,rstick_x,1180
56590,rstick_x,1180
56593,rstick_x,1180
56597,rstick_x,1180
56605,rstick_x,1180
56611,rstick_x,1180
56614,rstick_x,1180
56620,rstick_x,1180
56624,rstick_x,1180
56629,rstick_x,1180
56640,rstick_x,1180
56644,rstick_x,1180
56648,rstick_x,1180
56651,rstick_x,1180
56655,rstick_x,1180
56658,rstick_x,1180
56661,rstick_x,1180
56669,rstick_x,1180
56678,rstick_x,1180
56685,rstick_x,1180
56694,rstick_x,1180
56701,rstick_x,1180
56707,lstick_x,-10112
56707,rstick_x,1180
56719,lstick_x,-10112
56719,rstick_x,1180
56729,lstick_x,-10112
56729,rstick_x,1180
56733,lstick_x,-10112
56733,rstick_x,1180
56736,lstick_x,-32252
56736,lstick_y,1362
56736,rstick_x,1180
56741,lstick_x,-32252
56741,lstick_y,1362
56741,rstick_x,1180
56751,lstick_x,-32252
56751,lstick_y,1362
56751,rstick_x,1180
56756,lstick_x,-32768
56756,lstick_y,2410
56756,rstick_x,1180
56768,lstick_x,-32768
56768,lstick_y,2410
56768,rstick_x,1180
56778,lstick_x,-32768
56778,lstick_y,2410
56778,rstick_x,1180
56781,lstick_x,-32768
56781,lstick_y,2410
56781,rstick_x,1180
56789,lstick_x,-32768
56789,lstick_y,2410
56789,rstick_x,1180
56797,lstick_x,-32768
56797,lstick_y,2410
56797,rstick_x,1180
56801,lstick_x,-32768
56801,lstick_y,4430
56801,rstick_x,1180
56804,lstick_x,-32768
56804,lstick_y,4430
56804,rstick_x,1180
56821,lstick_x,-32768
56821,lstick_y,4430
56821,rstick_x,1180
56827,lstick_x,-32768
56827,lstick_y,5180
56827,rstick_x,1180
56831,lstick_x,-32768
56831,lstick_y,5180
56831,rstick_x,1180
56837,lstick_x,-32768
56837,lstick_y,5180
56837,rstick_x,1180
56841,lstick_x,-32768
56841,lstick_y,5441
56841,rstick_x,1180
56845,lstick_x,-32768
56845,lstick_y,5441
56845,rstick_x,1180
56853,lstick_x,-32768
56853,lstick_y,5441
56853,rstick_x,1180
56858,lstick_x,-32768
56858,lstick_y,5656
56858,rstick_x,1180
56863,lstick_x,-32768
56863,lstick_y,5656
56863,rstick_x,1180
56869,lstick_x,-32768
56869,lstick_y,5656
56869,rstick_x,1180
56877,lstick_x,-32768
56877,lstick_y,5656
56877,rstick_x,1180
56881,lstick_x,-32768
56881,lstick_y,5828
56881,rstick_x,1180
56887,lstick_x,-32768
56887,lstick_y,5965
56887,rstick_x,1180
56893,lstick_x,-32768
56893,lstick_y,5965
56893,rstick_x,1180
56901,lstick_x,-32768
56901,lstick_y,5965
56901,rstick_x,1180
56904,lstick_x,-32768
56904,lstick_y,6075
56904,rstick_x,1180
56909,lstick_x,-32768
56909,lstick_y,6075
56909,rstick_x,1180
56917,lstick_x,-32768
56917,lstick_y,6075
56917,rstick_x,1180
56920,lstick_x,-32768
56920,lstick_y,6163
56920,rstick_x,1180
56924,lstick_x,-32768
56924,lstick_y,6163
56924,rstick_x,1180
56931,lstick_x,-32768
56931,lstick_y,6163
56931,rstick_x,1180
56941,lstick_x,-32768
56941,lstick_y,6163
56941,rstick_x,1180
56954,lstick_x,-32768
56954,lstick_y,6163
56954,rstick_x,1180
56961,lstick_x,-32768
56961,lstick_y,6163
56961,rstick_x,1180
56964,lstick_x,-32768
56964,lstick_y,6334
56964,rstick_x,1180
56967,lstick_x,-32768
56967,lstick_y,6334
56967,rstick_x,1180
56970,lstick_x,-32768
56970,lstick_y,6334
56970,rstick_x,1180
56981,lstick_x,-32768
56981,lstick_y,6334
56981,rstick_x,1180
56992,lstick_x,-32768
56992,lstick_y,6334
56992,rstick_x,1180
56997,lstick_x,-32768
56997,lstick_y,6334
56997,rstick_x,1180
57003,lstick_x,-32768
57003,lstick_y,6399
57003,rstick_x,1180
57006,lstick_x,-32768
57006,lstick_y,6399
57006,rstick_x,1180
57016,lstick_x,-32768
57016,lstick_y,6399
57016,rstick_x,1180
57027,lstick_x,-32768
57027,lstick_y,6399
57027,rstick_x,1180
57034,lstick_x,-32768
57034,lstick_y,6399
57034,rstick_x,1180
57043,lstick_x,-32768
57043,lstick_y,6399
57043,rstick_x,1180
57050,lstick_x,-32415
57050,lstick_y,6002
57050,rstick_x,1180
57054,lstick_x,-31136
57054,lstick_y,5258
57054,rstick_x,1180
57061,lstick_x,-31136
57061,lstick_y,5258
57061,rstick_x,1180
57070,lstick_x,-31136
57070,lstick_y,5258
57070,rstick_x,1180
57077,lstick_x,-20327
57077,lstick_y,4271
57077,rstick_x,1180
57080,lstick_x,-19228
57080,lstick_y,3258
57080,rstick_x,1180
57085,lstick_x,-19228
57085,lstick_y,3258
57085,rstick_x,1180
57088,lstick_x,-19228
57088,lstick_y,3258
57088,rstick_x,1180
57092,lstick_x,-19228
57092,lstick_y,3258
57092,rstick_x,1180
57096,lstick_x,-19228
57096,lstick_y,3258
57096,rstick_x,1180
57102,lstick_x,-19228
57102,lstick_y,3258
57102,rstick_x,1180
57109,lstick_x,-19228
57109,lstick_y,3258
57109,rstick_x,1180
57120,lstick_x,-19228
57120,lstick_y,3258
57120,rstick_x,1180
57128,lstick_x,-19228
57128,lstick_y,3258
57128,rstick_x,1180
57131,lstick_x,-8596
57131,lstick_y,1044
57131,rstick_x,1180
57134,lstick_x,-8596
57134,lstick_y,1044
57134,rstick_x,1180
57137,lstick_x,-8596
57137,lstick_y,1044
57137,rstick_x,1180
57141,lstick_x,-8596
57141,lstick_y,1044
57141,rstick_x,1180
57150,lstick_x,-8596
57150,lstick_y,1044
57150,rstick_x,1180
57157,lstick_x,-8596
57157,lstick_y,1044
57157,rstick_x,1180
57160,lstick_x,-5818
57160,rstick_x,1180
57166,lstick_x,-5818
57166,rstick_x,1180
57173,lstick_x,-5818
57173,rstick_x,1180
57182,lstick_x,-5818
57182,rstick_x,1180
57189,lstick_x,-5818
57189,rstick_x,1180
57194,lstick_x,-4637
57194,rstick_x,1180
57201,lstick_x,-4637
57201,rstick_x,1180
57205,lstick_x,-4637
57205,rstick_x,1180
57213,lstick_x,-4637
57213,rstick_x,1180
57220,lstick_x,-3779
57220,rstick_x,1180
57223,lstick_x,-3779
57223,rstick_x,1180
57229,lstick_x,-3779
57229,rstick_x,1180
57237,lstick_x,-3779
57237,rstick_x,1180
57247,lstick_x,-3779
57247,rstick_x,1180
57253,lstick_x,-3779
57253,rstick_x,1180
57257,lstick_x,-2994
57257,rstick_x,1180
57261,lstick_x,-2994
57261,rstick_x,1180
57269,lstick_x,-2645
57269,rstick_x,1180
57285,lstick_x,-2645
57285,rstick_x,1180
57289,lstick_x,-2342
57289,rstick_x,1180
57293,lstick_x,-2087
57293,rstick_x,1180
57301,lstick_x,-2087
57301,rstick_x,1180
57312,lstick_x,-2087
57312,rstick_x,1180
57320,lstick_x,-1895
57320,rstick_x,1180
57325,lstick_x,-1895
57325,rstick_x,1180
57330,lstick_x,-1895
57330,rstick_x,1180
57344,lstick_x,-1895
57344,rstick_x,1180
57349,lstick_x,-9488
57349,rstick_x,1180
57356,lstick_x,-10711
57356,rstick_x,1180
57366,lstick_x,-10711
57366,rstick_x,1180
57370,lstick_x,-21069
57370,rstick_x,1180
57373,lstick_x,-21069
57373,rstick_x,1180
57381,lstick_x,-21069
57381,rstick_x,1180
57389,lstick_x,-21069
57389,rstick_x,1180
57395,lstick_x,-21923
57395,rstick_x,1180
57405,lstick_x,-21923
57405,rstick_x,1180
57413,lstick_x,-21923
57413,rstick_x,1180
57420,lstick_x,-32768
57420,lstick_y,1826
57420,rstick_x,1180
57423,lstick_x,-32768
57423,lstick_y,1826
57423,rstick_x,1180
57429,lstick_x,-32768
57429,lstick_y,1826
57429,rstick_x,1180
57437,lstick_x,-32768
57437,lstick_y,1826
57437,rstick_x,1180
57448,lstick_x,-32768
57448,lstick_y,1826
57448,rstick_x,1180
57453,lstick_x,-32768
57453,lstick_y,3164
57453,rstick_x,1180
57457,lstick_x,-32768
57457,lstick_y,3640
57457,rstick_x,1180
57463,lstick_x,-32768
57463,lstick_y,3640
57463,rstick_x,1180
57471,lstick_x,-32768
57471,lstick_y,3640
57471,rstick_x,1180
57477,lstick_x,-32768
57477,lstick_y,3640
57477,rstick_x,1180
57481,lstick_x,-32768
57481,lstick_y,4020
57481,rstick_x,1180
57485,lstick_x,-32768
57485,lstick_y,4020
57485,rstick_x,1180
57488,lstick_x,-32768
57488,lstick_y,4020
57488,rstick_x,1180
57491,lstick_x,-32768
57491,lstick_y,4020
57491,rstick_x,1180
57501,lstick_x,-32768
57501,lstick_y,4020
57501,rstick_x,1180
57512,lstick_x,-32768
57512,lstick_y,4020
57512,rstick_x,1180
57518,lstick_x,-32768
57518,lstick_y,4020
57518,rstick_x,1180
57520,lstick_x,-32768
57520,lstick_y,4324
57520,rstick_x,1180
57525,lstick_x,-32768
57525,lstick_y,4324
57525,rstick_x,1180
57539,lstick_x,-32768
57539,lstick_y,4324
57539,rstick_x,1180
57555,lstick_x,-32768
57555,lstick_y,4568
57555,rstick_x,1180
57560,lstick_x,-32768
57560,lstick_y,4568
57560,rstick_x,1180
57565,lstick_x,-32768
57565,lstick_y,4568
57565,rstick_x,1180
57568,lstick_x,-32768
57568,lstick_y,4763
57568,rstick_x,1180
57571,lstick_x,-32768
57571,lstick_y,4763
57571,rstick_x,1180
57589,lstick_x,-32768
57589,lstick_y,4763
57589,rstick_x,1180
57591,lstick_x,-23502
57591,lstick_y,4172
57591,rstick_x,1180
57597,lstick_x,-23502
57597,lstick_y,4172
57597,rstick_x,1180
57605,lstick_x,-23502
57605,lstick_y,4172
57605,rstick_x,1180
57613,lstick_x,-23502
57613,lstick_y,4172
57613,rstick_x,1180
57617,lstick_x,-22338
57617,lstick_y,3403
57617,rstick_x,1180
57622,lstick_x,-22338
57622,lstick_y,3403
57622,rstick_x,1180
57629,lstick_x,-22338
57629,lstick_y,3403
57629,rstick_x,1180
57637,lstick_x,-11258
57637,lstick_y,1953
57637,rstick_x,1180
57644,lstick_x,-11258
57644,lstick_y,1953
57644,rstick_x,1180
57647,lstick_x,-11258
57647,lstick_y,1953
57647,rstick_x,1180
57653,lstick_x,-11258
57653,lstick_y,1953
57653,rstick_x,1180
57656,lstick_x,-2054
57656,lstick_y,1358
57656,rstick_x,1180
57661,lstick_x,-2054
57661,lstick_y,1358
57661,rstick_x,1180
57669,lstick_x,-2054
57669,lstick_y,1358
57669,rstick_x,1180
57677,lstick_x,-2054
57677,lstick_y,1358
57677,rstick_x,1180
57679,lstick_x,-1822
57679,rstick_x,1180
57685,lstick_x,-1822
57685,rstick_x,1180
57693,lstick_x,-1423
57693,rstick_x,1180
57702,lstick_x,-1423
57702,rstick_x,1180
57705,lstick_x,-1275
57705,rstick_x,1180
57708,lstick_x,-1275
57708,rstick_x,1180
57717,lstick_x,-1275
57717,rstick_x,1180
57725,lstick_x,-1275
57725,rstick_x,1180
57733,lstick_x,-1275
57733,rstick_x,1180
57736,lstick_x,-1062
57736,rstick_x,1180
57742,lstick_x,-1062
57742,rstick_x,1180
57749,lstick_x,-1062
57749,rstick_x,1180
57757,lstick_x,-1062
57757,rstick_x,1180
57765,rstick_x,1180
57772,rstick_x,1180
57780,rstick_x,1180
57786,rstick_x,1180
57789,rstick_x,1180
57801,rstick_x,1180
57805,rstick_x,1180
57808,lstick_x,-1314
57808,rstick_x,1180
57814,lstick_x,-1314
57814,rstick_x,1180
57821,lstick_x,-1314
57821,rstick_x,1180
57829,lstick_x,-1314
57829,rstick_x,1180
57836,lstick_x,-18630
57836,rstick_x,1180
57848,lstick_x,-18630
57848,rstick_x,1180
57853,lstick_x,-18630
57853,rstick_x,1180
57857,lstick_x,-27566
57857,lstick_y,1886
57857,rstick_x,1180
57859,lstick_x,-27566
57859,lstick_y,1886
57859,rstick_x,1180
57869,lstick_x,-27566
57869,lstick_y,1886
57869,rstick_x,1180
57878,lstick_x,-27566
57878,lstick_y,1886
57878,rstick_x,1180
57885,lstick_x,-32768
57885,lstick_y,3729
57885,rstick_x,1180
57893,lstick_x,-32768
57893,lstick_y,3729
57893,rstick_x,1180
57903,lstick_x,-32768
57903,lstick_y,3729
57903,rstick_x,1180
57911,lstick_x,-32768
57911,lstick_y,5019
57911,rstick_x,1180
57920,lstick_x,-32768
57920,lstick_y,5019
57920,rstick_x,1180
57925,lstick_x,-32768
57925,lstick_y,5019
57925,rstick_x,1180
57930,lstick_x,-32768
57930,lstick_y,5478
57930,rstick_x,1180
57937,lstick_x,-32768
57937,lstick_y,5478
57937,rstick_x,1180
57944,lstick_x,-32768
57944,lstick_y,5478
57944,rstick_x,1180
57952,lstick_x,-32768
57952,lstick_y,5478
57952,rstick_x,1180
57957,lstick_x,-32768
57957,lstick_y,5478
57957,rstick_x,1180
57965,lstick_x,-32768
57965,lstick_y,6145
57965,rstick_x,1180
57980,lstick_x,-32768
57980,lstick_y,6145
57980,rstick_x,1180
57987,lstick_x,-32768
57987,lstick_y,6560
57987,rstick_x,1180
57997,lstick_x,-32768
57997,lstick_y,6560
57997,rstick_x,1180
58005,lstick_x,-32768
58005,lstick_y,6560
58005,rstick_x,1180
58009,lstick_x,-32768
58009,lstick_y,6647
58009,rstick_x,1180
58012,lstick_x,-32768
58012,lstick_y,6647
58012,rstick_x,1180
58014,lstick_x,-32768
58014,lstick_y,6647
58014,rstick_x,1180
58020,lstick_x,-32768
58020,lstick_y,6647
58020,rstick_x,1180
58023,lstick_x,-32768
58023,lstick_y,6647
58023,rstick_x,1180
58029,lstick_x,-32768
58029,lstick_y,6647
58029,rstick_x,1180
58044,lstick_x,-32768
58044,lstick_y,6647
58044,rstick_x,1180
58053,lstick_x,-31548
58053,lstick_y,6347
58053,rstick_x,1180
58061,lstick_x,-31548
58061,lstick_y,6347
58061,rstick_x,1180
58069,lstick_x,-31548
58069,lstick_y,6347
58069,rstick_x,1180
58073,lstick_x,-13172
58073,lstick_y,4533
58073,rstick_x,1180
58078,lstick_x,-13172
58078,lstick_y,4533
58078,rstick_x,1180
58081,lstick_x,-13172
58081,lstick_y,4533
58081,rstick_x,1180
58085,lstick_x,-13172
58085,lstick_y,4533
58085,rstick_x,1180
58088,lstick_x,-13172
58088,lstick_y,4533
58088,rstick_x,1180
58090,lstick_x,-13172
58090,lstick_y,4533
58090,rstick_x,1180
58093,lstick_x,-13172
58093,lstick_y,4533
58093,rstick_x,1180
58101,lstick_x,-13172
58101,lstick_y,4533
58101,rstick_x,1180
58109,lstick_x,-13172
58109,lstick_y,4533
58109,rstick_x,1180
58114,lstick_x,-2541
58114,lstick_y,1781
58114,rstick_x,1180
58119,lstick_x,-2247
58119,lstick_y,1227
58119,rstick_x,1180
58125,lstick_x,-2247
58125,lstick_y,1227
58125,rstick_x,1180
58133,lstick_x,-2247
58133,lstick_y,1227
58133,rstick_x,1180
58141,lstick_x,-2247
58141,lstick_y,1227
58141,rstick_x,1180
58144,lstick_x,-1952
58144,rstick_x,1180
58147,lstick_x,-1952
58147,rstick_x,1180
58153,lstick_x,-1952
58153,rstick_x,1180
58157,lstick_x,-1952
58157,rstick_x,1180
58166,lstick_x,-1952
58166,rstick_x,1180
58174,lstick_x,-1952
58174,rstick_x,1180
58180,lstick_x,-1137
58180,rstick_x,1180
58186,lstick_x,-1137
58186,rstick_x,1180
58197,lstick_x,-1137
58197,rstick_x,1180
58205,lstick_x,-1137
58205,rstick_x,1180
58210,rstick_x,1180
58213,rstick_x,1180
58219,rstick_x,1180
58223,rstick_x,1180
58238,rstick_x,1180
58245,rstick_x,1180
58248,rstick_x,1180
58253,rstick_x,1180
58261,rstick_x,1180
58269,rstick_x,1180
58276,rstick_x,1180
58279,rstick_x,1180
58285,rstick_x,1180
58287,rstick_x,1180
58290,rstick_x,1180
58293,rstick_x,1180
58302,rstick_x,1180
58312,rstick_x,1180
58315,rstick_x,1180
58320,rstick_x,1180
58325,rstick_x,1180
58333,rstick_x,1180
58341,rstick_x,1180
58344,rstick_x,1180
58348,rstick_x,1180
58353,rstick_x,1180
58356,rstick_x,1180
58367,rstick_x,1180
58373,rstick_x,1180
58380,rstick_x,1180
58387,rtrigger,4159
58387,rstick_x,1180
58397,rtrigger,4159
58397,rstick_x,1180
58405,rtrigger,4159
58405,rstick_x,1180
58408,rtrigger,15295
58408,rstick_x,1180
58412,rtrigger,15295
58412,rstick_x,1180
58419,rtrigger,30655
58419,rstick_x,1180
58423,rtrigger,30655
58423,rstick_x,1180
58429,rtrigger,30655
58429,rstick_x,1180
58437,rtrigger,30655
58437,rstick_x,1180
58445,rtrigger,30655
58445,rstick_x,1180
58453,rtrigger,32767
58453,rstick_x,1180
58461,rtrigger,32767
58461,rstick_x,1180
58469,rtrigger,32767
58469,rstick_x,1180
58473,rtrigger,32767
58473,rstick_x,1180
58476,rtrigger,32767
58476,rstick_x,1180
58480,rtrigger,32767
58480,rstick_x,1180
58485,rtrigger,32767
58485,rstick_x,1180
58494,rtrigger,32767
58494,rstick_x,1180
58503,rtrigger,32767
58503,rstick_x,1180
58509,rtrigger,32767
58509,rstick_x,1180
58515,rtrigger,32767
58515,lstick_x,1782
58515,rstick_x,1180
58525,rtrigger,32767
58525,lstick_x,1782
58525,rstick_x,1180
58533,rtrigger,32767
58533,lstick_x,1782
58533,rstick_x,1180
58540,rtrigger,32767
58540,lstick_x,9123
58540,rstick_x,1180
58543,rtrigger,32767
58543,lstick_x,9123
58543,rstick_x,1180
58546,rtrigger,32767
58546,lstick_x,9123
58546,rstick_x,1180
58549,rtrigger,32767
58549,lstick_x,9123
58549,rstick_x,1180
58559,rtrigger,32767
58559,lstick_x,9123
58559,rstick_x,1180
58565,rtrigger,32767
58565,lstick_x,9123
58565,rstick_x,1180
58573,rtrigger,32767
58573,lstick_x,9123
58573,rstick_x,1180
58579,rtrigger,32767
58579,lstick_x,9123
58579,rstick_x,1180
58589,rtrigger,32767
58589,lstick_x,9123
58589,rstick_x,1180
58597,rtrigger,32767
58597,lstick_x,9123
58597,rstick_x,1180
58604,rtrigger,32767
58604,lstick_x,9123
58604,rstick_x,1180
58606,rtrigger,32767
58606,lstick_x,9123
58606,rstick_x,1180
58610,rtrigger,32767
58610,lstick_x,9123
58610,rstick_x,1180
58613,rtrigger,32767
58613,lstick_x,9123
58613,rstick_x,1180
58622,rtrigger,32767
58622,lstick_x,9123
58622,rstick_x,1180
58627,rtrigger,32767
58627,lstick_x,21856
58627,lstick_y,-5758
58627,rstick_x,1180
58632,rtrigger,32767
58632,lstick_x,21856
58632,lstick_y,-5758
58632,rstick_x,1180
58637,rtrigger,32767
58637,lstick_x,21856
58637,lstick_y,-5758
58637,rstick_x,1180
58645,rtrigger,32767
58645,lstick_x,30432
58645,lstick_y,-12593
58645,rstick_x,1180
58653,rtrigger,32767
58653,lstick_x,30432
58653,lstick_y,-12593
58653,rstick_x,1180
58661,rtrigger,32767
58661,lstick_x,30432
58661,lstick_y,-12593
58661,rstick_x,1180
58669,rtrigger,32767
58669,lstick_x,30432
58669,lstick_y,-12593
58669,rstick_x,1180
58671,rtrigger,32767
58671,lstick_x,30774
58671,lstick_y,-12788
58671,rstick_x,1180
58677,rtrigger,32767
58677,lstick_x,30774
58677,lstick_y,-12788
58677,rstick_x,1180
58688,rtrigger,32767
58688,lstick_x,30774
58688,lstick_y,-12788
58688,rstick_x,1180
58693,rtrigger,32767
58693,lstick_x,30774
58693,lstick_y,-12788
58693,rstick_x,1180
58698,rtrigger,32767
58698,lstick_x,30774
58698,lstick_y,-12788
58698,rstick_x,1180
58702,rtrigger,32767
58702,lstick_x,30774
58702,lstick_y,-12788
58702,rstick_x,1180
58706,rtrigger,32767
58706,lstick_x,30774
58706,lstick_y,-12788
58706,rstick_x,1180
58709,rtrigger,32767
58709,lstick_x,30774
58709,lstick_y,-12788
58709,rstick_x,1180
58717,rtrigger,32767
58717,lstick_x,30774
58717,lstick_y,-12788
58717,rstick_x,1180
58725,rtrigger,32767
58725,lstick_x,30774
58725,lstick_y,-12788
58725,rstick_x,1180
58727,rtrigger,32767
58727,lstick_x,30774
58727,lstick_y,-12788
58727,rstick_x,1180
58733,rtrigger,32767
58733,lstick_x,30774
58733,lstick_y,-12788
58733,rstick_x,1180
58737,rtrigger,32767
58737,lstick_x,30774
58737,lstick_y,-12788
58737,rstick_x,1180
58740,rtrigger,32767
58740,lstick_x,30774
58740,lstick_y,-12788
58740,rstick_x,1180
58751,rtrigger,32767
58751,lstick_x,30774
58751,lstick_y,-12788
58751,rstick_x,1180
58761,rtrigger,32767
58761,lstick_x,30774
58761,lstick_y,-12788
58761,rstick_x,1180
58766,rtrigger,32767
58766,lstick_x,31798
58766,lstick_y,-13383
58766,rstick_x,1180
58770,rtrigger,32767
58770,lstick_x,31798
58770,lstick_y,-13383
58770,rstick_x,1180
58781,rtrigger,32767
58781,lstick_x,31798
58781,lstick_y,-13383
58781,rstick_x,1180
58789,rtrigger,32767
58789,lstick_x,31798
58789,lstick_y,-13383
58789,rstick_x,1180
58791,rtrigger,32767
58791,lstick_x,31981
58791,lstick_y,-13488
58791,rstick_x,1180
58795,rtrigger,32767
58795,lstick_x,31981
58795,lstick_y,-13488
58795,rstick_x,1180
58803,rtrigger,32767
58803,lstick_x,31981
58803,lstick_y,-13488
58803,rstick_x,1180
58807,rtrigger,32767
58807,lstick_x,31981
58807,lstick_y,-13488
58807,rstick_x,1180
58815,rtrigger,32767
58815,lstick_x,31981
58815,lstick_y,-13488
58815,rstick_x,1180
58823,rtrigger,32767
58823,lstick_x,31981
58823,lstick_y,-13488
58823,rstick_x,1180
58829,rtrigger,32767
58829,lstick_x,31981
58829,lstick_y,-13488
58829,rstick_x,1180
58833,rtrigger,32767
58833,lstick_x,32044
58833,lstick_y,-13539
58833,rstick_x,1180
58836,rtrigger,32767
58836,lstick_x,32044
58836,lstick_y,-13539
58836,rstick_x,1180
58845,rtrigger,32767
58845,lstick_x,32044
58845,lstick_y,-13539
58845,rstick_x,1180
58855,rtrigger,32767
58855,lstick_x,32044
58855,lstick_y,-13539
58855,rstick_x,1180
58860,rtrigger,32767
58860,lstick_x,32044
58860,lstick_y,-13539
58860,rstick_x,1180
58863,rtrigger,32767
58863,lstick_x,32044
58863,lstick_y,-13539
58863,rstick_x,1180
58869,rtrigger,32767
58869,lstick_x,32044
58869,lstick_y,-13539
58869,rstick_x,1180
58871,rtrigger,32767
58871,lstick_x,32044
58871,lstick_y,-13539
58871,rstick_x,1180
58877,rtrigger,32767
58877,lstick_x,32044
58877,lstick_y,-13539
58877,rstick_x,1180
58885,rtrigger,32767
58885,lstick_x,32044
58885,lstick_y,-13539
58885,rstick_x,1180
58893,rtrigger,32767
58893,lstick_x,32044
58893,lstick_y,-13539
58893,rstick_x,1180
58896,rtrigger,32767
58896,lstick_x,8562
58896,lstick_y,-4046
58896,rstick_x,1180
58902,rtrigger,32767
58902,lstick_x,8562
58902,lstick_y,-4046
58902,rstick_x,1180
58909,rtrigger,32767
58909,lstick_x,8562
58909,lstick_y,-4046
58909,rstick_x,1180
58917,rtrigger,32767
58917,lstick_x,8562
58917,lstick_y,-4046
58917,rstick_x,1180
58925,rtrigger,32767
58925,lstick_x,8562
58925,lstick_y,-4046
58925,rstick_x,1180
58929,rtrigger,13471
58929,lstick_y,-2941
58929,rstick_x,1180
58932,rtrigger,13471
58932,lstick_y,-2941
58932,rstick_x,1180
58936,rtrigger,13471
58936,lstick_y,-2941
58936,rstick_x,1180
58940,rtrigger,13471
58940,lstick_y,-2941
58940,rstick_x,1180
58949,rtrigger,13471
58949,lstick_y,-2941
58949,rstick_x,1180
58963,rtrigger,13471
58963,lstick_y,-2941
58963,rstick_x,1180
58970,lstick_y,-2394
58970,rstick_x,1180
58974,lstick_y,-2394
58974,rstick_x,1180
58981,lstick_y,-2394
58981,rstick_x,1180
58989,lstick_y,-2394
58989,rstick_x,1180
58994,lstick_y,-2394
58994,rstick_x,1180
58998,lstick_y,-2394
58998,rstick_x,1180
59003,lstick_y,-2394
59003,rstick_x,1180
59007,lstick_y,-2394
59007,rstick_x,1180
59014,lstick_y,-2394
59014,rstick_x,1180
59023,lstick_y,-2394
59023,rstick_x,1180
59030,lstick_y,-2394
59030,rstick_x,1180
59036,lstick_y,-2394
59036,rstick_x,1180
59045,lstick_y,-2394
59045,rstick_x,1180
59053,lstick_y,-2394
59053,rstick_x,1180
59061,lstick_y,-2394
59061,rstick_x,1180
59063,lstick_y,-1614
59063,rstick_x,1180
59069,lstick_y,-1614
59069,rstick_x,1180
59072,lstick_y,-1614
59072,rstick_x,1180
59079,lstick_y,-1614
59079,rstick_x,1180
59087,lstick_y,-1614
59087,rstick_x,1180
59093,lstick_y,-1614
59093,rstick_x,1180
59101,lstick_y,-1614
59101,rstick_x,1180
59104,lstick_y,-1389
59104,rstick_x,1180
59112,lstick_y,-1389
59112,rstick_x,1180
59117,lstick_y,-1389
59117,rstick_x,1180
59126,lstick_y,-1389
59126,rstick_x,1180
59132,lstick_y,-1389
59132,rstick_x,1180
59136,lstick_y,-1389
59136,rstick_x,1180
59139,lstick_y,-1389
59139,rstick_x,1180
59152,lstick_y,-1389
59152,rstick_x,1180
59161,lstick_y,-1389
59161,rstick_x,1180
59167,lstick_y,-1389
59167,rstick_x,1180
59170,lstick_y,-1389
59170,rstick_x,1180
59173,lstick_y,-1389
59173,rstick_x,1180
59181,lstick_y,-1389
59181,rstick_x,1180
59189,lstick_y,-1389
59189,rstick_x,1180
59192,rtrigger,32767
59192,lstick_y,-1217
59192,rstick_x,1180
59196,rtrigger,32767
59196,lstick_y,-1217
59196,rstick_x,1180
59203,rtrigger,32767
59203,lstick_y,-1217
59203,rstick_x,1180
59206,rtrigger,32767
59206,lstick_y,-1217
59206,rstick_x,1180
59220,rtrigger,32767
59220,lstick_y,-1217
59220,rstick_x,1180
59225,rtrigger,32767
59225,lstick_y,-1217
59225,rstick_x,1180
59229,rtrigger,32767
59229,lstick_y,-1217
59229,rstick_x,1180
59232,rtrigger,32767
59232,lstick_x,-1437
59232,lstick_y,-1107
59232,rstick_x,1180
59237,rtrigger,32767
59237,lstick_x,-1437
59237,lstick_y,-1107
59237,rstick_x,1180
59245,rtrigger,32767
59245,lstick_x,-1437
59245,lstick_y,-1107
59245,rstick_x,1180
59253,rtrigger,32767
59253,lstick_x,-1437
59253,lstick_y,-1107
59253,rstick_x,1180
59257,rtrigger,32767
59257,lstick_x,-19526
59257,rstick_x,1180
59262,rtrigger,32767
59262,lstick_x,-19526
59262,rstick_x,1180
59264,rtrigger,32767
59264,lstick_x,-19526
59264,rstick_x,1180
59269,rtrigger,32767
59269,lstick_x,-19526
59269,rstick_x,1180
59272,rtrigger,32767
59272,lstick_x,-26499
59272,rstick_x,1180
59277,rtrigger,32767
59277,lstick_x,-26499
59277,rstick_x,1180
59289,rtrigger,32767
59289,lstick_x,-26499
59289,rstick_x,1180
59295,rtrigger,32767
59295,lstick_x,-26499
59295,rstick_x,1180
59301,rtrigger,32767
59301,lstick_x,-32768
59301,rstick_x,1180
59309,rtrigger,32767
59309,lstick_x,-32768
59309,rstick_x,1180
59317,rtrigger,32767
59317,lstick_x,-32768
59317,rstick_x,1180
59325,rtrigger,32767
59325,lstick_x,-32768
59325,rstick_x,1180
59328,rtrigger,32767
59328,lstick_x,-32768
59328,lstick_y,1189
59328,rstick_x,1180
59333,rtrigger,32767
59333,lstick_x,-32768
59333,lstick_y,1189
59333,rstick_x,1180
59337,rtrigger,32767
59337,lstick_x,-32768
59337,lstick_y,1189
59337,rstick_x,1180
59340,rtrigger,32767
59340,lstick_x,-32768
59340,lstick_y,1189
59340,rstick_x,1180
59354,rtrigger,32767
59354,lstick_x,-32768
59354,lstick_y,1189
59354,rstick_x,1180
59358,rtrigger,32767
59358,lstick_x,-32768
59358,lstick_y,1189
59358,rstick_x,1180
59364,rtrigger,32767
59364,lstick_x,-32768
59364,lstick_y,1189
59364,rstick_x,1180
59368,rtrigger,32767
59368,lstick_x,-32768
59368,lstick_y,1189
59368,rstick_x,1180
59371,rtrigger,32767
59371,lstick_x,-32768
59371,lstick_y,1189
59371,rstick_x,1180
59381,rtrigger,32767
59381,lstick_x,-32768
59381,lstick_y,1189
59381,rstick_x,1180
59389,rtrigger,32767
59389,lstick_x,-32768
59389,lstick_y,1189
59389,rstick_x,1180
59395,rtrigger,4447
59395,lstick_x,-32768
59395,lstick_y,2240
59395,rstick_x,1180
59398,rtrigger,4447
59398,lstick_x,-32768
59398,lstick_y,2240
59398,rstick_x,1180
59403,rtrigger,4447
59403,lstick_x,-32768
59403,lstick_y,2240
59403,rstick_x,1180
59405,rtrigger,4447
59405,lstick_x,-32768
59405,lstick_y,2240
59405,rstick_x,1180
59413,lstick_x,-32768
59413,lstick_y,2503
59413,rstick_x,1180
59422,lstick_x,-32768
59422,lstick_y,2503
59422,rstick_x,1180
59430,lstick_x,-32768
59430,lstick_y,2503
59430,rstick_x,1180
59437,lstick_x,-32768
59437,lstick_y,2591
59437,rstick_x,1180
59445,lstick_x,-32768
59445,lstick_y,2591
59445,rstick_x,1180
59453,lstick_x,-32768
59453,lstick_y,2591
59453,rstick_x,1180
59459,lstick_x,-32768
59459,lstick_y,2707
59459,rstick_x,1180
59462,lstick_x,-32768
59462,lstick_y,2707
59462,rstick_x,1180
59469,lstick_x,-32768
59469,lstick_y,2707
59469,rstick_x,1180
59472,lstick_x,-32768
59472,lstick_y,2707
59472,rstick_x,1180
59477,lstick_x,-32768
59477,lstick_y,2707
59477,rstick_x,1180
59485,lstick_x,-32768
59485,lstick_y,2707
59485,rstick_x,1180
59495,lstick_x,-32768
59495,lstick_y,2707
59495,rstick_x,1180
59498,lstick_x,-31877
59498,lstick_y,2814
59498,rstick_x,1180
59504,lstick_x,-31877
59504,lstick_y,2814
59504,rstick_x,1180
59509,lstick_x,-31877
59509,lstick_y,2814
59509,rstick_x,1180
59517,lstick_x,-31877
59517,lstick_y,2814
59517,rstick_x,1180
59526,lstick_x,-31877
59526,lstick_y,2814
59526,rstick_x,1180
59530,lstick_x,-15134
59530,lstick_y,2814
59530,rstick_x,1180
59533,lstick_x,-15134
59533,lstick_y,2814
59533,rstick_x,1180
59536,lstick_x,-15134
59536,lstick_y,2814
59536,rstick_x,1180
59540,lstick_x,-15134
59540,lstick_y,2814
59540,rstick_x,1180
59551,lstick_x,-15134
59551,lstick_y,2814
59551,rstick_x,1180
59562,lstick_x,-15134
59562,lstick_y,2814
59562,rstick_x,1180
59565,lstick_x,-4706
59565,lstick_y,2108
59565,rstick_x,1180
59570,lstick_x,-4706
59570,lstick_y,2108
59570,rstick_x,1180
59573,lstick_x,-4706
59573,lstick_y,2108
59573,rstick_x,1180
59581,lstick_x,-4706
59581,lstick_y,2108
59581,rstick_x,1180
59589,lstick_x,-4706
59589,lstick_y,2108
59589,rstick_x,1180
59596,lstick_x,-4706
59596,lstick_y,2108
59596,rstick_x,1180
59603,lstick_x,-4706
59603,lstick_y,2108
59603,rstick_x,1180
59606,lstick_x,-4706
59606,lstick_y,2108
59606,rstick_x,1180
59615,lstick_x,-4706
59615,lstick_y,2108
59615,rstick_x,1180
59623,lstick_x,-4706
59623,lstick_y,2108
59623,rstick_x,1180
59629,lstick_x,-4706
59629,lstick_y,2108
59629,rstick_x,1180
59636,lstick_x,-2996
59636,lstick_y,1656
59636,rstick_x,1180
59645,lstick_x,-2996
59645,lstick_y,1656
59645,rstick_x,1180
59653,lstick_x,-2996
59653,lstick_y,1656
59653,rstick_x,1180
59660,rtrigger,32767
59660,lstick_x,-1361
59660,lstick_y,1250
59660,rstick_x,1180
59663,rtrigger,32767
59663,lstick_x,-1361
59663,lstick_y,1250
59663,rstick_x,1180
59669,rtrigger,32767
59669,lstick_x,-1361
59669,lstick_y,1250
59669,rstick_x,1180
59672,rtrigger,32767
59672,lstick_x,-1361
59672,lstick_y,1250
59672,rstick_x,1180
59677,rtrigger,32767
59677,lstick_y,1097
59677,rstick_x,1180
59685,rtrigger,32767
59685,lstick_y,1097
59685,rstick_x,1180
59696,rtrigger,32767
59696,lstick_y,1097
59696,rstick_x,1180
59701,rtrigger,32767
59701,lstick_y,1042
59701,rstick_x,1180
59709,rtrigger,32767
59709,lstick_y,1042
59709,rstick_x,1180
59717,rtrigger,32767
59717,lstick_y,1042
59717,rstick_x,1180
59725,rtrigger,32767
59725,lstick_y,1042
59725,rstick_x,1180
59728,rtrigger,32767
59728,rstick_x,1180
59731,rtrigger,32767
59731,rstick_x,1180
59737,rtrigger,32767
59737,rstick_x,1180
59740,rtrigger,32767
59740,rstick_x,1180
59750,rtrigger,32767
59750,rstick_x,1180
59757,rtrigger,32767
59757,rstick_x,1180
59765,rtrigger,32767
59765,rstick_x,1180
59769,rtrigger,32767
59769,rstick_x,1180
59773,rtrigger,32767
59773,rstick_x,1180
59781,rtrigger,32767
59781,rstick_x,1180
59789,rtrigger,32767
59789,rstick_x,1180
59794,rtrigger,32767
59794,rstick_x,1180
59797,rtrigger,32767
59797,rstick_x,1180
59803,rtrigger,32767
59803,rstick_x,1180
59806,rtrigger,32767
59806,rstick_x,1180
59808,rtrigger,32767
59808,rstick_x,1180
59815,rtrigger,32767
59815,rstick_x,1180
59821,rtrigger,32767
59821,rstick_x,1180
59830,rtrigger,32767
59830,rstick_x,1180
59836,rtrigger,32767
59836,rstick_x,1180
59845,rtrigger,32767
59845,rstick_x,1180
59853,rtrigger,32767
59853,rstick_x,1180
59857,rtrigger,32767
59857,rstick_x,1180
59861,rtrigger,32767
59861,rstick_x,1180
59864,rtrigger,32767
59864,rstick_x,1180
59869,rtrigger,32767
59869,rstick_x,1180
59871,rtrigger,19711
59871,rstick_x,1180
59877,rtrigger,19711
59877,rstick_x,1180
59886,rtrigger,19711
59886,rstick_x,1180
59895,rtrigger,19711
59895,rstick_x,1180
59901,rtrigger,4895
59901,rstick_x,1180
59904,rstick_x,1180
59909,rstick_x,1180
59917,rstick_x,1180
59926,rstick_x,1180
59929,rstick_x,1180
59932,rstick_x,1180
59936,rstick_x,1180
59939,rstick_x,1180
59942,rstick_x,1180
59952,rstick_x,1180
59962,rstick_x,1180
59966,rstick_x,1180
59970,rstick_x,1180
59979,rstick_x,1180
59986,rstick_x,1180
59989,rstick_x,1180
59994,rstick_x,1180
59997,rstick_x,1180
60003,rstick_x,1180
60007,rtrigger,8191
60007,lstick_x,10334
60007,rstick_x,1180
60013,rtrigger,8191
60013,lstick_x,10334
60013,rstick_x,1180
60028,rtrigger,8191
60028,lstick_x,10334
60028,rstick_x,1180
60032,rtrigger,29247
60032,lstick_x,19798
60032,rstick_x,1180
60036,rtrigger,32767
60036,lstick_x,32767
60036,lstick_y,-1422
60036,rstick_x,1180
60045,rtrigger,32767
60045,lstick_x,32767
60045,lstick_y,-1422
60045,rstick_x,1180
60053,rtrigger,32767
60053,lstick_x,32767
60053,lstick_y,-1422
60053,rstick_x,1180
60060,rtrigger,32767
60060,lstick_x,32767
60060,lstick_y,-2429
60060,rstick_x,1180
60063,rtrigger,32767
60063,lstick_x,32767
60063,lstick_y,-2429
60063,rstick_x,1180
60069,rtrigger,32767
60069,lstick_x,32767
60069,lstick_y,-2429
60069,rstick_x,1180
60072,rtrigger,32767
60072,lstick_x,32767
60072,lstick_y,-2429
60072,rstick_x,1180
60079,rtrigger,32767
60079,lstick_x,32767
60079,lstick_y,-2429
60079,rstick_x,1180
60085,rtrigger,32767
60085,lstick_x,32767
60085,lstick_y,-2429
60085,rstick_x,1180
60096,rtrigger,32767
60096,lstick_x,32767
60096,lstick_y,-2429
60096,rstick_x,1180
60101,rtrigger,32767
60101,lstick_x,32767
60101,lstick_y,-2429
60101,rstick_x,1180
60109,rtrigger,32767
60109,lstick_x,32767
60109,lstick_y,-2429
60109,rstick_x,1180
60117,rtrigger,32767
60117,lstick_x,32767
60117,lstick_y,-2429
60117,rstick_x,1180
60124,rtrigger,32767
60124,lstick_x,32767
60124,lstick_y,-2429
60124,rstick_x,1180
60129,rtrigger,32767
60129,lstick_x,32767
60129,lstick_y,-4258
60129,rstick_x,1180
60133,rtrigger,32767
60133,lstick_x,32767
60133,lstick_y,-4258
60133,rstick_x,1180
60137,rtrigger,32767
60137,lstick_x,32767
60137,lstick_y,-4258
60137,rstick_x,1180
60140,rtrigger,32767
60140,lstick_x,32767
60140,lstick_y,-4926
60140,rstick_x,1180
60143,rtrigger,32767
60143,lstick_x,32767
60143,lstick_y,-4926
60143,rstick_x,1180
60149,rtrigger,32767
60149,lstick_x,32767
60149,lstick_y,-4926
60149,rstick_x,1180
60157,rtrigger,32767
60157,lstick_x,32767
60157,lstick_y,-4926
60157,rstick_x,1180
60164,rtrigger,26399
60164,lstick_x,32767
60164,lstick_y,-5163
60164,rstick_x,1180
60169,rtrigger,26399
60169,lstick_x,32767
60169,lstick_y,-5163
60169,rstick_x,1180
60173,rtrigger,26399
60173,lstick_x,32767
60173,lstick_y,-5163
60173,rstick_x,1180
60181,rtrigger,26399
60181,lstick_x,32767
60181,lstick_y,-5163
60181,rstick_x,1180
60189,rtrigger,26399
60189,lstick_x,32767
60189,lstick_y,-5163
60189,rstick_x,1180
60193,rtrigger,2367
60193,lstick_x,32767
60193,lstick_y,-5555
60193,rstick_x,1180
60198,rtrigger,2367
60198,lstick_x,32767
60198,lstick_y,-5555
60198,rstick_x,1180
60203,rtrigger,2367
60203,lstick_x,32767
60203,lstick_y,-5555
60203,rstick_x,1180
60207,rtrigger,2367
60207,lstick_x,32767
60207,lstick_y,-5555
60207,rstick_x,1180
60214,rtrigger,2367
60214,lstick_x,32767
60214,lstick_y,-5555
60214,rstick_x,1180
60222,rtrigger,2367
60222,lstick_x,32767
60222,lstick_y,-5555
60222,rstick_x,1180
60230,rtrigger,2367
60230,lstick_x,32767
60230,lstick_y,-5555
60230,rstick_x,1180
60237,rtrigger,2367
60237,lstick_x,32767
60237,lstick_y,-5555
60237,rstick_x,1180
60245,rtrigger,2367
60245,lstick_x,32767
60245,lstick_y,-5555
60245,rstick_x,1180
60253,rtrigger,2367
60253,lstick_x,32767
60253,lstick_y,-5555
60253,rstick_x,1180
60259,rtrigger,2367
60259,lstick_x,32767
60259,lstick_y,-5555
60259,rstick_x,1180
60262,rtrigger,2367
60262,lstick_x,32767
60262,lstick_y,-5555
60262,rstick_x,1180
60269,rtrigger,2367
60269,lstick_x,32767
60269,lstick_y,-5555
60269,rstick_x,1180
60272,rtrigger,2367
60272,lstick_x,32767
60272,lstick_y,-5555
60272,rstick_x,1180
60277,rtrigger,2367
60277,lstick_x,32767
60277,lstick_y,-5555
60277,rstick_x,1180
60289,rtrigger,2367
60289,lstick_x,32767
60289,lstick_y,-5555
60289,rstick_x,1180
60293,rtrigger,2367
60293,lstick_x,32767
60293,lstick_y,-5555
60293,rstick_x,1180
60302,rtrigger,2367
60302,lstick_x,32767
60302,lstick_y,-5555
60302,rstick_x,1180
60309,lstick_x,2396
60309,lstick_y,-2623
60309,rstick_x,1180
60317,lstick_x,2396
60317,lstick_y,-2623
60317,rstick_x,1180
60325,lstick_x,2396
60325,lstick_y,-2623
60325,rstick_x,1180
60328,lstick_x,1590
60328,lstick_y,-1674
60328,rstick_x,1180
60331,lstick_x,1590
60331,lstick_y,-1674
60331,rstick_x,1180
60337,lstick_x,1590
60337,lstick_y,-1674
60337,rstick_x,1180
60339,lstick_x,1590
60339,lstick_y,-1674
60339,rstick_x,1180
60351,lstick_x,1590
60351,lstick_y,-1674
60351,rstick_x,1180
60359,lstick_x,1590
60359,lstick_y,-1674
60359,rstick_x,1180
60365,lstick_x,1590
60365,lstick_y,-1674
60365,rstick_x,1180
60370,lstick_x,1590
60370,lstick_y,-1674
60370,rstick_x,1180
60373,lstick_x,1590
60373,lstick_y,-1674
60373,rstick_x,1180
60381,lstick_x,1590
60381,lstick_y,-1674
60381,rstick_x,1180
60389,lstick_x,1590
60389,lstick_y,-1674
60389,rstick_x,1180
60396,lstick_x,1156
60396,lstick_y,-1136
60396,rstick_x,1180
60403,rstick_x,1180
60407,rstick_x,1180
60414,rstick_x,1180
60421,rstick_x,1180
60432,rstick_x,1180
60437,rstick_x,1180
60437,rstick_y,-1419
60445,rstick_x,1180
60445,rstick_y,-1419
60453,rstick_x,1180
60453,rstick_y,-1419
60462,rstick_x,1180
60462,rstick_y,-1419
60469,rstick_x,1180
60469,rstick_y,-1419
60472,rstick_x,1180
60472,rstick_y,-1419
60475,rstick_x,1180
60475,rstick_y,-1419
60485,rstick_x,1180
60485,rstick_y,-1419
60491,rstick_x,1180
60491,rstick_y,-1419
60496,rstick_x,1180
60496,rstick_y,-1419
60504,rstick_y,-2362
60507,rstick_y,-2362
60512,rstick_y,-2362
60517,rstick_y,-2362
60525,rstick_y,-2362
60533,rstick_y,-2362
60536,lstick_y,-1039
60536,rstick_y,-3091
60539,lstick_y,-1039
60539,rstick_y,-3091
60543,lstick_y,-1039
60543,rstick_y,-3091
60550,lstick_y,-1039
60550,rstick_y,-3091
60553,lstick_y,-1247
60553,rstick_y,-3546
60561,lstick_y,-1247
60561,rstick_y,-3546
60566,lstick_y,-1447
60566,rstick_y,-4036
60572,lstick_y,-1447
60572,rstick_y,-4036
60576,lstick_y,-1447
60576,rstick_y,-4036
60581,lstick_y,-1447
60581,rstick_y,-4036
60589,lstick_y,-1447
60589,rstick_y,-4036
60597,lstick_y,-1447
60597,rstick_y,-4036
60602,lstick_y,-1760
60602,rstick_y,-6006
60606,lstick_y,-1760
60606,rstick_y,-6006
60621,lstick_y,-1802
60621,rstick_y,-14639
60627,lstick_y,-1647
60627,rstick_x,-1353
60627,rstick_y,-15240
60631,lstick_y,-1647
60631,rstick_x,-1353
60631,rstick_y,-15240
60640,lstick_y,-1647
60640,rstick_x,-1353
60640,rstick_y,-15240
60645,lstick_y,-1647
60645,rstick_x,-1353
60645,rstick_y,-15240
60653,lstick_y,-1647
60653,rstick_x,-1353
60653,rstick_y,-15240
60661,lstick_y,-1647
60661,rstick_x,-1353
60661,rstick_y,-15240
60669,lstick_y,-1647
60669,rstick_x,-1353
60669,rstick_y,-15240
60672,rstick_x,-2236
60672,rstick_y,-25234
60676,rstick_x,-2236
60676,rstick_y,-25234
60687,rstick_x,-2236
60687,rstick_y,-25234
60693,lstick_y,7766
60693,rstick_x,-2684
60693,rstick_y,-25908
60701,lstick_y,7766
60701,rstick_x,-2684
60701,rstick_y,-25908
60705,lstick_y,30051
60705,rstick_x,-3023
60705,rstick_y,-28146
60709,lstick_y,30051
60709,rstick_x,-3023
60709,rstick_y,-28146
60717,lstick_y,30051
60717,rstick_x,-3023
60717,rstick_y,-28146
60726,lstick_y,30051
60726,rstick_x,-3023
60726,rstick_y,-28146
60733,lstick_y,30051
60733,rstick_x,-3023
60733,rstick_y,-28146
60737,lstick_x,-2084
60737,lstick_y,32767
60737,rstick_x,-1751
60737,rstick_y,-32768
60741,lstick_x,-2991
60741,lstick_y,32767
60741,rstick_y,-32768
60744,lstick_x,-2991
60744,lstick_y,32767
60744,rstick_y,-32768
60750,lstick_x,-2991
60750,lstick_y,32767
60750,rstick_y,-32768
60753,lstick_x,-2991
60753,lstick_y,32767
60753,rstick_y,-32768
60757,lstick_x,-2991
60757,lstick_y,32767
60757,rstick_y,-32768
60762,rstick_btn,1
60762,lstick_x,-3444
60762,lstick_y,32767
60762,rstick_y,-32768
60765,lstick_x,-3444
60765,lstick_y,32767
60765,rstick_y,-32768
60770,lstick_x,-3444
60770,lstick_y,32767
60770,rstick_y,-32768
60775,lstick_x,-3444
60775,lstick_y,32767
60775,rstick_y,-32768
60782,lstick_x,-3444
60782,lstick_y,32767
60782,rstick_y,-32768
60790,lstick_x,-3444
60790,lstick_y,32767
60790,rstick_y,-32768
60797,lstick_x,-3444
60797,lstick_y,32767
60797,rstick_y,-32768
60803,lstick_x,-3876
60803,lstick_y,32767
60803,rstick_x,3607
60803,rstick_y,-32768
60806,lstick_x,-3876
60806,lstick_y,32767
60806,rstick_x,3607
60806,rstick_y,-32768
60810,lstick_x,-3876
60810,lstick_y,32767
60810,rstick_x,3607
60810,rstick_y,-32768
60814,lstick_x,-3876
60814,lstick_y,32767
60814,rstick_x,3607
60814,rstick_y,-32768
60820,lstick_x,-3561
60820,lstick_y,32767
60820,rstick_x,4271
60820,rstick_y,-32768
60823,lstick_x,-3561
60823,lstick_y,32767
60823,rstick_x,4271
60823,rstick_y,-32768
60828,lstick_x,-3561
60828,lstick_y,32767
60828,rstick_x,4271
60828,rstick_y,-32768
60832,lstick_x,-3561
60832,lstick_y,32767
60832,rstick_x,4271
60832,rstick_y,-32768
60839,lstick_x,-2850
60839,lstick_y,32767
60839,rstick_x,5227
60839,rstick_y,-32768
60843,lstick_x,-2850
60843,lstick_y,32767
60843,rstick_x,5227
60843,rstick_y,-32768
60847,lstick_x,-2850
60847,lstick_y,32767
60847,rstick_x,5227
60847,rstick_y,-32768
60855,lstick_x,-2353
60855,lstick_y,32767
60855,rstick_x,5532
60855,rstick_y,-32768
60864,lstick_x,-2353
60864,lstick_y,32767
60864,rstick_x,5532
60864,rstick_y,-32768
60869,lstick_x,-1872
60869,lstick_y,32767
60869,rstick_x,5712
60869,rstick_y,-32768
60877,lstick_x,-1375
60877,lstick_y,32767
60877,rstick_x,5791
60877,rstick_y,-32768
60880,lstick_x,-1375
60880,lstick_y,32767
60880,rstick_x,5791
60880,rstick_y,-32768
60885,lstick_x,-1375
60885,lstick_y,32767
60885,rstick_x,5791
60885,rstick_y,-32768
60887,lstick_x,-1375
60887,lstick_y,32767
60887,rstick_x,5791
60887,rstick_y,-32768
60891,lstick_y,32767
60891,rstick_x,5791
60891,rstick_y,-32768
60900,lstick_y,32767
60900,rstick_x,5791
60900,rstick_y,-32768
60913,lstick_y,32767
60913,rstick_x,5791
60913,rstick_y,-32768
60918,lstick_y,32767
60918,rstick_x,5791
60918,rstick_y,-32768
60925,lstick_y,32767
60925,rstick_x,5170
60925,rstick_y,-32768
60933,lstick_y,32767
60933,rstick_x,5170
60933,rstick_y,-32768
60940,rstick_btn,0
60940,lstick_y,32767
60940,rstick_x,4326
60940,rstick_y,-32663
60945,lstick_y,32767
60945,rstick_x,4326
60945,rstick_y,-32663
60949,lstick_y,32767
60949,rstick_x,4326
60949,rstick_y,-32663
60953,lstick_y,32767
60953,rstick_x,3517
60953,rstick_y,-32663
60956,lstick_y,32767
60956,rstick_x,3517
60956,rstick_y,-32663
60966,lstick_y,32767
60966,rstick_x,3517
60966,rstick_y,-32663
60976,lstick_y,32767
60976,rstick_x,3517
60976,rstick_y,-32663
60981,lstick_y,32767
60981,rstick_x,3517
60981,rstick_y,-32663
60986,lstick_x,-1402
60986,lstick_y,31340
60986,rstick_x,13352
60986,rstick_y,-31373
60997,lstick_x,-1402
60997,lstick_y,31340
60997,rstick_x,13352
60997,rstick_y,-31373
61005,lstick_x,-1402
61005,lstick_y,31340
61005,rstick_x,13352
61005,rstick_y,-31373
61012,lstick_x,-2106
61012,lstick_y,22471
61012,rstick_x,14271
61012,rstick_y,-22007
61020,lstick_x,-2400
61020,lstick_y,21421
61020,rstick_x,15103
61020,rstick_y,-21566
61023,lstick_x,-2400
61023,lstick_y,21421
61023,rstick_x,15103
61023,rstick_y,-21566
61032,lstick_x,-2400
61032,lstick_y,21421
61032,rstick_x,15103
61032,rstick_y,-21566
61049,lstick_x,-2400
61049,lstick_y,21421
61049,rstick_x,15103
61049,rstick_y,-21566
61053,lstick_x,-1142
61088,rstick_y,-1026
61093,rstick_y,-1026
61101,rstick_y,-1026
61111,rstick_y,-1026
61118,rstick_y,-1083
61125,rstick_y,-1128
61134,rstick_y,-1128
61142,rstick_y,-1128
61148,rstick_y,-1193
61155,rstick_y,-1193
61161,rstick_y,-1193
61163,rstick_y,-1193
61169,rstick_y,-1193
61173,rstick_y,-1193
61178,rstick_y,-1193
61184,rstick_y,-1193
61187,rstick_y,-1193
61193,rstick_y,-1193
61197,rstick_y,-1193
61205,rstick_y,-1193
61213,rstick_y,-1193
61219,rstick_y,-1235
61223,rstick_y,-1235
61233,rstick_y,-1235
61236,rstick_y,-1235
61240,rstick_y,-1235
61245,rstick_y,-1235
61253,rstick_y,-1235
61261,rstick_y,-1235
61269,rstick_y,-1235
61272,rstick_y,-1235
61275,rstick_y,-1235
61280,rstick_y,-1235
61286,rstick_y,-1235
61292,rstick_y,-1235
61297,rstick_y,-1235
61305,rstick_y,-1235
61310,rstick_y,-1235
61317,rstick_y,-1235
61325,rstick_y,-1235
61333,rstick_y,-1235
61336,rstick_y,-1235
61339,rstick_y,-1235
61353,rstick_y,-1235
61357,rstick_y,-1235
61363,rstick_y,-1235
61373,rstick_y,-1235
61381,rstick_y,-1235
61389,rstick_y,-1235
61394,rstick_y,-1235
61397,rstick_y,-1235
61403,rstick_y,-1235
61406,rstick_y,-1235
61420,rstick_y,-1235
61424,rstick_y,-1235
61429,rstick_y,-1235
61437,rstick_y,-1235
61445,rstick_y,-1235
61453,rstick_y,-1235
61458,rstick_y,-1235
61460,rstick_y,-1235
61464,rstick_y,-1235
61469,rstick_y,-1235
61473,rstick_y,-1235
61477,rstick_y,-1235
61485,rstick_y,-1235
61490,rstick_y,-1235
61493,rstick_y,-1235
61495,rstick_y,-1235
61501,rstick_y,-1235
61509,rstick_y,-1235
61517,rstick_y,-1235
61522,rstick_y,-1235
61526,rstick_y,-1235
61529,rstick_y,-1235
61533,rstick_y,-1235
61537,rstick_y,-1235
61540,rstick_y,-1235
61545,rstick_y,-1235
61555,rstick_y,-1235
61563,rstick_y,-1235
61573,rstick_y,-1235
61581,rstick_y,-1235
61589,rstick_y,-1235
61592,rstick_y,-1235
61595,rstick_y,-1235
61603,rstick_y,-1235
61606,rstick_y,-1235
61612,rstick_y,-1235
61621,rstick_y,-1235
61623,rstick_y,-1235
61629,rstick_y,-1235
61637,rstick_y,-1235
61645,rstick_y,-1235
61653,rstick_y,-1235
61659,rstick_y,-1235
61662,rstick_y,-1235
61669,rstick_y,-1235
61672,rstick_y,-1235
61674,rstick_y,-1235
61679,rstick_y,-1235
61688,rstick_y,-1235
61691,rstick_y,-1235
61695,rstick_y,-1235
61701,rstick_y,-1235
61709,rstick_y,-1235
61717,rstick_y,-1235
61720,rstick_y,-1235
61725,rstick_y,-1235
61730,rstick_y,-1235
61733,rstick_y,-1235
61738,rstick_y,-1235
61742,rstick_y,-1235
61750,rstick_y,-1235
61753,rstick_y,-1235
61758,rstick_y,-1235
61766,rstick_y,-1235
61773,rstick_y,-1235
61779,rstick_y,-1235
61787,rstick_y,-1235
61790,rstick_y,-1235
61804,rstick_y,-1235
61812,rstick_y,-1235
61821,rstick_y,-1235
61829,rstick_y,-1235
61837,rstick_y,-1235
61841,rstick_y,-1235
61844,rstick_y,-1235
61847,rstick_y,-1235
61853,rstick_y,-1235
61862,rstick_y,-1235
61865,rstick_y,-1235
61869,rstick_y,-1235
61880,rstick_y,-1235
61892,rstick_y,-1235
61898,rstick_y,-1235
61903,rstick_y,-1235
61906,rstick_y,-1235
61921,rstick_y,-1235
61924,rstick_y,-1235
61929,rstick_y,-1235
61933,rstick_y,-1235
61941,rstick_y,-1235
61949,rstick_y,-1235
61954,rstick_y,-1235
61960,rstick_y,-1235
61963,rstick_y,-1235
61970,rstick_y,-1235
61973,rstick_y,-1235
61975,rstick_y,-1235
61979,rstick_y,-1235
61982,rstick_y,-1235
61989,rstick_y,-1235
61992,rstick_y,-1235
61997,rstick_y,-1235
62005,rstick_y,-1235
62013,rstick_y,-1235
62021,rstick_y,-1235
62028,rstick_y,-1235
62031,rstick_y,-1235
62037,rstick_y,-1235
62040,rstick_y,-1235
62046,rstick_y,-1235
62054,rstick_y,-1235
62057,rstick_y,-1235
62061,rstick_y,-1235
62069,rstick_y,-1235
62077,rstick_y,-1235
62085,rstick_y,-1235
62093,rstick_y,-1235
62098,rstick_y,-1235
62101,rstick_y,-1235
62104,rstick_y,-1235
62108,rstick_y,-1235
62121,rstick_y,-1235
62125,rstick_y,-1235
62129,rstick_y,-1235
62133,rstick_y,-1235
62141,rstick_y,-1235
62149,rstick_y,-1235
62157,rstick_y,-1235
62160,rstick_y,-1235
62163,rstick_y,-1235
62169,rstick_y,-1235
62172,rstick_y,-1235
62174,rstick_y,-1235
62181,rstick_y,-1235
62189,rstick_y,-1235
62195,rstick_y,-1235
62205,rstick_y,-1235
62213,rstick_y,-1235
62222,rstick_y,-1235
62226,rstick_y,-1235
62229,rstick_y,-1235
62236,rstick_y,-1235
62239,rstick_y,-1235
62245,rstick_y,-1235
62254,rstick_y,-1235
62261,rstick_y,-1235
62269,rstick_y,-1235
62277,rstick_y,-1235
62285,rstick_y,-1235
62290,rstick_y,-1235
62293,rstick_y,-1235
62297,rstick_y,-1235
62301,rstick_y,-1235
62303,rstick_y,-1235
62307,rstick_y,-1235
62311,rstick_y,-1235
62317,rstick_y,-1235
62323,rstick_y,-1235
62329,rstick_y,-1235
62333,rstick_y,-1235
62341,rstick_y,-1235
62349,rstick_y,-1235
62357,rstick_y,-1235
62360,rstick_y,-1235
62363,rstick_y,-1235
62367,rstick_y,-1235
62371,rstick_y,-1235
62374,rstick_y,-1235
62381,rstick_y,-1235
62389,rstick_y,-1235
62394,rstick_y,-1235
62397,rstick_y,-1235
62405,rstick_y,-1235
62413,rstick_y,-1235
62420,rstick_y,-1235
62424,rstick_y,-1235
62431,rstick_y,-1235
62437,rstick_y,-1235
62444,rstick_y,-1235
62452,rstick_y,-1235
62458,rstick_y,-1235
62467,rstick_y,-1235
62475,rstick_y,-1235
62481,rstick_y,-1235
62485,rstick_y,-1235
62487,rstick_y,-1235
62491,rstick_y,-1235
62501,rstick_y,-1235
62505,rstick_y,-1235
62510,rstick_y,-1235
62517,rstick_y,-1235
62525,rstick_y,-1235
62533,rstick_y,-1235
62536,rstick_y,-1235
62539,rstick_y,-1235
62551,rstick_y,-1235
62557,rstick_y,-1235
62562,rstick_y,-1235
62568,rstick_y,-1235
62572,rstick_y,-1235
62579,rstick_y,-1235
62587,rstick_y,-1235
62589,rstick_y,-1235
62597,rstick_y,-1235
62605,rstick_y,-1235
62610,rstick_y,-1235
62613,rstick_y,-1235
62620,rstick_y,-1235
62629,rstick_y,-1235
62637,rstick_y,-1235
62641,rstick_y,-1235
62644,rstick_y,-1235
62653,rstick_y,-1235
62661,rstick_y,-1235
62670,rstick_y,-1235
62677,rstick_y,-1235
62685,rstick_y,-1235
62693,rstick_y,-1235
62696,rstick_y,-1235
62701,rstick_y,-1235
62703,rstick_y,-1235
62707,rstick_y,-1235
62712,rstick_y,-1235
62720,rstick_y,-1235
62726,rstick_y,-1235
62733,rstick_y,-1235
62741,rstick_y,-1235
62749,rstick_y,-1235
62753,rstick_y,-1235
62756,rstick_y,-1235
62770,rstick_y,-1235
62773,rstick_y,-1235
62777,rstick_y,-1235
62781,rstick_y,-1235
62789,rstick_y,-1235
62797,rstick_y,-1235
62804,rstick_y,-1235
62807,rstick_y,-1235
62819,rstick_y,-1235
62822,rstick_y,-1235
62826,rstick_y,-1235
62831,rstick_y,-1235
62837,rstick_y,-1235
62845,rstick_y,-1235
62854,rstick_y,-1235
62857,rstick_y,-1235
62861,rstick_y,-1235
62864,rstick_y,-1235
62875,rstick_y,-1235
62887,rstick_y,-1235
62893,rstick_y,-1235
62901,rstick_y,-1235
62909,rstick_y,-1235
62911,rstick_y,-1235
62914,rstick_y,-1235
62920,rstick_y,-1235
62923,rstick_y,-1235
62927,rstick_y,-1235
62934,rstick_y,-1235
62940,rstick_y,-1235
62945,rstick_y,-1235
62949,rstick_y,-1235
62957,rstick_y,-1235
62965,rstick_y,-1235
62970,rstick_y,-1235
62973,rstick_y,-1235
62976,rstick_y,-1235
62981,rstick_y,-1235
62990,rstick_y,-1235
62993,rstick_y,-1235
62997,rstick_y,-1235
63004,rstick_y,-1235
63007,rstick_y,-1235
63013,rstick_y,-1235
63021,rstick_y,-1235
63028,rstick_y,-1235
63036,rstick_y,-1235
63039,rstick_y,-1235
63042,rstick_y,-1235
63045,rstick_y,-1235
63054,rstick_y,-1235
63057,rstick_y,-1235
63061,rstick_y,-1235
63069,rstick_y,-1235
63077,rstick_y,-1235
63085,rstick_y,-1235
63089,rstick_y,-1235
63092,rstick_y,-1235
63096,rstick_y,-1235
63102,rstick_y,-1235
63109,rstick_y,-1235
63117,rstick_y,-1315
63125,rstick_y,-1315
63133,rstick_y,-1315
63141,rstick_y,-1315
63144,lstick_x,-13919
63144,rstick_y,-1572
63147,lstick_x,-13919
63147,rstick_y,-1572
63153,lstick_x,-13919
63153,rstick_y,-1572
63156,lstick_x,-13919
63156,rstick_y,-1572
63168,lstick_x,-21726
63168,lstick_y,1569
63168,rstick_y,-1720
63172,lstick_x,-21726
63172,lstick_y,1569
63172,rstick_y,-1720
63177,lstick_x,-22894
63177,lstick_y,2797
63177,rstick_x,1196
63177,rstick_y,-1850
63181,lstick_x,-22894
63181,lstick_y,2797
63181,rstick_x,1196
63181,rstick_y,-1850
63189,lstick_x,-22894
63189,lstick_y,2797
63189,rstick_x,1196
63189,rstick_y,-1850
63197,lstick_x,-22894
63197,lstick_y,2797
63197,rstick_x,1196
63197,rstick_y,-1850
63203,lstick_x,-32768
63203,lstick_y,9519
63203,rstick_x,1895
63203,rstick_y,-2037
63206,lstick_x,-32768
63206,lstick_y,9519
63206,rstick_x,1895
63206,rstick_y,-2037
63222,lstick_x,-32768
63222,lstick_y,9519
63222,rstick_x,1895
63222,rstick_y,-2037
63228,lstick_x,-32768
63228,lstick_y,9519
63228,rstick_x,2204
63228,rstick_y,-2113
63237,lstick_x,-32768
63237,lstick_y,9519
63237,rstick_x,2204
63237,rstick_y,-2113
63246,lstick_x,-32768
63246,lstick_y,9519
63246,rstick_x,2204
63246,rstick_y,-2113
63253,lstick_x,-32768
63253,lstick_y,9519
63253,rstick_x,2457
63253,rstick_y,-2168
63257,lstick_x,-32768
63257,lstick_y,9519
63257,rstick_x,2457
63257,rstick_y,-2168
63261,lstick_x,-32768
63261,lstick_y,9519
63261,rstick_x,2457
63261,rstick_y,-2168
63264,lstick_x,-32768
63264,lstick_y,9519
63264,rstick_x,2457
63264,rstick_y,-2168
63269,lstick_x,-32768
63269,lstick_y,9519
63269,rstick_x,2457
63269,rstick_y,-2168
63271,lstick_x,-32768
63271,lstick_y,9519
63271,rstick_x,2457
63271,rstick_y,-2168
63275,lstick_x,-32768
63275,lstick_y,9519
63275,rstick_x,2457
63275,rstick_y,-2168
63278,lstick_x,-32768
63278,lstick_y,9519
63278,rstick_x,2666
63278,rstick_y,-2217
63288,lstick_x,-32768
63288,lstick_y,9519
63288,rstick_x,2666
63288,rstick_y,-2217
63291,lstick_x,-32768
63291,lstick_y,9519
63291,rstick_x,2833
63291,rstick_y,-2217
63296,lstick_x,-32768
63296,lstick_y,9519
63296,rstick_x,2833
63296,rstick_y,-2217
63301,lstick_x,-32768
63301,lstick_y,9519
63301,rstick_x,2833
63301,rstick_y,-2217
63309,lstick_x,-32768
63309,lstick_y,9519
63309,rstick_x,2833
63309,rstick_y,-2217
63317,lstick_x,-32768
63317,lstick_y,9519
63317,rstick_x,2833
63317,rstick_y,-2217
63321,lstick_x,-32768
63321,lstick_y,9519
63321,rstick_x,2966
63321,rstick_y,-2278
63325,lstick_x,-32768
63325,lstick_y,9519
63325,rstick_x,2966
63325,rstick_y,-2278
63338,lstick_x,-32768
63338,lstick_y,9519
63338,rstick_x,2966
63338,rstick_y,-2278
63346,lstick_x,-32768
63346,lstick_y,9519
63346,rstick_x,3073
63346,rstick_y,-2278
63349,lstick_x,-32768
63349,lstick_y,9519
63349,rstick_x,3073
63349,rstick_y,-2278
63357,lstick_x,-32768
63357,lstick_y,9519
63357,rstick_x,3073
63357,rstick_y,-2278
63367,lstick_x,-32768
63367,lstick_y,9519
63367,rstick_x,3073
63367,rstick_y,-2278
63374,lstick_x,-32768
63374,lstick_y,9084
63374,rstick_x,3226
63374,rstick_y,-2318
63380,lstick_x,-32768
63380,lstick_y,8340
63380,rstick_x,3343
63380,rstick_y,-2318
63387,lstick_x,-32768
63387,lstick_y,8340
63387,rstick_x,3343
63387,rstick_y,-2318
63390,lstick_x,-32768
63390,lstick_y,8340
63390,rstick_x,3343
63390,rstick_y,-2318
63397,lstick_x,-32768
63397,lstick_y,8340
63397,rstick_x,3343
63397,rstick_y,-2318
63404,lstick_x,-32768
63404,lstick_y,8340
63404,rstick_x,3343
63404,rstick_y,-2318
63413,lstick_x,-32768
63413,lstick_y,8340
63413,rstick_x,3343
63413,rstick_y,-2318
63421,lstick_x,-32768
63421,lstick_y,8340
63421,rstick_x,3343
63421,rstick_y,-2318
63426,lstick_x,-32048
63426,lstick_y,7356
63426,rstick_x,11036
63426,rstick_y,-2459
63429,lstick_x,-32048
63429,lstick_y,7356
63429,rstick_x,11036
63429,rstick_y,-2459
63436,lstick_x,-32048
63436,lstick_y,7356
63436,rstick_x,11036
63436,rstick_y,-2459
63440,lstick_x,-32048
63440,lstick_y,7356
63440,rstick_x,11036
63440,rstick_y,-2459
63445,lstick_x,-23476
63445,lstick_y,6422
63445,rstick_x,11850
63445,rstick_y,-2459
63453,lstick_x,-23476
63453,lstick_y,6422
63453,rstick_x,11850
63453,rstick_y,-2459
63460,lstick_x,-12226
63460,lstick_y,4118
63460,rstick_x,19386
63460,rstick_y,-2459
63469,lstick_x,-12226
63469,lstick_y,4118
63469,rstick_x,19386
63469,rstick_y,-2459
63477,lstick_x,-12226
63477,lstick_y,4118
63477,rstick_x,19386
63477,rstick_y,-2459
63485,lstick_x,-12226
63485,lstick_y,4118
63485,rstick_x,19386
63485,rstick_y,-2459
63488,lstick_x,-2893
63488,lstick_y,2303
63488,rstick_x,27569
63488,rstick_y,-1514
63490,lstick_x,-2893
63490,lstick_y,2303
63490,rstick_x,27569
63490,rstick_y,-1514
63504,lstick_x,-2893
63504,lstick_y,2303
63504,rstick_x,27569
63504,rstick_y,-1514
63507,lstick_x,-2601
63507,lstick_y,1777
63507,rstick_x,32767
63513,lstick_x,-2601
63513,lstick_y,1777
63513,rstick_x,32767
63517,lstick_x,-2601
63517,lstick_y,1777
63517,rstick_x,32767
63525,lstick_x,-2601
63525,lstick_y,1777
63525,rstick_x,32767
63533,lstick_x,-2601
63533,lstick_y,1777
63533,rstick_x,32767
63538,lstick_x,-2053
63538,lstick_y,1130
63538,rstick_x,32767
63541,lstick_x,-2053
63541,lstick_y,1130
63541,rstick_x,32767
63544,lstick_x,-2053
63544,lstick_y,1130
63544,rstick_x,32767
63548,lstick_x,-1816
63548,rstick_x,32767
63551,lstick_x,-1816
63551,rstick_x,32767
63558,lstick_x,-1816
63558,rstick_x,32767
63562,lstick_x,-1816
63562,rstick_x,32767
63570,lstick_x,-1597
63570,rstick_x,32767
63573,lstick_x,-1597
63573,rstick_x,32767
63581,lstick_x,-1597
63581,rstick_x,32767
63589,lstick_x,-1597
63589,rstick_x,32767
63591,lstick_x,-1270
63591,rstick_x,32767
63591,rstick_y,1285
63594,lstick_x,-1270
63594,rstick_x,32767
63594,rstick_y,1285
63597,lstick_x,-1270
63597,rstick_x,32767
63597,rstick_y,1285
63603,lstick_x,-1270
63603,rstick_x,32767
63603,rstick_y,1285
63607,lstick_x,-1154
63607,rstick_x,32767
63607,rstick_y,1365
63610,lstick_x,-1154
63610,rstick_x,32767
63610,rstick_y,1365
63619,lstick_x,-1154
63619,rstick_x,32767
63619,rstick_y,1365
63622,lstick_x,-1061
63622,rstick_x,32767
63622,rstick_y,1440
63627,lstick_x,-1061
63627,rstick_x,32767
63627,rstick_y,1440
63637,lstick_x,-1061
63637,rstick_x,32767
63637,rstick_y,1440
63645,lstick_x,-1061
63645,rstick_x,32767
63645,rstick_y,1440
63653,lstick_x,-1061
63653,rstick_x,32767
63653,rstick_y,1440
63656,rstick_x,32767
63656,rstick_y,1483
63663,rstick_x,32767
63663,rstick_y,1483
63673,rstick_x,32767
63673,rstick_y,1483
63677,rstick_x,32767
63677,rstick_y,1483
63685,rstick_x,32767
63685,rstick_y,1483
63688,rstick_x,32767
63688,rstick_y,1572
63697,rstick_x,32767
63697,rstick_y,1572
63701,rstick_x,32767
63701,rstick_y,1572
63706,rstick_x,32767
63706,rstick_y,1589
63709,rstick_x,32767
63709,rstick_y,1589
63712,rstick_x,32767
63712,rstick_y,1589
63715,rstick_x,32767
63715,rstick_y,1589
63719,rstick_x,32767
63719,rstick_y,1589
63723,rstick_x,32767
63723,rstick_y,1589
63737,rstick_x,32767
63737,rstick_y,1589
63742,rstick_x,32767
63742,rstick_y,1589
63749,rstick_x,32767
63749,rstick_y,1589
63757,rstick_x,32767
63757,rstick_y,1589
63765,rstick_x,32767
63765,rstick_y,1589
63770,rstick_x,32767
63770,rstick_y,1762
63773,rstick_x,32767
63773,rstick_y,1762
63777,rstick_x,32767
63777,rstick_y,1762
63784,rstick_x,32767
63784,rstick_y,1762
63789,rstick_x,32767
63789,rstick_y,1762
63795,rstick_x,32767
63795,rstick_y,1762
63800,rstick_x,32767
63800,rstick_y,1762
63805,rstick_x,32767
63805,rstick_y,1762
63813,rstick_x,32767
63813,rstick_y,1762
63821,rstick_x,32767
63821,rstick_y,1904
63823,rstick_x,32767
63823,rstick_y,1904
63826,rstick_x,32767
63826,rstick_y,1904
63829,rstick_x,32767
63829,rstick_y,1904
63840,rstick_x,32767
63840,rstick_y,1957
63846,rstick_x,32767
63846,rstick_y,1957
63853,rstick_x,32767
63853,rstick_y,1957
63861,rstick_x,32767
63861,rstick_y,1957
63869,rstick_x,32767
63869,rstick_y,1957
63873,rstick_x,32767
63873,rstick_y,2005
63876,rstick_x,32767
63876,rstick_y,2079
63879,rstick_x,32767
63879,rstick_y,2079
63885,rstick_x,32767
63885,rstick_y,2079
63887,rstick_x,32767
63887,rstick_y,2079
63890,rstick_x,32767
63890,rstick_y,2114
63893,rstick_x,32767
63893,rstick_y,2114
63896,rstick_x,32767
63896,rstick_y,2114
63901,rstick_x,32767
63901,rstick_y,2114
63906,rstick_x,32767
63906,rstick_y,2176
63909,rstick_x,32767
63909,rstick_y,2176
63911,rstick_x,32767
63911,rstick_y,2176
63917,rstick_x,32767
63917,rstick_y,2176
63925,rstick_x,32767
63925,rstick_y,2176
63933,rstick_x,32767
63933,rstick_y,2176
63936,rstick_x,32767
63936,rstick_y,2176
63940,rstick_x,32767
63940,rstick_y,2176
63950,rstick_x,32767
63950,rstick_y,2176
63955,rstick_x,32767
63955,rstick_y,2241
63958,rstick_x,32767
63958,rstick_y,2241
63960,rstick_x,32767
63960,rstick_y,2241
63966,rstick_x,32767
63966,rstick_y,2241
63973,rstick_x,32767
63973,rstick_y,2241
63981,rstick_x,32767
63981,rstick_y,2241
63987,rstick_x,16094
63990,rstick_x,16094
63997,rstick_x,16094
64007,rstick_x,8794
64010,rstick_x,8794
64013,rstick_x,8794
64021,rstick_x,1223
64026,rstick_x,1037
64031,rstick_x,1037
64036,rstick_x,1037
64044,rstick_y,-1071
64047,rstick_y,-1071
64053,rstick_y,-1071
64055,rstick_y,-1158
64061,rstick_y,-1158
64072,rstick_y,-1158
64077,rstick_y,-1233
64080,rstick_y,-1233
64085,rstick_y,-1233
64093,rstick_y,-1233
64103,rstick_y,-1233
64105,rstick_y,-1379
64109,rstick_y,-1379
64112,rstick_y,-1379
64124,rstick_y,-1379
64127,lstick_x,-1096
64127,rstick_y,-1462
64133,lstick_x,-1096
64133,rstick_y,-1462
64136,lstick_x,-1270
64136,rstick_y,-1544
64141,lstick_x,-1270
64141,rstick_y,-1544
64149,lstick_x,-1270
64149,rstick_y,-1544
64154,lstick_x,-1421
64154,rstick_y,-1609
64157,lstick_x,-1421
64157,rstick_y,-1609
64162,lstick_x,-1421
64162,rstick_y,-1609
64165,lstick_x,-1542
64165,rstick_y,-1656
64170,lstick_x,-1542
64170,rstick_y,-1656
64173,lstick_x,-1542
64173,rstick_y,-1656
64177,lstick_x,-1645
64177,rstick_y,-1656
64181,lstick_x,-1645
64181,rstick_y,-1656
64190,lstick_x,-1645
64190,rstick_y,-1656
64196,lstick_x,-1727
64196,rstick_y,-1743
64205,lstick_x,-1727
64205,rstick_y,-1743
64213,lstick_x,-1727
64213,rstick_y,-1743
64221,lstick_x,-1781
64221,rstick_y,-1774
64223,lstick_x,-1781
64223,rstick_y,-1774
64230,lstick_x,-1781
64230,rstick_y,-1774
64238,lstick_x,-1781
64238,rstick_y,-1774
64240,lstick_x,-1781
64240,rstick_y,-1774
64245,lstick_x,-1781
64245,rstick_y,-1774
64253,lstick_x,-1781
64253,rstick_y,-1774
64261,lstick_x,-1781
64261,rstick_y,-1774
64269,lstick_x,-1781
64269,rstick_y,-1774
64272,lstick_x,-1781
64272,rstick_y,-1774
64277,lstick_x,-1781
64277,rstick_y,-1774
64287,lstick_x,-1781
64287,rstick_y,-1774
64290,lstick_x,-1589
64290,rstick_y,-1774
64294,lstick_x,-1589
64294,rstick_y,-1774
64304,lstick_x,-1589
64304,rstick_y,-1774
64309,lstick_x,-1589
64309,rstick_y,-1774
64317,lstick_x,-1589
64317,rstick_y,-1774
64321,lstick_x,-1444
64321,rstick_y,-1774
64325,lstick_x,-1197
64325,rstick_y,-1841
64328,lstick_x,-1197
64328,rstick_y,-1841
64338,lstick_x,-1197
64338,rstick_y,-1841
64342,lstick_x,-1197
64342,rstick_y,-1841
64350,rstick_y,-1841
64357,rstick_y,-1841
64365,rstick_y,-1841
64370,rstick_y,-1841
64373,rstick_y,-1841
64377,rstick_y,-1841
64381,rstick_y,-1841
64389,rstick_y,-1841
64392,rstick_y,-1841
64397,rstick_y,-1841
64405,rstick_y,-1841
64413,rstick_y,-1841
64421,rstick_y,-1841
64426,rstick_y,-1841
64429,rstick_y,-1841
64438,rstick_y,-1841
64441,rstick_y,-1841
64445,rstick_y,-1841
64449,rstick_y,-1841
64453,rstick_y,-1841
64461,rstick_y,-1841
64469,rstick_y,-1841
64476,rstick_y,-1841
64478,rstick_y,-1841
64485,rstick_y,-1841
64488,rstick_y,-1841
64491,rstick_y,-1841
64501,rstick_y,-1841
64505,rstick_y,-1841
64510,rstick_y,-1841
64517,lstick_x,15692
64517,rstick_y,-1841
64525,lstick_x,15692
64525,rstick_y,-1841
64534,lstick_x,15692
64534,rstick_y,-1841
64537,lstick_x,32767
64537,lstick_y,-11554
64537,rstick_y,-1841
64540,lstick_x,32767
64540,lstick_y,-11554
64540,rstick_y,-1841
64546,lstick_x,32767
64546,lstick_y,-11554
64546,rstick_y,-1841
64549,lstick_x,32767
64549,lstick_y,-11554
64549,rstick_y,-1841
64555,lstick_x,32767
64555,lstick_y,-11622
64555,rstick_y,-1841
64559,lstick_x,32767
64559,lstick_y,-11622
64559,rstick_y,-1841
64565,lstick_x,32767
64565,lstick_y,-11622
64565,rstick_y,-1841
64573,lstick_x,32767
64573,lstick_y,-11622
64573,rstick_y,-1841
64581,lstick_x,32767
64581,lstick_y,-11622
64581,rstick_y,-1841
64588,lstick_x,32767
64588,lstick_y,-11720
64588,rstick_y,-1841
64591,lstick_x,32767
64591,lstick_y,-11720
64591,rstick_y,-1841
64595,lstick_x,32767
64595,lstick_y,-11720
64595,rstick_y,-1841
64598,lstick_x,32767
64598,lstick_y,-11720
64598,rstick_y,-1841
64603,lstick_x,32767
64603,lstick_y,-11720
64603,rstick_y,-1841
64608,lstick_x,32767
64608,lstick_y,-11720
64608,rstick_y,-1841
64611,lstick_x,32767
64611,lstick_y,-11720
64611,rstick_y,-1841
64614,lstick_x,32767
64614,lstick_y,-11720
64614,rstick_y,-1841
64620,lstick_x,32767
64620,lstick_y,-11720
64620,rstick_y,-1841
64629,lstick_x,32767
64629,lstick_y,-11720
64629,rstick_y,-1841
64637,lstick_x,32767
64637,lstick_y,-11720
64637,rstick_y,-1841
64642,lstick_x,32767
64642,lstick_y,-11778
64642,rstick_y,-1841
64646,lstick_x,32767
64646,lstick_y,-11778
64646,rstick_y,-1841
64653,lstick_x,32767
64653,lstick_y,-11778
64653,rstick_y,-1841
64655,lstick_x,32767
64655,lstick_y,-11778
64655,rstick_y,-1841
64658,lstick_x,32767
64658,lstick_y,-11778
64658,rstick_y,-1841
64662,lstick_x,32767
64662,lstick_y,-11778
64662,rstick_y,-1841
64669,lstick_x,32767
64669,lstick_y,-11778
64669,rstick_y,-1841
64674,lstick_x,32767
64674,lstick_y,-11778
64674,rstick_y,-1841
64677,lstick_x,32767
64677,lstick_y,-11778
64677,rstick_y,-1841
64680,lstick_x,32767
64680,lstick_y,-11778
64680,rstick_y,-1841
64685,lstick_x,32767
64685,lstick_y,-11778
64685,rstick_y,-1841
64693,lstick_x,32767
64693,lstick_y,-11778
64693,rstick_y,-1841
64701,lstick_x,32767
64701,lstick_y,-11778
64701,rstick_y,-1841
64706,lstick_x,32767
64706,lstick_y,-11778
64706,rstick_y,-1841
64709,lstick_x,32767
64709,lstick_y,-11778
64709,rstick_y,-1841
64717,lstick_x,32767
64717,lstick_y,-11778
64717,rstick_y,-1841
64721,lstick_x,32767
64721,lstick_y,-11778
64721,rstick_y,-1841
64726,lstick_x,32767
64726,lstick_y,-11778
64726,rstick_y,-1841
64733,lstick_x,32767
64733,lstick_y,-11778
64733,rstick_y,-1841
64741,lstick_x,32767
64741,lstick_y,-11778
64741,rstick_y,-1841
64749,lstick_x,32767
64749,lstick_y,-11778
64749,rstick_y,-1841
64754,lstick_x,32767
64754,lstick_y,-11778
64754,rstick_y,-1841
64757,lstick_x,32767
64757,lstick_y,-11778
64757,rstick_y,-1841
64761,lstick_x,32767
64761,lstick_y,-11778
64761,rstick_y,-1841
64765,lstick_x,32767
64765,lstick_y,-11778
64765,rstick_y,-1841
64772,lstick_x,32767
64772,lstick_y,-11839
64772,rstick_y,-1841
64778,lstick_x,32767
64778,lstick_y,-11839
64778,rstick_y,-1841
64781,lstick_x,32661
64781,lstick_y,-11976
64781,rstick_y,-1841
64789,lstick_x,32661
64789,lstick_y,-11976
64789,rstick_y,-1841
64793,lstick_x,32599
64793,lstick_y,-12137
64793,rstick_y,-1841
64797,lstick_x,32599
64797,lstick_y,-12137
64797,rstick_y,-1841
64805,lstick_x,32599
64805,lstick_y,-12137
64805,rstick_y,-1841
64809,lstick_x,32478
64809,lstick_y,-12340
64809,rstick_y,-1841
64812,lstick_x,32478
64812,lstick_y,-12340
64812,rstick_y,-1841
64819,lstick_x,32478
64819,lstick_y,-12340
64819,rstick_y,-1841
64823,lstick_x,32310
64823,lstick_y,-12582
64823,rstick_y,-1841
64834,lstick_x,32310
64834,lstick_y,-12582
64834,rstick_y,-1841
64837,lstick_x,32310
64837,lstick_y,-12582
64837,rstick_y,-1841
64844,lstick_x,32310
64844,lstick_y,-12582
64844,rstick_y,-1841
64853,lstick_x,32310
64853,lstick_y,-12582
64853,rstick_y,-1841
64861,lstick_x,32310
64861,lstick_y,-12582
64861,rstick_y,-1841
64869,lstick_x,31998
64869,lstick_y,-12879
64869,rstick_y,-1841
64872,lstick_x,31718
64872,lstick_y,-13225
64872,rstick_y,-1841
64876,lstick_x,31718
64876,lstick_y,-13225
64876,rstick_y,-1841
64885,lstick_x,31718
64885,lstick_y,-13225
64885,rstick_y,-1841
64888,lstick_x,31429
64888,lstick_y,-13559
64888,rstick_y,-1841
64893,lstick_x,31429
64893,lstick_y,-13559
64893,rstick_y,-1841
64901,lstick_x,31429
64901,lstick_y,-13559
64901,rstick_y,-1841
64909,lstick_x,31429
64909,lstick_y,-13559
64909,rstick_y,-1841
64917,lstick_x,31429
64917,lstick_y,-13559
64917,rstick_y,-1841
64920,lstick_x,30875
64920,lstick_y,-14298
64920,rstick_y,-1841
64923,lstick_x,30875
64923,lstick_y,-14298
64923,rstick_y,-1841
64928,lstick_x,30577
64928,lstick_y,-14760
64928,rstick_y,-1841
64935,lstick_x,30577
64935,lstick_y,-14760
64935,rstick_y,-1841
64941,lstick_x,30577
64941,lstick_y,-14760
64941,rstick_y,-1841
64949,lstick_x,30262
64949,lstick_y,-15335
64949,rstick_y,-1841
64954,lstick_x,30262
64954,lstick_y,-15335
64954,rstick_y,-1841
64958,lstick_x,30262
64958,lstick_y,-15335
64958,rstick_y,-1841
64965,lstick_x,30262
64965,lstick_y,-15335
64965,rstick_y,-1841
64973,lstick_x,30262
64973,lstick_y,-15335
64973,rstick_y,-1841
64977,lstick_x,29427
64977,lstick_y,-16598
64977,rstick_y,-1841
64980,lstick_x,29427
64980,lstick_y,-16598
64980,rstick_y,-1841
64987,lstick_x,29004
64987,lstick_y,-17269
64987,rstick_y,-1841
64990,lstick_x,29004
64990,lstick_y,-17269
64990,rstick_y,-1841
64998,lstick_x,29004
64998,lstick_y,-17269
64998,rstick_y,-1841
65005,lstick_x,29004
65005,lstick_y,-17269
65005,rstick_y,-1841
65009,lstick_x,28541
65009,lstick_y,-17977
65009,rstick_y,-1841
65012,lstick_x,28541
65012,lstick_y,-17977
65012,rstick_y,-1841
65021,lstick_x,28541
65021,lstick_y,-17977
65021,rstick_y,-1841
65029,lstick_x,28541
65029,lstick_y,-17977
65029,rstick_y,-1841
65036,lstick_x,27069
65036,lstick_y,-20186
65036,rstick_y,-1841
65039,lstick_x,27069
65039,lstick_y,-20186
65039,rstick_y,-1841
65052,lstick_x,27069
65052,lstick_y,-20186
65052,rstick_y,-1841
65061,lstick_x,26548
65061,lstick_y,-20961
65061,rstick_y,-1841
65069,lstick_x,26548
65069,lstick_y,-20961
65069,rstick_y,-1841
65077,lstick_x,26548
65077,lstick_y,-20961
65077,rstick_y,-1841
65085,lstick_x,26548
65085,lstick_y,-20961
65085,rstick_y,-1841
65088,lstick_x,25532
65088,lstick_y,-22347
65088,rstick_y,-1841
65090,lstick_x,24945
65090,lstick_y,-22936
65090,rstick_y,-1841
65096,lstick_x,24945
65096,lstick_y,-22936
65096,rstick_y,-1841
65102,lstick_x,24945
65102,lstick_y,-22936
65102,rstick_y,-1841
65108,lstick_x,24434
65108,lstick_y,-23459
65108,rstick_y,-1841
65112,lstick_x,24434
65112,lstick_y,-23459
65112,rstick_y,-1841
65117,lstick_x,24434
65117,lstick_y,-23459
65117,rstick_y,-1841
65125,lstick_x,24434
65125,lstick_y,-23459
65125,rstick_y,-1841
65133,lstick_x,24434
65133,lstick_y,-23459
65133,rstick_y,-1841
65137,lstick_x,23556
65137,lstick_y,-24345
65137,rstick_y,-1841
65140,lstick_x,23556
65140,lstick_y,-24345
65140,rstick_y,-1841
65143,lstick_x,23556
65143,lstick_y,-24345
65143,rstick_y,-1841
65156,lstick_x,23556
65156,lstick_y,-24345
65156,rstick_y,-1841
65161,lstick_x,23163
65161,lstick_y,-24740
65161,rstick_y,-1841
65165,lstick_x,23163
65165,lstick_y,-24740
65165,rstick_y,-1841
65169,lstick_x,22766
65169,lstick_y,-25130
65169,rstick_y,-1841
65173,lstick_x,22766
65173,lstick_y,-25130
65173,rstick_y,-1841
65180,lstick_x,22766
65180,lstick_y,-25130
65180,rstick_y,-1841
65187,lstick_x,22401
65187,lstick_y,-25477
65187,rstick_y,-1841
65191,lstick_x,22401
65191,lstick_y,-25477
65191,rstick_y,-1841
65197,lstick_x,22401
65197,lstick_y,-25477
65197,rstick_y,-1841
65203,lstick_x,22026
65203,lstick_y,-25794
65203,rstick_y,-1841
65206,lstick_x,22026
65206,lstick_y,-25794
65206,rstick_y,-1841
65212,lstick_x,22026
65212,lstick_y,-25794
65212,rstick_y,-1841
65221,lstick_x,22026
65221,lstick_y,-25794
65221,rstick_y,-1841
65228,lstick_x,21288
65228,lstick_y,-26336
65228,rstick_y,-1841
65237,lstick_x,21288
65237,lstick_y,-26336
65237,rstick_y,-1841
65245,lstick_x,21288
65245,lstick_y,-26336
65245,rstick_y,-1841
65253,lstick_x,21288
65253,lstick_y,-26336
65253,rstick_y,-1841
65256,lstick_x,20963
65256,lstick_y,-26573
65256,rstick_y,-1841
65270,lstick_x,20650
65270,lstick_y,-26785
65270,rstick_y,-1841
65277,lstick_x,20358
65277,lstick_y,-27001
65277,rstick_y,-1841
65288,lstick_x,20358
65288,lstick_y,-27001
65288,rstick_y,-1841
65293,lstick_x,20358
65293,lstick_y,-27001
65293,rstick_y,-1841
65301,lstick_x,20358
65301,lstick_y,-27001
65301,rstick_y,-1841
65304,lstick_x,19838
65304,lstick_y,-27477
65304,rstick_y,-1841
65307,lstick_x,19838
65307,lstick_y,-27477
65307,rstick_y,-1841
65312,lstick_x,19838
65312,lstick_y,-27477
65312,rstick_y,-1841
65320,lstick_x,19838
65320,lstick_y,-27477
65320,rstick_y,-1841
65325,lstick_x,19614
65325,lstick_y,-27697
65325,rstick_y,-1841
65328,lstick_x,19614
65328,lstick_y,-27697
65328,rstick_y,-1841
65331,lstick_x,19417
65331,lstick_y,-27913
65331,rstick_y,-1841
65336,lstick_x,19417
65336,lstick_y,-27913
65336,rstick_y,-1841
65341,lstick_x,19417
65341,lstick_y,-27913
65341,rstick_y,-1841
65345,lstick_x,19417
65345,lstick_y,-27913
65345,rstick_y,-1841
65351,lstick_x,19417
65351,lstick_y,-27913
65351,rstick_y,-1841
65359,lstick_x,19417
65359,lstick_y,-27913
65359,rstick_y,-1841
65362,lstick_x,19206
65362,lstick_y,-28137
65362,rstick_y,-1841
65365,lstick_x,19206
65365,lstick_y,-28137
65365,rstick_y,-1841
65370,lstick_x,19206
65370,lstick_y,-28137
65370,rstick_y,-1841
65373,lstick_x,19206
65373,lstick_y,-28137
65373,rstick_y,-1841
65378,lstick_x,18901
65378,lstick_y,-28385
65378,rstick_y,-1841
65381,lstick_x,18901
65381,lstick_y,-28385
65381,rstick_y,-1841
65389,lstick_x,18901
65389,lstick_y,-28385
65389,rstick_y,-1841
65395,lstick_x,18503
65395,lstick_y,-28618
65395,rstick_y,-1841
65405,lstick_x,18503
65405,lstick_y,-28618
65405,rstick_y,-1841
65413,lstick_x,18503
65413,lstick_y,-28618
65413,rstick_y,-1841
65420,lstick_x,18172
65420,lstick_y,-28821
65420,rstick_y,-1841
65423,lstick_x,18172
65423,lstick_y,-28821
65423,rstick_y,-1841
65433,lstick_x,18172
65433,lstick_y,-28821
65433,rstick_y,-1841
65438,lstick_x,18172
65438,lstick_y,-28821
65438,rstick_y,-1841
65444,lstick_x,17617
65444,lstick_y,-29152
65444,rstick_y,-1841
65453,lstick_x,17617
65453,lstick_y,-29152
65453,rstick_y,-1841
65461,lstick_x,17617
65461,lstick_y,-29152
65461,rstick_y,-1841
65469,lstick_x,17617
65469,lstick_y,-29152
65469,rstick_y,-1841
65471,lstick_x,17186
65471,lstick_y,-29425
65471,rstick_y,-1841
65478,lstick_x,17186
65478,lstick_y,-29425
65478,rstick_y,-1841
65485,lstick_x,17186
65485,lstick_y,-29425
65485,rstick_y,-1841
65493,lstick_x,17186
65493,lstick_y,-29425
65493,rstick_y,-1841
65501,lstick_x,17186
65501,lstick_y,-29425
65501,rstick_y,-1841
65509,lstick_x,17186
65509,lstick_y,-29425
65509,rstick_y,-1841
65517,lstick_x,17186
65517,lstick_y,-29425
65517,rstick_y,-1841
65520,lstick_x,16198
65520,lstick_y,-29857
65520,rstick_y,-1841
65523,lstick_x,16198
65523,lstick_y,-29857
65523,rstick_y,-1841
65538,lstick_x,16198
65538,lstick_y,-29857
65538,rstick_y,-1841
65543,lstick_x,15783
65543,lstick_y,-30041
65543,rstick_y,-1841
65554,lstick_x,14671
65554,lstick_y,-30587
65554,rstick_y,-1841
65557,lstick_x,14671
65557,lstick_y,-30587
65557,rstick_y,-1841
65565,lstick_x,14671
65565,lstick_y,-30587
65565,rstick_y,-1841
65572,lstick_x,13496
65572,lstick_y,-31130
65572,rstick_y,-1841
65575,lstick_x,13496
65575,lstick_y,-31130
65575,rstick_y,-1841
65580,lstick_x,13496
65580,lstick_y,-31130
65580,rstick_y,-1841
65592,lstick_x,13496
65592,lstick_y,-31130
65592,rstick_y,-1841
65597,lstick_x,13058
65597,lstick_y,-31345
65597,rstick_y,-1841
65604,lstick_x,12702
65604,lstick_y,-31528
65604,rstick_y,-1841
65613,lstick_x,12702
65613,lstick_y,-31528
65613,rstick_y,-1841
65621,lstick_x,12702
65621,lstick_y,-31528
65621,rstick_y,-1841
65625,lstick_x,12417
65625,lstick_y,-31680
65625,rstick_y,-1841
65627,lstick_x,12417
65627,lstick_y,-31680
65627,rstick_y,-1841
65631,lstick_x,12183
65631,lstick_y,-31802
65631,rstick_y,-1841
65636,lstick_x,12183
65636,lstick_y,-31802
65636,rstick_y,-1841
65640,lstick_x,12183
65640,lstick_y,-31802
65640,rstick_y,-1841
65645,lstick_x,12183
65645,lstick_y,-31802
65645,rstick_y,-1841
65654,lstick_x,12183
65654,lstick_y,-31802
65654,rstick_y,-1841
65661,lstick_x,11996
65661,lstick_y,-31905
65661,rstick_y,-1841
65669,lstick_x,11996
65669,lstick_y,-31905
65669,rstick_y,-1841
65677,lstick_x,11996
65677,lstick_y,-31905
65677,rstick_y,-1841
65685,lstick_x,11996
65685,lstick_y,-31905
65685,rstick_y,-1841
65687,lstick_x,11731
65687,lstick_y,-32054
65687,rstick_y,-1841
65690,lstick_x,11731
65690,lstick_y,-32054
65690,rstick_y,-1841
65693,lstick_x,11731
65693,lstick_y,-32054
65693,rstick_y,-1841
65702,lstick_x,11731
65702,lstick_y,-32054
65702,rstick_y,-1841
65707,lstick_x,12494
65707,lstick_y,-31871
65707,rstick_y,-1841
65710,lstick_x,12494
65710,lstick_y,-31871
65710,rstick_y,-1841
65717,lstick_x,12494
65717,lstick_y,-31871
65717,rstick_y,-1841
65725,lstick_x,12494
65725,lstick_y,-31871
65725,rstick_y,-1841
65733,lstick_x,12494
65733,lstick_y,-31871
65733,rstick_y,-1841
65737,lstick_x,13573
65737,lstick_y,-31458
65737,rstick_y,-1841
65739,lstick_x,13573
65739,lstick_y,-31458
65739,rstick_y,-1841
65747,lstick_x,13573
65747,lstick_y,-31458
65747,rstick_y,-1841
65754,lstick_x,13573
65754,lstick_y,-31458
65754,rstick_y,-1841
65757,lstick_x,14697
65757,lstick_y,-30882
65757,rstick_y,-1841
65761,lstick_x,14697
65761,lstick_y,-30882
65761,rstick_y,-1841
65764,lstick_x,14697
65764,lstick_y,-30882
65764,rstick_y,-1841
65773,lstick_x,14697
65773,lstick_y,-30882
65773,rstick_y,-1841
65781,lstick_x,14697
65781,lstick_y,-30882
65781,rstick_y,-1841
65789,lstick_x,14697
65789,lstick_y,-30882
65789,rstick_y,-1841
65792,lstick_x,21616
65792,lstick_y,-29308
65792,rstick_y,-1841
65797,lstick_x,21616
65797,lstick_y,-29308
65797,rstick_y,-1841
65807,lstick_x,22139
65807,lstick_y,-28447
65807,rstick_y,-1841
65814,lstick_x,22139
65814,lstick_y,-28447
65814,rstick_y,-1841
65822,lstick_x,23345
65822,lstick_y,-26633
65822,rstick_y,-1841
65829,lstick_x,23345
65829,lstick_y,-26633
65829,rstick_y,-1841
65837,lstick_x,23949
65837,lstick_y,-25788
65837,rstick_y,-1841
65841,lstick_x,24621
65841,lstick_y,-24889
65841,rstick_y,-1841
65845,lstick_x,24621
65845,lstick_y,-24889
65845,rstick_y,-1841
65854,lstick_x,24621
65854,lstick_y,-24889
65854,rstick_y,-1841
65862,lstick_x,24621
65862,lstick_y,-24889
65862,rstick_y,-1841
65869,lstick_x,25254
65869,lstick_y,-23884
65869,rstick_y,-1841
65877,lstick_x,25254
65877,lstick_y,-23884
65877,rstick_y,-1841
65885,lstick_x,25254
65885,lstick_y,-23884
65885,rstick_y,-1841
65889,lstick_x,25743
65889,lstick_y,-22664
65889,rstick_y,-1841
65892,lstick_x,25743
65892,lstick_y,-22664
65892,rstick_y,-1841
65898,lstick_x,25743
65898,lstick_y,-22664
65898,rstick_y,-1841
65908,lstick_x,25743
65908,lstick_y,-22664
65908,rstick_y,-1841
65911,lstick_x,25814
65911,lstick_y,-15048
65911,rstick_y,-1841
65917,lstick_x,25814
65917,lstick_y,-15048
65917,rstick_y,-1841
65921,lstick_x,25593
65921,lstick_y,-14512
65921,rstick_y,-1841
65925,lstick_x,25593
65925,lstick_y,-14512
65925,rstick_y,-1841
65934,lstick_x,25593
65934,lstick_y,-14512
65934,rstick_y,-1841
65939,lstick_x,25416
65939,lstick_y,-13838
65939,rstick_y,-1841
65944,lstick_x,25416
65944,lstick_y,-13838
65944,rstick_y,-1841
65947,lstick_x,25416
65947,lstick_y,-13838
65947,rstick_y,-1841
65954,lstick_x,25416
65954,lstick_y,-13838
65954,rstick_y,-1841
65957,lstick_x,25416
65957,lstick_y,-13838
65957,rstick_y,-1841
65960,lstick_x,25196
65960,lstick_y,-12631
65960,rstick_y,-1841
65965,lstick_x,25196
65965,lstick_y,-12631
65965,rstick_y,-1841
65971,lstick_x,25196
65971,lstick_y,-12631
65971,rstick_y,-1841
65977,lstick_x,25406
65977,lstick_y,-12150
65977,rstick_y,-1841
65981,lstick_x,25406
65981,lstick_y,-12150
65981,rstick_y,-1841
65989,lstick_x,25406
65989,lstick_y,-12150
65989,rstick_y,-1841
65997,lstick_x,25406
65997,lstick_y,-12150
65997,rstick_y,-1841
66003,lstick_x,26161
66003,lstick_y,-11769
66003,rstick_y,-1841
66006,lstick_x,26161
66006,lstick_y,-11769
66006,rstick_y,-1841
66014,lstick_x,26161
66014,lstick_y,-11769
66014,rstick_y,-1841
66021,lstick_x,32767
66021,lstick_y,-11506
66021,rstick_y,-1841
66025,lstick_x,32767
66025,lstick_y,-11506
66025,rstick_y,-1841
66029,lstick_x,32767
66029,lstick_y,-11506
66029,rstick_y,-1841
66037,lstick_x,32767
66037,lstick_y,-11506
66037,rstick_y,-1841
66045,lstick_x,32767
66045,lstick_y,-11506
66045,rstick_y,-1841
66053,lstick_x,32767
66053,lstick_y,-11129
66053,rstick_y,-1841
66056,lstick_x,32767
66056,lstick_y,-11129
66056,rstick_y,-1841
66061,lstick_x,32767
66061,lstick_y,-11129
66061,rstick_y,-1841
66069,lstick_x,32767
66069,lstick_y,-11129
66069,rstick_y,-1841
66077,lstick_x,32767
66077,lstick_y,-10751
66077,rstick_y,-1841
66085,lstick_x,32767
66085,lstick_y,-10751
66085,rstick_y,-1841
66093,lstick_x,32767
66093,lstick_y,-10751
66093,rstick_y,-1841
66101,lstick_x,32767
66101,lstick_y,-10751
66101,rstick_y,-1841
66104,lstick_x,32767
66104,lstick_y,-10504
66104,rstick_y,-1841
66107,lstick_x,32767
66107,lstick_y,-10504
66107,rstick_y,-1841
66122,lstick_x,32767
66122,lstick_y,-10504
66122,rstick_y,-1841
66127,lstick_x,32767
66127,lstick_y,-10422
66127,rstick_y,-1841
66133,lstick_x,32767
66133,lstick_y,-10351
66133,rstick_y,-1841
66141,lstick_x,32767
66141,lstick_y,-10351
66141,rstick_y,-1841
66149,lstick_x,32767
66149,lstick_y,-10351
66149,rstick_y,-1841
66155,lstick_x,32767
66155,lstick_y,-10231
66155,rstick_y,-1841
66158,lstick_x,32767
66158,lstick_y,-10078
66158,rstick_y,-1841
66161,lstick_x,32767
66161,lstick_y,-10078
66161,rstick_y,-1841
66164,lstick_x,32767
66164,lstick_y,-10078
66164,rstick_y,-1841
66170,lstick_x,32767
66170,lstick_y,-10078
66170,rstick_y,-1841
66173,lstick_x,32767
66173,lstick_y,-10078
66173,rstick_y,-1841
66181,lstick_x,32767
66181,lstick_y,-9956
66181,rstick_y,-1841
66189,lstick_x,32767
66189,lstick_y,-9956
66189,rstick_y,-1841
66195,lstick_x,32767
66195,lstick_y,-9813
66195,rstick_y,-1841
66198,lstick_x,32767
66198,lstick_y,-9813
66198,rstick_y,-1841
66205,lstick_x,32767
66205,lstick_y,-9813
66205,rstick_y,-1841
66213,lstick_x,32767
66213,lstick_y,-9813
66213,rstick_y,-1841
66221,lstick_x,32767
66221,lstick_y,-9813
66221,rstick_y,-1841
66226,lstick_x,12885
66226,lstick_y,-7962
66226,rstick_y,-1841
66229,lstick_x,12885
66229,lstick_y,-7962
66229,rstick_y,-1841
66236,lstick_x,2177
66236,rstick_y,-1841
66245,lstick_x,2177
66245,rstick_y,-1841
66253,lstick_x,2177
66253,rstick_y,-1841
66257,lstick_x,1941
66257,rstick_y,-1841
66261,lstick_x,1941
66261,rstick_y,-1841
66270,lstick_x,1740
66270,rstick_y,-1841
66277,lstick_x,1740
66277,rstick_y,-1841
66285,lstick_x,1740
66285,rstick_y,-1841
66290,lstick_x,1502
66290,rstick_y,-1841
66296,lstick_x,1502
66296,rstick_y,-1841
66301,lstick_x,1235
66301,rstick_y,-1841
66311,lstick_x,1235
66311,rstick_y,-1841
66317,lstick_x,1235
66317,rstick_y,-1841
66321,lstick_y,1030
66321,rstick_y,-1841
66325,lstick_y,1099
66325,rstick_y,-1841
66336,lstick_y,1099
66336,rstick_y,-1841
66345,lstick_y,1099
66345,rstick_y,-1841
66349,lstick_y,1099
66349,rstick_y,-1841
66354,lstick_y,1237
66354,rstick_y,-1841
66357,lstick_y,1237
66357,rstick_y,-1841
66367,lstick_y,1237
66367,rstick_y,-1841
66373,lstick_y,1237
66373,rstick_y,-1841
66382,lstick_y,1237
66382,rstick_y,-1841
66387,lstick_y,1356
66387,rstick_y,-1841
66389,lstick_y,1356
66389,rstick_y,-1841
66397,lstick_y,1356
66397,rstick_y,-1841
66405,lstick_y,1356
66405,rstick_y,-1841
66409,lstick_y,1356
66409,rstick_y,-1841
66413,lstick_y,1356
66413,rstick_y,-1841
66420,lstick_y,1356
66420,rstick_y,-1841
66424,lstick_y,1401
66424,rstick_y,-1841
66429,lstick_y,1401
66429,rstick_y,-1841
66437,lstick_y,1401
66437,rstick_y,-1841
66448,lstick_y,1401
66448,rstick_y,-1841
66453,lstick_y,1401
66453,rstick_y,-1841
66461,lstick_y,1401
66461,rstick_y,-1841
66469,lstick_y,1401
66469,rstick_y,-1841
66477,lstick_y,1401
66477,rstick_y,-1841
66480,lstick_y,1481
66480,rstick_y,-1841
66485,lstick_y,1481
66485,rstick_y,-1841
66488,lstick_y,1507
66488,rstick_y,-1841
66491,lstick_y,1507
66491,rstick_y,-1841
66509,lstick_y,1507
66509,rstick_y,-1841
66517,lstick_y,1507
66517,rstick_y,-1841
66521,lstick_y,1507
66521,rstick_y,-1841
66525,lstick_y,1507
66525,rstick_y,-1841
66536,lstick_y,1507
66536,rstick_y,-1841
66541,lstick_y,1507
66541,rstick_y,-1841
66549,lstick_y,1507
66549,rstick_y,-1841
66553,lstick_y,1507
66553,rstick_y,-1841
66556,lstick_y,1507
66556,rstick_y,-1841
66564,lstick_y,1507
66564,rstick_y,-1841
66572,lstick_y,1507
66572,rstick_y,-1841
66582,lstick_y,1507
66582,rstick_y,-1841
66588,lstick_y,1507
66588,rstick_y,-1841
66592,lstick_y,1507
66592,rstick_y,-1841
66598,lstick_y,1507
66598,rstick_y,-1841
66605,lstick_y,1507
66605,rstick_y,-1841
66613,lstick_y,1507
66613,rstick_y,-1841
66620,lstick_y,1507
66620,rstick_y,-1841
66623,lstick_y,1507
66623,rstick_y,-1841
66629,lstick_y,1507
66629,rstick_y,-1841
66638,lstick_y,1507
66638,rstick_y,-1841
66647,lstick_y,1507
66647,rstick_y,-1841
66653,lstick_y,1507
66653,rstick_y,-1841
66661,lstick_y,1507
66661,rstick_y,-1841
66669,lstick_y,1507
66669,rstick_y,-1841
66673,lstick_y,1507
66673,rstick_y,-1841
66677,lstick_y,1507
66677,rstick_y,-1841
66680,lstick_y,1507
66680,rstick_y,-1841
66685,lstick_y,1507
66685,rstick_y,-1841
66688,lstick_y,1507
66688,rstick_y,-1841
66693,lstick_y,1507
66693,rstick_y,-1841
66704,lstick_y,1507
66704,rstick_y,-1841
66709,lstick_y,1507
66709,rstick_y,-1841
66714,lstick_y,1507
66714,rstick_y,-1841
66717,lstick_y,1507
66717,rstick_y,-1841
66725,lstick_y,1507
66725,rstick_y,-1841
66733,lstick_y,1507
66733,rstick_y,-1841
66738,lstick_y,1507
66738,rstick_y,-1841
66742,lstick_y,1507
66742,rstick_y,-1841
66745,lstick_y,1507
66745,rstick_y,-1841
66749,lstick_y,1507
66749,rstick_y,-1841
66753,lstick_y,1507
66753,rstick_y,-1841
66756,lstick_y,1507
66756,rstick_y,-1841
66762,lstick_y,1507
66762,rstick_y,-1841
66770,lstick_y,1507
66770,rstick_y,-1841
66773,lstick_y,1507
66773,rstick_y,-1841
66781,lstick_y,1507
66781,rstick_y,-1841
66786,lstick_y,1507
66786,rstick_y,-1841
66797,lstick_y,1507
66797,rstick_y,-1841
66805,lstick_y,1507
66805,rstick_y,-1841
66809,lstick_y,1507
66809,rstick_y,-1841
66812,lstick_y,1507
66812,rstick_y,-1841
66819,lstick_y,1507
66819,rstick_y,-1841
66822,lstick_y,1507
66822,rstick_y,-1841
66834,lstick_y,1507
66834,rstick_y,-1841
66837,lstick_y,1507
66837,rstick_y,-1841
66845,lstick_y,1507
66845,rstick_y,-1841
66852,lstick_y,1507
66852,rstick_y,-1841
66861,lstick_y,1507
66861,rstick_y,-1841
66869,lstick_y,1507
66869,rstick_y,-1841
66872,lstick_y,1507
66872,rstick_y,-1841
66875,lstick_y,1507
66875,rstick_y,-1841
66881,lstick_y,1507
66881,rstick_y,-1841
66885,lstick_y,1507
66885,rstick_y,-1841
66889,lstick_y,1507
66889,rstick_y,-1841
66893,lstick_y,1507
66893,rstick_y,-1841
66898,lstick_x,1054
66898,lstick_y,1507
66898,rstick_y,-1841
66913,lstick_x,1054
66913,lstick_y,1507
66913,rstick_y,-1841
66923,lstick_x,1054
66923,lstick_y,1507
66923,rstick_y,-1841
66926,lstick_x,1054
66926,lstick_y,1507
66926,rstick_y,-1841
66941,lstick_x,1054
66941,lstick_y,1507
66941,rstick_y,-1841
66950,lstick_x,1054
66950,lstick_y,1507
66950,rstick_y,-1841
66953,lstick_x,1054
66953,lstick_y,1708
66953,rstick_y,-1841
66969,lstick_x,1054
66969,lstick_y,1708
66969,rstick_y,-1841
66972,lstick_x,1054
66972,lstick_y,1922
66972,rstick_y,-1841
66981,lstick_x,1054
66981,lstick_y,1922
66981,rstick_y,-1841
66989,lstick_x,1054
66989,lstick_y,1922
66989,rstick_y,-1841
66994,lstick_x,1054
66994,lstick_y,2269
66994,rstick_y,-1841
66998,lstick_x,1054
66998,lstick_y,2269
66998,rstick_y,-1841
67009,lstick_x,1054
67009,lstick_y,2269
67009,rstick_y,-1841
67016,lstick_y,10982
67016,rstick_y,-1841
67021,lstick_y,10982
67021,rstick_y,-1841
67037,lstick_y,10982
67037,rstick_y,-1841
67046,lstick_y,10982
67046,rstick_y,-1841
67053,lstick_y,10982
67053,rstick_y,-1841
67062,lstick_y,12235
67062,rstick_y,-1841
67069,lstick_y,12235
67069,rstick_y,-1841
67074,lstick_y,14238
67074,rstick_y,-1841
67077,lstick_y,14238
67077,rstick_y,-1841
67085,lstick_y,14238
67085,rstick_y,-1841
67096,lstick_y,14238
67096,rstick_y,-1841
67102,lstick_y,14238
67102,rstick_y,-1841
67109,lstick_x,1135
67109,lstick_y,16229
67109,rstick_y,-1841
67117,lstick_x,1135
67117,lstick_y,16229
67117,rstick_y,-1841
67120,lstick_x,1296
67120,lstick_y,18342
67120,rstick_y,-1841
67124,lstick_x,1296
67124,lstick_y,18342
67124,rstick_y,-1841
67143,lstick_x,1296
67143,lstick_y,18342
67143,rstick_y,-1841
67154,lstick_x,1296
67154,lstick_y,18342
67154,rstick_y,-1841
67166,lstick_x,1296
67166,lstick_y,18342
67166,rstick_y,-1841
67180,lstick_x,1296
67180,lstick_y,18342
67180,rstick_y,-1841
67183,lstick_x,1296
67183,lstick_y,18342
67183,rstick_y,-1841
67190,lstick_x,1393
67190,lstick_y,22822
67190,rstick_y,-1841
67200,lstick_x,1393
67200,lstick_y,22822
67200,rstick_y,-1841
67215,lstick_x,1393
67215,lstick_y,22822
67215,rstick_y,-1841
67219,lstick_x,1393
67219,lstick_y,23866
67219,rstick_y,-1841
67240,lstick_x,1393
67240,lstick_y,23866
67240,rstick_y,-1841
67245,lstick_x,1393
67245,lstick_y,25462
67245,rstick_y,-1841
67253,lstick_x,1393
67253,lstick_y,25462
67253,rstick_y,-1841
67261,lstick_x,1393
67261,lstick_y,25462
67261,rstick_y,-1841
67265,lstick_x,2857
67265,lstick_y,26377
67265,rstick_y,-1841
67269,lstick_x,10632
67269,lstick_y,26407
67269,rstick_y,-1841
67272,lstick_x,10632
67272,lstick_y,26407
67272,rstick_y,-1841
67280,lstick_x,10632
67280,lstick_y,26407
67280,rstick_y,-1841
67307,lstick_x,10632
67307,lstick_y,26407
67307,rstick_y,-1841
67311,lstick_x,12525
67311,lstick_y,25431
67311,rstick_y,-1841
67332,lstick_x,12525
67332,lstick_y,25431
67332,rstick_y,-1841
67345,lstick_x,14446
67345,lstick_y,23645
67345,rstick_y,-1841
67351,lstick_x,14446
67351,lstick_y,23645
67351,rstick_y,-1841
67354,lstick_x,15130
67354,lstick_y,22396
67354,rstick_y,-1841
67358,lstick_x,15130
67358,lstick_y,22396
67358,rstick_y,-1841
67365,lstick_x,15130
67365,lstick_y,22396
67365,rstick_y,-1841
67373,lstick_x,15130
67373,lstick_y,22396
67373,rstick_y,-1841
67381,lstick_x,15130
67381,lstick_y,22396
67381,rstick_y,-1841
67392,lstick_x,15130
67392,lstick_y,22396
67392,rstick_y,-1841
67399,lstick_x,16464
67399,lstick_y,13511
67399,rstick_y,-1841
67403,lstick_x,16740
67403,lstick_y,12653
67403,rstick_y,-1841
67406,lstick_x,16740
67406,lstick_y,12653
67406,rstick_y,-1841
67412,lstick_x,16740
67412,lstick_y,12653
67412,rstick_y,-1841
67423,lstick_x,16740
67423,lstick_y,12653
67423,rstick_y,-1841
67435,lstick_x,16740
67435,lstick_y,12653
67435,rstick_y,-1841
67459,lstick_x,16740
67459,lstick_y,12653
67459,rstick_y,-1841
67465,lstick_x,16740
67465,lstick_y,12653
67465,rstick_y,-1841
67471,lstick_x,18136
67471,lstick_y,10386
67471,rstick_y,-1841
67477,lstick_x,26222
67477,lstick_y,2756
67477,rstick_y,-1841
67486,lstick_x,26222
67486,lstick_y,2756
67486,rstick_y,-1841
67493,lstick_x,26222
67493,lstick_y,2756
67493,rstick_y,-1841
67501,lstick_x,26222
67501,lstick_y,2756
67501,rstick_y,-1841
67509,lstick_x,26222
67509,lstick_y,2756
67509,rstick_y,-1841
67517,lstick_x,26222
67517,lstick_y,2756
67517,rstick_y,-1841
67525,lstick_x,26222
67525,lstick_y,2756
67525,rstick_y,-1841
67535,lstick_x,26222
67535,lstick_y,2756
67535,rstick_y,-1841
67539,lstick_x,32767
67539,rstick_y,-1841
67542,lstick_x,32767
67542,rstick_y,-1841
67548,lstick_x,32767
67548,rstick_y,-1841
67557,lstick_x,32767
67557,rstick_y,-1841
67571,lstick_x,32767
67571,rstick_y,-1841
67601,lstick_x,32767
67601,rstick_y,-1841
67606,lstick_x,32767
67606,rstick_y,-1841
67615,lstick_x,32767
67615,rstick_y,-1841
67623,lstick_x,32767
67623,rstick_y,-1841
67632,lstick_x,32767
67632,rstick_y,-1841
67647,lstick_x,32767
67647,rstick_y,-1841
67653,lstick_x,32767
67653,rstick_y,-1841
67661,lstick_x,32767
67661,rstick_y,-1841
67669,lstick_x,32767
67669,rstick_y,-1841
67672,lstick_x,32767
67672,lstick_y,-1110
67672,rstick_y,-1841
67694,lstick_x,32767
67694,lstick_y,-1110
67694,rstick_y,-1841
67707,lstick_x,32767
67707,lstick_y,-1110
67707,rstick_y,-1841
67716,lstick_x,32767
67716,lstick_y,-1110
67716,rstick_y,-1841
67721,lstick_x,32767
67721,lstick_y,-1110
67721,rstick_y,-1841
67725,lstick_x,32767
67725,rstick_y,-1841
67742,lstick_x,32767
67742,rstick_y,-1841
67754,lstick_x,32767
67754,rstick_y,-1841
67757,lstick_x,32767
67757,rstick_y,-1841
67768,lstick_x,32767
67768,rstick_y,-1841
67774,lstick_x,31550
67774,rstick_y,-1841
67778,lstick_x,18755
67778,lstick_y,1650
67778,rstick_y,-1841
67781,lstick_x,18755
67781,lstick_y,1650
67781,rstick_y,-1841
67789,lstick_x,18755
67789,lstick_y,1650
67789,rstick_y,-1841
67791,lstick_x,18755
67791,lstick_y,1650
67791,rstick_y,-1841
67794,lstick_x,11985
67794,lstick_y,2801
67794,rstick_y,-1841
67797,lstick_x,11985
67797,lstick_y,2801
67797,rstick_y,-1841
67803,lstick_x,11985
67803,lstick_y,2801
67803,rstick_y,-1841
67806,lstick_x,11187
67806,lstick_y,3717
67806,rstick_y,-1841
67809,lstick_x,11187
67809,lstick_y,3717
67809,rstick_y,-1841
67822,lstick_x,11187
67822,lstick_y,3717
67822,rstick_y,-1841
67831,lstick_x,11187
67831,lstick_y,3717
67831,rstick_y,-1841
67836,lstick_x,9999
67836,lstick_y,4333
67836,rstick_y,-1841
67845,lstick_x,9999
67845,lstick_y,4333
67845,rstick_y,-1841
67853,lstick_x,9999
67853,lstick_y,4333
67853,rstick_y,-1841
67861,lstick_x,9999
67861,lstick_y,4333
67861,rstick_y,-1841
67863,lstick_x,7529
67863,lstick_y,4486
67863,rstick_y,-1841
67869,lstick_x,7529
67869,lstick_y,4486
67869,rstick_y,-1841
67872,lstick_x,6350
67872,lstick_y,4076
67872,rstick_y,-1841
67877,lstick_x,6350
67877,lstick_y,4076
67877,rstick_y,-1841
67890,lstick_x,6350
67890,lstick_y,4076
67890,rstick_y,-1841
67902,lstick_x,6350
67902,lstick_y,4076
67902,rstick_y,-1841
67909,lstick_x,4512
67909,lstick_y,3256
67909,rstick_y,-1841
67917,lstick_x,4512
67917,lstick_y,3256
67917,rstick_y,-1841
67927,lstick_x,4512
67927,lstick_y,3256
67927,rstick_y,-1841
67933,lstick_x,4512
67933,lstick_y,3256
67933,rstick_y,-1841
67937,lstick_x,3308
67937,lstick_y,2604
67937,rstick_y,-1841
67941,lstick_x,3308
67941,lstick_y,2604
67941,rstick_y,-1841
67950,lstick_x,2880
67950,lstick_y,2341
67950,rstick_y,-1841
67953,lstick_x,2880
67953,lstick_y,2341
67953,rstick_y,-1841
67957,lstick_x,2531
67957,lstick_y,2108
67957,rstick_y,-1841
67963,lstick_x,2531
67963,lstick_y,2108
67963,rstick_y,-1841
67971,lstick_x,2531
67971,lstick_y,2108
67971,rstick_y,-1841
67976,lstick_x,2531
67976,lstick_y,2108
67976,rstick_y,-1841
67982,lstick_x,2531
67982,lstick_y,2108
67982,rstick_y,-1841
67988,lstick_x,2252
67988,lstick_y,1881
67988,rstick_y,-1841
68003,lstick_x,2252
68003,lstick_y,1881
68003,rstick_y,-1841
68012,lstick_x,2029
68012,lstick_y,1647
68012,rstick_y,-1841
68019,lstick_x,1851
68019,lstick_y,1407
68019,rstick_y,-1841
68023,lstick_x,1851
68023,lstick_y,1407
68023,rstick_y,-1841
68031,lstick_x,1851
68031,lstick_y,1407
68031,rstick_y,-1841
68040,lstick_x,1851
68040,lstick_y,1407
68040,rstick_y,-1841
68049,lstick_x,1851
68049,lstick_y,1407
68049,rstick_y,-1841
68055,lstick_x,1601
68055,rstick_y,-1841
68061,lstick_x,1601
68061,rstick_y,-1841
68069,lstick_x,1601
68069,rstick_y,-1841
68077,lstick_x,1601
68077,rstick_y,-1841
68085,lstick_x,1601
68085,rstick_y,-1841
68088,lstick_x,1435
68088,rstick_y,-1841
68091,lstick_x,1376
68091,rstick_y,-1841
68101,lstick_x,1376
68101,rstick_y,-1841
68104,lstick_x,1376
68104,rstick_y,-1841
68110,lstick_x,1376
68110,rstick_y,-1841
68120,lstick_x,1376
68120,rstick_y,-1841
68123,lstick_x,1335
68123,rstick_y,-1841
68130,lstick_x,1335
68130,rstick_y,-1841
68136,lstick_x,1335
68136,rstick_y,-1841
68142,lstick_x,1265
68142,rstick_y,-1841
68149,lstick_x,1265
68149,rstick_y,-1841
68157,lstick_x,1265
68157,rstick_y,-1841
68161,lstick_x,1265
68161,rstick_y,-1841
68163,lstick_x,1265
68163,rstick_y,-1841
68169,lstick_x,1220
68169,rstick_y,-1841
68172,lstick_x,1220
68172,rstick_y,-1841
68190,lstick_x,1220
68190,rstick_y,-1841
68199,lstick_x,1220
68199,rstick_y,-1841
68203,lstick_x,1220
68203,rstick_y,-1841
68207,lstick_x,1220
68207,rstick_y,-1841
68213,lstick_x,1220
68213,rstick_y,-1841
68221,lstick_x,1220
68221,rstick_y,-1841
68229,lstick_x,1220
68229,rstick_y,-1841
68237,lstick_x,1166
68237,rstick_y,-1841
68240,lstick_x,1166
68240,rstick_y,-1841
68245,lstick_x,1166
68245,rstick_y,-1841
68261,lstick_x,1166
68261,rstick_y,-1841
68271,lstick_x,1166
68271,rstick_y,-1841
68277,lstick_x,1166
68277,rstick_y,-1841
68287,lstick_x,1166
68287,rstick_y,-1841
68294,lstick_x,1166
68294,rstick_y,-1841
68297,lstick_x,1166
68297,rstick_y,-1841
68301,lstick_x,1166
68301,rstick_y,-1841
68306,b,1
68306,rstick_y,-1841
68310,rstick_y,-1841
68317,rstick_y,-1841
68322,rstick_y,-1841
68328,rstick_y,-1841
68331,rstick_y,-1841
68338,rstick_y,-1841
68342,rstick_y,-1841
68347,rstick_y,-1841
68350,rstick_y,-1841
68353,rstick_y,-1841
68357,rstick_y,-1841
68367,rstick_y,-1841
68373,rstick_y,-1841
68379,rstick_y,-1872
68386,rstick_y,-1872
68389,rstick_y,-1872
68397,rstick_y,-1872
68405,rstick_y,-1872
68415,rstick_y,-1872
68421,rstick_y,-1872
68424,rstick_y,-1872
68429,rstick_y,-1872
68437,rstick_y,-1872
68445,rstick_y,-1872
68449,rstick_y,-1872
68453,rstick_y,-1872
68455,b,0
68455,rstick_y,-1872
68458,rstick_y,-1872
68464,rstick_y,-1872
68473,rstick_y,-1872
68477,rstick_y,-1872
68481,rstick_y,-1872
68486,rstick_y,-1872
68490,rstick_y,-1872
68493,rstick_y,-1872
68496,rstick_y,-1872
68501,rstick_y,-1872
68509,rstick_y,-1872
68517,rstick_y,-1872
68522,lstick_x,-1030
68522,rstick_y,-1872
68525,lstick_x,-1030
68525,rstick_y,-1872
68527,lstick_x,-1094
68527,rstick_y,-1872
68531,lstick_x,-1094
68531,rstick_y,-1872
68534,lstick_x,-1094
68534,rstick_y,-1872
68542,lstick_x,-1094
68542,rstick_y,-1872
68552,lstick_x,-1151
68552,rstick_y,-1872
68555,lstick_x,-1202
68555,rstick_y,-1872
68561,lstick_x,-1202
68561,rstick_y,-1872
68565,lstick_x,-1202
68565,rstick_y,-1872
68571,lstick_x,-1202
68571,rstick_y,-1872
68581,lstick_x,-1202
68581,rstick_y,-1872
68589,lstick_x,-1202
68589,rstick_y,-1872
68597,lstick_x,-1202
68597,rstick_y,-1872
68603,lstick_x,-1270
68603,rstick_y,-1872
68606,lstick_x,-1270
68606,rstick_y,-1872
68617,lstick_x,-1270
68617,rstick_y,-1872
68621,lstick_x,-1270
68621,rstick_y,-1872
68627,lstick_x,-1270
68627,rstick_y,-1872
68632,lstick_x,-1270
68632,rstick_y,-1872
68637,lstick_x,-1270
68637,rstick_y,-1872
68644,lstick_x,-1270
68644,rstick_y,-1872
68658,lstick_x,-1270
68658,rstick_y,-1872
68663,rstick_y,-1872
68667,rstick_y,-1872
68673,rstick_y,-1872
68676,rstick_y,-1872
68685,rstick_y,-1872
68692,rstick_y,-1872
68696,rstick_y,-1872
68703,rstick_y,-1872
68709,rstick_y,-1872
68717,rstick_y,-1872
68720,rstick_y,-1872
68725,rstick_y,-1872
68729,rstick_y,-1872
68733,rstick_y,-1872
68737,rstick_y,-1872
68741,rstick_y,-1872
68745,rstick_y,-1872
68748,rstick_y,-1872
68753,rstick_y,-1872
68757,rstick_y,-1872
68771,rstick_y,-1872
68783,rstick_y,-1872
68788,lstick_y,-1320
68788,rstick_y,-1872
68797,lstick_y,-1320
68797,rstick_y,-1872
68805,lstick_y,-1320
68805,rstick_y,-1872
68813,lstick_y,-1320
68813,rstick_y,-1872
68820,lstick_x,-8481
68820,lstick_y,-2864
68820,rstick_y,-1872
68824,lstick_x,-8481
68824,lstick_y,-2864
68824,rstick_y,-1872
68829,lstick_x,-8481
68829,lstick_y,-2864
68829,rstick_y,-1872
68839,lstick_x,-8481
68839,lstick_y,-2864
68839,rstick_y,-1872
68845,lstick_x,-8481
68845,lstick_y,-2864
68845,rstick_y,-1872
68853,lstick_x,-8481
68853,lstick_y,-2864
68853,rstick_y,-1872
68860,lstick_x,-18144
68860,lstick_y,-6453
68860,rstick_y,-1872
68875,lstick_x,-18144
68875,lstick_y,-6453
68875,rstick_y,-1872
68885,lstick_x,-18144
68885,lstick_y,-6453
68885,rstick_y,-1872
68888,lstick_x,-19319
68888,lstick_y,-8966
68888,rstick_y,-1872
68894,lstick_x,-19319
68894,lstick_y,-8966
68894,rstick_y,-1872
68903,lstick_x,-19319
68903,lstick_y,-8966
68903,rstick_y,-1872
68906,lstick_x,-20129
68906,lstick_y,-10099
68906,rstick_y,-1872
68914,lstick_x,-20129
68914,lstick_y,-10099
68914,rstick_y,-1872
68921,lstick_x,-20129
68921,lstick_y,-10099
68921,rstick_y,-1872
68926,lstick_x,-20854
68926,lstick_y,-11074
68926,rstick_y,-1872
68929,lstick_x,-20854
68929,lstick_y,-11074
68929,rstick_y,-1872
68933,lstick_x,-20854
68933,lstick_y,-11074
68933,rstick_y,-1872
68941,lstick_x,-20854
68941,lstick_y,-11074
68941,rstick_y,-1872
68949,lstick_x,-20854
68949,lstick_y,-11074
68949,rstick_y,-1872
68953,lstick_x,-21936
68953,lstick_y,-12492
68953,rstick_y,-1872
68957,lstick_x,-21936
68957,lstick_y,-12492
68957,rstick_y,-1872
68959,lstick_x,-21936
68959,lstick_y,-12492
68959,rstick_y,-1872
68972,lstick_x,-21936
68972,lstick_y,-12492
68972,rstick_y,-1872
68981,lstick_x,-22323
68981,lstick_y,-12976
68981,rstick_y,-1872
68988,lstick_x,-22633
68988,lstick_y,-13193
68988,rstick_y,-1872
68996,lstick_x,-22880
68996,lstick_y,-13193
68996,rstick_y,-1872
68998,lstick_x,-22880
68998,lstick_y,-13193
68998,rstick_y,-1872
69005,lstick_x,-22880
69005,lstick_y,-13193
69005,rstick_y,-1872
69011,lstick_x,-23072
69011,lstick_y,-12260
69011,rstick_y,-1872
69021,lstick_x,-23072
69021,lstick_y,-12260
69021,rstick_y,-1872
69028,lstick_x,-23072
69028,lstick_y,-12260
69028,rstick_y,-1872
69031,lstick_x,-23072
69031,lstick_y,-12260
69031,rstick_y,-1872
69036,lstick_x,-23072
69036,lstick_y,-11203
69036,rstick_y,-1872
69039,lstick_x,-23072
69039,lstick_y,-11203
69039,rstick_y,-1872
69043,lstick_x,-23072
69043,lstick_y,-11203
69043,rstick_y,-1872
69049,lstick_x,-23072
69049,lstick_y,-11203
69049,rstick_y,-1872
69053,lstick_x,-23072
69053,lstick_y,-11203
69053,rstick_y,-1872
69062,lstick_x,-23072
69062,lstick_y,-11203
69062,rstick_y,-1872
69072,lstick_x,-14243
69072,lstick_y,-3699
69072,rstick_y,-1872
69075,lstick_x,-14243
69075,lstick_y,-3699
69075,rstick_y,-1872
69085,lstick_x,-14243
69085,lstick_y,-3699
69085,rstick_y,-1872
69093,lstick_x,-14243
69093,lstick_y,-3699
69093,rstick_y,-1872
69101,lstick_x,-14243
69101,lstick_y,-3699
69101,rstick_y,-1872
69104,lstick_x,-1915
69104,lstick_y,-2317
69104,rstick_y,-1872
69110,lstick_x,-1915
69110,lstick_y,-2317
69110,rstick_y,-1872
69122,lstick_x,-1915
69122,lstick_y,-2317
69122,rstick_y,-1872
69129,lstick_x,-1915
69129,lstick_y,-2317
69129,rstick_y,-1872
69133,lstick_x,-1915
69133,lstick_y,-2317
69133,rstick_y,-1872
69139,lstick_x,-1772
69139,lstick_y,-1192
69139,rstick_y,-1872
69142,lstick_x,-1772
69142,lstick_y,-1192
69142,rstick_y,-1872
69149,lstick_x,-1669
69149,rstick_y,-1872
69157,lstick_x,-1669
69157,rstick_y,-1872
69165,lstick_x,-1669
69165,rstick_y,-1872
69170,lstick_x,-1466
69170,rstick_y,-1872
69173,lstick_x,-1466
69173,rstick_y,-1872
69176,lstick_x,-1466
69176,rstick_y,-1872
69181,lstick_x,-1466
69181,rstick_y,-1872
69187,lstick_x,-1383
69187,rstick_y,-1872
69190,lstick_x,-1383
69190,rstick_y,-1872
69195,lstick_x,-1383
69195,rstick_y,-1872
69199,lstick_x,-1383
69199,rstick_y,-1872
69206,lstick_x,-1317
69206,rstick_y,-1872
69211,lstick_x,-1317
69211,rstick_y,-1872
69220,lstick_x,-1215
69220,rstick_y,-1872
69223,lstick_x,-1215
69223,rstick_y,-1872
69229,lstick_x,-1215
69229,rstick_y,-1872
69237,lstick_x,-1215
69237,rstick_y,-1872
69244,lstick_x,-1215
69244,rstick_y,-1872
69247,lstick_x,-1145
69247,rstick_y,-1872
69253,lstick_x,-1145
69253,rstick_y,-1872
69255,lstick_x,-1145
69255,rstick_y,-1872
69262,lstick_x,-1145
69262,rstick_y,-1872
69283,lstick_x,-1145
69283,rstick_y,-1872
69289,lstick_x,-1114
69289,rstick_y,-1872
69292,lstick_x,-1114
69292,rstick_y,-1872
69301,lstick_x,-1114
69301,rstick_y,-1872
69309,lstick_x,-1114
69309,rstick_y,-1872
69313,lstick_x,-1114
69313,rstick_y,-1872
69318,lstick_x,-1114
69318,rstick_y,-1872
69321,lstick_x,-1114
69321,rstick_y,-1872
69325,lstick_x,-1114
69325,rstick_y,-1872
69333,lstick_x,-1114
69333,rstick_y,-1872
69341,lstick_x,-1114
69341,rstick_y,-1872
69353,lstick_x,-1114
69353,rstick_y,-1872
69358,lstick_x,-1046
69358,rstick_y,-1872
69361,lstick_x,-1046
69361,rstick_y,-1872
69365,lstick_x,-1046
69365,rstick_y,-1872
69373,lstick_x,-1046
69373,rstick_y,-1872
69381,lstick_x,-1046
69381,rstick_y,-1872
69387,lstick_x,-1046
69387,rstick_y,-1872
69390,lstick_x,-1046
69390,rstick_y,-1872
69399,lstick_x,-1046
69399,rstick_y,-1872
69403,lstick_x,-1046
69403,rstick_y,-1872
69409,lstick_x,-1046
69409,rstick_y,-1872
69414,lstick_x,-1046
69414,rstick_y,-1872
69420,rstick_y,-1872
69424,rstick_y,-1872
69428,rstick_y,-1872
69437,rstick_y,-1872
69445,rstick_y,-1872
69453,rstick_y,-1872
69455,rstick_y,-1872
69458,rstick_y,-1872
69461,rstick_y,-1872
69469,rstick_y,-1872
69476,rstick_y,-1872
69479,rstick_y,-1872
69485,rstick_y,-1872
69489,rstick_y,-1872
69492,rstick_y,-1872
69496,rstick_y,-1872
69499,rstick_y,-1872
69509,rstick_y,-1872
69517,rstick_y,-1872
69521,rstick_y,-1872
69526,rstick_y,-1872
69529,rstick_y,-1872
69533,rstick_y,-1872
69536,rstick_y,-1872
69539,rstick_y,-1872
69547,rstick_y,-1872
69561,rstick_y,-1872
69565,rstick_y,-1872
69570,rstick_y,-1872
69573,rstick_y,-1872
69581,rstick_y,-1872
69589,rstick_y,-1872
69594,rstick_y,-1872
69602,rstick_y,-1872
69606,rstick_y,-1872
69613,rstick_y,-1872
69633,rstick_y,-1872
69637,rstick_y,-1872
69641,rstick_y,-1872
69645,rstick_y,-1872
69653,rstick_y,-1872
69661,rstick_y,-1872
69669,rstick_y,-1872
69671,rstick_y,-1872
69679,rstick_y,-1872
69689,rstick_y,-1872
69697,rstick_y,-1872
69701,rstick_y,-1872
69705,rstick_y,-1872
69712,rstick_y,-1872
69717,rstick_y,-1872
69725,lstick_x,1261
69725,rstick_y,-1872
69733,lstick_x,12540
69733,rstick_y,-1872
69736,lstick_x,12540
69736,rstick_y,-1872
69739,lstick_x,12540
69739,rstick_y,-1872
69747,lstick_x,12540
69747,rstick_y,-1872
69753,lstick_x,12540
69753,rstick_y,-1872
69758,lstick_x,12540
69758,rstick_y,-1872
69760,lstick_x,30682
69760,lstick_y,-9561
69760,rstick_y,-1872
69764,lstick_x,30682
69764,lstick_y,-9561
69764,rstick_y,-1872
69770,lstick_x,30682
69770,lstick_y,-9561
69770,rstick_y,-1872
69775,lstick_x,30682
69775,lstick_y,-9561
69775,rstick_y,-1872
69779,lstick_x,32767
69779,lstick_y,-9828
69779,rstick_y,-1872
69787,lstick_x,32767
69787,lstick_y,-10042
69787,rstick_y,-1872
69797,lstick_x,32767
69797,lstick_y,-10042
69797,rstick_y,-1872
69805,lstick_x,32767
69805,lstick_y,-10042
69805,rstick_y,-1872
69809,lstick_x,32767
69809,lstick_y,-10218
69809,rstick_y,-1872
69812,lstick_x,32767
69812,lstick_y,-10218
69812,rstick_y,-1872
69819,lstick_x,32767
69819,lstick_y,-10472
69819,rstick_y,-1872
69823,lstick_x,32767
69823,lstick_y,-10472
69823,rstick_y,-1872
69831,lstick_x,32767
69831,lstick_y,-10472
69831,rstick_y,-1872
69843,lstick_x,32767
69843,lstick_y,-10472
69843,rstick_y,-1872
69853,lstick_x,32767
69853,lstick_y,-10472
69853,rstick_y,-1872
69859,lstick_x,32767
69859,lstick_y,-10645
69859,rstick_y,-1872
69869,lstick_x,32767
69869,lstick_y,-10645
69869,rstick_y,-1872
69877,lstick_x,32767
69877,lstick_y,-10645
69877,rstick_y,-1872
69885,lstick_x,32767
69885,lstick_y,-10756
69885,rstick_y,-1872
69888,lstick_x,32767
69888,lstick_y,-10756
69888,rstick_y,-1872
69895,lstick_x,32767
69895,lstick_y,-10756
69895,rstick_y,-1872
69906,lstick_x,32767
69906,lstick_y,-10756
69906,rstick_y,-1872
69912,lstick_x,32767
69912,lstick_y,-10756
69912,rstick_y,-1872
69918,lstick_x,32767
69918,lstick_y,-10756
69918,rstick_y,-1872
69925,lstick_x,32767
69925,lstick_y,-10849
69925,rstick_y,-1872
69935,lstick_x,32767
69935,lstick_y,-10915
69935,rstick_y,-1872
69942,lstick_x,32767
69942,lstick_y,-10915
69942,rstick_y,-1872
69949,lstick_x,32767
69949,lstick_y,-11031
69949,rstick_y,-1872
69954,lstick_x,32767
69954,lstick_y,-11164
69954,rstick_y,-1872
69957,lstick_x,32767
69957,lstick_y,-11164
69957,rstick_y,-1872
69960,lstick_x,32767
69960,lstick_y,-11164
69960,rstick_y,-1872
69965,lstick_x,32767
69965,lstick_y,-11164
69965,rstick_y,-1872
69971,lstick_x,32767
69971,lstick_y,-11299
69971,rstick_y,-1872
69974,lstick_x,32767
69974,lstick_y,-11299
69974,rstick_y,-1872
69981,lstick_x,32767
69981,lstick_y,-11299
69981,rstick_y,-1872
69985,lstick_x,32767
69985,lstick_y,-11435
69985,rstick_y,-1872
69988,lstick_x,32767
69988,lstick_y,-11435
69988,rstick_y,-1872
69993,lstick_x,32767
69993,lstick_y,-11435
69993,rstick_y,-1872
69997,lstick_x,32767
69997,lstick_y,-11435
69997,rstick_y,-1872
70001,lstick_x,32767
70001,lstick_y,-11435
70001,rstick_y,-1872
70005,lstick_x,32767
70005,lstick_y,-11435
70005,rstick_y,-1872
70013,lstick_x,32767
70013,lstick_y,-11590
70013,rstick_y,-1872
70026,lstick_x,32767
70026,lstick_y,-11590
70026,rstick_y,-1872
70029,lstick_x,32767
70029,lstick_y,-11590
70029,rstick_y,-1872
70037,lstick_x,32767
70037,lstick_y,-11951
70037,rstick_y,-1872
70040,lstick_x,32767
70040,lstick_y,-12134
70040,rstick_y,-1872
70051,lstick_x,32767
70051,lstick_y,-12134
70051,rstick_y,-1872
70066,lstick_x,32767
70066,lstick_y,-12134
70066,rstick_y,-1872
70070,lstick_x,32767
70070,lstick_y,-12292
70070,rstick_y,-1872
70073,lstick_x,32767
70073,lstick_y,-12292
70073,rstick_y,-1872
70078,lstick_x,32767
70078,lstick_y,-12292
70078,rstick_y,-1872
70085,lstick_x,32767
70085,lstick_y,-12292
70085,rstick_y,-1872
70093,lstick_x,32767
70093,lstick_y,-12292
70093,rstick_y,-1872
70101,lstick_x,32767
70101,lstick_y,-12292
70101,rstick_y,-1872
70107,lstick_x,32767
70107,lstick_y,-12546
70107,rstick_y,-1872
70111,lstick_x,32767
70111,lstick_y,-12546
70111,rstick_y,-1872
70114,lstick_x,32767
70114,lstick_y,-12546
70114,rstick_y,-1872
70119,lstick_x,32767
70119,lstick_y,-12546
70119,rstick_y,-1872
70125,lstick_x,32767
70125,lstick_y,-12546
70125,rstick_y,-1872
70131,lstick_x,32670
70131,lstick_y,-12644
70131,rstick_y,-1872
70140,lstick_x,32657
70140,lstick_y,-12786
70140,rstick_y,-1872
70149,lstick_x,32657
70149,lstick_y,-12786
70149,rstick_y,-1872
70156,lstick_x,32657
70156,lstick_y,-12786
70156,rstick_y,-1872
70165,lstick_x,32657
70165,lstick_y,-12786
70165,rstick_y,-1872
70173,lstick_x,32657
70173,lstick_y,-12786
70173,rstick_y,-1872
70181,lstick_x,32657
70181,lstick_y,-12786
70181,rstick_y,-1872
70186,lstick_x,32657
70186,lstick_y,-12836
70186,rstick_y,-1872
70189,lstick_x,32657
70189,lstick_y,-12836
70189,rstick_y,-1872
70196,lstick_x,32657
70196,lstick_y,-12908
70196,rstick_y,-1872
70204,lstick_x,32657
70204,lstick_y,-12908
70204,rstick_y,-1872
70213,lstick_x,32657
70213,lstick_y,-12908
70213,rstick_y,-1872
70220,lstick_x,32657
70220,lstick_y,-12934
70220,rstick_y,-1872
70227,lstick_x,32657
70227,lstick_y,-12934
70227,rstick_y,-1872
70230,lstick_x,32657
70230,lstick_y,-12934
70230,rstick_y,-1872
70237,lstick_x,32657
70237,lstick_y,-12934
70237,rstick_y,-1872
70245,lstick_x,32657
70245,lstick_y,-12934
70245,rstick_y,-1872
70253,lstick_x,32657
70253,lstick_y,-12934
70253,rstick_y,-1872
70262,lstick_x,32657
70262,lstick_y,-12934
70262,rstick_y,-1872
70264,lstick_x,32657
70264,lstick_y,-12934
70264,rstick_y,-1872
70269,lstick_x,32657
70269,lstick_y,-12934
70269,rstick_y,-1872
70272,lstick_x,32657
70272,lstick_y,-13005
70272,rstick_y,-1872
70279,lstick_x,32657
70279,lstick_y,-13005
70279,rstick_y,-1872
70288,lstick_x,32657
70288,lstick_y,-13005
70288,rstick_y,-1872
70293,lstick_x,32657
70293,lstick_y,-13005
70293,rstick_y,-1872
70301,lstick_x,32657
70301,lstick_y,-13005
70301,rstick_y,-1872
70305,lstick_x,32549
70305,lstick_y,-13271
70305,rstick_y,-1872
70308,lstick_x,32549
70308,lstick_y,-13271
70308,rstick_y,-1872
70316,lstick_x,31956
70316,lstick_y,-13465
70316,rstick_y,-1872
70329,lstick_x,31956
70329,lstick_y,-13465
70329,rstick_y,-1872
70333,lstick_x,25204
70333,lstick_y,-13486
70333,rstick_y,-1872
70342,lstick_x,25204
70342,lstick_y,-13486
70342,rstick_y,-1872
70345,lstick_x,25204
70345,lstick_y,-13486
70345,rstick_y,-1872
70349,lstick_x,25204
70349,lstick_y,-13486
70349,rstick_y,-1872
70353,lstick_x,25204
70353,lstick_y,-13486
70353,rstick_y,-1872
70357,lstick_x,24074
70357,lstick_y,-13201
70357,rstick_y,-1872
70360,lstick_x,24074
70360,lstick_y,-13201
70360,rstick_y,-1872
70365,lstick_x,24074
70365,lstick_y,-13201
70365,rstick_y,-1872
70390,lstick_x,24074
70390,lstick_y,-13201
70390,rstick_y,-1872
70397,lstick_x,13749
70397,lstick_y,-11533
70397,rstick_y,-1872
70405,lstick_x,13749
70405,lstick_y,-11533
70405,rstick_y,-1872
70409,lstick_x,5489
70409,lstick_y,-9485
70409,rstick_y,-1872
70413,lstick_x,5489
70413,lstick_y,-9485
70413,rstick_y,-1872
70421,lstick_x,5489
70421,lstick_y,-9485
70421,rstick_y,-1872
70426,lstick_x,5201
70426,lstick_y,-8398
70426,rstick_y,-1872
70428,lstick_x,5201
70428,lstick_y,-8398
70428,rstick_y,-1872
70431,lstick_x,5201
70431,lstick_y,-8398
70431,rstick_y,-1872
70436,lstick_x,4806
70436,lstick_y,-7419
70436,rstick_y,-1872
70440,lstick_x,4806
70440,lstick_y,-7419
70440,rstick_y,-1872
70450,lstick_x,4806
70450,lstick_y,-7419
70450,rstick_y,-1872
70457,lstick_x,4806
70457,lstick_y,-7419
70457,rstick_y,-1872
70468,lstick_x,4806
70468,lstick_y,-7419
70468,rstick_y,-1872
70477,lstick_x,3649
70477,lstick_y,-5568
70477,rstick_y,-1872
70485,lstick_x,3649
70485,lstick_y,-5568
70485,rstick_y,-1872
70488,lstick_x,3160
70488,lstick_y,-4799
70488,rstick_y,-1872
70493,lstick_x,3160
70493,lstick_y,-4799
70493,rstick_y,-1872
70501,lstick_x,3160
70501,lstick_y,-4799
70501,rstick_y,-1872
70508,lstick_x,2758
70508,lstick_y,-4162
70508,rstick_y,-1872
70511,lstick_x,2430
70511,lstick_y,-3630
70511,rstick_y,-1872
70517,lstick_x,2430
70517,lstick_y,-3630
70517,rstick_y,-1872
70520,lstick_x,2430
70520,lstick_y,-3630
70520,rstick_y,-1872
70524,lstick_x,2162
70524,lstick_y,-3199
70524,rstick_y,-1872
70533,lstick_x,2162
70533,lstick_y,-3199
70533,rstick_y,-1872
70537,lstick_x,2162
70537,lstick_y,-3199
70537,rstick_y,-1872
70540,lstick_x,1954
70540,lstick_y,-2843
70540,rstick_y,-1872
70547,lstick_x,1954
70547,lstick_y,-2843
70547,rstick_y,-1872
70552,lstick_x,1787
70552,lstick_y,-2558
70552,rstick_y,-1872
70555,lstick_x,1787
70555,lstick_y,-2558
70555,rstick_y,-1872
70558,lstick_x,1787
70558,lstick_y,-2558
70558,rstick_y,-1872
70560,lstick_x,1787
70560,lstick_y,-2558
70560,rstick_y,-1872
70565,lstick_x,1787
70565,lstick_y,-2558
70565,rstick_y,-1872
70569,lstick_x,1654
70569,lstick_y,-2325
70569,rstick_y,-1872
70573,lstick_x,1654
70573,lstick_y,-2325
70573,rstick_y,-1872
70581,lstick_x,1654
70581,lstick_y,-2325
70581,rstick_y,-1872
70588,lstick_x,1547
70588,lstick_y,-2133
70588,rstick_y,-1872
70591,lstick_x,1547
70591,lstick_y,-2133
70591,rstick_y,-1872
70597,lstick_x,1547
70597,lstick_y,-2133
70597,rstick_y,-1872
70611,lstick_x,1547
70611,lstick_y,-2133
70611,rstick_y,-1872
70615,lstick_x,1547
70615,lstick_y,-2133
70615,rstick_y,-1872
70621,lstick_x,1462
70621,lstick_y,-1979
70621,rstick_y,-1872
70626,lstick_x,1394
70626,lstick_y,-1845
70626,rstick_y,-1872
70631,lstick_x,1394
70631,lstick_y,-1845
70631,rstick_y,-1872
70637,lstick_x,1394
70637,lstick_y,-1845
70637,rstick_y,-1872
70648,lstick_x,1394
70648,lstick_y,-1845
70648,rstick_y,-1872
70653,lstick_x,1394
70653,lstick_y,-1845
70653,rstick_y,-1872
70658,lstick_x,1340
70658,lstick_y,-1320
70658,rstick_y,-1872
70661,lstick_x,1340
70661,lstick_y,-1320
70661,rstick_y,-1872
70669,lstick_x,1340
70669,lstick_y,-1320
70669,rstick_y,-1872
70677,lstick_x,1340
70677,lstick_y,-1320
70677,rstick_y,-1872
70686,lstick_x,1340
70686,lstick_y,-1320
70686,rstick_y,-1872
70693,lstick_x,1340
70693,lstick_y,-1102
70693,rstick_y,-1872
70702,lstick_x,1340
70702,lstick_y,-1102
70702,rstick_y,-1872
70707,lstick_x,1340
70707,rstick_y,-1872
70717,lstick_x,1340
70717,rstick_y,-1872
70729,lstick_x,1340
70729,rstick_y,-1872
70733,lstick_x,1340
70733,rstick_y,-1872
70736,lstick_x,1340
70736,rstick_y,-1872
70741,lstick_x,1340
70741,rstick_y,-1872
70750,lstick_x,1340
70750,rstick_y,-1872
70757,lstick_x,2391
70757,rstick_y,-1872
70765,lstick_x,2391
70765,rstick_y,-1872
70772,lstick_x,3260
70772,rstick_y,-1872
70781,lstick_x,3260
70781,rstick_y,-1872
70792,lstick_x,3260
70792,rstick_y,-1872
70797,lstick_x,3260
70797,rstick_y,-1872
70802,lstick_x,12754
70802,lstick_y,3211
70802,rstick_y,-1872
70806,lstick_x,13784
70806,lstick_y,4090
70806,rstick_y,-1872
70816,lstick_x,13784
70816,lstick_y,4090
70816,rstick_y,-1872
70821,lstick_x,13784
70821,lstick_y,4090
70821,rstick_y,-1872
70834,lstick_x,13784
70834,lstick_y,4090
70834,rstick_y,-1872
70840,lstick_x,13784
70840,lstick_y,4090
70840,rstick_y,-1872
70843,lstick_x,15806
70843,lstick_y,5627
70843,rstick_y,-1872
70845,lstick_x,15806
70845,lstick_y,5627
70845,rstick_y,-1872
70853,lstick_x,15806
70853,lstick_y,5627
70853,rstick_y,-1872
70861,lstick_x,15806
70861,lstick_y,5627
70861,rstick_y,-1872
70869,lstick_x,15806
70869,lstick_y,5627
70869,rstick_y,-1872
70871,lstick_x,16769
70871,lstick_y,6297
70871,rstick_y,-1872
70875,lstick_x,16769
70875,lstick_y,6297
70875,rstick_y,-1872
70895,lstick_x,16769
70895,lstick_y,6297
70895,rstick_y,-1872
70902,lstick_x,16769
70902,lstick_y,6297
70902,rstick_y,-1872
70910,lstick_x,16769
70910,lstick_y,6297
70910,rstick_y,-1872
70917,lstick_x,18459
70917,lstick_y,7550
70917,rstick_y,-1872
70920,lstick_x,20564
70920,lstick_y,8643
70920,rstick_y,-1872
70925,lstick_x,20564
70925,lstick_y,8643
70925,rstick_y,-1872
70935,lstick_x,20564
70935,lstick_y,8643
70935,rstick_y,-1872
70939,lstick_x,21675
70939,lstick_y,9072
70939,rstick_y,-1872
70949,lstick_x,21675
70949,lstick_y,9072
70949,rstick_y,-1872
70962,lstick_x,21675
70962,lstick_y,9072
70962,rstick_y,-1872
70970,lstick_x,21675
70970,lstick_y,9072
70970,rstick_y,-1872
70979,lstick_x,24227
70979,lstick_y,9993
70979,rstick_y,-1872
70982,lstick_x,24227
70982,lstick_y,9993
70982,rstick_y,-1872
70987,lstick_x,24789
70987,lstick_y,10193
70987,rstick_y,-1872
70998,lstick_x,24789
70998,lstick_y,10193
70998,rstick_y,-1872
71005,lstick_x,24789
71005,lstick_y,10193
71005,rstick_y,-1872
71008,lstick_x,25239
71008,lstick_y,10353
71008,rstick_y,-1872
71016,lstick_x,25239
71016,lstick_y,10353
71016,rstick_y,-1872
71024,lstick_x,25239
71024,lstick_y,10353
71024,rstick_y,-1872
71029,lstick_x,25599
71029,lstick_y,10481
71029,rstick_y,-1872
71036,lstick_x,25881
71036,lstick_y,10583
71036,rstick_y,-1872
71039,lstick_x,25881
71039,lstick_y,10583
71039,rstick_y,-1872
71043,lstick_x,25881
71043,lstick_y,10583
71043,rstick_y,-1872
71053,lstick_x,25805
71053,lstick_y,10663
71053,rstick_y,-1872
71057,lstick_x,25805
71057,lstick_y,10663
71057,rstick_y,-1872
71061,lstick_x,25805
71061,lstick_y,10663
71061,rstick_y,-1872
71069,lstick_x,25805
71069,lstick_y,10663
71069,rstick_y,-1872
71077,lstick_x,25805
71077,lstick_y,10663
71077,rstick_y,-1872
71080,lstick_x,23796
71080,lstick_y,10718
71080,rstick_y,-1872
71085,lstick_x,23796
71085,lstick_y,10718
71085,rstick_y,-1872
71088,lstick_x,23796
71088,lstick_y,10718
71088,rstick_y,-1872
71094,lstick_x,15390
71094,lstick_y,10782
71094,rstick_y,-1872
71101,lstick_x,15390
71101,lstick_y,10782
71101,rstick_y,-1872
71109,lstick_x,15390
71109,lstick_y,10782
71109,rstick_y,-1872
71121,lstick_x,15390
71121,lstick_y,10782
71121,rstick_y,-1872
71125,lstick_x,15029
71125,lstick_y,10782
71125,rstick_y,-1872
71127,lstick_x,15029
71127,lstick_y,10782
71127,rstick_y,-1872
71133,lstick_x,15029
71133,lstick_y,10782
71133,rstick_y,-1872
71141,lstick_x,15029
71141,lstick_y,10782
71141,rstick_y,-1872
71147,lstick_x,14356
71147,lstick_y,10782
71147,rstick_y,-1872
71153,lstick_x,13618
71153,lstick_y,10555
71153,rstick_y,-1872
71156,lstick_x,13618
71156,lstick_y,10555
71156,rstick_y,-1872
71182,lstick_x,13618
71182,lstick_y,10555
71182,rstick_y,-1872
71188,lstick_x,12739
71188,lstick_y,10174
71188,rstick_y,-1872
71197,lstick_x,12739
71197,lstick_y,10174
71197,rstick_y,-1872
71205,lstick_x,12739
71205,lstick_y,10174
71205,rstick_y,-1872
71210,lstick_x,11341
71210,lstick_y,9162
71210,rstick_y,-1872
71213,lstick_x,11341
71213,lstick_y,9162
71213,rstick_y,-1872
71233,lstick_x,11341
71233,lstick_y,9162
71233,rstick_y,-1872
71237,lstick_x,10842
71237,lstick_y,8626
71237,rstick_y,-1872
71240,lstick_x,10455
71240,lstick_y,8099
71240,rstick_y,-1872
71245,lstick_x,10455
71245,lstick_y,8099
71245,rstick_y,-1872
71253,lstick_x,10455
71253,lstick_y,8099
71253,rstick_y,-1872
71261,lstick_x,10455
71261,lstick_y,8099
71261,rstick_y,-1872
71264,lstick_x,10455
71264,lstick_y,8099
71264,rstick_y,-1872
71269,lstick_x,10455
71269,lstick_y,8099
71269,rstick_y,-1872
71272,lstick_x,10407
71272,lstick_y,6704
71272,rstick_y,-1872
71275,lstick_x,10407
71275,lstick_y,6704
71275,rstick_y,-1872
71279,lstick_x,10407
71279,lstick_y,6704
71279,rstick_y,-1872
71285,lstick_x,10407
71285,lstick_y,6704
71285,rstick_y,-1872
71298,lstick_x,10407
71298,lstick_y,6704
71298,rstick_y,-1872
71304,lstick_x,17910
71304,lstick_y,5949
71304,rstick_y,-1872
71309,lstick_x,17910
71309,lstick_y,5949
71309,rstick_y,-1872
71320,lstick_x,17910
71320,lstick_y,5949
71320,rstick_y,-1872
71325,lstick_x,17910
71325,lstick_y,5949
71325,rstick_y,-1872
71339,lstick_x,18975
71339,lstick_y,5108
71339,rstick_y,-1872
71348,lstick_x,18975
71348,lstick_y,5108
71348,rstick_y,-1872
71353,lstick_x,20563
71353,lstick_y,4487
71353,rstick_y,-1872
71357,lstick_x,20563
71357,lstick_y,4487
71357,rstick_y,-1872
71365,lstick_x,20563
71365,lstick_y,4487
71365,rstick_y,-1872
71374,lstick_x,20563
71374,lstick_y,4487
71374,rstick_y,-1872
71381,lstick_x,21987
71381,lstick_y,3995
71381,rstick_y,-1872
71387,lstick_x,21987
71387,lstick_y,3995
71387,rstick_y,-1872
71391,lstick_x,21987
71391,lstick_y,3995
71391,rstick_y,-1872
71397,lstick_x,21987
71397,lstick_y,3995
71397,rstick_y,-1872
71403,lstick_x,21987
71403,lstick_y,3995
71403,rstick_y,-1872
71410,lstick_x,22602
71410,lstick_y,3779
71410,rstick_y,-1872
71415,lstick_x,22602
71415,lstick_y,3779
71415,rstick_y,-1872
71420,lstick_x,22602
71420,lstick_y,3779
71420,rstick_y,-1872
71429,lstick_x,22602
71429,lstick_y,3779
71429,rstick_y,-1872
71437,lstick_x,22602
71437,lstick_y,3779
71437,rstick_y,-1872
71440,lstick_x,24152
71440,lstick_y,3251
71440,rstick_y,-1872
71447,lstick_x,24152
71447,lstick_y,3251
71447,rstick_y,-1872
71456,lstick_x,24152
71456,lstick_y,3251
71456,rstick_y,-1872
71464,lstick_x,24152
71464,lstick_y,3251
71464,rstick_y,-1872
71470,lstick_x,26453
71470,lstick_y,2526
71470,rstick_y,-1872
71477,lstick_x,26453
71477,lstick_y,2526
71477,rstick_y,-1872
71485,lstick_x,26453
71485,lstick_y,2526
71485,rstick_y,-1872
71489,lstick_x,26985
71489,lstick_y,2357
71489,rstick_y,-1872
71493,lstick_x,26985
71493,lstick_y,2357
71493,rstick_y,-1872
71501,lstick_x,26985
71501,lstick_y,2357
71501,rstick_y,-1872
71509,lstick_x,26985
71509,lstick_y,2357
71509,rstick_y,-1872
71518,lstick_x,26985
71518,lstick_y,2357
71518,rstick_y,-1872
71521,lstick_x,27752
71521,lstick_y,2097
71521,rstick_y,-1872
71527,lstick_x,27752
71527,lstick_y,2097
71527,rstick_y,-1872
71533,lstick_x,27752
71533,lstick_y,2097
71533,rstick_y,-1872
71541,lstick_x,27752
71541,lstick_y,2097
71541,rstick_y,-1872
71550,lstick_x,28024
71550,lstick_y,1997
71550,rstick_y,-1872
71557,lstick_x,28024
71557,lstick_y,1997
71557,rstick_y,-1872
71565,lstick_x,28024
71565,lstick_y,1997
71565,rstick_y,-1872
71570,lstick_x,28416
71570,lstick_y,1841
71570,rstick_y,-1872
71575,lstick_x,28416
71575,lstick_y,1841
71575,rstick_y,-1872
71582,lstick_x,28416
71582,lstick_y,1841
71582,rstick_y,-1872
71589,lstick_x,28416
71589,lstick_y,1841
71589,rstick_y,-1872
71593,lstick_x,28668
71593,lstick_y,1714
71593,rstick_y,-1872
71599,lstick_x,28668
71599,lstick_y,1714
71599,rstick_y,-1872
71603,lstick_x,28757
71603,lstick_y,1627
71603,rstick_y,-1872
71606,lstick_x,28757
71606,lstick_y,1627
71606,rstick_y,-1872
71612,lstick_x,28757
71612,lstick_y,1627
71612,rstick_y,-1872
71620,lstick_x,28828
71620,lstick_y,1466
71620,rstick_y,-1872
71625,lstick_x,28828
71625,lstick_y,1466
71625,rstick_y,-1872
71628,lstick_x,28828
71628,lstick_y,1466
71628,rstick_y,-1872
71632,lstick_x,28828
71632,lstick_y,1466
71632,rstick_y,-1872
71636,lstick_x,28879
71636,lstick_y,1229
71636,rstick_y,-1872
71645,lstick_x,28879
71645,lstick_y,1229
71645,rstick_y,-1872
71653,lstick_x,28879
71653,lstick_y,1229
71653,rstick_y,-1872
71656,lstick_x,28879
71656,lstick_y,1229
71656,rstick_y,-1872
71658,lstick_x,28879
71658,lstick_y,1229
71658,rstick_y,-1872
71674,lstick_x,28879
71674,lstick_y,1229
71674,rstick_y,-1872
71677,lstick_x,28879
71677,lstick_y,1229
71677,rstick_y,-1872
71688,lstick_x,28666
71688,rstick_y,-1872
71693,lstick_x,28666
71693,rstick_y,-1872
71701,lstick_x,28666
71701,rstick_y,-1872
71710,lstick_x,28666
71710,rstick_y,-1872
71713,lstick_x,28175
71713,rstick_y,-1872
71715,lstick_x,28175
71715,rstick_y,-1872
71720,lstick_x,26406
71720,rstick_y,-1872
71723,lstick_x,26406
71723,rstick_y,-1872
71733,lstick_x,26406
71733,rstick_y,-1872
71750,lstick_x,26406
71750,rstick_y,-1872
71755,lstick_x,23841
71755,rstick_y,-1872
71759,lstick_x,23841
71759,rstick_y,-1872
71773,lstick_x,23841
71773,rstick_y,-1872
71778,lstick_x,21838
71778,rstick_y,-1872
71781,lstick_x,21838
71781,rstick_y,-1872
71786,lstick_x,21838
71786,rstick_y,-1872
71789,lstick_x,21838
71789,rstick_y,-1872
71791,lstick_x,21838
71791,rstick_y,-1872
71797,lstick_x,21838
71797,rstick_y,-1872
71805,lstick_x,21838
71805,rstick_y,-1872
71813,lstick_x,21838
71813,rstick_y,-1872
71820,lstick_x,20551
71820,rstick_y,-1872
71825,lstick_x,20094
71825,rstick_y,-1872
71829,lstick_x,20094
71829,rstick_y,-1872
71842,lstick_x,20094
71842,rstick_y,-1872
71845,lstick_x,20094
71845,rstick_y,-1872
71852,lstick_x,19435
71852,rstick_y,-1872
71856,lstick_x,19201
71856,rstick_y,-1872
71861,lstick_x,19201
71861,rstick_y,-1872
71869,lstick_x,19201
71869,rstick_y,-1872
71877,lstick_x,19201
71877,rstick_y,-1872
71888,lstick_x,18864
71888,rstick_y,-1872
71895,lstick_x,18864
71895,rstick_y,-1872
71905,lstick_x,18864
71905,rstick_y,-1872
71909,lstick_x,18864
71909,rstick_y,-1872
71923,lstick_x,18744
71923,rstick_y,-1872
71931,lstick_x,18648
71931,rstick_y,-1872
71934,lstick_x,18648
71934,rstick_y,-1872
71940,lstick_x,18571
71940,rstick_y,-1872
71943,lstick_x,18571
71943,rstick_y,-1872
71951,lstick_x,18571
71951,rstick_y,-1872
71957,lstick_x,18571
71957,rstick_y,-1872
71965,lstick_x,18571
71965,rstick_y,-1872
71969,lstick_x,18461
71969,rstick_y,-1872
71973,lstick_x,18461
71973,rstick_y,-1872
71982,lstick_x,18461
71982,rstick_y,-1872
71989,lstick_x,18461
71989,rstick_y,-1872
71997,lstick_x,18461
71997,rstick_y,-1872
72003,lstick_x,18390
72003,rstick_y,-1872
72013,lstick_x,18390
72013,rstick_y,-1872
72021,lstick_x,18390
72021,rstick_y,-1872
72024,lstick_x,18365
72024,rstick_y,-1872
72032,lstick_x,18365
72032,rstick_y,-1872
72043,lstick_x,18365
72043,rstick_y,-1872
72048,lstick_x,18365
72048,rstick_y,-1872
72054,lstick_x,18912
72054,rstick_y,-1872
72061,lstick_x,18912
72061,rstick_y,-1872
72071,lstick_x,18912
72071,rstick_y,-1872
72076,lstick_x,19267
72076,rstick_y,-1872
72085,lstick_x,19267
72085,rstick_y,-1872
72093,lstick_x,19267
72093,rstick_y,-1872
72104,lstick_x,19842
72104,rstick_y,-1872
72108,lstick_x,19842
72108,rstick_y,-1872
72114,lstick_x,20052
72114,rstick_y,-1872
72117,lstick_x,20052
72117,rstick_y,-1872
72125,lstick_x,20052
72125,rstick_y,-1872
72133,lstick_x,20052
72133,rstick_y,-1872
72136,lstick_x,20220
72136,rstick_y,-1872
72140,lstick_x,20220
72140,rstick_y,-1872
72152,lstick_x,20220
72152,rstick_y,-1872
72158,lstick_x,20220
72158,rstick_y,-1872
72166,lstick_x,20220
72166,rstick_y,-1872
72171,lstick_x,20462
72171,rstick_y,-1872
72174,lstick_x,20462
72174,rstick_y,-1872
72181,lstick_x,20462
72181,rstick_y,-1872
72189,lstick_x,20462
72189,rstick_y,-1872
72193,lstick_x,20548
72193,rstick_y,-1872
72197,lstick_x,20548
72197,rstick_y,-1872
72203,lstick_x,20548
72203,rstick_y,-1872
72207,lstick_x,20548
72207,rstick_y,-1872
72213,lstick_x,20548
72213,rstick_y,-1872
72224,lstick_x,20548
72224,rstick_y,-1872
72229,lstick_x,20548
72229,rstick_y,-1872
72237,lstick_x,20548
72237,rstick_y,-1872
72242,lstick_x,20326
72242,rstick_y,-1872
72245,lstick_x,20326
72245,rstick_y,-1872
72253,lstick_x,20326
72253,rstick_y,-1872
72262,lstick_x,20326
72262,rstick_y,-1872
72269,lstick_x,19838
72269,rstick_y,-1872
72271,lstick_x,19838
72271,rstick_y,-1872
72277,lstick_x,19838
72277,rstick_y,-1872
72285,lstick_x,19838
72285,rstick_y,-1872
72293,lstick_x,19838
72293,rstick_y,-1872
72301,lstick_x,19588
72301,rstick_y,-1872
72304,lstick_x,19588
72304,rstick_y,-1872
72306,lstick_x,19588
72306,rstick_y,-1872
72310,lstick_x,19588
72310,rstick_y,-1872
72317,lstick_x,19588
72317,rstick_y,-1872
72325,lstick_x,19588
72325,rstick_y,-1872
72339,lstick_x,19536
72339,rstick_y,-1872
72349,lstick_x,19536
72349,rstick_y,-1872
72353,lstick_x,19460
72353,rstick_y,-1872
72357,lstick_x,19460
72357,rstick_y,-1872
72365,lstick_x,19460
72365,rstick_y,-1872
72372,lstick_x,19427
72372,rstick_y,-1872
72375,lstick_x,19427
72375,rstick_y,-1872
72382,lstick_x,19427
72382,rstick_y,-1872
72386,lstick_x,19353
72386,rstick_y,-1872
72389,lstick_x,19353
72389,rstick_y,-1872
72392,lstick_x,19353
72392,rstick_y,-1872
72397,lstick_x,19353
72397,rstick_y,-1872
72409,lstick_x,19353
72409,rstick_y,-1872
72413,lstick_x,19353
72413,rstick_y,-1872
72421,lstick_x,19353
72421,rstick_y,-1872
72427,lstick_x,19324
72427,rstick_y,-1872
72437,lstick_x,19324
72437,rstick_y,-1872
72445,lstick_x,19324
72445,rstick_y,-1872
72448,lstick_x,19324
72448,rstick_y,-1872
72452,lstick_x,19324
72452,rstick_y,-1872
72455,lstick_x,19324
72455,rstick_y,-1872
72471,lstick_x,19324
72471,rstick_y,-1872
72480,lstick_x,19324
72480,rstick_y,-1872
72485,lstick_x,19324
72485,rstick_y,-1872
72493,lstick_x,19251
72493,rstick_y,-1872
72501,lstick_x,19251
72501,rstick_y,-1872
72509,lstick_x,19251
72509,rstick_y,-1872
72514,lstick_x,19251
72514,rstick_y,-1872
72517,lstick_x,19251
72517,rstick_y,-1872
72520,lstick_x,19227
72520,rstick_y,-1872
72523,lstick_x,19227
72523,rstick_y,-1872
72533,lstick_x,19227
72533,rstick_y,-1872
72541,lstick_x,19227
72541,rstick_y,-1872
72548,lstick_x,19227
72548,rstick_y,-1872
72555,lstick_x,19227
72555,rstick_y,-1872
72562,lstick_x,19227
72562,rstick_y,-1872
72567,lstick_x,19227
72567,rstick_y,-1872
72576,lstick_x,19227
72576,rstick_y,-1872
72581,lstick_x,19227
72581,rstick_y,-1872
72586,lstick_x,19227
72586,rstick_y,-1872
72589,lstick_x,19227
72589,rstick_y,-1872
72597,lstick_x,19227
72597,rstick_y,-1872
72605,lstick_x,19227
72605,rstick_y,-1872
72613,lstick_x,19227
72613,rstick_y,-1872
72618,lstick_x,19227
72618,rstick_y,-1872
72622,lstick_x,19227
72622,rstick_y,-1872
72628,lstick_x,19227
72628,rstick_y,-1872
72637,lstick_x,19227
72637,rstick_y,-1872
72645,lstick_x,19227
72645,rstick_y,-1872
72653,lstick_x,19227
72653,rstick_y,-1872
72656,lstick_x,19227
72656,rstick_y,-1872
72661,lstick_x,19227
72661,rstick_y,-1872
72669,lstick_x,19227
72669,rstick_y,-1872
72677,lstick_x,19227
72677,rstick_y,-1872
72688,lstick_x,19227
72688,rstick_y,-1872
72694,lstick_x,19227
72694,rstick_y,-1872
72706,lstick_x,19227
72706,rstick_y,-1872
72712,lstick_x,19227
72712,rstick_y,-1872
72717,lstick_x,19227
72717,rstick_y,-1872
72721,lstick_x,19227
72721,rstick_y,-1872
72723,lstick_x,19227
72723,rstick_y,-1872
72727,lstick_x,19227
72727,rstick_y,-1872
72736,lstick_x,19227
72736,rstick_y,-1872
72746,lstick_x,19227
72746,rstick_y,-1872
72751,lstick_x,19227
72751,rstick_y,-1872
72754,lstick_x,19227
72754,rstick_y,-1872
72757,lstick_x,19227
72757,rstick_y,-1872
72760,lstick_x,19227
72760,rstick_y,-1872
72765,lstick_x,19227
72765,rstick_y,-1872
72775,lstick_x,19227
72775,rstick_y,-1872
72779,lstick_x,19227
72779,rstick_y,-1872
72787,lstick_x,19227
72787,rstick_y,-1872
72790,lstick_x,19227
72790,rstick_y,-1872
72797,lstick_x,19227
72797,rstick_y,-1872
72805,lstick_x,19227
72805,rstick_y,-1872
72813,lstick_x,19227
72813,rstick_y,-1872
72822,lstick_x,19227
72822,rstick_y,-1872
72827,lstick_x,19227
72827,rstick_y,-1872
72845,lstick_x,19227
72845,rstick_y,-1872
72853,lstick_x,19227
72853,rstick_y,-1872
72856,lstick_x,19227
72856,rstick_y,-1872
72861,lstick_x,19227
72861,rstick_y,-1872
72869,lstick_x,19227
72869,rstick_y,-1872
72877,lstick_x,19227
72877,rstick_y,-1872
72881,lstick_x,19227
72881,rstick_y,-1872
72885,lstick_x,19227
72885,rstick_y,-1872
72888,lstick_x,19227
72888,rstick_y,-1872
72893,lstick_x,19227
72893,rstick_y,-1872
72901,lstick_x,19227
72901,rstick_y,-1872
72910,lstick_x,19227
72910,rstick_y,-1872
72914,lstick_x,19227
72914,rstick_y,-1872
72917,lstick_x,19227
72917,rstick_y,-1872
72919,lstick_x,19227
72919,rstick_y,-1872
72923,lstick_x,19227
72923,rstick_y,-1872
72933,lstick_x,19227
72933,rstick_y,-1872
72941,lstick_x,19227
72941,rstick_y,-1872
72947,lstick_x,19227
72947,rstick_y,-1872
72959,lstick_x,19227
72959,rstick_y,-1872
72968,lstick_x,19227
72968,rstick_y,-1872
72980,lstick_x,19227
72980,rstick_y,-1872
72991,lstick_x,19227
72991,rstick_y,-1872
73001,lstick_x,19227
73001,rstick_y,-1872
73010,lstick_x,19227
73010,rstick_y,-1872
73013,lstick_x,19227
73013,rstick_y,-1872
73020,lstick_x,19227
73020,rstick_y,-1872
73029,lstick_x,19227
73029,rstick_y,-1872
73037,lstick_x,19227
73037,rstick_y,-1872
73040,lstick_x,19227
73040,rstick_y,-1872
73049,lstick_x,19227
73049,rstick_y,-1872
73054,lstick_x,19227
73054,rstick_y,-1872
73061,lstick_x,19227
73061,rstick_y,-1872
73064,lstick_x,19227
73064,rstick_y,-1872
73070,lstick_x,19227
73070,rstick_y,-1872
73073,lstick_x,19227
73073,rstick_y,-1872
73077,lstick_x,19227
73077,rstick_y,-1872
73086,lstick_x,19227
73086,rstick_y,-1872
73093,lstick_x,19227
73093,rstick_y,-1872
73102,lstick_x,19227
73102,rstick_y,-1872
73105,lstick_x,19227
73105,rstick_y,-1872
73113,lstick_x,19227
73113,rstick_y,-1872
73117,lstick_x,19227
73117,rstick_y,-1872
73130,lstick_x,19227
73130,rstick_y,-1872
73136,lstick_x,19227
73136,rstick_y,-1872
73142,lstick_x,19227
73142,rstick_y,-1872
73146,lstick_x,19227
73146,rstick_y,-1872
73150,lstick_x,19227
73150,rstick_y,-1872
73157,lstick_x,19227
73157,rstick_y,-1872
73166,lstick_x,19227
73166,rstick_y,-1872
73171,lstick_x,19227
73171,rstick_y,-1872
73180,lstick_x,19227
73180,rstick_y,-1872
73195,lstick_x,19227
73195,rstick_y,-1872
73203,lstick_x,19227
73203,rstick_y,-1872
73211,lstick_x,19227
73211,rstick_y,-1872
73214,lstick_x,19227
73214,rstick_y,-1872
73220,lstick_x,19227
73220,rstick_y,-1872
73229,lstick_x,19227
73229,rstick_y,-1872
73238,lstick_x,19227
73238,rstick_y,-1872
73241,lstick_x,19227
73241,rstick_y,-1872
73245,lstick_x,19227
73245,rstick_y,-1872
73254,lstick_x,19227
73254,rstick_y,-1872
73263,lstick_x,19227
73263,rstick_y,-1872
73270,lstick_x,19227
73270,rstick_y,-1872
73277,lstick_x,19227
73277,rstick_y,-1872
73281,lstick_x,19227
73281,rstick_y,-1872
73285,lstick_x,19227
73285,rstick_y,-1872
73294,lstick_x,19227
73294,rstick_y,-1872
73301,lstick_x,19227
73301,rstick_y,-1872
73303,lstick_x,19227
73303,rstick_y,-1872
73311,lstick_x,19227
73311,rstick_y,-1872
73319,lstick_x,19227
73319,rstick_y,-1872
73323,lstick_x,19227
73323,rstick_y,-1872
73331,lstick_x,18740
73331,rstick_y,-1872
73336,lstick_x,18740
73336,rstick_y,-1872
73340,lstick_x,18740
73340,rstick_y,-1872
73357,lstick_x,17630
73357,rstick_y,-1872
73363,lstick_x,17630
73363,rstick_y,-1872
73370,lstick_x,8182
73370,rstick_y,-1872
73374,lstick_x,8182
73374,rstick_y,-1872
73377,lstick_x,8182
73377,rstick_y,-1872
73381,lstick_x,8182
73381,rstick_y,-1872
73387,rtrigger,17983
73387,lstick_x,7123
73387,rstick_y,-1872
73391,rtrigger,17983
73391,lstick_x,7123
73391,rstick_y,-1872
73399,rtrigger,17983
73399,lstick_x,7123
73399,rstick_y,-1872
73404,rtrigger,32767
73404,lstick_x,5981
73404,rstick_y,-1872
73408,rtrigger,32767
73408,lstick_x,5981
73408,rstick_y,-1872
73414,rtrigger,32767
73414,lstick_x,5981
73414,rstick_y,-1872
73425,rtrigger,32767
73425,lstick_x,5981
73425,rstick_y,-1872
73429,rtrigger,32767
73429,lstick_x,5981
73429,rstick_y,-1872
73436,rtrigger,32767
73436,lstick_x,4195
73436,rstick_y,-1872
73439,rtrigger,32767
73439,lstick_x,4195
73439,rstick_y,-1872
73445,rtrigger,32767
73445,lstick_x,4195
73445,rstick_y,-1872
73455,rtrigger,32767
73455,lstick_x,4195
73455,rstick_y,-1872
73460,rtrigger,32767
73460,lstick_x,2943
73460,lstick_y,1037
73460,rstick_y,-1872
73465,rtrigger,32767
73465,lstick_x,2943
73465,lstick_y,1037
73465,rstick_y,-1872
73472,rtrigger,32767
73472,lstick_x,2943
73472,lstick_y,1037
73472,rstick_y,-1872
73477,rtrigger,32767
73477,lstick_x,2943
73477,lstick_y,1037
73477,rstick_y,-1872
73486,rtrigger,32767
73486,lstick_x,2478
73486,lstick_y,1132
73486,rstick_y,-1872
73489,rtrigger,32767
73489,lstick_x,2478
73489,lstick_y,1132
73489,rstick_y,-1872
73493,rtrigger,32767
73493,lstick_x,2478
73493,lstick_y,1132
73493,rstick_y,-1872
73501,rtrigger,32767
73501,lstick_x,2478
73501,lstick_y,1132
73501,rstick_y,-1872
73509,rtrigger,32767
73509,lstick_x,2083
73509,lstick_y,1196
73509,rstick_y,-1872
73521,rtrigger,32767
73521,lstick_x,2083
73521,lstick_y,1196
73521,rstick_y,-1872
73528,rtrigger,32767
73528,lstick_x,1131
73528,rstick_y,-1872
73533,rtrigger,32767
73533,lstick_x,1131
73533,rstick_y,-1872
73536,rtrigger,32767
73536,rstick_y,-1872
73540,rtrigger,32767
73540,rstick_y,-1872
73543,rtrigger,32767
73543,rstick_y,-1872
73546,rtrigger,32767
73546,rstick_y,-1872
73552,rtrigger,32767
73552,rstick_y,-1872
73558,rtrigger,32767
73558,rstick_y,-1872
73563,rtrigger,32767
73563,rstick_y,-1872
73576,rtrigger,32767
73576,rstick_y,-1872
73581,rtrigger,32767
73581,rstick_y,-1872
73590,rtrigger,32767
73590,rstick_y,-1872
73597,rtrigger,32767
73597,lstick_x,-13719
73597,rstick_y,-1872
73603,rtrigger,32767
73603,lstick_x,-13719
73603,rstick_y,-1872
73607,rtrigger,32767
73607,lstick_x,-13719
73607,rstick_y,-1872
73611,rtrigger,32767
73611,lstick_x,-13719
73611,rstick_y,-1872
73621,rtrigger,32767
73621,lstick_x,-13719
73621,rstick_y,-1872
73629,rtrigger,32767
73629,lstick_x,-13719
73629,rstick_y,-1872
73638,rtrigger,32767
73638,lstick_x,-13719
73638,rstick_y,-1872
73641,rtrigger,32767
73641,lstick_x,-32768
73641,lstick_y,2947
73641,rstick_y,-1872
73644,rtrigger,32767
73644,lstick_x,-32768
73644,lstick_y,3588
73644,rstick_y,-1872
73648,rtrigger,32767
73648,lstick_x,-32768
73648,lstick_y,3588
73648,rstick_y,-1872
73653,rtrigger,32767
73653,lstick_x,-32768
73653,lstick_y,3588
73653,rstick_y,-1872
73662,rtrigger,32767
73662,lstick_x,-32768
73662,lstick_y,3588
73662,rstick_y,-1872
73670,rtrigger,32767
73670,lstick_x,-32768
73670,lstick_y,3588
73670,rstick_y,-1872
73674,rtrigger,32767
73674,lstick_x,-32768
73674,lstick_y,3588
73674,rstick_y,-1872
73677,rtrigger,32767
73677,lstick_x,-32768
73677,lstick_y,3588
73677,rstick_y,-1872
73686,rtrigger,32767
73686,lstick_x,-32768
73686,lstick_y,3588
73686,rstick_y,-1872
73693,rtrigger,32767
73693,lstick_x,-32768
73693,lstick_y,3588
73693,rstick_y,-1872
73701,rtrigger,32767
73701,lstick_x,-32768
73701,lstick_y,3588
73701,rstick_y,-1872
73704,rtrigger,32767
73704,lstick_x,-32768
73704,lstick_y,4820
73704,rstick_y,-1872
73711,rtrigger,32767
73711,lstick_x,-32768
73711,lstick_y,4820
73711,rstick_y,-1872
73717,rtrigger,32767
73717,lstick_x,-32768
73717,lstick_y,4820
73717,rstick_y,-1872
73730,rtrigger,32767
73730,lstick_x,-32768
73730,lstick_y,4820
73730,rstick_y,-1872
73736,rtrigger,32767
73736,lstick_x,-32768
73736,lstick_y,5279
73736,rstick_y,-1872
73741,rtrigger,32767
73741,lstick_x,-32768
73741,lstick_y,5279
73741,rstick_y,-1872
73745,rtrigger,32767
73745,lstick_x,-32768
73745,lstick_y,5442
73745,rstick_y,-1872
73748,rtrigger,32767
73748,lstick_x,-32768
73748,lstick_y,5442
73748,rstick_y,-1872
73753,rtrigger,32767
73753,lstick_x,-32768
73753,lstick_y,5442
73753,rstick_y,-1872
73756,rtrigger,32767
73756,lstick_x,-32768
73756,lstick_y,5442
73756,rstick_y,-1872
73767,rtrigger,32767
73767,lstick_x,-32768
73767,lstick_y,5442
73767,rstick_y,-1872
73773,rtrigger,32767
73773,lstick_x,-32768
73773,lstick_y,5442
73773,rstick_y,-1872
73788,rtrigger,32767
73788,lstick_x,-32768
73788,lstick_y,5442
73788,rstick_y,-1872
73794,rtrigger,32767
73794,lstick_x,-32768
73794,lstick_y,5442
73794,rstick_y,-1872
73797,rtrigger,32767
73797,lstick_x,-32768
73797,lstick_y,5442
73797,rstick_y,-1872
73805,rtrigger,32767
73805,lstick_x,-32768
73805,lstick_y,5442
73805,rstick_y,-1872
73809,rtrigger,32767
73809,lstick_x,-32768
73809,lstick_y,5442
73809,rstick_y,-1872
73813,rtrigger,32767
73813,lstick_x,-32768
73813,lstick_y,5442
73813,rstick_y,-1872
73826,rtrigger,32767
73826,lstick_x,-32768
73826,lstick_y,5442
73826,rstick_y,-1872
73837,rtrigger,32767
73837,lstick_x,-32768
73837,lstick_y,5442
73837,rstick_y,-1872
73845,rtrigger,32767
73845,lstick_x,-32768
73845,lstick_y,5442
73845,rstick_y,-1872
73848,rtrigger,32767
73848,lstick_x,-32768
73848,lstick_y,5889
73848,rstick_y,-1872
73853,rtrigger,32767
73853,lstick_x,-32768
73853,lstick_y,5889
73853,rstick_y,-1872
73856,rtrigger,32767
73856,lstick_x,-32768
73856,lstick_y,5930
73856,rstick_y,-1872
73861,rtrigger,32767
73861,lstick_x,-32768
73861,lstick_y,5930
73861,rstick_y,-1872
73869,rtrigger,32767
73869,lstick_x,-32768
73869,lstick_y,5930
73869,rstick_y,-1872
73877,rtrigger,32767
73877,lstick_x,-32768
73877,lstick_y,5930
73877,rstick_y,-1872
73886,rtrigger,32767
73886,lstick_x,-32768
73886,lstick_y,5930
73886,rstick_y,-1872
73888,rtrigger,32767
73888,lstick_x,-32768
73888,lstick_y,5989
73888,rstick_y,-1872
73891,rtrigger,32767
73891,lstick_x,-32768
73891,lstick_y,5989
73891,rstick_y,-1872
73901,rtrigger,32767
73901,lstick_x,-32768
73901,lstick_y,5989
73901,rstick_y,-1872
73909,rtrigger,32767
73909,lstick_x,-32768
73909,lstick_y,5989
73909,rstick_y,-1872
73917,rtrigger,32767
73917,lstick_x,-32768
73917,lstick_y,5989
73917,rstick_y,-1872
73919,rtrigger,32767
73919,lstick_x,-32768
73919,lstick_y,5989
73919,rstick_y,-1872
73923,rtrigger,32767
73923,lstick_x,-32768
73923,lstick_y,5989
73923,rstick_y,-1872
73926,rtrigger,32767
73926,lstick_x,-32768
73926,lstick_y,5989
73926,rstick_y,-1872
73933,rtrigger,32767
73933,lstick_x,-32768
73933,lstick_y,5989
73933,rstick_y,-1872
73941,rtrigger,32767
73941,lstick_x,-32768
73941,lstick_y,5989
73941,rstick_y,-1872
73952,rtrigger,32767
73952,lstick_x,-32768
73952,lstick_y,5989
73952,rstick_y,-1872
73954,rtrigger,32767
73954,lstick_x,-32768
73954,lstick_y,5989
73954,rstick_y,-1872
73957,rtrigger,32767
73957,lstick_x,-32768
73957,lstick_y,5989
73957,rstick_y,-1872
73965,rtrigger,32767
73965,lstick_x,-32768
73965,lstick_y,6027
73965,rstick_y,-1872
73973,rtrigger,32767
73973,lstick_x,-32768
73973,lstick_y,6027
73973,rstick_y,-1872
73981,rtrigger,32767
73981,lstick_x,-32768
73981,lstick_y,6027
73981,rstick_y,-1872
73987,rtrigger,32767
73987,lstick_x,-31594
73987,lstick_y,5666
73987,rstick_y,-1872
73989,rtrigger,32767
73989,lstick_x,-31594
73989,lstick_y,5666
73989,rstick_y,-1872
73992,rtrigger,32767
73992,lstick_x,-31594
73992,lstick_y,5666
73992,rstick_y,-1872
73998,rtrigger,32767
73998,lstick_x,-31594
73998,lstick_y,5666
73998,rstick_y,-1872
74004,rtrigger,32767
74004,lstick_x,-19106
74004,lstick_y,4876
74004,rstick_y,-1872
74015,rtrigger,32767
74015,lstick_x,-19106
74015,lstick_y,4876
74015,rstick_y,-1872
74020,rtrigger,32767
74020,lstick_x,-10382
74020,lstick_y,3709
74020,rstick_y,-1872
74026,rtrigger,32767
74026,lstick_x,-10382
74026,lstick_y,3709
74026,rstick_y,-1872
74031,rtrigger,32767
74031,lstick_x,-10382
74031,lstick_y,3709
74031,rstick_y,-1872
74037,rtrigger,32767
74037,lstick_x,-10382
74037,lstick_y,3709
74037,rstick_y,-1872
74045,rtrigger,32767
74045,lstick_x,-10382
74045,lstick_y,3709
74045,rstick_y,-1872
74053,rtrigger,32767
74053,lstick_x,-10382
74053,lstick_y,3709
74053,rstick_y,-1872
74061,rtrigger,32767
74061,lstick_x,-10382
74061,lstick_y,3709
74061,rstick_y,-1872
74069,rtrigger,32767
74069,lstick_x,-10382
74069,lstick_y,3709
74069,rstick_y,-1872
74072,rtrigger,32767
74072,lstick_x,-10382
74072,lstick_y,3709
74072,rstick_y,-1872
74081,rtrigger,32767
74081,lstick_x,-10382
74081,lstick_y,3709
74081,rstick_y,-1872
74093,rtrigger,32767
74093,lstick_x,-10382
74093,lstick_y,3709
74093,rstick_y,-1872
74097,rtrigger,32767
74097,lstick_x,-1071
74097,rstick_y,-1872
74101,rtrigger,32767
74101,lstick_x,-1071
74101,rstick_y,-1872
74104,rtrigger,32767
74104,lstick_x,-1071
74104,rstick_y,-1872
74107,rtrigger,32767
74107,lstick_x,-1071
74107,rstick_y,-1872
74112,rtrigger,32767
74112,rstick_y,-1872
74117,rtrigger,32767
74117,rstick_y,-1872
74125,rtrigger,32767
74125,rstick_y,-1872
74222,rtrigger,32767
74222,rstick_y,-1872
74229,rtrigger,32767
74229,rstick_y,-1872
74237,rtrigger,32767
74237,lstick_x,26657
74237,lstick_y,-3751
74237,rstick_y,-1872
74239,rtrigger,32767
74239,lstick_x,26657
74239,lstick_y,-3751
74239,rstick_y,-1872
74242,rtrigger,32767
74242,lstick_x,26657
74242,lstick_y,-3751
74242,rstick_y,-1872
74246,rtrigger,32767
74246,lstick_x,26657
74246,lstick_y,-3751
74246,rstick_y,-1872
74253,rtrigger,32767
74253,lstick_x,26657
74253,lstick_y,-3751
74253,rstick_y,-1872
74257,rtrigger,32767
74257,lstick_x,26657
74257,lstick_y,-3751
74257,rstick_y,-1872
74261,rtrigger,32767
74261,lstick_x,26657
74261,lstick_y,-3751
74261,rstick_y,-1872
74269,rtrigger,32767
74269,lstick_x,26657
74269,lstick_y,-3751
74269,rstick_y,-1872
74279,rtrigger,32767
74279,lstick_x,26657
74279,lstick_y,-3751
74279,rstick_y,-1872
74286,rtrigger,32767
74286,lstick_x,26657
74286,lstick_y,-3751
74286,rstick_y,-1872
74293,rtrigger,32767
74293,lstick_x,26657
74293,lstick_y,-3751
74293,rstick_y,-1872
74301,rtrigger,32767
74301,lstick_x,32767
74301,lstick_y,-11481
74301,rstick_y,-1872
74308,rtrigger,32767
74308,lstick_x,32767
74308,lstick_y,-11481
74308,rstick_y,-1872
74313,rtrigger,32767
74313,lstick_x,32767
74313,lstick_y,-11481
74313,rstick_y,-1872
74317,rtrigger,32767
74317,lstick_x,32767
74317,lstick_y,-11481
74317,rstick_y,-1872
74322,rtrigger,32767
74322,lstick_x,32767
74322,lstick_y,-11548
74322,rstick_y,-1872
74325,rtrigger,32767
74325,lstick_x,32767
74325,lstick_y,-11548
74325,rstick_y,-1872
74328,rtrigger,32767
74328,lstick_x,32767
74328,lstick_y,-11548
74328,rstick_y,-1872
74331,rtrigger,32767
74331,lstick_x,32767
74331,lstick_y,-11548
74331,rstick_y,-1872
74336,rtrigger,32767
74336,lstick_x,32767
74336,lstick_y,-11548
74336,rstick_y,-1872
74339,rtrigger,32767
74339,lstick_x,32767
74339,lstick_y,-11548
74339,rstick_y,-1872
74345,rtrigger,32767
74345,lstick_x,32767
74345,lstick_y,-11548
74345,rstick_y,-1872
74349,rtrigger,32767
74349,lstick_x,32767
74349,lstick_y,-11548
74349,rstick_y,-1872
74361,rtrigger,32767
74361,lstick_x,32767
74361,lstick_y,-11548
74361,rstick_y,-1872
74366,rtrigger,32767
74366,lstick_x,32767
74366,lstick_y,-11548
74366,rstick_y,-1872
74372,rtrigger,32767
74372,lstick_x,32767
74372,lstick_y,-11548
74372,rstick_y,-1872
74381,rtrigger,32767
74381,lstick_x,32767
74381,lstick_y,-11548
74381,rstick_y,-1872
74389,rtrigger,32767
74389,lstick_x,32767
74389,lstick_y,-11548
74389,rstick_y,-1872
74397,rtrigger,32767
74397,lstick_x,32767
74397,lstick_y,-11548
74397,rstick_y,-1872
74403,lstick_x,32767
74403,lstick_y,-11591
74403,rstick_y,-1872
74406,lstick_x,32767
74406,lstick_y,-11591
74406,rstick_y,-1872
74408,lstick_x,32767
74408,lstick_y,-11591
74408,rstick_y,-1872
74417,lstick_x,32767
74417,lstick_y,-11591
74417,rstick_y,-1872
74421,lstick_x,32767
74421,lstick_y,-11653
74421,rstick_y,-1872
74428,lstick_x,32767
74428,lstick_y,-11653
74428,rstick_y,-1872
74435,lstick_x,32767
74435,lstick_y,-11653
74435,rstick_y,-1872
74442,lstick_x,32767
74442,lstick_y,-11653
74442,rstick_y,-1872
74445,lstick_x,32767
74445,lstick_y,-11653
74445,rstick_y,-1872
74451,lstick_x,32767
74451,lstick_y,-11653
74451,rstick_y,-1872
74462,lstick_x,32767
74462,lstick_y,-11653
74462,rstick_y,-1872
74469,lstick_x,32767
74469,lstick_y,-11653
74469,rstick_y,-1872
74477,lstick_x,32767
74477,lstick_y,-11653
74477,rstick_y,-1872
74485,lstick_x,32767
74485,lstick_y,-11653
74485,rstick_y,-1872
74488,lstick_x,31780
74488,lstick_y,-11425
74488,rstick_y,-1872
74491,lstick_x,31780
74491,lstick_y,-11425
74491,rstick_y,-1872
74494,lstick_x,31780
74494,lstick_y,-11425
74494,rstick_y,-1872
74505,lstick_x,31780
74505,lstick_y,-11425
74505,rstick_y,-1872
74511,lstick_x,31780
74511,lstick_y,-11425
74511,rstick_y,-1872
74515,lstick_x,5914
74515,lstick_y,-2240
74515,rstick_y,-1872
74525,lstick_x,5914
74525,lstick_y,-2240
74525,rstick_y,-1872
74528,lstick_x,5068
74528,lstick_y,-1910
74528,rstick_y,-1872
74533,lstick_x,5068
74533,lstick_y,-1910
74533,rstick_y,-1872
74537,lstick_x,5068
74537,lstick_y,-1910
74537,rstick_y,-1872
74541,lstick_x,5068
74541,lstick_y,-1910
74541,rstick_y,-1872
74559,lstick_x,5068
74559,lstick_y,-1910
74559,rstick_y,-1872
74565,lstick_x,5068
74565,lstick_y,-1910
74565,rstick_y,-1872
74569,lstick_x,5068
74569,lstick_y,-1910
74569,rstick_y,-1872
74573,lstick_x,5068
74573,lstick_y,-1910
74573,rstick_y,-1872
74589,lstick_x,5068
74589,lstick_y,-1910
74589,rstick_y,-1872
74600,lstick_x,5068
74600,lstick_y,-1910
74600,rstick_y,-1872
74606,lstick_x,3289
74606,lstick_y,-1231
74606,rstick_y,-1872
74613,lstick_x,3289
74613,lstick_y,-1231
74613,rstick_y,-1872
74627,lstick_x,3289
74627,lstick_y,-1231
74627,rstick_y,-1872
74635,lstick_x,2342
74635,rstick_y,-1872
74643,lstick_x,2146
74643,rstick_y,-1872
74646,lstick_x,2146
74646,rstick_y,-1872
74653,lstick_x,2146
74653,rstick_y,-1872
74656,lstick_x,2146
74656,rstick_y,-1872
74662,lstick_x,2146
74662,rstick_y,-1872
74669,lstick_x,2146
74669,rstick_y,-1872
74679,lstick_x,2146
74679,rstick_y,-1872
74688,lstick_x,2146
74688,rstick_y,-1872
74690,lstick_x,2146
74690,rstick_y,-1872
74693,lstick_x,2146
74693,rstick_y,-1872
74701,lstick_x,1848
74701,rstick_y,-1872
74709,lstick_x,1848
74709,rstick_y,-1872
74717,lstick_x,1848
74717,rstick_y,-1872
74720,lstick_x,1848
74720,rstick_y,-1872
74724,lstick_x,10779
74724,lstick_y,-1237
74724,rstick_y,-1872
74727,lstick_x,10779
74727,lstick_y,-1237
74727,rstick_y,-1872
74733,lstick_x,10779
74733,lstick_y,-1237
74733,rstick_y,-1872
74741,lstick_x,10779
74741,lstick_y,-1237
74741,rstick_y,-1872
74749,lstick_x,19770
74749,lstick_y,-1768
74749,rstick_y,-1872
74753,lstick_x,20757
74753,lstick_y,-2527
74753,rstick_y,-1872
74756,lstick_x,20757
74756,lstick_y,-2527
74756,rstick_y,-1872
74759,lstick_x,20757
74759,lstick_y,-2527
74759,rstick_y,-1872
74765,lstick_x,20757
74765,lstick_y,-2527
74765,rstick_y,-1872
74771,lstick_x,29588
74771,lstick_y,-3352
74771,rstick_y,-1872
74783,lstick_x,29588
74783,lstick_y,-3352
74783,rstick_y,-1872
74786,lstick_x,32767
74786,lstick_y,-4267
74786,rstick_y,-1872
74793,lstick_x,32767
74793,lstick_y,-4267
74793,rstick_y,-1872
74797,lstick_x,32767
74797,lstick_y,-4267
74797,rstick_y,-1872
74803,lstick_x,32767
74803,lstick_y,-4267
74803,rstick_y,-1872
74806,lstick_x,32767
74806,lstick_y,-4267
74806,rstick_y,-1872
74809,lstick_x,32767
74809,lstick_y,-5010
74809,rstick_y,-1872
74813,lstick_x,32767
74813,lstick_y,-5010
74813,rstick_y,-1872
74821,lstick_x,32767
74821,lstick_y,-5010
74821,rstick_y,-1872
74828,lstick_x,32767
74828,lstick_y,-5599
74828,rstick_y,-1872
74830,lstick_x,32767
74830,lstick_y,-5599
74830,rstick_y,-1872
74839,lstick_x,32767
74839,lstick_y,-5599
74839,rstick_y,-1872
74846,lstick_x,32767
74846,lstick_y,-6076
74846,rstick_y,-1872
74849,lstick_x,32767
74849,lstick_y,-6076
74849,rstick_y,-1872
74854,lstick_x,32767
74854,lstick_y,-6076
74854,rstick_y,-1872
74861,lstick_x,32767
74861,lstick_y,-6076
74861,rstick_y,-1872
74869,lstick_x,32767
74869,lstick_y,-6076
74869,rstick_y,-1872
74876,lstick_x,32767
74876,lstick_y,-6457
74876,rstick_y,-1872
74882,lstick_x,32767
74882,lstick_y,-6457
74882,rstick_y,-1872
74885,lstick_x,32767
74885,lstick_y,-6457
74885,rstick_y,-1872
74888,lstick_x,32767
74888,lstick_y,-7006
74888,rstick_y,-1872
74893,lstick_x,32767
74893,lstick_y,-7006
74893,rstick_y,-1872
74915,lstick_x,32767
74915,lstick_y,-7006
74915,rstick_y,-1872
74921,lstick_x,32767
74921,lstick_y,-7357
74921,rstick_y,-1872
74926,lstick_x,32767
74926,lstick_y,-7357
74926,rstick_y,-1872
74933,lstick_x,32767
74933,lstick_y,-7357
74933,rstick_y,-1872
74939,lstick_x,32767
74939,lstick_y,-7357
74939,rstick_y,-1872
74943,lstick_x,32767
74943,lstick_y,-7357
74943,rstick_y,-1872
74949,lstick_x,32767
74949,lstick_y,-7357
74949,rstick_y,-1872
74956,lstick_x,32767
74956,lstick_y,-7477
74956,rstick_y,-1872
74959,lstick_x,32767
74959,lstick_y,-7477
74959,rstick_y,-1872
74962,lstick_x,32767
74962,lstick_y,-7573
74962,rstick_y,-1872
74967,lstick_x,32767
74967,lstick_y,-7573
74967,rstick_y,-1872
74970,lstick_x,32767
74970,lstick_y,-7573
74970,rstick_y,-1872
74976,lstick_x,32767
74976,lstick_y,-7573
74976,rstick_y,-1872
74981,lstick_x,32533
74981,lstick_y,-7610
74981,rstick_y,-1872
74987,lstick_x,32533
74987,lstick_y,-7610
74987,rstick_y,-1872
74990,lstick_x,32533
74990,lstick_y,-7610
74990,rstick_y,-1872
74997,lstick_x,15518
74997,lstick_y,-6485
74997,rstick_y,-1872
75005,lstick_x,15518
75005,lstick_y,-6485
75005,rstick_y,-1872
75008,lstick_x,7387
75008,lstick_y,-5402
75008,rstick_y,-1872
75013,lstick_x,7387
75013,lstick_y,-5402
75013,rstick_y,-1872
75021,lstick_x,7387
75021,lstick_y,-5402
75021,rstick_y,-1872
75029,lstick_x,7387
75029,lstick_y,-5402
75029,rstick_y,-1872
75036,lstick_x,5322
75036,lstick_y,-3404
75036,rstick_y,-1872
75040,lstick_x,5322
75040,lstick_y,-3404
75040,rstick_y,-1872
75048,lstick_x,5322
75048,lstick_y,-3404
75048,rstick_y,-1872
75053,lstick_x,5322
75053,lstick_y,-3404
75053,rstick_y,-1872
75056,lstick_x,4553
75056,lstick_y,-2689
75056,rstick_y,-1872
75061,lstick_x,4553
75061,lstick_y,-2689
75061,rstick_y,-1872
75064,lstick_x,4553
75064,lstick_y,-2689
75064,rstick_y,-1872
75069,lstick_x,4553
75069,lstick_y,-2689
75069,rstick_y,-1872
75077,lstick_x,3932
75077,lstick_y,-2118
75077,rstick_y,-1872
75085,lstick_x,3932
75085,lstick_y,-2118
75085,rstick_y,-1872
75098,lstick_x,3430
75098,lstick_y,-1661
75098,rstick_y,-1872
75102,lstick_x,3430
75102,lstick_y,-1661
75102,rstick_y,-1872
75105,lstick_x,3034
75105,lstick_y,-1295
75105,rstick_y,-1872
75109,lstick_x,3034
75109,lstick_y,-1295
75109,rstick_y,-1872
75113,lstick_x,2711
75113,rstick_y,-1872
75117,lstick_x,2711
75117,rstick_y,-1872
75119,lstick_x,2711
75119,rstick_y,-1872
75123,lstick_x,2711
75123,rstick_y,-1872
75126,lstick_x,2711
75126,rstick_y,-1872
75135,lstick_x,2711
75135,rstick_y,-1872
75142,lstick_x,2453
75142,rstick_y,-1872
75147,lstick_x,2252
75147,rstick_y,-1872
75154,lstick_x,2252
75154,rstick_y,-1872
75157,lstick_x,2252
75157,rstick_y,-1872
75165,lstick_x,2086
75165,rstick_y,-1872
75170,lstick_x,2086
75170,rstick_y,-1872
75176,lstick_x,2086
75176,rstick_y,-1872
75185,lstick_x,2086
75185,rstick_y,-1872
75192,lstick_x,1852
75192,rstick_y,-1872
75197,lstick_x,1852
75197,rstick_y,-1872
75203,lstick_x,1766
75203,rstick_y,-1872
75207,lstick_x,1766
75207,rstick_y,-1872
75213,lstick_x,1766
75213,rstick_y,-1872
75226,lstick_x,1766
75226,rstick_y,-1872
75236,lstick_x,1648
75236,rstick_y,-1872
75244,lstick_x,1648
75244,rstick_y,-1872
75253,lstick_x,1648
75253,rstick_y,-1872
75261,lstick_x,1648
75261,rstick_y,-1872
75269,lstick_x,1648
75269,rstick_y,-1872
75275,lstick_x,1588
75275,rstick_y,-1872
75281,lstick_x,1588
75281,rstick_y,-1872
75285,lstick_x,1588
75285,rstick_y,-1872
75287,lstick_x,1588
75287,rstick_y,-1872
75290,lstick_x,1588
75290,rstick_y,-1872
75293,lstick_x,1588
75293,rstick_y,-1872
75304,lstick_x,1588
75304,rstick_y,-1872
75312,lstick_x,1588
75312,rstick_y,-1872
75317,lstick_x,1588
75317,rstick_y,-1872
75321,lstick_x,1588
75321,rstick_y,-1872
75324,lstick_x,1588
75324,rstick_y,-1872
75334,lstick_x,1588
75334,rstick_y,-1872
75342,lstick_x,1588
75342,rstick_y,-1872
75350,lstick_x,1588
75350,rstick_y,-1872
75353,lstick_x,1588
75353,rstick_y,-1872
75357,lstick_x,1588
75357,rstick_y,-1872
75365,lstick_x,1588
75365,rstick_y,-1872
75373,lstick_x,1588
75373,rstick_y,-1872
75378,lstick_x,1588
75378,rstick_y,-1872
75381,lstick_x,1588
75381,rstick_y,-1872
75387,lstick_x,1588
75387,rstick_y,-1872
75390,lstick_x,1588
75390,rstick_y,-1872
75397,lstick_x,1588
75397,rstick_y,-1872
75406,lstick_x,1588
75406,rstick_y,-1872
75412,lstick_x,1854
75412,rstick_y,-1872
75420,lstick_x,1854
75420,rstick_y,-1872
75424,lstick_x,1854
75424,rstick_y,-1872
75429,lstick_x,2214
75429,rstick_y,-1872
75434,lstick_x,2214
75434,rstick_y,-1872
75437,lstick_x,2214
75437,rstick_y,-1872
75440,lstick_x,2214
75440,rstick_y,-1872
75452,lstick_x,2214
75452,rstick_y,-1872
75465,lstick_x,2214
75465,rstick_y,-1872
75472,lstick_x,3113
75472,rstick_y,-1872
75477,lstick_x,3113
75477,rstick_y,-1872
75485,lstick_x,3113
75485,rstick_y,-1872
75493,lstick_x,3113
75493,rstick_y,-1872
75501,lstick_x,3113
75501,rstick_y,-1872
75504,lstick_x,24441
75504,rstick_y,-1872
75508,lstick_x,24441
75508,rstick_y,-1872
75517,lstick_x,24441
75517,rstick_y,-1872
75526,lstick_x,24441
75526,rstick_y,-1872
75535,lstick_x,24441
75535,rstick_y,-1872
75541,lstick_x,32767
75541,lstick_y,-2895
75541,rstick_y,-1872
75549,lstick_x,32767
75549,lstick_y,-2895
75549,rstick_y,-1872
75557,lstick_x,32767
75557,lstick_y,-2895
75557,rstick_y,-1872
75564,lstick_x,32767
75564,lstick_y,-3451
75564,rstick_y,-1872
75570,lstick_x,32767
75570,lstick_y,-3451
75570,rstick_y,-1872
75574,lstick_x,32767
75574,lstick_y,-3451
75574,rstick_y,-1872
75583,lstick_x,32767
75583,lstick_y,-3649
75583,rstick_y,-1872
75593,lstick_x,32767
75593,lstick_y,-3649
75593,rstick_y,-1872
75598,lstick_x,32767
75598,lstick_y,-3807
75598,rstick_y,-1872
75606,lstick_x,32767
75606,lstick_y,-3807
75606,rstick_y,-1872
75612,lstick_x,32640
75612,lstick_y,-3963
75612,rstick_y,-1872
75615,lstick_x,32640
75615,lstick_y,-3963
75615,rstick_y,-1872
75621,lstick_x,32640
75621,lstick_y,-3963
75621,rstick_y,-1872
75629,lstick_x,32640
75629,lstick_y,-3963
75629,rstick_y,-1872
75637,lstick_x,32640
75637,lstick_y,-3963
75637,rstick_y,-1872
75641,lstick_x,17881
75641,lstick_y,-3674
75641,rstick_y,-1872
75644,lstick_x,17881
75644,lstick_y,-3674
75644,rstick_y,-1872
75648,lstick_x,17881
75648,lstick_y,-3674
75648,rstick_y,-1872
75653,lstick_x,17881
75653,lstick_y,-3674
75653,rstick_y,-1872
75656,lstick_x,10302
75656,lstick_y,-3209
75656,rstick_y,-1872
75670,lstick_x,10302
75670,lstick_y,-3209
75670,rstick_y,-1872
75678,lstick_x,10302
75678,lstick_y,-3209
75678,rstick_y,-1872
75686,lstick_x,10302
75686,lstick_y,-3209
75686,rstick_y,-1872
75693,lstick_x,2068
75693,lstick_y,-2179
75693,rstick_y,-1872
75701,lstick_x,2068
75701,lstick_y,-2179
75701,rstick_y,-1872
75709,lstick_x,2068
75709,lstick_y,-2179
75709,rstick_y,-1872
75717,lstick_x,2068
75717,lstick_y,-2179
75717,rstick_y,-1872
75720,lstick_x,1967
75720,lstick_y,-1474
75720,rstick_y,-1872
75723,lstick_x,1967
75723,lstick_y,-1474
75723,rstick_y,-1872
75727,lstick_x,1967
75727,lstick_y,-1474
75727,rstick_y,-1872
75735,lstick_x,1967
75735,lstick_y,-1474
75735,rstick_y,-1872
75741,lstick_x,1967
75741,lstick_y,-1229
75741,rstick_y,-1872
75746,lstick_x,1907
75746,lstick_y,-1027
75746,rstick_y,-1872
75751,lstick_x,1907
75751,lstick_y,-1027
75751,rstick_y,-1872
75757,lstick_x,1907
75757,lstick_y,-1027
75757,rstick_y,-1872
75764,lstick_x,1907
75764,rstick_y,-1872
75773,lstick_x,1907
75773,rstick_y,-1872
75790,lstick_x,1907
75790,rstick_y,-1872
75792,lstick_x,3295
75792,rstick_y,-1872
75796,lstick_x,3295
75796,rstick_y,-1872
75803,lstick_x,4390
75803,lstick_y,-1146
75803,rstick_y,-1872
75806,lstick_x,4390
75806,lstick_y,-1146
75806,rstick_y,-1872
75816,lstick_x,4390
75816,lstick_y,-1146
75816,rstick_y,-1872
75824,lstick_x,4390
75824,lstick_y,-1146
75824,rstick_y,-1872
75833,lstick_x,4390
75833,lstick_y,-1146
75833,rstick_y,-1872
75836,lstick_x,19563
75836,lstick_y,-1812
75836,rstick_y,-1872
75840,lstick_x,19563
75840,lstick_y,-1812
75840,rstick_y,-1872
75845,lstick_x,19563
75845,lstick_y,-1812
75845,rstick_y,-1872
75853,lstick_x,19563
75853,lstick_y,-1812
75853,rstick_y,-1872
75861,lstick_x,19563
75861,lstick_y,-1812
75861,rstick_y,-1872
75869,lstick_x,19563
75869,lstick_y,-1812
75869,rstick_y,-1872
75872,lstick_x,27043
75872,lstick_y,-2594
75872,rstick_y,-1872
75875,lstick_x,27043
75875,lstick_y,-2594
75875,rstick_y,-1872
75886,lstick_x,28138
75886,lstick_y,-3421
75886,rstick_y,-1872
75892,lstick_x,32767
75892,lstick_y,-4173
75892,rstick_y,-1872
75896,lstick_x,32767
75896,lstick_y,-4173
75896,rstick_y,-1872
75901,lstick_x,32767
75901,lstick_y,-4173
75901,rstick_y,-1872
75904,lstick_x,32767
75904,lstick_y,-4173
75904,rstick_y,-1872
75909,lstick_x,32767
75909,lstick_y,-4173
75909,rstick_y,-1872
75917,lstick_x,32767
75917,lstick_y,-4173
75917,rstick_y,-1872
75921,lstick_x,32767
75921,lstick_y,-5251
75921,rstick_y,-1872
75925,lstick_x,32767
75925,lstick_y,-5251
75925,rstick_y,-1872
75937,lstick_x,32767
75937,lstick_y,-5251
75937,rstick_y,-1872
75942,lstick_x,32767
75942,lstick_y,-5592
75942,rstick_y,-1872
75949,lstick_x,32767
75949,lstick_y,-5592
75949,rstick_y,-1872
75953,lstick_x,32767
75953,lstick_y,-5847
75953,rstick_y,-1872
75961,lstick_x,32767
75961,lstick_y,-5847
75961,rstick_y,-1872
75972,lstick_x,32767
75972,lstick_y,-5847
75972,rstick_y,-1872
75981,lstick_x,32767
75981,lstick_y,-6142
75981,rstick_y,-1872
75988,lstick_x,32767
75988,lstick_y,-6142
75988,rstick_y,-1872
75991,lstick_x,32767
75991,lstick_y,-6142
75991,rstick_y,-1872
75998,lstick_x,32767
75998,lstick_y,-6230
75998,rstick_y,-1872
76005,lstick_x,32767
76005,lstick_y,-6230
76005,rstick_y,-1872
76017,lstick_x,32767
76017,lstick_y,-6230
76017,rstick_y,-1872
76021,lstick_x,32767
76021,lstick_y,-6230
76021,rstick_y,-1872
76026,lstick_x,32767
76026,lstick_y,-6403
76026,rstick_y,-1872
76029,lstick_x,32767
76029,lstick_y,-6403
76029,rstick_y,-1872
76036,lstick_x,32767
76036,lstick_y,-6403
76036,rstick_y,-1872
76040,lstick_x,32767
76040,lstick_y,-6403
76040,rstick_y,-1872
76045,lstick_x,32767
76045,lstick_y,-6403
76045,rstick_y,-1872
76055,lstick_x,32767
76055,lstick_y,-6403
76055,rstick_y,-1872
76064,lstick_x,32767
76064,lstick_y,-6403
76064,rstick_y,-1872
76069,lstick_x,32767
76069,lstick_y,-6403
76069,rstick_y,-1872
76071,lstick_x,32767
76071,lstick_y,-6468
76071,rstick_y,-1872
76077,lstick_x,32767
76077,lstick_y,-6468
76077,rstick_y,-1872
76085,lstick_x,32767
76085,lstick_y,-6468
76085,rstick_y,-1872
76093,lstick_x,32767
76093,lstick_y,-6468
76093,rstick_y,-1872
76101,lstick_x,32767
76101,lstick_y,-6468
76101,rstick_y,-1872
76103,lstick_x,32767
76103,lstick_y,-6510
76103,rstick_y,-1872
76107,lstick_x,32767
76107,lstick_y,-6510
76107,rstick_y,-1872
76109,lstick_x,32767
76109,lstick_y,-6510
76109,rstick_y,-1872
76118,lstick_x,32767
76118,lstick_y,-6510
76118,rstick_y,-1872
76127,lstick_x,32492
76127,lstick_y,-6510
76127,rstick_y,-1872
76136,lstick_x,32492
76136,lstick_y,-6510
76136,rstick_y,-1872
76141,lstick_x,24292
76141,lstick_y,-6510
76141,rstick_y,-1872
76148,lstick_x,14545
76148,lstick_y,-5772
76148,rstick_y,-1872
76155,lstick_x,14545
76155,lstick_y,-5772
76155,rstick_y,-1872
76159,lstick_x,14545
76159,lstick_y,-5772
76159,rstick_y,-1872
76168,lstick_x,14545
76168,lstick_y,-5772
76168,rstick_y,-1872
76171,lstick_x,6534
76171,lstick_y,-4938
76171,rstick_y,-1872
76174,lstick_x,6534
76174,lstick_y,-4938
76174,rstick_y,-1872
76182,lstick_x,6534
76182,lstick_y,-4938
76182,rstick_y,-1872
76196,lstick_x,6534
76196,lstick_y,-4938
76196,rstick_y,-1872
76203,lstick_x,4756
76203,lstick_y,-3317
76203,rstick_y,-1872
76209,lstick_x,4100
76209,lstick_y,-2734
76209,rstick_y,-1872
76212,lstick_x,4100
76212,lstick_y,-2734
76212,rstick_y,-1872
76219,lstick_x,4100
76219,lstick_y,-2734
76219,rstick_y,-1872
76223,lstick_x,3570
76223,lstick_y,-2268
76223,rstick_y,-1872
76239,lstick_x,3570
76239,lstick_y,-2268
76239,rstick_y,-1872
76247,lstick_x,3570
76247,lstick_y,-2268
76247,rstick_y,-1872
76255,lstick_x,3570
76255,lstick_y,-2268
76255,rstick_y,-1872
76261,lstick_x,3570
76261,lstick_y,-2268
76261,rstick_y,-1872
76271,lstick_x,2521
76271,lstick_y,-1344
76271,rstick_y,-1872
76277,lstick_x,2521
76277,lstick_y,-1344
76277,rstick_y,-1872
76287,lstick_x,2521
76287,lstick_y,-1344
76287,rstick_y,-1872
76293,lstick_x,2301
76293,lstick_y,-1150
76293,rstick_y,-1872
76301,lstick_x,2301
76301,lstick_y,-1150
76301,rstick_y,-1872
76305,lstick_x,2131
76305,rstick_y,-1872
76308,lstick_x,2131
76308,rstick_y,-1872
76313,lstick_x,1995
76313,rstick_y,-1872
76317,lstick_x,1995
76317,rstick_y,-1872
76322,lstick_x,1995
76322,rstick_y,-1872
76325,lstick_x,1995
76325,rstick_y,-1872
76336,lstick_x,1880
76336,rstick_y,-1872
76340,lstick_x,1880
76340,rstick_y,-1872
76345,lstick_x,1794
76345,rstick_y,-1872
76351,lstick_x,1794
76351,rstick_y,-1872
76357,lstick_x,1794
76357,rstick_y,-1872
76363,lstick_x,1725
76363,rstick_y,-1872
76366,lstick_x,1725
76366,rstick_y,-1872
76373,lstick_x,1725
76373,rstick_y,-1872
76380,lstick_x,1725
76380,rstick_y,-1872
76397,lstick_x,1725
76397,rstick_y,-1872
76405,lstick_x,1725
76405,rstick_y,-1872
76409,lstick_x,1670
76409,rstick_y,-1872
76413,lstick_x,1670
76413,rstick_y,-1872
76420,lstick_x,1607
76420,rstick_y,-1872
76432,lstick_x,1607
76432,rstick_y,-1872
76444,lstick_x,1607
76444,rstick_y,-1872
76456,lstick_x,1607
76456,rstick_y,-1872
76460,lstick_x,1607
76460,rstick_y,-1872
76469,lstick_x,1607
76469,rstick_y,-1872
76473,lstick_x,1607
76473,rstick_y,-1872
76477,lstick_x,1607
76477,rstick_y,-1872
76485,lstick_x,1607
76485,rstick_y,-1872
76496,lstick_x,1607
76496,rstick_y,-1872
76506,lstick_x,1607
76506,rstick_y,-1872
76509,lstick_x,1607
76509,rstick_y,-1872
76513,lstick_x,1607
76513,rstick_y,-1872
76517,lstick_x,1607
76517,rstick_y,-1872
76519,lstick_x,1607
76519,rstick_y,-1872
76523,lstick_x,1607
76523,rstick_y,-1872
76526,lstick_x,1607
76526,rstick_y,-1872
76536,lstick_x,1607
76536,rstick_y,-1872
76543,lstick_x,1607
76543,rstick_y,-1872
76554,lstick_x,1607
76554,rstick_y,-1872
76560,lstick_x,1607
76560,rstick_y,-1872
76568,lstick_x,1607
76568,rstick_y,-1872
76574,lstick_x,10451
76574,rstick_y,-1872
76576,lstick_x,10451
76576,rstick_y,-1872
76583,lstick_x,10451
76583,rstick_y,-1872
76589,lstick_x,10451
76589,rstick_y,-1872
76597,lstick_x,10451
76597,rstick_y,-1872
76605,lstick_x,10451
76605,rstick_y,-1872
76609,lstick_x,29647
76609,lstick_y,-2290
76609,rstick_y,-1872
76613,lstick_x,32767
76613,lstick_y,-8956
76613,rstick_y,-1872
76619,lstick_x,32767
76619,lstick_y,-8956
76619,rstick_y,-1872
76623,lstick_x,32767
76623,lstick_y,-8956
76623,rstick_y,-1872
76633,lstick_x,32767
76633,lstick_y,-8956
76633,rstick_y,-1872
76640,lstick_x,32767
76640,lstick_y,-8956
76640,rstick_y,-1872
76645,lstick_x,32767
76645,lstick_y,-8956
76645,rstick_y,-1872
76655,lstick_x,32767
76655,lstick_y,-8956
76655,rstick_y,-1872
76662,lstick_x,32767
76662,lstick_y,-8956
76662,rstick_y,-1872
76669,lstick_x,32767
76669,lstick_y,-8950
76669,rstick_y,-1872
76674,lstick_x,32767
76674,lstick_y,-8950
76674,rstick_y,-1872
76678,lstick_x,32767
76678,lstick_y,-8950
76678,rstick_y,-1872
76685,lstick_x,32767
76685,lstick_y,-8950
76685,rstick_y,-1872
76697,lstick_x,32767
76697,lstick_y,-8950
76697,rstick_y,-1872
76704,lstick_x,32767
76704,lstick_y,-8950
76704,rstick_y,-1872
76709,lstick_x,32767
76709,lstick_y,-8950
76709,rstick_y,-1872
76715,lstick_x,32767
76715,lstick_y,-8950
76715,rstick_y,-1872
76720,lstick_x,32066
76720,lstick_y,-8798
76720,rstick_y,-1872
76728,lstick_x,32066
76728,lstick_y,-8798
76728,rstick_y,-1872
76733,lstick_x,32066
76733,lstick_y,-8798
76733,rstick_y,-1872
76741,lstick_x,32066
76741,lstick_y,-8798
76741,rstick_y,-1872
76751,lstick_x,32066
76751,lstick_y,-8798
76751,rstick_y,-1872
76757,lstick_x,14133
76757,lstick_y,-7232
76757,rstick_y,-1872
76763,lstick_x,14133
76763,lstick_y,-7232
76763,rstick_y,-1872
76766,lstick_x,14133
76766,lstick_y,-7232
76766,rstick_y,-1872
76770,lstick_x,6917
76770,lstick_y,-5962
76770,rstick_y,-1872
76773,lstick_x,6917
76773,lstick_y,-5962
76773,rstick_y,-1872
76781,lstick_x,5911
76781,lstick_y,-4653
76781,rstick_y,-1872
76789,lstick_x,5911
76789,lstick_y,-4653
76789,rstick_y,-1872
76800,lstick_x,5911
76800,lstick_y,-4653
76800,rstick_y,-1872
76805,lstick_x,5911
76805,lstick_y,-4653
76805,rstick_y,-1872
76809,lstick_x,4293
76809,lstick_y,-2774
76809,rstick_y,-1872
76812,lstick_x,4293
76812,lstick_y,-2774
76812,rstick_y,-1872
76819,lstick_x,4293
76819,lstick_y,-2774
76819,rstick_y,-1872
76822,lstick_x,3689
76822,lstick_y,-2123
76822,rstick_y,-1872
76832,lstick_x,3689
76832,lstick_y,-2123
76832,rstick_y,-1872
76837,lstick_x,3689
76837,lstick_y,-2123
76837,rstick_y,-1872
76854,lstick_x,3689
76854,lstick_y,-2123
76854,rstick_y,-1872
76859,lstick_x,3200
76859,lstick_y,-1609
76859,rstick_y,-1872
76863,lstick_x,3200
76863,lstick_y,-1609
76863,rstick_y,-1872
76869,lstick_x,3200
76869,lstick_y,-1609
76869,rstick_y,-1872
76877,lstick_x,2809
76877,lstick_y,-1203
76877,rstick_y,-1872
76879,lstick_x,2809
76879,lstick_y,-1203
76879,rstick_y,-1872
76885,lstick_x,2809
76885,lstick_y,-1203
76885,rstick_y,-1872
76894,ltrigger,10943
76894,lstick_x,2496
76894,rstick_y,-1872
76903,ltrigger,10943
76903,lstick_x,2496
76903,rstick_y,-1872
76909,ltrigger,10943
76909,lstick_x,2496
76909,rstick_y,-1872
76913,ltrigger,32767
76913,lstick_x,2251
76913,rstick_y,-1872
76917,ltrigger,32767
76917,lstick_x,2251
76917,rstick_y,-1872
76919,ltrigger,32767
76919,lstick_x,2251
76919,rstick_y,-1872
76923,ltrigger,32767
76923,lstick_x,2251
76923,rstick_y,-1872
76933,ltrigger,32767
76933,lstick_x,2251
76933,rstick_y,-1872
76936,ltrigger,32767
76936,lstick_x,1888
76936,rstick_y,-1872
76941,ltrigger,32767
76941,lstick_x,1888
76941,rstick_y,-1872
76951,ltrigger,32767
76951,lstick_x,1888
76951,rstick_y,-1872
76958,ltrigger,32767
76958,lstick_x,1888
76958,rstick_y,-1872
76965,ltrigger,32767
76965,lstick_x,1765
76965,rstick_y,-1872
76973,ltrigger,32767
76973,lstick_x,1765
76973,rstick_y,-1872
76977,ltrigger,32767
76977,lstick_x,1583
76977,rstick_y,-1872
76981,ltrigger,32767
76981,lstick_x,1583
76981,rstick_y,-1872
76986,ltrigger,32767
76986,lstick_x,1583
76986,rstick_y,-1872
76989,ltrigger,32767
76989,lstick_x,1583
76989,rstick_y,-1872
76997,ltrigger,32767
76997,lstick_x,1583
76997,rstick_y,-1872
77005,ltrigger,32767
77005,lstick_x,1583
77005,rstick_y,-1872
77014,ltrigger,32767
77014,lstick_x,1583
77014,rstick_y,-1872
77020,ltrigger,32767
77020,lstick_x,1465
77020,rstick_y,-1872
77024,ltrigger,32767
77024,lstick_x,1465
77024,rstick_y,-1872
77030,ltrigger,32767
77030,lstick_x,1465
77030,rstick_y,-1872
77036,ltrigger,30207
77036,lstick_x,1421
77036,rstick_y,-1872
77041,ltrigger,30207
77041,lstick_x,1421
77041,rstick_y,-1872
77049,ltrigger,30207
77049,lstick_x,1421
77049,rstick_y,-1872
77053,ltrigger,30207
77053,lstick_x,1421
77053,rstick_y,-1872
77061,lstick_x,1357
77061,rstick_y,-1872
77065,lstick_x,1357
77065,rstick_y,-1872
77071,lstick_x,1357
77071,rstick_y,-1872
77074,lstick_x,1357
77074,rstick_y,-1872
77082,lstick_x,1357
77082,rstick_y,-1872
77088,lstick_x,1316
77088,rstick_y,-1872
77091,lstick_x,1316
77091,rstick_y,-1872
77094,lstick_x,1316
77094,rstick_y,-1872
77107,lstick_x,1316
77107,rstick_y,-1872
77117,lstick_x,1316
77117,rstick_y,-1872
77121,lstick_x,1261
77121,rstick_y,-1872
77125,lstick_x,1261
77125,rstick_y,-1872
77128,lstick_x,1261
77128,rstick_y,-1872
77134,lstick_x,1261
77134,rstick_y,-1872
77139,lstick_x,1261
77139,rstick_y,-1872
77142,lstick_x,1261
77142,rstick_y,-1872
77149,lstick_x,1261
77149,rstick_y,-1872
77157,lstick_x,1261
77157,rstick_y,-1872
77165,lstick_x,1261
77165,rstick_y,-1872
77170,lstick_x,1261
77170,rstick_y,-1872
77176,lstick_x,1261
77176,rstick_y,-1872
77182,lstick_x,1261
77182,rstick_y,-1872
77189,lstick_x,1218
77189,rstick_y,-1872
77192,lstick_x,1218
77192,rstick_y,-1872
77197,lstick_x,1218
77197,rstick_y,-1872
77213,lstick_x,1218
77213,rstick_y,-1872
77223,lstick_x,1218
77223,rstick_y,-1872
77227,lstick_x,1647
77227,rstick_y,-1872
77231,lstick_x,1647
77231,rstick_y,-1872
77236,lstick_x,1647
77236,rstick_y,-1872
77240,lstick_x,1647
77240,rstick_y,-1872
77250,lstick_x,1647
77250,rstick_y,-1872
77253,lstick_x,1647
77253,rstick_y,-1872
77274,lstick_x,1647
77274,rstick_y,-1872
77280,lstick_x,1647
77280,rstick_y,-1872
77285,lstick_x,1647
77285,rstick_y,-1872
77288,lstick_x,32340
77288,lstick_y,-9688
77288,rstick_y,-1872
77295,lstick_x,32340
77295,lstick_y,-9688
77295,rstick_y,-1872
77302,lstick_x,32340
77302,lstick_y,-9688
77302,rstick_y,-1872
77309,lstick_x,32451
77309,lstick_y,-10520
77309,rstick_y,-1872
77319,lstick_x,32451
77319,lstick_y,-10520
77319,rstick_y,-1872
77325,lstick_x,32767
77325,lstick_y,-10520
77325,rstick_y,-1872
77333,lstick_x,32767
77333,lstick_y,-10520
77333,rstick_y,-1872
77336,lstick_x,32767
77336,lstick_y,-9977
77336,rstick_y,-1872
77340,lstick_x,32767
77340,lstick_y,-9977
77340,rstick_y,-1872
77345,lstick_x,32767
77345,lstick_y,-9977
77345,rstick_y,-1872
77349,lstick_x,32767
77349,lstick_y,-9977
77349,rstick_y,-1872
77354,lstick_x,32767
77354,lstick_y,-9977
77354,rstick_y,-1872
77360,lstick_x,32767
77360,lstick_y,-9977
77360,rstick_y,-1872
77367,lstick_x,32767
77367,lstick_y,-9977
77367,rstick_y,-1872
77370,lstick_x,32767
77370,lstick_y,-9977
77370,rstick_y,-1872
77373,lstick_x,32767
77373,lstick_y,-9977
77373,rstick_y,-1872
77381,lstick_x,32767
77381,lstick_y,-9977
77381,rstick_y,-1872
77387,lstick_x,32767
77387,lstick_y,-9977
77387,rstick_y,-1872
77390,lstick_x,32767
77390,lstick_y,-9977
77390,rstick_y,-1872
77398,lstick_x,32767
77398,lstick_y,-9977
77398,rstick_y,-1872
77403,lstick_x,32767
77403,lstick_y,-9977
77403,rstick_y,-1872
77411,lstick_x,32767
77411,lstick_y,-9977
77411,rstick_y,-1872
77420,lstick_x,32767
77420,lstick_y,-9977
77420,rstick_y,-1872
77425,lstick_x,32767
77425,lstick_y,-9977
77425,rstick_y,-1872
77431,lstick_x,32767
77431,lstick_y,-9977
77431,rstick_y,-1872
77437,lstick_x,32767
77437,lstick_y,-9977
77437,rstick_y,-1872
77440,lstick_x,32767
77440,lstick_y,-8908
77440,rstick_y,-1872
77443,lstick_x,32767
77443,lstick_y,-8908
77443,rstick_y,-1872
77446,lstick_x,32767
77446,lstick_y,-8908
77446,rstick_y,-1872
77453,lstick_x,32767
77453,lstick_y,-8908
77453,rstick_y,-1872
77456,lstick_x,32767
77456,lstick_y,-8346
77456,rstick_y,-1872
77465,lstick_x,32767
77465,lstick_y,-8346
77465,rstick_y,-1872
77470,lstick_x,32767
77470,lstick_y,-8346
77470,rstick_y,-1872
77480,lstick_x,32767
77480,lstick_y,-8346
77480,rstick_y,-1872
77487,lstick_x,32767
77487,lstick_y,-8346
77487,rstick_y,-1872
77494,lstick_x,32767
77494,lstick_y,-8346
77494,rstick_y,-1872
77502,lstick_x,32767
77502,lstick_y,-7998
77502,rstick_y,-1872
77506,lstick_x,32767
77506,lstick_y,-7998
77506,rstick_y,-1872
77512,lstick_x,32767
77512,lstick_y,-7998
77512,rstick_y,-1872
77519,lstick_x,32767
77519,lstick_y,-7998
77519,rstick_y,-1872
77527,lstick_x,32767
77527,lstick_y,-7998
77527,rstick_y,-1872
77533,lstick_x,32767
77533,lstick_y,-7998
77533,rstick_y,-1872
77541,lstick_x,32767
77541,lstick_y,-7998
77541,rstick_y,-1872
77544,lstick_x,32767
77544,lstick_y,-7998
77544,rstick_y,-1872
77548,lstick_x,32767
77548,lstick_y,-7998
77548,rstick_y,-1872
77553,lstick_x,32767
77553,lstick_y,-7998
77553,rstick_y,-1872
77557,lstick_x,32767
77557,lstick_y,-7998
77557,rstick_y,-1872
77565,lstick_x,32767
77565,lstick_y,-7998
77565,rstick_y,-1872
77573,lstick_x,32767
77573,lstick_y,-7998
77573,rstick_y,-1872
77586,lstick_x,32767
77586,lstick_y,-7998
77586,rstick_y,-1872
77589,lstick_x,32767
77589,lstick_y,-7835
77589,rstick_y,-1872
77592,lstick_x,32767
77592,lstick_y,-7835
77592,rstick_y,-1872
77596,lstick_x,32767
77596,lstick_y,-7835
77596,rstick_y,-1872
77604,lstick_x,32767
77604,lstick_y,-7835
77604,rstick_y,-1872
77611,lstick_x,32767
77611,lstick_y,-7835
77611,rstick_y,-1872
77614,lstick_x,32767
77614,lstick_y,-7835
77614,rstick_y,-1872
77621,lstick_x,32767
77621,lstick_y,-7835
77621,rstick_y,-1872
77629,lstick_x,32767
77629,lstick_y,-7835
77629,rstick_y,-1872
77637,lstick_x,32767
77637,lstick_y,-7835
77637,rstick_y,-1872
77643,lstick_x,32767
77643,lstick_y,-7782
77643,rstick_y,-1872
77647,lstick_x,32767
77647,lstick_y,-7782
77647,rstick_y,-1872
77651,lstick_x,32767
77651,lstick_y,-7782
77651,rstick_y,-1872
77654,lstick_x,32767
77654,lstick_y,-7782
77654,rstick_y,-1872
77661,lstick_x,32767
77661,lstick_y,-7782
77661,rstick_y,-1872
77671,lstick_x,32767
77671,lstick_y,-7782
77671,rstick_y,-1872
77679,lstick_x,32767
77679,lstick_y,-7782
77679,rstick_y,-1872
77688,lstick_x,32767
77688,lstick_y,-7782
77688,rstick_y,-1872
77693,lstick_x,32767
77693,lstick_y,-7782
77693,rstick_y,-1872
77697,lstick_x,32767
77697,lstick_y,-7782
77697,rstick_y,-1872
77701,lstick_x,32767
77701,lstick_y,-7782
77701,rstick_y,-1872
77705,lstick_x,32767
77705,lstick_y,-7782
77705,rstick_y,-1872
77709,lstick_x,32767
77709,lstick_y,-7782
77709,rstick_y,-1872
77711,lstick_x,32767
77711,lstick_y,-7782
77711,rstick_y,-1872
77714,lstick_x,32767
77714,lstick_y,-7782
77714,rstick_y,-1872
77718,lstick_x,32767
77718,lstick_y,-7782
77718,rstick_y,-1872
77720,lstick_x,32767
77720,lstick_y,-7949
77720,rstick_y,-1872
77725,lstick_x,32767
77725,lstick_y,-7949
77725,rstick_y,-1872
77733,lstick_x,32767
77733,lstick_y,-7949
77733,rstick_y,-1872
77736,lstick_x,32767
77736,lstick_y,-7949
77736,rstick_y,-1872
77748,lstick_x,32767
77748,lstick_y,-7949
77748,rstick_y,-1872
77753,lstick_x,32767
77753,lstick_y,-9780
77753,rstick_y,-1872
77756,lstick_x,32767
77756,lstick_y,-9780
77756,rstick_y,-1872
77765,lstick_x,32767
77765,lstick_y,-9780
77765,rstick_y,-1872
77770,lstick_x,32767
77770,lstick_y,-10614
77770,rstick_y,-1872
77774,lstick_x,32767
77774,lstick_y,-10614
77774,rstick_y,-1872
77779,lstick_x,32767
77779,lstick_y,-10614
77779,rstick_y,-1872
77783,lstick_x,32767
77783,lstick_y,-10614
77783,rstick_y,-1872
77787,lstick_x,32767
77787,lstick_y,-10614
77787,rstick_y,-1872
77798,lstick_x,32767
77798,lstick_y,-10614
77798,rstick_y,-1872
77804,lstick_x,32767
77804,lstick_y,-10614
77804,rstick_y,-1872
77811,lstick_x,32767
77811,lstick_y,-10614
77811,rstick_y,-1872
77821,lstick_x,32767
77821,lstick_y,-10614
77821,rstick_y,-1872
77824,lstick_x,32767
77824,lstick_y,-10614
77824,rstick_y,-1872
77828,lstick_x,30599
77828,lstick_y,-12903
77828,rstick_y,-1872
77838,lstick_x,30599
77838,lstick_y,-12903
77838,rstick_y,-1872
77848,lstick_x,30599
77848,lstick_y,-12903
77848,rstick_y,-1872
77853,lstick_x,30599
77853,lstick_y,-12903
77853,rstick_y,-1872
77862,lstick_x,11501
77862,lstick_y,-12686
77862,rstick_y,-1872
77869,lstick_x,3912
77869,lstick_y,-11488
77869,rstick_y,-1872
77872,lstick_x,3912
77872,lstick_y,-11488
77872,rstick_y,-1872
77879,lstick_x,3235
77879,lstick_y,-3137
77879,rstick_y,-1872
77885,lstick_x,3235
77885,lstick_y,-3137
77885,rstick_y,-1872
77893,lstick_x,3235
77893,lstick_y,-3137
77893,rstick_y,-1872
77906,lstick_x,3235
77906,lstick_y,-3137
77906,rstick_y,-1872
77912,lstick_x,2202
77912,lstick_y,-2825
77912,rstick_y,-1872
77919,lstick_x,2202
77919,lstick_y,-2825
77919,rstick_y,-1872
77924,lstick_x,2202
77924,lstick_y,-2825
77924,rstick_y,-1872
77934,lstick_x,2202
77934,lstick_y,-2825
77934,rstick_y,-1872
77937,lstick_x,2202
77937,lstick_y,-2825
77937,rstick_y,-1872
77941,lstick_x,2202
77941,lstick_y,-2825
77941,rstick_y,-1872
77955,lstick_x,2202
77955,lstick_y,-2825
77955,rstick_y,-1872
77962,lstick_x,2202
77962,lstick_y,-2825
77962,rstick_y,-1872
77965,lstick_x,2202
77965,lstick_y,-2825
77965,rstick_y,-1872
77969,lstick_x,2202
77969,lstick_y,-2825
77969,rstick_y,-1872
77973,lstick_x,2202
77973,lstick_y,-2825
77973,rstick_y,-1872
77980,lstick_x,2202
77980,lstick_y,-2825
77980,rstick_y,-1872
77983,lstick_x,2202
77983,lstick_y,-2825
77983,rstick_y,-1872
77986,lstick_x,2202
77986,lstick_y,-2825
77986,rstick_y,-1872
77994,lstick_x,1281
77994,lstick_y,-2253
77994,rstick_y,-1872
77998,lstick_x,1281
77998,lstick_y,-2253
77998,rstick_y,-1872
78003,lstick_x,1281
78003,lstick_y,-2253
78003,rstick_y,-1872
78006,lstick_x,1281
78006,lstick_y,-2253
78006,rstick_y,-1872
78014,lstick_x,1281
78014,lstick_y,-2253
78014,rstick_y,-1872
78019,lstick_y,-1792
78019,rstick_y,-1872
78022,lstick_y,-1792
78022,rstick_y,-1872
78026,lstick_y,-1792
78026,rstick_y,-1872
78034,lstick_y,-1792
78034,rstick_y,-1872
78039,lstick_y,-1728
78039,rstick_y,-1872
78044,lstick_y,-1728
78044,rstick_y,-1872
78049,lstick_y,-1728
78049,rstick_y,-1872
78053,lstick_y,-1728
78053,rstick_y,-1872
78064,lstick_y,-1728
78064,rstick_y,-1872
78069,lstick_y,-1728
78069,rstick_y,-1872
78078,lstick_y,-1728
78078,rstick_y,-1872
78081,lstick_y,-1728
78081,rstick_y,-1872
78085,lstick_y,-1728
78085,rstick_y,-1872
78088,lstick_y,-1728
78088,rstick_y,-1872
78093,lstick_y,-1728
78093,rstick_y,-1872
78101,lstick_y,-1728
78101,rstick_y,-1872
78109,lstick_y,-1728
78109,rstick_y,-1872
78120,lstick_y,-1728
78120,rstick_y,-1872
78124,lstick_y,-1571
78124,rstick_y,-1872
78129,lstick_y,-1402
78129,rstick_y,-1872
78137,lstick_y,-1402
78137,rstick_y,-1872
78141,lstick_y,-1402
78141,rstick_y,-1872
78147,lstick_y,-1355
78147,rstick_y,-1872
78157,lstick_y,-1355
78157,rstick_y,-1872
78165,lstick_y,-1355
78165,rstick_y,-1872
78171,lstick_y,-1355
78171,rstick_y,-1872
78174,lstick_y,-1355
78174,rstick_y,-1872
78182,lstick_y,-1355
78182,rstick_y,-1872
78187,lstick_y,-1355
78187,rstick_y,-1872
78195,lstick_y,-1355
78195,rstick_y,-1872
78198,lstick_y,-1355
78198,rstick_y,-1872
78203,lstick_y,-1355
78203,rstick_y,-1872
78212,lstick_y,-1355
78212,rstick_y,-1872
78216,lstick_y,-1355
78216,rstick_y,-1872
78220,lstick_y,-1355
78220,rstick_y,-1872
78223,lstick_y,-1355
78223,rstick_y,-1872
78225,lstick_y,-1355
78225,rstick_y,-1872
78230,lstick_y,-1355
78230,rstick_y,-1872
78239,lstick_y,-1355
78239,rstick_y,-1872
78243,lstick_y,-1302
78243,rstick_y,-1872
78253,lstick_y,-1302
78253,rstick_y,-1872
78258,lstick_y,-1302
78258,rstick_y,-1872
78264,lstick_y,-1302
78264,rstick_y,-1872
78271,lstick_y,-1302
78271,rstick_y,-1872
78281,lstick_y,-1481
78281,rstick_y,-1872
78285,lstick_y,-1481
78285,rstick_y,-1872
78292,lstick_y,-2023
78292,rstick_y,-1872
78295,lstick_y,-2023
78295,rstick_y,-1872
78298,lstick_y,-2023
78298,rstick_y,-1872
78303,lstick_y,-2023
78303,rstick_y,-1872
78306,lstick_y,-2023
78306,rstick_y,-1872
78310,lstick_y,-2023
78310,rstick_y,-1872
78317,lstick_y,-2023
78317,rstick_y,-1872
78325,lstick_y,-2023
78325,rstick_y,-1872
78341,lstick_y,-2023
78341,rstick_y,-1872
78346,lstick_y,-2023
78346,rstick_y,-1872
78354,lstick_y,-2023
78354,rstick_y,-1872
78357,lstick_x,12102
78357,lstick_y,-13608
78357,rstick_y,-1872
78362,lstick_x,12102
78362,lstick_y,-13608
78362,rstick_y,-1872
78365,lstick_x,12102
78365,lstick_y,-13608
78365,rstick_y,-1872
78373,lstick_x,12102
78373,lstick_y,-13608
78373,rstick_y,-1872
78381,lstick_x,12102
78381,lstick_y,-13608
78381,rstick_y,-1872
78389,lstick_x,12102
78389,lstick_y,-13608
78389,rstick_y,-1872
78393,lstick_x,13521
78393,lstick_y,-16090
78393,rstick_y,-1872
78397,lstick_x,13521
78397,lstick_y,-16090
78397,rstick_y,-1872
78402,lstick_x,13386
78402,lstick_y,-16651
78402,rstick_y,-1872
78406,lstick_x,13386
78406,lstick_y,-16651
78406,rstick_y,-1872
78421,lstick_x,13386
78421,lstick_y,-16651
78421,rstick_y,-1872
78427,lstick_x,12680
78427,lstick_y,-17102
78427,rstick_y,-1872
78439,lstick_x,12680
78439,lstick_y,-17102
78439,rstick_y,-1872
78443,lstick_x,10292
78443,lstick_y,-17746
78443,rstick_y,-1872
78447,lstick_x,10292
78447,lstick_y,-17746
78447,rstick_y,-1872
78454,lstick_x,10292
78454,lstick_y,-17746
78454,rstick_y,-1872
78461,lstick_x,10292
78461,lstick_y,-17746
78461,rstick_y,-1872
78469,lstick_x,10292
78469,lstick_y,-17746
78469,rstick_y,-1872
78473,lstick_x,9097
78473,lstick_y,-17987
78473,rstick_y,-1872
78477,lstick_x,9097
78477,lstick_y,-17987
78477,rstick_y,-1872
78493,lstick_x,9097
78493,lstick_y,-17987
78493,rstick_y,-1872
78498,lstick_x,8124
78498,lstick_y,-18197
78498,rstick_y,-1872
78501,lstick_x,8124
78501,lstick_y,-18197
78501,rstick_y,-1872
78504,lstick_x,7292
78504,lstick_y,-18371
78504,rstick_y,-1872
78507,lstick_x,7292
78507,lstick_y,-18371
78507,rstick_y,-1872
78514,lstick_x,7292
78514,lstick_y,-18371
78514,rstick_y,-1872
78517,lstick_x,7292
78517,lstick_y,-18371
78517,rstick_y,-1872
78525,lstick_x,5228
78525,lstick_y,-18505
78525,rstick_y,-1872
78533,lstick_x,5228
78533,lstick_y,-18505
78533,rstick_y,-1872
78541,lstick_x,5228
78541,lstick_y,-18505
78541,rstick_y,-1872
78547,lstick_x,-1985
78547,lstick_y,-18042
78547,rstick_y,-1872
78553,lstick_x,-1985
78553,lstick_y,-18042
78553,rstick_y,-1872
78557,lstick_x,-1985
78557,lstick_y,-18042
78557,rstick_y,-1872
78565,lstick_x,-1985
78565,lstick_y,-18042
78565,rstick_y,-1872
78573,lstick_x,-2174
78573,lstick_y,-17424
78573,rstick_y,-1872
78583,lstick_x,-2174
78583,lstick_y,-17424
78583,rstick_y,-1872
78587,lstick_x,-2372
78587,lstick_y,-16699
78587,rstick_y,-1872
78595,lstick_x,-2372
78595,lstick_y,-16699
78595,rstick_y,-1872
78603,lstick_x,-2372
78603,lstick_y,-16699
78603,rstick_y,-1872
78607,lstick_x,-2669
78607,lstick_y,-14524
78607,rstick_y,-1872
78613,lstick_x,-2669
78613,lstick_y,-14524
78613,rstick_y,-1872
78620,lstick_x,-2669
78620,lstick_y,-14524
78620,rstick_y,-1872
78623,lstick_x,-2669
78623,lstick_y,-14524
78623,rstick_y,-1872
78632,lstick_x,-2769
78632,lstick_y,-7435
78632,rstick_y,-1872
78637,lstick_x,-2769
78637,lstick_y,-7435
78637,rstick_y,-1872
78642,lstick_x,-2770
78642,lstick_y,-7089
78642,rstick_y,-1872
78645,lstick_x,-2770
78645,lstick_y,-7089
78645,rstick_y,-1872
78648,lstick_x,-2770
78648,lstick_y,-7089
78648,rstick_y,-1872
78653,lstick_x,-2770
78653,lstick_y,-7089
78653,rstick_y,-1872
78658,lstick_x,-2367
78658,lstick_y,-5788
78658,rstick_y,-1872
78662,lstick_x,-2367
78662,lstick_y,-5788
78662,rstick_y,-1872
78671,lstick_x,-2036
78671,lstick_y,-5074
78671,rstick_y,-1872
78677,lstick_x,-2036
78677,lstick_y,-5074
78677,rstick_y,-1872
78685,lstick_x,-2036
78685,lstick_y,-5074
78685,rstick_y,-1872
78698,lstick_x,-2036
78698,lstick_y,-5074
78698,rstick_y,-1872
78701,lstick_x,-2036
78701,lstick_y,-5074
78701,rstick_y,-1872
78704,lstick_x,-1389
78704,lstick_y,-3852
78704,rstick_y,-1872
78707,lstick_x,-1389
78707,lstick_y,-3852
78707,rstick_y,-1872
78717,lstick_x,-1389
78717,lstick_y,-3852
78717,rstick_y,-1872
78720,lstick_x,-1140
78720,lstick_y,-3360
78720,rstick_y,-1872
78726,lstick_x,-1140
78726,lstick_y,-3360
78726,rstick_y,-1872
78739,lstick_x,-1140
78739,lstick_y,-3360
78739,rstick_y,-1872
78741,lstick_y,-2944
78741,rstick_y,-1872
78746,lstick_y,-2944
78746,rstick_y,-1872
78749,lstick_y,-2944
78749,rstick_y,-1872
78756,lstick_y,-2944
78756,rstick_y,-1872
78762,lstick_y,-2595
78762,rstick_y,-1872
78766,lstick_y,-2595
78766,rstick_y,-1872
78770,lstick_y,-2595
78770,rstick_y,-1872
78773,lstick_y,-2595
78773,rstick_y,-1872
78781,lstick_y,-2595
78781,rstick_y,-1872
78789,lstick_y,-2595
78789,rstick_y,-1872
78796,lstick_y,-1805
78796,rstick_y,-1872
78803,lstick_y,-1623
78803,rstick_y,-1872
78813,lstick_y,-1623
78813,rstick_y,-1872
78823,lstick_y,-1623
78823,rstick_y,-1872
78836,lstick_y,-1623
78836,rstick_y,-1872
78844,lstick_y,-1341
78844,rstick_y,-1872
78853,lstick_y,-1341
78853,rstick_y,-1872
78859,lstick_y,-1241
78859,rstick_y,-1872
78869,lstick_y,-1241
78869,rstick_y,-1872
78877,lstick_y,-1241
78877,rstick_y,-1872
78885,lstick_y,-1241
78885,rstick_y,-1872
78888,lstick_y,-1097
78888,rstick_y,-1872
78893,lstick_y,-1097
78893,rstick_y,-1872
78896,lstick_y,-1045
78896,rstick_y,-1872
78901,lstick_y,-1045
78901,rstick_y,-1872
78903,lstick_y,-1045
78903,rstick_y,-1872
78910,lstick_y,-1045
78910,rstick_y,-1872
78917,lstick_y,-1045
78917,rstick_y,-1872
78925,lstick_y,-1045
78925,rstick_y,-1872
78946,lstick_y,-1045
78946,rstick_y,-1872
78954,rstick_y,-1872
78957,rstick_y,-1872
78965,rstick_y,-1872
78973,rstick_y,-1872
78981,rstick_y,-1872
78986,rstick_y,-1872
78990,rstick_y,-1872
78997,rstick_y,-1872
79007,rstick_y,-1872
79012,rstick_y,-1872
79024,rstick_y,-1872
79026,rstick_y,-1872
79037,rstick_y,-1872
79042,rstick_y,-1872
79047,rstick_y,-1872
79053,rstick_y,-1872
79061,rstick_y,-1872
79071,rstick_y,-1872
79077,rstick_y,-1872
79079,rstick_y,-1872
79085,rstick_y,-1872
79088,rstick_y,-1872
79091,rstick_y,-1872
79097,rstick_y,-1872
79101,rstick_y,-1872
79103,rstick_y,-1872
79108,rstick_y,-1872
79117,rstick_y,-1872
79122,rstick_y,-1872
79208,rstick_y,-1872
79215,rstick_y,-1872
79221,rstick_y,-1872
79227,rstick_y,-1872
79232,rstick_y,-1872
79237,rstick_y,-1872
79245,rstick_y,-1872
79254,rstick_y,-1872
79263,rstick_y,-1872
79269,rstick_y,-1872
79273,rstick_y,-1872
79276,rstick_y,-1872
79283,rstick_y,-1872
79287,lstick_y,-1242
79287,rstick_y,-1872
79293,lstick_y,-1242
79293,rstick_y,-1872
79298,lstick_y,-1242
79298,rstick_y,-1872
79301,lstick_y,-1242
79301,rstick_y,-1872
79312,lstick_y,-1242
79312,rstick_y,-1872
79317,lstick_x,-8898
79317,lstick_y,-2091
79317,rstick_y,-1872
79320,lstick_x,-8898
79320,lstick_y,-2091
79320,rstick_y,-1872
79326,lstick_x,-8898
79326,lstick_y,-2091
79326,rstick_y,-1872
79330,lstick_x,-9992
79330,lstick_y,-2452
79330,rstick_y,-1872
79333,lstick_x,-9992
79333,lstick_y,-2452
79333,rstick_y,-1872
79336,lstick_x,-9992
79336,lstick_y,-2452
79336,rstick_y,-1872
79341,lstick_x,-9992
79341,lstick_y,-2452
79341,rstick_y,-1872
79349,lstick_x,-9992
79349,lstick_y,-2452
79349,rstick_y,-1872
79357,lstick_x,-9992
79357,lstick_y,-2452
79357,rstick_y,-1872
79365,lstick_x,-9992
79365,lstick_y,-2452
79365,rstick_y,-1872
79370,lstick_x,-21453
79370,lstick_y,-2949
79370,rstick_y,-1872
79373,lstick_x,-32768
79373,lstick_y,-3031
79373,rstick_y,-1872
79384,lstick_x,-32768
79384,lstick_y,-3031
79384,rstick_y,-1872
79392,lstick_x,-32768
79392,lstick_y,-3031
79392,rstick_y,-1872
79397,lstick_x,-32768
79397,lstick_y,-3062
79397,rstick_y,-1872
79405,lstick_x,-32768
79405,lstick_y,-3062
79405,rstick_y,-1872
79413,lstick_x,-32768
79413,lstick_y,-3062
79413,rstick_y,-1872
79420,lstick_x,-32768
79420,lstick_y,-3062
79420,rstick_y,-1872
79429,lstick_x,-32768
79429,lstick_y,-3062
79429,rstick_y,-1872
79437,lstick_x,-32768
79437,lstick_y,-3062
79437,rstick_y,-1872
79439,lstick_x,-32768
79439,lstick_y,-3147
79439,rstick_y,-1872
79448,lstick_x,-32768
79448,lstick_y,-3147
79448,rstick_y,-1872
79457,lstick_x,-32768
79457,lstick_y,-3147
79457,rstick_y,-1872
79461,lstick_x,-32768
79461,lstick_y,-3147
79461,rstick_y,-1872
79469,lstick_x,-32768
79469,lstick_y,-3147
79469,rstick_y,-1872
79471,lstick_x,-32768
79471,lstick_y,-3279
79471,rstick_y,-1872
79475,lstick_x,-32768
79475,lstick_y,-3279
79475,rstick_y,-1872
79479,lstick_x,-32768
79479,lstick_y,-3279
79479,rstick_y,-1872
79485,lstick_x,-32768
79485,lstick_y,-3279
79485,rstick_y,-1872
79493,lstick_x,-32768
79493,lstick_y,-3279
79493,rstick_y,-1872
79504,lstick_x,-32768
79504,lstick_y,-3279
79504,rstick_y,-1872
79508,lstick_x,-32768
79508,lstick_y,-3530
79508,rstick_y,-1872
79513,lstick_x,-32768
79513,lstick_y,-3530
79513,rstick_y,-1872
79517,lstick_x,-32768
79517,lstick_y,-3530
79517,rstick_y,-1872
79521,lstick_x,-32768
79521,lstick_y,-3632
79521,rstick_y,-1872
79526,lstick_x,-32768
79526,lstick_y,-3632
79526,rstick_y,-1872
79531,lstick_x,-32768
79531,lstick_y,-3632
79531,rstick_y,-1872
79549,lstick_x,-32768
79549,lstick_y,-3632
79549,rstick_y,-1872
79553,lstick_x,-32768
79553,lstick_y,-3790
79553,rstick_y,-1872
79557,lstick_x,-32768
79557,lstick_y,-3790
79557,rstick_y,-1872
79561,lstick_x,-32768
79561,lstick_y,-3790
79561,rstick_y,-1872
79565,lstick_x,-32768
79565,lstick_y,-3790
79565,rstick_y,-1872
79570,lstick_x,-32768
79570,lstick_y,-3891
79570,rstick_y,-1872
79573,lstick_x,-32768
79573,lstick_y,-3891
79573,rstick_y,-1872
79583,lstick_x,-32768
79583,lstick_y,-3891
79583,rstick_y,-1872
79591,lstick_x,-32768
79591,lstick_y,-3891
79591,rstick_y,-1872
79599,lstick_x,-32768
79599,lstick_y,-3891
79599,rstick_y,-1872
79605,lstick_x,-32768
79605,lstick_y,-3891
79605,rstick_y,-1872
79615,lstick_x,-32768
79615,lstick_y,-3891
79615,rstick_y,-1872
79621,lstick_x,-32768
79621,lstick_y,-3961
79621,rstick_y,-1872
79625,lstick_x,-32768
79625,lstick_y,-3961
79625,rstick_y,-1872
79629,lstick_x,-32768
79629,lstick_y,-3961
79629,rstick_y,-1872
79637,lstick_x,-32768
79637,lstick_y,-3961
79637,rstick_y,-1872
79645,lstick_x,-32768
79645,lstick_y,-3961
79645,rstick_y,-1872
79653,lstick_x,-32768
79653,lstick_y,-3961
79653,rstick_y,-1872
79659,lstick_x,-32768
79659,lstick_y,-4163
79659,rstick_y,-1872
79662,lstick_x,-32768
79662,lstick_y,-4163
79662,rstick_y,-1872
79669,lstick_x,-32768
79669,lstick_y,-4163
79669,rstick_y,-1872
79671,lstick_x,-32768
79671,lstick_y,-4253
79671,rstick_y,-1872
79674,lstick_x,-32768
79674,lstick_y,-4253
79674,rstick_y,-1872
79677,lstick_x,-32768
79677,lstick_y,-4253
79677,rstick_y,-1872
79685,lstick_x,-32768
79685,lstick_y,-4253
79685,rstick_y,-1872
79693,lstick_x,-32768
79693,lstick_y,-4253
79693,rstick_y,-1872
79703,lstick_x,-32768
79703,lstick_y,-4253
79703,rstick_y,-1872
79710,lstick_x,-32768
79710,lstick_y,-4253
79710,rstick_y,-1872
79721,lstick_x,-32768
79721,lstick_y,-4253
79721,rstick_y,-1872
79726,lstick_x,-14159
79726,lstick_y,-4310
79726,rstick_y,-1872
79735,lstick_x,-14159
79735,lstick_y,-4310
79735,rstick_y,-1872
79747,lstick_x,-14159
79747,lstick_y,-4310
79747,rstick_y,-1872
79757,lstick_x,-14159
79757,lstick_y,-4310
79757,rstick_y,-1872
79761,lstick_x,-12535
79761,lstick_y,-4027
79761,rstick_y,-1872
79763,lstick_x,-11498
79763,lstick_y,-3927
79763,rstick_y,-1872
79770,lstick_x,-11498
79770,lstick_y,-3927
79770,rstick_y,-1872
79773,lstick_x,-11498
79773,lstick_y,-3927
79773,rstick_y,-1872
79784,lstick_x,-11498
79784,lstick_y,-3927
79784,rstick_y,-1872
79789,lstick_x,-11498
79789,lstick_y,-3927
79789,rstick_y,-1872
79799,lstick_x,-11498
79799,lstick_y,-3927
79799,rstick_y,-1872
79816,lstick_x,-11498
79816,lstick_y,-3927
79816,rstick_y,-1872
79821,lstick_x,-11498
79821,lstick_y,-3927
79821,rstick_y,-1872
79827,lstick_x,-8866
79827,lstick_y,-3752
79827,rstick_y,-1872
79837,lstick_x,-8866
79837,lstick_y,-3752
79837,rstick_y,-1872
79845,lstick_x,-8866
79845,lstick_y,-3752
79845,rstick_y,-1872
79853,lstick_x,-8866
79853,lstick_y,-3752
79853,rstick_y,-1872
79859,lstick_x,-7192
79859,lstick_y,-3643
79859,rstick_y,-1872
79861,lstick_x,-7192
79861,lstick_y,-3643
79861,rstick_y,-1872
79864,lstick_x,-7192
79864,lstick_y,-3643
79864,rstick_y,-1872
79869,lstick_x,-7192
79869,lstick_y,-3643
79869,rstick_y,-1872
79871,lstick_x,-6813
79871,lstick_y,-3643
79871,rstick_y,-1872
79875,lstick_x,-6813
79875,lstick_y,-3643
79875,rstick_y,-1872
79879,lstick_x,-6813
79879,lstick_y,-3643
79879,rstick_y,-1872
79887,lstick_x,-6813
79887,lstick_y,-3643
79887,rstick_y,-1872
79894,lstick_x,-6813
79894,lstick_y,-3643
79894,rstick_y,-1872
79901,lstick_x,-6813
79901,lstick_y,-3643
79901,rstick_y,-1872
79912,lstick_x,-6813
79912,lstick_y,-3643
79912,rstick_y,-1872
79919,lstick_x,-6813
79919,lstick_y,-3643
79919,rstick_y,-1872
79922,lstick_x,-6660
79922,lstick_y,-3643
79922,rstick_y,-1872
79926,lstick_x,-6660
79926,lstick_y,-3643
79926,rstick_y,-1872
79933,lstick_x,-6660
79933,lstick_y,-3643
79933,rstick_y,-1872
79945,lstick_x,-6660
79945,lstick_y,-3643
79945,rstick_y,-1872
79949,lstick_x,-6660
79949,lstick_y,-3643
79949,rstick_y,-1872
79956,lstick_x,-19328
79956,lstick_y,-3888
79956,rstick_y,-1872
79961,lstick_x,-26303
79961,lstick_y,-3964
79961,rstick_y,-1872
79964,lstick_x,-26303
79964,lstick_y,-3964
79964,rstick_y,-1872
79969,lstick_x,-26303
79969,lstick_y,-3964
79969,rstick_y,-1872
79973,lstick_x,-27495
79973,lstick_y,-4009
79973,rstick_y,-1872
79975,lstick_x,-27495
79975,lstick_y,-4009
79975,rstick_y,-1872
79981,lstick_x,-27495
79981,lstick_y,-4009
79981,rstick_y,-1872
79989,lstick_x,-27495
79989,lstick_y,-4009
79989,rstick_y,-1872
80009,lstick_x,-27495
80009,lstick_y,-4009
80009,rstick_y,-1872
80017,lstick_x,-27495
80017,lstick_y,-4009
80017,rstick_y,-1872
80023,lstick_x,-32768
80023,lstick_y,-4061
80023,rstick_y,-1872
80026,lstick_x,-32768
80026,lstick_y,-4061
80026,rstick_y,-1872
80029,lstick_x,-32768
80029,lstick_y,-4061
80029,rstick_y,-1872
80037,lstick_x,-32768
80037,lstick_y,-4061
80037,rstick_y,-1872
80045,lstick_x,-32768
80045,lstick_y,-4061
80045,rstick_y,-1872
80053,lstick_x,-32768
80053,lstick_y,-4061
80053,rstick_y,-1872
80060,lstick_x,-32768
80060,lstick_y,-4123
80060,rstick_y,-1872
80063,lstick_x,-32768
80063,lstick_y,-4175
80063,rstick_y,-1872
80069,lstick_x,-32768
80069,lstick_y,-4175
80069,rstick_y,-1872
80072,lstick_x,-32768
80072,lstick_y,-4175
80072,rstick_y,-1872
80077,lstick_x,-32768
80077,lstick_y,-4175
80077,rstick_y,-1872
80085,lstick_x,-32768
80085,lstick_y,-4175
80085,rstick_y,-1872
80095,lstick_x,-32768
80095,lstick_y,-4175
80095,rstick_y,-1872
80110,lstick_x,-32768
80110,lstick_y,-4175
80110,rstick_y,-1872
80117,lstick_x,-32768
80117,lstick_y,-4175
80117,rstick_y,-1872
80121,lstick_x,-32768
80121,lstick_y,-4332
80121,rstick_y,-1872
80125,lstick_x,-32768
80125,lstick_y,-4332
80125,rstick_y,-1872
80133,lstick_x,-32768
80133,lstick_y,-4332
80133,rstick_y,-1872
80143,lstick_x,-32768
80143,lstick_y,-4332
80143,rstick_y,-1872
80149,lstick_x,-32768
80149,lstick_y,-4332
80149,rstick_y,-1872
80158,lstick_x,-32768
80158,lstick_y,-4332
80158,rstick_y,-1872
80161,lstick_x,-32768
80161,lstick_y,-4400
80161,rstick_y,-1872
80164,lstick_x,-32768
80164,lstick_y,-4400
80164,rstick_y,-1872
80169,lstick_x,-32768
80169,lstick_y,-4400
80169,rstick_y,-1872
80173,lstick_x,-32768
80173,lstick_y,-4400
80173,rstick_y,-1872
80176,lstick_x,-32768
80176,lstick_y,-4400
80176,rstick_y,-1872
80186,lstick_x,-32768
80186,lstick_y,-4400
80186,rstick_y,-1872
80189,lstick_x,-32768
80189,lstick_y,-4400
80189,rstick_y,-1872
80197,lstick_x,-32768
80197,lstick_y,-4400
80197,rstick_y,-1872
80209,lstick_x,-32768
80209,lstick_y,-4400
80209,rstick_y,-1872
80218,lstick_x,-32768
80218,lstick_y,-4400
80218,rstick_y,-1872
80221,lstick_x,-11607
80221,lstick_y,-5190
80221,rstick_y,-1872
80228,lstick_x,-4322
80228,lstick_y,-4932
80228,rstick_y,-1872
80237,lstick_x,-4322
80237,lstick_y,-4932
80237,rstick_y,-1872
80245,lstick_x,-4322
80245,lstick_y,-4932
80245,rstick_y,-1872
80253,lstick_x,-4322
80253,lstick_y,-4932
80253,rstick_y,-1872
80261,lstick_x,-2869
80261,lstick_y,-3753
80261,rstick_y,-1872
80264,lstick_x,-2869
80264,lstick_y,-3753
80264,rstick_y,-1872
80269,lstick_x,-2869
80269,lstick_y,-3753
80269,rstick_y,-1872
80272,lstick_x,-2270
80272,lstick_y,-3234
80272,rstick_y,-1872
80278,lstick_x,-2270
80278,lstick_y,-3234
80278,rstick_y,-1872
80285,lstick_x,-2270
80285,lstick_y,-3234
80285,rstick_y,-1872
80293,lstick_x,-2270
80293,lstick_y,-3234
80293,rstick_y,-1872
80303,lstick_x,-2270
80303,lstick_y,-3234
80303,rstick_y,-1872
80309,lstick_x,-1285
80309,lstick_y,-2307
80309,rstick_y,-1872
80314,lstick_x,-1285
80314,lstick_y,-2307
80314,rstick_y,-1872
80321,lstick_x,-1285
80321,lstick_y,-2307
80321,rstick_y,-1872
80326,lstick_y,-1880
80326,rstick_y,-1872
80330,lstick_y,-1880
80330,rstick_y,-1872
80347,lstick_y,-1880
80347,rstick_y,-1872
80353,rstick_y,-1872
80357,rstick_y,-1872
80365,rstick_y,-1872
80369,rstick_y,-1872
80373,rstick_y,-1872
80381,rstick_y,-1872
80389,rstick_y,-1872
80404,rstick_y,-1872
80409,rstick_y,-1872
80413,rstick_y,-1872
80421,rstick_y,-1872
80431,rstick_y,-1872
80437,rstick_y,-1872
80445,rstick_y,-1872
80457,rstick_y,-1872
80461,rstick_y,-1872
80470,rstick_y,-1872
80473,rstick_y,-1872
80477,rstick_y,-1872
80485,rstick_y,-1872
80495,rstick_y,-1872
80502,rstick_y,-1872
80507,rstick_y,-1872
80512,rstick_y,-1872
80518,rstick_y,-1872
80525,rstick_y,-1872
80532,rstick_y,-1872
80536,rstick_y,-1872
80541,rstick_y,-1872
80549,rstick_y,-1872
80557,rstick_y,-1872
80565,rstick_y,-1872
80572,rstick_y,-1872
80576,rstick_y,-1872
80579,rstick_y,-1872
80586,rstick_y,-1872
80590,rstick_y,-1872
80595,rstick_y,-1872
80606,rstick_y,-1872
80612,rstick_y,-1872
80617,rstick_y,-1872
80620,rstick_y,-1872
80624,rstick_y,-1872
80628,rstick_y,-1872
80637,rstick_y,-1872
80644,rstick_y,-1872
80653,rstick_y,-1872
80662,rstick_y,-1872
80669,rstick_y,-1872
80678,rstick_y,-1872
80685,rstick_y,-1872
80688,rstick_y,-1872
80691,rstick_y,-1872
80693,rstick_y,-1872
80701,rstick_y,-1872
80709,rstick_y,-1872
80717,rstick_y,-1872
80731,rstick_y,-1872
80736,rstick_y,-1872
80740,rstick_y,-1872
80744,rstick_y,-1872
80753,rstick_y,-1872
80758,rstick_y,-1872
80765,rstick_y,-1872
80770,rstick_y,-1872
80773,rstick_y,-1872
80779,rstick_y,-1872
80782,rstick_y,-1872
80786,lstick_y,1273
80786,rstick_y,-1872
80789,lstick_y,1273
80789,rstick_y,-1872
80793,lstick_y,1273
80793,rstick_y,-1872
80802,lstick_y,1273
80802,rstick_y,-1872
80805,lstick_y,1273
80805,rstick_y,-1872
80813,lstick_y,1273
80813,rstick_y,-1872
80824,lstick_y,1273
80824,rstick_y,-1872
80833,lstick_y,1273
80833,rstick_y,-1872
80838,lstick_y,1637
80838,rstick_y,-1872
80845,lstick_y,2099
80845,rstick_y,-1872
80853,lstick_y,2099
80853,rstick_y,-1872
80857,lstick_x,1056
80857,lstick_y,2592
80857,rstick_y,-1872
80864,lstick_x,1056
80864,lstick_y,2592
80864,rstick_y,-1872
80869,lstick_x,1056
80869,lstick_y,2592
80869,rstick_y,-1872
80877,lstick_x,1279
80877,lstick_y,3063
80877,rstick_y,-1872
80880,lstick_x,1279
80880,lstick_y,3063
80880,rstick_y,-1872
80885,lstick_x,1279
80885,lstick_y,3063
80885,rstick_y,-1872
80888,lstick_x,1754
80888,lstick_y,4029
80888,rstick_y,-1872
80893,lstick_x,1754
80893,lstick_y,4029
80893,rstick_y,-1872
80904,lstick_x,1754
80904,lstick_y,4029
80904,rstick_y,-1872
80912,lstick_x,1754
80912,lstick_y,4029
80912,rstick_y,-1872
80919,lstick_x,1754
80919,lstick_y,4029
80919,rstick_y,-1872
80925,lstick_x,1754
80925,lstick_y,4029
80925,rstick_y,-1872
80933,lstick_x,1754
80933,lstick_y,4029
80933,rstick_y,-1872
80938,lstick_x,2003
80938,lstick_y,4308
80938,rstick_y,-1872
80941,lstick_x,2003
80941,lstick_y,4308
80941,rstick_y,-1872
80949,lstick_x,2003
80949,lstick_y,4308
80949,rstick_y,-1872
80957,lstick_x,2003
80957,lstick_y,4308
80957,rstick_y,-1872
80965,lstick_x,2003
80965,lstick_y,4308
80965,rstick_y,-1872
80973,lstick_x,2003
80973,lstick_y,4308
80973,rstick_y,-1872
80976,lstick_x,2056
80976,lstick_y,3786
80976,rstick_y,-1872
80980,lstick_x,1892
80980,lstick_y,3426
80980,rstick_y,-1872
80986,lstick_x,1892
80986,lstick_y,3426
80986,rstick_y,-1872
80989,lstick_x,1892
80989,lstick_y,3426
80989,rstick_y,-1872
80993,lstick_x,1892
80993,lstick_y,3426
80993,rstick_y,-1872
80997,lstick_x,1892
80997,lstick_y,3426
80997,rstick_y,-1872
81005,lstick_x,1892
81005,lstick_y,3426
81005,rstick_y,-1872
81013,lstick_x,1892
81013,lstick_y,3426
81013,rstick_y,-1872
81029,lstick_x,1892
81029,lstick_y,3426
81029,rstick_y,-1872
81037,lstick_x,1591
81037,lstick_y,2481
81037,rstick_y,-1872
81045,lstick_x,1521
81045,lstick_y,2259
81045,rstick_y,-1872
81055,lstick_x,1521
81055,lstick_y,2259
81055,rstick_y,-1872
81064,lstick_x,1521
81064,lstick_y,2259
81064,rstick_y,-1872
81069,lstick_x,1521
81069,lstick_y,2259
81069,rstick_y,-1872
81074,lstick_x,1415
81074,lstick_y,1921
81074,rstick_y,-1872
81077,lstick_x,1415
81077,lstick_y,1921
81077,rstick_y,-1872
81080,lstick_x,1415
81080,lstick_y,1921
81080,rstick_y,-1872
81086,lstick_x,1415
81086,lstick_y,1921
81086,rstick_y,-1872
81090,lstick_x,1415
81090,lstick_y,1921
81090,rstick_y,-1872
81094,lstick_x,1415
81094,lstick_y,1921
81094,rstick_y,-1872
81102,lstick_x,1415
81102,lstick_y,1921
81102,rstick_y,-1872
81106,lstick_x,1415
81106,lstick_y,1782
81106,rstick_y,-1872
81110,lstick_x,1415
81110,lstick_y,1782
81110,rstick_y,-1872
81119,lstick_x,1348
81119,lstick_y,1653
81119,rstick_y,-1872
81123,lstick_x,1348
81123,lstick_y,1653
81123,rstick_y,-1872
81133,lstick_x,1348
81133,lstick_y,1653
81133,rstick_y,-1872
81137,lstick_x,1348
81137,lstick_y,1538
81137,rstick_y,-1872
81141,lstick_x,1348
81141,lstick_y,1538
81141,rstick_y,-1872
81154,lstick_x,1300
81154,lstick_y,1341
81154,rstick_y,-1872
81157,lstick_x,1300
81157,lstick_y,1341
81157,rstick_y,-1872
81163,lstick_x,1300
81163,lstick_y,1341
81163,rstick_y,-1872
81167,lstick_x,1300
81167,lstick_y,1341
81167,rstick_y,-1872
81170,lstick_x,1300
81170,lstick_y,1265
81170,rstick_y,-1872
81175,lstick_x,1300
81175,lstick_y,1265
81175,rstick_y,-1872
81182,lstick_x,1300
81182,lstick_y,1265
81182,rstick_y,-1872
81187,lstick_x,1252
81187,lstick_y,1204
81187,rstick_y,-1872
81190,lstick_x,1252
81190,lstick_y,1204
81190,rstick_y,-1872
81197,lstick_x,1252
81197,lstick_y,1204
81197,rstick_y,-1872
81206,lstick_x,1252
81206,lstick_y,1204
81206,rstick_y,-1872
81213,lstick_x,1252
81213,lstick_y,1204
81213,rstick_y,-1872
81221,lstick_x,1252
81221,lstick_y,1155
81221,rstick_y,-1872
81227,lstick_x,1252
81227,lstick_y,1155
81227,rstick_y,-1872
81230,lstick_x,1252
81230,lstick_y,1155
81230,rstick_y,-1872
81237,lstick_x,1252
81237,lstick_y,1085
81237,rstick_y,-1872
81240,lstick_x,1252
81240,lstick_y,1085
81240,rstick_y,-1872
81243,lstick_x,1252
81243,lstick_y,1085
81243,rstick_y,-1872
81246,lstick_x,1252
81246,lstick_y,1085
81246,rstick_y,-1872
81253,lstick_x,1252
81253,lstick_y,1085
81253,rstick_y,-1872
81261,lstick_x,1252
81261,lstick_y,1054
81261,rstick_y,-1872
81271,lstick_x,1252
81271,lstick_y,1054
81271,rstick_y,-1872
81275,lstick_x,1252
81275,lstick_y,1054
81275,rstick_y,-1872
81286,lstick_x,1252
81286,lstick_y,1054
81286,rstick_y,-1872
81289,lstick_x,1252
81289,lstick_y,1054
81289,rstick_y,-1872
81291,lstick_x,1252
81291,lstick_y,1054
81291,rstick_y,-1872
81294,lstick_x,1252
81294,lstick_y,1054
81294,rstick_y,-1872
81302,lstick_x,1252
81302,lstick_y,1054
81302,rstick_y,-1872
81311,lstick_x,1252
81311,lstick_y,1054
81311,rstick_y,-1872
81317,lstick_x,1252
81317,rstick_y,-1872
81325,lstick_x,1252
81325,rstick_y,-1872
81330,lstick_x,1252
81330,rstick_y,-1872
81338,lstick_x,1252
81338,rstick_y,-1872
81342,lstick_x,1252
81342,rstick_y,-1872
81344,lstick_x,1252
81344,rstick_y,-1872
81349,lstick_x,1252
81349,rstick_y,-1872
81354,lstick_x,1252
81354,rstick_y,-1872
81357,lstick_x,1252
81357,rstick_y,-1872
81369,lstick_x,1252
81369,rstick_y,-1872
81373,lstick_x,1252
81373,rstick_y,-1872
81381,lstick_x,1252
81381,rstick_y,-1872
81387,lstick_x,1252
81387,rstick_y,-1872
81391,lstick_x,1252
81391,rstick_y,-1872
81406,lstick_x,1252
81406,rstick_y,-1872
81412,lstick_x,1196
81412,rstick_y,-1872
81422,lstick_x,1196
81422,rstick_y,-1872
81429,lstick_x,1196
81429,rstick_y,-1872
81438,lstick_x,1196
81438,rstick_y,-1872
81446,lstick_x,1196
81446,rstick_y,-1872
81453,lstick_x,1196
81453,rstick_y,-1872
81461,lstick_x,1196
81461,rstick_y,-1872
81469,lstick_x,1196
81469,rstick_y,-1872
81477,lstick_x,1196
81477,rstick_y,-1872
81485,lstick_x,1196
81485,rstick_y,-1872
81488,lstick_x,1196
81488,rstick_y,-1872
81492,lstick_x,1196
81492,rstick_y,-1872
81502,lstick_x,1196
81502,rstick_y,-1872
81509,lstick_x,1196
81509,rstick_y,-1872
81521,lstick_x,1196
81521,rstick_y,-1872
81526,lstick_x,1196
81526,rstick_y,-1872
81529,lstick_x,1196
81529,rstick_y,-1872
81533,lstick_x,1196
81533,rstick_y,-1872
81540,lstick_x,1196
81540,rstick_y,-1872
81543,lstick_x,1196
81543,rstick_y,-1872
81549,lstick_x,1196
81549,rstick_y,-1872
81557,lstick_x,1196
81557,rstick_y,-1872
81565,lstick_x,1196
81565,rstick_y,-1872
81573,lstick_x,1196
81573,rstick_y,-1872
81576,lstick_x,1154
81576,rstick_y,-1872
81580,lstick_x,1154
81580,rstick_y,-1872
81590,lstick_x,1154
81590,rstick_y,-1872
81597,lstick_x,1154
81597,rstick_y,-1872
81605,lstick_x,1154
81605,rstick_y,-1872
81613,lstick_x,1154
81613,rstick_y,-1872
81621,lstick_x,1154
81621,rstick_y,-1872
81626,lstick_x,1154
81626,rstick_y,-1872
81629,lstick_x,1154
81629,rstick_y,-1872
81636,lstick_x,1154
81636,rstick_y,-1872
81645,lstick_x,1154
81645,rstick_y,-1872
81652,lstick_x,1154
81652,rstick_y,-1872
81656,lstick_x,1154
81656,rstick_y,-1872
81661,lstick_x,1154
81661,rstick_y,-1872
81669,lstick_x,1154
81669,rstick_y,-1872
81672,lstick_x,1154
81672,rstick_y,-1872
81675,lstick_x,1154
81675,rstick_y,-1872
81681,lstick_x,1154
81681,rstick_y,-1872
81685,lstick_x,1154
81685,rstick_y,-1872
81693,lstick_x,1154
81693,rstick_y,-1872
81698,lstick_x,1154
81698,rstick_y,-1607
81701,lstick_x,1154
81701,rstick_y,-1607
81709,lstick_x,1154
81709,rstick_y,-1607
81718,lstick_x,1154
81718,rstick_y,-1607
81725,lstick_x,1154
81725,rstick_y,-1550
81733,lstick_x,1154
81733,rstick_y,-1453
81741,lstick_x,1154
81741,rstick_y,-1453
81749,lstick_x,1154
81749,rstick_y,-1453
81757,lstick_x,1154
81757,rstick_y,-1453
81761,lstick_x,1154
81761,rstick_y,-1366
81765,lstick_x,1154
81765,rstick_y,-1366
81770,lstick_x,1154
81770,rstick_y,-1366
81773,lstick_x,1154
81773,rstick_y,-1313
81777,lstick_x,1154
81777,rstick_y,-1313
81782,lstick_x,1154
81782,rstick_y,-1313
81787,lstick_x,1154
81787,rstick_y,-1264
81797,lstick_x,1154
81797,rstick_y,-1264
81805,lstick_x,1154
81805,rstick_y,-1264
81812,rstick_y,-1141
81820,rstick_y,-1141
81823,rstick_y,-1141
81829,rstick_y,-1141
81838,rstick_y,-1141
81845,rstick_y,-1072
81853,rstick_y,-1072
81858,lstick_x,-1118
81858,rstick_y,-1072
81861,lstick_x,-1118
81861,rstick_y,-1072
81869,lstick_x,-1118
81869,rstick_y,-1072
81876,lstick_x,-8126
81876,rstick_y,-1072
81879,lstick_x,-8126
81879,rstick_y,-1072
81885,lstick_x,-8126
81885,rstick_y,-1072
81891,lstick_x,-8689
81891,rstick_y,-1072
81895,lstick_x,-8689
81895,rstick_y,-1072
81902,lstick_x,-8689
81902,rstick_y,-1072
81909,lstick_x,-8689
81909,rstick_y,-1072
81917,lstick_x,-9614
81917,lstick_y,1466
81917,rstick_x,-1089
81917,rstick_y,-1072
81920,lstick_x,-9614
81920,lstick_y,1466
81920,rstick_x,-1089
81920,rstick_y,-1072
81933,lstick_x,-9614
81933,lstick_y,1466
81933,rstick_x,-1089
81933,rstick_y,-1072
81941,lstick_x,-9614
81941,lstick_y,1466
81941,rstick_x,-1089
81941,rstick_y,-1072
81947,lstick_x,-20709
81947,lstick_y,4099
81947,rstick_x,-1677
81947,rstick_y,-1414
81952,lstick_x,-32651
81952,lstick_y,5349
81952,rstick_x,-2530
81952,rstick_y,-1752
81956,lstick_x,-32651
81956,lstick_y,5349
81956,rstick_x,-2530
81956,rstick_y,-1752
81968,lstick_x,-32651
81968,lstick_y,5349
81968,rstick_x,-2530
81968,rstick_y,-1752
81975,lstick_x,-32651
81975,lstick_y,5349
81975,rstick_x,-2530
81975,rstick_y,-1752
81984,lstick_x,-32651
81984,lstick_y,5349
81984,rstick_x,-2530
81984,rstick_y,-1752
81990,lstick_x,-32651
81990,lstick_y,5349
81990,rstick_x,-2530
81990,rstick_y,-1752
81997,lstick_x,-32662
81997,lstick_y,7137
81997,rstick_x,-16571
81997,rstick_y,-2592
82004,lstick_x,-32662
82004,lstick_y,7137
82004,rstick_x,-16571
82004,rstick_y,-2592
82013,lstick_x,-32662
82013,lstick_y,7137
82013,rstick_x,-16571
82013,rstick_y,-2592
82021,lstick_x,-32662
82021,lstick_y,7137
82021,rstick_x,-16571
82021,rstick_y,-2592
82029,lstick_x,-32662
82029,lstick_y,7137
82029,rstick_x,-16571
82029,rstick_y,-2592
82037,lstick_x,-32768
82037,lstick_y,8115
82037,rstick_x,-32768
82037,rstick_y,-13278
82040,lstick_x,-32768
82040,lstick_y,8115
82040,rstick_x,-32768
82040,rstick_y,-13278
82044,rstick_btn,1
82044,lstick_x,-32768
82044,lstick_y,8115
82044,rstick_x,-32768
82044,rstick_y,-12723
82047,lstick_x,-32768
82047,lstick_y,8115
82047,rstick_x,-32768
82047,rstick_y,-12723
82054,lstick_x,-32768
82054,lstick_y,8115
82054,rstick_x,-32768
82054,rstick_y,-12723
82061,lstick_x,-32768
82061,lstick_y,8115
82061,rstick_x,-32768
82061,rstick_y,-12723
82070,lstick_x,-32768
82070,lstick_y,8115
82070,rstick_x,-32768
82070,rstick_y,-12723
82076,lstick_btn,1
82076,lstick_x,-32768
82076,lstick_y,7667
82076,rstick_x,-32768
82076,rstick_y,-11351
82078,lstick_x,-32768
82078,lstick_y,7667
82078,rstick_x,-32768
82078,rstick_y,-11351
82086,lstick_x,-32768
82086,lstick_y,7667
82086,rstick_x,-32768
82086,rstick_y,-11351
82089,lstick_x,-32768
82089,lstick_y,7473
82089,rstick_x,-32768
82089,rstick_y,-10435
82094,lstick_x,-32768
82094,lstick_y,7473
82094,rstick_x,-32768
82094,rstick_y,-10435
82102,lstick_x,-32768
82102,lstick_y,7473
82102,rstick_x,-32768
82102,rstick_y,-10435
82109,lstick_x,-32768
82109,lstick_y,7473
82109,rstick_x,-32768
82109,rstick_y,-10435
82117,lstick_x,-32768
82117,lstick_y,7473
82117,rstick_x,-32768
82117,rstick_y,-10435
82125,lstick_x,-32768
82125,lstick_y,7473
82125,rstick_x,-32768
82125,rstick_y,-10435
82128,lstick_x,-32768
82128,lstick_y,7177
82128,rstick_x,-32768
82128,rstick_y,-8314
82131,lstick_x,-32768
82131,lstick_y,7177
82131,rstick_x,-32768
82131,rstick_y,-8314
82136,lstick_x,-32768
82136,lstick_y,7177
82136,rstick_x,-32768
82136,rstick_y,-8314
82140,lstick_x,-32768
82140,lstick_y,7177
82140,rstick_x,-32768
82140,rstick_y,-8314
82142,lstick_x,-32768
82142,lstick_y,7177
82142,rstick_x,-32768
82142,rstick_y,-8314
82151,lstick_x,-32768
82151,lstick_y,7177
82151,rstick_x,-32768
82151,rstick_y,-8314
82158,lstick_x,-32768
82158,lstick_y,7177
82158,rstick_x,-32768
82158,rstick_y,-8314
82172,lstick_x,-32768
82172,lstick_y,7177
82172,rstick_x,-32768
82172,rstick_y,-8314
82181,lstick_x,-32768
82181,lstick_y,7177
82181,rstick_x,-32768
82181,rstick_y,-8314
82188,lstick_x,-32768
82188,lstick_y,7069
82188,rstick_x,-32768
82188,rstick_y,-6846
82197,lstick_x,-32768
82197,lstick_y,7069
82197,rstick_x,-32768
82197,rstick_y,-6846
82205,lstick_x,-32768
82205,lstick_y,7069
82205,rstick_x,-32768
82205,rstick_y,-6846
82213,lstick_x,-32768
82213,lstick_y,7069
82213,rstick_x,-32768
82213,rstick_y,-6846
82220,lstick_x,-32768
82220,lstick_y,7069
82220,rstick_x,-32768
82220,rstick_y,-6323
82223,lstick_x,-32768
82223,lstick_y,7069
82223,rstick_x,-32768
82223,rstick_y,-6323
82230,lstick_x,-32768
82230,lstick_y,7069
82230,rstick_x,-32768
82230,rstick_y,-6323
82238,lstick_x,-32768
82238,lstick_y,7069
82238,rstick_x,-32768
82238,rstick_y,-6323
82245,lstick_x,-32768
82245,lstick_y,7069
82245,rstick_x,-32768
82245,rstick_y,-6323
82258,lstick_x,-32768
82258,lstick_y,7069
82258,rstick_x,-32768
82258,rstick_y,-6323
82261,lstick_btn,0
82261,lstick_x,-32768
82261,lstick_y,7560
82261,rstick_x,-32768
82261,rstick_y,-5109
82270,lstick_x,-32768
82270,lstick_y,7560
82270,rstick_x,-32768
82270,rstick_y,-5109
82278,lstick_x,-32768
82278,lstick_y,7560
82278,rstick_x,-32768
82278,rstick_y,-5109
82287,rstick_btn,0
82287,lstick_x,-32643
82287,lstick_y,7048
82287,rstick_x,-32768
82287,rstick_y,-5131
82294,lstick_x,-32643
82294,lstick_y,7048
82294,rstick_x,-32768
82294,rstick_y,-5131
82301,lstick_x,-25240
82301,lstick_y,7073
82301,rstick_x,-32768
82301,rstick_y,-5467
82309,lstick_x,-25240
82309,lstick_y,7073
82309,rstick_x,-32768
82309,rstick_y,-5467
82314,lstick_x,-17710
82314,lstick_y,7540
82314,rstick_x,-23192
82314,rstick_y,-5467
82317,lstick_x,-17710
82317,lstick_y,7540
82317,rstick_x,-23192
82317,rstick_y,-5467
82319,lstick_x,-17710
82319,lstick_y,7540
82319,rstick_x,-23192
82319,rstick_y,-5467
82323,lstick_x,-17710
82323,lstick_y,7540
82323,rstick_x,-23192
82323,rstick_y,-5467
82326,lstick_x,-2013
82326,lstick_y,-2312
82326,rstick_y,-3250
82334,lstick_x,-2013
82334,lstick_y,-2312
82334,rstick_y,-3250
82344,lstick_x,-2013
82344,lstick_y,-2312
82344,rstick_y,-3250
82349,lstick_x,-2013
82349,lstick_y,-2312
82349,rstick_y,-3250
82360,lstick_x,-2013
82360,lstick_y,-2312
82360,rstick_y,-3250
82364,lstick_x,-1567
82364,lstick_y,-1895
82364,rstick_y,-2755
82370,lstick_x,-1216
82370,lstick_y,-1639
82370,rstick_y,-2364
82381,lstick_x,-1216
82381,lstick_y,-1639
82381,rstick_y,-2364
82389,lstick_x,-1216
82389,lstick_y,-1639
82389,rstick_y,-2364
82397,lstick_x,-1216
82397,lstick_y,-1639
82397,rstick_y,-2364
82403,lstick_y,-1176
82403,rstick_y,-1574
82406,lstick_y,-1176
82406,rstick_y,-1574
82409,lstick_y,-1176
82409,rstick_y,-1574
82419,lstick_y,-1176
82419,rstick_y,-1574
82429,lstick_y,-1176
82429,rstick_y,-1574
82439,lstick_y,-1176
82439,rstick_y,-1574
82445,rstick_y,-1268
82453,rstick_y,-1268
82456,rstick_y,-1159
82461,rstick_y,-1159
82469,rstick_y,-1159
82477,rstick_y,-1159
82485,rstick_y,-1159
83657,rstick_y,-1089
83665,rstick_y,-1089
83676,rstick_y,-1089
83686,rstick_y,-1089
83693,rstick_y,-1089
83701,rstick_y,-1449
83709,rstick_y,-1449
83717,rstick_y,-1449
83725,rstick_y,-1449
83730,rstick_y,-1547
83736,rstick_y,-1547
83739,rstick_y,-1651
83745,rstick_y,-1651
83751,rstick_y,-1651
83757,rstick_y,-1651
83766,rstick_y,-1651
83776,rstick_y,-1651
83779,rstick_y,-1846
83786,rstick_y,-1846
83797,rstick_y,-1846
83805,rstick_y,-1846
83813,rstick_y,-2017
83820,rstick_y,-2017
83823,rstick_y,-2017
83832,rstick_y,-2017
83838,rstick_y,-2017
83845,rstick_y,-2017
83856,rstick_y,-2017
83863,rstick_y,-2146
83871,rstick_y,-2146
83877,rstick_y,-2146
83885,rstick_y,-2146
83893,rstick_y,-2146
83896,rstick_y,-2271
83901,rstick_y,-2271
83904,rstick_y,-2377
83908,rstick_y,-2377
83918,rstick_y,-2377
83925,rstick_y,-2377
83934,rstick_y,-2377
83943,rstick_y,-2377
83950,rstick_y,-2440
83954,rstick_y,-2440
83957,rstick_y,-2440
83965,rstick_y,-2440
83973,rstick_y,-2440
83980,rstick_y,-2476
83986,rstick_y,-2476
83988,rstick_y,-2476
83992,rstick_y,-2476
83999,rstick_y,-2476
84009,rstick_y,-2476
84014,rstick_y,-2476
84026,rstick_y,-2476
84029,rstick_y,-2476
84037,rstick_y,-2476
84045,rstick_y,-2476
84054,rstick_y,-2476
84061,rstick_y,-2476
84064,rstick_y,-2476
84070,rstick_y,-2476
84073,rstick_y,-2476
84079,rstick_y,-2476
84085,rstick_y,-2476
84093,rstick_y,-2476
84106,rstick_y,-2476
84109,rstick_y,-2476
84114,rstick_y,-2476
84120,rstick_y,-2476
84125,rstick_y,-2476
84133,rstick_y,-2476
84143,rstick_y,-2476
84149,rstick_y,-2476
84155,rstick_y,-2476
84158,rstick_y,-2476
84161,rstick_y,-2476
84166,rstick_y,-2476
84171,rstick_y,-2476
84173,rstick_y,-2476
84179,rstick_y,-2476
84184,rstick_y,-2476
84186,rstick_y,-2476
84189,rstick_y,-2476
84197,rstick_y,-2476
84204,rstick_y,-2476
84208,rstick_y,-2476
84211,rstick_y,-2476
84214,rstick_y,-2476
84220,rstick_y,-2476
84229,rstick_y,-2476
84237,rstick_y,-2476
84245,rstick_y,-2476
84248,rstick_y,-2476
84253,rstick_y,-2476
84256,rstick_y,-2476
84261,rstick_y,-2476
84271,rstick_y,-2476
84279,rstick_y,-2476
84294,rstick_y,-2476
84298,rstick_y,-2476
84303,rstick_y,-2476
84309,rstick_y,-2476
84317,rstick_y,-2476
84325,rstick_y,-2476
84330,rstick_y,-2340
84337,rstick_y,-2340
84340,rstick_y,-2322
84353,rstick_y,-2322
84357,rstick_y,-2322
84365,rstick_y,-2322
84373,rstick_y,-2322
84381,rstick_y,-2322
84385,rstick_y,-2322
84389,rstick_y,-2322
84397,rstick_y,-2322
84409,rstick_y,-2322
84413,rstick_y,-2322
84421,rstick_y,-2322
84428,rstick_y,-2223
84431,rstick_y,-2223
84436,rstick_y,-2223
84439,rstick_y,-2223
84443,rstick_y,-2202
84447,rstick_y,-2202
84454,rstick_y,-2202
84461,rstick_y,-2202
84472,rstick_y,-2202
84480,rstick_y,-2202
84485,rstick_y,-2202
84493,rstick_y,-2116
84501,rstick_y,-2116
84509,rstick_y,-2116
84517,rstick_y,-2116
84520,rstick_y,-1971
84523,rstick_y,-1971
84527,rstick_y,-1971
84540,rstick_y,-1971
84549,rstick_y,-1916
84557,rstick_y,-1916
84566,rstick_y,-1862
84570,rstick_y,-1808
84577,rstick_y,-1808
84581,rstick_y,-1808
84593,rstick_y,-1808
84597,rstick_y,-1808
84605,rstick_y,-1808
84608,rstick_y,-1760
84612,rstick_y,-1760
84614,rstick_y,-1760
84621,rstick_y,-1760
84631,rstick_y,-1760
84636,rstick_y,-1695
84649,rstick_y,-1695
84653,rstick_y,-1695
84661,rstick_y,-1695
84669,rstick_y,-1695
84678,rstick_y,-1658
84689,rstick_y,-1658
84693,rstick_y,-1658
84701,rstick_y,-1658
84704,rstick_y,-1658
84707,rstick_y,-1658
84713,rstick_y,-1658
84717,rstick_y,-1658
84729,rstick_y,-1658
84736,rstick_y,-1658
84743,rstick_y,-1658
84749,rstick_y,-1658
84753,rstick_y,-1658
84757,rstick_y,-1658
84771,rstick_y,-1658
84781,rstick_y,-1658
84786,rstick_y,-1658
84789,rstick_y,-1658
84793,rstick_y,-1658
84804,rstick_y,-1658
84813,rstick_y,-1658
84821,rstick_y,-1658
84829,rstick_y,-1658
84837,rstick_y,-1658
84845,rstick_y,-1658
84855,rstick_y,-1658
84860,rstick_y,-1658
84869,rstick_y,-1658
84878,rstick_y,-1658
84882,rstick_y,-1797
84885,rstick_y,-1797
84888,rstick_y,-1797
84891,rstick_y,-1797
84894,rstick_y,-1797
84902,rstick_y,-1797
84915,rstick_y,-1797
84918,rstick_y,-1797
84928,rstick_y,-1797
84933,rstick_y,-1814
84938,rstick_y,-1814
84941,rstick_y,-1814
84949,rstick_y,-1814
84957,rstick_y,-1814
84965,rstick_y,-1814
84970,rstick_y,-1814
84973,rstick_y,-1814
84976,rstick_y,-1814
84981,rstick_y,-1814
84989,rstick_y,-1814
84997,rstick_y,-1814
85007,rstick_y,-1814
85013,rstick_y,-1814
85020,rstick_y,-1814
85023,rstick_y,-1814
85029,rstick_y,-1814
85039,rstick_y,-1814
85046,rstick_y,-1814
85054,rstick_y,-1814
85056,rstick_y,-1814
85059,rstick_y,-1814
85066,rstick_y,-1814
85071,rstick_y,-1814
85081,rstick_y,-1814
85085,rstick_y,-1814
85088,rstick_y,-1814
85094,rstick_y,-1814
85101,rstick_y,-1814
85104,rstick_y,-1814
85108,rstick_y,-1814
85118,rstick_y,-1814
85125,rstick_y,-1814
85133,rstick_y,-1814
85138,lstick_y,-1054
85138,rstick_y,-1814
85141,lstick_y,-1054
85141,rstick_y,-1814
85144,lstick_y,-1054
85144,rstick_y,-1814
85149,lstick_y,-1054
85149,rstick_y,-1814
85153,lstick_y,-1054
85153,rstick_y,-1814
85157,lstick_y,-1054
85157,rstick_y,-1814
85165,lstick_y,-1054
85165,rstick_y,-1814
85167,lstick_y,-1054
85167,rstick_y,-1814
85170,lstick_y,-1054
85170,rstick_y,-1814
85173,lstick_y,-1054
85173,rstick_y,-1814
85180,lstick_y,-1054
85180,rstick_y,-1814
85184,lstick_y,-1054
85184,rstick_y,-1814
85188,lstick_y,-1054
85188,rstick_y,-1814
85194,lstick_y,-1054
85194,rstick_y,-1814
85197,lstick_y,-1054
85197,rstick_y,-1814
85203,lstick_y,-1054
85203,rstick_y,-1814
85213,lstick_y,-1054
85213,rstick_y,-1814
85221,lstick_y,-1054
85221,rstick_y,-1814
85228,lstick_y,-1054
85228,rstick_y,-1893
85236,lstick_y,-1054
85236,rstick_y,-1893
85239,lstick_y,-1054
85239,rstick_y,-1893
85243,lstick_y,-1054
85243,rstick_y,-1893
85253,lstick_y,-1054
85253,rstick_y,-1893
85261,lstick_y,-1054
85261,rstick_y,-1893
85278,lstick_y,-1054
85278,rstick_y,-1893
85280,lstick_y,-1054
85280,rstick_y,-1893
85285,lstick_y,-1054
85285,rstick_y,-1893
85288,lstick_y,-1054
85288,rstick_y,-1893
85293,lstick_y,-1054
85293,rstick_y,-1893
85297,rstick_y,-1893
85302,rstick_y,-1893
85309,rstick_y,-1893
85317,rstick_y,-1893
85321,rstick_y,-1893
85324,rstick_y,-1893
85329,rstick_y,-1922
85340,rstick_y,-1922
85346,rstick_y,-1922
85349,rstick_y,-1922
85353,rstick_y,-1922
85357,rstick_y,-1922
85365,rstick_y,-1922
85371,rstick_y,-1922
85374,rstick_y,-1922
85383,rstick_y,-2042
85389,rstick_y,-2042
85397,rstick_y,-2042
85405,rstick_y,-2042
85408,rstick_y,-2068
85414,rstick_y,-2068
85420,rstick_y,-2068
85423,rstick_y,-2068
85431,rstick_y,-2068
85438,rstick_y,-2068
85443,rstick_y,-2068
85447,rstick_y,-2068
85453,rstick_y,-2068
85458,rstick_y,-2068
85462,rstick_y,-2068
85469,rstick_y,-2068
85485,rstick_y,-2068
85489,rstick_y,-2068
85493,rstick_y,-2068
85496,rstick_y,-2068
85498,rstick_y,-2068
85503,rstick_y,-2068
85506,rstick_y,-2068
85509,rstick_y,-2068
85519,rstick_y,-2068
85525,rstick_y,-2068
85537,rstick_y,-2138
85544,rstick_y,-2138
85549,rstick_y,-2138
85553,rstick_y,-2138
85557,rstick_y,-2138
85565,rstick_y,-2138
85573,rstick_y,-2138
85580,rstick_y,-2138
85586,rstick_y,-2138
85589,rstick_y,-2138
85592,rstick_y,-2138
85600,rstick_y,-2138
85605,rstick_y,-2138
85614,rstick_y,-2138
85625,rstick_y,-2138
85629,rstick_y,-2138
85636,rstick_y,-2138
85645,rstick_y,-2138
85653,rstick_y,-2138
85661,rstick_y,-2138
85663,rstick_y,-2138
85669,rstick_y,-2138
85672,rstick_y,-2138
85674,rstick_y,-2138
85678,rstick_y,-2138
85686,rstick_y,-2138
85693,rstick_y,-2138
85701,rstick_y,-2138
85709,rstick_y,-2138
85717,rstick_y,-2138
85720,rstick_y,-2138
85725,rstick_y,-2138
85733,rstick_y,-2138
85741,rstick_y,-2138
85747,rstick_y,-2138
85753,rstick_y,-2138
85756,rstick_y,-2138
85765,rstick_y,-2138
85779,rstick_y,-2138
85789,rstick_y,-2138
85796,rstick_y,-2138
85803,rstick_y,-2138
85807,rstick_y,-2138
85813,rstick_y,-2138
85825,rstick_y,-2138
85829,rstick_y,-2138
85837,rstick_y,-2138
85840,rstick_y,-2138
85843,rstick_y,-2138
85848,rstick_y,-2138
85853,rstick_y,-2138
85862,rstick_y,-2138
85869,rstick_y,-2138
85877,rstick_y,-2138
85880,rstick_y,-2138
85887,rstick_y,-2138
85893,rstick_y,-2138
85897,rstick_y,-2138
85902,rstick_y,-2138
85909,rstick_y,-2138
85921,rstick_y,-2138
85925,rstick_y,-2138
85936,rstick_y,-2138
85941,rstick_y,-2138
85946,rstick_y,-2138
85950,rstick_y,-2138
85953,rstick_y,-2138
85958,rstick_y,-2138
85964,rstick_y,-2138
85970,rstick_y,-2138
85973,rstick_y,-2138
85977,rstick_y,-2138
85981,rstick_y,-2138
85992,rstick_y,-2138
85997,rstick_y,-2138
86003,rstick_y,-2138
86006,rstick_y,-2138
86014,rstick_y,-2138
86029,rstick_y,-2138
86043,rstick_y,-2138
86054,rstick_y,-2138
86061,rstick_y,-2138
86071,rstick_y,-2138
86076,rstick_y,-2138
86081,rstick_y,-2138
86088,rstick_y,-2138
86094,rstick_y,-2138
86101,rstick_y,-2138
86113,rstick_y,-2138
86117,rstick_y,-2138
86121,rstick_y,-2138
86126,rstick_y,-2138
86131,rstick_y,-2138
86134,rstick_y,-2138
86141,rstick_y,-2138
86145,rstick_y,-2138
86152,rstick_y,-2138
86157,rstick_y,-2138
86166,rstick_y,-2138
86172,rstick_y,-2138
86181,rstick_y,-2138
86192,rstick_y,-2138
86197,rstick_y,-2138
86203,rstick_y,-2138
86213,rstick_y,-2138
86221,rstick_y,-2138
86228,rstick_y,-2138
86233,rstick_y,-2138
86238,rstick_y,-2138
86244,rstick_y,-2138
86253,rstick_y,-2138
86260,rstick_y,-2138
86264,rstick_y,-2138
86272,rstick_y,-2138
86277,rstick_y,-2138
86289,rstick_y,-2138
86294,rstick_y,-2138
86302,rstick_y,-2138
86305,rstick_y,-2206
86309,rstick_y,-2206
86319,rstick_y,-2206
86327,rstick_y,-2206
86341,rstick_y,-2206
86347,rstick_y,-2235
86355,rstick_y,-2235
86363,lstick_y,1042
86363,rstick_y,-2235
86368,lstick_y,1042
86368,rstick_y,-2235
86374,lstick_y,1042
86374,rstick_y,-2235
86378,lstick_y,1042
86378,rstick_y,-2330
86381,lstick_y,1042
86381,rstick_y,-2330
86386,lstick_y,1042
86386,rstick_y,-2330
86389,lstick_y,1042
86389,rstick_y,-2330
86392,lstick_y,1042
86392,rstick_y,-2330
86397,lstick_y,1042
86397,rstick_y,-2330
86405,lstick_y,1042
86405,rstick_y,-2330
86413,lstick_y,1042
86413,rstick_y,-2330
86422,lstick_y,1093
86422,rstick_y,-2355
86429,lstick_y,1093
86429,rstick_y,-2355
86433,lstick_y,1093
86433,rstick_y,-2355
86437,lstick_y,1093
86437,rstick_y,-2355
86450,lstick_y,1093
86450,rstick_y,-2355
86455,lstick_y,1093
86455,rstick_y,-2355
86459,lstick_y,1093
86459,rstick_y,-2355
86464,lstick_y,1093
86464,rstick_y,-2355
86472,lstick_y,1093
86472,rstick_y,-2355
86478,lstick_y,1093
86478,rstick_y,-2355
86489,lstick_y,1093
86489,rstick_y,-2355
86495,lstick_y,1093
86495,rstick_y,-2440
86504,lstick_y,1093
86504,rstick_y,-2440
86509,lstick_y,1093
86509,rstick_y,-2440
86517,lstick_y,1093
86517,rstick_y,-2440
86520,lstick_y,1093
86520,rstick_y,-2460
86522,lstick_y,1093
86522,rstick_y,-2460
86527,lstick_y,1093
86527,rstick_y,-2460
86533,lstick_y,1139
86533,rstick_y,-2460
86539,lstick_y,1139
86539,rstick_y,-2460
86542,lstick_y,1139
86542,rstick_y,-2460
86549,lstick_y,1139
86549,rstick_y,-2460
86557,lstick_y,1139
86557,rstick_y,-2460
86567,lstick_y,1139
86567,rstick_y,-2460
86577,lstick_y,1139
86577,rstick_y,-2460
86581,lstick_y,1139
86581,rstick_y,-2460
86587,lstick_y,1139
86587,rstick_y,-2460
86602,lstick_y,1139
86602,rstick_y,-2460
86605,lstick_y,1139
86605,rstick_y,-2460
86612,lstick_y,1139
86612,rstick_y,-2460
86620,lstick_y,1139
86620,rstick_y,-2460
86624,lstick_y,1139
86624,rstick_y,-2460
86629,lstick_y,1139
86629,rstick_y,-2460
86637,lstick_y,1139
86637,rstick_y,-2460
86645,lstick_y,1139
86645,rstick_y,-2460
86656,lstick_y,1139
86656,rstick_y,-2460
86661,lstick_y,1139
86661,rstick_y,-2460
86669,lstick_y,1139
86669,rstick_y,-2460
86678,lstick_y,1139
86678,rstick_y,-2460
86688,lstick_y,1139
86688,rstick_y,-2460
86694,lstick_y,1139
86694,rstick_y,-2460
86706,lstick_y,1139
86706,rstick_y,-2460
86709,lstick_y,1139
86709,rstick_y,-2460
86722,lstick_y,1139
86722,rstick_y,-2460
86725,lstick_y,1139
86725,rstick_y,-2460
86733,lstick_y,1139
86733,rstick_y,-2460
86737,lstick_y,1139
86737,rstick_y,-2460
86740,lstick_y,1139
86740,rstick_y,-2460
86749,lstick_y,1139
86749,rstick_y,-2460
86757,lstick_y,1139
86757,rstick_y,-2460
86764,lstick_y,1139
86764,rstick_y,-2460
86770,lstick_y,1139
86770,rstick_y,-2460
86772,lstick_y,1139
86772,rstick_y,-2460
86775,lstick_y,1139
86775,rstick_y,-2460
86781,lstick_y,1139
86781,rstick_y,-2460
86789,lstick_y,1139
86789,rstick_y,-2460
86797,lstick_y,1139
86797,rstick_y,-2460
86806,lstick_y,1139
86806,rstick_y,-2460
86813,lstick_y,1139
86813,rstick_y,-2460
86820,lstick_y,1139
86820,rstick_y,-2460
86834,lstick_y,1139
86834,rstick_y,-2460
86840,lstick_y,1139
86840,rstick_y,-2460
86851,lstick_y,1139
86851,rstick_y,-2460
86855,lstick_y,1139
86855,rstick_y,-2460
86861,lstick_y,1139
86861,rstick_y,-2460
86869,lstick_y,1139
86869,rstick_y,-2460
86877,lstick_y,1139
86877,rstick_y,-2460
86880,lstick_y,1139
86880,rstick_y,-2460
86885,lstick_y,1139
86885,rstick_y,-2460
86888,lstick_y,1139
86888,rstick_y,-2460
86894,lstick_y,1139
86894,rstick_y,-2460
86901,lstick_y,1139
86901,rstick_y,-2460
86903,lstick_y,1139
86903,rstick_y,-2460
86909,lstick_y,1139
86909,rstick_y,-2460
86919,lstick_y,1139
86919,rstick_y,-2460
86925,lstick_y,1139
86925,rstick_y,-2460
86930,lstick_y,1139
86930,rstick_y,-2460
86933,lstick_y,1139
86933,rstick_y,-2460
86938,lstick_y,1139
86938,rstick_y,-2460
86941,lstick_y,1139
86941,rstick_y,-2460
86948,lstick_y,1139
86948,rstick_y,-2460
86957,lstick_y,1139
86957,rstick_y,-2460
86963,lstick_y,1139
86963,rstick_y,-2460
86973,lstick_y,1139
86973,rstick_y,-2460
86981,lstick_y,1139
86981,rstick_y,-2460
86989,lstick_y,1139
86989,rstick_y,-2460
86992,lstick_y,1139
86992,rstick_y,-2460
86997,lstick_y,1139
86997,rstick_y,-2460
87005,lstick_y,1139
87005,rstick_y,-2460
87015,lstick_y,1139
87015,rstick_y,-2460
87020,lstick_y,1139
87020,rstick_y,-2460
87023,lstick_y,1139
87023,rstick_y,-2460
87031,lstick_y,1139
87031,rstick_y,-2460
87036,lstick_y,1139
87036,rstick_y,-2460
87045,lstick_y,1139
87045,rstick_y,-2460
87053,lstick_y,1139
87053,rstick_y,-2460
87062,lstick_y,1139
87062,rstick_y,-2460
87069,lstick_y,1139
87069,rstick_y,-2460
87071,lstick_y,1139
87071,rstick_y,-2460
87075,lstick_y,1139
87075,rstick_y,-2460
87081,lstick_y,1139
87081,rstick_y,-2460
87095,lstick_y,1139
87095,rstick_y,-2460
87102,lstick_y,1139
87102,rstick_y,-2460
87109,lstick_y,1139
87109,rstick_y,-2460
87111,lstick_y,1139
87111,rstick_y,-2460
87117,lstick_y,1139
87117,rstick_y,-2460
87119,lstick_y,1139
87119,rstick_y,-2460
87125,lstick_y,1139
87125,rstick_y,-2460
87137,lstick_y,1139
87137,rstick_y,-2460
87141,lstick_y,1139
87141,rstick_y,-2460
87150,lstick_y,1139
87150,rstick_y,-2460
87160,lstick_y,1139
87160,rstick_y,-2460
87165,lstick_y,1139
87165,rstick_y,-2460
87177,lstick_y,1139
87177,rstick_y,-2460
87184,lstick_y,1139
87184,rstick_y,-2460
87187,lstick_y,1139
87187,rstick_y,-2460
87197,lstick_y,1139
87197,rstick_y,-2460
87207,lstick_y,1139
87207,rstick_y,-2460
87212,lstick_y,1139
87212,rstick_y,-2460
87220,lstick_y,1139
87220,rstick_y,-2460
87223,lstick_y,1139
87223,rstick_y,-2460
87229,lstick_y,1139
87229,rstick_y,-2460
87237,lstick_y,1139
87237,rstick_y,-2460
87245,lstick_y,1139
87245,rstick_y,-2460
87257,lstick_y,1139
87257,rstick_y,-2460
87261,lstick_y,1139
87261,rstick_y,-2460
87270,lstick_y,1139
87270,rstick_y,-2460
87277,lstick_y,1139
87277,rstick_y,-2460
87291,lstick_y,1139
87291,rstick_y,-2460
87304,lstick_y,1139
87304,rstick_y,-2460
87310,lstick_y,1139
87310,rstick_y,-2460
87317,lstick_y,1139
87317,rstick_y,-2460
87320,lstick_y,1139
87320,rstick_y,-2460
87326,lstick_y,1139
87326,rstick_y,-2460
87333,lstick_y,1139
87333,rstick_y,-2460
87340,lstick_y,1139
87340,rstick_y,-2460
87349,lstick_y,1139
87349,rstick_y,-2460
87360,lstick_y,1139
87360,rstick_y,-2460
87365,lstick_y,1139
87365,rstick_y,-2460
87370,lstick_y,1139
87370,rstick_y,-2460
87373,lstick_y,1139
87373,rstick_y,-2460
87381,lstick_y,1139
87381,rstick_y,-2460
87390,lstick_y,1139
87390,rstick_y,-2460
87398,lstick_y,1139
87398,rstick_y,-2460
87409,lstick_y,1139
87409,rstick_y,-2460
87412,lstick_y,1139
87412,rstick_y,-2460
87420,lstick_y,1139
87420,rstick_y,-2460
87434,lstick_y,1139
87434,rstick_y,-2460
87438,lstick_y,1139
87438,rstick_y,-2460
87442,lstick_y,1139
87442,rstick_y,-2460
87454,lstick_y,1139
87454,rstick_y,-2460
87463,lstick_y,1139
87463,rstick_y,-2460
87469,lstick_y,1139
87469,rstick_y,-2460
87477,lstick_y,1139
87477,rstick_y,-2460
87488,lstick_y,1139
87488,rstick_y,-2460
87491,lstick_y,1139
87491,rstick_y,-2460
87501,lstick_y,1139
87501,rstick_y,-2460
87509,lstick_y,1139
87509,rstick_y,-2460
87517,lstick_y,1139
87517,rstick_y,-2460
87531,lstick_y,1139
87531,rstick_y,-2460
87536,lstick_y,1139
87536,rstick_y,-2460
87542,lstick_y,1139
87542,rstick_y,-2460
87549,lstick_y,1139
87549,rstick_y,-2460
87557,lstick_y,1139
87557,rstick_y,-2542
87566,lstick_y,1139
87566,rstick_y,-2542
87573,lstick_y,1139
87573,rstick_y,-2542
87582,lstick_y,1139
87582,rstick_y,-2542
87587,lstick_y,1806
87587,rstick_y,-3244
87591,lstick_y,2884
87591,rstick_y,-3940
87595,lstick_y,2884
87595,rstick_y,-3940
87608,lstick_y,2884
87608,rstick_y,-3940
87613,lstick_y,2884
87613,rstick_y,-3940
87625,lstick_y,2884
87625,rstick_y,-3940
87629,lstick_y,2884
87629,rstick_y,-3940
87631,lstick_x,3162
87631,lstick_y,22675
87631,rstick_x,1037
87631,rstick_y,-5950
87637,lstick_x,4243
87637,lstick_y,32767
87637,rstick_x,1304
87637,rstick_y,-14678
87645,lstick_x,4243
87645,lstick_y,32767
87645,rstick_x,1304
87645,rstick_y,-14678
87655,lstick_x,4243
87655,lstick_y,32767
87655,rstick_x,1304
87655,rstick_y,-14678
87659,lstick_x,5114
87659,lstick_y,32767
87659,rstick_x,1566
87659,rstick_y,-21731
87668,lstick_x,5114
87668,lstick_y,32767
87668,rstick_x,1566
87668,rstick_y,-21731
87670,lstick_x,5811
87670,lstick_y,32767
87670,rstick_x,1555
87670,rstick_y,-31035
87674,lstick_x,5811
87674,lstick_y,32767
87674,rstick_x,1555
87674,rstick_y,-31035
87679,lstick_x,5811
87679,lstick_y,32767
87679,rstick_x,1555
87679,rstick_y,-31035
87688,lstick_x,5811
87688,lstick_y,32767
87688,rstick_x,1555
87688,rstick_y,-31035
87693,lstick_x,6363
87693,lstick_y,32767
87693,rstick_x,1555
87693,rstick_y,-31142
87697,lstick_x,6804
87697,lstick_y,32767
87697,rstick_x,1839
87697,rstick_y,-31239
87702,lstick_x,6804
87702,lstick_y,32767
87702,rstick_x,1839
87702,rstick_y,-31239
87707,lstick_x,6804
87707,lstick_y,32767
87707,rstick_x,1839
87707,rstick_y,-31239
87710,lstick_x,6804
87710,lstick_y,32767
87710,rstick_x,1839
87710,rstick_y,-31239
87719,lstick_x,6804
87719,lstick_y,32767
87719,rstick_x,1839
87719,rstick_y,-31239
87725,lstick_x,7157
87725,lstick_y,32767
87725,rstick_x,2047
87725,rstick_y,-31322
87735,lstick_x,7157
87735,lstick_y,32767
87735,rstick_x,2047
87735,rstick_y,-31322
87741,lstick_x,7157
87741,lstick_y,32767
87741,rstick_x,2047
87741,rstick_y,-31322
87749,rstick_btn,1
87749,lstick_x,7445
87749,lstick_y,32767
87749,rstick_x,2266
87749,rstick_y,-31366
87757,lstick_x,7445
87757,lstick_y,32767
87757,rstick_x,2266
87757,rstick_y,-31366
87761,lstick_x,7850
87761,lstick_y,32767
87761,rstick_x,3022
87761,rstick_y,-31458
87766,lstick_x,7850
87766,lstick_y,32767
87766,rstick_x,3022
87766,rstick_y,-31458
87771,lstick_x,7850
87771,lstick_y,32767
87771,rstick_x,3022
87771,rstick_y,-31458
87774,lstick_x,7850
87774,lstick_y,32767
87774,rstick_x,3022
87774,rstick_y,-31458
87778,lstick_x,7994
87778,lstick_y,32767
87778,rstick_x,3582
87778,rstick_y,-31525
87783,lstick_x,7994
87783,lstick_y,32767
87783,rstick_x,3582
87783,rstick_y,-31525
87788,lstick_x,8091
87788,lstick_y,32767
87788,rstick_x,4129
87788,rstick_y,-31596
87793,lstick_x,8091
87793,lstick_y,32767
87793,rstick_x,4129
87793,rstick_y,-31596
87797,lstick_x,8091
87797,lstick_y,32767
87797,rstick_x,4129
87797,rstick_y,-31596
87808,lstick_x,8091
87808,lstick_y,32767
87808,rstick_x,4129
87808,rstick_y,-31596
87813,lstick_x,8169
87813,lstick_y,32767
87813,rstick_x,4613
87813,rstick_y,-31647
87821,lstick_x,8169
87821,lstick_y,32767
87821,rstick_x,4613
87821,rstick_y,-31647
87824,lstick_x,8231
87824,lstick_y,32767
87824,rstick_x,5024
87824,rstick_y,-31647
87829,lstick_x,8231
87829,lstick_y,32767
87829,rstick_x,5024
87829,rstick_y,-31647
87838,lstick_x,8231
87838,lstick_y,32767
87838,rstick_x,5024
87838,rstick_y,-31647
87848,lstick_x,8231
87848,lstick_y,32767
87848,rstick_x,5024
87848,rstick_y,-31647
87853,lstick_x,8281
87853,lstick_y,32767
87853,rstick_x,5615
87853,rstick_y,-31699
87857,lstick_x,8281
87857,lstick_y,32767
87857,rstick_x,5615
87857,rstick_y,-31699
87861,lstick_x,8281
87861,lstick_y,32767
87861,rstick_x,5615
87861,rstick_y,-31699
87869,lstick_x,8281
87869,lstick_y,32767
87869,rstick_x,5615
87869,rstick_y,-31699
87878,lstick_x,8353
87878,lstick_y,32767
87878,rstick_x,5825
87878,rstick_y,-31699
87893,lstick_x,8353
87893,lstick_y,32767
87893,rstick_x,5825
87893,rstick_y,-31699
87897,lstick_x,8379
87897,lstick_y,32767
87897,rstick_x,6004
87897,rstick_y,-31699
87901,lstick_x,8379
87901,lstick_y,32767
87901,rstick_x,6004
87901,rstick_y,-31699
87909,lstick_x,8379
87909,lstick_y,32767
87909,rstick_x,6004
87909,rstick_y,-31699
87917,lstick_x,8379
87917,lstick_y,32767
87917,rstick_x,6004
87917,rstick_y,-31699
87919,lstick_x,8379
87919,lstick_y,32767
87919,rstick_x,6004
87919,rstick_y,-31699
87928,lstick_x,8379
87928,lstick_y,32767
87928,rstick_x,6004
87928,rstick_y,-31699
87937,lstick_x,8379
87937,lstick_y,32767
87937,rstick_x,5678
87937,rstick_y,-31699
87940,lstick_x,8379
87940,lstick_y,32767
87940,rstick_x,5678
87940,rstick_y,-31699
87949,lstick_x,8379
87949,lstick_y,32767
87949,rstick_x,5678
87949,rstick_y,-31699
87956,lstick_x,8624
87956,lstick_y,32767
87956,rstick_x,5008
87956,rstick_y,-31699
87971,lstick_x,8624
87971,lstick_y,32767
87971,rstick_x,5008
87971,rstick_y,-31699
87974,lstick_x,8624
87974,lstick_y,32767
87974,rstick_x,5008
87974,rstick_y,-31699
87981,lstick_x,8624
87981,lstick_y,32767
87981,rstick_x,5008
87981,rstick_y,-31699
87995,lstick_x,8624
87995,lstick_y,32767
87995,rstick_x,5008
87995,rstick_y,-31699
88003,rstick_btn,0
88003,lstick_x,9440
88003,lstick_y,32767
88003,rstick_x,2865
88003,rstick_y,-31827
88006,lstick_x,9440
88006,lstick_y,32767
88006,rstick_x,2865
88006,rstick_y,-31827
88012,lstick_x,9953
88012,lstick_y,32767
88012,rstick_x,-4945
88012,rstick_y,-31894
88020,lstick_x,9953
88020,lstick_y,32767
88020,rstick_x,-4945
88020,rstick_y,-31894
88024,lstick_x,9953
88024,lstick_y,32767
88024,rstick_x,-4945
88024,rstick_y,-31894
88029,lstick_x,9953
88029,lstick_y,32767
88029,rstick_x,-4945
88029,rstick_y,-31894
88042,lstick_x,9953
88042,lstick_y,32767
88042,rstick_x,-4945
88042,rstick_y,-31894
88053,lstick_x,10488
88053,lstick_y,32767
88053,rstick_x,-4678
88053,rstick_y,-31625
88055,lstick_x,10715
88055,lstick_y,32009
88055,rstick_x,-3923
88055,rstick_y,-30385
88062,lstick_x,10715
88062,lstick_y,32009
88062,rstick_x,-3923
88062,rstick_y,-30385
88074,lstick_x,10715
88074,lstick_y,32009
88074,rstick_x,-3923
88074,rstick_y,-30385
88077,lstick_x,9421
88077,lstick_y,18891
88077,rstick_x,-2745
88077,rstick_y,-18371
88081,lstick_x,9421
88081,lstick_y,18891
88081,rstick_x,-2745
88081,rstick_y,-18371
88087,lstick_x,9421
88087,lstick_y,18891
88087,rstick_x,-2745
88087,rstick_y,-18371
88099,lstick_x,9421
88099,lstick_y,18891
88099,rstick_x,-2745
88099,rstick_y,-18371
88103,rstick_y,-4618
88109,rstick_y,-4618
88117,rstick_y,-4618
88126,rstick_y,-3903
88133,rstick_y,-3903
88141,rstick_y,-3903
88150,rstick_y,-3331
88157,rstick_y,-2874
88161,rstick_y,-2508
88165,rstick_y,-2508
88178,rstick_y,-2508
88181,rstick_y,-2508
88186,rstick_y,-2215
88190,rstick_y,-2215
88197,rstick_y,-1986
88204,rstick_y,-1986
88208,rstick_y,-1798
88213,rstick_y,-1798
88223,rstick_y,-1798
88228,rstick_y,-1653
88231,rstick_y,-1653
88236,rstick_y,-1653
88240,rstick_y,-1537
88248,rstick_y,-1537
88253,rstick_y,-1537
88260,rstick_y,-1444
88269,rstick_y,-1444
88278,rstick_y,-1444
88285,rstick_y,-1444
88287,rstick_y,-1444
88291,rstick_y,-1444
88301,rstick_y,-1444
88304,rstick_y,-1444
88309,rstick_y,-1444
88317,rstick_y,-1444
88320,rstick_y,-1444
88328,rstick_y,-1444
88334,rstick_y,-1444
88341,rstick_y,-1444
88346,rstick_y,-1444
88351,rstick_y,-1444
88357,rstick_y,-1444
88370,rstick_y,-1444
88374,rstick_y,-1444
88383,rstick_y,-1150
88389,rstick_y,-1150
88394,rstick_y,-1150
88397,rstick_y,-1150
88405,rstick_y,-1150
88413,rstick_y,-1084
88420,rstick_y,-1084
88429,rstick_y,-1084
88445,rstick_y,-1084
88453,rstick_y,-1084
88457,rstick_y,-1084
88460,rstick_y,-1084
88472,rstick_y,-1084
88488,rstick_y,-1084
88494,rstick_y,-1084
88501,rstick_y,-1084
88509,rstick_y,-1084
88525,rstick_y,-1084
88528,rstick_y,-1084
88535,rstick_y,-1084
88542,rstick_y,-1084
88548,rstick_y,-1052
88553,rstick_y,-1052
88563,rstick_y,-1052
88566,rstick_y,-1052
88570,rstick_y,-1052
88582,rstick_y,-1052
88589,rstick_y,-1052
88601,rstick_y,-1052
88604,rstick_y,-1052
88607,rstick_y,-1052
88631,rstick_y,-1052
88640,rstick_y,-1052
88643,rstick_y,-1052
88648,rstick_y,-1052
88655,rstick_y,-1052
88661,rstick_y,-1052
88665,rstick_y,-1052
88669,rstick_y,-1052
88679,rstick_y,-1052
88685,rstick_y,-1052
88688,rstick_y,-1052
88691,rstick_y,-1052
88701,rstick_y,-1052
88725,rstick_y,-1052
88731,rstick_y,-1052
88736,rstick_y,-1052
88741,rstick_y,-1052
88750,rstick_y,-1052
88761,rstick_y,-1052
88765,rstick_y,-1052
88782,rstick_y,-1052
88787,rstick_y,-1052
88790,rstick_y,-1052
88797,rstick_y,-1052
88804,rstick_y,-1052
88807,rstick_y,-1052
88810,rstick_y,-1052
88813,rstick_y,-1052
88821,rstick_y,-1052
88829,rstick_y,-1052
88837,rstick_y,-1052
88844,rstick_y,-1052
88846,rstick_y,-1052
88853,rstick_y,-1052
88855,rstick_y,-1052
88860,rstick_y,-1052
88864,rstick_y,-1052
88869,rstick_y,-1052
88877,rstick_y,-1052
88885,rstick_y,-1052
88891,rstick_y,-1052
88894,rstick_y,-1052
88901,rstick_y,-1052
88909,rstick_y,-1052
88917,rstick_y,-1052
88925,rstick_y,-1052
88929,rstick_y,-1052
88933,rstick_y,-1052
88936,rstick_y,-1052
88939,rstick_y,-1052
88942,rstick_y,-1052
88949,rstick_y,-1052
88957,rstick_y,-1052
88965,rstick_y,-1052
88971,rstick_y,-1052
88974,rstick_y,-1052
88980,rstick_y,-1052
88989,rstick_y,-1052
89001,rstick_y,-1052
89005,rstick_y,-1052
89009,rstick_y,-1052
89013,rstick_y,-1052
89025,rstick_y,-1052
89033,rstick_y,-1052
89037,rstick_y,-1052
89044,rstick_y,-1052
89047,rstick_y,-1052
89053,rstick_y,-1052
89065,rstick_y,-1052
89070,rstick_y,-1052
89077,rstick_y,-1052
89085,rstick_y,-1052
89101,rstick_y,-1052
89109,rstick_y,-1052
89112,rstick_y,-1052
89117,rstick_y,-1052
89119,rstick_y,-1052
89125,rstick_y,-1052
89138,rstick_y,-1052
89142,rstick_y,-1052
89145,rstick_y,-1052
89153,rstick_y,-1052
89157,rstick_y,-1052
89170,rstick_y,-1052
89179,rstick_y,-1052
89186,rstick_y,-1052
89200,rstick_y,-1052
89204,rstick_y,-1052
89213,rstick_y,-1052
89220,rstick_y,-1052
89224,rstick_y,-1052
89229,rstick_y,-1052
89237,rstick_y,-1052
89245,rstick_y,-1052
89257,rstick_y,-1052
89263,rstick_y,-1052
89269,rstick_y,-1052
89277,rstick_y,-1052
89292,rstick_y,-1052
89301,rstick_y,-1052
89308,rstick_y,-1052
89311,rstick_y,-1052
89321,rstick_y,-1052
89332,rstick_y,-1052
89337,rstick_y,-1052
89344,rstick_y,-1052
89349,rstick_y,-1052
89354,rstick_y,-1052
89367,rstick_y,-1052
89371,rstick_y,-1052
89374,rstick_y,-1052
89385,rstick_y,-1052
89395,rstick_y,-1052
89405,rstick_y,-1052
89413,rstick_y,-1052
89421,rstick_y,-1052
89430,rstick_y,-1052
89441,rstick_y,-1052
89445,rstick_y,-1052
89453,rstick_y,-1052
89456,rstick_y,-1052
89462,rstick_y,-1052
89469,rstick_y,-1052
89479,rstick_y,-1052
89483,rstick_y,-1052
89486,rstick_y,-1052
89493,rstick_y,-1052
89502,rstick_y,-1052
89509,rstick_y,-1052
89511,rstick_y,-1052
89514,rstick_y,-1052
89517,rstick_y,-1052
89520,rstick_y,-1052
89523,rstick_y,-1052
89533,rstick_y,-1052
89541,rstick_y,-1052
89549,rstick_y,-1052
89557,rstick_y,-1052
89560,rstick_y,-1052
89565,rstick_y,-1052
89573,rstick_y,-1052
89581,rstick_y,-1052
89588,rstick_y,-1052
89591,rstick_y,-1052
89597,rstick_y,-1052
89605,rstick_y,-1052
89614,rstick_y,-1052
89623,rstick_y,-1052
89625,rstick_y,-1052
89629,rstick_y,-1052
89637,rstick_y,-1052
89646,rstick_y,-1052
89653,rstick_y,-1052
89656,lstick_x,-10973
89656,lstick_y,-19881
89656,rstick_y,-1052
89660,lstick_x,-10973
89660,lstick_y,-19881
89660,rstick_y,-1052
89669,lstick_x,-10973
89669,lstick_y,-19881
89669,rstick_y,-1052
89677,lstick_x,-10973
89677,lstick_y,-19881
89677,rstick_y,-1052
89685,lstick_x,-10973
89685,lstick_y,-19881
89685,rstick_y,-1052
89688,lstick_x,-15253
89688,lstick_y,-27939
89688,rstick_y,-1052
89694,lstick_x,-15253
89694,lstick_y,-27939
89694,rstick_y,-1052
89701,lstick_x,-16012
89701,lstick_y,-28141
89701,rstick_y,-1052
89710,lstick_x,-16012
89710,lstick_y,-28141
89710,rstick_y,-1052
89717,lstick_x,-16012
89717,lstick_y,-28141
89717,rstick_y,-1052
89725,lstick_x,-16012
89725,lstick_y,-28141
89725,rstick_y,-1052
89742,lstick_x,-17104
89742,lstick_y,-28442
89742,rstick_y,-1052
89748,lstick_x,-17492
89748,lstick_y,-28549
89748,rstick_y,-1052
89752,lstick_x,-17492
89752,lstick_y,-28549
89752,rstick_y,-1052
89761,lstick_x,-17803
89761,lstick_y,-28635
89761,rstick_y,-1052
89767,lstick_x,-17803
89767,lstick_y,-28635
89767,rstick_y,-1052
89770,lstick_x,-18052
89770,lstick_y,-28703
89770,rstick_y,-1052
89773,lstick_x,-18052
89773,lstick_y,-28703
89773,rstick_y,-1052
89781,lstick_x,-18052
89781,lstick_y,-28703
89781,rstick_y,-1052
89790,lstick_x,-18052
89790,lstick_y,-28703
89790,rstick_y,-1052
89794,lstick_x,-18251
89794,lstick_y,-28758
89794,rstick_y,-1052
89800,lstick_x,-18251
89800,lstick_y,-28758
89800,rstick_y,-1052
89805,lstick_x,-18251
89805,lstick_y,-28758
89805,rstick_y,-1052
89813,lstick_x,-18251
89813,lstick_y,-28758
89813,rstick_y,-1052
89826,lstick_x,-18251
89826,lstick_y,-28758
89826,rstick_y,-1052
89831,lstick_x,-18633
89831,lstick_y,-28503
89831,rstick_y,-1052
89836,lstick_x,-18633
89836,lstick_y,-28503
89836,rstick_y,-1052
89845,lstick_x,-18633
89845,lstick_y,-28503
89845,rstick_y,-1052
89853,lstick_x,-18633
89853,lstick_y,-28503
89853,rstick_y,-1052
89859,lstick_x,-18117
89859,lstick_y,-20070
89859,rstick_y,-1052
89862,lstick_x,-18117
89862,lstick_y,-20070
89862,rstick_y,-1052
89870,lstick_x,-18117
89870,lstick_y,-20070
89870,rstick_y,-1052
89878,lstick_x,-18117
89878,lstick_y,-20070
89878,rstick_y,-1052
89885,lstick_x,-16951
89885,lstick_y,-18983
89885,rstick_y,-1052
89888,lstick_x,-16951
89888,lstick_y,-18983
89888,rstick_y,-1052
89893,lstick_x,-16951
89893,lstick_y,-18983
89893,rstick_y,-1052
89901,lstick_x,-8376
89901,lstick_y,-9349
89901,rstick_y,-1052
89909,lstick_x,-7640
89909,lstick_y,-8361
89909,rstick_y,-1052
89917,lstick_x,-7640
89917,lstick_y,-8361
89917,rstick_y,-1052
89925,lstick_x,-7640
89925,lstick_y,-8361
89925,rstick_y,-1052
89937,lstick_x,-6399
89937,lstick_y,-1379
89937,rstick_y,-1052
89941,lstick_x,-5311
89941,lstick_y,-1240
89941,rstick_y,-1052
89946,lstick_x,-5311
89946,lstick_y,-1240
89946,rstick_y,-1052
89949,lstick_x,-5311
89949,lstick_y,-1240
89949,rstick_y,-1052
89953,lstick_x,-4417
89953,lstick_y,-1068
89953,rstick_y,-1052
89956,lstick_x,-4417
89956,lstick_y,-1068
89956,rstick_y,-1052
89965,lstick_x,-4417
89965,lstick_y,-1068
89965,rstick_y,-1052
89970,lstick_x,-3696
89970,rstick_y,-1052
89973,lstick_x,-3696
89973,rstick_y,-1052
89981,lstick_x,-3696
89981,rstick_y,-1052
89992,lstick_x,-3696
89992,rstick_y,-1052
89997,lstick_x,-3696
89997,rstick_y,-1052
90003,lstick_x,-3119
90003,rstick_y,-1052
90006,lstick_x,-2657
90006,rstick_y,-1052
90009,lstick_x,-2657
90009,rstick_y,-1052
90013,lstick_x,-2657
90013,rstick_y,-1052
90021,lstick_x,-2657
90021,rstick_y,-1052
90029,lstick_x,-2657
90029,rstick_y,-1052
90040,lstick_x,-2657
90040,rstick_y,-1052
90045,lstick_x,-1992
90045,rstick_y,-1052
90053,lstick_x,-1992
90053,rstick_y,-1052
90062,lstick_x,-1992
90062,rstick_y,-1052
90069,lstick_x,-1992
90069,rstick_y,-1052
90072,lstick_x,-1756
90072,rstick_y,-1052
90075,lstick_x,-1756
90075,rstick_y,-1052
90085,lstick_x,-1756
90085,rstick_y,-1052
90093,lstick_x,-1756
90093,rstick_y,-1052
90101,lstick_x,-1756
90101,rstick_y,-1052
90107,lstick_x,-1433
90107,rstick_y,-1052
90113,lstick_x,-1433
90113,rstick_y,-1052
90117,lstick_x,-1433
90117,rstick_y,-1052
90130,lstick_x,-1433
90130,rstick_y,-1052
90134,lstick_x,-1433
90134,rstick_y,-1052
90137,lstick_x,-1433
90137,rstick_y,-1052
90140,lstick_x,-3126
90140,lstick_y,-1271
90140,rstick_y,-1052
90153,lstick_x,-3126
90153,lstick_y,-1271
90153,rstick_y,-1052
90163,lstick_x,-3126
90163,lstick_y,-1271
90163,rstick_y,-1052
90173,lstick_x,-3126
90173,lstick_y,-1271
90173,rstick_y,-1052
90179,lstick_x,-14048
90179,lstick_y,-2350
90179,rstick_y,-1052
90189,lstick_x,-14048
90189,lstick_y,-2350
90189,rstick_y,-1052
90197,lstick_x,-14048
90197,lstick_y,-2350
90197,rstick_y,-1052
90203,lstick_x,-17305
90203,lstick_y,-4732
90203,rstick_y,-1052
90207,lstick_x,-17305
90207,lstick_y,-4732
90207,rstick_y,-1052
90213,lstick_x,-17305
90213,lstick_y,-4732
90213,rstick_y,-1052
90221,lstick_x,-17305
90221,lstick_y,-4732
90221,rstick_y,-1052
90230,lstick_x,-17305
90230,lstick_y,-4732
90230,rstick_y,-1052
90238,lstick_x,-17305
90238,lstick_y,-4732
90238,rstick_y,-1052
90242,lstick_x,-18852
90242,lstick_y,-6633
90242,rstick_y,-1052
90245,lstick_x,-18852
90245,lstick_y,-6633
90245,rstick_y,-1052
90254,lstick_x,-18553
90254,lstick_y,-7664
90254,rstick_y,-1052
90264,lstick_x,-18553
90264,lstick_y,-7664
90264,rstick_y,-1052
90269,lstick_x,-18553
90269,lstick_y,-7664
90269,rstick_y,-1052
90272,lstick_x,-18553
90272,lstick_y,-7664
90272,rstick_y,-1052
90276,lstick_x,-17359
90276,lstick_y,-8610
90276,rstick_y,-1052
90287,lstick_x,-17359
90287,lstick_y,-8610
90287,rstick_y,-1052
90295,lstick_x,-17359
90295,lstick_y,-8610
90295,rstick_y,-1052
90306,lstick_x,-17359
90306,lstick_y,-8610
90306,rstick_y,-1052
90313,lstick_x,-8311
90313,lstick_y,-9736
90313,rstick_y,-1052
90317,lstick_x,-8311
90317,lstick_y,-9736
90317,rstick_y,-1052
90328,lstick_x,-8311
90328,lstick_y,-9736
90328,rstick_y,-1052
90333,lstick_x,-8311
90333,lstick_y,-9736
90333,rstick_y,-1052
90336,lstick_y,-1033
90336,rstick_y,-1052
90339,rstick_y,-1052
90351,rstick_y,-1052
90362,rstick_y,-1052
90373,rstick_y,-1052
90376,rstick_y,-1052
90380,rstick_y,-1052
90389,rstick_y,-1052
90398,rstick_y,-1052
90403,rstick_y,-1052
90406,rstick_y,-1052
90422,rstick_y,-1052
90431,rstick_y,-1052
90437,rstick_y,-1052
90440,rtrigger,24543
90440,rstick_y,-1052
90445,rtrigger,32767
90445,rstick_y,-1052
90453,rtrigger,32767
90453,rstick_y,-1052
90462,rtrigger,32767
90462,rstick_y,-1052
90469,rtrigger,32767
90469,rstick_y,-1052
90472,rtrigger,32767
90472,rstick_y,-1052
90476,rtrigger,32767
90476,rstick_y,-1052
90485,rtrigger,32767
90485,rstick_y,-1052
90502,rtrigger,32767
90502,rstick_y,-1052
90506,rtrigger,32767
90506,rstick_y,-1052
90509,rtrigger,32767
90509,rstick_y,-1052
90517,rtrigger,32767
90517,rstick_y,-1052
90526,rtrigger,32767
90526,rstick_y,-1052
90533,rtrigger,32767
90533,rstick_y,-1052
90538,rtrigger,32767
90538,rstick_y,-1052
90541,rtrigger,32767
90541,rstick_y,-1052
90552,rtrigger,32767
90552,rstick_y,-1052
90557,rtrigger,32767
90557,rstick_y,-1052
90565,rtrigger,32767
90565,rstick_y,-1052
90573,rtrigger,32767
90573,rstick_y,-1052
90578,rtrigger,32767
90578,lstick_x,1347
90578,rstick_y,-1052
90581,rtrigger,32767
90581,lstick_x,1347
90581,rstick_y,-1052
90589,rtrigger,32767
90589,lstick_x,1347
90589,rstick_y,-1052
90600,rtrigger,32767
90600,lstick_x,1347
90600,rstick_y,-1052
90603,rtrigger,32767
90603,lstick_x,1347
90603,rstick_y,-1052
90607,rtrigger,32767
90607,lstick_x,9483
90607,rstick_y,-1052
90613,rtrigger,32767
90613,lstick_x,9483
90613,rstick_y,-1052
90621,rtrigger,32767
90621,lstick_x,9483
90621,rstick_y,-1052
90629,rtrigger,32767
90629,lstick_x,9483
90629,rstick_y,-1052
90637,rtrigger,32767
90637,lstick_x,9483
90637,rstick_y,-1052
90644,rtrigger,32767
90644,lstick_x,10005
90644,rstick_y,-1052
90653,rtrigger,32767
90653,lstick_x,10005
90653,rstick_y,-1052
90661,rtrigger,32767
90661,lstick_x,10005
90661,rstick_y,-1052
90669,rtrigger,32767
90669,lstick_x,10005
90669,rstick_y,-1052
90672,rtrigger,32767
90672,lstick_x,10005
90672,rstick_y,-1052
90676,rtrigger,32767
90676,lstick_x,10005
90676,rstick_y,-1052
90687,rtrigger,32767
90687,lstick_x,10005
90687,rstick_y,-1052
90693,rtrigger,32767
90693,lstick_x,10005
90693,rstick_y,-1052
90701,rtrigger,32767
90701,lstick_x,10005
90701,rstick_y,-1052
90707,rtrigger,32767
90707,lstick_x,10005
90707,rstick_y,-1052
90711,rtrigger,32767
90711,lstick_x,2001
90711,rstick_y,-1052
90717,rtrigger,32767
90717,lstick_x,2001
90717,rstick_y,-1052
90728,rtrigger,32767
90728,lstick_x,2001
90728,rstick_y,-1052
90733,rtrigger,32767
90733,lstick_x,2001
90733,rstick_y,-1052
90736,rtrigger,32767
90736,lstick_x,1638
90736,lstick_y,1112
90736,rstick_y,-1052
90740,rtrigger,32767
90740,lstick_x,1638
90740,lstick_y,1112
90740,rstick_y,-1052
90750,rtrigger,32767
90750,lstick_x,1521
90750,lstick_y,1248
90750,rstick_y,-1052
90757,rtrigger,32767
90757,lstick_x,1521
90757,lstick_y,1248
90757,rstick_y,-1052
90766,rtrigger,32767
90766,lstick_x,1521
90766,lstick_y,1248
90766,rstick_y,-1052
90773,rtrigger,32767
90773,lstick_x,1521
90773,lstick_y,1248
90773,rstick_y,-1052
90778,rtrigger,32767
90778,lstick_x,1341
90778,lstick_y,1394
90778,rstick_y,-1052
90781,rtrigger,32767
90781,lstick_x,1341
90781,lstick_y,1394
90781,rstick_y,-1052
90789,rtrigger,32767
90789,lstick_x,1341
90789,lstick_y,1394
90789,rstick_y,-1052
90797,rtrigger,32767
90797,lstick_x,1341
90797,lstick_y,1394
90797,rstick_y,-1052
90803,rtrigger,32767
90803,lstick_x,1341
90803,lstick_y,1394
90803,rstick_y,-1052
90807,rtrigger,32767
90807,lstick_x,1341
90807,lstick_y,1394
90807,rstick_y,-1052
90813,rtrigger,32767
90813,lstick_x,1341
90813,lstick_y,1394
90813,rstick_y,-1052
90821,rtrigger,32767
90821,lstick_x,1341
90821,lstick_y,1394
90821,rstick_y,-1052
90829,rtrigger,32767
90829,lstick_x,1341
90829,lstick_y,1394
90829,rstick_y,-1052
90837,rtrigger,32767
90837,lstick_x,1341
90837,lstick_y,1394
90837,rstick_y,-1052
90842,rtrigger,32767
90842,lstick_x,1226
90842,lstick_y,1440
90842,rstick_y,-1052
90845,rtrigger,32767
90845,lstick_x,1226
90845,lstick_y,1440
90845,rstick_y,-1052
90853,rtrigger,32767
90853,lstick_x,1226
90853,lstick_y,1440
90853,rstick_y,-1052
90861,rtrigger,32767
90861,lstick_x,1226
90861,lstick_y,1440
90861,rstick_y,-1052
90869,rtrigger,32767
90869,lstick_x,1226
90869,lstick_y,1440
90869,rstick_y,-1052
90872,rtrigger,32767
90872,lstick_x,2320
90872,lstick_y,1440
90872,rstick_y,-1052
90894,rtrigger,32767
90894,lstick_x,2320
90894,lstick_y,1440
90894,rstick_y,-1052
90901,rtrigger,32767
90901,lstick_x,2320
90901,lstick_y,1440
90901,rstick_y,-1052
90906,rtrigger,32767
90906,lstick_x,2320
90906,lstick_y,1440
90906,rstick_y,-1052
90909,rtrigger,32767
90909,lstick_x,2320
90909,lstick_y,1440
90909,rstick_y,-1052
90917,rtrigger,32767
90917,lstick_x,2320
90917,lstick_y,1440
90917,rstick_y,-1052
90930,rtrigger,32767
90930,lstick_x,2320
90930,lstick_y,1440
90930,rstick_y,-1052
90940,rtrigger,32767
90940,lstick_x,2320
90940,lstick_y,1440
90940,rstick_y,-1052
90949,rtrigger,32767
90949,lstick_x,2320
90949,lstick_y,1440
90949,rstick_y,-1052
90957,rtrigger,32767
90957,lstick_x,2320
90957,lstick_y,1440
90957,rstick_y,-1052
90966,rtrigger,32767
90966,lstick_x,2320
90966,lstick_y,1440
90966,rstick_y,-1052
90970,rtrigger,32767
90970,lstick_x,23920
90970,lstick_y,-1921
90970,rstick_y,-1052
90981,rtrigger,32767
90981,lstick_x,23920
90981,lstick_y,-1921
90981,rstick_y,-1052
90989,rtrigger,32767
90989,lstick_x,23920
90989,lstick_y,-1921
90989,rstick_y,-1052
90998,rtrigger,32767
90998,lstick_x,24741
90998,lstick_y,-2472
90998,rstick_y,-1052
91012,rtrigger,32767
91012,lstick_x,24741
91012,lstick_y,-2472
91012,rstick_y,-1052
91020,rtrigger,32767
91020,lstick_x,23836
91020,lstick_y,-2825
91020,rstick_y,-1052
91023,rtrigger,32767
91023,lstick_x,23836
91023,lstick_y,-2825
91023,rstick_y,-1052
91026,rtrigger,32767
91026,lstick_x,23836
91026,lstick_y,-2825
91026,rstick_y,-1052
91029,rtrigger,32767
91029,lstick_x,23836
91029,lstick_y,-2825
91029,rstick_y,-1052
91038,rtrigger,32767
91038,lstick_x,23836
91038,lstick_y,-2825
91038,rstick_y,-1052
91044,rtrigger,32767
91044,lstick_x,23836
91044,lstick_y,-2825
91044,rstick_y,-1052
91053,rtrigger,32767
91053,lstick_x,23836
91053,lstick_y,-2825
91053,rstick_y,-1052
91057,rtrigger,32767
91057,lstick_x,23836
91057,lstick_y,-2825
91057,rstick_y,-1052
91061,rtrigger,32767
91061,lstick_x,23836
91061,lstick_y,-2825
91061,rstick_y,-1052
91064,rtrigger,32767
91064,lstick_x,23836
91064,lstick_y,-2825
91064,rstick_y,-1052
91069,rtrigger,32767
91069,lstick_x,23836
91069,lstick_y,-2825
91069,rstick_y,-1052
91073,rtrigger,32767
91073,lstick_x,23836
91073,lstick_y,-2825
91073,rstick_y,-1052
91077,rtrigger,32767
91077,lstick_x,23836
91077,lstick_y,-2825
91077,rstick_y,-1052
91085,rtrigger,32767
91085,lstick_x,23836
91085,lstick_y,-2825
91085,rstick_y,-1052
91088,rtrigger,32767
91088,lstick_x,6445
91088,lstick_y,-1999
91088,rstick_y,-1052
91096,rtrigger,32767
91096,lstick_x,6445
91096,lstick_y,-1999
91096,rstick_y,-1052
91101,rtrigger,32767
91101,lstick_x,6445
91101,lstick_y,-1999
91101,rstick_y,-1052
91104,rtrigger,32767
91104,lstick_x,3949
91104,rstick_y,-1052
91109,rtrigger,32767
91109,lstick_x,3949
91109,rstick_y,-1052
91117,rtrigger,32767
91117,lstick_x,3949
91117,rstick_y,-1052
91125,rtrigger,32767
91125,lstick_x,3949
91125,rstick_y,-1052
91133,rtrigger,32767
91133,lstick_x,3949
91133,rstick_y,-1052
91136,rtrigger,32767
91136,lstick_x,2882
91136,rstick_y,-1052
91140,rtrigger,32767
91140,lstick_x,2882
91140,rstick_y,-1052
91150,rtrigger,32767
91150,lstick_x,2882
91150,rstick_y,-1052
91167,rtrigger,32767
91167,lstick_x,2882
91167,rstick_y,-1052
91173,rtrigger,32767
91173,lstick_x,2882
91173,rstick_y,-1052
91177,rtrigger,32767
91177,lstick_x,2882
91177,rstick_y,-1052
91179,rtrigger,32767
91179,lstick_x,2882
91179,rstick_y,-1052
91189,rtrigger,32767
91189,lstick_x,2882
91189,rstick_y,-1052
91197,rtrigger,32767
91197,lstick_x,2882
91197,rstick_y,-1052
91205,rtrigger,32767
91205,lstick_x,2882
91205,rstick_y,-1052
91209,rtrigger,32767
91209,lstick_x,1073
91209,rstick_y,-1052
91213,rtrigger,32767
91213,lstick_x,1073
91213,rstick_y,-1052
91221,rtrigger,32767
91221,lstick_x,1073
91221,rstick_y,-1052
91229,rtrigger,32767
91229,lstick_x,1073
91229,rstick_y,-1052
91237,rtrigger,32767
91237,lstick_x,1073
91237,rstick_y,-1052
91245,rtrigger,32767
91245,rstick_y,-1052
91253,rtrigger,32767
91253,rstick_y,-1052
91261,rtrigger,32767
91261,rstick_y,-1052
91270,rtrigger,32767
91270,rstick_y,-1052
91277,rtrigger,32767
91277,rstick_y,-1052
91285,rtrigger,32767
91285,rstick_y,-1052
91288,rtrigger,32767
91288,rstick_y,-1052
91292,rtrigger,32767
91292,rstick_y,-1052
91295,rtrigger,32767
91295,rstick_y,-1052
91305,rtrigger,32767
91305,rstick_y,-1052
91311,rtrigger,32767
91311,rstick_y,-1052
91322,rtrigger,32767
91322,rstick_y,-1052
91325,rtrigger,32767
91325,rstick_y,-1052
91330,rtrigger,32767
91330,rstick_y,-1052
91333,rtrigger,32767
91333,rstick_y,-1052
91345,rtrigger,32767
91345,rstick_y,-1052
91358,rtrigger,32767
91358,rstick_y,-1052
91365,rtrigger,32767
91365,rstick_y,-1052
91370,rtrigger,32767
91370,rstick_y,-1052
91375,rtrigger,32767
91375,rstick_y,-1052
91383,rtrigger,32767
91383,rstick_y,-1052
91387,rtrigger,32767
91387,rstick_y,-1052
91398,rtrigger,32767
91398,rstick_y,-1052
91403,rtrigger,32767
91403,rstick_y,-1052
91415,rtrigger,32767
91415,rstick_y,-1052
91421,rtrigger,32767
91421,rstick_y,-1052
91429,rtrigger,32767
91429,rstick_y,-1052
91436,rtrigger,32767
91436,lstick_x,-1062
91436,rstick_y,-1052
91440,rtrigger,32767
91440,lstick_x,-1062
91440,rstick_y,-1052
91454,rtrigger,32767
91454,lstick_x,-1062
91454,rstick_y,-1052
91467,rtrigger,32767
91467,lstick_x,-1062
91467,rstick_y,-1052
91471,rtrigger,32767
91471,lstick_x,-1062
91471,rstick_y,-1052
91478,rtrigger,32767
91478,lstick_x,-2047
91478,rstick_y,-1052
91485,rtrigger,32767
91485,lstick_x,-2047
91485,rstick_y,-1052
91493,rtrigger,32767
91493,lstick_x,-2047
91493,rstick_y,-1052
91501,rtrigger,32767
91501,lstick_x,-2047
91501,rstick_y,-1052
91510,rtrigger,32767
91510,lstick_x,-2047
91510,rstick_y,-1052
91513,rtrigger,32767
91513,lstick_x,-2047
91513,rstick_y,-1052
91517,rtrigger,32767
91517,lstick_x,-2047
91517,rstick_y,-1052
91519,rtrigger,32767
91519,lstick_x,-2047
91519,rstick_y,-1052
91523,rtrigger,32767
91523,lstick_x,-10183
91523,rstick_y,-1052
91525,rtrigger,32767
91525,lstick_x,-10183
91525,rstick_y,-1052
91530,rtrigger,32767
91530,lstick_x,-10183
91530,rstick_y,-1052
91535,rtrigger,32767
91535,lstick_x,-10183
91535,rstick_y,-1052
91541,rtrigger,32767
91541,lstick_x,-10183
91541,rstick_y,-1052
91551,rtrigger,32767
91551,lstick_x,-10183
91551,rstick_y,-1052
91557,rtrigger,32767
91557,lstick_x,-18958
91557,rstick_y,-1052
91563,rtrigger,32767
91563,lstick_x,-18958
91563,rstick_y,-1052
91573,rtrigger,32767
91573,lstick_x,-19722
91573,lstick_y,1177
91573,rstick_y,-1052
91578,rtrigger,32767
91578,lstick_x,-19722
91578,lstick_y,1177
91578,rstick_y,-1052
91581,rtrigger,32767
91581,lstick_x,-19722
91581,lstick_y,1177
91581,rstick_y,-1052
91589,rtrigger,32767
91589,lstick_x,-19722
91589,lstick_y,1177
91589,rstick_y,-1052
91598,rtrigger,32767
91598,lstick_x,-19722
91598,lstick_y,1177
91598,rstick_y,-1052
91603,rtrigger,32767
91603,lstick_x,-19722
91603,lstick_y,1177
91603,rstick_y,-1052
91606,rtrigger,32767
91606,lstick_x,-19722
91606,lstick_y,1177
91606,rstick_y,-1052
91609,rtrigger,32767
91609,lstick_x,-19722
91609,lstick_y,1177
91609,rstick_y,-1052
91613,rtrigger,32767
91613,lstick_x,-19722
91613,lstick_y,1177
91613,rstick_y,-1052
91629,rtrigger,32767
91629,lstick_x,-19722
91629,lstick_y,1177
91629,rstick_y,-1052
91639,rtrigger,32767
91639,lstick_x,-19722
91639,lstick_y,1177
91639,rstick_y,-1052
91643,rtrigger,32767
91643,lstick_x,-29109
91643,lstick_y,3458
91643,rstick_y,-1052
91647,rtrigger,32767
91647,lstick_x,-29109
91647,lstick_y,3458
91647,rstick_y,-1052
91653,rtrigger,32767
91653,lstick_x,-29109
91653,lstick_y,3458
91653,rstick_y,-1052
91662,rtrigger,32767
91662,lstick_x,-29109
91662,lstick_y,3458
91662,rstick_y,-1052
91669,rtrigger,32767
91669,lstick_x,-29109
91669,lstick_y,3458
91669,rstick_y,-1052
91679,rtrigger,32767
91679,lstick_x,-29109
91679,lstick_y,3458
91679,rstick_y,-1052
91685,rtrigger,32767
91685,lstick_x,-29109
91685,lstick_y,3458
91685,rstick_y,-1052
91688,rtrigger,32767
91688,lstick_x,-28367
91688,lstick_y,3895
91688,rstick_y,-1052
91691,rtrigger,32767
91691,lstick_x,-28367
91691,lstick_y,3895
91691,rstick_y,-1052
91704,rtrigger,32767
91704,lstick_x,-28367
91704,lstick_y,3895
91704,rstick_y,-1052
91714,rtrigger,32767
91714,lstick_x,-28367
91714,lstick_y,3895
91714,rstick_y,-1052
91721,rtrigger,32767
91721,lstick_x,-28367
91721,lstick_y,3895
91721,rstick_y,-1052
91724,rtrigger,32767
91724,lstick_x,-28367
91724,lstick_y,3895
91724,rstick_y,-1052
91727,rtrigger,32767
91727,lstick_x,-28367
91727,lstick_y,3895
91727,rstick_y,-1052
91730,rtrigger,32767
91730,lstick_x,-17356
91730,lstick_y,2496
91730,rstick_y,-1052
91741,rtrigger,32767
91741,lstick_x,-17356
91741,lstick_y,2496
91741,rstick_y,-1052
91749,rtrigger,32767
91749,lstick_x,-17356
91749,lstick_y,2496
91749,rstick_y,-1052
91761,rtrigger,32767
91761,lstick_x,-17356
91761,lstick_y,2496
91761,rstick_y,-1052
91765,rtrigger,32767
91765,lstick_x,-17356
91765,lstick_y,2496
91765,rstick_y,-1052
91770,rtrigger,32767
91770,lstick_x,-4658
91770,rstick_y,-1052
91773,rtrigger,32767
91773,lstick_x,-4658
91773,rstick_y,-1052
91776,rtrigger,32767
91776,lstick_x,-4658
91776,rstick_y,-1052
91784,rtrigger,32767
91784,lstick_x,-4658
91784,rstick_y,-1052
91790,rtrigger,32767
91790,lstick_x,-4658
91790,rstick_y,-1052
91803,rtrigger,32767
91803,lstick_x,-4658
91803,rstick_y,-1052
91810,rtrigger,32767
91810,lstick_x,-3369
91810,rstick_y,-1052
91813,rtrigger,32767
91813,lstick_x,-3369
91813,rstick_y,-1052
91821,rtrigger,32767
91821,lstick_x,-3369
91821,rstick_y,-1052
91831,rtrigger,32767
91831,lstick_x,-3369
91831,rstick_y,-1052
91854,rtrigger,32767
91854,lstick_x,-3369
91854,rstick_y,-1052
91860,rtrigger,32767
91860,lstick_x,-2138
91860,rstick_y,-1052
91869,rtrigger,32767
91869,lstick_x,-2138
91869,rstick_y,-1052
91875,rtrigger,32767
91875,lstick_x,-2138
91875,rstick_y,-1052
91882,rtrigger,32767
91882,lstick_x,-2138
91882,rstick_y,-1052
91885,rtrigger,32767
91885,lstick_x,-2138
91885,rstick_y,-1052
91887,rtrigger,32767
91887,lstick_x,-1655
91887,lstick_y,-1104
91887,rstick_y,-1052
91895,rtrigger,32767
91895,lstick_x,-1655
91895,lstick_y,-1104
91895,rstick_y,-1052
91904,rtrigger,32767
91904,lstick_x,-1480
91904,lstick_y,-1150
91904,rstick_y,-1052
91910,rtrigger,32767
91910,lstick_x,-1480
91910,lstick_y,-1150
91910,rstick_y,-1052
91917,rtrigger,32767
91917,lstick_x,-1480
91917,lstick_y,-1150
91917,rstick_y,-1052
91927,rtrigger,32767
91927,lstick_x,-1480
91927,lstick_y,-1150
91927,rstick_y,-1052
91933,rtrigger,32767
91933,lstick_x,-1480
91933,lstick_y,-1150
91933,rstick_y,-1052
91937,rtrigger,32767
91937,lstick_x,-1480
91937,lstick_y,-1150
91937,rstick_y,-1052
91945,rtrigger,32767
91945,lstick_x,-1480
91945,lstick_y,-1150
91945,rstick_y,-1052
91949,rtrigger,32767
91949,lstick_x,-1480
91949,lstick_y,-1150
91949,rstick_y,-1052
91959,rtrigger,32767
91959,lstick_x,-1480
91959,lstick_y,-1150
91959,rstick_y,-1052
91963,rtrigger,32767
91963,lstick_x,-1139
91963,lstick_y,-1150
91963,rstick_y,-1052
91969,rtrigger,32767
91969,lstick_x,-1139
91969,lstick_y,-1150
91969,rstick_y,-1052
91972,rtrigger,32767
91972,lstick_y,-1150
91972,rstick_y,-1052
91975,rtrigger,32767
91975,lstick_y,-1150
91975,rstick_y,-1052
91983,rtrigger,32767
91983,lstick_y,-1150
91983,rstick_y,-1052
91990,rtrigger,32767
91990,lstick_y,-1150
91990,rstick_y,-1052
91996,rtrigger,32767
91996,lstick_y,-1150
91996,rstick_y,-1052
92003,rtrigger,32767
92003,lstick_y,-1150
92003,rstick_y,-1052
92014,rtrigger,32767
92014,lstick_y,-1150
92014,rstick_y,-1052
92022,rtrigger,32767
92022,lstick_y,-1150
92022,rstick_y,-1052
92029,rtrigger,32767
92029,lstick_y,-1150
92029,rstick_y,-1052
92045,rtrigger,32767
92045,lstick_y,-1150
92045,rstick_y,-1052
92053,rtrigger,32767
92053,lstick_y,-1150
92053,rstick_y,-1052
92055,rtrigger,32767
92055,rstick_y,-1052
92059,rtrigger,32767
92059,rstick_y,-1052
92069,rtrigger,32767
92069,rstick_y,-1052
92077,rtrigger,32767
92077,rstick_y,-1052
92080,rtrigger,32767
92080,rstick_y,-1052
92085,rtrigger,32767
92085,rstick_y,-1052
92089,rtrigger,32767
92089,rstick_y,-1052
92093,rtrigger,32767
92093,rstick_y,-1052
92102,rtrigger,32767
92102,rstick_y,-1052
92109,rtrigger,32767
92109,rstick_y,-1052
92118,rtrigger,32767
92118,rstick_y,-1052
92125,rtrigger,32767
92125,rstick_y,-1052
92133,rtrigger,32767
92133,rstick_y,-1052
92136,rtrigger,32767
92136,rstick_y,-1052
92140,rtrigger,32767
92140,rstick_y,-1052
92154,rtrigger,32767
92154,rstick_y,-1052
92161,rtrigger,32767
92161,rstick_y,-1052
92164,rtrigger,32767
92164,rstick_y,-1052
92170,rtrigger,32767
92170,rstick_y,-1052
92182,rtrigger,32767
92182,rstick_y,-1052
92189,rtrigger,32767
92189,rstick_y,-1052
92210,rtrigger,32767
92210,rstick_y,-1052
92220,rtrigger,32767
92220,rstick_y,-1052
92223,rtrigger,32767
92223,rstick_y,-1052
92237,rtrigger,32767
92237,rstick_y,-1052
92246,rtrigger,32767
92246,rstick_y,-1052
92253,rtrigger,32767
92253,rstick_y,-1052
92261,rtrigger,32767
92261,rstick_y,-1052
92293,rtrigger,32767
92293,rstick_y,-1052
92301,rtrigger,32767
92301,rstick_y,-1052
92305,rtrigger,32767
92305,lstick_x,1723
92305,rstick_y,-1052
92309,rtrigger,32767
92309,lstick_x,1723
92309,rstick_y,-1052
92320,rtrigger,32767
92320,lstick_x,1723
92320,rstick_y,-1052
92328,rtrigger,32767
92328,lstick_x,1723
92328,rstick_y,-1052
92334,rtrigger,32767
92334,lstick_x,1723
92334,rstick_y,-1052
92336,rtrigger,32767
92336,lstick_x,1723
92336,rstick_y,-1052
92342,rtrigger,32767
92342,lstick_x,1723
92342,rstick_y,-1052
92349,rtrigger,32767
92349,lstick_x,1723
92349,rstick_y,-1052
92361,rtrigger,32767
92361,lstick_x,1723
92361,rstick_y,-1052
92367,rtrigger,32767
92367,lstick_x,1723
92367,rstick_y,-1052
92376,rtrigger,32767
92376,lstick_x,1723
92376,rstick_y,-1052
92380,rtrigger,32767
92380,lstick_x,29020
92380,rstick_y,-1052
92386,rtrigger,32767
92386,lstick_x,29020
92386,rstick_y,-1052
92390,rtrigger,32767
92390,lstick_x,29020
92390,rstick_y,-1052
92393,rtrigger,32767
92393,lstick_x,29565
92393,rstick_y,-1052
92397,rtrigger,32767
92397,lstick_x,29565
92397,rstick_y,-1052
92405,rtrigger,32767
92405,lstick_x,29565
92405,rstick_y,-1052
92413,rtrigger,32767
92413,lstick_x,29565
92413,rstick_y,-1052
92420,rtrigger,32767
92420,lstick_x,32767
92420,lstick_y,1088
92420,rstick_y,-1052
92429,rtrigger,32767
92429,lstick_x,32767
92429,lstick_y,1088
92429,rstick_y,-1052
92442,rtrigger,32767
92442,lstick_x,32767
92442,lstick_y,1088
92442,rstick_y,-1052
92445,rtrigger,32767
92445,lstick_x,32767
92445,lstick_y,1088
92445,rstick_y,-1052
92454,rtrigger,32767
92454,lstick_x,32767
92454,lstick_y,1088
92454,rstick_y,-1052
92461,rtrigger,32767
92461,lstick_x,32767
92461,lstick_y,1088
92461,rstick_y,-1052
92469,rtrigger,32767
92469,lstick_x,32767
92469,lstick_y,1088
92469,rstick_y,-1052
92471,rtrigger,32767
92471,lstick_x,32767
92471,lstick_y,1248
92471,rstick_y,-1052
92476,rtrigger,32767
92476,lstick_x,32767
92476,lstick_y,1248
92476,rstick_y,-1052
92485,rtrigger,32767
92485,lstick_x,32767
92485,lstick_y,1248
92485,rstick_y,-1052
92493,rtrigger,32767
92493,lstick_x,32767
92493,lstick_y,1248
92493,rstick_y,-1052
92497,rtrigger,32767
92497,lstick_x,32767
92497,lstick_y,1358
92497,rstick_y,-1052
92502,rtrigger,32767
92502,lstick_x,32767
92502,lstick_y,1358
92502,rstick_y,-1052
92507,rtrigger,32767
92507,lstick_x,32767
92507,lstick_y,1358
92507,rstick_y,-1052
92530,rtrigger,32767
92530,lstick_x,32767
92530,lstick_y,1358
92530,rstick_y,-1052
92543,rtrigger,32767
92543,lstick_x,32767
92543,lstick_y,1358
92543,rstick_y,-1052
92546,rtrigger,32767
92546,lstick_x,32767
92546,lstick_y,1358
92546,rstick_y,-1052
92554,rtrigger,32767
92554,lstick_x,32767
92554,lstick_y,1358
92554,rstick_y,-1052
92563,rtrigger,32767
92563,lstick_x,32767
92563,lstick_y,1358
92563,rstick_y,-1052
92570,rtrigger,32767
92570,lstick_x,32767
92570,lstick_y,1358
92570,rstick_y,-1052
92573,rtrigger,32767
92573,lstick_x,32767
92573,lstick_y,1358
92573,rstick_y,-1052
92579,rtrigger,32767
92579,lstick_x,32767
92579,lstick_y,1358
92579,rstick_y,-1052
92585,rtrigger,32767
92585,lstick_x,32767
92585,lstick_y,1358
92585,rstick_y,-1052
92592,rtrigger,32767
92592,lstick_x,32767
92592,lstick_y,1358
92592,rstick_y,-1052
92595,rtrigger,32767
92595,lstick_x,1320
92595,lstick_y,2784
92595,rstick_y,-1052
92599,rtrigger,32767
92599,lstick_x,1320
92599,lstick_y,2784
92599,rstick_y,-1052
92609,rtrigger,32767
92609,lstick_x,1320
92609,lstick_y,2784
92609,rstick_y,-1052
92613,rtrigger,32767
92613,lstick_y,2306
92613,rstick_y,-1052
92621,rtrigger,32767
92621,lstick_y,2306
92621,rstick_y,-1052
92626,rtrigger,32767
92626,lstick_y,2137
92626,rstick_y,-1052
92632,rtrigger,32767
92632,lstick_y,2137
92632,rstick_y,-1052
92637,rtrigger,32767
92637,lstick_y,1984
92637,rstick_y,-1052
92643,rtrigger,32767
92643,lstick_y,1984
92643,rstick_y,-1052
92648,rtrigger,32767
92648,lstick_y,1984
92648,rstick_y,-1052
92653,rtrigger,32767
92653,lstick_y,1984
92653,rstick_y,-1052
92657,rtrigger,32767
92657,lstick_y,1984
92657,rstick_y,-1052
92661,rtrigger,32767
92661,lstick_y,1984
92661,rstick_y,-1052
92669,rtrigger,32767
92669,lstick_y,1984
92669,rstick_y,-1052
92683,rtrigger,32767
92683,lstick_y,1984
92683,rstick_y,-1052
92697,rtrigger,32767
92697,lstick_y,1984
92697,rstick_y,-1052
92701,rtrigger,32767
92701,lstick_y,1984
92701,rstick_y,-1052
92704,rtrigger,32767
92704,lstick_y,1598
92704,rstick_y,-1052
92709,rtrigger,32767
92709,lstick_y,1598
92709,rstick_y,-1052
92713,rtrigger,29151
92713,lstick_y,1421
92713,rstick_y,-1052
92717,rtrigger,29151
92717,lstick_y,1421
92717,rstick_y,-1052
92720,rtrigger,29151
92720,lstick_y,1421
92720,rstick_y,-1052
92724,rtrigger,9695
92724,lstick_y,1352
92724,rstick_y,-1052
92733,rtrigger,9695
92733,lstick_y,1352
92733,rstick_y,-1052
92743,rtrigger,9695
92743,lstick_y,1352
92743,rstick_y,-1052
92751,rtrigger,9695
92751,lstick_y,1352
92751,rstick_y,-1052
92757,lstick_y,1303
92757,rstick_y,-1052
92765,lstick_y,1303
92765,rstick_y,-1052
92785,lstick_y,1303
92785,rstick_y,-1052
92794,lstick_y,1303
92794,rstick_y,-1052
92797,lstick_y,1303
92797,rstick_y,-1052
92803,lstick_y,1303
92803,rstick_y,-1052
92809,lstick_y,1303
92809,rstick_y,-1052
92813,lstick_y,1303
92813,rstick_y,-1052
92822,lstick_y,1303
92822,rstick_y,-1052
92829,lstick_x,8872
92829,lstick_y,10197
92829,rstick_y,-1052
92837,lstick_x,10677
92837,lstick_y,11629
92837,rstick_y,-1052
92840,lstick_x,10677
92840,lstick_y,11629
92840,rstick_y,-1052
92845,lstick_x,10677
92845,lstick_y,11629
92845,rstick_y,-1052
92853,lstick_x,17582
92853,lstick_y,18374
92853,rstick_y,-1052
92859,lstick_x,17943
92859,lstick_y,18937
92859,rstick_y,-1052
92869,lstick_x,17943
92869,lstick_y,18937
92869,rstick_y,-1052
92874,lstick_x,17943
92874,lstick_y,18937
92874,rstick_y,-1052
92877,lstick_x,17943
92877,lstick_y,18937
92877,rstick_y,-1052
92888,lstick_x,17943
92888,lstick_y,18937
92888,rstick_y,-1052
92894,lstick_x,17943
92894,lstick_y,18937
92894,rstick_y,-1052
92903,lstick_x,17943
92903,lstick_y,18937
92903,rstick_y,-1052
92910,lstick_x,17943
92910,lstick_y,18937
92910,rstick_y,-1052
92917,lstick_x,17943
92917,lstick_y,18937
92917,rstick_y,-1052
92920,lstick_x,21299
92920,lstick_y,21308
92920,rstick_y,-1052
92926,lstick_x,21299
92926,lstick_y,21308
92926,rstick_y,-1052
92936,lstick_x,21299
92936,lstick_y,21308
92936,rstick_y,-1052
92941,lstick_x,22803
92941,lstick_y,22280
92941,rstick_y,-1052
92945,lstick_x,22803
92945,lstick_y,22280
92945,rstick_y,-1052
92949,lstick_x,22803
92949,lstick_y,22280
92949,rstick_y,-1052
92953,lstick_x,23341
92953,lstick_y,22620
92953,rstick_y,-1052
92957,lstick_x,23341
92957,lstick_y,22620
92957,rstick_y,-1052
92960,lstick_x,23341
92960,lstick_y,22620
92960,rstick_y,-1052
92965,lstick_x,23341
92965,lstick_y,22620
92965,rstick_y,-1052
92971,lstick_x,23807
92971,lstick_y,22874
92971,rstick_y,-1052
92976,lstick_x,23807
92976,lstick_y,22874
92976,rstick_y,-1052
92982,lstick_x,23807
92982,lstick_y,22874
92982,rstick_y,-1052
92986,lstick_x,23807
92986,lstick_y,22874
92986,rstick_y,-1052
92992,lstick_x,23807
92992,lstick_y,22874
92992,rstick_y,-1052
92995,lstick_x,23807
92995,lstick_y,22874
92995,rstick_y,-1052
92998,lstick_x,23807
92998,lstick_y,22874
92998,rstick_y,-1052
93005,lstick_x,23807
93005,lstick_y,22874
93005,rstick_y,-1052
93013,lstick_x,23807
93013,lstick_y,22874
93013,rstick_y,-1052
93021,lstick_x,23807
93021,lstick_y,22874
93021,rstick_y,-1052
93025,lstick_x,23807
93025,lstick_y,22874
93025,rstick_y,-1052
93030,lstick_x,23807
93030,lstick_y,22874
93030,rstick_y,-1052
93036,lstick_x,25536
93036,lstick_y,22908
93036,rstick_y,-1052
93044,lstick_x,25536
93044,lstick_y,22908
93044,rstick_y,-1052
93048,lstick_x,25536
93048,lstick_y,22908
93048,rstick_y,-1052
93053,lstick_x,25536
93053,lstick_y,22908
93053,rstick_y,-1052
93061,lstick_x,26292
93061,lstick_y,22560
93061,rstick_y,-1052
93069,lstick_x,26292
93069,lstick_y,22560
93069,rstick_y,-1052
93077,lstick_x,26292
93077,lstick_y,22560
93077,rstick_y,-1052
93081,lstick_x,26719
93081,lstick_y,22290
93081,rstick_y,-1052
93085,lstick_x,26719
93085,lstick_y,22290
93085,rstick_y,-1052
93090,lstick_x,27078
93090,lstick_y,22034
93090,rstick_y,-1052
93101,lstick_x,27078
93101,lstick_y,22034
93101,rstick_y,-1052
93111,lstick_x,27078
93111,lstick_y,22034
93111,rstick_y,-1052
93117,lstick_x,27078
93117,lstick_y,22034
93117,rstick_y,-1052
93124,lstick_x,27606
93124,lstick_y,21634
93124,rstick_y,-1052
93127,lstick_x,27794
93127,lstick_y,21486
93127,rstick_y,-1052
93133,lstick_x,27794
93133,lstick_y,21486
93133,rstick_y,-1052
93136,lstick_x,27794
93136,lstick_y,21486
93136,rstick_y,-1052
93140,lstick_x,27794
93140,lstick_y,21486
93140,rstick_y,-1052
93148,lstick_x,27944
93148,lstick_y,21368
93148,rstick_y,-1052
93157,lstick_x,27944
93157,lstick_y,21368
93157,rstick_y,-1052
93164,lstick_x,28058
93164,lstick_y,21296
93164,rstick_y,-1052
93170,lstick_x,28058
93170,lstick_y,21296
93170,rstick_y,-1052
93173,lstick_x,28058
93173,lstick_y,21296
93173,rstick_y,-1052
93184,lstick_x,28058
93184,lstick_y,21296
93184,rstick_y,-1052
93187,lstick_x,18914
93187,lstick_y,21296
93187,rstick_y,-1052
93191,lstick_x,18914
93191,lstick_y,21296
93191,rstick_y,-1052
93197,lstick_x,18914
93197,lstick_y,21296
93197,rstick_y,-1052
93205,lstick_x,18914
93205,lstick_y,21296
93205,rstick_y,-1052
93209,lstick_x,18914
93209,lstick_y,21296
93209,rstick_y,-1052
93216,lstick_x,18914
93216,lstick_y,21296
93216,rstick_y,-1052
93220,lstick_x,18914
93220,lstick_y,21296
93220,rstick_y,-1052
93231,lstick_x,18914
93231,lstick_y,21296
93231,rstick_y,-1052
93237,lstick_x,18054
93237,lstick_y,21474
93237,rstick_y,-1052
93245,lstick_x,18054
93245,lstick_y,21474
93245,rstick_y,-1052
93253,lstick_x,18054
93253,lstick_y,21474
93253,rstick_y,-1052
93262,lstick_x,16886
93262,lstick_y,21544
93262,rstick_y,-1052
93269,lstick_x,15768
93269,lstick_y,21544
93269,rstick_y,-1052
93275,lstick_x,15768
93275,lstick_y,21544
93275,rstick_y,-1052
93278,lstick_x,15768
93278,lstick_y,21544
93278,rstick_y,-1052
93285,lstick_x,13508
93285,lstick_y,20795
93285,rstick_y,-1052
93291,lstick_x,13508
93291,lstick_y,20795
93291,rstick_y,-1052
93294,lstick_x,13030
93294,lstick_y,20178
93294,rstick_y,-1052
93301,lstick_x,13030
93301,lstick_y,20178
93301,rstick_y,-1052
93309,lstick_x,13030
93309,lstick_y,20178
93309,rstick_y,-1052
93314,lstick_x,12541
93314,lstick_y,19505
93314,rstick_y,-1052
93319,lstick_x,12541
93319,lstick_y,19505
93319,rstick_y,-1052
93323,lstick_x,11990
93323,lstick_y,18753
93323,rstick_y,-1052
93333,lstick_x,11990
93333,lstick_y,18753
93333,rstick_y,-1052
93338,lstick_x,11419
93338,lstick_y,17914
93338,rstick_y,-1052
93341,lstick_x,11419
93341,lstick_y,17914
93341,rstick_y,-1052
93353,lstick_x,11419
93353,lstick_y,17914
93353,rstick_y,-1052
93358,lstick_x,10873
93358,lstick_y,16959
93358,rstick_y,-1052
93363,lstick_x,10873
93363,lstick_y,16959
93363,rstick_y,-1052
93370,lstick_x,10289
93370,lstick_y,15940
93370,rstick_y,-1052
93373,lstick_x,10289
93373,lstick_y,15940
93373,rstick_y,-1052
93377,lstick_x,10289
93377,lstick_y,15940
93377,rstick_y,-1052
93381,lstick_x,10289
93381,lstick_y,15940
93381,rstick_y,-1052
93387,lstick_x,9543
93387,lstick_y,14833
93387,rstick_y,-1052
93396,lstick_x,9543
93396,lstick_y,14833
93396,rstick_y,-1052
93400,lstick_x,9543
93400,lstick_y,14833
93400,rstick_y,-1052
93403,lstick_x,8656
93403,lstick_y,13649
93403,rstick_y,-1052
93409,lstick_x,8656
93409,lstick_y,13649
93409,rstick_y,-1052
93415,lstick_x,7739
93415,lstick_y,12369
93415,rstick_y,-1052
93420,lstick_x,7739
93420,lstick_y,12369
93420,rstick_y,-1052
93426,lstick_x,7739
93426,lstick_y,12369
93426,rstick_y,-1052
93429,lstick_x,6905
93429,lstick_y,5674
93429,rstick_y,-1052
93437,lstick_x,6905
93437,lstick_y,5674
93437,rstick_y,-1052
93444,lstick_x,6096
93444,lstick_y,5387
93444,rstick_y,-1052
93446,lstick_x,6096
93446,lstick_y,5387
93446,rstick_y,-1052
93453,lstick_x,6096
93453,lstick_y,5387
93453,rstick_y,-1052
93457,lstick_x,5336
93457,lstick_y,4917
93457,rstick_y,-1052
93461,lstick_x,5336
93461,lstick_y,4917
93461,rstick_y,-1052
93464,lstick_x,5336
93464,lstick_y,4917
93464,rstick_y,-1052
93469,lstick_x,5336
93469,lstick_y,4917
93469,rstick_y,-1052
93477,lstick_x,5336
93477,lstick_y,4917
93477,rstick_y,-1052
93485,lstick_x,4651
93485,lstick_y,4359
93485,rstick_y,-1052
93494,lstick_x,4085
93494,lstick_y,3784
93494,rstick_y,-1052
93501,lstick_x,4085
93501,lstick_y,3784
93501,rstick_y,-1052
93509,lstick_x,3627
93509,lstick_y,3254
93509,rstick_y,-1052
93520,lstick_x,3260
93520,lstick_y,2778
93520,rstick_y,-1052
93525,lstick_x,3260
93525,lstick_y,2778
93525,rstick_y,-1052
93529,lstick_x,2967
93529,lstick_y,2374
93529,rstick_y,-1052
93533,lstick_x,2967
93533,lstick_y,2374
93533,rstick_y,-1052
93538,lstick_x,2967
93538,lstick_y,2374
93538,rstick_y,-1052
93541,lstick_x,2967
93541,lstick_y,2374
93541,rstick_y,-1052
93551,lstick_x,2967
93551,lstick_y,2374
93551,rstick_y,-1052
93553,lstick_x,2732
93553,lstick_y,2039
93553,rstick_y,-1052
93559,lstick_x,2732
93559,lstick_y,2039
93559,rstick_y,-1052
93565,lstick_x,2394
93565,lstick_y,1557
93565,rstick_y,-1052
93571,lstick_x,2394
93571,lstick_y,1557
93571,rstick_y,-1052
93575,lstick_x,2394
93575,lstick_y,1557
93575,rstick_y,-1052
93581,lstick_x,2394
93581,lstick_y,1557
93581,rstick_y,-1052
93587,lstick_x,2274
93587,lstick_y,1386
93587,rstick_y,-1052
93597,lstick_x,2274
93597,lstick_y,1386
93597,rstick_y,-1052
93605,lstick_x,2274
93605,lstick_y,1386
93605,rstick_y,-1052
93613,lstick_x,2274
93613,lstick_y,1386
93613,rstick_y,-1052
93619,lstick_x,2101
93619,lstick_y,1139
93619,rstick_y,-1052
93622,lstick_x,2039
93622,lstick_y,1051
93622,rstick_y,-1052
93634,lstick_x,2039
93634,lstick_y,1051
93634,rstick_y,-1052
93644,lstick_x,2039
93644,lstick_y,1051
93644,rstick_y,-1052
93655,lstick_x,2039
93655,lstick_y,1051
93655,rstick_y,-1052
93661,lstick_x,1990
93661,rstick_y,-1052
93669,lstick_x,1990
93669,rstick_y,-1052
93677,lstick_x,1990
93677,rstick_y,-1052
93688,lstick_x,1990
93688,rstick_y,-1052
93690,lstick_x,1894
93690,rstick_y,-1052
93702,lstick_x,1894
93702,rstick_y,-1052
93709,lstick_x,1894
93709,rstick_y,-1052
93723,lstick_x,1894
93723,rstick_y,-1052
93733,lstick_x,1894
93733,rstick_y,-1052
93736,lstick_x,1894
93736,rstick_y,-1052
93742,lstick_x,1894
93742,rstick_y,-1052
93749,lstick_x,1894
93749,rstick_y,-1052
93758,lstick_x,1894
93758,rstick_y,-1052
93761,lstick_x,1894
93761,rstick_y,-1052
93765,lstick_x,1894
93765,rstick_y,-1052
93770,lstick_x,1894
93770,rstick_y,-1052
93772,lstick_x,1820
93772,rstick_y,-1052
93775,lstick_x,1820
93775,rstick_y,-1052
93783,lstick_x,1820
93783,rstick_y,-1052
93794,lstick_x,1820
93794,rstick_y,-1052
93802,lstick_x,1820
93802,rstick_y,-1052
93805,lstick_x,1756
93805,rstick_y,-1052
93810,lstick_x,1756
93810,rstick_y,-1052
93813,lstick_x,1756
93813,rstick_y,-1052
93830,lstick_x,1756
93830,rstick_y,-1052
93837,lstick_x,1756
93837,rstick_y,-1052
93840,lstick_x,1596
93840,rstick_y,-1052
93849,lstick_x,1596
93849,rstick_y,-1052
93854,lstick_x,1596
93854,rstick_y,-1052
93861,lstick_x,1596
93861,rstick_y,-1052
93869,lstick_x,1596
93869,rstick_y,-1052
93873,lstick_x,1296
93873,rstick_y,-1052
93877,lstick_x,1296
93877,rstick_y,-1052
93885,rstick_y,-1052
93896,rstick_y,-1052
93901,rstick_y,-1052
93904,rstick_y,-1052
93909,rstick_y,-1052
93912,lstick_x,-8683
93912,rstick_y,-1052
93917,lstick_x,-8683
93917,rstick_y,-1052
93921,lstick_x,-8683
93921,rstick_y,-1052
93927,lstick_x,-8683
93927,rstick_y,-1052
93934,lstick_x,-15423
93934,rstick_y,-1052
93937,lstick_x,-15423
93937,rstick_y,-1052
93941,lstick_x,-15423
93941,rstick_y,-1052
93947,lstick_x,-16571
93947,rstick_y,-1052
93954,rtrigger,2143
93954,lstick_x,-25633
93954,lstick_y,1045
93954,rstick_y,-1052
93965,rtrigger,2143
93965,lstick_x,-25633
93965,lstick_y,1045
93965,rstick_y,-1052
93973,rtrigger,2143
93973,lstick_x,-25633
93973,lstick_y,1045
93973,rstick_y,-1052
93978,rtrigger,12063
93978,lstick_x,-26592
93978,lstick_y,1830
93978,rstick_y,-1052
93982,rtrigger,12063
93982,lstick_x,-26592
93982,lstick_y,1830
93982,rstick_y,-1052
93986,rtrigger,32447
93986,lstick_x,-32768
93986,lstick_y,2694
93986,rstick_y,-1052
93990,rtrigger,32447
93990,lstick_x,-32768
93990,lstick_y,2694
93990,rstick_y,-1052
93996,rtrigger,32447
93996,lstick_x,-32768
93996,lstick_y,2694
93996,rstick_y,-1052
94003,rtrigger,32767
94003,lstick_x,-32768
94003,lstick_y,3380
94003,rstick_y,-1052
94008,rtrigger,32767
94008,lstick_x,-32768
94008,lstick_y,3380
94008,rstick_y,-1052
94013,rtrigger,32767
94013,lstick_x,-32768
94013,lstick_y,3380
94013,rstick_y,-1052
94025,rtrigger,32767
94025,lstick_x,-32768
94025,lstick_y,3934
94025,rstick_y,-1052
94029,rtrigger,32767
94029,lstick_x,-32768
94029,lstick_y,3934
94029,rstick_y,-1052
94038,rtrigger,32767
94038,lstick_x,-32768
94038,lstick_y,4377
94038,rstick_y,-1052
94050,rtrigger,32767
94050,lstick_x,-32768
94050,lstick_y,4377
94050,rstick_y,-1052
94053,rtrigger,32767
94053,lstick_x,-32768
94053,lstick_y,4377
94053,rstick_y,-1052
94061,rtrigger,32767
94061,lstick_x,-32768
94061,lstick_y,4732
94061,rstick_y,-1052
94064,rtrigger,32767
94064,lstick_x,-32768
94064,lstick_y,5016
94064,rstick_y,-1052
94068,rtrigger,32767
94068,lstick_x,-32768
94068,lstick_y,5016
94068,rstick_y,-1052
94071,rtrigger,32767
94071,lstick_x,-32768
94071,lstick_y,5016
94071,rstick_y,-1052
94074,rtrigger,32767
94074,lstick_x,-32768
94074,lstick_y,5226
94074,rstick_y,-1052
94083,rtrigger,32767
94083,lstick_x,-32768
94083,lstick_y,5226
94083,rstick_y,-1052
94094,rtrigger,32767
94094,lstick_x,-32768
94094,lstick_y,5226
94094,rstick_y,-1052
94103,rtrigger,32767
94103,lstick_x,-32768
94103,lstick_y,5226
94103,rstick_y,-1052
94110,rtrigger,32767
94110,lstick_x,-20986
94110,lstick_y,4470
94110,rstick_y,-1052
94117,rtrigger,32767
94117,lstick_x,-20986
94117,lstick_y,4470
94117,rstick_y,-1052
94125,rtrigger,32767
94125,lstick_x,-20986
94125,lstick_y,4470
94125,rstick_y,-1052
94134,rtrigger,32767
94134,lstick_x,-20986
94134,lstick_y,4470
94134,rstick_y,-1052
94141,rtrigger,32767
94141,lstick_x,-20986
94141,lstick_y,4470
94141,rstick_y,-1052
94149,rtrigger,32767
94149,lstick_x,-20986
94149,lstick_y,4470
94149,rstick_y,-1052
94153,rtrigger,32767
94153,lstick_x,-20986
94153,lstick_y,4470
94153,rstick_y,-1052
94158,rtrigger,32767
94158,lstick_x,-20986
94158,lstick_y,4470
94158,rstick_y,-1052
94167,rtrigger,32767
94167,lstick_x,-20986
94167,lstick_y,4470
94167,rstick_y,-1052
94171,rtrigger,32767
94171,lstick_x,-20986
94171,lstick_y,4470
94171,rstick_y,-1052
94175,rtrigger,32767
94175,lstick_x,-20986
94175,lstick_y,4470
94175,rstick_y,-1052
94179,rtrigger,32767
94179,lstick_x,-3444
94179,rstick_y,-1052
94187,rtrigger,32767
94187,lstick_x,-3444
94187,rstick_y,-1052
94198,rtrigger,32767
94198,lstick_x,-3444
94198,rstick_y,-1052
94204,rtrigger,32767
94204,lstick_x,-2742
94204,rstick_y,-1052
94213,rtrigger,32767
94213,lstick_x,-2742
94213,rstick_y,-1052
94220,rtrigger,32767
94220,lstick_x,-2145
94220,rstick_y,-1052
94223,rtrigger,32767
94223,lstick_x,-1650
94223,rstick_y,-1052
94233,rtrigger,32767
94233,lstick_x,-1650
94233,rstick_y,-1052
94245,rtrigger,32767
94245,lstick_x,-1650
94245,rstick_y,-1052
94253,rtrigger,32767
94253,lstick_x,-1650
94253,rstick_y,-1052
94255,rtrigger,32767
94255,rstick_y,-1052
94261,rtrigger,32767
94261,rstick_y,-1052
94270,rtrigger,32767
94270,rstick_y,-1052
94280,rtrigger,32767
94280,rstick_y,-1052
94285,rtrigger,32767
94285,rstick_y,-1052
94291,rtrigger,32767
94291,rstick_y,-1052
94296,rtrigger,32767
94296,rstick_y,-1052
94303,rtrigger,32767
94303,rstick_y,-1052
94308,rtrigger,32767
94308,rstick_y,-1052
94314,rtrigger,32767
94314,rstick_y,-1052
94325,rtrigger,32767
94325,rstick_y,-1052
94328,rtrigger,32767
94328,rstick_y,-1052
94334,rtrigger,32767
94334,rstick_y,-1052
94337,rtrigger,32767
94337,rstick_y,-1052
94343,rtrigger,32767
94343,rstick_y,-1052
94351,rtrigger,32767
94351,rstick_y,-1052
94357,rtrigger,32767
94357,rstick_y,-1052
94361,rtrigger,32767
94361,rstick_y,-1052
94365,rtrigger,32767
94365,rstick_y,-1052
94369,rtrigger,32767
94369,rstick_y,-1052
94373,rtrigger,32767
94373,rstick_y,-1052
94376,rtrigger,32767
94376,rstick_y,-1052
94382,rtrigger,32767
94382,rstick_y,-1052
94389,rtrigger,32767
94389,rstick_y,-1052
94398,rtrigger,32767
94398,rstick_y,-1052
94405,rtrigger,32767
94405,rstick_y,-1052
94413,rtrigger,32767
94413,rstick_y,-1052
94421,rtrigger,32767
94421,rstick_y,-1052
94433,rtrigger,32767
94433,rstick_y,-1052
94436,rtrigger,32767
94436,rstick_y,-1052
94445,rtrigger,32767
94445,rstick_y,-1052
94448,rtrigger,4671
94448,rstick_y,-1052
94453,rtrigger,4671
94453,rstick_y,-1052
94456,rtrigger,4671
94456,rstick_y,-1052
94459,rtrigger,4671
94459,rstick_y,-1052
94478,rtrigger,4671
94478,rstick_y,-1052
94489,rtrigger,4671
94489,rstick_y,-1052
94492,rstick_y,-1052
94497,rstick_y,-1052
94501,rstick_y,-1052
94509,rstick_y,-1052
94517,rstick_y,-1052
94525,rstick_y,-1052
94534,rstick_y,-1052
94538,rstick_y,-1052
94541,rstick_y,-1052
94556,rstick_y,-1052
94565,rstick_y,-1052
94572,rstick_y,-1052
94581,rstick_y,-1052
94590,rstick_y,-1052
94597,rstick_y,-1052
94603,rstick_y,-1052
94607,rstick_y,-1052
94610,rstick_y,-1052
94613,rstick_y,-1052
94619,rstick_y,-1052
94622,rstick_y,-1052
94625,rstick_y,-1052
94628,rstick_y,-1052
94631,rstick_y,-1052
94636,rstick_y,-1052
94642,rstick_y,-1052
94645,rstick_y,-1052
94656,rstick_y,-1052
94664,rstick_y,-1052
94670,rstick_y,-1052
94677,rstick_y,-1052
94685,rstick_y,-1052
94693,rstick_y,-1052
94704,rstick_y,-1052
94709,rstick_y,-1052
94713,rstick_y,-1052
94717,rstick_y,-1052
94720,rstick_y,-1052
94723,rstick_y,-1052
94734,rstick_y,-1052
94741,rstick_y,-1052
94752,rstick_y,-1052
94754,rstick_y,-1052
94757,rstick_y,-1052
94765,rstick_y,-1052
94775,rstick_y,-1052
94782,rstick_y,-1052
94789,rstick_y,-1052
94796,lstick_x,25392
94796,lstick_y,12423
94796,rstick_y,-1052
94801,lstick_x,25392
94801,lstick_y,12423
94801,rstick_y,-1052
94805,lstick_x,25392
94805,lstick_y,12423
94805,rstick_y,-1052
94813,lstick_x,25392
94813,lstick_y,12423
94813,rstick_y,-1052
94821,lstick_x,25392
94821,lstick_y,12423
94821,rstick_y,-1052
94827,lstick_x,27145
94827,lstick_y,14443
94827,rstick_y,-1052
94831,lstick_x,27145
94831,lstick_y,14443
94831,rstick_y,-1052
94837,lstick_x,27685
94837,lstick_y,15470
94837,rstick_y,-1052
94845,lstick_x,27685
94845,lstick_y,15470
94845,rstick_y,-1052
94860,lstick_x,27685
94860,lstick_y,15470
94860,rstick_y,-1052
94870,lstick_x,27685
94870,lstick_y,15470
94870,rstick_y,-1052
94873,lstick_x,27685
94873,lstick_y,15470
94873,rstick_y,-1052
94876,lstick_x,27685
94876,lstick_y,15470
94876,rstick_y,-1052
94890,lstick_x,27685
94890,lstick_y,15470
94890,rstick_y,-1052
94896,lstick_x,27685
94896,lstick_y,15470
94896,rstick_y,-1052
94907,lstick_x,27685
94907,lstick_y,15470
94907,rstick_y,-1052
94911,lstick_x,27685
94911,lstick_y,15470
94911,rstick_y,-1052
94918,lstick_x,27685
94918,lstick_y,15470
94918,rstick_y,-1052
94927,lstick_x,27685
94927,lstick_y,15470
94927,rstick_y,-1052
94938,lstick_x,27685
94938,lstick_y,15470
94938,rstick_y,-1052
94941,lstick_x,11112
94941,lstick_y,19993
94941,rstick_y,-1052
94950,lstick_x,11112
94950,lstick_y,19993
94950,rstick_y,-1052
94953,lstick_x,9418
94953,lstick_y,19016
94953,rstick_y,-1052
94957,lstick_x,9418
94957,lstick_y,19016
94957,rstick_y,-1052
94960,lstick_x,8336
94960,lstick_y,12144
94960,rstick_y,-1052
94965,lstick_x,8336
94965,lstick_y,12144
94965,rstick_y,-1052
94973,lstick_x,8336
94973,lstick_y,12144
94973,rstick_y,-1052
94979,lstick_y,2174
94979,rstick_y,-1052
94983,lstick_y,2174
94983,rstick_y,-1052
94989,lstick_y,2174
94989,rstick_y,-1052
94997,lstick_y,2174
94997,rstick_y,-1052
95003,lstick_y,2174
95003,rstick_y,-1052
95013,lstick_y,2174
95013,rstick_y,-1052
95021,lstick_y,2174
95021,rstick_y,-1052
95029,lstick_y,2174
95029,rstick_y,-1052
95037,lstick_y,2174
95037,rstick_y,-1052
95041,lstick_y,1843
95041,rstick_y,-1052
95044,lstick_y,1843
95044,rstick_y,-1052
95048,lstick_y,1843
95048,rstick_y,-1052
95053,lstick_y,1843
95053,rstick_y,-1052
95061,lstick_y,1647
95061,rstick_y,-1052
95072,lstick_y,1647
95072,rstick_y,-1052
95081,lstick_y,1552
95081,rstick_y,-1052
95087,lstick_y,1470
95087,rstick_y,-1052
95093,lstick_y,1470
95093,rstick_y,-1052
95117,lstick_y,1470
95117,rstick_y,-1052
95125,lstick_y,1470
95125,rstick_y,-1052
95128,lstick_y,1470
95128,rstick_y,-1052
95132,lstick_y,1470
95132,rstick_y,-1052
95136,lstick_y,1470
95136,rstick_y,-1052
95140,lstick_y,1470
95140,rstick_y,-1052
95142,lstick_y,1470
95142,rstick_y,-1052
95149,lstick_y,1470
95149,rstick_y,-1052
95160,lstick_y,1470
95160,rstick_y,-1052
95169,lstick_y,1470
95169,rstick_y,-1052
95173,lstick_y,1200
95173,rstick_y,-1052
95181,lstick_y,1200
95181,rstick_y,-1052
95191,lstick_y,1200
95191,rstick_y,-1052
95198,lstick_y,1200
95198,rstick_y,-1052
95205,lstick_y,1200
95205,rstick_y,-1052
95209,lstick_y,1200
95209,rstick_y,-1052
95213,lstick_y,1200
95213,rstick_y,-1052
95221,lstick_y,1200
95221,rstick_y,-1052
95232,lstick_y,1200
95232,rstick_y,-1052
95237,lstick_y,1200
95237,rstick_y,-1052
95240,lstick_y,1200
95240,rstick_y,-1052
95244,lstick_y,1200
95244,rstick_y,-1052
95253,lstick_y,1200
95253,rstick_y,-1052
95261,lstick_y,1200
95261,rstick_y,-1052
95273,lstick_y,1200
95273,rstick_y,-1052
95277,lstick_y,1120
95277,rstick_y,-1052
95286,lstick_y,1120
95286,rstick_y,-1052
95291,lstick_y,1120
95291,rstick_y,-1052
95296,lstick_y,1120
95296,rstick_y,-1052
95301,lstick_y,1120
95301,rstick_y,-1052
95310,lstick_y,1120
95310,rstick_y,-1052
95313,lstick_y,1120
95313,rstick_y,-1052
95317,lstick_y,1120
95317,rstick_y,-1052
95321,rstick_y,-1052
95326,rstick_y,-1052
95333,rstick_y,-1052
95340,rstick_y,-1052
95345,rstick_y,-1052
95349,rstick_y,-1052
95353,rstick_y,-1052
95356,rstick_y,-1052
95368,rstick_y,-1052
95373,rstick_y,-1052
95388,rstick_y,-1052
95395,lstick_x,-32768
95395,lstick_y,1040
95395,rstick_y,-1052
95406,lstick_x,-32768
95406,lstick_y,1040
95406,rstick_y,-1052
95418,lstick_x,-32768
95418,lstick_y,1040
95418,rstick_y,-1052
95421,lstick_x,-32768
95421,lstick_y,1428
95421,rstick_y,-1052
95429,lstick_x,-32768
95429,lstick_y,1739
95429,rstick_y,-1052
95436,lstick_x,-32768
95436,lstick_y,1988
95436,rstick_y,-1052
95440,lstick_x,-32768
95440,lstick_y,1988
95440,rstick_y,-1052
95447,lstick_x,-32768
95447,lstick_y,1988
95447,rstick_y,-1052
95455,lstick_x,-32768
95455,lstick_y,1988
95455,rstick_y,-1052
95469,lstick_x,-32768
95469,lstick_y,1988
95469,rstick_y,-1052
95476,lstick_x,-32768
95476,lstick_y,2346
95476,rstick_y,-1052
95485,lstick_x,-32768
95485,lstick_y,2346
95485,rstick_y,-1052
95502,lstick_x,-32768
95502,lstick_y,2346
95502,rstick_y,-1052
95506,lstick_x,-32768
95506,lstick_y,2564
95506,rstick_y,-1052
95510,lstick_x,-32768
95510,lstick_y,2564
95510,rstick_y,-1052
95520,lstick_x,-32768
95520,lstick_y,2564
95520,rstick_y,-1052
95525,lstick_x,-32768
95525,lstick_y,2564
95525,rstick_y,-1052
95533,lstick_x,-32768
95533,lstick_y,2564
95533,rstick_y,-1052
95540,lstick_x,-32768
95540,lstick_y,2704
95540,rstick_y,-1052
95544,lstick_x,-32768
95544,lstick_y,2754
95544,rstick_y,-1052
95549,lstick_x,-32768
95549,lstick_y,2754
95549,rstick_y,-1052
95562,lstick_x,-32768
95562,lstick_y,2754
95562,rstick_y,-1052
95566,lstick_x,-32768
95566,lstick_y,2754
95566,rstick_y,-1052
95572,lstick_x,-32768
95572,lstick_y,2754
95572,rstick_y,-1052
95575,lstick_x,-32768
95575,lstick_y,2754
95575,rstick_y,-1052
95580,lstick_x,-32768
95580,lstick_y,2754
95580,rstick_y,-1052
95586,lstick_x,-32768
95586,lstick_y,2754
95586,rstick_y,-1052
95589,lstick_x,-32768
95589,lstick_y,2587
95589,rstick_y,-1052
95592,lstick_x,-32768
95592,lstick_y,2587
95592,rstick_y,-1052
95611,lstick_x,-32768
95611,lstick_y,2587
95611,rstick_y,-1052
95619,lstick_x,-32768
95619,lstick_y,2587
95619,rstick_y,-1052
95622,lstick_x,-32768
95622,lstick_y,2587
95622,rstick_y,-1052
95628,lstick_x,-32768
95628,lstick_y,1522
95628,rstick_y,-1052
95637,lstick_x,-32768
95637,lstick_y,1522
95637,rstick_y,-1052
95645,lstick_x,-32768
95645,lstick_y,1522
95645,rstick_y,-1052
95655,lstick_x,-32768
95655,lstick_y,1522
95655,rstick_y,-1052
95658,lstick_x,-32768
95658,rstick_y,-1052
95667,lstick_x,-32768
95667,rstick_y,-1052
95670,lstick_x,-32768
95670,rstick_y,-1052
95678,lstick_x,-32768
95678,rstick_y,-1052
95688,lstick_x,-32768
95688,lstick_y,-1950
95688,rstick_y,-1052
95693,lstick_x,-32768
95693,lstick_y,-1950
95693,rstick_y,-1052
95701,lstick_x,-32768
95701,lstick_y,-1950
95701,rstick_y,-1052
95709,lstick_x,-32768
95709,lstick_y,-1950
95709,rstick_y,-1052
95717,lstick_x,-32768
95717,lstick_y,-1950
95717,rstick_y,-1052
95722,lstick_x,-32768
95722,lstick_y,-3764
95722,rstick_y,-1052
95725,lstick_x,-32768
95725,lstick_y,-4579
95725,rstick_y,-1052
95733,lstick_x,-32768
95733,lstick_y,-4579
95733,rstick_y,-1052
95742,lstick_x,-32768
95742,lstick_y,-4579
95742,rstick_y,-1052
95749,lstick_x,-32768
95749,lstick_y,-5328
95749,rstick_y,-1052
95755,lstick_x,-32768
95755,lstick_y,-6036
95755,rstick_y,-1052
95765,lstick_x,-32768
95765,lstick_y,-6036
95765,rstick_y,-1052
95773,lstick_x,-32768
95773,lstick_y,-6036
95773,rstick_y,-1052
95781,lstick_x,-32768
95781,lstick_y,-6036
95781,rstick_y,-1052
95787,lstick_x,-31825
95787,lstick_y,-7172
95787,rstick_y,-1052
95791,lstick_x,-31825
95791,lstick_y,-7172
95791,rstick_y,-1052
95799,lstick_x,-31825
95799,lstick_y,-7172
95799,rstick_y,-1052
95811,lstick_x,-31825
95811,lstick_y,-7172
95811,rstick_y,-1052
95819,lstick_x,-21460
95819,lstick_y,-7646
95819,rstick_y,-1052
95825,lstick_x,-21460
95825,lstick_y,-7646
95825,rstick_y,-1052
95834,lstick_x,-21460
95834,lstick_y,-7646
95834,rstick_y,-1052
95838,lstick_x,-21460
95838,lstick_y,-7646
95838,rstick_y,-1052
95846,lstick_x,-21460
95846,lstick_y,-7646
95846,rstick_y,-1052
95853,lstick_x,-11076
95853,lstick_y,-6739
95853,rstick_y,-1052
95855,lstick_x,-11076
95855,lstick_y,-6739
95855,rstick_y,-1052
95861,lstick_x,-10189
95861,lstick_y,-6015
95861,rstick_y,-1052
95876,lstick_x,-10189
95876,lstick_y,-6015
95876,rstick_y,-1052
95885,lstick_x,-3039
95885,lstick_y,-5243
95885,rstick_y,-1052
95893,lstick_x,-2791
95893,lstick_y,-4462
95893,rstick_y,-1052
95901,lstick_x,-2791
95901,lstick_y,-4462
95901,rstick_y,-1052
95909,lstick_x,-2791
95909,lstick_y,-4462
95909,rstick_y,-1052
95914,lstick_x,-2528
95914,lstick_y,-3788
95914,rstick_y,-1052
95917,lstick_x,-2528
95917,lstick_y,-3788
95917,rstick_y,-1052
95920,lstick_x,-2299
95920,lstick_y,-3233
95920,rstick_y,-1052
95923,lstick_x,-2299
95923,lstick_y,-3233
95923,rstick_y,-1052
95933,lstick_x,-2299
95933,lstick_y,-3233
95933,rstick_y,-1052
95941,lstick_x,-2299
95941,lstick_y,-3233
95941,rstick_y,-1052
95944,lstick_x,-2093
95944,lstick_y,-2795
95944,rstick_y,-1052
95949,lstick_x,-2093
95949,lstick_y,-2795
95949,rstick_y,-1052
95953,lstick_x,-1922
95953,lstick_y,-2450
95953,rstick_y,-1052
95957,lstick_x,-1922
95957,lstick_y,-2450
95957,rstick_y,-1052
95966,lstick_x,-1922
95966,lstick_y,-2450
95966,rstick_y,-1052
95973,lstick_x,-1922
95973,lstick_y,-2450
95973,rstick_y,-1052
95981,lstick_x,-1779
95981,lstick_y,-2180
95981,rstick_y,-1052
95993,lstick_x,-1779
95993,lstick_y,-2180
95993,rstick_y,-1052
95996,lstick_x,-1534
95996,lstick_y,-1787
95996,rstick_y,-1052
96003,lstick_x,-1534
96003,lstick_y,-1787
96003,rstick_y,-1052
96013,lstick_x,-1534
96013,lstick_y,-1787
96013,rstick_y,-1052
96023,lstick_x,-1534
96023,lstick_y,-1787
96023,rstick_y,-1052
96028,lstick_x,-1308
96028,lstick_y,-1541
96028,rstick_y,-1052
96031,lstick_x,-1308
96031,lstick_y,-1541
96031,rstick_y,-1052
96036,lstick_x,-1308
96036,lstick_y,-1541
96036,rstick_y,-1052
96039,lstick_x,-1217
96039,lstick_y,-1454
96039,rstick_y,-1052
96045,lstick_x,-1217
96045,lstick_y,-1454
96045,rstick_y,-1052
96053,lstick_x,-1217
96053,lstick_y,-1454
96053,rstick_y,-1052
96061,lstick_x,-1217
96061,lstick_y,-1454
96061,rstick_y,-1052
96069,lstick_x,-1138
96069,lstick_y,-1385
96069,rstick_y,-1052
96089,lstick_x,-1075
96089,lstick_y,-1329
96089,rstick_y,-1052
96093,lstick_x,-1025
96093,lstick_y,-1285
96093,rstick_y,-1052
96101,lstick_x,-1025
96101,lstick_y,-1285
96101,rstick_y,-1052
96105,lstick_y,-1285
96105,rstick_y,-1052
96114,lstick_y,-1285
96114,rstick_y,-1052
96119,lstick_y,-1215
96119,rstick_y,-1052
96125,lstick_y,-1215
96125,rstick_y,-1052
96133,lstick_y,-1215
96133,rstick_y,-1052
96140,lstick_y,-1215
96140,rstick_y,-1052
96145,lstick_y,-1176
96145,rstick_y,-1052
96149,lstick_y,-1176
96149,rstick_y,-1052
96154,lstick_y,-1176
96154,rstick_y,-1052
96157,lstick_y,-1176
96157,rstick_y,-1052
96165,lstick_y,-1176
96165,rstick_y,-1052
96176,lstick_y,-1176
96176,rstick_y,-1052
96181,lstick_y,-1176
96181,rstick_y,-1052
96187,lstick_y,-1176
96187,rstick_y,-1052
96197,lstick_y,-1176
96197,rstick_y,-1052
96205,lstick_y,-1176
96205,rstick_y,-1052
96209,lstick_y,-1176
96209,rstick_y,-1052
96215,lstick_y,-1176
96215,rstick_y,-1052
96220,lstick_y,-1118
96220,rstick_y,-1052
96225,lstick_y,-1118
96225,rstick_y,-1052
96229,lstick_y,-1118
96229,rstick_y,-1052
96236,lstick_y,-1118
96236,rstick_y,-1052
96248,lstick_y,-1118
96248,rstick_y,-1052
96255,lstick_y,-1042
96255,rstick_y,-1052
96258,lstick_y,-1042
96258,rstick_y,-1052
96262,lstick_y,-1042
96262,rstick_y,-1052
96270,lstick_y,-1042
96270,rstick_y,-1052
96273,lstick_y,-1042
96273,rstick_y,-1052
96285,lstick_y,-1042
96285,rstick_y,-1052
96293,rstick_y,-1052
96296,rstick_y,-1052
96301,rstick_y,-1052
96304,rstick_y,-1052
96314,rstick_y,-1052
96317,rstick_y,-1052
96321,rstick_y,-1052
96325,rstick_y,-1052
96332,rstick_y,-1052
96337,rstick_y,-1052
96340,rstick_y,-1052
96344,rstick_y,-1052
96349,rstick_y,-1052
96360,rstick_y,-1052
96365,rstick_y,-1052
96370,y,1
96370,rstick_y,-1052
96374,rstick_y,-1052
96387,rstick_y,-1052
96389,rstick_y,-1052
96396,rstick_y,-1052
96403,rstick_y,-1052
96407,rstick_y,-1052
96410,rstick_y,-1052
96413,rstick_y,-1052
96421,rstick_y,-1052
96429,rstick_y,-1052
96436,rstick_y,-1052
96445,rstick_y,-1052
96453,rstick_y,-1052
96467,rstick_y,-1052
96472,rstick_y,-1052
96475,rstick_y,-1052
96479,rstick_y,-1052
96489,rstick_y,-1052
96495,rstick_y,-1052
96502,rstick_y,-1052
96510,rstick_y,-1052
96520,rstick_y,-1052
96525,rstick_y,-1052
96531,rstick_y,-1052
96542,rstick_y,-1052
96550,rstick_y,-1052
96554,rstick_y,-1052
96557,rstick_y,-1052
96561,rstick_y,-1052
96568,rstick_y,-1052
96571,rstick_y,-1052
96577,lstick_x,-1454
96577,lstick_y,-2028
96577,rstick_y,-1052
96581,lstick_x,-1454
96581,lstick_y,-2028
96581,rstick_y,-1052
96593,lstick_x,-1454
96593,lstick_y,-2028
96593,rstick_y,-1052
96598,lstick_x,-3216
96598,lstick_y,-9617
96598,rstick_y,-1052
96604,lstick_x,-3216
96604,lstick_y,-9617
96604,rstick_y,-1052
96613,lstick_x,-3216
96613,lstick_y,-9617
96613,rstick_y,-1052
96620,lstick_x,-4506
96620,lstick_y,-17007
96620,rstick_y,-1052
96622,lstick_x,-4506
96622,lstick_y,-17007
96622,rstick_y,-1052
96626,lstick_x,-12833
96626,lstick_y,-17883
96626,rstick_y,-1052
96629,lstick_x,-12833
96629,lstick_y,-17883
96629,rstick_y,-1052
96638,lstick_x,-12833
96638,lstick_y,-17883
96638,rstick_y,-1052
96645,lstick_x,-12833
96645,lstick_y,-17883
96645,rstick_y,-1052
96653,lstick_x,-12833
96653,lstick_y,-17883
96653,rstick_y,-1052
96661,lstick_x,-12833
96661,lstick_y,-17883
96661,rstick_y,-1052
96677,lstick_x,-12833
96677,lstick_y,-17883
96677,rstick_y,-1052
96685,lstick_x,-12833
96685,lstick_y,-17883
96685,rstick_y,-1052
96689,lstick_x,-15657
96689,lstick_y,-26170
96689,rstick_y,-1052
96693,lstick_x,-15657
96693,lstick_y,-26170
96693,rstick_y,-1052
96705,lstick_x,-15657
96705,lstick_y,-26170
96705,rstick_y,-1052
96713,lstick_x,-15657
96713,lstick_y,-26170
96713,rstick_y,-1052
96719,lstick_x,-15657
96719,lstick_y,-26170
96719,rstick_y,-1052
96725,lstick_x,-17717
96725,lstick_y,-27470
96725,rstick_y,-1052
96739,lstick_x,-17717
96739,lstick_y,-27470
96739,rstick_y,-1052
96745,lstick_x,-18149
96745,lstick_y,-27743
96745,rstick_y,-1052
96749,lstick_x,-18149
96749,lstick_y,-27743
96749,rstick_y,-1052
96757,lstick_x,-18149
96757,lstick_y,-27743
96757,rstick_y,-1052
96768,lstick_x,-18149
96768,lstick_y,-27743
96768,rstick_y,-1052
96777,lstick_x,-18149
96777,lstick_y,-27743
96777,rstick_y,-1052
96783,lstick_x,-18149
96783,lstick_y,-27743
96783,rstick_y,-1052
96786,lstick_x,-18149
96786,lstick_y,-27743
96786,rstick_y,-1052
96790,lstick_x,-18149
96790,lstick_y,-27743
96790,rstick_y,-1052
96797,lstick_x,-18149
96797,lstick_y,-27743
96797,rstick_y,-1052
96805,lstick_x,-18149
96805,lstick_y,-27743
96805,rstick_y,-1052
96812,lstick_x,-19344
96812,lstick_y,-28258
96812,rstick_y,-1052
96820,lstick_x,-19210
96820,lstick_y,-26175
96820,rstick_y,-1052
96829,lstick_x,-19210
96829,lstick_y,-26175
96829,rstick_y,-1052
96838,lstick_x,-18267
96838,lstick_y,-15563
96838,rstick_y,-1052
96845,lstick_x,-18267
96845,lstick_y,-15563
96845,rstick_y,-1052
96853,lstick_x,-18267
96853,lstick_y,-15563
96853,rstick_y,-1052
96857,lstick_x,-10210
96857,lstick_y,-14453
96857,rstick_y,-1052
96861,lstick_x,-10210
96861,lstick_y,-14453
96861,rstick_y,-1052
96864,lstick_x,-10210
96864,lstick_y,-14453
96864,rstick_y,-1052
96869,lstick_x,-10210
96869,lstick_y,-14453
96869,rstick_y,-1052
96877,lstick_x,-10210
96877,lstick_y,-14453
96877,rstick_y,-1052
96896,lstick_x,-10210
96896,lstick_y,-14453
96896,rstick_y,-1052
96901,lstick_x,-10210
96901,lstick_y,-14453
96901,rstick_y,-1052
96904,lstick_x,-10210
96904,lstick_y,-14453
96904,rstick_y,-1052
96911,lstick_x,-10210
96911,lstick_y,-14453
96911,rstick_y,-1052
96917,lstick_x,-10210
96917,lstick_y,-14453
96917,rstick_y,-1052
96924,lstick_x,-10210
96924,lstick_y,-14453
96924,rstick_y,-1052
96929,lstick_x,-10210
96929,lstick_y,-14453
96929,rstick_y,-1052
96933,lstick_x,-10210
96933,lstick_y,-14453
96933,rstick_y,-1052
96937,lstick_x,-1059
96937,lstick_y,-2195
96937,rstick_y,-1052
96941,lstick_x,-1059
96941,lstick_y,-2195
96941,rstick_y,-1052
96950,lstick_x,-1059
96950,lstick_y,-2195
96950,rstick_y,-1052
96954,lstick_y,-1130
96954,rstick_y,-1052
96958,lstick_y,-1130
96958,rstick_y,-1052
96963,lstick_y,-1130
96963,rstick_y,-1052
96973,lstick_y,-1130
96973,rstick_y,-1052
96986,rstick_y,-1052
96995,rstick_y,-1052
97005,rstick_y,-1052
97013,rstick_y,-1052
97021,rstick_y,-1052
97030,rstick_y,-1052
97036,rstick_y,-1052
97045,rstick_y,-1052
97053,rstick_y,-1052
97056,rstick_y,-1052
97059,rstick_y,-1052
97076,rstick_y,-1052
97085,rstick_y,-1052
97093,rstick_y,-1052
97102,rstick_y,-1052
97111,rstick_y,-1052
97118,rstick_y,-1052
97121,rstick_y,-1052
97124,rstick_y,-1052
97133,rstick_y,-1052
97141,rstick_y,-1052
97149,rstick_y,-1052
97153,rstick_y,-1052
97157,rstick_y,-1052
97165,rstick_y,-1052
97173,rstick_y,-1052
97187,rstick_y,-1052
97202,lstick_x,-3879
97202,lstick_y,-31013
97202,rstick_y,-1052
97213,lstick_x,-4519
97213,lstick_y,-32768
97213,rstick_y,-1052
97219,lstick_x,-5167
97219,lstick_y,-32768
97219,rstick_y,-1052
97238,lstick_x,-5167
97238,lstick_y,-32768
97238,rstick_y,-1052
97246,lstick_x,-5167
97246,lstick_y,-32768
97246,rstick_y,-1052
97253,lstick_x,-5167
97253,lstick_y,-32768
97253,rstick_y,-1052
97256,lstick_x,-5167
97256,lstick_y,-32768
97256,rstick_y,-1052
97259,lstick_x,-5167
97259,lstick_y,-32768
97259,rstick_y,-1052
97263,lstick_x,-5167
97263,lstick_y,-32768
97263,rstick_y,-1052
97269,lstick_x,-5167
97269,lstick_y,-32768
97269,rstick_y,-1052
97277,lstick_x,-6709
97277,lstick_y,-32768
97277,rstick_y,-1052
97286,lstick_x,-7305
97286,lstick_y,-32768
97286,rstick_y,-1052
97290,lstick_x,-7305
97290,lstick_y,-32768
97290,rstick_y,-1052
97294,lstick_x,-7305
97294,lstick_y,-32768
97294,rstick_y,-1052
97304,lstick_x,-7305
97304,lstick_y,-32768
97304,rstick_y,-1052
97309,lstick_x,-7520
97309,lstick_y,-32768
97309,rstick_y,-1052
97317,lstick_x,-7520
97317,lstick_y,-32768
97317,rstick_y,-1052
97322,lstick_x,-7520
97322,lstick_y,-32768
97322,rstick_y,-1052
97325,lstick_x,-7520
97325,lstick_y,-32768
97325,rstick_y,-1052
97340,lstick_x,-7520
97340,lstick_y,-32768
97340,rstick_y,-1052
97346,lstick_x,-7520
97346,lstick_y,-32768
97346,rstick_y,-1052
97352,lstick_x,-7520
97352,lstick_y,-32768
97352,rstick_y,-1052
97358,lstick_x,-7520
97358,lstick_y,-32768
97358,rstick_y,-1052
97365,lstick_x,-7520
97365,lstick_y,-32768
97365,rstick_y,-1052
97373,lstick_x,-7520
97373,lstick_y,-32768
97373,rstick_y,-1052
97381,lstick_x,-7520
97381,lstick_y,-32768
97381,rstick_y,-1052
97389,lstick_x,-8409
97389,lstick_y,-23275
97389,rstick_y,-1052
97393,lstick_x,-8409
97393,lstick_y,-23275
97393,rstick_y,-1052
97403,lstick_x,-8409
97403,lstick_y,-23275
97403,rstick_y,-1052
97412,lstick_x,-8409
97412,lstick_y,-23275
97412,rstick_y,-1052
97417,lstick_x,-8409
97417,lstick_y,-23275
97417,rstick_y,-1052
97422,lstick_x,-6724
97422,lstick_y,-3653
97422,rstick_y,-1052
97429,lstick_x,-6724
97429,lstick_y,-3653
97429,rstick_y,-1052
97438,lstick_x,-6724
97438,lstick_y,-3653
97438,rstick_y,-1052
97445,lstick_x,-6724
97445,lstick_y,-3653
97445,rstick_y,-1052
97453,lstick_x,-6724
97453,lstick_y,-3653
97453,rstick_y,-1052
97456,lstick_x,-6724
97456,lstick_y,-3653
97456,rstick_y,-1052
97461,lstick_x,-6724
97461,lstick_y,-3653
97461,rstick_y,-1052
97478,lstick_x,-6724
97478,lstick_y,-3653
97478,rstick_y,-1052
97483,lstick_x,-6724
97483,lstick_y,-3653
97483,rstick_y,-1052
97488,lstick_x,-6724
97488,lstick_y,-3653
97488,rstick_y,-1052
97493,lstick_x,-6724
97493,lstick_y,-3653
97493,rstick_y,-1052
97503,lstick_x,-6724
97503,lstick_y,-3653
97503,rstick_y,-1052
97509,lstick_x,-6724
97509,lstick_y,-3653
97509,rstick_y,-1052
97517,lstick_x,-6724
97517,lstick_y,-3653
97517,rstick_y,-1052
97520,lstick_x,-1712
97520,rstick_y,-1052
97524,lstick_x,-1041
97524,rstick_y,-1052
97542,lstick_x,-1041
97542,rstick_y,-1052
97550,rstick_y,-1052
97553,rstick_y,-1052
97557,rstick_y,-1052
97565,rstick_y,-1052
97579,rstick_y,-1052
97587,rstick_y,-1052
97590,rstick_y,-1052
97597,rstick_y,-1052
97607,rstick_y,-1052
97615,rstick_y,-1052
97620,rstick_y,-1052
97639,rstick_y,-1052
97645,rstick_y,-1052
97648,rstick_y,-1052
97653,rstick_y,-1052
97656,rstick_y,-1052
97659,rstick_y,-1052
97672,rstick_y,-1052
97678,rstick_y,-1052
97685,rstick_y,-1052
97695,rstick_y,-1052
97705,rstick_y,-1052
97713,rstick_y,-1052
97731,rstick_y,-1052
97738,rstick_y,-1052
97741,rstick_y,-1052
97749,rstick_y,-1052
97758,rstick_y,-1052
97768,rstick_y,-1052
97771,rstick_y,-1052
97774,rstick_y,-1052
97778,rstick_y,-1052
97781,rstick_y,-1052
97789,rstick_y,-1052
97796,rstick_y,-1052
97803,rstick_y,-1052
97815,rstick_y,-1052
97821,rstick_y,-1052
97829,rstick_y,-1052
97831,rstick_y,-1052
97836,rstick_y,-1052
97839,rstick_y,-1052
97861,rstick_y,-1052
97870,rstick_y,-1052
97877,rstick_y,-1052
97892,rstick_y,-1052
97895,rstick_y,-1052
97910,rstick_y,-1052
97915,rstick_y,-1052
97918,rstick_y,-1052
97921,rstick_y,-1052
97925,rstick_y,-1052
97934,rstick_y,-1052
97942,rstick_y,-1052
97948,rstick_y,-1052
97952,rstick_y,-1052
97956,rstick_y,-1052
97958,rstick_y,-1052
97965,rstick_y,-1052
97979,rstick_y,-1052
97984,rstick_y,-1052
97986,rstick_y,-1052
97990,rstick_y,-1052
98000,rstick_y,-1052
98008,rstick_y,-1052
98012,rstick_y,-1052
98020,rstick_y,-1052
98023,rstick_y,-1052
98029,rstick_y,-1052
98037,rstick_y,-1052
98045,rstick_y,-1052
98053,rstick_y,-1052
98058,rstick_y,-1052
98061,rstick_y,-1052
98069,rstick_y,-1052
98078,rstick_y,-1052
98081,rstick_y,-1052
98085,rstick_y,-1052
98088,rstick_y,-1052
98091,rstick_y,-1052
98101,rstick_y,-1052
98109,rstick_y,-1052
98113,rstick_y,-1052
98117,rstick_y,-1052
98123,rstick_y,-1052
98142,rstick_y,-1052
98146,rstick_y,-1052
98152,rstick_y,-1052
98156,rstick_y,-1052
98160,rstick_y,-1052
98165,rstick_y,-1052
98173,rstick_y,-1052
98180,rstick_y,-1052
98187,rstick_y,-1052
98189,rstick_y,-1052
98199,rstick_y,-1052
98205,rstick_y,-1052
98211,rstick_y,-1052
98228,rstick_y,-1052
98235,rstick_y,-1052
98238,rstick_y,-1052
98245,rstick_y,-1052
98258,rstick_y,-1052
98262,rstick_y,-1052
98265,rstick_y,-1052
98269,rstick_y,-1052
98271,rstick_y,-1052
98274,rstick_y,-1052
98277,rstick_y,-1052
98288,rstick_y,-1052
98293,rstick_y,-1052
98299,rstick_y,-1052
98303,rstick_y,-1052
98309,rstick_y,-1052
98321,rstick_y,-1052
98326,rstick_y,-1052
98338,rstick_y,-1052
98345,rstick_y,-1052
98350,rstick_y,-1052
98353,rstick_y,-1052
98357,rstick_y,-1052
98368,rstick_y,-1052
98375,rstick_y,-1052
98388,rstick_y,-1052
98398,rstick_y,-1052
98404,rstick_y,-1052
98413,rstick_y,-1052
98421,rstick_y,-1052
98432,rstick_y,-1052
98436,rstick_y,-1052
98440,rstick_y,-1052
98445,rstick_y,-1052
98455,rstick_y,-1052
98461,rstick_y,-1052
98469,rstick_y,-1052
98476,rstick_y,-1052
98480,rstick_y,-1052
98485,rstick_y,-1052
98493,rstick_y,-1052
98502,rstick_y,-1052
98514,rstick_y,-1052
98519,rstick_y,-1052
98525,rstick_y,-1052
98534,rstick_y,-1052
98547,rstick_y,-1052
98553,rstick_y,-1052
98557,rstick_y,-1052
98561,rstick_y,-1052
98567,rstick_y,-1052
98573,rstick_y,-1052
98578,rstick_y,-1052
98581,rstick_y,-1052
98590,rstick_y,-1052
98597,rstick_y,-1052
98605,rstick_y,-1052
98608,rstick_y,-1052
98615,rstick_y,-1052
98624,rstick_y,-1052
98629,rstick_y,-1052
98637,rstick_y,-1052
98645,rstick_y,-1052
98653,rstick_y,-1052
98662,rstick_y,-1052
98665,rstick_y,-1052
98669,rstick_y,-1052
98672,rstick_y,-1052
98676,rstick_y,-1052
98685,rstick_y,-1052
98694,rstick_y,-1052
98698,rstick_y,-1052
98702,rstick_y,-1052
98709,rstick_y,-1052
98719,rstick_y,-1052
98724,rstick_y,-1052
98742,rstick_y,-1052
98747,rstick_y,-1052
98753,rstick_y,-1052
98757,rstick_y,-1052
98766,rstick_y,-1052
98771,rstick_y,-1052
98774,rstick_y,-1052
98792,rstick_y,-1052
98797,rstick_y,-1052
98803,rstick_y,-1052
98807,rstick_y,-1052
98817,rstick_y,-1052
98821,rstick_y,-1052
98823,rstick_y,-1052
98830,rstick_y,-1052
98839,rstick_y,-1052
98845,rstick_y,-1052
98852,rstick_y,-1052
98867,rstick_y,-1052
98873,rstick_y,-1052
98879,rstick_y,-1052
98885,rstick_y,-1052
98893,rstick_y,-1052
98896,rstick_y,-1052
98901,rstick_y,-1052
98903,rstick_y,-1052
98909,rstick_y,-1052
98930,rstick_y,-1052
98933,rstick_y,-1052
98937,rstick_y,-1052
98940,rstick_y,-1052
98944,rstick_y,-1052
98994,rstick_y,-1052
98999,rstick_y,-1052
99004,rstick_y,-1052
99014,rstick_y,-1052
99021,rstick_y,-1052
99029,rstick_y,-1052
99041,rstick_y,-1052
99051,rstick_y,-1052
99057,rstick_y,-1052
99066,rstick_y,-1052
99082,rstick_y,-1052
99091,rstick_y,-1052
99101,rstick_y,-1052
99114,rstick_y,-1052
99122,rstick_y,-1052
99125,rstick_y,-1052
99130,rstick_y,-1052
99134,rstick_y,-1052
99160,rstick_y,-1052
99164,rstick_y,-1052
99184,rstick_y,-1052
99190,rstick_y,-1052
99196,rstick_y,-1052
99205,rstick_y,-1052
99232,rstick_y,-1052
99237,rstick_y,-1052
99249,rstick_y,-1052
99253,rstick_y,-1052
99264,rstick_y,-1052
99271,rstick_y,-1052
99279,rstick_y,-1052
99285,rstick_y,-1052
99299,rstick_y,-1052
99302,rstick_y,-1052
99311,rstick_y,-1052
99316,rstick_y,-1052
99327,rstick_y,-1052
99344,rstick_y,-1052
99349,rstick_y,-1052
99360,rstick_y,-1052
99369,rstick_y,-1052
99374,rstick_y,-1052
99383,rstick_y,-1052
99389,rstick_y,-1052
99407,rstick_y,-1052
99413,rstick_y,-1052
99421,rstick_y,-1052
99429,rstick_y,-1052
99440,rstick_y,-1052
99452,rstick_y,-1052
99479,rstick_y,-1052
99485,rstick_y,-1052
99491,lstick_y,-1098
99491,rstick_y,-1052
99499,lstick_y,-1098
99499,rstick_y,-1052
99504,lstick_y,-1098
99504,rstick_y,-1052
99520,lstick_y,-1098
99520,rstick_y,-1052
99530,lstick_y,-1312
99530,rstick_y,-1052
99537,lstick_y,-1312
99537,rstick_y,-1052
99541,lstick_y,-1312
99541,rstick_y,-1052
99549,lstick_y,-1312
99549,rstick_y,-1052
99560,lstick_y,-1312
99560,rstick_y,-1052
99563,lstick_y,-1312
99563,rstick_y,-1052
99569,lstick_y,-1312
99569,rstick_y,-1052
99582,lstick_y,-1312
99582,rstick_y,-1052
99591,lstick_y,-1312
99591,rstick_y,-1052
99595,lstick_y,-1312
99595,rstick_y,-1052
99619,lstick_y,-1312
99619,rstick_y,-1052
99621,lstick_y,-1312
99621,rstick_y,-1052
99637,lstick_x,-2050
99637,lstick_y,-27802
99637,rstick_y,-1052
99640,lstick_x,-2279
99640,lstick_y,-28393
99640,rstick_y,-1052
99646,lstick_x,-2279
99646,lstick_y,-28393
99646,rstick_y,-1052
99653,lstick_x,-2279
99653,lstick_y,-28393
99653,rstick_y,-1052
99670,lstick_x,-2279
99670,lstick_y,-28393
99670,rstick_y,-1052
99680,lstick_x,-2279
99680,lstick_y,-28393
99680,rstick_y,-1052
99687,lstick_x,-2279
99687,lstick_y,-28393
99687,rstick_y,-1052
99695,lstick_x,-2279
99695,lstick_y,-28393
99695,rstick_y,-1052
99716,lstick_x,-2279
99716,lstick_y,-28393
99716,rstick_y,-1052
99728,lstick_x,-2279
99728,lstick_y,-28393
99728,rstick_y,-1052
99739,lstick_x,-2279
99739,lstick_y,-28393
99739,rstick_y,-1052
99742,lstick_x,-2279
99742,lstick_y,-28393
99742,rstick_y,-1052
99747,lstick_x,-3115
99747,lstick_y,-32768
99747,rstick_y,-1052
99751,lstick_x,-3115
99751,lstick_y,-32768
99751,rstick_y,-1052
99757,lstick_x,-3115
99757,lstick_y,-32768
99757,rstick_y,-1052
99765,lstick_x,-3115
99765,lstick_y,-32768
99765,rstick_y,-1052
99790,lstick_x,-3115
99790,lstick_y,-32768
99790,rstick_y,-1052
99796,lstick_x,-3394
99796,lstick_y,-21701
99796,rstick_y,-1052
99801,lstick_x,-3394
99801,lstick_y,-21701
99801,rstick_y,-1052
99814,lstick_x,-3394
99814,lstick_y,-21701
99814,rstick_y,-1052
99822,lstick_x,-3394
99822,lstick_y,-21701
99822,rstick_y,-1052
99831,lstick_x,-3394
99831,lstick_y,-21701
99831,rstick_y,-1052
99841,lstick_x,-3394
99841,lstick_y,-21701
99841,rstick_y,-1052
99846,lstick_x,-3394
99846,lstick_y,-21701
99846,rstick_y,-1052
99853,lstick_x,-3394
99853,lstick_y,-21701
99853,rstick_y,-1052
99856,lstick_x,-3394
99856,lstick_y,-21701
99856,rstick_y,-1052
99860,lstick_x,-3394
99860,lstick_y,-21701
99860,rstick_y,-1052
99863,lstick_x,-3394
99863,lstick_y,-21701
99863,rstick_y,-1052
99869,lstick_x,-3394
99869,lstick_y,-21701
99869,rstick_y,-1052
99879,lstick_x,-3394
99879,lstick_y,-21701
99879,rstick_y,-1052
99886,lstick_x,-3394
99886,lstick_y,-21701
99886,rstick_y,-1052
99892,lstick_x,-1735
99892,lstick_y,-4738
99892,rstick_y,-1052
99901,lstick_x,-1735
99901,lstick_y,-4738
99901,rstick_y,-1052
99912,lstick_x,-1735
99912,lstick_y,-4738
99912,rstick_y,-1052
99918,lstick_x,-1735
99918,lstick_y,-4738
99918,rstick_y,-1052
99921,lstick_x,-1232
99921,lstick_y,-3503
99921,rstick_y,-1052
99925,lstick_x,-1232
99925,lstick_y,-3503
99925,rstick_y,-1052
99928,lstick_x,-1232
99928,lstick_y,-3503
99928,rstick_y,-1052
99933,lstick_x,-1232
99933,lstick_y,-3503
99933,rstick_y,-1052
99941,lstick_x,-1232
99941,lstick_y,-3503
99941,rstick_y,-1052
99949,lstick_x,-1232
99949,lstick_y,-3503
99949,rstick_y,-1052
99953,lstick_x,-1232
99953,lstick_y,-3503
99953,rstick_y,-1052
99957,lstick_x,-1232
99957,lstick_y,-3503
99957,rstick_y,-1052
99965,lstick_x,-1232
99965,lstick_y,-3503
99965,rstick_y,-1052
99973,lstick_x,-1232
99973,lstick_y,-3503
99973,rstick_y,-1052
99982,lstick_x,-1232
99982,lstick_y,-3503
99982,rstick_y,-1052
99987,lstick_x,-1232
99987,lstick_y,-3503
99987,rstick_y,-1052
99990,lstick_x,-1232
99990,lstick_y,-3503
99990,rstick_y,-1052
99993,lstick_x,-1232
99993,lstick_y,-3503
99993,rstick_y,-1052
99996,lstick_x,-1232
99996,lstick_y,-3503
99996,rstick_y,-1052
100005,lstick_x,-1232
100005,lstick_y,-3503
100005,rstick_y,-1052
100013,lstick_x,-1232
100013,lstick_y,-3503
100013,rstick_y,-1052
100021,lstick_y,-1840
100021,rstick_y,-1052
100024,lstick_y,-1840
100024,rstick_y,-1052
100028,lstick_y,-1840
100028,rstick_y,-1052
100043,lstick_y,-1840
100043,rstick_y,-1052
100053,lstick_y,-1840
100053,rstick_y,-1052
100056,lstick_y,-1717
100056,rstick_y,-1052
100059,lstick_y,-1717
100059,rstick_y,-1052
100062,lstick_y,-1717
100062,rstick_y,-1052
100069,lstick_y,-1717
100069,rstick_y,-1052
100077,lstick_y,-1717
100077,rstick_y,-1052
100085,lstick_y,-1717
100085,rstick_y,-1052
100089,lstick_y,-1717
100089,rstick_y,-1052
100092,lstick_y,-1717
100092,rstick_y,-1052
100106,lstick_y,-1717
100106,rstick_y,-1052
100109,lstick_y,-1717
100109,rstick_y,-1052
100114,lstick_y,-1717
100114,rstick_y,-1052
100120,lstick_y,-1717
100120,rstick_y,-1052
100124,lstick_y,-1717
100124,rstick_y,-1052
100127,lstick_y,-1717
100127,rstick_y,-1052
100133,lstick_y,-1717
100133,rstick_y,-1052
100141,lstick_y,-1717
100141,rstick_y,-1052
100149,lstick_y,-1717
100149,rstick_y,-1052
100153,lstick_y,-1304
100153,rstick_y,-1052
100156,lstick_y,-1304
100156,rstick_y,-1052
100171,lstick_y,-1304
100171,rstick_y,-1052
100179,lstick_y,-1273
100179,rstick_y,-1052
100194,lstick_y,-1273
100194,rstick_y,-1052
100199,lstick_y,-1273
100199,rstick_y,-1052
100204,lstick_y,-1273
100204,rstick_y,-1052
100207,lstick_y,-1273
100207,rstick_y,-1052
100213,lstick_y,-1273
100213,rstick_y,-1052
100221,lstick_y,-1273
100221,rstick_y,-1052
100229,lstick_y,-1273
100229,rstick_y,-1052
100236,lstick_y,-1273
100236,rstick_y,-1052
100240,lstick_y,-1273
100240,rstick_y,-1052
100243,lstick_y,-1273
100243,rstick_y,-1052
100253,lstick_y,-1273
100253,rstick_y,-1052
100264,lstick_y,-1273
100264,rstick_y,-1052
100270,lstick_y,-1273
100270,rstick_y,-1052
100277,lstick_y,-1273
100277,rstick_y,-1052
100288,lstick_y,-1273
100288,rstick_y,-1052
100295,lstick_y,-1273
100295,rstick_y,-1052
100301,lstick_y,-1273
100301,rstick_y,-1052
100304,lstick_y,-5028
100304,rstick_y,-1052
100308,lstick_y,-5028
100308,rstick_y,-1052
100311,lstick_y,-12659
100311,rstick_y,-1052
100317,lstick_y,-12659
100317,rstick_y,-1052
100325,lstick_y,-12659
100325,rstick_y,-1052
100333,lstick_y,-12659
100333,rstick_y,-1052
100337,lstick_x,-1062
100337,lstick_y,-13428
100337,rstick_y,-1052
100341,lstick_x,-1062
100341,lstick_y,-13428
100341,rstick_y,-1052
100351,lstick_x,-1062
100351,lstick_y,-13428
100351,rstick_y,-1052
100359,lstick_x,-1062
100359,lstick_y,-13428
100359,rstick_y,-1052
100362,lstick_x,-3680
100362,lstick_y,-22325
100362,rstick_y,-1052
100367,lstick_x,-3680
100367,lstick_y,-22325
100367,rstick_y,-1052
100373,lstick_x,-3680
100373,lstick_y,-22325
100373,rstick_y,-1052
100382,lstick_x,-3680
100382,lstick_y,-22325
100382,rstick_y,-1052
100388,lstick_x,-3680
100388,lstick_y,-22325
100388,rstick_y,-1052
100392,lstick_x,-3680
100392,lstick_y,-22325
100392,rstick_y,-1052
100397,lstick_x,-3680
100397,lstick_y,-22325
100397,rstick_y,-1052
100413,lstick_x,-3680
100413,lstick_y,-22325
100413,rstick_y,-1052
100420,lstick_x,-3680
100420,lstick_y,-22325
100420,rstick_y,-1052
100424,lstick_x,-3680
100424,lstick_y,-22325
100424,rstick_y,-1052
100427,lstick_x,-3680
100427,lstick_y,-22325
100427,rstick_y,-1052
100437,lstick_x,-3680
100437,lstick_y,-22325
100437,rstick_y,-1052
100445,lstick_x,-3680
100445,lstick_y,-22325
100445,rstick_y,-1052
100453,lstick_x,-8336
100453,lstick_y,-25868
100453,rstick_y,-1052
100456,lstick_x,-8336
100456,lstick_y,-25868
100456,rstick_y,-1052
100459,lstick_x,-8336
100459,lstick_y,-25868
100459,rstick_y,-1052
100474,lstick_x,-8336
100474,lstick_y,-25868
100474,rstick_y,-1052
100477,lstick_x,-8336
100477,lstick_y,-25868
100477,rstick_y,-1052
100485,lstick_x,-8336
100485,lstick_y,-25868
100485,rstick_y,-1052
100488,lstick_x,-9124
100488,lstick_y,-25742
100488,rstick_y,-1052
100490,lstick_x,-9124
100490,lstick_y,-25742
100490,rstick_y,-1052
100494,lstick_x,-9124
100494,lstick_y,-25742
100494,rstick_y,-1052
100501,lstick_x,-9124
100501,lstick_y,-25742
100501,rstick_y,-1052
100509,lstick_x,-9124
100509,lstick_y,-25742
100509,rstick_y,-1052
100517,lstick_x,-9124
100517,lstick_y,-25742
100517,rstick_y,-1052
100520,lstick_x,-9124
100520,lstick_y,-25742
100520,rstick_y,-1052
100523,lstick_x,-9124
100523,lstick_y,-25742
100523,rstick_y,-1052
100534,lstick_x,-9124
100534,lstick_y,-25742
100534,rstick_y,-1052
100545,lstick_x,-9124
100545,lstick_y,-25742
100545,rstick_y,-1052
100550,lstick_x,-9124
100550,lstick_y,-25742
100550,rstick_y,-1052
100553,lstick_x,-9124
100553,lstick_y,-25742
100553,rstick_y,-1052
100556,lstick_x,-9124
100556,lstick_y,-25742
100556,rstick_y,-1052
100560,lstick_x,-9124
100560,lstick_y,-25742
100560,rstick_y,-1052
100565,lstick_x,-9124
100565,lstick_y,-25742
100565,rstick_y,-1052
100573,lstick_x,-9124
100573,lstick_y,-25742
100573,rstick_y,-1052
100581,lstick_x,-9124
100581,lstick_y,-25742
100581,rstick_y,-1052
100586,lstick_x,-7489
100586,lstick_y,-8376
100586,rstick_y,-1052
100589,lstick_x,-7489
100589,lstick_y,-8376
100589,rstick_y,-1052
100594,lstick_x,-7489
100594,lstick_y,-8376
100594,rstick_y,-1052
100597,lstick_x,-7489
100597,lstick_y,-8376
100597,rstick_y,-1052
100612,lstick_x,-7489
100612,lstick_y,-8376
100612,rstick_y,-1052
100619,lstick_x,-3361
100619,lstick_y,-1323
100619,rstick_y,-1052
100624,lstick_x,-3361
100624,lstick_y,-1323
100624,rstick_y,-1052
100627,lstick_x,-2749
100627,lstick_y,-1204
100627,rstick_y,-1052
100631,lstick_x,-2749
100631,lstick_y,-1204
100631,rstick_y,-1052
100645,lstick_x,-2749
100645,lstick_y,-1204
100645,rstick_y,-1052
100653,lstick_x,-2749
100653,lstick_y,-1204
100653,rstick_y,-1052
100656,lstick_x,-2253
100656,lstick_y,-1092
100656,rstick_y,-1052
100660,lstick_x,-2253
100660,lstick_y,-1092
100660,rstick_y,-1052
100669,lstick_x,-2253
100669,lstick_y,-1092
100669,rstick_y,-1052
100677,lstick_x,-2253
100677,lstick_y,-1092
100677,rstick_y,-1052
100685,lstick_x,-2253
100685,lstick_y,-1092
100685,rstick_y,-1052
100687,lstick_x,-2253
100687,lstick_y,-1092
100687,rstick_y,-1052
100690,lstick_x,-2253
100690,lstick_y,-1092
100690,rstick_y,-1052
100693,lstick_x,-2253
100693,lstick_y,-1092
100693,rstick_y,-1052
100704,lstick_x,-2253
100704,lstick_y,-1092
100704,rstick_y,-1052
100709,lstick_x,-2253
100709,lstick_y,-1092
100709,rstick_y,-1052
100717,lstick_x,-2253
100717,lstick_y,-1092
100717,rstick_y,-1052
100720,lstick_x,-2253
100720,lstick_y,-1092
100720,rstick_y,-1052
100723,lstick_x,-2253
100723,lstick_y,-1092
100723,rstick_y,-1052
100733,lstick_x,-2253
100733,lstick_y,-1092
100733,rstick_y,-1052
100749,lstick_x,-2253
100749,lstick_y,-1092
100749,rstick_y,-1052
100753,rstick_y,-1052
100757,rstick_y,-1052
100766,rstick_y,-1052
100773,rstick_y,-1052
100778,rstick_y,-1052
100781,rstick_y,-1052
100796,rstick_y,-1052
100807,rstick_y,-1052
100810,rstick_y,-1052
100816,rstick_y,-1052
100821,rstick_y,-1052
100833,rstick_y,-1052
100839,rstick_y,-1052
100845,rstick_y,-1052
100857,rstick_y,-1052
100867,rstick_y,-1052
100870,rstick_y,-1052
100878,rstick_y,-1052
100888,rstick_y,-1052
100894,rstick_y,-1052
100897,rstick_y,-1052
100903,rstick_y,-1052
100909,rstick_y,-1052
100919,rstick_y,-1052
100922,rstick_y,-1052
100925,rstick_y,-1052
100928,rstick_y,-1052
100937,rstick_y,-1052
100948,rstick_y,-1052
100954,rstick_y,-1052
100957,rstick_y,-1052
100965,rstick_y,-1052
100973,rstick_y,-1052
100981,rstick_y,-1052
100986,rstick_y,-1052
100990,rstick_y,-1052
100993,rstick_y,-1052
100997,rstick_y,-1052
101005,rstick_y,-1052
101013,rstick_y,-1052
101020,rstick_y,-1052
101025,rstick_y,-1052
101029,rstick_y,-1052
101045,rstick_y,-1052
101052,rstick_y,-1052
101056,rstick_y,-1052
101060,rstick_y,-1052
101069,rstick_y,-1052
101077,rstick_y,-1052
101085,rstick_y,-1052
101091,rstick_y,-1052
101108,rstick_y,-1052
101117,rstick_y,-1052
101120,rstick_y,-1052
101124,rstick_y,-1052
101128,rstick_y,-1052
101133,rstick_y,-1052
101141,rstick_y,-1052
101149,rstick_y,-1052
101153,rstick_y,-1052
101157,rstick_y,-1052
101162,rstick_y,-1052
101177,rstick_y,-1052
101182,rstick_y,-1052
101186,y,0
101186,rstick_y,-1052
101189,rstick_y,-1052
101194,rstick_y,-1052
101205,rstick_y,-1052
101213,rstick_y,-1052
101220,rstick_y,-1052
101224,rstick_y,-1052
101229,rstick_y,-1052
101240,rstick_y,-1052
101245,rstick_y,-1052
101259,rstick_y,-1052
101263,rstick_y,-1052
101269,rstick_y,-1052
101274,rstick_y,-1052
101277,rstick_y,-1052
101288,rstick_y,-1052
101295,rstick_y,-1052
101301,rstick_y,-1052
101303,rstick_y,-1052
101307,rstick_y,-1052
101310,rstick_y,-1052
101319,rstick_y,-1052
101326,rstick_y,-1052
101334,rstick_y,-1052
101337,rstick_y,-1052
101340,rstick_y,-1052
101349,rstick_y,-1052
101358,rstick_y,-1052
101362,rstick_y,-1052
101373,rstick_y,-1052
101381,rstick_y,-1052
101388,lstick_y,1329
101388,rstick_y,-1052
101397,lstick_y,1329
101397,rstick_y,-1052
101405,lstick_y,1329
101405,rstick_y,-1052
101412,lstick_y,1838
101412,rstick_y,-1052
101421,lstick_y,1838
101421,rstick_y,-1052
101430,lstick_y,1838
101430,rstick_y,-1052
101437,lstick_y,1838
101437,rstick_y,-1052
101445,lstick_x,-1120
101445,lstick_y,2092
101445,rstick_y,-1052
101458,lstick_x,-1120
101458,lstick_y,2092
101458,rstick_y,-1052
101461,lstick_x,-1368
101461,lstick_y,2177
101461,rstick_y,-1052
101471,lstick_x,-1368
101471,lstick_y,2177
101471,rstick_y,-1052
101479,lstick_x,-1368
101479,lstick_y,2177
101479,rstick_y,-1052
101485,lstick_x,-1368
101485,lstick_y,2177
101485,rstick_y,-1052
101490,lstick_x,-1746
101490,lstick_y,2301
101490,rstick_y,-1052
101493,lstick_x,-1746
101493,lstick_y,2301
101493,rstick_y,-1052
101506,lstick_x,-1746
101506,lstick_y,2301
101506,rstick_y,-1052
101509,lstick_x,-1746
101509,lstick_y,2301
101509,rstick_y,-1052
101517,lstick_x,-1989
101517,lstick_y,2351
101517,rstick_y,-1052
101526,lstick_x,-1989
101526,lstick_y,2351
101526,rstick_y,-1052
101533,lstick_x,-1989
101533,lstick_y,2351
101533,rstick_y,-1052
101536,lstick_x,-2075
101536,lstick_y,2417
101536,rstick_y,-1052
101542,lstick_x,-2075
101542,lstick_y,2417
101542,rstick_y,-1052
101552,lstick_x,-2075
101552,lstick_y,2417
101552,rstick_y,-1052
101557,lstick_x,-2075
101557,lstick_y,2417
101557,rstick_y,-1052
101561,lstick_x,-2199
101561,lstick_y,2417
101561,rstick_y,-1052
101578,lstick_x,-2199
101578,lstick_y,2417
101578,rstick_y,-1052
101581,lstick_x,-2199
101581,lstick_y,2417
101581,rstick_y,-1052
101587,lstick_x,-2262
101587,lstick_y,2417
101587,rstick_y,-1052
101597,lstick_x,-2262
101597,lstick_y,2417
101597,rstick_y,-1052
101605,lstick_x,-2262
101605,lstick_y,2417
101605,rstick_y,-1052
101609,lstick_x,-2262
101609,lstick_y,2417
101609,rstick_y,-1052
101612,lstick_x,-2262
101612,lstick_y,2417
101612,rstick_y,-1052
101630,lstick_x,-2262
101630,lstick_y,2417
101630,rstick_y,-1052
101637,lstick_x,-2262
101637,lstick_y,2104
101637,rstick_y,-1052
101649,lstick_x,-2262
101649,lstick_y,2104
101649,rstick_y,-1052
101653,lstick_x,-2262
101653,lstick_y,2104
101653,rstick_y,-1052
101656,lstick_x,-1989
101656,lstick_y,1955
101656,rstick_y,-1052
101659,lstick_x,-1989
101659,lstick_y,1955
101659,rstick_y,-1052
101661,lstick_x,-1778
101661,lstick_y,1718
101669,lstick_x,-1778
101669,lstick_y,1718
101680,lstick_x,-1778
101680,lstick_y,1718
101685,lstick_x,-1778
101685,lstick_y,1718
101693,lstick_x,-1700
101693,lstick_y,1634
101701,lstick_x,-1700
101701,lstick_y,1634
101707,lstick_x,-1572
101707,lstick_y,1502
101711,lstick_x,-1572
101711,lstick_y,1502
101717,lstick_x,-1572
101717,lstick_y,1502
101730,lstick_x,-1572
101730,lstick_y,1502
101736,lstick_x,-1572
101736,lstick_y,1502
101741,lstick_x,-1524
101741,lstick_y,1387
101749,lstick_x,-1524
101749,lstick_y,1387
101757,lstick_x,-1524
101757,lstick_y,1387
101761,lstick_x,-1454
101761,lstick_y,1387
101765,lstick_x,-1454
101765,lstick_y,1387
101774,lstick_x,-1454
101774,lstick_y,1387
101782,lstick_x,-1454
101782,lstick_y,1387
101788,lstick_x,-1423
101788,lstick_y,1280
101790,lstick_x,-1423
101790,lstick_y,1280
101798,lstick_x,-1423
101798,lstick_y,1280
101805,lstick_x,-1423
101805,lstick_y,1280
101812,lstick_x,-1343
101812,lstick_y,1280
101822,lstick_x,-1343
101822,lstick_y,1280
101829,lstick_x,-1343
101829,lstick_y,1280
101832,lstick_x,-1311
101832,lstick_y,1216
101837,lstick_x,-1311
101837,lstick_y,1216
101846,lstick_x,-1311
101846,lstick_y,1216
101853,lstick_x,-1311
101853,lstick_y,1216
101857,lstick_x,-1311
101857,lstick_y,1216
101860,lstick_x,-1311
101860,lstick_y,1216
101881,lstick_x,-1311
101881,lstick_y,1216
101885,lstick_x,-1311
101885,lstick_y,1216
101893,lstick_x,-1237
101893,lstick_y,1216
101901,lstick_x,-1237
101901,lstick_y,1216
101906,lstick_x,-1206
101906,lstick_y,1181
101909,lstick_x,-1206
101909,lstick_y,1181
101912,lstick_x,-1206
101912,lstick_y,1181
101931,lstick_x,-1206
101931,lstick_y,1181
101937,lstick_x,-1206
101937,lstick_y,1181
101943,lstick_x,-1206
101943,lstick_y,1181
101949,lstick_x,-1206
101949,lstick_y,1181
101957,lstick_x,-1206
101957,lstick_y,1181
101960,lstick_x,-1206
101960,lstick_y,1181
101971,lstick_x,-1206
101971,lstick_y,1181
101975,lstick_x,-1206
101975,lstick_y,1181
101981,lstick_x,-1206
101981,lstick_y,1181
101986,lstick_x,-1206
101986,lstick_y,1181
101997,lstick_x,-1206
101997,lstick_y,1181
102005,lstick_x,-1206
102005,lstick_y,1181
102008,lstick_x,-1206
102008,lstick_y,1181
102012,lstick_x,-1206
102012,lstick_y,1181
102028,lstick_x,-1206
102028,lstick_y,1181
102037,lstick_x,-1206
102037,lstick_y,1181
102045,lstick_x,-1206
102045,lstick_y,1181
102053,lstick_x,-1206
102053,lstick_y,1181
102056,lstick_x,-1206
102056,lstick_y,1181
102059,lstick_x,-1206
102059,lstick_y,1181
102071,lstick_x,-1206
102071,lstick_y,1181
102079,lstick_x,-1206
102079,lstick_y,1181
102085,lstick_x,-1206
102085,lstick_y,1181
102093,lstick_x,-1206
102093,lstick_y,1181
102103,lstick_x,-1206
102103,lstick_y,1181
102109,lstick_x,-1138
102109,lstick_y,1181
102126,lstick_x,-1138
102126,lstick_y,1102
102135,lstick_x,-1138
102135,lstick_y,1102
102138,lstick_x,-1138
102138,lstick_y,1102
102141,lstick_x,-1138
102141,lstick_y,1102
102151,lstick_x,-1138
102151,lstick_y,1102
102157,lstick_x,-1138
102157,lstick_y,1102
102160,lstick_x,-1138
102160,lstick_y,1064
102179,lstick_x,-1138
102179,lstick_y,1064
102187,lstick_x,-1138
102190,lstick_x,-1138
102199,lstick_x,-1138
102206,lstick_x,-1138
102210,lstick_x,-1138
102214,lstick_x,-1138
102229,lstick_x,-1138
102237,lstick_x,-1138
102245,lstick_x,-1138
102254,lstick_x,-1138
102258,lstick_x,-1138
102261,lstick_x,-1138
102308,lstick_y,1217
102330,lstick_y,1217
102333,lstick_y,1217
102337,lstick_y,1722
102337,rstick_y,-1394
102341,lstick_y,1722
102341,rstick_y,-1394
102350,lstick_y,1722
102350,rstick_y,-1394
102356,lstick_y,1946
102356,rstick_y,-1640
102359,lstick_y,1946
102359,rstick_y,-1640
102365,lstick_y,1946
102365,rstick_y,-1640
102374,lstick_y,1946
102374,rstick_y,-1640
102383,lstick_y,2125
102383,rstick_y,-1874
102387,lstick_y,2263
102387,rstick_y,-2067
102390,lstick_y,2263
102390,rstick_y,-2067
102397,lstick_y,2263
102397,rstick_y,-2067
102405,lstick_y,2263
102405,rstick_y,-2067
102409,lstick_y,2373
102409,rstick_y,-2221
102412,lstick_y,2443
102412,rstick_y,-2355
102429,lstick_y,2443
102429,rstick_y,-2355
102438,lstick_y,2470
102438,rstick_y,-2446
102446,lstick_y,2470
102446,rstick_y,-2446
102453,lstick_y,2470
102453,rstick_y,-2446
102458,lstick_y,2470
102458,rstick_y,-2563
102461,lstick_y,2470
102461,rstick_y,-2563
102479,lstick_y,2470
102479,rstick_y,-2563
102485,lstick_y,2276
102485,rstick_y,-2563
102488,lstick_y,2124
102488,rstick_y,-2563
102493,lstick_y,2124
102493,rstick_y,-2563
102503,lstick_y,2124
102503,rstick_y,-2563
102509,lstick_y,2124
102509,rstick_y,-2563
102528,lstick_y,1973
102528,rstick_y,-2563
102534,lstick_y,1704
102534,rstick_y,-2407
102537,lstick_y,1704
102537,rstick_y,-2407
102541,lstick_y,1704
102541,rstick_y,-2407
102553,lstick_y,1704
102553,rstick_y,-2407
102557,lstick_y,1704
102557,rstick_y,-2407
102560,lstick_y,1554
102560,rstick_y,-2351
102565,lstick_y,1375
102565,rstick_y,-2275
102575,lstick_y,1375
102575,rstick_y,-2275
102581,lstick_y,1375
102581,rstick_y,-2275
102587,lstick_y,1138
102587,rstick_y,-2183
102602,lstick_y,1138
102602,rstick_y,-2183
102605,lstick_y,1138
102605,rstick_y,-2183
102609,rstick_y,-2025
102613,rstick_y,-2025
102621,rstick_y,-2025
102629,rstick_y,-2025
102636,rstick_y,-1977
102647,rstick_y,-1977
102654,rstick_y,-1977
102658,rstick_y,-1977
102660,rstick_y,-1977
102663,rstick_y,-1977
102678,rstick_y,-1977
102682,rstick_y,-1895
102686,rstick_y,-1875
102694,rstick_y,-1875
102701,rstick_y,-1875
102705,rstick_y,-1875
102709,rstick_y,-1875
102717,rstick_y,-1875
102726,rstick_y,-1875
102730,rstick_x,1071
102730,rstick_y,-1875
102733,rstick_x,1071
102733,rstick_y,-1875
102736,rstick_x,1071
102736,rstick_y,-1875
102741,rstick_x,1071
102741,rstick_y,-1875
102754,rstick_x,1071
102754,rstick_y,-1875
102757,rstick_x,1318
102757,rstick_y,-2154
102760,rstick_x,1318
102760,rstick_y,-2154
102765,rstick_x,1318
102765,rstick_y,-2154
102780,rstick_x,1318
102780,rstick_y,-2154
102784,rstick_x,1473
102784,rstick_y,-2326
102787,rstick_x,1646
102787,rstick_y,-2531
102791,rstick_x,1646
102791,rstick_y,-2531
102797,rstick_x,1646
102797,rstick_y,-2531
102805,rstick_x,1646
102805,rstick_y,-2531
102808,rstick_x,1857
102808,rstick_y,-2746
102813,rstick_x,1857
102813,rstick_y,-2746
102823,rstick_x,1857
102823,rstick_y,-2746
102829,rstick_x,1857
102829,rstick_y,-2746
102837,rstick_x,2319
102837,rstick_y,-3063
102845,rstick_x,2319
102845,rstick_y,-3063
102853,rstick_x,2319
102853,rstick_y,-3063
102859,rstick_x,2503
102859,rstick_y,-3184
102873,rstick_x,2650
102873,rstick_y,-3264
102878,rstick_x,2650
102878,rstick_y,-3264
102884,rstick_x,2767
102884,rstick_y,-3328
102893,rstick_x,2767
102893,rstick_y,-3328
102901,rstick_x,2767
102901,rstick_y,-3328
102906,lstick_y,1028
102906,rstick_x,2945
102906,rstick_y,-3371
102908,lstick_y,1028
102908,rstick_x,2945
102908,rstick_y,-3371
102912,lstick_y,1028
102912,rstick_x,2945
102912,rstick_y,-3371
102919,lstick_y,1028
102919,rstick_x,2945
102919,rstick_y,-3371
102925,lstick_y,1028
102925,rstick_x,2945
102925,rstick_y,-3371
102934,lstick_y,1167
102934,rstick_x,3008
102934,rstick_y,-3371
102941,lstick_y,1278
102941,rstick_x,3059
102941,rstick_y,-3371
102954,lstick_y,1278
102954,rstick_x,3059
102954,rstick_y,-3371
102957,lstick_y,1278
102957,rstick_x,3059
102957,rstick_y,-3371
102961,lstick_y,1373
102961,rstick_x,3059
102961,rstick_y,-3371
102964,lstick_y,1373
102964,rstick_x,3059
102964,rstick_y,-3371
102979,lstick_y,1373
102979,rstick_x,3059
102979,rstick_y,-3371
102986,lstick_y,1509
102986,rstick_x,3156
102986,rstick_y,-3371
102989,lstick_y,1509
102989,rstick_x,3156
102989,rstick_y,-3371
102997,lstick_y,1509
102997,rstick_x,3156
102997,rstick_y,-3371
103005,lstick_y,1509
103005,rstick_x,3156
103005,rstick_y,-3371
103008,lstick_y,1557
103008,rstick_x,3156
103008,rstick_y,-3371
103010,lstick_y,1557
103010,rstick_x,3156
103010,rstick_y,-3371
103017,lstick_y,1557
103017,rstick_x,3156
103017,rstick_y,-3371
103024,lstick_y,1557
103024,rstick_x,3156
103024,rstick_y,-3371
103029,lstick_y,1557
103029,rstick_x,3156
103029,rstick_y,-3371
103036,lstick_y,1627
103036,rstick_x,3156
103036,rstick_y,-3224
103045,lstick_y,1627
103045,rstick_x,3156
103045,rstick_y,-3224
103053,lstick_y,1627
103053,rstick_x,3156
103053,rstick_y,-3224
103057,lstick_y,1666
103057,rstick_x,3156
103057,rstick_y,-3127
103061,lstick_y,1666
103061,rstick_x,3156
103061,rstick_y,-3127
103074,lstick_y,1666
103074,rstick_x,3156
103074,rstick_y,-3127
103078,lstick_y,1666
103078,rstick_x,3156
103078,rstick_y,-3127
103085,lstick_y,1666
103085,rstick_x,3156
103085,rstick_y,-3049
103095,lstick_y,1666
103095,rstick_x,2958
103095,rstick_y,-2932
103101,lstick_y,1666
103101,rstick_x,2958
103101,rstick_y,-2932
103106,lstick_y,1666
103106,rstick_x,2767
103106,rstick_y,-2777
103109,lstick_y,1666
103109,rstick_x,2767
103109,rstick_y,-2777
103111,lstick_y,1666
103111,rstick_x,2767
103111,rstick_y,-2777
103120,lstick_y,1666
103120,rstick_x,2767
103120,rstick_y,-2777
103129,lstick_y,1666
103129,rstick_x,2767
103129,rstick_y,-2777
103133,lstick_y,1666
103133,rstick_x,2405
103133,rstick_y,-2184
103136,lstick_y,1666
103136,rstick_x,2405
103136,rstick_y,-2184
103143,lstick_y,1666
103143,rstick_x,2405
103143,rstick_y,-2184
103149,lstick_y,1666
103149,rstick_x,2405
103149,rstick_y,-2184
103157,lstick_y,1764
103157,rstick_x,2257
103157,rstick_y,-1607
103161,lstick_y,2210
103161,rstick_x,2108
103165,lstick_y,2210
103165,rstick_x,2108
103173,lstick_y,2210
103173,rstick_x,2108
103180,lstick_y,2210
103180,rstick_x,2108
103187,lstick_y,2210
103187,rstick_x,2108
103192,lstick_y,9544
103192,rstick_x,1981
103197,lstick_y,9544
103197,rstick_x,1981
103205,lstick_y,9544
103205,rstick_x,1981
103208,lstick_x,1335
103208,lstick_y,10836
103208,rstick_x,1932
103208,rstick_y,12549
103211,lstick_x,1335
103211,lstick_y,10836
103211,rstick_x,1932
103211,rstick_y,12549
103220,lstick_x,1335
103220,lstick_y,10836
103220,rstick_x,1932
103220,rstick_y,12549
103229,lstick_x,1335
103229,lstick_y,10836
103229,rstick_x,1932
103229,rstick_y,12549
103237,lstick_x,2596
103237,lstick_y,21512
103237,rstick_x,2382
103237,rstick_y,23788
103245,lstick_x,14230
103245,lstick_y,22353
103245,rstick_x,3563
103245,rstick_y,32767
103253,lstick_x,14230
103253,lstick_y,22353
103253,rstick_x,3563
103253,rstick_y,32767
103257,lstick_x,26083
103257,lstick_y,22632
103257,rstick_x,2938
103257,rstick_y,32767
103260,lstick_x,26083
103260,lstick_y,22632
103260,rstick_x,2938
103260,rstick_y,32767
103278,lstick_x,26083
103278,lstick_y,22632
103278,rstick_x,2938
103278,rstick_y,32767
103285,lstick_x,26598
103285,lstick_y,22501
103285,rstick_x,-4123
103285,rstick_y,32767
103293,lstick_x,27307
103293,lstick_y,21819
103293,rstick_x,-4850
103293,rstick_y,32767
103304,lstick_x,27307
103304,lstick_y,21819
103304,rstick_x,-4850
103304,rstick_y,32767
103308,rstick_btn,1
103308,lstick_x,28075
103308,lstick_y,20914
103308,rstick_x,-5566
103308,rstick_y,32767
103311,lstick_x,28885
103311,lstick_y,20087
103311,rstick_x,-6156
103311,rstick_y,32767
103319,lstick_x,28885
103319,lstick_y,20087
103319,rstick_x,-6156
103319,rstick_y,32767
103329,lstick_x,28885
103329,lstick_y,20087
103329,rstick_x,-6156
103329,rstick_y,32767
103334,lstick_x,29545
103334,lstick_y,19346
103334,rstick_x,-6640
103334,rstick_y,32767
103341,lstick_x,29545
103341,lstick_y,19346
103341,rstick_x,-6640
103341,rstick_y,32767
103354,lstick_x,29545
103354,lstick_y,19346
103354,rstick_x,-6640
103354,rstick_y,32767
103357,lstick_x,30500
103357,lstick_y,18205
103357,rstick_x,-7347
103357,rstick_y,32767
103360,lstick_x,30500
103360,lstick_y,18205
103360,rstick_x,-7347
103360,rstick_y,32767
103365,lstick_x,30500
103365,lstick_y,18205
103365,rstick_x,-7347
103365,rstick_y,32767
103378,lstick_x,30500
103378,lstick_y,18205
103378,rstick_x,-7347
103378,rstick_y,32767
103381,lstick_x,30837
103381,lstick_y,17800
103381,rstick_x,-7674
103381,rstick_y,32767
103387,lstick_x,31107
103387,lstick_y,17476
103387,rstick_x,-7971
103387,rstick_y,32767
103397,lstick_x,31107
103397,lstick_y,17476
103397,rstick_x,-7971
103397,rstick_y,32767
103405,lstick_x,31317
103405,lstick_y,17257
103405,rstick_x,-8214
103405,rstick_y,32767
103408,lstick_x,31317
103408,lstick_y,17257
103408,rstick_x,-8214
103408,rstick_y,32767
103412,lstick_x,31317
103412,lstick_y,17257
103412,rstick_x,-8214
103412,rstick_y,32767
103424,lstick_x,31317
103424,lstick_y,17257
103424,rstick_x,-8214
103424,rstick_y,32767
103429,lstick_x,31317
103429,lstick_y,17257
103429,rstick_x,-8214
103429,rstick_y,32767
103437,lstick_x,31396
103437,lstick_y,17507
103437,rstick_x,-8560
103437,rstick_y,32767
103446,lstick_x,31396
103446,lstick_y,17507
103446,rstick_x,-8560
103446,rstick_y,32767
103453,lstick_x,31396
103453,lstick_y,17507
103453,rstick_x,-8560
103453,rstick_y,32767
103457,lstick_x,30981
103457,lstick_y,18236
103457,rstick_x,-8685
103457,rstick_y,32767
103460,lstick_x,30981
103460,lstick_y,18236
103460,rstick_x,-8685
103460,rstick_y,32767
103462,lstick_x,30582
103462,lstick_y,19116
103462,rstick_x,-8780
103462,rstick_y,32767
103471,lstick_x,30582
103471,lstick_y,19116
103471,rstick_x,-8780
103471,rstick_y,32767
103478,lstick_x,30582
103478,lstick_y,19116
103478,rstick_x,-8780
103478,rstick_y,32767
103485,lstick_x,30582
103485,lstick_y,19116
103485,rstick_x,-8780
103485,rstick_y,32767
103495,lstick_x,30049
103495,lstick_y,19980
103495,rstick_x,-8861
103495,rstick_y,32767
103506,lstick_x,30049
103506,lstick_y,19980
103506,rstick_x,-8861
103506,rstick_y,32767
103510,lstick_x,28770
103510,lstick_y,21902
103510,rstick_x,-8973
103510,rstick_y,32767
103520,lstick_x,28770
103520,lstick_y,21902
103520,rstick_x,-8973
103520,rstick_y,32767
103528,lstick_x,28770
103528,lstick_y,21902
103528,rstick_x,-8973
103528,rstick_y,32767
103533,lstick_x,28250
103533,lstick_y,22660
103533,rstick_x,-9051
103533,rstick_y,32767
103537,lstick_x,27810
103537,lstick_y,23272
103537,rstick_x,-9393
103537,rstick_y,32767
103541,lstick_x,27810
103541,lstick_y,23272
103541,rstick_x,-9393
103541,rstick_y,32767
103550,lstick_x,27810
103550,lstick_y,23272
103550,rstick_x,-9393
103550,rstick_y,32767
103555,rstick_btn,0
103555,lstick_x,27535
103555,lstick_y,23619
103555,rstick_x,-10022
103555,rstick_y,32767
103558,lstick_x,27535
103558,lstick_y,23619
103558,rstick_x,-10022
103558,rstick_y,32767
103561,lstick_x,27535
103561,lstick_y,23619
103561,rstick_x,-10022
103561,rstick_y,32767
103565,lstick_x,27535
103565,lstick_y,23619
103565,rstick_x,-10022
103565,rstick_y,32767
103575,lstick_x,27535
103575,lstick_y,23619
103575,rstick_x,-10022
103575,rstick_y,32767
103581,lstick_x,27535
103581,lstick_y,23619
103581,rstick_x,-10022
103581,rstick_y,32767
103586,lstick_x,27363
103586,lstick_y,23639
103586,rstick_x,-10589
103586,rstick_y,32767
103592,lstick_x,27363
103592,lstick_y,23639
103592,rstick_x,-10589
103592,rstick_y,32767
103597,lstick_x,27363
103597,lstick_y,23639
103597,rstick_x,-10589
103597,rstick_y,32767
103605,lstick_x,27363
103605,lstick_y,23639
103605,rstick_x,-10589
103605,rstick_y,32767
103608,lstick_x,27320
103608,lstick_y,23438
103608,rstick_x,-11066
103608,rstick_y,32767
103611,lstick_x,26924
103611,lstick_y,23099
103611,rstick_x,-11472
103611,rstick_y,32767
103629,lstick_x,26924
103629,lstick_y,23099
103629,rstick_x,-11472
103629,rstick_y,32767
103635,lstick_x,19649
103635,lstick_y,22773
103635,rstick_x,-11802
103635,rstick_y,32585
103638,lstick_x,19649
103638,lstick_y,22773
103638,rstick_x,-11802
103638,rstick_y,32585
103646,lstick_x,19649
103646,lstick_y,22773
103646,rstick_x,-11802
103646,rstick_y,32585
103653,lstick_x,19649
103653,lstick_y,22773
103653,rstick_x,-11802
103653,rstick_y,32585
103658,lstick_x,8004
103658,lstick_y,20408
103658,rstick_x,-1673
103658,rstick_y,13627
103661,lstick_x,8004
103661,lstick_y,20408
103661,rstick_x,-1673
103661,rstick_y,13627
103670,lstick_x,8004
103670,lstick_y,20408
103670,rstick_x,-1673
103670,rstick_y,13627
103679,lstick_x,8004
103679,lstick_y,20408
103679,rstick_x,-1673
103679,rstick_y,13627
103684,lstick_x,1424
103684,lstick_y,10648
103684,rstick_x,-1212
103689,lstick_x,1424
103689,lstick_y,10648
103689,rstick_x,-1212
103693,lstick_x,1424
103693,lstick_y,10648
103693,rstick_x,-1212
103701,lstick_x,1424
103701,lstick_y,10648
103701,rstick_x,-1212
103708,lstick_x,1424
103708,lstick_y,10648
103708,rstick_x,-1212
103713,lstick_x,1424
103713,lstick_y,10648
103713,rstick_x,-1212
103717,lstick_x,1424
103717,lstick_y,10648
103717,rstick_x,-1212
103729,lstick_x,1424
103729,lstick_y,10648
103729,rstick_x,-1212
105482,lstick_x,-1066
105489,lstick_x,-1066
105492,lstick_x,-1132
105496,lstick_x,-1132
105499,lstick_x,-1132
105509,lstick_x,-1132
105520,lstick_x,-1132
105525,lstick_x,-1132
105528,lstick_x,-1179
105533,lstick_x,-1179
105542,lstick_x,-1179
105550,lstick_x,-1179
105557,lstick_x,-1179
105565,lstick_x,-1291
105569,lstick_x,-1291
105574,lstick_x,-1291
105579,lstick_x,-1291
105582,lstick_x,-1291
105586,lstick_x,-1291
105589,lstick_x,-1291
105600,lstick_x,-1291
105603,lstick_x,-1291
105613,lstick_x,-1291
105616,lstick_x,-1291
105623,lstick_x,-1291
105631,lstick_x,-1291
105636,lstick_x,-1291
105640,lstick_x,-1291
105647,lstick_x,-1291
105660,lstick_x,-1291
105669,lstick_x,-1291
105677,lstick_x,-1291
105687,lstick_x,-1291
105692,lstick_x,-1291
105696,lstick_x,-1291
105701,lstick_x,-1291
105708,lstick_x,-1291
105713,lstick_x,-1291
105718,lstick_x,-1291
105726,lstick_x,-1291
105733,lstick_x,-1291
105742,lstick_x,-1291
105751,lstick_x,-1291
105759,lstick_x,-1291
105762,lstick_x,-1291
105767,lstick_x,-1291
105772,lstick_x,-1291
105781,lstick_x,-1291
105790,lstick_x,-1291
105796,lstick_x,-1291
105800,lstick_x,-1291
105807,lstick_x,-1291
105815,lstick_x,-1291
105825,lstick_x,-1291
105830,lstick_x,-1291
105836,lstick_x,-1291
105840,lstick_x,-1291
105845,lstick_x,-1291
105853,lstick_x,-1291
105858,lstick_x,-1291
105861,lstick_x,-1291
105870,lstick_x,-1291
105877,lstick_x,-1291
105886,lstick_x,-1291
105890,lstick_x,-1552
105893,lstick_x,-2407
105901,lstick_x,-2407
105911,lstick_x,-2407
105917,lstick_x,-2407
105928,lstick_x,-2407
105938,lstick_x,-2407
105940,lstick_x,-20071
105940,lstick_y,2615
105946,lstick_x,-20071
105946,lstick_y,2615
105957,lstick_x,-20071
105957,lstick_y,2615
105965,lstick_x,-20071
105965,lstick_y,2615
105973,lstick_x,-20071
105973,lstick_y,2615
105975,lstick_x,-21391
105975,lstick_y,4141
105978,lstick_x,-21391
105978,lstick_y,4141
105982,lstick_x,-21391
105982,lstick_y,4141
105989,lstick_x,-21391
105989,lstick_y,4141
105997,lstick_x,-21391
105997,lstick_y,4141
106009,lstick_x,-21391
106009,lstick_y,4141
106013,lstick_x,-21391
106013,lstick_y,4141
106021,lstick_x,-32768
106021,lstick_y,5925
106028,lstick_x,-32768
106028,lstick_y,6341
106031,lstick_x,-32768
106031,lstick_y,6341
106038,lstick_x,-32768
106038,lstick_y,6341
106045,lstick_x,-32768
106045,lstick_y,6341
106057,lstick_x,-32768
106057,lstick_y,6341
106061,lstick_x,-32768
106061,lstick_y,6937
106069,lstick_x,-32768
106069,lstick_y,6937
106077,lstick_x,-32768
106077,lstick_y,6937
106092,lstick_x,-32768
106092,lstick_y,6937
106097,lstick_x,-32768
106097,lstick_y,7312
106101,lstick_x,-32768
106101,lstick_y,7312
106107,lstick_x,-32768
106107,lstick_y,7445
106112,lstick_x,-32768
106112,lstick_y,7445
106118,lstick_x,-32768
106118,lstick_y,7445
106128,lstick_x,-32768
106128,lstick_y,7445
106134,lstick_x,-32768
106134,lstick_y,7552
106140,lstick_x,-32656
106140,lstick_y,7563
106144,lstick_x,-32656
106144,lstick_y,7563
106151,lstick_x,-31447
106151,lstick_y,7275
106157,lstick_x,-31447
106157,lstick_y,7275
106165,lstick_x,-31447
106165,lstick_y,7275
106173,lstick_x,-31447
106173,lstick_y,7275
106177,lstick_x,-19231
106177,lstick_y,5799
106182,lstick_x,-19231
106182,lstick_y,5799
106186,lstick_x,-19231
106186,lstick_y,5799
106189,lstick_x,-19231
106189,lstick_y,5799
106196,lstick_x,-9990
106196,lstick_y,5085
106205,lstick_x,-9990
106205,lstick_y,5085
106209,lstick_x,-9139
106209,lstick_y,4477
106215,lstick_x,-9139
106215,lstick_y,4477
106225,lstick_x,-9139
106225,lstick_y,4477
106229,lstick_x,-9139
106229,lstick_y,4477
106239,lstick_x,-9139
106239,lstick_y,4477
106245,lstick_x,-6659
106245,lstick_y,3399
106253,lstick_x,-6659
106253,lstick_y,3399
106261,lstick_x,-6659
106261,lstick_y,3399
106270,lstick_x,-6659
106270,lstick_y,3399
106273,lstick_x,-4843
106273,lstick_y,2680
106277,lstick_x,-4843
106277,lstick_y,2680
106286,lstick_x,-4843
106286,lstick_y,2680
106295,lstick_x,-4843
106295,lstick_y,2680
106304,lstick_x,-4843
106304,lstick_y,2680
106307,lstick_x,-3655
106307,lstick_y,2221
106309,lstick_x,-3655
106309,lstick_y,2221
106317,lstick_x,-3655
106317,lstick_y,2221
106327,lstick_x,-3655
106327,lstick_y,2221
106333,lstick_x,-3655
106333,lstick_y,2221
106336,lstick_x,-3233
106336,lstick_y,2066
106339,lstick_x,-3233
106339,lstick_y,2066
106342,lstick_x,-2895
106342,lstick_y,1942
106345,lstick_x,-2895
106345,lstick_y,1942
106349,lstick_x,-2895
106349,lstick_y,1942
106357,lstick_x,-2895
106357,lstick_y,1942
106366,lstick_x,-2895
106366,lstick_y,1942
106373,lstick_x,-2895
106373,lstick_y,1942
106376,lstick_x,-2236
106376,lstick_y,1714
106379,lstick_x,-2236
106379,lstick_y,1714
106383,lstick_x,-2236
106383,lstick_y,1714
106396,lstick_x,-2236
106396,lstick_y,1714
106403,lstick_x,-2564
106403,lstick_y,1670
106407,lstick_x,-2564
106407,lstick_y,1670
106411,lstick_x,-2564
106411,lstick_y,1670
106421,lstick_x,-2564
106421,lstick_y,1670
106429,lstick_x,-2564
106429,lstick_y,1670
106437,lstick_x,-2564
106437,lstick_y,1670
106445,lstick_x,-10165
106445,lstick_y,2393
106456,lstick_x,-10165
106456,lstick_y,2393
106463,lstick_x,-10165
106463,lstick_y,2393
106471,lstick_x,-21550
106471,lstick_y,4398
106480,lstick_x,-21550
106480,lstick_y,4398
106488,lstick_x,-21550
106488,lstick_y,4398
106493,lstick_x,-21550
106493,lstick_y,4398
106501,lstick_x,-29959
106501,lstick_y,6992
106509,lstick_x,-29959
106509,lstick_y,6992
106519,lstick_x,-29959
106519,lstick_y,6992
106523,lstick_x,-30534
106523,lstick_y,9091
106526,lstick_x,-30534
106526,lstick_y,9091
106533,lstick_x,-30534
106533,lstick_y,9091
106542,lstick_x,-30534
106542,lstick_y,9091
106554,lstick_x,-30534
106554,lstick_y,9091
106562,lstick_x,-30902
106562,lstick_y,10445
106565,lstick_x,-30902
106565,lstick_y,10445
106573,lstick_x,-30902
106573,lstick_y,10445
106581,lstick_x,-30902
106581,lstick_y,10445
106586,lstick_x,-29470
106586,lstick_y,11286
106589,lstick_x,-29470
106589,lstick_y,11286
106592,lstick_x,-29470
106592,lstick_y,11286
106594,lstick_x,-29470
106594,lstick_y,11286
106598,lstick_x,-29470
106598,lstick_y,11286
106605,lstick_x,-29470
106605,lstick_y,11286
106613,lstick_x,-29470
106613,lstick_y,11286
106620,lstick_x,-15185
106620,lstick_y,11108
106623,lstick_x,-15185
106623,lstick_y,11108
106629,lstick_x,-15185
106629,lstick_y,11108
106637,lstick_x,-5304
106637,lstick_y,10924
106645,lstick_x,-5304
106645,lstick_y,10924
106653,lstick_x,-4469
106653,lstick_y,10754
106656,lstick_x,-3262
106656,lstick_y,10619
106660,lstick_x,-3262
106660,lstick_y,10619
106663,lstick_x,-3262
106663,lstick_y,10619
106669,lstick_x,-3262
106669,lstick_y,10619
106677,lstick_x,-3262
106677,lstick_y,10619
106685,lstick_x,-3262
106685,lstick_y,10619
106691,lstick_x,5014
106691,lstick_y,10531
106695,lstick_x,5014
106695,lstick_y,10531
106701,lstick_x,5014
106701,lstick_y,10531
106712,lstick_x,5014
106712,lstick_y,10531
106717,lstick_x,5014
106717,lstick_y,10531
106719,lstick_x,15280
106719,lstick_y,10986
106722,lstick_x,15280
106722,lstick_y,10986
106725,lstick_x,15280
106725,lstick_y,10986
106733,lstick_x,15280
106733,lstick_y,10986
106741,lstick_x,15280
106741,lstick_y,10986
106749,lstick_x,15280
106749,lstick_y,10986
106753,lstick_x,24152
106753,lstick_y,11144
106756,lstick_x,24152
106756,lstick_y,11144
106760,lstick_x,24152
106760,lstick_y,11144
106765,lstick_x,24258
106765,lstick_y,11202
106777,lstick_x,24258
106777,lstick_y,11202
106781,lstick_x,24258
106781,lstick_y,11202
106786,lstick_x,24414
106786,lstick_y,11249
106789,lstick_x,24414
106789,lstick_y,11249
106793,lstick_x,24563
106793,lstick_y,11249
106797,lstick_x,24563
106797,lstick_y,11249
106805,lstick_x,24563
106805,lstick_y,11249
106813,lstick_x,24563
106813,lstick_y,11249
106820,lstick_x,24688
106820,lstick_y,11328
106824,lstick_x,24788
106824,lstick_y,11356
106829,lstick_x,24788
106829,lstick_y,11356
106837,lstick_x,24788
106837,lstick_y,11356
106845,lstick_x,24788
106845,lstick_y,11356
106853,lstick_x,24788
106853,lstick_y,11356
106856,lstick_x,24850
106856,lstick_y,11356
106859,lstick_x,24850
106859,lstick_y,11356
106869,lstick_x,24850
106869,lstick_y,11356
106877,lstick_x,24850
106877,lstick_y,11356
106886,lstick_x,24850
106886,lstick_y,11356
106893,lstick_x,14422
106893,lstick_y,12243
106901,lstick_x,14422
106901,lstick_y,12243
106909,lstick_x,14422
106909,lstick_y,12243
106911,lstick_x,5610
106911,lstick_y,13064
106920,lstick_x,5610
106920,lstick_y,13064
106925,lstick_x,5610
106925,lstick_y,13064
106933,lstick_x,5610
106933,lstick_y,13064
106940,lstick_x,4065
106940,lstick_y,12282
106946,lstick_x,4065
106946,lstick_y,12282
106949,lstick_x,4065
106949,lstick_y,12282
106957,lstick_x,4065
106957,lstick_y,12282
106965,lstick_x,4065
106965,lstick_y,12282
106970,lstick_x,3457
106970,lstick_y,11549
106973,lstick_x,2958
106973,lstick_y,10559
106975,lstick_x,2958
106975,lstick_y,10559
106981,lstick_x,2958
106981,lstick_y,10559
106989,lstick_x,2958
106989,lstick_y,10559
106997,lstick_x,2958
106997,lstick_y,10559
107004,lstick_x,2218
107004,lstick_y,8246
107007,lstick_x,2218
107007,lstick_y,8246
107012,lstick_x,2218
107012,lstick_y,8246
107021,lstick_x,2218
107021,lstick_y,8246
107030,lstick_x,2218
107030,lstick_y,8246
107037,lstick_x,1732
107037,lstick_y,6200
107040,lstick_x,1732
107040,lstick_y,6200
107044,lstick_x,1732
107044,lstick_y,6200
107053,lstick_x,1732
107053,lstick_y,6200
107061,lstick_x,1732
107061,lstick_y,6200
107069,lstick_x,1732
107069,lstick_y,6200
107072,lstick_x,1415
107072,lstick_y,4761
107077,lstick_x,1415
107077,lstick_y,4761
107085,lstick_x,1303
107085,lstick_y,4224
107093,lstick_x,1303
107093,lstick_y,4224
107100,lstick_x,1213
107100,lstick_y,3783
107109,lstick_x,1213
107109,lstick_y,3783
107117,lstick_x,1213
107117,lstick_y,3783
107125,lstick_x,1213
107125,lstick_y,3783
107131,lstick_x,1083
107131,lstick_y,3125
107149,lstick_x,1083
107149,lstick_y,3125
107153,lstick_x,1043
107153,lstick_y,2603
107159,lstick_x,1043
107159,lstick_y,2603
107166,lstick_x,1043
107166,lstick_y,2603
107175,lstick_x,1043
107175,lstick_y,2603
107181,lstick_x,8705
107181,lstick_y,2360
107188,lstick_x,8705
107188,lstick_y,2360
107197,lstick_x,8705
107197,lstick_y,2360
107205,lstick_x,8705
107205,lstick_y,2360
107209,lstick_x,9496
107209,lstick_y,2624
107212,lstick_x,10568
107212,lstick_y,3353
107216,lstick_x,10568
107216,lstick_y,3353
107225,lstick_x,10568
107225,lstick_y,3353
107230,lstick_x,10568
107230,lstick_y,3353
107237,lstick_x,11587
107237,lstick_y,4444
107243,lstick_x,12479
107243,lstick_y,5628
107247,lstick_x,12479
107247,lstick_y,5628
107253,lstick_x,12479
107253,lstick_y,5628
107261,lstick_x,12479
107261,lstick_y,5628
107269,lstick_x,12479
107269,lstick_y,5628
107272,lstick_x,14070
107272,lstick_y,8129
107275,lstick_x,14070
107275,lstick_y,8129
107278,lstick_x,14070
107278,lstick_y,8129
107290,lstick_x,14070
107290,lstick_y,8129
107293,lstick_x,14070
107293,lstick_y,8129
107302,lstick_x,14070
107302,lstick_y,8129
107304,lstick_x,15159
107304,lstick_y,10517
107309,lstick_x,15159
107309,lstick_y,10517
107327,lstick_x,15159
107327,lstick_y,10517
107329,lstick_x,15528
107329,lstick_y,11489
107334,lstick_x,15528
107334,lstick_y,11489
107341,lstick_x,15528
107341,lstick_y,11489
107354,lstick_x,15528
107354,lstick_y,11489
107360,lstick_x,15528
107360,lstick_y,11489
107362,lstick_x,14551
107362,lstick_y,13016
107365,lstick_x,14551
107365,lstick_y,13016
107376,lstick_x,14551
107376,lstick_y,13016
107380,lstick_x,13368
107380,lstick_y,13360
107384,lstick_x,13368
107384,lstick_y,13360
107389,lstick_x,13368
107389,lstick_y,13360
107394,lstick_x,6171
107394,lstick_y,13163
107400,lstick_x,6171
107400,lstick_y,13163
107404,lstick_x,6171
107404,lstick_y,13163
107411,lstick_x,5677
107411,lstick_y,12566
107414,lstick_x,5677
107414,lstick_y,12566
107420,lstick_x,4919
107420,lstick_y,11689
107430,lstick_x,4919
107430,lstick_y,11689
107438,lstick_x,4919
107438,lstick_y,11689
107442,lstick_x,4156
107442,lstick_y,10454
107445,lstick_x,4156
107445,lstick_y,10454
107463,lstick_x,4156
107463,lstick_y,10454
107469,lstick_x,3484
107469,lstick_y,3284
107472,lstick_x,2899
107472,lstick_y,3130
107477,lstick_x,2899
107477,lstick_y,3130
107480,lstick_x,2899
107480,lstick_y,3130
107485,lstick_x,2899
107485,lstick_y,3130
107493,lstick_x,2899
107493,lstick_y,3130
107501,lstick_x,2899
107501,lstick_y,3130
107503,lstick_x,1990
107503,lstick_y,2710
107507,lstick_x,1990
107507,lstick_y,2710
107510,lstick_x,1990
107510,lstick_y,2710
107514,lstick_x,1655
107514,lstick_y,2494
107517,lstick_x,1655
107517,lstick_y,2494
107525,lstick_x,1655
107525,lstick_y,2494
107537,lstick_x,1655
107537,lstick_y,2494
107542,lstick_x,1387
107542,lstick_y,2257
107549,lstick_x,1155
107549,lstick_y,2032
107559,lstick_x,1155
107559,lstick_y,2032
107563,lstick_y,1810
107569,lstick_y,1810
107573,lstick_y,1615
107575,lstick_y,1615
107581,lstick_y,1615
107589,lstick_y,1615
107597,lstick_y,1615
107605,lstick_y,1296
107610,lstick_y,1296
107613,lstick_y,1296
107626,lstick_y,1296
107629,lstick_y,1296
107645,lstick_y,1180
107654,lstick_y,1180
107657,lstick_y,1054
107661,lstick_y,1054
107669,lstick_y,1054
107677,lstick_y,1054
107686,lstick_y,1054
107692,lstick_y,1802
107696,lstick_y,1802
107702,lstick_y,1802
107709,lstick_y,1802
107715,lstick_y,2626
107718,lstick_y,2626
107725,lstick_y,2626
107733,lstick_y,2626
107741,lstick_y,2626
107744,lstick_y,9931
107747,lstick_y,9931
107760,lstick_y,9931
107770,lstick_y,9931
107775,lstick_y,10509
107782,lstick_y,10509
107789,lstick_y,10509
107797,lstick_y,10509
107805,lstick_x,-2906
107805,lstick_y,12986
107814,lstick_x,-2906
107814,lstick_y,12986
107821,lstick_x,-2906
107821,lstick_y,12986
107828,rtrigger,22079
107828,lstick_x,-12983
107828,lstick_y,17676
107833,rtrigger,22079
107833,lstick_x,-12983
107833,lstick_y,17676
107837,rtrigger,22079
107837,lstick_x,-12983
107837,lstick_y,17676
107845,rtrigger,22079
107845,lstick_x,-12983
107845,lstick_y,17676
107853,rtrigger,32767
107853,lstick_x,-13978
107853,lstick_y,18939
107857,rtrigger,32767
107857,lstick_x,-14975
107857,lstick_y,20047
107860,rtrigger,32767
107860,lstick_x,-14975
107860,lstick_y,20047
107871,rtrigger,32767
107871,lstick_x,-14975
107871,lstick_y,20047
107877,rtrigger,32767
107877,lstick_x,-14975
107877,lstick_y,20047
107885,rtrigger,32767
107885,lstick_x,-14975
107885,lstick_y,20047
107888,rtrigger,32767
107888,lstick_x,-14975
107888,lstick_y,20047
107893,rtrigger,32767
107893,lstick_x,-14975
107893,lstick_y,20047
107902,rtrigger,32767
107902,lstick_x,-14975
107902,lstick_y,20047
107909,rtrigger,32767
107909,lstick_x,-14975
107909,lstick_y,20047
107914,rtrigger,32767
107914,lstick_x,-14975
107914,lstick_y,20047
107919,rtrigger,32767
107919,lstick_x,-14975
107919,lstick_y,20047
107922,rtrigger,32767
107922,lstick_x,-14975
107922,lstick_y,20047
107925,rtrigger,32767
107925,lstick_x,-14975
107925,lstick_y,20047
107928,rtrigger,32767
107928,lstick_x,-14975
107928,lstick_y,20047
107933,rtrigger,32767
107933,lstick_x,-14975
107933,lstick_y,20047
107941,rtrigger,32767
107941,lstick_x,-14975
107941,lstick_y,20047
107949,rtrigger,32767
107949,lstick_x,-14975
107949,lstick_y,20047
107953,rtrigger,32767
107953,lstick_x,-14975
107953,lstick_y,20047
107958,rtrigger,32767
107958,lstick_x,-14975
107958,lstick_y,20047
107965,rtrigger,32767
107965,lstick_x,-14975
107965,lstick_y,20047
107974,rtrigger,32767
107974,lstick_x,-14975
107974,lstick_y,20047
107980,rtrigger,32767
107980,lstick_x,-5161
107980,lstick_y,13261
107990,rtrigger,32767
107990,lstick_x,-5161
107990,lstick_y,13261
108004,rtrigger,32767
108004,lstick_x,-5161
108004,lstick_y,13261
108012,rtrigger,32767
108012,lstick_x,-2656
108012,lstick_y,10038
108021,rtrigger,32767
108021,lstick_x,-2656
108021,lstick_y,10038
108029,rtrigger,32767
108029,lstick_x,-2656
108029,lstick_y,10038
108036,rtrigger,32767
108036,lstick_x,-1668
108036,lstick_y,8541
108040,rtrigger,32767
108040,lstick_x,-1668
108040,lstick_y,8541
108043,rtrigger,32767
108043,lstick_x,-1668
108043,lstick_y,8541
108053,rtrigger,32767
108053,lstick_x,-1668
108053,lstick_y,8541
108061,rtrigger,32767
108061,lstick_x,-1668
108061,lstick_y,8541
108069,rtrigger,32767
108069,lstick_x,-1668
108069,lstick_y,8541
108076,rtrigger,32767
108076,lstick_x,-1668
108076,lstick_y,8541
108090,rtrigger,32767
108090,lstick_x,-1668
108090,lstick_y,8541
108095,rtrigger,32767
108095,lstick_x,-1668
108095,lstick_y,8541
108101,rtrigger,32767
108101,lstick_x,-1668
108101,lstick_y,8541
108104,rtrigger,32767
108104,lstick_y,7323
108107,rtrigger,32767
108107,lstick_y,7323
108111,rtrigger,32767
108111,lstick_y,7617
108117,rtrigger,32767
108117,lstick_y,7617
108125,rtrigger,32767
108125,lstick_y,7617
108133,rtrigger,32767
108133,lstick_y,7617
108136,rtrigger,32767
108136,lstick_y,8051
108141,rtrigger,32767
108141,lstick_x,1064
108141,lstick_y,8474
108146,rtrigger,32767
108146,lstick_x,1064
108146,lstick_y,8474
108152,rtrigger,32767
108152,lstick_x,1064
108152,lstick_y,8474
108165,rtrigger,32767
108165,lstick_x,1064
108165,lstick_y,8474
108171,rtrigger,32767
108171,lstick_x,1064
108171,lstick_y,8474
108174,rtrigger,32767
108174,lstick_x,1064
108174,lstick_y,8474
108188,rtrigger,32767
108188,lstick_x,1064
108188,lstick_y,8474
108195,rtrigger,32767
108195,lstick_x,1064
108195,lstick_y,8474
108199,rtrigger,32767
108199,lstick_x,1064
108199,lstick_y,8474
108204,rtrigger,32767
108204,lstick_x,1784
108204,lstick_y,9645
108213,rtrigger,32767
108213,lstick_x,1784
108213,lstick_y,9645
108221,rtrigger,32767
108221,lstick_x,1784
108221,lstick_y,9645
108224,rtrigger,32767
108224,lstick_x,2845
108224,lstick_y,11081
108228,rtrigger,32767
108228,lstick_x,2845
108228,lstick_y,11081
108231,rtrigger,32767
108231,lstick_x,2845
108231,lstick_y,11081
108237,rtrigger,32767
108237,lstick_x,2845
108237,lstick_y,11081
108254,rtrigger,32767
108254,lstick_x,2845
108254,lstick_y,11081
108261,rtrigger,32767
108261,lstick_x,3841
108261,lstick_y,12836
108269,rtrigger,32767
108269,lstick_x,3841
108269,lstick_y,12836
108277,rtrigger,32767
108277,lstick_x,3841
108277,lstick_y,12836
108287,rtrigger,32767
108287,lstick_x,3841
108287,lstick_y,12836
108299,rtrigger,32767
108299,lstick_x,3841
108299,lstick_y,12836
108303,rtrigger,32767
108303,lstick_x,3841
108303,lstick_y,12836
108306,rtrigger,32767
108306,lstick_x,3841
108306,lstick_y,12836
108312,rtrigger,32767
108312,lstick_x,3841
108312,lstick_y,12836
108318,rtrigger,32767
108318,lstick_x,3841
108318,lstick_y,12836
108321,rtrigger,32767
108321,lstick_x,5129
108321,lstick_y,14919
108327,rtrigger,32767
108327,lstick_x,5129
108327,lstick_y,14919
108333,rtrigger,32767
108333,lstick_x,5129
108333,lstick_y,14919
108341,rtrigger,32767
108341,lstick_x,5129
108341,lstick_y,14919
108346,rtrigger,32767
108346,lstick_x,5451
108346,lstick_y,14476
108349,rtrigger,32767
108349,lstick_x,5451
108349,lstick_y,14476
108356,rtrigger,32767
108356,lstick_x,5451
108356,lstick_y,13431
108359,rtrigger,32767
108359,lstick_x,5451
108359,lstick_y,13431
108362,rtrigger,32767
108362,lstick_x,5451
108362,lstick_y,13431
108366,rtrigger,32767
108366,lstick_x,5451
108366,lstick_y,13431
108370,rtrigger,32767
108370,lstick_x,4764
108370,lstick_y,5792
108373,rtrigger,32767
108373,lstick_x,4764
108373,lstick_y,5792
108379,rtrigger,32767
108379,lstick_x,4764
108379,lstick_y,5792
108382,rtrigger,32767
108382,lstick_x,4764
108382,lstick_y,5792
108386,rtrigger,32767
108386,lstick_x,4764
108386,lstick_y,5792
108389,rtrigger,32767
108389,lstick_x,4764
108389,lstick_y,5792
108397,rtrigger,32767
108397,lstick_x,4764
108397,lstick_y,5792
108403,rtrigger,32767
108403,lstick_x,4764
108403,lstick_y,5792
108411,rtrigger,32767
108411,lstick_x,4764
108411,lstick_y,5792
108414,rtrigger,32767
108414,lstick_x,4764
108414,lstick_y,5792
108421,rtrigger,32767
108421,lstick_x,4764
108421,lstick_y,5792
108429,rtrigger,32767
108429,lstick_x,4764
108429,lstick_y,5792
108437,rtrigger,32767
108437,lstick_x,4764
108437,lstick_y,5792
108446,rtrigger,32767
108446,lstick_x,2901
108446,lstick_y,3664
108453,rtrigger,32767
108453,lstick_x,2901
108453,lstick_y,3664
108461,rtrigger,32767
108461,lstick_x,2901
108461,lstick_y,3664
108472,rtrigger,32767
108472,lstick_x,2901
108472,lstick_y,3664
108475,rtrigger,32767
108475,lstick_x,1677
108475,lstick_y,1270
108479,rtrigger,32767
108479,lstick_x,1677
108479,lstick_y,1270
108487,rtrigger,32767
108487,lstick_x,1677
108487,lstick_y,1270
108501,rtrigger,32767
108501,lstick_x,1677
108501,lstick_y,1270
108504,rtrigger,32767
108504,lstick_x,1368
108509,rtrigger,32767
108509,lstick_x,1368
108518,rtrigger,32767
108518,lstick_x,1368
108525,rtrigger,32767
108525,lstick_x,1368
108534,rtrigger,32767
108534,lstick_x,1368
108541,rtrigger,32767
108541,lstick_x,1368
108544,rtrigger,32767
108544,lstick_x,1368
108549,rtrigger,32767
108549,lstick_x,1368
108557,rtrigger,32767
108557,lstick_x,1368
108566,rtrigger,32767
108566,lstick_x,1368
108573,rtrigger,32767
108573,lstick_x,1368
108576,rtrigger,32767
108576,lstick_x,1701
108581,rtrigger,32767
108581,lstick_x,1701
108589,rtrigger,32767
108589,lstick_x,1701
108600,rtrigger,32767
108600,lstick_x,1701
108605,rtrigger,32767
108605,lstick_x,1701
108608,rtrigger,32767
108608,lstick_x,10222
108611,rtrigger,32767
108611,lstick_x,10222
108614,rtrigger,32767
108614,lstick_x,10222
108624,rtrigger,32767
108624,lstick_x,10222
108637,rtrigger,32767
108637,lstick_x,10222
108641,rtrigger,32767
108641,lstick_x,10222
108645,rtrigger,32767
108645,lstick_x,10222
108653,rtrigger,32767
108653,lstick_x,10222
108665,rtrigger,32767
108665,lstick_x,10222
108669,rtrigger,32767
108669,lstick_x,10222
108671,rtrigger,32767
108671,lstick_x,18972
108671,lstick_y,-1733
108675,rtrigger,32767
108675,lstick_x,18972
108675,lstick_y,-1733
108679,rtrigger,32767
108679,lstick_x,18972
108679,lstick_y,-1733
108688,rtrigger,32767
108688,lstick_x,18972
108688,lstick_y,-1733
108703,rtrigger,32767
108703,lstick_x,18972
108703,lstick_y,-1733
108711,rtrigger,32767
108711,lstick_x,25830
108711,lstick_y,-2936
108717,rtrigger,32767
108717,lstick_x,25927
108717,lstick_y,-2958
108732,rtrigger,32767
108732,lstick_x,25927
108732,lstick_y,-2958
108737,rtrigger,32767
108737,lstick_x,25927
108737,lstick_y,-2958
108747,rtrigger,32767
108747,lstick_x,25927
108747,lstick_y,-2958
108755,rtrigger,32767
108755,lstick_x,25927
108755,lstick_y,-2958
108759,rtrigger,32767
108759,lstick_x,25927
108759,lstick_y,-2958
108766,rtrigger,32767
108766,lstick_x,25927
108766,lstick_y,-2958
108771,rtrigger,32767
108771,lstick_x,25927
108771,lstick_y,-2958
108778,rtrigger,32767
108778,lstick_x,25186
108778,lstick_y,-1442
108781,rtrigger,32767
108781,lstick_x,25186
108781,lstick_y,-1442
108786,rtrigger,32767
108786,lstick_x,8709
108795,rtrigger,32767
108795,lstick_x,8709
108804,rtrigger,32767
108804,lstick_x,7788
108804,lstick_y,1672
108809,rtrigger,32767
108809,lstick_x,7788
108809,lstick_y,1672
108812,rtrigger,32767
108812,lstick_x,7788
108812,lstick_y,1672
108821,rtrigger,32767
108821,lstick_x,7788
108821,lstick_y,1672
108836,rtrigger,32767
108836,lstick_x,7788
108836,lstick_y,1672
108845,rtrigger,32767
108845,lstick_x,5654
108845,lstick_y,2327
108854,rtrigger,32767
108854,lstick_x,5654
108854,lstick_y,2327
108864,rtrigger,32767
108864,lstick_x,5654
108864,lstick_y,2327
108869,rtrigger,32767
108869,lstick_x,5654
108869,lstick_y,2327
108877,rtrigger,32767
108877,lstick_x,5654
108877,lstick_y,2327
108885,rtrigger,32767
108885,lstick_x,5654
108885,lstick_y,2327
108889,rtrigger,32767
108889,lstick_x,5654
108889,lstick_y,2327
108895,rtrigger,32767
108895,lstick_x,5654
108895,lstick_y,2327
108903,rtrigger,32767
108903,lstick_x,3290
108903,lstick_y,2395
108909,rtrigger,32767
108909,lstick_x,3290
108909,lstick_y,2395
108917,rtrigger,32767
108917,lstick_x,3290
108917,lstick_y,2395
108926,rtrigger,32767
108926,lstick_x,3290
108926,lstick_y,2395
108929,rtrigger,32767
108929,lstick_x,1939
108929,lstick_y,2225
108933,rtrigger,32767
108933,lstick_x,1939
108933,lstick_y,2225
108936,rtrigger,32767
108936,lstick_x,1939
108936,lstick_y,2225
108941,rtrigger,32767
108941,lstick_x,1939
108941,lstick_y,2225
108949,rtrigger,32767
108949,lstick_x,1939
108949,lstick_y,2225
108958,rtrigger,32767
108958,lstick_x,1939
108958,lstick_y,2225
108961,rtrigger,32767
108961,lstick_x,1939
108961,lstick_y,2225
108966,rtrigger,32767
108966,lstick_x,1939
108966,lstick_y,2225
108970,rtrigger,32767
108970,lstick_x,1939
108970,lstick_y,2225
108981,rtrigger,32767
108981,lstick_x,1939
108981,lstick_y,2225
108990,rtrigger,32767
108990,lstick_x,1939
108990,lstick_y,2225
108992,rtrigger,32767
108992,lstick_x,1939
108992,lstick_y,2225
108997,rtrigger,32767
108997,lstick_x,1939
108997,lstick_y,2225
109005,rtrigger,32767
109005,lstick_x,1939
109005,lstick_y,2225
109013,rtrigger,32767
109013,lstick_x,1939
109013,lstick_y,2225
109021,rtrigger,32767
109021,lstick_x,1939
109021,lstick_y,2225
109026,rtrigger,32767
109026,lstick_y,1944
109029,rtrigger,32767
109029,lstick_y,1944
109044,rtrigger,32767
109044,lstick_y,1944
109048,rtrigger,32767
109048,lstick_y,1944
109053,rtrigger,32767
109053,lstick_y,1944
109056,rtrigger,32767
109056,lstick_y,1828
109059,rtrigger,32767
109059,lstick_y,1828
109063,rtrigger,32767
109063,lstick_y,1828
109070,rtrigger,32767
109070,lstick_y,1828
109077,rtrigger,32767
109077,lstick_y,1828
109085,rtrigger,32767
109085,lstick_y,1828
109089,rtrigger,32767
109089,lstick_y,1828
109094,rtrigger,32767
109094,lstick_y,1828
109101,rtrigger,32767
109101,lstick_y,1828
109114,rtrigger,32767
109114,lstick_y,1828
109117,rtrigger,32767
109117,lstick_y,1828
109121,rtrigger,32767
109121,lstick_x,1944
109121,lstick_y,1500
109125,rtrigger,32767
109125,lstick_x,1944
109125,lstick_y,1500
109129,rtrigger,32767
109129,lstick_x,1944
109129,lstick_y,1500
109133,rtrigger,32767
109133,lstick_x,1944
109133,lstick_y,1500
109141,rtrigger,32767
109141,lstick_x,1944
109141,lstick_y,1500
109149,rtrigger,32767
109149,lstick_x,1944
109149,lstick_y,1500
109155,rtrigger,32767
109155,lstick_x,23645
109161,rtrigger,32767
109161,lstick_x,24932
109165,rtrigger,32767
109165,lstick_x,24932
109180,rtrigger,32767
109180,lstick_x,24932
109187,rtrigger,32767
109187,lstick_x,32767
109187,lstick_y,-1452
109190,rtrigger,32767
109190,lstick_x,32767
109190,lstick_y,-1452
109194,rtrigger,32767
109194,lstick_x,32767
109194,lstick_y,-1452
109197,rtrigger,32767
109197,lstick_x,32767
109197,lstick_y,-1452
109205,rtrigger,32767
109205,lstick_x,32767
109205,lstick_y,-1452
109213,rtrigger,32767
109213,lstick_x,32767
109213,lstick_y,-1452
109220,rtrigger,32767
109220,lstick_x,32767
109220,lstick_y,-1452
109223,rtrigger,32767
109223,lstick_x,32767
109223,lstick_y,-1452
109230,rtrigger,32767
109230,lstick_x,32767
109230,lstick_y,-1452
109237,rtrigger,32767
109237,lstick_x,32767
109237,lstick_y,-1452
109246,rtrigger,32767
109246,lstick_x,32767
109246,lstick_y,-1452
109253,rtrigger,32767
109253,lstick_x,32767
109253,lstick_y,-1452
109256,rtrigger,32767
109256,lstick_x,32767
109256,lstick_y,-1452
109260,rtrigger,32767
109260,lstick_x,32767
109260,lstick_y,-1452
109269,rtrigger,32767
109269,lstick_x,32767
109269,lstick_y,-1452
109282,rtrigger,32767
109282,lstick_x,32767
109282,lstick_y,-1452
109288,rtrigger,32767
109288,lstick_x,32767
109288,lstick_y,-1452
109291,rtrigger,32767
109291,lstick_x,32767
109291,lstick_y,-1474
109294,rtrigger,32767
109294,lstick_x,32767
109294,lstick_y,-1474
109297,rtrigger,32767
109297,lstick_x,32767
109297,lstick_y,-1474
109304,rtrigger,32767
109304,lstick_x,32767
109304,lstick_y,-1474
109312,rtrigger,32767
109312,lstick_x,32767
109312,lstick_y,-1474
109318,rtrigger,32767
109318,lstick_x,32767
109318,lstick_y,-1474
109321,rtrigger,32767
109321,lstick_x,10282
109324,rtrigger,32767
109324,lstick_x,10282
109328,rtrigger,32767
109328,lstick_x,10282
109333,rtrigger,32767
109333,lstick_x,10282
109341,rtrigger,32767
109341,lstick_x,10282
109349,rtrigger,32767
109349,lstick_x,10282
109355,rtrigger,32767
109355,lstick_x,1981
109355,lstick_y,1352
109360,rtrigger,32767
109360,lstick_x,1981
109360,lstick_y,1352
109362,rtrigger,32767
109362,lstick_x,1981
109362,lstick_y,1352
109368,rtrigger,32767
109368,lstick_x,1981
109368,lstick_y,1352
109374,rtrigger,32767
109374,lstick_x,1981
109374,lstick_y,1352
109381,rtrigger,32767
109381,lstick_x,1981
109381,lstick_y,1352
109387,rtrigger,32767
109387,lstick_x,1981
109387,lstick_y,1352
109390,rtrigger,32767
109390,lstick_x,1981
109390,lstick_y,1352
109393,rtrigger,32767
109393,lstick_x,1981
109393,lstick_y,1352
109400,rtrigger,32767
109400,lstick_x,1981
109400,lstick_y,1352
109405,rtrigger,32767
109405,lstick_x,1981
109405,lstick_y,1352
109414,rtrigger,32767
109414,lstick_x,1981
109414,lstick_y,1352
109421,rtrigger,32767
109421,lstick_x,1981
109421,lstick_y,1352
109428,rtrigger,32767
109428,lstick_x,1981
109428,lstick_y,1352
109437,rtrigger,32767
109437,lstick_x,1981
109437,lstick_y,1352
109445,rtrigger,32767
109445,lstick_x,1981
109445,lstick_y,1352
109453,rtrigger,32767
109453,lstick_x,1981
109453,lstick_y,1352
109456,rtrigger,32767
109456,lstick_y,1275
109459,rtrigger,32767
109459,lstick_y,1275
109469,rtrigger,32767
109469,lstick_y,1222
109477,rtrigger,32767
109477,lstick_y,1222
109487,rtrigger,32767
109487,lstick_y,1222
109490,rtrigger,32767
109490,lstick_y,1157
109494,rtrigger,32767
109494,lstick_y,1157
109501,rtrigger,32767
109501,lstick_y,1157
109509,rtrigger,32767
109509,lstick_y,1157
109518,rtrigger,32767
109518,lstick_y,1157
109521,rtrigger,32767
109521,lstick_y,1157
109524,rtrigger,32767
109524,lstick_y,1157
109528,rtrigger,32767
109528,lstick_y,1157
109533,rtrigger,32767
109533,lstick_y,1157
109541,rtrigger,32767
109541,lstick_y,1157
109549,rtrigger,32767
109549,lstick_y,1157
109553,rtrigger,32767
109553,lstick_y,1105
109558,rtrigger,32767
109558,lstick_y,1105
109565,rtrigger,32767
109565,lstick_y,1105
109574,rtrigger,32767
109574,lstick_y,1105
109582,rtrigger,32767
109582,lstick_y,1105
109586,rtrigger,32767
109586,lstick_y,1105
109589,rtrigger,32767
109589,lstick_y,1105
109592,rtrigger,32767
109592,lstick_y,1105
109596,rtrigger,32767
109596,lstick_x,9657
109596,lstick_y,1041
109608,rtrigger,32767
109608,lstick_x,9657
109608,lstick_y,1041
109613,rtrigger,32767
109613,lstick_x,9657
109613,lstick_y,1041
109621,rtrigger,32767
109621,lstick_x,9657
109621,lstick_y,1041
109628,rtrigger,32767
109628,lstick_x,16491
109631,rtrigger,32767
109631,lstick_x,16491
109645,rtrigger,32767
109645,lstick_x,16491
109653,rtrigger,32767
109653,lstick_x,16491
109655,rtrigger,32767
109655,lstick_x,16491
109658,rtrigger,32767
109658,lstick_x,16491
109661,rtrigger,32767
109661,lstick_x,16491
109669,rtrigger,32767
109669,lstick_x,16491
109677,rtrigger,32767
109677,lstick_x,16491
109685,rtrigger,32767
109685,lstick_x,16491
109693,rtrigger,32767
109693,lstick_x,20833
109693,lstick_y,-1460
109701,rtrigger,32767
109701,lstick_x,20833
109701,lstick_y,-1460
109709,rtrigger,32767
109709,lstick_x,20833
109709,lstick_y,-1460
109713,rtrigger,32767
109713,lstick_x,22834
109713,lstick_y,-2067
109718,rtrigger,32767
109718,lstick_x,22834
109718,lstick_y,-2067
109725,rtrigger,32767
109725,lstick_x,22834
109725,lstick_y,-2067
109734,rtrigger,32767
109734,lstick_x,22834
109734,lstick_y,-2067
109743,rtrigger,32767
109743,lstick_x,23577
109743,lstick_y,-2285
109749,rtrigger,32767
109749,lstick_x,23577
109749,lstick_y,-2285
109757,rtrigger,32767
109757,lstick_x,23577
109757,lstick_y,-2285
109765,rtrigger,32767
109765,lstick_x,23577
109765,lstick_y,-2285
109770,rtrigger,32767
109770,lstick_x,23577
109770,lstick_y,-2285
109773,rtrigger,32767
109773,lstick_x,23577
109773,lstick_y,-2285
109777,rtrigger,32767
109777,lstick_x,23577
109777,lstick_y,-2285
109784,rtrigger,32767
109784,lstick_x,23577
109784,lstick_y,-2285
109797,rtrigger,32767
109797,lstick_x,23577
109797,lstick_y,-2285
109805,rtrigger,32767
109805,lstick_x,23577
109805,lstick_y,-2285
109811,rtrigger,32767
109811,lstick_x,23577
109811,lstick_y,-2285
109813,rtrigger,32767
109813,lstick_x,23577
109813,lstick_y,-2285
109826,rtrigger,32767
109826,lstick_x,23577
109826,lstick_y,-2285
109830,rtrigger,32767
109830,lstick_x,23577
109830,lstick_y,-2285
109836,rtrigger,32767
109836,lstick_x,3300
109840,rtrigger,32767
109840,lstick_x,3300
109844,rtrigger,32767
109844,lstick_x,3300
109853,rtrigger,32767
109853,lstick_x,3300
109861,rtrigger,32767
109861,lstick_x,3300
109871,rtrigger,32767
109871,lstick_x,2328
109878,rtrigger,32767
109878,lstick_x,2328
109885,rtrigger,32767
109885,lstick_x,2328
109895,rtrigger,32767
109895,lstick_x,2328
109901,rtrigger,32767
109901,lstick_x,2328
109904,rtrigger,32767
109904,lstick_x,2328
109908,rtrigger,32767
109908,lstick_x,2328
109910,rtrigger,32767
109910,lstick_x,2328
109917,rtrigger,32767
109917,lstick_x,2328
109925,rtrigger,32767
109925,lstick_x,2328
109933,rtrigger,32767
109933,lstick_x,2328
109937,rtrigger,32767
109937,lstick_x,2328
109941,rtrigger,32767
109941,lstick_x,2328
109946,rtrigger,32767
109946,lstick_x,2328
109967,rtrigger,32767
109967,lstick_x,2328
109970,rtrigger,32767
109974,rtrigger,32767
109978,rtrigger,32767
109990,rtrigger,32767
109997,rtrigger,32767
110004,rtrigger,32767
110012,rtrigger,32767
110020,rtrigger,32767
110030,rtrigger,32767
110037,rtrigger,32767
110045,rtrigger,32767
110053,rtrigger,32767
110062,rtrigger,32767
110069,rtrigger,32767
110069,lstick_x,-1152
110079,rtrigger,32767
110079,lstick_x,-1152
110086,rtrigger,32767
110086,lstick_x,-1570
110090,rtrigger,32767
110090,lstick_x,-1570
110093,rtrigger,32767
110093,lstick_x,-1570
110101,rtrigger,32767
110101,lstick_x,-1719
110104,rtrigger,32767
110104,lstick_x,-1719
110108,rtrigger,32767
110108,lstick_x,-1719
110118,rtrigger,32767
110118,lstick_x,-1719
110125,rtrigger,32767
110125,lstick_x,-1719
110134,rtrigger,32767
110134,lstick_x,-1719
110142,rtrigger,32767
110142,lstick_x,-1719
110149,rtrigger,32767
110149,lstick_x,-1719
110153,rtrigger,32767
110153,lstick_x,-1719
110156,rtrigger,32767
110156,lstick_x,-1719
110159,rtrigger,32767
110159,lstick_x,-1719
110162,rtrigger,32767
110162,lstick_x,-1719
110165,rtrigger,32767
110165,lstick_x,-1719
110173,rtrigger,32767
110173,lstick_x,-1719
110181,rtrigger,32767
110181,lstick_x,-1719
110189,rtrigger,32767
110189,lstick_x,-2108
110192,rtrigger,32767
110192,lstick_x,-2108
110197,rtrigger,32767
110197,lstick_x,-2108
110205,rtrigger,32767
110205,lstick_x,-2108
110222,rtrigger,32767
110222,lstick_x,-2108
110232,rtrigger,32767
110232,lstick_x,-2108
110236,rtrigger,32767
110236,lstick_x,-15813
110240,rtrigger,32767
110240,lstick_x,-15813
110242,rtrigger,32767
110242,lstick_x,-15813
110245,rtrigger,32767
110245,lstick_x,-15813
110253,rtrigger,32767
110253,lstick_x,-15813
110261,rtrigger,32767
110261,lstick_x,-15813
110270,rtrigger,32767
110270,lstick_x,-15813
110275,rtrigger,32767
110275,lstick_x,-15813
110278,rtrigger,32767
110278,lstick_x,-15813
110285,rtrigger,32767
110285,lstick_x,-15813
110300,rtrigger,32767
110300,lstick_x,-15813
110312,rtrigger,32767
110312,lstick_x,-15813
110317,rtrigger,32767
110317,lstick_x,-15813
110320,rtrigger,32767
110320,lstick_x,-15813
110324,rtrigger,32767
110324,lstick_x,-15813
110327,rtrigger,32767
110327,lstick_x,-15813
110334,rtrigger,32767
110334,lstick_x,-15813
110341,rtrigger,32767
110341,lstick_x,-15813
110350,rtrigger,32767
110350,lstick_x,-15813
110354,rtrigger,32767
110354,lstick_x,-32768
110354,lstick_y,1353
110357,rtrigger,32767
110357,lstick_x,-32768
110357,lstick_y,1353
110365,rtrigger,32767
110365,lstick_x,-32768
110365,lstick_y,1353
110373,rtrigger,32767
110373,lstick_x,-32768
110373,lstick_y,1353
110381,rtrigger,32767
110381,lstick_x,-32768
110381,lstick_y,1353
110389,rtrigger,32767
110389,lstick_x,-32768
110389,lstick_y,1353
110396,rtrigger,32767
110396,lstick_x,-32768
110396,lstick_y,2471
110413,rtrigger,32767
110413,lstick_x,-32768
110413,lstick_y,2471
110421,rtrigger,32767
110421,lstick_x,-32768
110421,lstick_y,2471
110428,rtrigger,32767
110428,lstick_x,-32768
110428,lstick_y,2471
110449,rtrigger,32767
110449,lstick_x,-32768
110449,lstick_y,2471
110453,rtrigger,32767
110453,lstick_x,-32768
110453,lstick_y,2471
110461,rtrigger,32767
110461,lstick_x,-32768
110461,lstick_y,2471
110465,rtrigger,32767
110465,lstick_x,-23696
110465,lstick_y,1800
110469,rtrigger,32767
110469,lstick_x,-23696
110469,lstick_y,1800
110472,rtrigger,32767
110472,lstick_x,-23696
110472,lstick_y,1800
110475,rtrigger,32767
110475,lstick_x,-23696
110475,lstick_y,1800
110479,rtrigger,32767
110479,lstick_x,-23696
110479,lstick_y,1800
110485,rtrigger,32767
110485,lstick_x,-23696
110485,lstick_y,1800
110494,rtrigger,32767
110494,lstick_x,-23696
110494,lstick_y,1800
110501,rtrigger,32767
110501,lstick_x,-23696
110501,lstick_y,1800
110504,rtrigger,32767
110504,lstick_x,-4821
110509,rtrigger,32767
110509,lstick_x,-4821
110517,rtrigger,32767
110517,lstick_x,-4821
110526,rtrigger,32767
110526,lstick_x,-4821
110533,rtrigger,32767
110533,lstick_x,-4821
110542,rtrigger,32767
110542,lstick_x,-4821
110548,rtrigger,32767
110548,lstick_x,-3256
110557,rtrigger,32767
110557,lstick_x,-3256
110565,rtrigger,32767
110565,lstick_x,-3256
110571,rtrigger,32767
110571,lstick_x,-3256
110575,rtrigger,32767
110575,lstick_x,-3256
110581,rtrigger,32767
110581,lstick_x,-3256
110589,rtrigger,32767
110589,lstick_x,-3256
110600,rtrigger,32767
110600,lstick_x,-3256
110608,rtrigger,32767
110608,lstick_x,-3256
110612,rtrigger,32767
110612,lstick_x,-3256
110616,rtrigger,32767
110616,lstick_x,-3256
110628,rtrigger,32767
110628,lstick_x,-3256
110632,lstick_x,-1288
110637,lstick_x,-1288
110642,lstick_x,-1288
110647,lstick_x,-1288
110856,lstick_x,19430
110856,lstick_y,-1933
110861,lstick_x,19430
110861,lstick_y,-1933
110869,lstick_x,19430
110869,lstick_y,-1933
110877,lstick_x,19430
110877,lstick_y,-1933
110887,lstick_x,19430
110887,lstick_y,-1933
110891,lstick_x,32767
110891,lstick_y,-5242
110895,lstick_x,32767
110895,lstick_y,-5242
110902,lstick_x,32767
110902,lstick_y,-5242
110911,lstick_x,32767
110911,lstick_y,-5242
110918,lstick_x,32767
110918,lstick_y,-5242
110922,lstick_x,32767
110922,lstick_y,-6805
110925,lstick_x,32767
110925,lstick_y,-6805
110940,lstick_x,32767
110940,lstick_y,-6805
110950,lstick_x,32767
110950,lstick_y,-6805
110955,lstick_x,32767
110955,lstick_y,-6805
110959,lstick_x,32767
110959,lstick_y,-6805
110964,lstick_x,32767
110964,lstick_y,-6805
110973,lstick_x,32767
110973,lstick_y,-6805
110984,lstick_x,32767
110984,lstick_y,-6805
110987,lstick_x,32767
110987,lstick_y,-6805
110991,lstick_x,32767
110991,lstick_y,-8472
110998,lstick_x,32767
110998,lstick_y,-8472
111009,lstick_x,32767
111009,lstick_y,-8472
111014,lstick_x,32767
111014,lstick_y,-8961
111020,lstick_x,32767
111020,lstick_y,-8961
111026,lstick_x,32767
111026,lstick_y,-9171
111029,lstick_x,32767
111029,lstick_y,-9171
111037,lstick_x,32767
111037,lstick_y,-9171
111045,lstick_x,32767
111045,lstick_y,-9171
111053,lstick_x,32767
111053,lstick_y,-9571
111057,lstick_x,32767
111057,lstick_y,-9571
111061,lstick_x,32767
111061,lstick_y,-9571
111069,lstick_x,32767
111069,lstick_y,-9571
111077,lstick_x,32767
111077,lstick_y,-9571
111091,lstick_x,32767
111091,lstick_y,-9571
111094,lstick_x,32767
111094,lstick_y,-9938
111107,lstick_x,32767
111107,lstick_y,-9938
111112,lstick_x,32767
111112,lstick_y,-9938
111117,lstick_x,32767
111117,lstick_y,-10496
111120,lstick_x,32767
111120,lstick_y,-10496
111125,lstick_x,32767
111125,lstick_y,-10496
111134,lstick_x,32767
111134,lstick_y,-10673
111138,lstick_x,32767
111138,lstick_y,-10673
111144,lstick_x,32767
111144,lstick_y,-10673
111149,lstick_x,32767
111149,lstick_y,-10673
111153,lstick_x,32767
111153,lstick_y,-10843
111157,lstick_x,32767
111157,lstick_y,-10843
111161,lstick_x,32767
111161,lstick_y,-11002
111167,lstick_x,32767
111167,lstick_y,-11002
111175,lstick_x,32767
111175,lstick_y,-11002
111184,lstick_x,32767
111184,lstick_y,-11002
111187,lstick_x,32767
111187,lstick_y,-11348
111190,lstick_x,32767
111190,lstick_y,-11348
111195,lstick_x,32767
111195,lstick_y,-11348
111205,lstick_x,32767
111205,lstick_y,-11348
111213,lstick_x,32767
111213,lstick_y,-11348
111223,lstick_x,32767
111223,lstick_y,-11348
111225,lstick_x,32767
111225,lstick_y,-11643
111228,lstick_x,32767
111228,lstick_y,-11643
111237,lstick_x,32767
111237,lstick_y,-11643
111257,lstick_x,32767
111257,lstick_y,-11643
111261,b,1
111261,lstick_x,32767
111261,lstick_y,-11848
111269,lstick_x,32767
111269,lstick_y,-11848
111272,lstick_x,32767
111272,lstick_y,-11932
111277,lstick_x,32767
111277,lstick_y,-11932
111285,lstick_x,32767
111285,lstick_y,-12005
111301,lstick_x,32767
111301,lstick_y,-12005
111304,lstick_x,32767
111304,lstick_y,-12057
111309,lstick_x,32767
111309,lstick_y,-12057
111312,lstick_x,32767
111312,lstick_y,-12057
111315,lstick_x,32767
111315,lstick_y,-12057
111319,lstick_x,32767
111319,lstick_y,-12057
111325,lstick_x,32767
111325,lstick_y,-12057
111335,lstick_x,32767
111335,lstick_y,-12057
111338,lstick_x,32767
111338,lstick_y,-12160
111341,lstick_x,32767
111341,lstick_y,-12160
111349,lstick_x,32767
111349,lstick_y,-12160
111356,lstick_x,32767
111356,lstick_y,-12160
111361,lstick_x,32767
111361,lstick_y,-12160
111367,lstick_x,32767
111367,lstick_y,-12160
111371,lstick_x,32767
111371,lstick_y,-12160
111379,lstick_x,32767
111379,lstick_y,-12160
111392,lstick_x,32767
111392,lstick_y,-12160
111398,lstick_x,32767
111398,lstick_y,-12160
111403,lstick_x,32767
111403,lstick_y,-12160
111406,lstick_x,32767
111406,lstick_y,-12160
111409,lstick_x,32767
111409,lstick_y,-12160
111412,lstick_x,32767
111412,lstick_y,-12160
111417,lstick_x,32767
111417,lstick_y,-12160
111421,lstick_x,32767
111421,lstick_y,-12160
111428,lstick_x,32767
111428,lstick_y,-12160
111431,lstick_x,32767
111431,lstick_y,-12160
111438,lstick_x,32767
111438,lstick_y,-12160
111441,lstick_x,31939
111441,lstick_y,-12160
111447,lstick_x,31939
111447,lstick_y,-12160
111456,lstick_x,31939
111456,lstick_y,-12160
111461,lstick_x,31939
111461,lstick_y,-12160
111469,lstick_x,16819
111469,lstick_y,-11136
111479,lstick_x,16819
111479,lstick_y,-11136
111492,lstick_x,16819
111492,lstick_y,-11136
111496,lstick_x,4495
111496,lstick_y,-2908
111502,lstick_x,4495
111502,lstick_y,-2908
111504,lstick_x,3689
111504,lstick_y,-2522
111509,lstick_x,3689
111509,lstick_y,-2522
111514,lstick_x,3689
111514,lstick_y,-2522
111521,lstick_x,3689
111521,lstick_y,-2522
111526,lstick_x,3689
111526,lstick_y,-2522
111534,lstick_x,3032
111534,lstick_y,-2208
111537,lstick_x,2482
111537,lstick_y,-1946
111543,lstick_x,2482
111543,lstick_y,-1946
111550,lstick_x,2482
111550,lstick_y,-1946
111554,lstick_x,2025
111554,lstick_y,-1726
111560,lstick_x,2025
111560,lstick_y,-1726
111564,lstick_x,1659
111564,lstick_y,-1544
111569,lstick_x,1659
111569,lstick_y,-1544
111574,lstick_x,1659
111574,lstick_y,-1544
111581,lstick_x,1659
111581,lstick_y,-1544
111589,lstick_x,1659
111589,lstick_y,-1544
111598,lstick_x,1659
111598,lstick_y,-1544
111603,lstick_x,1132
111603,lstick_y,-1292
111607,lstick_y,-1197
111611,lstick_y,-1197
111622,lstick_y,-1197
111632,lstick_y,-1197
111639,lstick_y,-1197
111652,lstick_y,-1197
112227,rtrigger,1791
112230,rtrigger,1791
112237,rtrigger,5759
112240,rtrigger,5759
112244,rtrigger,5759
112253,rtrigger,5759
112263,rtrigger,5759
112273,rtrigger,5759
112278,rtrigger,24447
112287,rtrigger,24447
112290,rtrigger,32767
112293,rtrigger,32767
112295,rtrigger,32767
112301,rtrigger,32767
112315,rtrigger,32767
112320,rtrigger,32767
112325,rtrigger,32767
112328,rtrigger,32767
112333,rtrigger,32767
112336,rtrigger,32767
112345,rtrigger,32767
112350,rtrigger,32767
112353,rtrigger,32767
112357,rtrigger,32767
112362,rtrigger,32767
112365,rtrigger,32767
112370,rtrigger,32767
112373,rtrigger,32767
112381,rtrigger,32767
112388,rtrigger,32767
112397,rtrigger,32767
112403,rtrigger,32767
112411,rtrigger,32767
112421,rtrigger,32767
112425,rtrigger,32767
112432,rtrigger,32767
112439,rtrigger,32767
112447,rtrigger,32767
112453,rtrigger,32767
112462,rtrigger,32767
112464,rtrigger,32767
112469,rtrigger,32767
112478,rtrigger,32767
112487,rtrigger,32767
112495,rtrigger,32767
112507,rtrigger,32767
112517,rtrigger,32767
112519,rtrigger,32767
112523,rtrigger,32767
112526,rtrigger,32767
112533,rtrigger,32767
112544,rtrigger,32767
112549,rtrigger,32767
112557,rtrigger,32767
112565,rtrigger,32767
112570,rtrigger,32767
112573,rtrigger,32767
112576,rtrigger,32767
112581,rtrigger,32767
112590,rtrigger,32767
112597,rtrigger,32767
112605,rtrigger,32767
112609,rtrigger,32767
112613,rtrigger,32767
112622,rtrigger,32767
112630,rtrigger,32767
112641,rtrigger,32767
112650,rtrigger,32767
112653,rtrigger,32767
112659,rtrigger,32767
112673,rtrigger,32767
112678,rtrigger,32767
112685,rtrigger,32767
112690,rtrigger,32767
112693,rtrigger,32767
112702,rtrigger,32767
112717,rtrigger,32767
112728,rtrigger,32767
112735,rtrigger,32767
112740,rtrigger,32767
112744,rtrigger,32767
112749,rtrigger,32767
112765,rtrigger,32767
112775,rtrigger,32767
112783,rtrigger,32767
112786,rtrigger,32767
112803,rtrigger,32767
112807,rtrigger,32767
112810,rtrigger,32767
112815,rtrigger,32767
112820,rtrigger,32767
112829,rtrigger,32767
112837,rtrigger,32767
112845,rtrigger,32767
112857,rtrigger,32767
112862,rtrigger,32767
112869,rtrigger,32767
112872,rtrigger,32767
112876,rtrigger,32767
112885,rtrigger,32767
112893,rtrigger,32767
112901,rtrigger,32767
112907,rtrigger,32767
112912,rtrigger,32767
112917,rtrigger,32767
112921,rtrigger,32767
112926,rtrigger,32767
112933,rtrigger,32767
112941,rtrigger,32767
112954,rtrigger,32767
112958,rtrigger,32767
112961,rtrigger,32767
112968,rtrigger,32767
112975,rtrigger,32767
112981,rtrigger,32767
112994,rtrigger,32767
113000,rtrigger,32767
113005,rtrigger,32767
113005,lstick_x,-1960
113005,lstick_y,-3345
113008,rtrigger,32767
113008,lstick_x,-1960
113008,lstick_y,-3345
113013,rtrigger,32767
113013,lstick_x,-1960
113013,lstick_y,-3345
113021,rtrigger,32767
113021,lstick_x,-1960
113021,lstick_y,-3345
113029,rtrigger,32767
113029,lstick_x,-1960
113029,lstick_y,-3345
113037,rtrigger,32767
113037,lstick_x,-1960
113037,lstick_y,-3345
113045,rtrigger,32767
113045,lstick_x,-1960
113045,lstick_y,-3345
113054,rtrigger,32767
113054,lstick_x,-5100
113054,lstick_y,-12622
113061,rtrigger,32767
113061,lstick_x,-6223
113061,lstick_y,-12835
113069,rtrigger,32767
113069,lstick_x,-6223
113069,lstick_y,-12835
113075,rtrigger,32767
113075,lstick_x,-6223
113075,lstick_y,-12835
113082,rtrigger,32767
113082,lstick_x,-6223
113082,lstick_y,-12835
113085,rtrigger,32767
113085,lstick_x,-6223
113085,lstick_y,-12835
113093,rtrigger,32767
113093,lstick_x,-6223
113093,lstick_y,-12835
113097,rtrigger,32767
113097,lstick_x,-6223
113097,lstick_y,-12835
113103,rtrigger,32767
113103,lstick_x,-6223
113103,lstick_y,-12835
113112,rtrigger,32767
113112,lstick_x,-6223
113112,lstick_y,-12835
113117,rtrigger,32767
113117,lstick_x,-6223
113117,lstick_y,-12835
113120,rtrigger,32767
113120,lstick_x,-6223
113120,lstick_y,-12835
113128,rtrigger,32767
113128,lstick_x,-6223
113128,lstick_y,-12835
113133,rtrigger,32767
113133,lstick_x,-6223
113133,lstick_y,-12835
113142,rtrigger,32767
113142,lstick_x,-6223
113142,lstick_y,-12835
113145,rtrigger,32767
113145,lstick_x,-9099
113145,lstick_y,-13981
113149,rtrigger,32767
113149,lstick_x,-9099
113149,lstick_y,-13981
113160,rtrigger,32767
113160,lstick_x,-9099
113160,lstick_y,-13981
113165,rtrigger,32767
113165,lstick_x,-9099
113165,lstick_y,-13981
113172,rtrigger,32767
113172,lstick_x,-10065
113172,lstick_y,-14411
113176,rtrigger,32767
113176,lstick_x,-10065
113176,lstick_y,-14411
113183,rtrigger,32767
113183,lstick_x,-10065
113183,lstick_y,-14411
113187,rtrigger,32767
113187,lstick_x,-10065
113187,lstick_y,-14411
113194,rtrigger,32767
113194,lstick_x,-10065
113194,lstick_y,-14411
113198,rtrigger,32767
113198,lstick_x,-10065
113198,lstick_y,-14411
113203,rtrigger,32767
113203,lstick_x,-10065
113203,lstick_y,-14411
113213,rtrigger,32767
113213,lstick_x,-10065
113213,lstick_y,-14411
113221,rtrigger,32767
113221,lstick_x,-10065
113221,lstick_y,-14411
113231,rtrigger,32767
113231,lstick_x,-10065
113231,lstick_y,-14411
113238,rtrigger,32767
113238,lstick_x,-10065
113238,lstick_y,-14411
113245,rtrigger,32767
113245,lstick_x,-10065
113245,lstick_y,-14411
113254,rtrigger,32767
113254,lstick_x,-8511
113254,lstick_y,-12084
113257,rtrigger,32767
113257,lstick_x,-6410
113257,lstick_y,-3513
113261,rtrigger,32767
113261,lstick_x,-6410
113261,lstick_y,-3513
113270,rtrigger,32767
113270,lstick_x,-6410
113270,lstick_y,-3513
113276,rtrigger,32767
113276,lstick_x,-5326
113276,lstick_y,-3192
113285,rtrigger,32767
113285,lstick_x,-5326
113285,lstick_y,-3192
113292,rtrigger,32767
113292,lstick_x,-4406
113292,lstick_y,-2808
113301,rtrigger,32767
113301,lstick_x,-4406
113301,lstick_y,-2808
113309,rtrigger,32767
113309,lstick_x,-4406
113309,lstick_y,-2808
113317,rtrigger,32767
113317,lstick_x,-4406
113317,lstick_y,-2808
113329,rtrigger,32767
113329,lstick_x,-4406
113329,lstick_y,-2808
113333,rtrigger,32767
113333,lstick_x,-4406
113333,lstick_y,-2808
113337,rtrigger,32767
113337,lstick_x,-4406
113337,lstick_y,-2808
113340,rtrigger,32767
113340,lstick_x,-4406
113340,lstick_y,-2808
113343,rtrigger,32767
113343,lstick_x,-4406
113343,lstick_y,-2808
113354,rtrigger,32767
113354,lstick_x,-4406
113354,lstick_y,-2808
113357,rtrigger,32767
113357,lstick_x,-4406
113357,lstick_y,-2808
113365,rtrigger,32767
113365,lstick_x,-4406
113365,lstick_y,-2808
113370,rtrigger,32767
113370,lstick_x,-2041
113370,lstick_y,-1672
113384,rtrigger,32767
113384,lstick_x,-2041
113384,lstick_y,-1672
113387,rtrigger,32767
113387,lstick_x,-1446
113387,lstick_y,-1390
113390,rtrigger,32767
113390,lstick_x,-1446
113390,lstick_y,-1390
113394,rtrigger,32767
113394,lstick_x,-1446
113394,lstick_y,-1390
113398,rtrigger,32767
113398,lstick_x,-1446
113398,lstick_y,-1390
113406,rtrigger,32767
113406,lstick_x,-1446
113406,lstick_y,-1390
113421,rtrigger,32767
113421,lstick_x,-1446
113421,lstick_y,-1390
113429,rtrigger,32767
113429,lstick_x,-1446
113429,lstick_y,-1390
113437,rtrigger,32767
113437,lstick_x,-1446
113437,lstick_y,-1390
113442,rtrigger,32767
113442,lstick_x,-1446
113442,lstick_y,-1390
113445,rtrigger,32767
113445,lstick_x,-1446
113445,lstick_y,-1390
113454,rtrigger,32767
113454,lstick_x,-1446
113454,lstick_y,-1390
113461,rtrigger,32767
113461,lstick_x,-1446
113461,lstick_y,-1390
113469,rtrigger,32767
113469,lstick_x,-1446
113469,lstick_y,-1390
113477,rtrigger,32767
113477,lstick_x,-1446
113477,lstick_y,-1390
113486,rtrigger,32767
113486,lstick_x,-1446
113486,lstick_y,-1390
113492,rtrigger,32767
113492,lstick_x,-1446
113492,lstick_y,-1390
113499,rtrigger,32767
113499,lstick_x,-1446
113499,lstick_y,-1390
113504,rtrigger,32767
113504,lstick_x,-1644
113504,lstick_y,-2951
113509,rtrigger,32767
113509,lstick_x,-1644
113509,lstick_y,-2951
113522,rtrigger,32767
113522,lstick_x,-1644
113522,lstick_y,-2951
113530,rtrigger,32767
113530,lstick_x,-2534
113530,lstick_y,-4644
113541,rtrigger,32767
113541,lstick_x,-2971
113541,lstick_y,-5403
113545,rtrigger,32767
113545,lstick_x,-3344
113545,lstick_y,-6060
113551,rtrigger,32767
113551,lstick_x,-3344
113551,lstick_y,-6060
113560,rtrigger,32767
113560,lstick_x,-3344
113560,lstick_y,-6060
113564,rtrigger,32767
113564,lstick_x,-3648
113564,lstick_y,-6597
113573,rtrigger,32767
113573,lstick_x,-3648
113573,lstick_y,-6597
113581,rtrigger,32767
113581,lstick_x,-3648
113581,lstick_y,-6597
113588,rtrigger,32767
113588,lstick_x,-3648
113588,lstick_y,-6597
113594,rtrigger,32767
113594,lstick_x,-3648
113594,lstick_y,-6597
113597,rtrigger,32767
113597,lstick_x,-3648
113597,lstick_y,-6597
113604,rtrigger,32767
113604,lstick_x,-3648
113604,lstick_y,-6597
113613,rtrigger,32767
113613,lstick_x,-3648
113613,lstick_y,-6597
113622,rtrigger,32767
113622,lstick_x,-3648
113622,lstick_y,-6597
113629,rtrigger,32767
113629,lstick_x,-3648
113629,lstick_y,-6597
113637,rtrigger,32767
113637,lstick_x,-3648
113637,lstick_y,-6597
113645,rtrigger,32767
113645,lstick_x,-3648
113645,lstick_y,-6597
113653,rtrigger,32767
113653,lstick_x,-3648
113653,lstick_y,-6597
113656,rtrigger,32767
113656,lstick_x,-4371
113656,lstick_y,-7747
113660,rtrigger,32767
113660,lstick_x,-4371
113660,lstick_y,-7747
113662,rtrigger,32767
113662,lstick_x,-4545
113662,lstick_y,-7447
113677,rtrigger,32767
113677,lstick_x,-4545
113677,lstick_y,-7447
113685,rtrigger,32767
113685,lstick_x,-4545
113685,lstick_y,-7447
113689,rtrigger,32767
113689,lstick_x,-4545
113689,lstick_y,-6862
113694,rtrigger,32767
113694,lstick_x,-3718
113694,lstick_y,-5462
113697,rtrigger,32767
113697,lstick_x,-3718
113697,lstick_y,-5462
113701,rtrigger,32767
113701,lstick_x,-3718
113701,lstick_y,-5462
113705,rtrigger,32767
113705,lstick_x,-3718
113705,lstick_y,-5462
113709,rtrigger,32767
113709,lstick_x,-3718
113709,lstick_y,-5462
113712,rtrigger,32767
113712,lstick_x,-3718
113712,lstick_y,-5462
113719,rtrigger,32767
113719,lstick_x,-3718
113719,lstick_y,-5462
113726,rtrigger,32767
113726,lstick_x,-3718
113726,lstick_y,-5462
113742,rtrigger,32767
113742,lstick_x,-3718
113742,lstick_y,-5462
113747,rtrigger,32767
113747,lstick_x,-3718
113747,lstick_y,-5462
113752,rtrigger,32767
113752,lstick_x,-3718
113752,lstick_y,-5462
113757,rtrigger,32767
113757,lstick_x,-3718
113757,lstick_y,-5462
113766,rtrigger,32767
113766,lstick_x,-3718
113766,lstick_y,-5462
113772,rtrigger,32767
113772,lstick_x,-2148
113772,lstick_y,-2917
113777,rtrigger,32767
113777,lstick_x,-2148
113777,lstick_y,-2917
113781,rtrigger,32767
113781,lstick_x,-2148
113781,lstick_y,-2917
113787,rtrigger,32767
113787,lstick_x,-1684
113787,lstick_y,-2163
113795,rtrigger,32767
113795,lstick_x,-1684
113795,lstick_y,-2163
113805,rtrigger,32767
113805,lstick_x,-1684
113805,lstick_y,-2163
113810,rtrigger,32767
113810,lstick_x,-1516
113810,lstick_y,-1884
113816,rtrigger,32767
113816,lstick_x,-1516
113816,lstick_y,-1884
113820,rtrigger,32767
113820,lstick_x,-1376
113820,lstick_y,-1655
113827,rtrigger,32767
113827,lstick_x,-1376
113827,lstick_y,-1655
113832,rtrigger,32767
113832,lstick_x,-1376
113832,lstick_y,-1655
113836,rtrigger,32767
113836,lstick_x,-1376
113836,lstick_y,-1655
113841,rtrigger,32767
113841,lstick_x,-1376
113841,lstick_y,-1655
113848,rtrigger,32767
113848,lstick_x,-1376
113848,lstick_y,-1655
113853,rtrigger,32767
113853,lstick_x,-1376
113853,lstick_y,-1655
113861,rtrigger,32767
113861,lstick_x,-1376
113861,lstick_y,-1655
113871,rtrigger,32767
113871,lstick_x,-1376
113871,lstick_y,-1655
113877,rtrigger,32767
113877,lstick_x,-1376
113877,lstick_y,-1655
113887,rtrigger,32767
113887,lstick_x,-1376
113887,lstick_y,-1655
113893,rtrigger,32767
113893,lstick_x,-1376
113893,lstick_y,-1655
113901,rtrigger,32767
113901,lstick_x,-1376
113901,lstick_y,-1655
113904,rtrigger,32767
113908,rtrigger,32767
113910,rtrigger,32767
113917,rtrigger,32767
113927,rtrigger,32767
113936,rtrigger,32767
113950,rtrigger,32767
113955,rtrigger,32767
113965,rtrigger,32767
113973,rtrigger,32767
113981,rtrigger,32767
113989,rtrigger,32767
113997,rtrigger,32767
114007,rtrigger,32767
114009,rtrigger,32767
114017,rtrigger,32767
114021,rtrigger,32767
114033,rtrigger,32767
114037,rtrigger,32767
114043,rtrigger,32767
114046,rtrigger,32767
114053,rtrigger,32767
114056,rtrigger,32767
114061,rtrigger,32767
114069,rtrigger,32767
114089,rtrigger,32767
114094,rtrigger,32767
114094,lstick_y,1288
114101,rtrigger,32767
114101,lstick_y,1288
114109,rtrigger,32767
114109,lstick_y,1288
114118,rtrigger,32767
114118,lstick_y,1288
114121,rtrigger,32767
114121,lstick_y,1288
114125,rtrigger,32767
114125,lstick_y,1288
114128,rtrigger,32767
114128,lstick_y,1288
114133,rtrigger,32767
114133,lstick_y,1288
114139,rtrigger,32767
114139,lstick_y,1288
114146,rtrigger,32767
114146,lstick_y,1288
114149,rtrigger,32767
114149,lstick_y,1288
114154,rtrigger,32767
114154,lstick_y,1288
114158,rtrigger,32767
114158,lstick_y,1288
114165,rtrigger,32767
114165,lstick_y,1288
114173,rtrigger,32767
114173,lstick_x,-11351
114173,lstick_y,5892
114177,rtrigger,32767
114177,lstick_x,-11351
114177,lstick_y,5892
114181,rtrigger,32767
114181,lstick_x,-11351
114181,lstick_y,5892
114187,rtrigger,32767
114187,lstick_x,-11351
114187,lstick_y,5892
114197,rtrigger,32767
114197,lstick_x,-11351
114197,lstick_y,5892
114206,rtrigger,32767
114206,lstick_x,-11351
114206,lstick_y,5892
114213,rtrigger,32767
114213,lstick_x,-11351
114213,lstick_y,5892
114221,rtrigger,32767
114221,lstick_x,-12213
114221,lstick_y,7562
114226,rtrigger,32767
114226,lstick_x,-12536
114226,lstick_y,8166
114229,rtrigger,32767
114229,lstick_x,-12536
114229,lstick_y,8166
114237,rtrigger,32767
114237,lstick_x,-12536
114237,lstick_y,8166
114240,rtrigger,32767
114240,lstick_x,-12536
114240,lstick_y,8166
114244,rtrigger,32767
114244,lstick_x,-12536
114244,lstick_y,8166
114255,rtrigger,32767
114255,lstick_x,-12536
114255,lstick_y,8166
114261,rtrigger,32767
114261,lstick_x,-12536
114261,lstick_y,8166
114271,rtrigger,32767
114271,lstick_x,-12536
114271,lstick_y,8166
114277,rtrigger,32767
114277,lstick_x,-12536
114277,lstick_y,8166
114282,rtrigger,32767
114282,lstick_x,-12536
114282,lstick_y,8166
114287,rtrigger,32767
114287,lstick_x,-12536
114287,lstick_y,8166
114290,rtrigger,32767
114290,lstick_x,-12619
114290,lstick_y,9458
114294,rtrigger,32767
114294,lstick_x,-12619
114294,lstick_y,9458
114301,rtrigger,32767
114301,lstick_x,-12619
114301,lstick_y,9458
114312,rtrigger,32767
114312,lstick_x,-12619
114312,lstick_y,9458
114317,rtrigger,32767
114317,lstick_x,-12619
114317,lstick_y,9458
114326,rtrigger,32767
114326,lstick_x,-12619
114326,lstick_y,9458
114329,rtrigger,32767
114329,lstick_x,-2540
114329,lstick_y,6635
114335,rtrigger,32767
114335,lstick_x,-2540
114335,lstick_y,6635
114341,rtrigger,32767
114341,lstick_x,-2201
114341,lstick_y,5608
114346,rtrigger,32767
114346,lstick_x,-2201
114346,lstick_y,5608
114350,rtrigger,32767
114350,lstick_x,-2201
114350,lstick_y,5608
114358,rtrigger,32767
114358,lstick_x,-2201
114358,lstick_y,5608
114367,rtrigger,32767
114367,lstick_x,-2201
114367,lstick_y,5608
114375,rtrigger,32767
114375,lstick_x,-2201
114375,lstick_y,5608
114383,rtrigger,32767
114383,lstick_x,-2201
114383,lstick_y,5608
114386,rtrigger,32767
114386,lstick_x,-2201
114386,lstick_y,5608
114391,rtrigger,32767
114391,lstick_x,-2201
114391,lstick_y,5608
114397,rtrigger,32767
114397,lstick_x,-2201
114397,lstick_y,5608
114399,rtrigger,32767
114399,lstick_x,-2201
114399,lstick_y,5608
114403,rtrigger,32767
114403,lstick_x,-2201
114403,lstick_y,5608
114413,rtrigger,32767
114413,lstick_x,-2201
114413,lstick_y,5608
114421,rtrigger,32767
114421,lstick_x,-2201
114421,lstick_y,5608
114429,rtrigger,32767
114429,lstick_x,-2201
114429,lstick_y,5608
114442,rtrigger,32767
114442,lstick_x,-2201
114442,lstick_y,5608
114448,b,0
114448,rtrigger,14047
114448,lstick_x,-1052
114448,lstick_y,1315
114453,rtrigger,14047
114453,lstick_x,-1052
114453,lstick_y,1315
114455,rtrigger,4831
114458,rtrigger,4831
114461,rtrigger,4831
114472,rtrigger,4831
114478,rtrigger,4831
114488,rtrigger,4831
