# time_ms,control,value
10596,a,1
10596,lstick_x,1178
10600,lstick_x,1178
10605,lstick_x,1178
10609,lstick_x,1178
10611,lstick_x,1178
10615,lstick_x,1178
10618,lstick_x,1178
10620,lstick_x,1178
10624,lstick_x,1178
10627,lstick_x,1178
10630,lstick_x,1178
10633,lstick_x,1178
10637,lstick_x,1178
10640,lstick_x,1178
10643,lstick_x,1178
10646,lstick_x,1178
10649,lstick_x,1178
10654,lstick_x,1178
10657,lstick_x,1178
10660,lstick_x,1178
10663,lstick_x,1178
10666,lstick_x,1178
10670,lstick_x,1178
10674,lstick_x,1178
10676,lstick_x,1178
10680,lstick_x,1178
10683,lstick_x,1178
10689,lstick_x,1178
10692,lstick_x,1178
10695,lstick_x,1178
10698,lstick_x,1178
10704,lstick_x,1178
10707,lstick_x,1178
10710,lstick_x,1178
10713,lstick_x,1178
10716,lstick_x,1178
10720,lstick_x,1178
10723,lstick_x,1178
10726,lstick_x,1178
10729,lstick_x,1178
10732,lstick_x,1178
10737,lstick_x,1178
10740,lstick_x,1178
10743,lstick_x,1178
10746,lstick_x,1178
10749,lstick_x,1178
10754,lstick_x,1178
10757,lstick_x,1178
10759,lstick_x,1178
10763,lstick_x,1178
10766,lstick_x,1178
10770,lstick_x,1178
10774,lstick_x,1178
10777,lstick_x,1178
10780,lstick_x,1178
10783,lstick_x,1178
10787,lstick_x,1178
10790,lstick_x,1178
10793,a,0
10793,lstick_x,1178
10796,lstick_x,1178
10799,lstick_x,1178
10803,lstick_x,1178
10806,lstick_x,1178
10809,lstick_x,1178
10812,lstick_x,1178
10815,lstick_x,1178
10820,lstick_x,1178
10823,lstick_x,1178
10826,lstick_x,1178
10829,lstick_x,1178
10832,lstick_x,1178
10837,lstick_x,1178
10840,lstick_x,1178
10843,lstick_x,1178
10846,lstick_x,1178
10849,lstick_x,1178
10854,lstick_x,1178
10857,lstick_x,1178
10861,lstick_x,1178
10864,lstick_x,1178
10867,lstick_x,1178
10870,lstick_x,1178
10873,lstick_x,1178
10877,lstick_x,1178
10879,lstick_x,1178
10883,lstick_x,1178
10887,lstick_x,1178
10890,lstick_x,1178
10893,lstick_x,1178
10896,lstick_x,1178
10899,lstick_x,1178
10904,lstick_x,1178
10907,lstick_x,1178
10910,lstick_x,1178
10914,lstick_x,1178
10917,lstick_x,1178
10921,lstick_x,1178
10925,lstick_x,1178
10929,lstick_x,1178
10932,lstick_x,1178
10937,lstick_x,1178
10940,lstick_x,1178
10944,lstick_x,1178
10946,lstick_x,1178
10950,lstick_x,1178
10954,lstick_x,1178
10957,lstick_x,1178
10960,lstick_x,1178
10962,lstick_x,1178
10966,lstick_x,1178
10970,lstick_x,1178
10974,lstick_x,1178
10976,lstick_x,1178
10979,lstick_x,1178
10982,lstick_x,1178
10987,lstick_x,1178
10990,lstick_x,1178
10993,lstick_x,1178
10996,lstick_x,1178
10999,lstick_x,1178
11004,lstick_x,1178
11007,lstick_x,1178
11010,lstick_x,1178
11013,lstick_x,1178
11015,lstick_x,1178
11020,lstick_x,1178
11023,lstick_x,1178
11027,lstick_x,1178
11030,lstick_x,1178
11033,lstick_x,1178
11037,lstick_x,1178
11040,lstick_x,1178
11043,lstick_x,1178
11046,lstick_x,1178
11049,lstick_x,1178
11054,lstick_x,1178
11057,lstick_x,1178
11060,lstick_x,1178
11063,lstick_x,1178
11066,lstick_x,1178
11070,lstick_x,1178
11074,lstick_x,1178
11076,lstick_x,1178
11079,lstick_x,1178
11082,lstick_x,1178
11087,lstick_x,1178
11090,lstick_x,1178
11093,lstick_x,1178
11097,lstick_x,1178
11099,lstick_x,1178
11103,lstick_x,1178
11107,lstick_x,1178
11110,lstick_x,1178
11113,lstick_x,1178
11116,lstick_x,1178
11122,lstick_x,1178
11125,lstick_x,1178
11128,lstick_x,1178
11131,lstick_x,1178
11137,lstick_x,1178
11140,lstick_x,1178
11143,lstick_x,1178
11146,lstick_x,1178
11149,lstick_x,1178
11155,lstick_x,1178
11159,lstick_x,1178
11162,lstick_x,1178
11165,lstick_x,1178
11170,lstick_x,1178
11173,lstick_x,1178
11176,lstick_x,1178
11179,lstick_x,1178
11182,lstick_x,1178
11189,lstick_x,1178
11192,lstick_x,1178
11195,lstick_x,1178
11198,lstick_x,1178
11204,lstick_x,1178
11206,lstick_x,1178
11209,lstick_x,1178
11212,lstick_x,1178
11215,lstick_x,1178
11222,lstick_x,1178
11226,lstick_x,1178
11229,lstick_x,1178
11232,lstick_x,1178
11237,lstick_x,1178
11240,lstick_x,1178
11243,lstick_x,1178
11246,lstick_x,1178
11249,lstick_x,1178
11256,lstick_x,1178
11259,lstick_x,1178
11262,lstick_x,1178
11265,lstick_x,1178
11270,lstick_x,1178
11273,lstick_x,1178
11276,lstick_x,1178
11280,lstick_x,1178
11283,lstick_x,1178
11287,lstick_x,1178
11290,lstick_x,1178
11293,lstick_x,1178
11296,lstick_x,1178
11299,lstick_x,1178
11305,lstick_x,1178
11308,lstick_x,1178
11312,lstick_x,1178
11315,lstick_x,1178
11320,lstick_x,1178
11324,lstick_x,1178
11327,lstick_x,1178
11330,lstick_x,1178
11333,lstick_x,1178
11337,lstick_x,1178
11340,lstick_x,1178
11343,lstick_x,1178
11346,lstick_x,1178
11349,lstick_x,1178
11353,lstick_x,1178
11356,lstick_x,1178
11359,lstick_x,1178
11363,lstick_x,1178
11366,lstick_x,1178
11370,lstick_x,1178
11373,lstick_x,1178
11376,lstick_x,1178
11379,lstick_x,1178
11382,lstick_x,1178
11389,lstick_x,1178
11392,lstick_x,1178
11395,lstick_x,1178
11398,lstick_x,1178
11404,lstick_x,1178
11407,lstick_x,1178
11410,lstick_x,1178
11413,lstick_x,1178
11416,lstick_x,1178
11420,lstick_x,1178
11423,lstick_x,1178
11426,lstick_x,1178
11429,lstick_x,1178
11432,lstick_x,1178
11438,lstick_x,1178
11441,lstick_x,1178
11445,lstick_x,1178
11448,lstick_x,1178
11454,lstick_x,1178
11457,lstick_x,1178
11459,lstick_x,1178
11463,lstick_x,1178
11466,lstick_x,1178
11470,lstick_x,1178
11473,lstick_x,1178
11476,lstick_x,1178
11479,lstick_x,1178
11482,lstick_x,1178
11487,lstick_x,1178
11490,lstick_x,1178
11493,lstick_x,1178
11496,lstick_x,1178
11499,lstick_x,1178
11504,lstick_x,1178
11506,lstick_x,1178
11509,lstick_x,1178
11512,lstick_x,1178
11515,lstick_x,1178
11520,lstick_x,1178
11523,lstick_x,1178
11526,lstick_x,1178
11529,lstick_x,1178
11532,lstick_x,1178
11537,lstick_x,1178
11539,lstick_x,1178
11542,lstick_x,1178
11545,lstick_x,1178
11548,lstick_x,1178
11554,lstick_x,1178
11557,lstick_x,1178
11560,lstick_x,1178
11563,lstick_x,1178
11567,lstick_x,1178
11570,lstick_x,1178
11573,lstick_x,1178
11576,lstick_x,1178
11579,lstick_x,1178
11583,lstick_x,1178
11589,lstick_x,1178
11592,lstick_x,1178
11595,lstick_x,1178
11598,lstick_x,1178
11603,lstick_x,1178
11606,lstick_x,1178
11609,lstick_x,1178
11612,lstick_x,1178
11615,lstick_x,1178
11620,lstick_x,1178
11623,lstick_x,1178
11626,lstick_x,1178
11629,lstick_x,1178
11632,lstick_x,1178
11638,lstick_x,1178
11641,lstick_x,1178
11644,lstick_x,1178
11647,lstick_x,1178
11650,lstick_x,1178
11654,lstick_x,1178
11656,lstick_x,1178
11659,lstick_x,1178
11662,lstick_x,1178
11665,lstick_x,1178
11670,lstick_x,1178
11673,lstick_x,1178
11676,lstick_x,1178
11680,lstick_x,1178
11682,lstick_x,1178
11687,lstick_x,1178
11690,lstick_x,1178
11693,lstick_x,1178
11697,lstick_x,1178
11700,lstick_x,1178
11703,lstick_x,1178
11707,lstick_x,1178
11709,lstick_x,1178
11713,lstick_x,1178
11716,lstick_x,1178
11722,lstick_x,1178
11725,lstick_x,1178
11728,lstick_x,1178
11731,lstick_x,1178
11734,lstick_x,1178
11737,lstick_x,1178
11740,lstick_x,1178
11743,lstick_x,1178
11746,lstick_x,1178
11749,lstick_x,1178
11754,lstick_x,1178
11757,lstick_x,1178
11760,lstick_x,1178
11763,lstick_x,1178
11766,lstick_x,1178
11772,lstick_x,1178
11776,lstick_x,1178
11779,lstick_x,1178
11782,lstick_x,1178
11787,lstick_x,1178
11789,lstick_x,1178
11793,lstick_x,1178
11796,lstick_x,1178
11799,lstick_x,1178
11804,lstick_x,1178
11806,lstick_x,1178
11810,lstick_x,1178
11813,lstick_x,1178
11816,lstick_x,1178
11820,lstick_x,1178
11823,lstick_x,1178
11826,lstick_x,1178
11830,lstick_x,1178
11833,lstick_x,1178
11837,lstick_x,1178
11840,lstick_x,1178
11843,lstick_x,1178
11846,lstick_x,1178
11849,lstick_x,1178
11855,lstick_x,1178
11859,lstick_x,1178
11862,lstick_x,1178
11865,lstick_x,1178
11868,lstick_x,1178
11871,lstick_x,1178
11874,lstick_x,1178
11878,lstick_x,1178
11880,lstick_x,1178
11883,lstick_x,1178
11888,lstick_x,1178
11896,lstick_x,1178
11904,lstick_x,1178
11908,lstick_x,1178
11910,lstick_x,1178
11913,lstick_x,1178
11916,lstick_x,1178
11920,lstick_x,1178
11923,lstick_x,1178
11926,lstick_x,1178
11929,lstick_x,1178
11932,lstick_x,1178
11936,lstick_x,1178
11939,lstick_x,1178
11942,lstick_x,1178
11945,lstick_x,1178
11948,lstick_x,1178
11952,lstick_x,1178
11955,lstick_x,1178
11958,lstick_x,1178
11962,lstick_x,1178
11965,lstick_x,1178
11969,lstick_x,1178
11972,lstick_x,1178
11975,lstick_x,1178
11979,lstick_x,1178
11982,lstick_x,1178
11985,lstick_x,1178
11988,lstick_x,1178
11991,lstick_x,1178
11994,lstick_x,1178
11997,lstick_x,1178
12000,lstick_x,1178
12005,lstick_x,1178
12008,lstick_x,1178
12011,lstick_x,1178
12014,lstick_x,1178
12017,lstick_x,1178
12022,lstick_x,1178
12025,lstick_x,1178
12028,lstick_x,1178
12031,lstick_x,1178
12038,lstick_x,1178
12041,lstick_x,1178
12045,lstick_x,1178
12048,lstick_x,1178
12054,lstick_x,1178
12057,lstick_x,1178
12060,lstick_x,1178
12062,lstick_x,1178
12065,lstick_x,1178
12071,lstick_x,1178
12074,lstick_x,1178
12078,lstick_x,1178
12081,lstick_x,1178
12088,lstick_x,1178
12091,lstick_x,1178
12094,lstick_x,1178
12097,lstick_x,1178
12100,lstick_x,1178
12104,lstick_x,1178
12107,lstick_x,1178
12110,lstick_x,1178
12113,lstick_x,1178
12116,lstick_x,1178
12120,lstick_x,1178
12123,lstick_x,1178
12126,lstick_x,1178
12130,lstick_x,1178
12133,lstick_x,1178
12136,lstick_x,1178
12139,lstick_x,1178
12142,lstick_x,1178
12146,lstick_x,1178
12149,lstick_x,1178
12155,lstick_x,1178
12158,lstick_x,1178
12163,lstick_x,1178
12166,lstick_x,1178
12172,lstick_x,1178
12175,lstick_x,1178
12178,lstick_x,1178
12181,lstick_x,1178
12185,lstick_x,1178
12188,lstick_x,1178
12191,lstick_x,1178
12196,lstick_x,1178
12199,lstick_x,1178
12205,lstick_x,1178
12209,lstick_x,1178
12212,lstick_x,1178
12214,lstick_x,1178
12220,lstick_x,1178
12224,lstick_x,1178
12227,lstick_x,1178
12230,lstick_x,1178
12233,lstick_x,1178
12238,lstick_x,1178
12242,lstick_x,1178
12246,lstick_x,1178
12249,lstick_x,1178
12255,lstick_x,1178
12258,lstick_x,1178
12263,lstick_x,1178
12266,lstick_x,1178
12272,lstick_x,1178
12275,lstick_x,1178
12278,lstick_x,1178
12281,lstick_x,1178
12288,lstick_x,1178
12291,lstick_x,1178
12295,lstick_x,1178
12298,lstick_x,1178
12301,lstick_x,1178
12304,lstick_x,1178
12307,lstick_x,1178
12310,lstick_x,1178
12313,lstick_x,1178
12316,lstick_x,1178
12320,lstick_x,1178
12323,lstick_x,1178
12326,lstick_x,1178
12329,lstick_x,1178
12333,lstick_x,1178
12336,lstick_x,1178
12339,lstick_x,1178
12342,lstick_x,1178
12346,lstick_x,1178
12349,lstick_x,1178
12352,lstick_x,1178
12356,lstick_x,1178
12359,lstick_x,1178
12362,lstick_x,1178
12365,lstick_x,1178
12371,lstick_x,1178
12374,lstick_x,1178
12377,lstick_x,1178
12379,lstick_x,1178
12382,lstick_x,1178
12387,lstick_x,1178
12390,lstick_x,1178
12393,lstick_x,1178
12396,lstick_x,1178
12399,lstick_x,1178
12404,lstick_x,1178
12407,lstick_x,1178
12410,lstick_x,1178
12413,lstick_x,1178
12416,lstick_x,1178
12420,lstick_x,1178
12423,lstick_x,1178
12426,lstick_x,1178
12429,lstick_x,1178
12433,lstick_x,1178
12437,lstick_x,1178
12440,lstick_x,1178
12443,lstick_x,1178
12446,lstick_x,1178
12449,lstick_x,1178
12454,lstick_x,1178
12457,lstick_x,1178
12460,lstick_x,1178
12463,lstick_x,1178
12466,lstick_x,1178
12472,lstick_x,1178
12475,lstick_x,1178
12479,lstick_x,1178
12482,lstick_x,1178
12487,lstick_x,1178
12490,lstick_x,1178
12493,lstick_x,1178
12496,lstick_x,1178
12499,lstick_x,1178
12504,lstick_x,1178
12507,lstick_x,1178
12510,lstick_x,1178
12513,lstick_x,1178
12516,lstick_x,1178
12520,lstick_x,1178
12523,lstick_x,1178
12527,lstick_x,1178
12530,lstick_x,1178
12533,lstick_x,1178
12536,lstick_x,1178
12539,lstick_x,1178
12541,lstick_x,1178
12545,lstick_x,1178
12549,lstick_x,1178
12551,lstick_x,1178
12554,lstick_x,1178
12557,lstick_x,1178
12562,lstick_x,1178
12565,lstick_x,1178
12569,lstick_x,1178
12572,lstick_x,1178
12575,lstick_x,1178
12578,lstick_x,1178
12581,lstick_x,1178
12585,lstick_x,1178
12588,lstick_x,1178
12592,lstick_x,1178
12596,lstick_x,1178
12599,lstick_x,1178
12604,lstick_x,1178
12607,lstick_x,1178
12610,lstick_x,1178
12613,lstick_x,1178
12616,lstick_x,1178
12622,lstick_x,1178
12625,lstick_x,1178
12629,lstick_x,1178
12632,lstick_x,1178
12639,lstick_x,1178
12642,lstick_x,1178
12646,lstick_x,1178
12649,lstick_x,1178
12655,lstick_x,1178
12659,lstick_x,1178
12662,lstick_x,1178
12665,lstick_x,1178
12670,lstick_x,1178
12674,lstick_x,1178
12677,lstick_x,1178
12680,lstick_x,1178
12683,lstick_x,1178
12688,lstick_x,1178
12690,lstick_x,1178
12693,lstick_x,1178
12697,lstick_x,1178
12700,lstick_x,1178
12704,lstick_x,1178
12707,lstick_x,1178
12709,lstick_x,1178
12712,lstick_x,1178
12716,lstick_x,1178
12720,lstick_x,1178
12723,lstick_x,1178
12726,lstick_x,1178
12730,lstick_x,1178
12733,lstick_x,1178
12736,lstick_x,1178
12739,lstick_x,1178
12742,lstick_x,1178
12746,lstick_x,1178
12749,lstick_x,1178
12752,lstick_x,1178
12755,lstick_x,1178
12758,lstick_x,1178
12763,lstick_x,1178
12765,lstick_x,1178
12768,lstick_x,1178
12771,lstick_x,1178
12774,lstick_x,1178
12777,lstick_x,1178
12780,lstick_x,1178
12783,lstick_x,1178
12787,lstick_x,1178
12790,lstick_x,1178
12793,lstick_x,1178
12796,lstick_x,1178
12800,lstick_x,1178
12804,lstick_x,1178
12807,lstick_x,1178
12810,lstick_x,1178
12813,lstick_x,1178
12816,lstick_x,1178
12824,lstick_x,1178
12827,lstick_x,1178
12830,lstick_x,1178
12834,lstick_x,1178
12839,lstick_x,1178
12842,lstick_x,1178
12846,lstick_x,1178
12849,lstick_x,1178
12855,lstick_x,1178
12859,lstick_x,1178
12862,lstick_x,1178
12864,lstick_x,1178
12872,lstick_x,1178
12875,lstick_x,1178
12878,lstick_x,1178
12881,lstick_x,1178
12887,lstick_x,1178
12890,lstick_x,1178
12893,lstick_x,1178
12896,lstick_x,1178
12899,lstick_x,1178
12904,lstick_x,1178
12907,lstick_x,1178
12910,lstick_x,1178
12913,lstick_x,1178
12916,lstick_x,1178
12920,lstick_x,1178
12923,lstick_x,1178
12926,lstick_x,1178
12929,lstick_x,1178
12933,lstick_x,1178
12936,lstick_x,1178
12940,lstick_x,1178
12943,lstick_x,1178
12945,lstick_x,1178
12949,lstick_x,1178
12952,lstick_x,1178
12955,lstick_x,1178
12958,lstick_x,1178
12962,lstick_x,1178
12964,lstick_x,1178
12968,lstick_x,1178
12972,lstick_x,1178
12976,lstick_x,1178
12982,lstick_x,1178
12989,lstick_x,1178
12992,lstick_x,1178
12995,lstick_x,1178
12998,lstick_x,1178
13005,lstick_x,1178
13008,lstick_x,1178
13010,lstick_x,1178
13014,lstick_x,1178
13016,lstick_x,1178
13022,lstick_x,1178
13025,lstick_x,1178
13030,lstick_x,1178
13034,lstick_x,1178
13037,lstick_x,1178
13040,lstick_x,1178
13044,lstick_x,1178
13047,lstick_x,1178
13050,lstick_x,1178
13054,lstick_x,1178
13058,lstick_x,1178
13062,lstick_x,1178
13064,lstick_x,1178
13072,lstick_x,1178
13075,lstick_x,1178
13077,lstick_x,1178
13080,lstick_x,1178
13083,lstick_x,1178
13087,lstick_x,1178
13091,lstick_x,1178
13094,lstick_x,1178
13097,lstick_x,1178
13100,lstick_x,1178
13104,lstick_x,1178
13107,lstick_x,1178
13110,lstick_x,1178
13113,lstick_x,1178
13116,lstick_x,1178
13120,lstick_x,1178
13122,lstick_x,1178
13125,lstick_x,1178
13128,lstick_x,1178
13131,lstick_x,1178
13136,lstick_x,1178
13138,lstick_x,1178
13141,lstick_x,1178
13145,lstick_x,1178
13148,lstick_x,1178
13152,lstick_x,1178
13155,lstick_x,1178
13158,lstick_x,1178
13162,lstick_x,1178
13166,lstick_x,1178
13172,lstick_x,1178
13175,lstick_x,1178
13179,lstick_x,1178
13183,lstick_x,1178
13189,lstick_x,1178
13192,lstick_x,1178
13195,lstick_x,1178
13199,lstick_x,1178
13205,lstick_x,1178
13208,lstick_x,1178
13212,lstick_x,1178
13215,lstick_x,1178
13220,lstick_x,1178
13224,lstick_x,1178
13228,lstick_x,1178
13232,lstick_x,1178
13239,lstick_x,1178
13242,lstick_x,1178
13245,lstick_x,1178
13248,lstick_x,1178
13251,lstick_x,1178
13256,lstick_x,1178
13259,lstick_x,1178
13262,lstick_x,1178
13265,lstick_x,1178
13270,lstick_x,1178
13274,lstick_x,1178
13277,lstick_x,1178
13280,lstick_x,1178
13283,lstick_x,1178
13288,lstick_x,1178
13291,lstick_x,1178
13295,lstick_x,1178
13300,lstick_x,1178
13304,lstick_x,1178
13306,lstick_x,1178
13309,lstick_x,1178
13312,lstick_x,1178
13315,lstick_x,1178
13320,lstick_x,1178
13323,lstick_x,1178
13326,lstick_x,1178
13329,lstick_x,1178
13333,lstick_x,1178
13336,lstick_x,1178
13339,lstick_x,1178
13343,lstick_x,1178
13346,lstick_x,1178
13350,lstick_x,1178
13354,lstick_x,1178
13357,lstick_x,1178
13360,lstick_x,1178
13363,lstick_x,1178
13366,lstick_x,1178
13370,lstick_x,1178
13374,lstick_x,1178
13378,lstick_x,1178
13381,lstick_x,1178
13384,lstick_x,1178
13387,lstick_x,1178
13391,lstick_x,1178
13394,lstick_x,1178
13397,lstick_x,1178
13400,lstick_x,1178
13404,lstick_x,1178
13407,lstick_x,1178
13410,lstick_x,1178
13412,lstick_x,1178
13415,lstick_x,1178
13420,lstick_x,1178
13424,lstick_x,1178
13428,lstick_x,1178
13431,lstick_x,1178
13434,lstick_x,1178
13437,lstick_x,1178
13440,lstick_x,1178
13443,lstick_x,1178
13446,lstick_x,1178
13449,lstick_x,1178
13453,lstick_x,1178
13456,lstick_x,1178
13459,lstick_x,1178
13463,lstick_x,1178
13465,lstick_x,1178
13470,lstick_x,1178
13475,lstick_x,1178
13479,lstick_x,1178
13483,lstick_x,1178
13488,lstick_x,1178
13491,lstick_x,1178
13494,lstick_x,1178
13497,lstick_x,1178
13501,lstick_x,1178
13504,lstick_x,1178
13507,lstick_x,1178
13510,lstick_x,1178
13513,lstick_x,1178
13517,lstick_x,1178
13520,lstick_x,1178
13525,lstick_x,1178
13528,lstick_x,1178
13531,lstick_x,1178
13534,lstick_x,1178
13539,lstick_x,1178
13542,lstick_x,1178
13545,lstick_x,1178
13549,lstick_x,1178
13551,lstick_x,1178
13554,lstick_x,1178
13557,lstick_x,1178
13560,lstick_x,1178
13563,lstick_x,1178
13566,lstick_x,1178
13568,lstick_x,1178
13573,lstick_x,1178
13576,lstick_x,1178
13579,lstick_x,1178
13582,lstick_x,1178
13589,lstick_x,1178
13592,lstick_x,1178
13596,lstick_x,1178
13599,lstick_x,1178
13604,lstick_x,1178
13607,lstick_x,1178
13610,lstick_x,1178
13613,lstick_x,1178
13616,lstick_x,1178
13622,lstick_x,1178
13626,lstick_x,1178
13630,lstick_x,1178
13633,lstick_x,1178
13638,lstick_x,1178
13641,lstick_x,1178
13645,lstick_x,1178
13648,lstick_x,1178
13654,lstick_x,1178
13657,lstick_x,1178
13660,lstick_x,1178
13664,lstick_x,1178
13667,lstick_x,1178
13670,lstick_x,1178
13673,lstick_x,1178
13678,lstick_x,1178
13681,lstick_x,1178
13687,lstick_x,1178
13691,lstick_x,1178
13694,lstick_x,1178
13697,lstick_x,1178
13700,lstick_x,1178
13704,lstick_x,1178
13707,lstick_x,1178
13710,lstick_x,1178
13713,lstick_x,1178
13716,lstick_x,1178
13720,lstick_x,1178
13723,lstick_x,1178
13726,lstick_x,1178
13729,lstick_x,1178
13732,lstick_x,1178
13736,lstick_x,1178
13739,lstick_x,1178
13742,lstick_x,1178
13745,lstick_x,1178
13749,lstick_x,1178
13752,lstick_x,1178
13755,lstick_x,1178
13758,lstick_x,1178
13761,lstick_x,1178
13764,lstick_x,1178
13767,lstick_x,1178
13772,lstick_x,1178
13776,lstick_x,1178
13779,lstick_x,1178
13782,lstick_x,1178
13788,lstick_x,1178
13791,lstick_x,1178
13795,lstick_x,1178
13798,lstick_x,1178
13805,lstick_x,1178
13808,lstick_x,1178
13811,lstick_x,1178
13815,lstick_x,1178
13822,lstick_x,1178
13825,lstick_x,1178
13829,lstick_x,1178
13831,lstick_x,1178
13839,lstick_x,1178
13842,lstick_x,1178
13846,lstick_x,1178
13848,lstick_x,1178
13851,lstick_x,1178
13855,lstick_x,1178
13858,lstick_x,1178
13861,lstick_x,1178
13864,lstick_x,1178
13868,lstick_x,1178
13872,lstick_x,1178
13876,lstick_x,1178
13878,lstick_x,1178
13881,lstick_x,1178
13884,lstick_x,1178
13887,lstick_x,1178
13890,lstick_x,1178
13893,lstick_x,1178
13896,a,1
13896,lstick_x,1178
13899,lstick_x,1178
13904,lstick_x,1178
13906,lstick_x,1178
13910,lstick_x,1178
13913,lstick_x,1178
13916,lstick_x,1178
13920,lstick_x,1178
13923,lstick_x,1178
13926,lstick_x,1178
13931,lstick_x,1178
13934,lstick_x,1178
13938,lstick_x,1178
13941,lstick_x,1178
13944,lstick_x,1178
13947,lstick_x,1178
13950,lstick_x,1178
13954,lstick_x,1178
13957,lstick_x,1178
13960,lstick_x,1178
13963,lstick_x,1178
13966,lstick_x,1178
13972,lstick_x,1178
13975,lstick_x,1178
13978,lstick_x,1178
13982,lstick_x,1178
13987,lstick_x,1178
13990,lstick_x,1178
13993,lstick_x,1178
13995,lstick_x,1178
13999,lstick_x,1178
14005,lstick_x,1178
14008,lstick_x,1178
14011,lstick_x,1178
14014,lstick_x,1178
14018,a,0
14018,lstick_x,1178
14022,lstick_x,1178
14025,lstick_x,1178
14028,lstick_x,1178
14031,lstick_x,1178
14037,lstick_x,1178
14040,lstick_x,1178
14043,lstick_x,1178
14046,lstick_x,1178
14050,lstick_x,1178
14054,lstick_x,1178
14057,lstick_x,1178
14060,lstick_x,1178
14062,lstick_x,1178
14065,lstick_x,1178
14070,lstick_x,1178
14073,lstick_x,1178
14076,lstick_x,1178
14079,lstick_x,1178
14082,lstick_x,1178
14088,lstick_x,1178
14090,lstick_x,1178
14093,lstick_x,1178
14096,lstick_x,1178
14099,lstick_x,1178
14104,lstick_x,1178
14107,lstick_x,1178
14110,lstick_x,1178
14113,lstick_x,1178
14117,lstick_x,1178
14120,lstick_x,1178
14123,lstick_x,1178
14127,lstick_x,1178
14130,lstick_x,1178
14133,lstick_x,1178
14139,lstick_x,1178
14142,lstick_x,1178
14145,lstick_x,1178
14149,lstick_x,1178
14152,lstick_x,1178
14155,lstick_x,1178
14157,lstick_x,1178
14161,lstick_x,1178
14164,lstick_x,1178
14168,lstick_x,1178
14170,lstick_x,1178
14173,lstick_x,1178
14176,lstick_x,1178
14179,lstick_x,1178
14182,lstick_x,1178
14184,lstick_x,1178
14187,lstick_x,1178
14190,lstick_x,1178
14194,lstick_x,1178
14198,lstick_x,1178
14201,lstick_x,1178
14204,lstick_x,1178
14207,lstick_x,1178
14210,lstick_x,1178
14213,lstick_x,1178
14216,lstick_x,1178
14220,lstick_x,1178
14223,lstick_x,1178
14226,lstick_x,1178
14229,lstick_x,1178
14232,lstick_x,1178
14237,lstick_x,1178
14240,lstick_x,1178
14243,lstick_x,1178
14247,lstick_x,1178
14254,lstick_x,1178
14257,lstick_x,1178
14260,lstick_x,1178
14263,lstick_x,1178
14266,lstick_x,1178
14271,lstick_x,1178
14274,lstick_x,1178
14277,lstick_x,1178
14279,lstick_x,1178
14283,lstick_x,1178
14287,lstick_x,1178
14290,lstick_x,1178
14294,lstick_x,1178
14296,lstick_x,1178
14299,lstick_x,1178
14304,lstick_x,1178
14307,lstick_x,1178
14310,lstick_x,1178
14313,lstick_x,1178
14316,lstick_x,1178
14320,lstick_x,1178
14324,lstick_x,1178
14327,lstick_x,1178
14330,lstick_x,1178
14333,lstick_x,1178
14336,lstick_x,1178
14339,lstick_x,1178
14341,lstick_x,1178
14344,lstick_x,1178
14347,lstick_x,1178
14350,lstick_x,1178
14356,lstick_x,1178
14358,lstick_x,1178
14361,lstick_x,1178
14365,lstick_x,1178
14368,lstick_x,1178
14372,lstick_x,1178
14376,lstick_x,1178
14379,lstick_x,1178
14382,lstick_x,1178
14385,lstick_x,1178
14390,lstick_x,1178
14393,lstick_x,1178
14397,lstick_x,1178
14400,lstick_x,1178
14405,lstick_x,1178
14408,lstick_x,1178
14411,lstick_x,1178
14414,lstick_x,1178
14422,lstick_x,1178
14425,lstick_x,1178
14428,lstick_x,1178
14431,lstick_x,1178
14434,lstick_x,1178
14437,lstick_x,1178
14440,lstick_x,1178
14443,lstick_x,1178
14446,lstick_x,1178
14450,lstick_x,1178
14454,lstick_x,1178
14457,lstick_x,1178
14461,lstick_x,1178
14463,lstick_x,1178
14466,lstick_x,1178
14470,lstick_x,1178
14473,lstick_x,1178
14476,lstick_x,1178
14479,lstick_x,1178
14482,lstick_x,1178
14487,lstick_x,1178
14490,lstick_x,1178
14493,lstick_x,1178
14496,lstick_x,1178
14499,lstick_x,1178
14504,lstick_x,1178
14508,lstick_x,1178
14512,lstick_x,1178
14515,lstick_x,1178
14520,lstick_x,1178
14522,lstick_x,1178
14526,lstick_x,1178
14528,lstick_x,1178
14532,lstick_x,1178
14536,lstick_x,1178
14539,lstick_x,1178
14542,lstick_x,1178
14546,lstick_x,1178
14549,lstick_x,1178
14552,lstick_x,1178
14556,lstick_x,1178
14559,lstick_x,1178
14562,lstick_x,1178
14565,lstick_x,1178
14568,lstick_x,1178
14572,lstick_x,1178
14575,lstick_x,1178
14579,lstick_x,1178
14583,lstick_x,1178
14589,lstick_x,1178
14592,lstick_x,1178
14596,lstick_x,1178
14599,lstick_x,1178
14605,lstick_x,1178
14608,lstick_x,1178
14612,lstick_x,1178
14615,lstick_x,1178
14621,lstick_x,1178
14623,lstick_x,1178
14626,lstick_x,1178
14629,lstick_x,1178
14632,lstick_x,1178
14637,lstick_x,1178
14640,lstick_x,1178
14643,lstick_x,1178
14646,lstick_x,1178
14649,lstick_x,1178
14654,lstick_x,1178
14657,lstick_x,1178
14661,lstick_x,1178
14664,lstick_x,1178
14668,lstick_x,1178
14670,lstick_x,1178
14673,lstick_x,1178
14676,lstick_x,1178
14679,lstick_x,1178
14682,lstick_x,1178
14687,lstick_x,1178
14690,lstick_x,1178
14693,lstick_x,1178
14696,lstick_x,1178
14701,lstick_x,1178
14704,lstick_x,1178
14707,lstick_x,1178
14710,lstick_x,1178
14714,lstick_x,1178
14717,lstick_x,1178
14720,lstick_x,1178
14723,lstick_x,1178
14727,lstick_x,1178
14729,lstick_x,1178
14733,lstick_x,1178
14736,lstick_x,1178
14739,lstick_x,1178
14742,lstick_x,1178
14745,lstick_x,1178
14748,lstick_x,1178
14752,lstick_x,1178
14755,lstick_x,1178
14758,lstick_x,1178
14762,lstick_x,1178
14765,lstick_x,1178
14768,lstick_x,1178
14771,lstick_x,1178
14774,lstick_x,1178
14777,lstick_x,1178
14780,lstick_x,1178
14783,lstick_x,1178
14787,lstick_x,1178
14790,lstick_x,1178
14793,lstick_x,1178
14796,lstick_x,1178
14800,lstick_x,1178
14804,lstick_x,1178
14807,lstick_x,1178
14810,lstick_x,1178
14813,lstick_x,1178
14816,lstick_x,1178
14821,lstick_x,1178
14824,lstick_x,1178
14826,lstick_x,1178
14829,lstick_x,1178
14832,lstick_x,1178
14839,lstick_x,1178
14842,lstick_x,1178
14845,lstick_x,1178
14848,lstick_x,1178
14855,lstick_x,1178
14858,lstick_x,1178
14862,lstick_x,1178
14866,lstick_x,1178
14872,lstick_x,1178
14875,lstick_x,1178
14879,lstick_x,1178
14882,lstick_x,1178
14885,lstick_x,1178
14888,lstick_x,1178
14891,lstick_x,1178
14895,lstick_x,1178
14898,lstick_x,1178
14904,lstick_x,1178
14907,lstick_x,1178
14910,lstick_x,1178
14913,lstick_x,1178
14916,lstick_x,1178
14920,lstick_x,1178
14923,lstick_x,1178
14927,lstick_x,1178
14929,lstick_x,1178
14932,lstick_x,1178
14936,lstick_x,1178
14939,lstick_x,1178
14942,lstick_x,1178
14946,lstick_x,1178
14949,lstick_x,1178
14952,lstick_x,1178
14955,lstick_x,1178
14958,lstick_x,1178
14961,lstick_x,1178
14964,lstick_x,1178
14967,lstick_x,1178
14972,lstick_x,1178
14975,lstick_x,1178
14979,lstick_x,1178
14982,lstick_x,1178
14989,lstick_x,1178
14993,lstick_x,1178
14996,lstick_x,1178
14999,lstick_x,1178
15004,lstick_x,1178
15007,lstick_x,1178
15011,lstick_x,1178
15014,lstick_x,1178
15017,lstick_x,1178
15022,lstick_x,1178
15025,lstick_x,1178
15029,lstick_x,1178
15032,lstick_x,1178
15037,lstick_x,1178
15040,lstick_x,1178
15043,lstick_x,1178
15045,lstick_x,1178
15049,lstick_x,1178
15055,lstick_x,1178
15059,lstick_x,1178
15062,lstick_x,1178
15065,lstick_x,1178
15070,lstick_x,1178
15074,lstick_x,1178
15078,lstick_x,1178
15081,lstick_x,1178
15088,lstick_x,1178
15092,lstick_x,1178
15095,lstick_x,1178
15098,lstick_x,1178
15104,lstick_x,1178
15107,lstick_x,1178
15110,lstick_x,1178
15113,lstick_x,1178
15117,lstick_x,1178
15120,lstick_x,1178
15123,lstick_x,1178
15126,lstick_x,1178
15130,lstick_x,1178
15133,lstick_x,1178
15136,lstick_x,1178
15139,lstick_x,1178
15142,lstick_x,1178
15146,lstick_x,1178
15149,lstick_x,1178
15152,lstick_x,1178
15155,lstick_x,1178
15158,lstick_x,1178
15162,lstick_x,1178
15165,lstick_x,1178
15168,lstick_x,1178
15172,lstick_x,1178
15175,lstick_x,1178
15178,lstick_x,1178
15181,lstick_x,1178
15184,lstick_x,1178
15187,lstick_x,1178
15190,lstick_x,1178
15193,lstick_x,1178
15196,lstick_x,1178
15199,lstick_x,1178
15205,lstick_x,1178
15208,lstick_x,1178
15214,lstick_x,1178
15217,lstick_x,1178
15222,lstick_x,1178
15225,lstick_x,1178
15228,lstick_x,1178
15232,lstick_x,1178
15237,lstick_x,1178
15240,lstick_x,1178
15244,lstick_x,1178
15248,lstick_x,1178
15251,lstick_x,1178
15254,lstick_x,1178
15257,lstick_x,1178
15260,lstick_x,1178
15263,lstick_x,1178
15266,lstick_x,1178
15272,lstick_x,1178
15280,lstick_x,1178
15287,lstick_x,1178
15290,lstick_x,1178
15293,lstick_x,1178
15296,lstick_x,1178
15299,lstick_x,1178
15304,lstick_x,1178
15306,lstick_x,1178
15309,lstick_x,1178
15312,lstick_x,1178
15315,lstick_x,1178
15318,lstick_x,1178
15321,lstick_x,1178
15324,lstick_x,1178
15327,lstick_x,1178
15330,lstick_x,1178
15333,lstick_x,1178
15336,lstick_x,1178
15339,lstick_x,1178
15342,lstick_x,1178
15345,lstick_x,1178
15348,lstick_x,1178
15352,lstick_x,1178
15355,lstick_x,1178
15358,lstick_x,1178
15362,lstick_x,1178
15365,lstick_x,1178
15368,lstick_x,1178
15371,lstick_x,1178
15374,lstick_x,1178
15377,lstick_x,1178
15380,lstick_x,1178
15383,lstick_x,1178
15387,lstick_x,1178
15390,lstick_x,1178
15393,lstick_x,1178
15396,lstick_x,1178
15399,lstick_x,1178
15404,lstick_x,1178
15408,lstick_x,1178
15411,lstick_x,1178
15414,lstick_x,1178
15418,lstick_x,1178
15422,lstick_x,1178
15425,lstick_x,1178
15428,lstick_x,1178
15431,lstick_x,1178
15434,lstick_x,1178
15437,lstick_x,1178
15440,lstick_x,1178
15443,lstick_x,1178
15446,lstick_x,1178
15449,lstick_x,1178
15454,lstick_x,1178
15457,lstick_x,1178
15460,lstick_x,1178
15464,lstick_x,1178
15467,lstick_x,1178
15472,lstick_x,1178
15475,lstick_x,1178
15478,lstick_x,1178
15481,lstick_x,1178
15484,lstick_x,1178
15488,lstick_x,1178
15490,lstick_x,1178
15494,lstick_x,1178
15497,lstick_x,1178
15501,lstick_x,1178
15504,lstick_x,1178
15508,lstick_x,1178
15511,lstick_x,1178
15514,lstick_x,1178
15517,lstick_x,1178
15520,lstick_x,1178
15523,lstick_x,1178
15528,lstick_x,1178
15531,lstick_x,1178
15534,lstick_x,1178
15539,lstick_x,1178
15542,lstick_x,1178
15545,lstick_x,1178
15548,lstick_x,1178
15552,lstick_x,1178
15556,lstick_x,1178
15559,lstick_x,1178
15562,lstick_x,1178
15565,lstick_x,1178
15568,lstick_x,1178
15573,lstick_x,1178
15576,lstick_x,1178
15579,lstick_x,1178
15581,lstick_x,1178
15585,lstick_x,1178
15588,lstick_x,1178
15591,lstick_x,1178
15594,lstick_x,1178
15596,lstick_x,1178
15599,lstick_x,1178
15605,lstick_x,1178
15608,lstick_x,1178
15611,lstick_x,1178
15614,lstick_x,1178
15617,lstick_x,1178
15622,lstick_x,1178
15625,lstick_x,1178
15628,lstick_x,1178
15631,lstick_x,1178
15633,lstick_x,1178
15637,lstick_x,1178
15640,lstick_x,1178
15644,lstick_x,1178
15647,lstick_x,1178
15655,lstick_x,1178
15658,lstick_x,1178
15661,lstick_x,1178
15664,lstick_x,1178
15667,lstick_x,1178
15670,lstick_x,1178
15673,lstick_x,1178
15676,lstick_x,1178
15679,lstick_x,1178
15682,lstick_x,1178
15688,lstick_x,1178
15691,lstick_x,1178
15694,lstick_x,1178
15698,lstick_x,1178
15700,lstick_x,1178
15704,lstick_x,1178
15707,lstick_x,1178
15711,lstick_x,1178
15714,lstick_x,1178
15718,lstick_x,1178
15721,lstick_x,1178
15724,lstick_x,1178
15727,lstick_x,1178
15730,lstick_x,1178
15734,lstick_x,1178
15739,lstick_x,1178
15742,lstick_x,1178
15745,lstick_x,1178
15748,lstick_x,1178
15752,lstick_x,1178
15755,lstick_x,1178
15758,lstick_x,1178
15761,lstick_x,1178
15764,lstick_x,1178
15767,lstick_x,1178
15770,lstick_x,1178
15773,lstick_x,1178
15776,lstick_x,1178
15778,lstick_x,1178
15781,lstick_x,1178
15784,lstick_x,1178
15787,lstick_x,1178
15791,lstick_x,1178
15794,lstick_x,1178
15796,lstick_x,1178
15799,lstick_x,1178
15804,lstick_x,1178
15807,lstick_x,1178
15809,lstick_x,1178
15812,lstick_x,1178
15816,lstick_x,1178
15821,lstick_x,1178
15823,lstick_x,1178
15826,lstick_x,1178
15830,lstick_x,1178
15833,lstick_x,1178
15839,lstick_x,1178
15842,lstick_x,1178
15846,lstick_x,1178
15849,lstick_x,1178
15853,lstick_x,1178
15857,lstick_x,1178
15860,lstick_x,1178
15863,lstick_x,1178
15866,lstick_x,1178
15870,lstick_x,1178
15873,lstick_x,1178
15876,lstick_x,1178
15879,lstick_x,1178
15882,lstick_x,1178
15887,lstick_x,1178
15890,lstick_x,1178
15893,lstick_x,1178
15896,lstick_x,1178
15898,lstick_x,1178
15904,lstick_x,1178
15907,lstick_x,1178
15910,lstick_x,1178
15913,lstick_x,1178
15916,lstick_x,1178
15920,lstick_x,1178
15922,lstick_x,1178
15926,lstick_x,1178
15929,lstick_x,1178
15933,lstick_x,1178
15936,lstick_x,1178
15939,lstick_x,1178
15942,lstick_x,1178
15945,lstick_x,1178
15948,lstick_x,1178
15952,lstick_x,1178
15956,a,1
15956,lstick_x,1178
15959,lstick_x,1178
15962,lstick_x,1178
15965,lstick_x,1178
15968,lstick_x,1178
15971,lstick_x,1178
15975,lstick_x,1178
15979,lstick_x,1178
15983,lstick_x,1178
15989,lstick_x,1178
15992,lstick_x,1178
15995,lstick_x,1178
15998,lstick_x,1178
16001,lstick_x,1178
16005,lstick_x,1178
16008,lstick_x,1178
16011,lstick_x,1178
16014,lstick_x,1178
16017,lstick_x,1178
16020,lstick_x,1178
16024,lstick_x,1178
16026,lstick_x,1178
16029,lstick_x,1178
16032,lstick_x,1178
16039,lstick_x,1178
16043,lstick_x,1178
16046,lstick_x,1178
16049,lstick_x,1178
16054,lstick_x,1178
16057,lstick_x,1178
16060,lstick_x,1178
16063,lstick_x,1178
16066,lstick_x,1178
16070,lstick_x,1178
16073,lstick_x,1178
16077,lstick_x,1178
16080,lstick_x,1178
16083,lstick_x,1178
16088,lstick_x,1178
16091,lstick_x,1178
16095,lstick_x,1178
16098,lstick_x,1178
16104,lstick_x,1178
16107,lstick_x,1178
16110,lstick_x,1178
16113,lstick_x,1178
16117,lstick_x,1178
16122,lstick_x,1178
16126,lstick_x,1178
16129,lstick_x,1178
16132,a,0
16132,lstick_x,1178
16136,lstick_x,1178
16139,lstick_x,1178
16142,lstick_x,1178
16146,lstick_x,1178
16150,lstick_x,1178
16155,lstick_x,1178
16157,lstick_x,1178
16160,lstick_x,1178
16162,lstick_x,1178
16165,lstick_x,1178
16172,lstick_x,1178
16175,lstick_x,1178
16179,lstick_x,1178
16182,lstick_x,1178
16187,lstick_x,1178
16191,lstick_x,1178
16195,lstick_x,1178
16198,lstick_x,1178
16206,lstick_x,1178
16210,lstick_x,1178
16214,lstick_x,1178
16217,lstick_x,1178
16220,lstick_x,1178
16223,lstick_x,1178
16227,lstick_x,1178
16230,lstick_x,1178
16233,lstick_x,1178
16237,lstick_x,1178
16241,lstick_x,1178
16244,lstick_x,1178
16247,lstick_x,1178
16250,lstick_x,1178
16254,lstick_x,1178
16257,lstick_x,1178
16261,lstick_x,1178
16263,lstick_x,1178
16266,lstick_x,1178
16272,lstick_x,1178
16276,lstick_x,1178
16279,lstick_x,1178
16283,lstick_x,1178
16287,lstick_x,1178
16290,lstick_x,1178
16293,lstick_x,1178
16296,lstick_x,1178
16299,lstick_x,1178
16304,lstick_x,1178
16307,lstick_x,1178
16310,lstick_x,1178
16316,lstick_x,1178
16320,lstick_x,1178
16323,lstick_x,1178
16326,lstick_x,1178
16332,lstick_x,1178
16336,lstick_x,1178
16340,lstick_x,1178
16343,lstick_x,1178
16346,lstick_x,1178
16349,lstick_x,1178
16352,lstick_x,1178
16355,lstick_x,1178
16358,lstick_x,1178
16363,lstick_x,1178
16368,lstick_x,1178
16371,lstick_x,1178
16374,lstick_x,1178
16377,lstick_x,1178
16380,lstick_x,1178
16383,lstick_x,1178
16389,lstick_x,1178
16392,lstick_x,1178
16395,lstick_x,1178
16398,lstick_x,1178
16401,lstick_x,1178
16403,lstick_x,1178
16407,lstick_x,1178
16410,lstick_x,1178
16412,lstick_x,1178
16415,lstick_x,1178
16420,lstick_x,1178
16423,lstick_x,1178
16426,lstick_x,1178
16429,lstick_x,1178
16433,lstick_x,1178
16437,lstick_x,1178
16440,lstick_x,1178
16443,lstick_x,1178
16446,lstick_x,1178
16449,lstick_x,1178
16454,lstick_x,1178
16457,lstick_x,1178
16460,lstick_x,1178
16463,lstick_x,1178
16466,lstick_x,1178
16470,lstick_x,1178
16474,lstick_x,1178
16477,lstick_x,1178
16480,lstick_x,1178
16483,lstick_x,1178
16488,lstick_x,1178
16491,lstick_x,1178
16494,lstick_x,1178
16498,lstick_x,1178
16504,lstick_x,1178
16506,lstick_x,1178
16509,lstick_x,1178
16512,lstick_x,1178
16515,lstick_x,1178
16520,lstick_x,1178
16523,lstick_x,1178
16526,lstick_x,1178
16529,lstick_x,1178
16531,lstick_x,1178
16536,lstick_x,1178
16538,lstick_x,1178
16542,lstick_x,1178
16546,lstick_x,1178
16549,lstick_x,1178
16552,lstick_x,1178
16555,lstick_x,1178
16558,lstick_x,1178
16562,lstick_x,1178
16566,lstick_x,1178
16571,lstick_x,1178
16574,lstick_x,1178
16578,lstick_x,1178
16581,lstick_x,1178
16584,lstick_x,1178
16589,lstick_x,1178
16592,lstick_x,1178
16595,lstick_x,1178
16599,lstick_x,1178
16604,lstick_x,1178
16606,lstick_x,1178
16609,lstick_x,1178
16612,lstick_x,1178
16616,lstick_x,1178
16621,lstick_x,1178
16624,lstick_x,1178
16627,lstick_x,1178
16629,lstick_x,1178
16632,lstick_x,1178
16637,lstick_x,1178
16640,lstick_x,1178
16643,lstick_x,1178
16645,lstick_x,1178
16649,lstick_x,1178
16652,lstick_x,1178
16655,lstick_x,1178
16658,lstick_x,1178
16662,lstick_x,1178
16665,lstick_x,1178
16672,lstick_x,1178
16675,lstick_x,1178
16679,lstick_x,1178
16682,lstick_x,1178
16688,lstick_x,1178
16691,lstick_x,1178
16694,lstick_x,1178
16699,lstick_x,1178
16704,lstick_x,1178
16707,lstick_x,1178
16711,lstick_x,1178
16714,lstick_x,1178
16717,lstick_x,1178
16720,lstick_x,1178
16723,lstick_x,1178
16726,lstick_x,1178
16729,lstick_x,1178
16732,lstick_x,1178
16736,lstick_x,1178
16739,lstick_x,1178
16741,lstick_x,1178
16746,lstick_x,1178
16749,lstick_x,1178
16752,lstick_x,1178
16755,lstick_x,1178
16758,lstick_x,1178
16762,lstick_x,1178
16765,lstick_x,1178
16768,lstick_x,1178
16772,lstick_x,1178
16776,lstick_x,1178
16779,lstick_x,1178
16783,lstick_x,1178
16787,lstick_x,1178
16790,lstick_x,1178
16794,lstick_x,1178
16797,lstick_x,1178
16800,lstick_x,1178
16804,lstick_x,1178
16807,lstick_x,1178
16809,lstick_x,1178
16812,lstick_x,1178
16816,lstick_x,1178
16822,lstick_x,1178
16826,lstick_x,1178
16829,lstick_x,1178
16832,lstick_x,1178
16837,lstick_x,1178
16840,lstick_x,1178
16843,lstick_x,1178
16846,lstick_x,1178
16849,lstick_x,1178
16856,lstick_x,1178
16859,lstick_x,1178
16862,lstick_x,1178
16866,lstick_x,1178
16870,lstick_x,1178
16874,lstick_x,1178
16877,lstick_x,1178
16880,lstick_x,1178
16883,lstick_x,1178
16888,lstick_x,1178
16891,lstick_x,1178
16894,lstick_x,1178
16898,lstick_x,1178
16901,lstick_x,1178
16904,lstick_x,1178
16907,lstick_x,1178
16910,lstick_x,1178
16913,lstick_x,1178
16916,lstick_x,1178
16920,lstick_x,1178
16923,lstick_x,1178
16927,lstick_x,1178
16930,lstick_x,1178
16933,lstick_x,1178
16936,lstick_x,1178
16939,lstick_x,1178
16942,lstick_x,1178
16948,lstick_x,1178
16951,lstick_x,1178
16955,lstick_x,1178
16958,lstick_x,1178
16961,lstick_x,1178
16965,lstick_x,1178
16968,lstick_x,1178
16970,lstick_x,1178
16974,lstick_x,1178
16977,lstick_x,1178
16980,lstick_x,1178
16982,lstick_x,1178
16989,lstick_x,1178
16992,lstick_x,1178
16995,lstick_x,1178
16998,lstick_x,1178
17001,lstick_x,1178
17005,lstick_x,1178
17008,lstick_x,1178
17011,lstick_x,1178
17014,lstick_x,1178
17022,lstick_x,1178
17025,lstick_x,1178
17028,lstick_x,1178
17031,lstick_x,1178
17037,lstick_x,1178
17041,lstick_x,1178
17043,lstick_x,1178
17046,lstick_x,1178
17049,lstick_x,1178
17054,lstick_x,1178
17057,lstick_x,1178
17061,lstick_x,1178
17064,lstick_x,1178
17067,lstick_x,1178
17070,lstick_x,1178
17073,lstick_x,1178
17077,lstick_x,1178
17080,lstick_x,1178
17083,lstick_x,1178
17087,lstick_x,1178
17090,lstick_x,1178
17093,lstick_x,1178
17096,lstick_x,1178
17099,lstick_x,1178
17104,lstick_x,1178
17108,lstick_x,1178
17112,lstick_x,1178
17115,lstick_x,1178
17120,lstick_x,1178
17123,lstick_x,1178
17126,lstick_x,1178
17129,lstick_x,1178
17132,lstick_x,1178
17136,lstick_x,1178
17139,lstick_x,1178
17142,lstick_x,1178
17145,lstick_x,1178
17148,lstick_x,1178
17152,lstick_x,1178
17155,lstick_x,1178
17159,lstick_x,1178
17161,lstick_x,1178
17164,dpad_right,1
17164,lstick_x,1178
17167,lstick_x,1178
17170,lstick_x,1178
17173,lstick_x,1178
17176,lstick_x,1178
17179,lstick_x,1178
17183,lstick_x,1178
17187,lstick_x,1178
17190,lstick_x,1178
17192,lstick_x,1178
17195,lstick_x,1178
17198,lstick_x,1178
17205,lstick_x,1178
17208,lstick_x,1178
17211,lstick_x,1178
17214,lstick_x,1178
17220,lstick_x,1178
17224,lstick_x,1178
17227,lstick_x,1178
17230,lstick_x,1178
17233,lstick_x,1178
17239,lstick_x,1178
17241,lstick_x,1178
17245,lstick_x,1178
17248,lstick_x,1178
17251,lstick_x,1178
17255,lstick_x,1178
17258,lstick_x,1178
17262,lstick_x,1178
17265,lstick_x,1178
17272,lstick_x,1178
17275,lstick_x,1178
17279,lstick_x,1178
17282,lstick_x,1178
17287,lstick_x,1178
17290,lstick_x,1178
17293,lstick_x,1178
17296,lstick_x,1178
17298,lstick_x,1178
17304,lstick_x,1178
17307,lstick_x,1178
17310,lstick_x,1178
17313,lstick_x,1178
17317,lstick_x,1178
17320,lstick_x,1178
17323,lstick_x,1178
17326,lstick_x,1178
17329,lstick_x,1178
17332,dpad_right,0
17332,lstick_x,1178
17336,lstick_x,1178
17339,lstick_x,1178
17342,lstick_x,1178
17344,lstick_x,1178
17347,lstick_x,1178
17350,lstick_x,1178
17355,lstick_x,1178
17358,lstick_x,1178
17362,lstick_x,1178
17364,lstick_x,1178
17368,lstick_x,1178
17372,lstick_x,1178
17375,lstick_x,1178
17378,lstick_x,1178
17381,lstick_x,1178
17384,lstick_x,1178
17387,lstick_x,1178
17390,lstick_x,1178
17393,lstick_x,1178
17396,lstick_x,1178
17402,lstick_x,1178
17406,lstick_x,1178
17411,lstick_x,1178
17416,lstick_x,1178
17422,lstick_x,1178
17426,lstick_x,1178
17432,lstick_x,1178
17440,lstick_x,1178
17445,lstick_x,1178
17448,lstick_x,1178
17454,lstick_x,1178
17456,lstick_x,1178
17459,lstick_x,1178
17463,lstick_x,1178
17466,lstick_x,1178
17470,lstick_x,1178
17474,lstick_x,1178
17480,lstick_x,1178
17488,lstick_x,1178
17493,lstick_x,1178
17496,lstick_x,1178
17500,lstick_x,1178
17504,lstick_x,1178
17507,lstick_x,1178
17509,lstick_x,1178
17514,lstick_x,1178
17520,lstick_x,1178
17523,lstick_x,1178
17526,lstick_x,1178
17536,lstick_x,1178
17540,lstick_x,1178
17543,lstick_x,1178
17547,lstick_x,1178
17551,lstick_x,1178
17554,lstick_x,1178
17556,lstick_x,1178
17560,lstick_x,1178
17564,lstick_x,1178
17568,lstick_x,1178
17572,lstick_x,1178
17576,lstick_x,1178
17580,lstick_x,1178
17583,lstick_x,1178
17587,lstick_x,1178
17593,lstick_x,1178
17595,lstick_x,1178
17600,lstick_x,1178
17605,lstick_x,1178
17608,lstick_x,1178
17613,lstick_x,1178
17616,lstick_x,1178
17620,lstick_x,1178
17624,lstick_x,1178
17632,lstick_x,1178
17639,lstick_x,1178
17643,lstick_x,1178
17647,lstick_x,1178
17650,lstick_x,1178
17655,lstick_x,1178
17659,lstick_x,1178
17664,lstick_x,1178
17667,lstick_x,1178
17672,lstick_x,1178
17682,lstick_x,1178
17688,lstick_x,1178
17692,lstick_x,1178
17694,lstick_x,1178
17697,lstick_x,1178
17704,lstick_x,1178
17708,lstick_x,1178
17712,lstick_x,1178
17716,lstick_x,1178
17720,lstick_x,1178
17722,lstick_x,1178
17731,lstick_x,1178
17736,lstick_x,1178
17739,lstick_x,1178
17743,lstick_x,1178
17746,lstick_x,1178
17748,lstick_x,1178
17752,lstick_x,1178
17756,lstick_x,1178
17760,lstick_x,1178
17765,lstick_x,1178
17768,lstick_x,1178
17772,lstick_x,1178
17776,lstick_x,1178
17783,lstick_x,1178
17792,lstick_x,1178
17795,lstick_x,1178
17800,lstick_x,1178
17805,lstick_x,1178
17809,lstick_x,1178
17815,lstick_x,1178
17822,lstick_x,1178
17832,lstick_x,1178
17839,lstick_x,1178
17842,lstick_x,1178
17845,lstick_x,1178
17850,lstick_x,1178
17854,lstick_x,1178
17857,lstick_x,1178
17861,lstick_x,1178
17864,lstick_x,1178
17872,lstick_x,1178
17875,lstick_x,1178
17878,lstick_x,1178
17881,lstick_x,1178
17888,lstick_x,1178
17891,lstick_x,1178
17894,lstick_x,1178
17897,lstick_x,1178
17900,lstick_x,1178
17904,lstick_x,1178
17907,lstick_x,1178
17912,lstick_x,1178
17914,lstick_x,1178
17920,lstick_x,1178
17927,lstick_x,1178
17929,lstick_x,1178
17933,lstick_x,1178
17936,lstick_x,1178
17939,lstick_x,1178
17943,lstick_x,1178
17946,lstick_x,1178
17950,lstick_x,1178
17955,lstick_x,1178
17959,lstick_x,1178
17962,lstick_x,1178
17965,lstick_x,1178
17968,lstick_x,1178
17972,lstick_x,1178
17974,lstick_x,1178
17978,lstick_x,1178
17981,lstick_x,1178
17984,lstick_x,1178
17987,lstick_x,1178
17990,lstick_x,1178
17993,lstick_x,1178
17996,lstick_x,1178
17999,lstick_x,1178
18005,lstick_x,1178
18008,lstick_x,1178
18011,lstick_x,1178
18014,lstick_x,1178
18017,lstick_x,1178
18020,lstick_x,1178
18023,lstick_x,1178
18026,lstick_x,1178
18029,lstick_x,1178
18032,lstick_x,1178
18038,lstick_x,1178
18041,lstick_x,1178
18044,lstick_x,1178
18047,lstick_x,1178
18050,lstick_x,1178
18055,lstick_x,1178
18058,lstick_x,1178
18062,lstick_x,1178
18064,lstick_x,1178
18072,lstick_x,1178
18075,lstick_x,1178
18078,lstick_x,1178
18081,lstick_x,1178
18085,lstick_x,1178
18088,lstick_x,1178
18091,lstick_x,1178
18095,lstick_x,1178
18098,lstick_x,1178
18100,lstick_x,1178
18104,lstick_x,1178
18107,lstick_x,1178
18110,lstick_x,1178
18113,lstick_x,1178
18116,lstick_x,1178
18120,lstick_x,1178
18122,lstick_x,1178
18125,lstick_x,1178
18129,lstick_x,1178
18133,lstick_x,1178
18136,lstick_x,1178
18139,lstick_x,1178
18142,lstick_x,1178
18146,lstick_x,1178
18149,lstick_x,1178
18152,lstick_x,1178
18154,lstick_x,1178
18158,lstick_x,1178
18161,lstick_x,1178
18163,lstick_x,1178
18167,lstick_x,1178
18172,lstick_x,1178
18175,lstick_x,1178
18180,lstick_x,1178
18184,lstick_x,1178
18189,lstick_x,1178
18192,lstick_x,1178
18196,lstick_x,1178
18199,lstick_x,1178
18205,lstick_x,1178
18209,lstick_x,1178
18212,lstick_x,1178
18216,lstick_x,1178
18220,lstick_x,1178
18223,lstick_x,1178
18227,lstick_x,1178
18231,lstick_x,1178
18234,lstick_x,1178
18239,lstick_x,1178
18242,lstick_x,1178
18246,lstick_x,1178
18249,lstick_x,1178
18256,lstick_x,1178
18259,lstick_x,1178
18262,lstick_x,1178
18266,lstick_x,1178
18270,lstick_x,1178
18274,lstick_x,1178
18277,lstick_x,1178
18280,lstick_x,1178
18283,lstick_x,1178
18287,lstick_x,1178
18290,lstick_x,1178
18294,lstick_x,1178
18297,lstick_x,1178
18300,lstick_x,1178
18304,lstick_x,1178
18307,lstick_x,1178
18310,lstick_x,1178
18313,lstick_x,1178
18316,lstick_x,1178
18320,lstick_x,1178
18323,lstick_x,1178
18326,lstick_x,1178
18329,lstick_x,1178
18333,lstick_x,1178
18336,lstick_x,1178
18339,lstick_x,1178
18342,lstick_x,1178
18345,lstick_x,1178
18348,lstick_x,1178
18352,lstick_x,1178
18356,lstick_x,1178
18359,lstick_x,1178
18362,lstick_x,1178
18364,lstick_x,1178
18368,lstick_x,1178
18370,lstick_x,1178
18374,lstick_x,1178
18381,lstick_x,1178
18384,lstick_x,1178
18389,lstick_x,1178
18392,lstick_x,1178
18396,lstick_x,1178
18399,lstick_x,1178
18405,lstick_x,1178
18409,lstick_x,1178
18412,lstick_x,1178
18415,lstick_x,1178
18420,lstick_x,1178
18424,lstick_x,1178
18427,dpad_left,1
18427,lstick_x,1178
18430,lstick_x,1178
18433,lstick_x,1178
18437,lstick_x,1178
18440,lstick_x,1178
18443,lstick_x,1178
18447,lstick_x,1178
18450,lstick_x,1178
18454,lstick_x,1178
18458,lstick_x,1178
18462,lstick_x,1178
18465,lstick_x,1178
18471,lstick_x,1178
18474,lstick_x,1178
18477,lstick_x,1178
18480,lstick_x,1178
18483,lstick_x,1178
18488,lstick_x,1178
18491,lstick_x,1178
18495,lstick_x,1178
18498,lstick_x,1178
18504,lstick_x,1178
18507,lstick_x,1178
18509,lstick_x,1178
18512,lstick_x,1178
18516,lstick_x,1178
18520,lstick_x,1178
18523,lstick_x,1178
18526,lstick_x,1178
18529,lstick_x,1178
18532,lstick_x,1178
18536,lstick_x,1178
18539,lstick_x,1178
18542,lstick_x,1178
18545,lstick_x,1178
18549,lstick_x,1178
18552,lstick_x,1178
18555,lstick_x,1178
18559,lstick_x,1178
18562,lstick_x,1178
18565,lstick_x,1178
18568,lstick_x,1178
18571,lstick_x,1178
18574,lstick_x,1178
18578,dpad_left,0
18578,lstick_x,1178
18581,lstick_x,1178
18584,lstick_x,1178
18587,lstick_x,1178
18590,lstick_x,1178
18593,lstick_x,1178
18598,lstick_x,1178
18604,lstick_x,1178
18607,lstick_x,1178
18610,lstick_x,1178
18614,lstick_x,1178
18616,lstick_x,1178
18620,lstick_x,1178
18624,lstick_x,1178
18629,lstick_x,1178
18632,lstick_x,1178
18638,lstick_x,1178
18642,lstick_x,1178
18646,lstick_x,1178
18649,lstick_x,1178
18654,lstick_x,1178
18657,lstick_x,1178
18660,lstick_x,1178
18662,lstick_x,1178
18665,lstick_x,1178
18672,lstick_x,1178
18675,lstick_x,1178
18679,lstick_x,1178
18682,lstick_x,1178
18687,lstick_x,1178
18690,lstick_x,1178
18693,lstick_x,1178
18696,lstick_x,1178
18699,lstick_x,1178
18704,lstick_x,1178
18707,lstick_x,1178
18712,lstick_x,1178
18714,lstick_x,1178
18720,lstick_x,1178
18723,lstick_x,1178
18726,lstick_x,1178
18729,lstick_x,1178
18732,lstick_x,1178
18736,lstick_x,1178
18739,lstick_x,1178
18742,lstick_x,1178
18745,lstick_x,1178
18748,lstick_x,1178
18752,lstick_x,1178
18755,lstick_x,1178
18759,lstick_x,1178
18763,lstick_x,1178
18767,lstick_x,1178
18770,lstick_x,1178
18773,lstick_x,1178
18777,lstick_x,1178
18780,lstick_x,1178
18783,lstick_x,1178
18789,lstick_x,1178
18792,lstick_x,1178
18797,lstick_x,1178
18800,lstick_x,1178
18804,lstick_x,1178
18807,lstick_x,1178
18810,lstick_x,1178
18813,lstick_x,1178
18817,lstick_x,1178
18822,lstick_x,1178
18825,lstick_x,1178
18829,lstick_x,1178
18832,lstick_x,1178
18837,lstick_x,1178
18840,lstick_x,1178
18842,lstick_x,1178
18845,lstick_x,1178
18848,lstick_x,1178
18851,lstick_x,1178
18856,lstick_x,1178
18859,lstick_x,1178
18863,lstick_x,1178
18866,lstick_x,1178
18870,lstick_x,1178
18874,lstick_x,1178
18877,lstick_x,1178
18880,lstick_x,1178
18883,lstick_x,1178
18888,lstick_x,1178
18891,a,1
18891,lstick_x,1178
18895,lstick_x,1178
18898,lstick_x,1178
18904,lstick_x,1178
18907,lstick_x,1178
18910,lstick_x,1178
18913,lstick_x,1178
18916,lstick_x,1178
18920,lstick_x,1178
18922,lstick_x,1178
18927,lstick_x,1178
18929,lstick_x,1178
18932,lstick_x,1178
18936,lstick_x,1178
18939,lstick_x,1178
18942,lstick_x,1178
18945,lstick_x,1178
18948,lstick_x,1178
18952,lstick_x,1178
18954,lstick_x,1178
18958,lstick_x,1178
18960,lstick_x,1178
18964,lstick_x,1178
18968,lstick_x,1178
18972,lstick_x,1178
18975,lstick_x,1178
18978,lstick_x,1178
18981,a,0
18981,lstick_x,1178
18984,lstick_x,1178
18987,lstick_x,1178
18990,lstick_x,1178
18996,lstick_x,1178
18999,lstick_x,1178
19005,lstick_x,1178
19009,lstick_x,1178
19013,lstick_x,1178
19015,lstick_x,1178
19020,lstick_x,1178
19023,lstick_x,1178
19027,lstick_x,1178
19029,lstick_x,1178
19032,lstick_x,1178
19037,lstick_x,1178
19040,lstick_x,1178
19044,lstick_x,1178
19047,lstick_x,1178
19051,lstick_x,1178
19055,lstick_x,1178
19059,lstick_x,1178
19063,lstick_x,1178
19067,lstick_x,1178
19072,lstick_x,1178
19075,lstick_x,1178
19079,lstick_x,1178
19082,lstick_x,1178
19088,lstick_x,1178
19091,lstick_x,1178
19093,lstick_x,1178
19096,lstick_x,1178
19099,lstick_x,1178
19104,lstick_x,1178
19106,lstick_x,1178
19109,lstick_x,1178
19113,lstick_x,1178
19116,lstick_x,1178
19120,lstick_x,1178
19123,lstick_x,1178
19128,lstick_x,1178
19131,lstick_x,1178
19134,lstick_x,1178
19137,lstick_x,1178
19140,lstick_x,1178
19143,lstick_x,1178
19147,lstick_x,1178
19150,lstick_x,1178
19155,lstick_x,1178
19158,lstick_x,1178
19162,lstick_x,1178
19165,lstick_x,1178
19168,lstick_x,1178
19172,lstick_x,1178
19175,lstick_x,1178
19179,lstick_x,1178
19182,lstick_x,1178
19187,lstick_x,1178
19190,lstick_x,1178
19194,lstick_x,1178
19200,lstick_x,1178
19205,lstick_x,1178
19209,lstick_x,1178
19211,lstick_x,1178
19215,lstick_x,1178
19222,lstick_x,1178
19225,lstick_x,1178
19228,lstick_x,1178
19232,lstick_x,1178
19234,lstick_x,1178
19237,lstick_x,1178
19240,lstick_x,1178
19245,lstick_x,1178
19248,lstick_x,1178
19254,lstick_x,1178
19258,lstick_x,1178
19262,lstick_x,1178
19265,lstick_x,1178
19272,lstick_x,1178
19274,lstick_x,1178
19278,lstick_x,1178
19283,lstick_x,1178
19287,lstick_x,1178
19290,lstick_x,1178
19294,lstick_x,1178
19297,lstick_x,1178
19301,lstick_x,1178
19304,lstick_x,1178
19307,lstick_x,1178
19309,lstick_x,1178
19313,lstick_x,1178
19316,lstick_x,1178
19320,lstick_x,1178
19323,lstick_x,1178
19326,lstick_x,1178
19329,lstick_x,1178
19333,lstick_x,1178
19336,lstick_x,1178
19339,lstick_x,1178
19344,lstick_x,1178
19348,lstick_x,1178
19352,lstick_x,1178
19355,lstick_x,1178
19358,lstick_x,1178
19362,lstick_x,1178
19365,lstick_x,1178
19368,lstick_x,1178
19373,lstick_x,1178
19376,lstick_x,1178
19379,lstick_x,1178
19382,lstick_x,1178
19389,lstick_x,1178
19392,lstick_x,1178
19395,lstick_x,1178
19398,lstick_x,1178
19401,lstick_x,1178
19406,lstick_x,1178
19408,lstick_x,1178
19411,lstick_x,1178
19416,lstick_x,1178
19422,lstick_x,1178
19425,lstick_x,1178
19428,lstick_x,1178
19432,lstick_x,1178
19439,lstick_x,1178
19442,lstick_x,1178
19445,lstick_x,1178
19448,lstick_x,1178
19456,lstick_x,1178
19459,lstick_x,1178
19461,lstick_x,1178
19464,lstick_x,1178
19467,lstick_x,1178
19470,lstick_x,1178
19474,lstick_x,1178
19477,lstick_x,1178
19479,lstick_x,1178
19483,lstick_x,1178
19488,lstick_x,1178
19491,lstick_x,1178
19494,lstick_x,1178
19497,lstick_x,1178
19501,lstick_x,1178
19505,lstick_x,1178
19507,lstick_x,1178
19510,lstick_x,1178
19514,lstick_x,1178
19517,lstick_x,1178
19520,lstick_x,1178
19524,lstick_x,1178
19528,lstick_x,1178
19531,lstick_x,1178
19536,lstick_x,1178
19539,lstick_x,1178
19542,lstick_x,1178
19545,lstick_x,1178
19548,lstick_x,1178
19552,lstick_x,1178
19555,lstick_x,1178
19559,lstick_x,1178
19562,lstick_x,1178
19565,lstick_x,1178
19568,lstick_x,1178
19572,lstick_x,1178
19575,lstick_x,1178
19580,lstick_x,1178
19583,lstick_x,1178
19587,lstick_x,1178
19590,lstick_x,1178
19593,lstick_x,1178
19597,lstick_x,1178
19600,lstick_x,1178
19605,lstick_x,1178
19609,lstick_x,1178
19612,lstick_x,1178
19615,lstick_x,1178
19620,lstick_x,1178
19623,lstick_x,1178
19626,lstick_x,1178
19630,lstick_x,1178
19633,lstick_x,1178
19638,lstick_x,1178
19641,lstick_x,1178
19645,lstick_x,1178
19648,lstick_x,1178
19656,lstick_x,1178
19658,lstick_x,1178
19662,lstick_x,1178
19665,lstick_x,1178
19671,lstick_x,1178
19674,lstick_x,1178
19677,lstick_x,1178
19680,lstick_x,1178
19683,lstick_x,1178
19688,lstick_x,1178
19691,lstick_x,1178
19695,lstick_x,1178
19699,lstick_x,1178
19704,lstick_x,1178
19707,lstick_x,1178
19710,lstick_x,1178
19713,lstick_x,1178
19716,lstick_x,1178
19720,lstick_x,1178
19723,lstick_x,1178
19726,lstick_x,1178
19730,lstick_x,1178
19733,lstick_x,1178
19736,lstick_x,1178
19739,lstick_x,1178
19744,lstick_x,1178
19747,lstick_x,1178
19750,lstick_x,1178
19756,lstick_x,1178
19759,lstick_x,1178
19763,lstick_x,1178
19766,lstick_x,1178
19770,lstick_x,1178
19773,lstick_x,1178
19776,lstick_x,1178
19779,lstick_x,1178
19782,lstick_x,1178
19789,lstick_x,1178
19792,lstick_x,1178
19795,lstick_x,1178
19798,lstick_x,1178
19804,lstick_x,1178
19807,lstick_x,1178
19811,lstick_x,1178
19814,lstick_x,1178
19817,lstick_x,1178
19822,lstick_x,1178
19826,lstick_x,1178
19828,lstick_x,1178
19832,lstick_x,1178
19837,lstick_x,1178
19840,lstick_x,1178
19842,lstick_x,1178
19845,lstick_x,1178
19848,lstick_x,1178
19851,lstick_x,1178
19855,lstick_x,1178
19859,lstick_x,1178
19864,lstick_x,1178
19868,lstick_x,1178
19871,lstick_x,1178
19874,lstick_x,1178
19878,lstick_x,1178
19880,lstick_x,1178
19884,lstick_x,1178
19887,lstick_x,1178
19890,lstick_x,1178
19893,lstick_x,1178
19896,lstick_x,1178
19899,lstick_x,1178
19904,lstick_x,1178
19907,lstick_x,1178
19912,lstick_x,1178
19915,lstick_x,1178
19920,lstick_x,1178
19923,lstick_x,1178
19926,lstick_x,1178
19929,lstick_x,1178
19932,lstick_x,1178
19936,lstick_x,1178
19939,lstick_x,1178
19942,lstick_x,1178
19947,lstick_x,1178
19951,lstick_x,1178
19954,lstick_x,1178
19957,lstick_x,1178
19960,lstick_x,1178
19963,lstick_x,1178
19966,lstick_x,1178
19970,lstick_x,1178
19973,lstick_x,1178
19976,lstick_x,1178
19979,lstick_x,1178
19982,lstick_x,1178
19987,lstick_x,1178
19990,lstick_x,1178
19993,lstick_x,1178
19999,lstick_x,1178
20005,lstick_x,1178
20008,lstick_x,1178
20011,lstick_x,1178
20014,lstick_x,1178
20022,lstick_x,1178
20025,lstick_x,1178
20028,lstick_x,1178
20032,lstick_x,1178
20038,lstick_x,1178
20045,lstick_x,1178
20048,lstick_x,1178
20056,lstick_x,1178
20058,lstick_x,1178
20063,lstick_x,1178
20066,lstick_x,1178
20070,lstick_x,1178
20073,lstick_x,1178
20077,lstick_x,1178
20080,lstick_x,1178
20083,lstick_x,1178
20088,lstick_x,1178
20091,lstick_x,1178
20095,lstick_x,1178
20098,lstick_x,1178
20104,lstick_x,1178
20106,lstick_x,1178
20110,lstick_x,1178
20113,lstick_x,1178
20120,lstick_x,1178
20123,lstick_x,1178
20126,lstick_x,1178
20128,lstick_x,1178
20132,lstick_x,1178
20136,lstick_x,1178
20139,lstick_x,1178
20142,lstick_x,1178
20145,lstick_x,1178
20148,lstick_x,1178
20151,lstick_x,1178
20156,lstick_x,1178
20159,lstick_x,1178
20161,lstick_x,1178
20165,lstick_x,1178
20168,lstick_x,1178
20172,lstick_x,1178
20176,lstick_x,1178
20178,lstick_x,1178
20181,lstick_x,1178
20184,lstick_x,1178
20187,lstick_x,1178
20191,lstick_x,1178
20197,lstick_x,1178
20200,lstick_x,1178
20204,lstick_x,1178
20208,lstick_x,1178
20210,lstick_x,1178
20214,lstick_x,1178
20217,lstick_x,1178
20222,lstick_x,1178
20225,lstick_x,1178
20228,lstick_x,1178
20231,lstick_x,1178
20237,lstick_x,1178
20240,lstick_x,1178
20248,lstick_x,1178
20255,lstick_x,1178
20258,lstick_x,1178
20261,lstick_x,1178
20264,lstick_x,1178
20267,lstick_x,1178
20272,lstick_x,1178
20275,lstick_x,1178
20280,lstick_x,1178
20283,lstick_x,1178
20288,lstick_x,1178
20291,lstick_x,1178
20294,lstick_x,1178
20297,lstick_x,1178
20300,lstick_x,1178
20304,lstick_x,1178
20307,lstick_x,1178
20310,lstick_x,1178
20313,lstick_x,1178
20316,dpad_right,1
20316,lstick_x,1178
20320,lstick_x,1178
20323,lstick_x,1178
20330,lstick_x,1178
20333,lstick_x,1178
20336,lstick_x,1178
20339,lstick_x,1178
20342,lstick_x,1178
20346,lstick_x,1178
20348,lstick_x,1178
20352,lstick_x,1178
20355,lstick_x,1178
20359,lstick_x,1178
20362,lstick_x,1178
20365,lstick_x,1178
20368,lstick_x,1178
20370,lstick_x,1178
20374,lstick_x,1178
20377,lstick_x,1178
20380,lstick_x,1178
20383,lstick_x,1178
20388,lstick_x,1178
20392,lstick_x,1178
20395,lstick_x,1178
20399,lstick_x,1178
20404,lstick_x,1178
20407,lstick_x,1178
20411,lstick_x,1178
20414,lstick_x,1178
20417,lstick_x,1178
20421,lstick_x,1178
20424,lstick_x,1178
20427,lstick_x,1178
20429,lstick_x,1178
20432,lstick_x,1178
20437,lstick_x,1178
20440,lstick_x,1178
20442,lstick_x,1178
20445,lstick_x,1178
20448,lstick_x,1178
20454,dpad_right,0
20454,lstick_x,1178
20457,lstick_x,1178
20461,lstick_x,1178
20464,lstick_x,1178
20467,lstick_x,1178
20472,lstick_x,1178
20475,lstick_x,1178
20479,lstick_x,1178
20482,lstick_x,1178
20487,lstick_x,1178
20490,lstick_x,1178
20493,lstick_x,1178
20498,lstick_x,1178
20500,lstick_x,1178
20504,lstick_x,1178
20507,lstick_x,1178
20510,lstick_x,1178
20513,lstick_x,1178
20516,lstick_x,1178
20520,lstick_x,1178
20523,lstick_x,1178
20528,lstick_x,1178
20531,lstick_x,1178
20534,lstick_x,1178
20538,lstick_x,1178
20541,lstick_x,1178
20544,lstick_x,1178
20547,lstick_x,1178
20550,lstick_x,1178
20555,lstick_x,1178
20559,lstick_x,1178
20561,lstick_x,1178
20567,lstick_x,1178
20571,lstick_x,1178
20576,lstick_x,1178
20580,lstick_x,1178
20583,lstick_x,1178
20587,lstick_x,1178
20590,lstick_x,1178
20593,lstick_x,1178
20596,lstick_x,1178
20600,lstick_x,1178
20604,lstick_x,1178
20607,lstick_x,1178
20610,lstick_x,1178
20614,lstick_x,1178
20622,lstick_x,1178
20626,lstick_x,1178
20629,lstick_x,1178
20632,lstick_x,1178
20637,lstick_x,1178
20640,lstick_x,1178
20643,lstick_x,1178
20646,lstick_x,1178
20651,lstick_x,1178
20655,lstick_x,1178
20660,lstick_x,1178
20664,lstick_x,1178
20667,lstick_x,1178
20671,lstick_x,1178
20674,lstick_x,1178
20676,lstick_x,1178
20679,lstick_x,1178
20683,lstick_x,1178
20688,lstick_x,1178
20692,lstick_x,1178
20696,lstick_x,1178
20701,lstick_x,1178
20704,lstick_x,1178
20707,lstick_x,1178
20710,lstick_x,1178
20712,lstick_x,1178
20716,lstick_x,1178
20720,lstick_x,1178
20722,lstick_x,1178
20726,lstick_x,1178
20728,lstick_x,1178
20731,lstick_x,1178
20736,lstick_x,1178
20739,lstick_x,1178
20742,lstick_x,1178
20745,lstick_x,1178
20748,lstick_x,1178
20752,lstick_x,1178
20755,lstick_x,1178
20759,lstick_x,1178
20762,lstick_x,1178
20765,lstick_x,1178
20768,lstick_x,1178
20772,lstick_x,1178
20775,lstick_x,1178
20778,lstick_x,1178
20782,lstick_x,1178
20787,lstick_x,1178
20790,lstick_x,1178
20793,lstick_x,1178
20797,lstick_x,1178
20800,lstick_x,1178
20805,lstick_x,1178
20808,lstick_x,1178
20812,lstick_x,1178
20815,lstick_x,1178
20822,lstick_x,1178
20825,lstick_x,1178
20828,a,1
20828,lstick_x,1178
20831,lstick_x,1178
20834,lstick_x,1178
20839,lstick_x,1178
20842,lstick_x,1178
20846,lstick_x,1178
20849,lstick_x,1178
20855,lstick_x,1178
20862,lstick_x,1178
20866,lstick_x,1178
20872,lstick_x,1178
20875,lstick_x,1178
20879,lstick_x,1178
20882,lstick_x,1178
20887,lstick_x,1178
20895,lstick_x,1178
20898,lstick_x,1178
20905,lstick_x,1178
20908,lstick_x,1178
20912,lstick_x,1178
20915,lstick_x,1178
20920,lstick_x,1178
20923,lstick_x,1178
20926,lstick_x,1178
20929,lstick_x,1178
20932,lstick_x,1178
20938,lstick_x,1178
20944,lstick_x,1178
20947,lstick_x,1178
20950,lstick_x,1178
20956,lstick_x,1178
20959,lstick_x,1178
20963,a,0
20963,lstick_x,1178
20966,lstick_x,1178
20972,lstick_x,1178
20976,lstick_x,1178
20979,lstick_x,1178
20982,lstick_x,1178
20989,lstick_x,1178
20992,lstick_x,1178
20996,lstick_x,1178
21000,lstick_x,1178
21006,lstick_x,1178
21010,lstick_x,1178
21014,lstick_x,1178
21017,lstick_x,1178
21024,lstick_x,1178
21027,lstick_x,1178
21031,lstick_x,1178
21034,lstick_x,1178
21039,lstick_x,1178
21042,lstick_x,1178
21044,lstick_x,1178
21048,lstick_x,1178
21055,lstick_x,1178
21058,lstick_x,1178
21064,lstick_x,1178
21071,lstick_x,1178
21075,lstick_x,1178
21078,lstick_x,1178
21081,lstick_x,1178
21087,lstick_x,1178
21090,lstick_x,1178
21095,lstick_x,1178
21100,lstick_x,1178
21104,lstick_x,1178
21106,lstick_x,1178
21110,lstick_x,1178
21113,lstick_x,1178
21116,lstick_x,1178
21120,lstick_x,1178
21123,lstick_x,1178
21127,lstick_x,1178
21130,lstick_x,1178
21133,lstick_x,1178
21136,lstick_x,1178
21139,lstick_x,1178
21142,lstick_x,1178
21145,lstick_x,1178
21148,lstick_x,1178
21151,lstick_x,1178
21154,lstick_x,1178
21158,lstick_x,1178
21162,lstick_x,1178
21165,lstick_x,1178
21168,lstick_x,1178
21172,lstick_x,1178
21175,lstick_x,1178
21178,lstick_x,1178
21183,lstick_x,1178
21189,lstick_x,1178
21192,lstick_x,1178
21194,lstick_x,1178
21197,lstick_x,1178
21200,lstick_x,1178
21203,lstick_x,1178
21206,lstick_x,1178
21209,lstick_x,1178
21212,lstick_x,1178
21215,lstick_x,1178
21220,lstick_x,1178
21224,lstick_x,1178
21228,lstick_x,1178
21230,lstick_x,1178
21233,lstick_x,1178
21237,lstick_x,1178
21240,lstick_x,1178
21242,lstick_x,1178
21246,lstick_x,1178
21248,lstick_x,1178
21253,lstick_x,1178
21256,lstick_x,1178
21259,lstick_x,1178
21262,lstick_x,1178
21265,lstick_x,1178
21272,lstick_x,1178
21276,lstick_x,1178
21279,lstick_x,1178
21282,lstick_x,1178
21288,lstick_x,1178
21291,lstick_x,1178
21294,lstick_x,1178
21297,lstick_x,1178
21300,lstick_x,1178
21304,lstick_x,1178
21307,lstick_x,1178
21310,lstick_x,1178
21313,lstick_x,1178
21316,lstick_x,1178
21320,lstick_x,1178
21324,lstick_x,1178
21326,lstick_x,1178
21330,lstick_x,1178
21333,lstick_x,1178
21336,lstick_x,1178
21339,lstick_x,1178
21342,lstick_x,1178
21348,lstick_x,1178
21352,lstick_x,1178
21355,lstick_x,1178
21358,lstick_x,1178
21362,lstick_x,1178
21366,lstick_x,1178
21370,lstick_x,1178
21373,lstick_x,1178
21376,lstick_x,1178
21379,lstick_x,1178
21382,lstick_x,1178
21387,lstick_x,1178
21390,lstick_x,1178
21398,lstick_x,1178
21401,lstick_x,1178
21405,lstick_x,1178
21408,lstick_x,1178
21411,lstick_x,1178
21414,lstick_x,1178
21417,lstick_x,1178
21420,lstick_x,1178
21423,lstick_x,1178
21426,lstick_x,1178
21432,lstick_x,1178
21439,lstick_x,1178
21442,lstick_x,1178
21446,lstick_x,1178
21449,lstick_x,1178
21455,lstick_x,1178
21458,lstick_x,1178
21461,lstick_x,1178
21464,lstick_x,1178
21468,lstick_x,1178
21472,lstick_x,1178
21477,lstick_x,1178
21480,lstick_x,1178
21482,lstick_x,1178
21488,lstick_x,1178
21491,lstick_x,1178
21493,lstick_x,1178
21498,lstick_x,1178
21500,lstick_x,1178
21504,lstick_x,1178
21507,lstick_x,1178
21510,lstick_x,1178
21517,lstick_x,1178
21520,lstick_x,1178
21523,lstick_x,1178
21528,lstick_x,1178
21532,lstick_x,1178
21536,lstick_x,1178
21538,lstick_x,1178
21544,lstick_x,1178
21547,lstick_x,1178
21550,lstick_x,1178
21555,lstick_x,1178
21559,lstick_x,1178
21568,lstick_x,1178
21572,lstick_x,1178
21574,lstick_x,1178
21579,lstick_x,1178
21581,lstick_x,1178
21587,lstick_x,1178
21591,lstick_x,1178
21596,lstick_x,1178
21599,lstick_x,1178
21604,lstick_x,1178
21610,lstick_x,1178
21614,lstick_x,1178
21616,lstick_x,1178
21620,lstick_x,1178
21624,lstick_x,1178
21626,lstick_x,1178
21629,lstick_x,1178
21632,lstick_x,1178
21637,lstick_x,1178
21641,lstick_x,1178
21646,lstick_x,1178
21650,lstick_x,1178
21656,lstick_x,1178
21659,lstick_x,1178
21663,lstick_x,1178
21665,lstick_x,1178
21670,lstick_x,1178
21675,lstick_x,1178
21679,lstick_x,1178
21682,lstick_x,1178
21688,lstick_x,1178
21691,lstick_x,1178
21694,lstick_x,1178
21697,lstick_x,1178
21700,lstick_x,1178
21704,lstick_x,1178
21707,lstick_x,1178
21710,lstick_x,1178
21713,lstick_x,1178
21717,lstick_x,1178
21720,lstick_x,1178
21723,lstick_x,1178
21728,lstick_x,1178
21731,lstick_x,1178
21736,lstick_x,1178
21739,lstick_x,1178
21742,lstick_x,1178
21745,lstick_x,1178
21748,lstick_x,1178
21752,lstick_x,1178
21755,lstick_x,1178
21758,lstick_x,1178
21762,lstick_x,1178
21767,lstick_x,1178
21770,lstick_x,1178
21773,lstick_x,1178
21777,lstick_x,1178
21780,lstick_x,1178
21783,lstick_x,1178
21788,lstick_x,1178
21792,lstick_x,1178
21795,lstick_x,1178
21799,lstick_x,1178
21805,lstick_x,1178
21809,lstick_x,1178
21815,lstick_x,1178
21818,lstick_x,1178
21820,lstick_x,1178
21823,lstick_x,1178
21827,lstick_x,1178
21830,lstick_x,1178
21833,lstick_x,1178
21839,lstick_x,1178
21847,lstick_x,1178
21851,lstick_x,1178
21855,lstick_x,1178
21859,lstick_x,1178
21863,lstick_x,1178
21866,lstick_x,1178
21870,lstick_x,1178
21873,lstick_x,1178
21876,lstick_x,1178
21880,lstick_x,1178
21887,lstick_x,1178
21891,lstick_x,1178
21896,lstick_x,1178
21899,lstick_x,1178
21904,lstick_x,1178
21907,lstick_x,1178
21910,lstick_x,1178
21913,lstick_x,1178
21916,lstick_x,1178
21920,lstick_x,1178
21923,lstick_x,1178
21926,lstick_x,1178
21933,lstick_x,1178
21936,lstick_x,1178
21939,lstick_x,1178
21942,lstick_x,1178
21945,lstick_x,1178
21948,lstick_x,1178
21952,lstick_x,1178
21955,lstick_x,1178
21959,lstick_x,1178
21962,lstick_x,1178
21965,lstick_x,1178
21968,lstick_x,1178
21973,lstick_x,1178
21976,lstick_x,1178
21984,lstick_x,1178
21989,lstick_x,1178
21992,lstick_x,1178
21995,lstick_x,1178
21998,lstick_x,1178
22006,lstick_x,1178
22010,lstick_x,1178
22013,lstick_x,1178
22016,lstick_x,1178
22024,lstick_x,1178
22027,lstick_x,1178
22030,lstick_x,1178
22033,lstick_x,1178
22039,lstick_x,1178
22042,lstick_x,1178
22045,lstick_x,1178
22048,lstick_x,1178
22054,lstick_x,1178
22058,lstick_x,1178
22062,lstick_x,1178
22067,lstick_x,1178
22070,lstick_x,1178
22073,lstick_x,1178
22076,lstick_x,1178
22079,lstick_x,1178
22082,lstick_x,1178
22087,lstick_x,1178
22095,lstick_x,1178
22099,lstick_x,1178
22105,lstick_x,1178
22111,lstick_x,1178
22114,a,1
22114,lstick_x,1178
22117,lstick_x,1178
22120,lstick_x,1178
22123,lstick_x,1178
22128,lstick_x,1178
22131,lstick_x,1178
22134,lstick_x,1178
22141,lstick_x,1178
22144,lstick_x,1178
22147,lstick_x,1178
22151,lstick_x,1178
22155,lstick_x,1178
22158,lstick_x,1178
22162,lstick_x,1178
22166,lstick_x,1178
22172,lstick_x,1178
22176,lstick_x,1178
22180,lstick_x,1178
22182,lstick_x,1178
22187,lstick_x,1178
22190,lstick_x,1178
22193,lstick_x,1178
22196,lstick_x,1178
22199,lstick_x,1178
22205,lstick_x,1178
22208,lstick_x,1178
22213,lstick_x,1178
22222,lstick_x,1178
22225,lstick_x,1178
22233,lstick_x,1178
22239,lstick_x,1178
22242,lstick_x,1178
22245,lstick_x,1178
22248,lstick_x,1178
22251,lstick_x,1178
22256,lstick_x,1178
22259,lstick_x,1178
22262,lstick_x,1178
22264,lstick_x,1178
22272,lstick_x,1178
22275,lstick_x,1178
22279,lstick_x,1178
22282,a,0
22282,lstick_x,1178
22287,lstick_x,1178
22290,lstick_x,1178
22294,lstick_x,1178
22299,lstick_x,1178
22304,lstick_x,1178
22307,lstick_x,1178
22310,lstick_x,1178
22313,lstick_x,1178
22316,lstick_x,1178
22320,lstick_x,1178
22323,lstick_x,1178
22326,lstick_x,1178
22329,lstick_x,1178
22332,lstick_x,1178
22336,lstick_x,1178
22339,lstick_x,1178
22344,lstick_x,1178
22349,lstick_x,1178
22352,lstick_x,1178
22356,lstick_x,1178
22359,lstick_x,1178
22362,lstick_x,1178
22365,lstick_x,1178
22368,lstick_x,1178
22370,lstick_x,1178
22374,lstick_x,1178
22377,lstick_x,1178
22380,lstick_x,1178
22385,lstick_x,1178
22389,lstick_x,1178
22392,lstick_x,1178
22395,lstick_x,1178
22398,lstick_x,1178
22404,lstick_x,1178
22407,lstick_x,1178
22410,lstick_x,1178
22413,lstick_x,1178
22416,lstick_x,1178
22421,lstick_x,1178
22423,lstick_x,1178
22427,lstick_x,1178
22432,lstick_x,1178
22437,lstick_x,1178
22440,lstick_x,1178
22443,lstick_x,1178
22446,lstick_x,1178
22450,lstick_x,1178
22454,lstick_x,1178
22457,lstick_x,1178
22461,lstick_x,1178
22464,lstick_x,1178
22472,lstick_x,1178
22475,lstick_x,1178
22478,lstick_x,1178
22481,lstick_x,1178
22487,lstick_x,1178
22490,lstick_x,1178
22493,lstick_x,1178
22497,lstick_x,1178
22500,lstick_x,1178
22504,lstick_x,1178
22507,lstick_x,1178
22510,lstick_x,1178
22512,lstick_x,1178
22520,lstick_x,1178
22523,lstick_x,1178
22527,lstick_x,1178
22529,lstick_x,1178
22532,lstick_x,1178
22536,lstick_x,1178
22539,lstick_x,1178
22542,lstick_x,1178
22545,lstick_x,1178
22549,lstick_x,1178
22551,lstick_x,1178
22554,lstick_x,1178
22559,lstick_x,1178
22565,lstick_x,1178
22570,lstick_x,1178
22573,lstick_x,1178
22576,lstick_x,1178
22579,lstick_x,1178
22581,lstick_x,1178
22584,lstick_x,1178
22587,lstick_x,1178
22590,lstick_x,1178
22593,lstick_x,1178
22596,lstick_x,1178
22599,lstick_x,1178
22604,lstick_x,1178
22607,lstick_x,1178
22611,lstick_x,1178
22613,lstick_x,1178
22616,lstick_x,1178
22622,lstick_x,1178
22628,lstick_x,1178
22631,lstick_x,1178
22634,lstick_x,1178
22639,lstick_x,1178
22643,lstick_x,1178
22646,lstick_x,1178
22650,lstick_x,1178
22654,lstick_x,1178
22656,lstick_x,1178
22659,lstick_x,1178
22663,lstick_x,1178
22665,lstick_x,1178
22671,lstick_x,1178
22674,lstick_x,1178
22680,lstick_x,1178
22683,lstick_x,1178
22688,lstick_x,1178
22691,lstick_x,1178
22695,lstick_x,1178
22697,lstick_x,1178
22701,lstick_x,1178
22704,lstick_x,1178
22710,lstick_x,1178
22712,lstick_x,1178
22720,lstick_x,1178
22723,lstick_x,1178
22727,lstick_x,1178
22730,lstick_x,1178
22733,lstick_x,1178
22736,lstick_x,1178
22739,lstick_x,1178
22742,lstick_x,1178
22746,lstick_x,1178
22749,lstick_x,1178
22752,lstick_x,1178
22756,lstick_x,1178
22760,lstick_x,1178
22765,lstick_x,1178
22768,lstick_x,1178
22771,lstick_x,1178
22775,lstick_x,1178
22777,lstick_x,1178
22781,lstick_x,1178
22784,lstick_x,1178
22787,lstick_x,1178
22790,lstick_x,1178
22794,lstick_x,1178
22796,lstick_x,1178
22800,lstick_x,1178
22806,lstick_x,1178
22809,lstick_x,1178
22812,lstick_x,1178
22816,lstick_x,1178
22822,lstick_x,1178
22826,lstick_x,1178
22829,lstick_x,1178
22832,lstick_x,1178
22837,lstick_x,1178
22840,lstick_x,1178
22843,lstick_x,1178
22846,lstick_x,1178
22849,lstick_x,1178
22855,lstick_x,1178
22858,lstick_x,1178
22862,lstick_x,1178
22866,lstick_x,1178
22870,lstick_x,1178
22874,lstick_x,1178
22877,lstick_x,1178
22881,lstick_x,1178
22884,lstick_x,1178
22888,lstick_x,1178
22891,lstick_x,1178
22895,lstick_x,1178
22899,lstick_x,1178
22904,lstick_x,1178
22907,lstick_x,1178
22910,lstick_x,1178
22913,lstick_x,1178
22916,lstick_x,1178
22920,lstick_x,1178
22924,lstick_x,1178
22928,lstick_x,1178
22931,lstick_x,1178
22934,lstick_x,1178
22939,lstick_x,1178
22942,lstick_x,1178
22945,lstick_x,1178
22947,lstick_x,1178
22951,lstick_x,1178
22954,lstick_x,1178
22958,lstick_x,1178
22963,lstick_x,1178
22966,lstick_x,1178
22971,lstick_x,1178
22974,lstick_x,1178
22977,lstick_x,1178
22980,lstick_x,1178
22983,lstick_x,1178
22987,lstick_x,1178
22990,lstick_x,1178
22993,lstick_x,1178
23000,lstick_x,1178
23005,lstick_x,1178
23009,lstick_x,1178
23012,lstick_x,1178
23015,lstick_x,1178
23023,lstick_x,1178
23026,lstick_x,1178
23029,lstick_x,1178
23033,lstick_x,1178
23039,lstick_x,1178
23042,lstick_x,1178
23046,lstick_x,1178
23054,lstick_x,1178
23056,lstick_x,1178
23060,lstick_x,1178
23063,lstick_x,1178
23066,lstick_x,1178
23070,lstick_x,1178
23074,lstick_x,1178
23078,lstick_x,1178
23081,lstick_x,1178
23088,lstick_x,1178
23090,lstick_x,1178
23095,lstick_x,1178
23098,lstick_x,1178
23104,lstick_x,1178
23106,lstick_x,1178
23110,lstick_x,1178
23113,lstick_x,1178
23118,lstick_x,1178
23120,lstick_x,1178
23124,lstick_x,1178
23128,lstick_x,1178
23130,lstick_x,1178
23134,lstick_x,1178
23139,lstick_x,1178
23142,lstick_x,1178
23146,lstick_x,1178
23149,lstick_x,1178
23155,lstick_x,1178
23159,lstick_x,1178
23161,lstick_x,1178
23167,lstick_x,1178
23172,lstick_x,1178
23176,lstick_x,1178
23179,lstick_x,1178
23183,lstick_x,1178
23189,lstick_x,1178
23192,lstick_x,1178
23195,lstick_x,1178
23198,lstick_x,1178
23205,lstick_x,1178
23208,lstick_x,1178
23212,lstick_x,1178
23215,lstick_x,1178
23222,lstick_x,1178
23225,lstick_x,1178
23228,a,1
23228,lstick_x,1178
23231,lstick_x,1178
23234,lstick_x,1178
23237,lstick_x,1178
23240,lstick_x,1178
23243,lstick_x,1178
23246,lstick_x,1178
23249,lstick_x,1178
23256,lstick_x,1178
23260,lstick_x,1178
23263,lstick_x,1178
23266,lstick_x,1178
23272,lstick_x,1178
23275,lstick_x,1178
23278,lstick_x,1178
23281,lstick_x,1178
23284,lstick_x,1178
23288,lstick_x,1178
23291,lstick_x,1178
23294,lstick_x,1178
23297,lstick_x,1178
23301,lstick_x,1178
23304,lstick_x,1178
23307,lstick_x,1178
23311,lstick_x,1178
23314,lstick_x,1178
23318,lstick_x,1178
23322,lstick_x,1178
23325,lstick_x,1178
23328,lstick_x,1178
23331,lstick_x,1178
23336,lstick_x,1178
23339,lstick_x,1178
23342,lstick_x,1178
23345,lstick_x,1178
23348,lstick_x,1178
23352,lstick_x,1178
23355,lstick_x,1178
23358,lstick_x,1178
23361,lstick_x,1178
23366,lstick_x,1178
23370,lstick_x,1178
23375,lstick_x,1178
23378,lstick_x,1178
23381,lstick_x,1178
23384,lstick_x,1178
23389,lstick_x,1178
23392,a,0
23392,lstick_x,1178
23394,lstick_x,1178
23398,lstick_x,1178
23401,lstick_x,1178
23404,lstick_x,1178
23408,lstick_x,1178
23411,lstick_x,1178
23414,lstick_x,1178
23418,lstick_x,1178
23422,lstick_x,1178
23425,lstick_x,1178
23429,lstick_x,1178
23432,lstick_x,1178
23437,lstick_x,1178
23440,lstick_x,1178
23443,lstick_x,1178
23447,lstick_x,1178
23451,lstick_x,1178
23454,lstick_x,1178
23457,lstick_x,1178
23462,lstick_x,1178
23466,lstick_x,1178
23470,lstick_x,1178
23474,lstick_x,1178
23477,lstick_x,1178
23480,lstick_x,1178
23483,lstick_x,1178
23487,lstick_x,1178
23490,lstick_x,1178
23496,lstick_x,1178
23500,lstick_x,1178
23504,lstick_x,1178
23507,lstick_x,1178
23511,lstick_x,1178
23515,lstick_x,1178
23520,lstick_x,1178
23523,lstick_x,1178
23527,lstick_x,1178
23530,lstick_x,1178
23533,lstick_x,1178
23536,lstick_x,1178
23539,lstick_x,1178
23542,lstick_x,1178
23545,lstick_x,1178
23547,lstick_x,1178
23551,lstick_x,1178
23555,lstick_x,1178
23559,lstick_x,1178
23561,lstick_x,1178
23564,lstick_x,1178
23568,lstick_x,1178
23573,lstick_x,1178
23576,lstick_x,1178
23579,lstick_x,1178
23582,lstick_x,1178
23589,lstick_x,1178
23592,lstick_x,1178
23595,lstick_x,1178
23598,lstick_x,1178
23604,lstick_x,1178
23607,lstick_x,1178
23611,lstick_x,1178
23615,lstick_x,1178
23623,lstick_x,1178
23627,lstick_x,1178
23630,lstick_x,1178
23633,lstick_x,1178
23637,lstick_x,1178
23640,lstick_x,1178
23644,lstick_x,1178
23646,lstick_x,1178
23649,lstick_x,1178
23654,lstick_x,1178
23661,lstick_x,1178
23664,lstick_x,1178
23669,lstick_x,1178
23671,lstick_x,1178
23674,lstick_x,1178
23678,lstick_x,1178
23681,lstick_x,1178
23683,lstick_x,1178
23688,lstick_x,1178
23692,lstick_x,1178
23695,lstick_x,1178
23698,lstick_x,1178
23705,lstick_x,1178
23708,lstick_x,1178
23711,lstick_x,1178
23714,lstick_x,1178
23717,lstick_x,1178
23721,lstick_x,1178
23724,lstick_x,1178
23727,lstick_x,1178
23729,lstick_x,1178
23733,lstick_x,1178
23736,lstick_x,1178
23738,lstick_x,1178
23742,lstick_x,1178
23745,lstick_x,1178
23749,lstick_x,1178
23752,lstick_x,1178
23756,lstick_x,1178
23759,lstick_x,1178
23762,lstick_x,1178
23765,lstick_x,1178
23768,lstick_x,1178
23771,lstick_x,1178
23775,lstick_x,1178
23778,lstick_x,1178
23782,lstick_x,1178
23789,lstick_x,1178
23792,lstick_x,1178
23797,lstick_x,1178
23800,lstick_x,1178
23806,lstick_x,1178
23809,lstick_x,1178
23811,lstick_x,1178
23815,lstick_x,1178
23823,lstick_x,1178
23827,lstick_x,1178
23830,lstick_x,1178
23833,lstick_x,1178
23839,lstick_x,1178
23842,lstick_x,1178
23845,lstick_x,1178
23848,lstick_x,1178
23851,lstick_x,1178
23855,lstick_x,1178
23859,lstick_x,1178
23862,lstick_x,1178
23866,lstick_x,1178
23872,lstick_x,1178
23875,lstick_x,1178
23879,lstick_x,1178
23882,lstick_x,1178
23888,lstick_x,1178
23891,lstick_x,1178
23894,lstick_x,1178
23898,lstick_x,1178
23901,lstick_x,1178
23904,lstick_x,1178
23908,lstick_x,1178
23912,lstick_x,1178
23914,lstick_x,1178
23920,lstick_x,1178
23923,lstick_x,1178
23927,lstick_x,1178
23929,lstick_x,1178
23933,lstick_x,1178
23936,lstick_x,1178
23939,lstick_x,1178
23943,lstick_x,1178
23947,lstick_x,1178
23950,lstick_x,1178
23957,lstick_x,1178
23960,lstick_x,1178
23964,lstick_x,1178
23967,lstick_x,1178
23970,lstick_x,1178
23974,lstick_x,1178
23977,lstick_x,1178
23981,lstick_x,1178
23984,lstick_x,1178
23987,lstick_x,1178
23990,lstick_x,1178
23994,lstick_x,1178
23997,lstick_x,1178
24000,lstick_x,1178
24004,lstick_x,1178
24007,lstick_x,1178
24011,lstick_x,1178
24014,lstick_x,1178
24017,lstick_x,1178
24022,lstick_x,1178
24029,lstick_x,1178
24032,lstick_x,1178
24039,lstick_x,1178
24042,lstick_x,1178
24046,lstick_x,1178
24049,lstick_x,1178
24055,lstick_x,1178
24058,lstick_x,1178
24062,lstick_x,1178
24065,lstick_x,1178
24072,lstick_x,1178
24075,lstick_x,1178
24078,lstick_x,1178
24081,lstick_x,1178
24084,lstick_x,1178
24087,lstick_x,1178
24090,lstick_x,1178
24093,lstick_x,1178
24096,lstick_x,1178
24099,lstick_x,1178
24104,lstick_x,1178
24107,lstick_x,1178
24110,lstick_x,1178
24113,lstick_x,1178
24117,lstick_x,1178
24120,lstick_x,1178
24123,lstick_x,1178
24126,lstick_x,1178
24129,lstick_x,1178
24132,lstick_x,1178
24136,lstick_x,1178
24139,lstick_x,1178
24142,lstick_x,1178
24146,lstick_x,1178
24149,lstick_x,1178
24154,lstick_x,1178
24157,lstick_x,1178
24161,lstick_x,1178
24163,lstick_x,1178
24166,lstick_x,1178
24172,lstick_x,1178
24176,lstick_x,1178
24179,lstick_x,1178
24183,lstick_x,1178
24188,lstick_x,1178
24192,lstick_x,1178
24196,lstick_x,1178
24200,lstick_x,1178
24205,lstick_x,1178
24208,lstick_x,1178
24211,lstick_x,1178
24213,lstick_x,1178
24217,lstick_x,1178
24222,lstick_x,1178
24225,lstick_x,1178
24228,lstick_x,1178
24231,lstick_x,1178
24235,lstick_x,1178
24239,lstick_x,1178
24242,lstick_x,1178
24245,lstick_x,1178
24248,lstick_x,1178
24255,lstick_x,1178
24259,lstick_x,1178
24263,lstick_x,1178
24266,lstick_x,1178
24270,lstick_x,1178
24273,lstick_x,1178
24276,lstick_x,1178
24280,lstick_x,1178
24283,lstick_x,1178
24288,lstick_x,1178
24292,lstick_x,1178
24296,lstick_x,1178
24299,lstick_x,1178
24304,lstick_x,1178
24307,a,1
24307,lstick_x,1178
24310,lstick_x,1178
24313,lstick_x,1178
24316,lstick_x,1178
24320,lstick_x,1178
24323,lstick_x,1178
24326,lstick_x,1178
24330,lstick_x,1178
24333,lstick_x,1178
24336,lstick_x,1178
24338,lstick_x,1178
24342,lstick_x,1178
24346,lstick_x,1178
24349,lstick_x,1178
24352,lstick_x,1178
24355,lstick_x,1178
24358,lstick_x,1178
24361,lstick_x,1178
24366,lstick_x,1178
24370,lstick_x,1178
24375,lstick_x,1178
24378,lstick_x,1178
24381,lstick_x,1178
24384,lstick_x,1178
24389,lstick_x,1178
24392,lstick_x,1178
24395,lstick_x,1178
24399,lstick_x,1178
24404,lstick_x,1178
24407,lstick_x,1178
24409,lstick_x,1178
24413,lstick_x,1178
24415,lstick_x,1178
24422,lstick_x,1178
24425,lstick_x,1178
24428,lstick_x,1178
24431,lstick_x,1178
24439,lstick_x,1178
24444,lstick_x,1178
24447,lstick_x,1178
24450,lstick_x,1178
24455,lstick_x,1178
24458,a,0
24458,lstick_x,1178
24462,lstick_x,1178
24465,lstick_x,1178
24472,lstick_x,1178
24475,lstick_x,1178
24479,lstick_x,1178
24482,lstick_x,1178
24487,lstick_x,1178
24491,lstick_x,1178
24495,lstick_x,1178
24498,lstick_x,1178
24504,lstick_x,1178
24507,lstick_x,1178
24509,lstick_x,1178
24512,lstick_x,1178
24515,lstick_x,1178
24520,lstick_x,1178
24526,lstick_x,1178
24530,lstick_x,1178
24533,lstick_x,1178
24536,lstick_x,1178
24539,lstick_x,1178
24542,lstick_x,1178
24545,lstick_x,1178
24548,lstick_x,1178
24552,lstick_x,1178
24555,lstick_x,1178
24558,lstick_x,1178
24561,lstick_x,1178
24564,lstick_x,1178
24567,lstick_x,1178
24572,lstick_x,1178
24575,lstick_x,1178
24579,lstick_x,1178
24582,lstick_x,1178
24588,lstick_x,1178
24592,lstick_x,1178
24596,lstick_x,1178
24600,lstick_x,1178
24605,lstick_x,1178
24608,lstick_x,1178
24612,lstick_x,1178
24615,lstick_x,1178
24621,lstick_x,1178
24624,lstick_x,1178
24627,lstick_x,1178
24630,lstick_x,1178
24633,lstick_x,1178
24637,lstick_x,1178
24640,lstick_x,1178
24642,lstick_x,1178
24645,lstick_x,1178
24648,lstick_x,1178
24654,lstick_x,1178
24657,lstick_x,1178
24660,lstick_x,1178
24663,lstick_x,1178
24665,lstick_x,1178
24670,lstick_x,1178
24673,lstick_x,1178
24676,lstick_x,1178
24679,lstick_x,1178
24682,lstick_x,1178
24687,lstick_x,1178
24691,lstick_x,1178
24694,lstick_x,1178
24696,lstick_x,1178
24699,lstick_x,1178
24704,lstick_x,1178
24707,lstick_x,1178
24710,lstick_x,1178
24712,lstick_x,1178
24715,lstick_x,1178
24720,lstick_x,1178
24723,lstick_x,1178
24726,lstick_x,1178
24729,lstick_x,1178
24732,lstick_x,1178
24736,lstick_x,1178
24740,lstick_x,1178
24743,lstick_x,1178
24746,lstick_x,1178
24749,lstick_x,1178
24752,lstick_x,1178
24754,lstick_x,1178
24758,lstick_x,1178
24760,lstick_x,1178
24763,lstick_x,1178
24766,lstick_x,1178
24770,lstick_x,1178
24774,lstick_x,1178
24780,lstick_x,1178
24783,lstick_x,1178
24787,lstick_x,1178
24790,lstick_x,1178
24793,lstick_x,1178
24796,lstick_x,1178
24799,lstick_x,1178
24805,lstick_x,1178
24808,lstick_x,1178
24814,lstick_x,1178
24817,lstick_x,1178
24822,lstick_x,1178
24825,lstick_x,1178
24829,lstick_x,1178
24832,lstick_x,1178
24839,lstick_x,1178
24842,lstick_x,1178
24845,lstick_x,1178
24848,lstick_x,1178
24852,lstick_x,1178
24855,lstick_x,1178
24858,lstick_x,1178
24862,lstick_x,1178
24865,lstick_x,1178
24872,lstick_x,1178
24875,lstick_x,1178
24878,lstick_x,1178
24881,lstick_x,1178
24888,lstick_x,1178
24894,lstick_x,1178
24897,lstick_x,1178
24900,lstick_x,1178
24904,lstick_x,1178
24907,lstick_x,1178
24910,lstick_x,1178
24913,lstick_x,1178
24916,lstick_x,1178
24920,lstick_x,1178
24923,lstick_x,1178
24926,lstick_x,1178
24929,lstick_x,1178
24933,lstick_x,1178
24936,lstick_x,1178
24939,lstick_x,1178
24942,lstick_x,1178
24946,lstick_x,1178
24949,lstick_x,1178
24952,lstick_x,1178
24955,lstick_x,1178
24958,lstick_x,1178
24961,lstick_x,1178
24964,lstick_x,1178
24967,lstick_x,1178
24972,lstick_x,1178
24976,lstick_x,1178
24979,lstick_x,1178
24982,lstick_x,1178
24988,lstick_x,1178
24991,lstick_x,1178
24995,lstick_x,1178
24998,lstick_x,1178
25003,lstick_x,1178
25006,lstick_x,1178
25009,lstick_x,1178
25012,lstick_x,1178
25015,lstick_x,1178
25018,lstick_x,1178
25021,lstick_x,1178
25024,lstick_x,1178
25027,lstick_x,1178
25030,lstick_x,1178
25033,lstick_x,1178
25037,lstick_x,1178
25040,lstick_x,1178
25043,lstick_x,1178
25046,lstick_x,1178
25049,lstick_x,1178
25055,lstick_x,1178
25060,lstick_x,1178
25064,lstick_x,1178
25067,lstick_x,1178
25071,lstick_x,1178
25074,lstick_x,1178
25078,lstick_x,1178
25081,lstick_x,1178
25087,lstick_x,1178
25090,lstick_x,1178
25093,lstick_x,1178
25096,lstick_x,1178
25099,lstick_x,1178
25104,lstick_x,1178
25108,lstick_x,1178
25112,lstick_x,1178
25115,lstick_x,1178
25120,lstick_x,1178
25123,lstick_x,1178
25126,lstick_x,1178
25129,lstick_x,1178
25132,lstick_x,1178
25136,lstick_x,1178
25142,lstick_x,1178
25145,lstick_x,1178
25148,lstick_x,1178
25152,lstick_x,1178
25155,lstick_x,1178
25158,lstick_x,1178
25161,lstick_x,1178
25165,lstick_x,1178
25168,lstick_x,1178
25172,lstick_x,1178
25175,lstick_x,1178
25178,lstick_x,1178
25181,lstick_x,1178
25184,lstick_x,1178
25188,lstick_x,1178
25191,lstick_x,1178
25195,lstick_x,1178
25198,lstick_x,1178
25205,lstick_x,1178
25208,lstick_x,1178
25211,lstick_x,1178
25215,lstick_x,1178
25222,lstick_x,1178
25226,lstick_x,1178
25233,lstick_x,1178
25239,lstick_x,1178
25245,lstick_x,1178
25248,lstick_x,1178
25255,lstick_x,1178
25259,lstick_x,1178
25263,lstick_x,1178
25272,lstick_x,1178
25275,lstick_x,1178
25279,lstick_x,1178
25283,a,1
25283,lstick_x,1178
25288,lstick_x,1178
25291,lstick_x,1178
25296,lstick_x,1178
25301,lstick_x,1178
25307,lstick_x,1178
25310,lstick_x,1178
25316,lstick_x,1178
25321,lstick_x,1178
25324,lstick_x,1178
25328,lstick_x,1178
25332,lstick_x,1178
25336,lstick_x,1178
25339,lstick_x,1178
25343,lstick_x,1178
25348,lstick_x,1178
25352,lstick_x,1178
25356,lstick_x,1178
25360,lstick_x,1178
25362,lstick_x,1178
25366,lstick_x,1178
25373,lstick_x,1178
25376,lstick_x,1178
25379,lstick_x,1178
25385,lstick_x,1178
25388,lstick_x,1178
25392,lstick_x,1178
25396,lstick_x,1178
25400,lstick_x,1178
25405,a,0
25405,lstick_x,1178
25408,lstick_x,1178
25411,lstick_x,1178
25415,lstick_x,1178
25423,lstick_x,1178
25430,lstick_x,1178
25433,lstick_x,1178
25440,lstick_x,1178
25444,lstick_x,1178
25448,lstick_x,1178
25456,lstick_x,1178
25463,lstick_x,1178
25468,lstick_x,1178
25472,lstick_x,1178
25475,lstick_x,1178
25480,lstick_x,1178
25483,lstick_x,1178
25488,lstick_x,1178
25492,lstick_x,1178
25496,lstick_x,1178
25500,lstick_x,1178
25504,lstick_x,1178
25507,lstick_x,1178
25510,lstick_x,1178
25515,lstick_x,1178
25520,lstick_x,1178
25525,lstick_x,1178
25528,lstick_x,1178
25531,lstick_x,1178
25536,lstick_x,1178
25540,lstick_x,1178
25544,lstick_x,1178
25547,lstick_x,1178
25552,lstick_x,1178
25555,lstick_x,1178
25560,lstick_x,1178
25564,lstick_x,1178
25568,lstick_x,1178
25572,lstick_x,1178
25575,lstick_x,1178
25579,lstick_x,1178
25581,lstick_x,1178
25587,lstick_x,1178
25590,lstick_x,1178
25592,lstick_x,1178
25595,lstick_x,1178
25598,lstick_x,1178
25605,lstick_x,1178
25608,lstick_x,1178
25612,lstick_x,1178
25616,lstick_x,1178
25620,lstick_x,1178
25623,lstick_x,1178
25626,lstick_x,1178
25629,lstick_x,1178
25633,lstick_x,1178
25639,lstick_x,1178
25642,lstick_x,1178
25645,lstick_x,1178
25649,lstick_x,1178
25655,lstick_x,1178
25658,lstick_x,1178
25661,lstick_x,1178
25664,lstick_x,1178
25672,lstick_x,1178
25675,lstick_x,1178
25678,lstick_x,1178
25681,lstick_x,1178
25687,lstick_x,1178
25690,lstick_x,1178
25694,lstick_x,1178
25697,lstick_x,1178
25700,lstick_x,1178
25704,lstick_x,1178
25707,lstick_x,1178
25710,lstick_x,1178
25713,lstick_x,1178
25716,lstick_x,1178
25720,lstick_x,1178
25723,lstick_x,1178
25726,lstick_x,1178
25728,lstick_x,1178
25731,lstick_x,1178
25736,lstick_x,1178
25739,lstick_x,1178
25742,lstick_x,1178
25745,lstick_x,1178
25748,lstick_x,1178
25752,lstick_x,1178
25755,lstick_x,1178
25758,lstick_x,1178
25761,lstick_x,1178
25765,lstick_x,1178
25768,lstick_x,1178
25772,lstick_x,1178
25776,lstick_x,1178
25779,lstick_x,1178
25783,lstick_x,1178
25787,lstick_x,1178
25790,lstick_x,1178
25793,lstick_x,1178
25796,lstick_x,1178
25799,lstick_x,1178
25805,lstick_x,1178
25808,lstick_x,1178
25812,lstick_x,1178
25815,lstick_x,1178
25820,lstick_x,1178
25824,lstick_x,1178
25827,lstick_x,1178
25830,lstick_x,1178
25833,lstick_x,1178
25837,lstick_x,1178
25840,lstick_x,1178
25843,lstick_x,1178
25846,lstick_x,1178
25849,lstick_x,1178
25854,lstick_x,1178
25857,lstick_x,1178
25861,lstick_x,1178
25864,lstick_x,1178
25867,lstick_x,1178
25870,lstick_x,1178
25873,lstick_x,1178
25876,lstick_x,1178
25879,lstick_x,1178
25882,lstick_x,1178
25888,lstick_x,1178
25891,lstick_x,1178
25894,lstick_x,1178
25897,lstick_x,1178
25900,lstick_x,1178
25904,lstick_x,1178
25907,lstick_x,1178
25910,lstick_x,1178
25913,lstick_x,1178
25916,lstick_x,1178
25920,lstick_x,1178
25923,lstick_x,1178
25927,lstick_x,1178
25930,lstick_x,1178
25933,lstick_x,1178
25938,lstick_x,1178
25942,lstick_x,1178
25945,lstick_x,1178
25948,lstick_x,1178
25952,lstick_x,1178
25955,lstick_x,1178
25958,lstick_x,1178
25962,lstick_x,1178
25965,lstick_x,1178
25968,lstick_x,1178
25971,lstick_x,1178
25974,lstick_x,1178
25977,lstick_x,1178
25980,lstick_x,1178
25983,lstick_x,1178
25987,lstick_x,1178
25990,lstick_x,1178
25993,lstick_x,1178
25996,lstick_x,1178
25999,lstick_x,1178
26006,lstick_x,1178
26009,lstick_x,1178
26012,lstick_x,1178
26015,lstick_x,1178
26020,lstick_x,1178
26023,lstick_x,1178
26027,lstick_x,1178
26030,lstick_x,1178
26033,lstick_x,1178
26037,lstick_x,1178
26040,lstick_x,1178
26043,lstick_x,1178
26046,lstick_x,1178
26049,lstick_x,1178
26055,lstick_x,1178
26058,lstick_x,1178
26062,lstick_x,1178
26065,lstick_x,1178
26070,lstick_x,1178
26074,lstick_x,1178
26077,lstick_x,1178
26080,lstick_x,1178
26082,lstick_x,1178
26088,lstick_x,1178
26091,lstick_x,1178
26094,lstick_x,1178
26098,lstick_x,1178
26101,lstick_x,1178
26104,lstick_x,1178
26107,lstick_x,1178
26110,lstick_x,1178
26113,lstick_x,1178
26116,lstick_x,1178
26120,lstick_x,1178
26124,lstick_x,1178
26126,lstick_x,1178
26130,lstick_x,1178
26133,lstick_x,1178
26136,lstick_x,1178
26139,lstick_x,1178
26142,lstick_x,1178
26145,lstick_x,1178
26148,lstick_x,1178
26152,lstick_x,1178
26154,lstick_x,1178
26158,lstick_x,1178
26161,lstick_x,1178
26163,lstick_x,1178
26167,lstick_x,1178
26172,lstick_x,1178
26175,lstick_x,1178
26179,lstick_x,1178
26182,lstick_x,1178
26187,lstick_x,1178
26190,lstick_x,1178
26193,lstick_x,1178
26196,lstick_x,1178
26199,lstick_x,1178
26204,lstick_x,1178
26207,lstick_x,1178
26211,lstick_x,1178
26213,lstick_x,1178
26216,lstick_x,1178
26220,lstick_x,1178
26224,lstick_x,1178
26227,lstick_x,1178
26230,lstick_x,1178
26233,lstick_x,1178
26237,lstick_x,1178
26240,lstick_x,1178
26243,lstick_x,1178
26246,lstick_x,1178
26249,lstick_x,1178
26255,lstick_x,1178
26259,lstick_x,1178
26262,lstick_x,1178
26265,lstick_x,1178
26270,lstick_x,1178
26273,lstick_x,1178
26277,lstick_x,1178
26280,lstick_x,1178
26283,lstick_x,1178
26288,lstick_x,1178
26291,lstick_x,1178
26295,lstick_x,1178
26298,lstick_x,1178
26304,lstick_x,1178
26307,lstick_x,1178
26311,lstick_x,1178
26313,lstick_x,1178
26317,lstick_x,1178
26320,lstick_x,1178
26323,lstick_x,1178
26326,lstick_x,1178
26330,lstick_x,1178
26333,lstick_x,1178
26336,lstick_x,1178
26339,lstick_x,1178
26342,lstick_x,1178
26345,lstick_x,1178
26349,lstick_x,1178
26352,lstick_x,1178
26355,lstick_x,1178
26359,lstick_x,1178
26363,lstick_x,1178
26366,lstick_x,1178
26368,lstick_x,1178
26371,lstick_x,1178
26374,lstick_x,1178
26379,lstick_x,1178
26382,lstick_x,1178
26387,lstick_x,1178
26390,lstick_x,1178
26393,lstick_x,1178
26396,lstick_x,1178
26399,lstick_x,1178
26404,lstick_x,1178
26407,lstick_x,1178
26410,lstick_x,1178
26413,lstick_x,1178
26416,lstick_x,1178
26420,lstick_x,1178
26423,lstick_x,1178
26427,lstick_x,1178
26430,lstick_x,1178
26433,lstick_x,1178
26437,lstick_x,1178
26440,lstick_x,1178
26443,lstick_x,1178
26446,lstick_x,1178
26449,lstick_x,1178
26454,lstick_x,1178
26456,lstick_x,1178
26459,lstick_x,1178
26462,lstick_x,1178
26466,lstick_x,1178
26470,lstick_x,1178
26474,lstick_x,1178
26476,lstick_x,1178
26479,lstick_x,1178
26482,lstick_x,1178
26487,lstick_x,1178
26491,lstick_x,1178
26494,lstick_x,1178
26497,lstick_x,1178
26500,lstick_x,1178
26503,lstick_x,1178
26507,lstick_x,1178
26510,lstick_x,1178
26513,lstick_x,1178
26517,lstick_x,1178
26520,lstick_x,1178
26523,lstick_x,1178
26526,lstick_x,1178
26529,lstick_x,1178
26532,lstick_x,1178
26536,lstick_x,1178
26539,lstick_x,1178
26542,lstick_x,1178
26546,lstick_x,1178
26549,lstick_x,1178
26552,lstick_x,1178
26555,lstick_x,1178
26559,lstick_x,1178
26562,lstick_x,1178
26564,lstick_x,1178
26568,lstick_x,1178
26571,lstick_x,1178
26574,lstick_x,1178
26577,lstick_x,1178
26580,lstick_x,1178
26583,lstick_x,1178
26589,lstick_x,1178
26592,lstick_x,1178
26596,lstick_x,1178
26599,lstick_x,1178
26604,lstick_x,1178
26607,lstick_x,1178
26610,lstick_x,1178
26613,lstick_x,1178
26616,lstick_x,1178
26622,lstick_x,1178
26625,lstick_x,1178
26629,lstick_x,1178
26632,lstick_x,1178
26638,lstick_x,1178
26642,lstick_x,1178
26646,lstick_x,1178
26649,lstick_x,1178
26653,lstick_x,1178
26656,lstick_x,1178
26659,lstick_x,1178
26662,lstick_x,1178
26666,lstick_x,1178
26670,lstick_x,1178
26674,lstick_x,1178
26676,lstick_x,1178
26680,lstick_x,1178
26683,lstick_x,1178
26687,lstick_x,1178
26690,lstick_x,1178
26693,lstick_x,1178
26696,lstick_x,1178
26699,lstick_x,1178
26704,lstick_x,1178
26706,lstick_x,1178
26710,lstick_x,1178
26713,lstick_x,1178
26716,lstick_x,1178
26720,lstick_x,1178
26723,lstick_x,1178
26726,lstick_x,1178
26729,lstick_x,1178
26732,lstick_x,1178
26736,lstick_x,1178
26739,lstick_x,1178
26742,lstick_x,1178
26746,lstick_x,1178
26749,lstick_x,1178
26752,lstick_x,1178
26755,lstick_x,1178
26758,lstick_x,1178
26761,lstick_x,1178
26763,lstick_x,1178
26766,lstick_x,1178
26769,lstick_x,1178
26772,lstick_x,1178
26776,lstick_x,1178
26779,lstick_x,1178
26782,lstick_x,1178
26789,lstick_x,1178
26792,lstick_x,1178
26795,lstick_x,1178
26799,lstick_x,1178
26804,lstick_x,1178
26807,lstick_x,1178
26810,lstick_x,1178
26813,lstick_x,1178
26816,lstick_x,1178
26823,lstick_x,1178
26826,lstick_x,1178
26829,lstick_x,1178
26832,lstick_x,1178
26839,lstick_x,1178
26842,lstick_x,1178
26845,lstick_x,1178
26848,lstick_x,1178
26855,lstick_x,1178
26858,lstick_x,1178
26862,lstick_x,1178
26865,lstick_x,1178
26872,lstick_x,1178
26875,lstick_x,1178
26879,lstick_x,1178
26882,lstick_x,1178
26887,lstick_x,1178
26891,lstick_x,1178
26893,lstick_x,1178
26896,lstick_x,1178
26899,lstick_x,1178
26904,lstick_x,1178
26907,lstick_x,1178
26911,lstick_x,1178
26914,lstick_x,1178
26917,lstick_x,1178
26920,lstick_x,1178
26922,lstick_x,1178
26925,lstick_x,1178
26929,lstick_x,1178
26932,lstick_x,1178
26936,lstick_x,1178
26939,lstick_x,1178
26942,lstick_x,1178
26945,lstick_x,1178
26948,lstick_x,1178
26952,lstick_x,1178
26955,lstick_x,1178
26958,lstick_x,1178
26962,lstick_x,1178
26965,lstick_x,1178
26969,lstick_x,1178
26971,lstick_x,1178
26974,lstick_x,1178
26978,lstick_x,1178
26981,lstick_x,1178
26984,lstick_x,1178
26987,lstick_x,1178
26990,lstick_x,1178
26993,lstick_x,1178
26996,lstick_x,1178
26999,lstick_x,1178
27003,lstick_x,1178
27006,lstick_x,1178
27009,lstick_x,1178
27012,lstick_x,1178
27014,lstick_x,1178
27018,lstick_x,1178
27022,lstick_x,1178
27025,lstick_x,1178
27028,lstick_x,1178
27032,lstick_x,1178
27039,lstick_x,1178
27042,lstick_x,1178
27045,lstick_x,1178
27048,lstick_x,1178
27054,lstick_x,1178
27057,lstick_x,1178
27060,lstick_x,1178
27062,lstick_x,1178
27066,lstick_x,1178
27072,lstick_x,1178
27075,lstick_x,1178
27078,lstick_x,1178
27082,lstick_x,1178
27087,lstick_x,1178
27090,lstick_x,1178
27094,lstick_x,1178
27097,lstick_x,1178
27101,lstick_x,1178
27104,lstick_x,1178
27107,lstick_x,1178
27110,lstick_x,1178
27113,lstick_x,1178
27116,lstick_x,1178
27120,lstick_x,1178
27123,lstick_x,1178
27126,lstick_x,1178
27130,lstick_x,1178
27132,lstick_x,1178
27136,lstick_x,1178
27139,lstick_x,1178
27142,lstick_x,1178
27145,lstick_x,1178
27149,lstick_x,1178
27152,lstick_x,1178
27155,lstick_x,1178
27158,lstick_x,1178
27162,lstick_x,1178
27165,lstick_x,1178
27168,lstick_x,1178
27172,lstick_x,1178
27175,lstick_x,1178
27178,lstick_x,1178
27181,lstick_x,1178
27184,lstick_x,1178
27189,lstick_x,1178
27192,lstick_x,1178
27195,lstick_x,1178
27198,lstick_x,1178
27204,lstick_x,1178
27206,lstick_x,1178
27210,lstick_x,1178
27213,lstick_x,1178
27216,lstick_x,1178
27223,lstick_x,1178
27226,lstick_x,1178
27231,lstick_x,1178
27240,lstick_x,1178
27243,lstick_x,1178
27246,lstick_x,1178
27249,lstick_x,1178
27253,lstick_x,1178
27257,lstick_x,1178
27260,lstick_x,1178
27263,lstick_x,1178
27266,lstick_x,1178
27272,lstick_x,1178
27275,lstick_x,1178
27278,lstick_x,1178
27281,lstick_x,1178
27284,lstick_x,1178
27288,lstick_x,1178
27291,lstick_x,1178
27294,lstick_x,1178
27297,lstick_x,1178
27300,lstick_x,1178
27304,lstick_x,1178
27307,lstick_x,1178
27309,lstick_x,1178
27313,lstick_x,1178
27316,lstick_x,1178
27320,lstick_x,1178
27323,lstick_x,1178
27326,lstick_x,1178
27329,lstick_x,1178
27332,lstick_x,1178
27336,lstick_x,1178
27339,lstick_x,1178
27342,lstick_x,1178
27344,lstick_x,1178
27347,lstick_x,1178
27350,lstick_x,1178
27354,lstick_x,1178
27357,lstick_x,1178
27360,lstick_x,1178
27363,lstick_x,1178
27366,lstick_x,1178
27370,lstick_x,1178
27373,lstick_x,1178
27376,lstick_x,1178
27378,lstick_x,1178
27382,lstick_x,1178
27387,lstick_x,1178
27390,lstick_x,1178
27393,lstick_x,1178
27397,lstick_x,1178
27400,lstick_x,1178
27403,lstick_x,1178
27406,lstick_x,1178
27409,lstick_x,1178
27412,lstick_x,1178
27415,lstick_x,1178
27420,lstick_x,1178
27423,lstick_x,1178
27426,lstick_x,1178
27430,lstick_x,1178
27433,lstick_x,1178
27437,lstick_x,1178
27440,lstick_x,1178
27443,lstick_x,1178
27446,lstick_x,1178
27449,lstick_x,1178
27451,lstick_x,1178
27454,lstick_x,1178
27457,lstick_x,1178
27459,lstick_x,1178
27463,lstick_x,1178
27466,lstick_x,1178
27470,lstick_x,1178
27473,lstick_x,1178
27477,lstick_x,1178
27480,lstick_x,1178
27483,lstick_x,1178
27487,lstick_x,1178
27490,lstick_x,1178
27493,lstick_x,1178
27496,lstick_x,1178
27500,lstick_x,1178
27505,lstick_x,1178
27512,lstick_x,1178
27520,lstick_x,1178
27528,lstick_x,1178
27536,lstick_x,1178
27539,lstick_x,1178
27542,lstick_x,1178
27544,lstick_x,1178
27548,lstick_x,1178
27551,lstick_x,1178
27553,lstick_x,1178
27556,lstick_x,1178
27560,lstick_x,1178
27563,lstick_x,1178
27566,lstick_x,1178
27572,lstick_x,1178
27575,lstick_x,1178
27579,lstick_x,1178
27582,lstick_x,1178
27589,lstick_x,1178
27592,lstick_x,1178
27595,lstick_x,1178
27598,lstick_x,1178
27601,lstick_x,1178
27606,lstick_x,1178
27609,lstick_x,1178
27612,lstick_x,1178
27615,lstick_x,1178
27618,lstick_x,1178
27620,lstick_x,1178
27623,lstick_x,1178
27626,lstick_x,1178
27639,lstick_x,1178
27660,lstick_x,1178
27720,lstick_x,1178
27737,lstick_x,1178
27767,lstick_x,1178
27803,lstick_x,1178
27808,lstick_x,1178
27830,lstick_x,1178
27853,lstick_x,1178
27864,lstick_x,1178
27877,lstick_x,1178
27883,lstick_x,1178
27893,lstick_x,1178
27903,lstick_x,1178
28006,lstick_x,1178
28023,lstick_x,1178
28027,lstick_x,1178
28038,lstick_x,1178
28052,lstick_x,1178
28064,lstick_x,1178
28074,lstick_x,1178
28087,lstick_x,1178
28094,lstick_x,1178
28100,lstick_x,1178
28110,lstick_x,1178
28114,lstick_x,1178
28120,lstick_x,1178
28150,lstick_x,1178
28153,lstick_x,1178
28161,lstick_x,1178
28171,lstick_x,1178
28175,lstick_x,1178
28197,lstick_x,1178
28219,lstick_x,1178
28226,lstick_x,1178
28234,lstick_x,1178
28243,lstick_x,1178
28252,lstick_x,1178
28256,lstick_x,1178
28265,lstick_x,1178
28285,lstick_x,1178
28291,lstick_x,1178
28304,lstick_x,1178
28312,lstick_x,1178
28320,lstick_x,1178
28328,lstick_x,1178
28336,lstick_x,1178
28343,lstick_x,1178
28346,lstick_x,1178
28353,lstick_x,1178
28390,lstick_x,1178
28404,lstick_x,1178
28411,lstick_x,1178
28416,lstick_x,1178
28427,lstick_x,1178
28435,lstick_x,1178
28447,lstick_x,1178
28465,lstick_x,1178
28487,lstick_x,1178
28496,lstick_x,1178
28504,lstick_x,1178
28513,lstick_x,1178
28534,lstick_x,1178
28550,lstick_x,1178
28554,lstick_x,1178
28579,lstick_x,1178
28586,lstick_x,1178
28597,lstick_x,1178
28601,lstick_x,1178
28617,lstick_x,1178
28627,lstick_x,1178
28639,lstick_x,1178
28653,lstick_x,1178
28658,lstick_x,1178
28681,lstick_x,1178
28698,lstick_x,1178
28714,lstick_x,1178
28723,lstick_x,1178
28728,lstick_x,1178
28743,lstick_x,1178
28749,lstick_x,1178
28771,lstick_x,1178
28776,lstick_x,1178
28799,lstick_x,1178
28810,lstick_x,1178
28819,lstick_x,1178
28832,lstick_x,1178
28850,lstick_x,1178
28860,lstick_x,1178
28864,lstick_x,1178
28898,lstick_x,1178
28930,lstick_x,1178
28952,lstick_x,1178
28960,lstick_x,1178
28969,lstick_x,1178
28976,lstick_x,1178
28979,lstick_x,1178
28984,lstick_x,1178
28992,lstick_x,1178
29015,lstick_x,1178
29026,lstick_x,1178
29061,lstick_x,1178
29071,lstick_x,1178
29075,lstick_x,1178
29086,lstick_x,1178
29093,lstick_x,1178
29097,lstick_x,1178
29107,lstick_x,1178
29111,lstick_x,1178
29120,lstick_x,1178
29143,lstick_x,1178
29160,lstick_x,1178
29211,lstick_x,1178
29233,lstick_x,1178
29243,lstick_x,1178
29249,lstick_x,1178
29259,lstick_x,1178
29276,lstick_x,1178
29280,lstick_x,1178
29288,lstick_x,1178
29300,lstick_x,1178
29328,lstick_x,1178
29347,lstick_x,1178
29360,lstick_x,1178
29368,lstick_x,1178
29376,lstick_x,1178
29385,lstick_x,1178
29435,lstick_x,1178
29440,lstick_x,1178
29465,lstick_x,1178
29472,lstick_x,1178
29481,lstick_x,1178
29493,lstick_x,1178
29501,lstick_x,1178
29507,lstick_x,1178
29554,lstick_x,1178
29576,lstick_x,1178
29584,lstick_x,1178
29598,lstick_x,1178
29602,lstick_x,1178
29628,lstick_x,1178
29705,lstick_x,1178
29726,lstick_x,1178
29729,lstick_x,1178
29736,lstick_x,1178
29755,lstick_x,1178
29776,lstick_x,1178
29794,lstick_x,1178
29814,lstick_x,1178
29818,lstick_x,1178
29826,lstick_x,1178
29870,lstick_x,1178
29876,lstick_x,1178
29910,lstick_x,1178
29914,lstick_x,1178
29932,lstick_x,1178
29970,lstick_x,1178
29987,lstick_x,1178
29996,lstick_x,1178
30000,lstick_x,1178
30008,lstick_x,1178
30065,lstick_x,1178
30100,lstick_x,1178
30136,lstick_x,1178
30145,lstick_x,1178
30153,lstick_x,1178
30169,lstick_x,1178
30187,lstick_x,1178
30192,lstick_x,1178
30259,lstick_x,1178
30276,lstick_x,1178
30280,lstick_x,1178
30288,lstick_x,1178
30319,lstick_x,1178
30336,lstick_x,1178
30366,lstick_x,1178
30400,lstick_x,1178
30419,lstick_x,1178
30425,lstick_x,1178
30448,lstick_x,1178
30456,lstick_x,1178
30459,lstick_x,1178
30470,lstick_x,1178
30492,lstick_x,1178
30501,lstick_x,1178
30505,lstick_x,1178
30512,lstick_x,1178
30520,lstick_x,1178
30538,lstick_x,1178
30565,lstick_x,1178
30573,lstick_x,1178
30581,lstick_x,1178
30588,lstick_x,1178
30595,lstick_x,1178
30598,lstick_x,1178
30618,lstick_x,1178
30631,lstick_x,1178
30640,lstick_x,1178
30659,lstick_x,1178
30678,lstick_x,1178
30687,lstick_x,1178
30695,lstick_x,1178
30697,lstick_x,1178
30723,lstick_x,1178
30729,lstick_x,1178
30736,lstick_x,1178
30740,lstick_x,1178
30779,lstick_x,1178
30784,lstick_x,1178
30800,lstick_x,1178
30808,lstick_x,1178
30827,lstick_x,1178
30839,lstick_x,1178
30847,lstick_x,1178
30869,lstick_x,1178
30876,lstick_x,1178
30880,lstick_x,1178
30891,lstick_x,1178
30896,lstick_x,1178
30935,lstick_x,1178
30947,lstick_x,1178
30964,lstick_x,1178
30968,lstick_x,1178
30992,lstick_x,1178
31002,lstick_x,1178
31009,lstick_x,1178
31019,lstick_x,1178
31026,lstick_x,1178
31044,lstick_x,1178
31064,lstick_x,1178
31081,lstick_x,1178
31088,lstick_x,1178
31096,lstick_x,1178
31109,lstick_x,1178
31126,lstick_x,1178
31139,lstick_x,1178
31157,lstick_x,1178
31160,lstick_x,1178
31164,lstick_x,1178
31173,lstick_x,1178
31192,lstick_x,1178
31202,lstick_x,1178
31209,lstick_x,1178
31216,lstick_x,1178
31244,lstick_x,1178
31264,lstick_x,1178
31283,lstick_x,1178
31287,lstick_x,1178
31290,lstick_x,1178
31296,lstick_x,1178
31306,lstick_x,1178
31322,lstick_x,1178
31343,lstick_x,1178
31354,lstick_x,1178
31379,lstick_x,1178
31384,lstick_x,1178
31392,lstick_x,1178
31407,lstick_x,1178
31418,lstick_x,1178
31427,lstick_x,1178
31435,lstick_x,1178
31441,lstick_x,1178
31449,lstick_x,1178
31467,lstick_x,1178
31509,lstick_x,1178
31516,lstick_x,1178
31520,lstick_x,1178
31539,lstick_x,1178
31562,lstick_x,1178
31575,lstick_x,1178
31577,lstick_x,1178
31580,lstick_x,1178
31616,lstick_x,1178
31624,lstick_x,1178
31632,lstick_x,1178
31649,lstick_x,1178
31660,lstick_x,1178
31665,lstick_x,1178
31672,lstick_x,1178
31684,lstick_x,1178
31694,lstick_x,1178
31698,lstick_x,1178
31709,lstick_x,1178
31713,lstick_x,1178
31720,lstick_x,1178
31724,lstick_x,1178
31736,lstick_x,1178
31744,lstick_x,1178
31790,lstick_x,1178
31792,lstick_x,1178
31804,lstick_x,1178
31831,lstick_x,1178
31838,lstick_x,1178
31854,lstick_x,1178
31857,lstick_x,1178
31860,lstick_x,1178
31867,lstick_x,1178
31895,lstick_x,1178
31899,lstick_x,1178
31904,lstick_x,1178
31925,lstick_x,1178
31932,lstick_x,1178
31944,lstick_x,1178
31953,lstick_x,1178
31964,lstick_x,1178
31970,lstick_x,1178
31987,lstick_x,1178
31993,lstick_x,1178
32001,lstick_x,1178
32006,lstick_x,1178
32017,lstick_x,1178
32024,lstick_x,1178
32064,lstick_x,1178
32084,lstick_x,1178
32106,lstick_x,1178
32119,lstick_x,1178
32125,lstick_x,1178
32130,lstick_x,1178
32138,lstick_x,1178
32152,lstick_x,1178
32156,lstick_x,1178
32160,lstick_x,1178
32170,lstick_x,1178
32186,lstick_x,1178
32220,lstick_x,1178
32224,lstick_x,1178
32260,lstick_x,1178
32270,lstick_x,1178
32281,lstick_x,1178
32293,lstick_x,1178
32300,lstick_x,1178
32306,lstick_x,1178
32343,lstick_x,1178
32373,lstick_x,1178
32376,lstick_x,1178
32384,lstick_x,1178
32420,lstick_x,1178
32433,lstick_x,1178
32444,lstick_x,1178
32449,lstick_x,1178
32458,lstick_x,1178
32464,lstick_x,1178
32497,lstick_x,1178
32504,lstick_x,1178
32513,lstick_x,1178
32531,lstick_x,1178
32542,lstick_x,1178
32561,lstick_x,1178
32578,lstick_x,1178
32590,lstick_x,1178
32598,lstick_x,1178
32601,lstick_x,1178
32608,lstick_x,1178
32616,lstick_x,1178
32647,lstick_x,1178
32658,lstick_x,1178
32664,lstick_x,1178
32672,lstick_x,1178
32687,lstick_x,1178
32693,lstick_x,1178
32724,lstick_x,1178
32730,lstick_x,1178
32738,lstick_x,1178
32748,lstick_x,1178
32756,lstick_x,1178
32766,lstick_x,1178
32769,lstick_x,1178
32777,lstick_x,1178
32784,lstick_x,1178
32793,lstick_x,1178
32810,lstick_x,1178
32834,lstick_x,1178
32844,lstick_x,1178
32857,lstick_x,1178
32892,lstick_x,1178
32908,lstick_x,1178
32912,lstick_x,1178
32923,lstick_x,1178
32932,lstick_x,1178
32966,lstick_x,1178
32986,lstick_x,1178
33017,lstick_x,1178
33033,lstick_x,1178
33042,lstick_x,1178
33051,lstick_x,1178
33058,lstick_x,1178
33066,lstick_x,1178
33072,lstick_x,1178
33100,lstick_x,1178
33132,lstick_x,1178
33137,lstick_x,1178
33180,lstick_x,1178
33194,lstick_x,1178
33213,lstick_x,1178
33217,lstick_x,1178
33220,lstick_x,1178
33226,lstick_x,1178
33253,lstick_x,1178
33268,lstick_x,1178
33272,lstick_x,1178
33286,lstick_x,1178
33297,lstick_x,1178
33309,lstick_x,1178
33323,lstick_x,1178
33342,lstick_x,1178
33352,lstick_x,1178
33360,lstick_x,1178
33371,lstick_x,1178
33376,lstick_x,1178
33386,lstick_x,1178
33411,lstick_x,1178
33424,lstick_x,1178
33437,lstick_x,1178
33458,lstick_x,1178
33476,lstick_x,1178
33481,lstick_x,1178
33494,lstick_x,1178
33501,lstick_x,1178
33504,lstick_x,1178
33512,lstick_x,1178
33561,lstick_x,1178
33576,lstick_x,1178
33610,lstick_x,1178
33619,lstick_x,1178
33629,lstick_x,1178
33632,lstick_x,1178
33647,lstick_x,1178
33659,lstick_x,1178
33675,lstick_x,1178
33680,lstick_x,1178
33694,lstick_x,1178
33709,lstick_x,1178
33716,lstick_x,1178
33721,lstick_x,1178
33731,lstick_x,1178
33743,lstick_x,1178
33764,lstick_x,1178
33774,lstick_x,1178
33778,lstick_x,1178
33786,lstick_x,1178
33792,lstick_x,1178
33795,lstick_x,1178
33800,lstick_x,1178
33809,lstick_x,1178
33829,lstick_x,1178
33847,lstick_x,1178
33850,lstick_x,1178
33856,lstick_x,1178
33871,lstick_x,1178
33897,lstick_x,1178
33921,lstick_x,1178
33929,lstick_x,1178
33932,lstick_x,1178
33936,lstick_x,1178
33947,lstick_x,1178
33961,lstick_x,1178
33968,lstick_x,1178
34008,lstick_x,1178
34035,lstick_x,1178
34045,lstick_x,1178
34053,lstick_x,1178
34059,lstick_x,1178
34068,lstick_x,1178
34075,lstick_x,1178
34099,lstick_x,1178
34142,lstick_x,1178
34145,lstick_x,1178
34152,lstick_x,1178
34183,lstick_x,1178
34193,lstick_x,1178
34201,lstick_x,1178
34210,lstick_x,1178
34213,lstick_x,1178
34216,lstick_x,1178
34240,lstick_x,1178
34268,lstick_x,1178
34285,lstick_x,1178
34303,lstick_x,1178
34325,lstick_x,1178
34336,lstick_x,1178
34352,lstick_x,1178
34360,lstick_x,1178
34373,lstick_x,1178
34382,lstick_x,1178
34392,lstick_x,1178
34414,lstick_x,1178
34425,lstick_x,1178
34432,lstick_x,1178
34454,lstick_x,1178
34469,lstick_x,1178
34472,lstick_x,1178
34480,lstick_x,1178
34488,lstick_x,1178
34497,lstick_x,1178
34506,lstick_x,1178
34526,lstick_x,1178
34544,lstick_x,1178
34559,lstick_x,1178
34581,lstick_x,1178
34584,lstick_x,1178
34592,lstick_x,1178
34609,lstick_x,1178
34618,lstick_x,1178
34630,lstick_x,1178
34640,lstick_x,1178
34648,lstick_x,1178
34680,lstick_x,1178
34689,lstick_x,1178
34696,lstick_x,1178
34706,lstick_x,1178
34714,lstick_x,1178
34729,lstick_x,1178
34750,lstick_x,1178
34768,lstick_x,1178
34779,lstick_x,1178
34787,lstick_x,1178
34794,lstick_x,1178
34798,a,1
34798,lstick_x,1178
34802,lstick_x,1178
34806,lstick_x,1178
34836,lstick_x,1178
34881,lstick_x,1178
34903,lstick_x,1178
34918,lstick_x,1178
34927,lstick_x,1178
34929,lstick_x,1178
34936,lstick_x,1178
34944,lstick_x,1178
34950,a,0
34950,lstick_x,1178
34960,lstick_x,1178
34968,lstick_x,1178
34983,lstick_x,1178
35008,lstick_x,1178
35030,lstick_x,1178
35067,lstick_x,1178
35072,lstick_x,1178
35080,lstick_x,1178
35088,lstick_x,1178
35254,lstick_x,1178
35330,lstick_x,1178
35418,lstick_x,1178
35424,lstick_x,1178
35602,lstick_x,1178
35676,lstick_x,1178
35696,lstick_x,1178
35704,lstick_x,1178
35712,lstick_x,1178
35720,lstick_x,1178
35728,lstick_x,1178
35736,lstick_x,1178
35744,lstick_x,1178
35752,lstick_x,1178
35760,lstick_x,1178
35811,lstick_x,1178
35816,lstick_x,1178
35828,lstick_x,1178
35978,lstick_x,1178
36054,lstick_x,1178
36058,lstick_x,1178
36065,lstick_x,1178
36200,lstick_x,1178
36374,lstick_x,1178
36709,lstick_x,1178
36812,lstick_x,1178
36816,lstick_x,1178
37267,lstick_x,1178
37470,lstick_x,1178
37716,lstick_x,1178
37797,lstick_x,1178
37964,lstick_x,1178
38057,lstick_x,1178
38188,lstick_x,1178
38256,lstick_x,1178
38343,lstick_x,1178
38492,lstick_x,1178
38958,lstick_x,1178
38992,lstick_x,1178
38996,lstick_x,1178
39000,lstick_x,1178
39008,lstick_x,1178
39258,lstick_x,1178
40051,lstick_x,1178
40114,lstick_x,1178
40120,lstick_x,1178
40143,lstick_x,1178
40305,lstick_x,1178
40376,lstick_x,1178
40462,lstick_x,1178
40472,lstick_x,1178
40581,lstick_x,1178
40587,lstick_x,1178
40592,lstick_x,1178
40671,lstick_x,1178
40688,lstick_x,1178
40700,lstick_x,1178
40782,lstick_x,1178
40856,lstick_x,1178
40878,lstick_x,1178
40889,lstick_x,1178
40906,lstick_x,1178
40967,lstick_x,1178
40972,lstick_x,1178
40979,lstick_x,1178
40984,lstick_x,1178
41000,lstick_x,1178
41006,lstick_x,1178
41016,lstick_x,1178
41130,lstick_x,1178
41193,lstick_x,1178
41198,lstick_x,1178
41208,lstick_x,1178
41222,lstick_x,1178
41232,lstick_x,1178
41241,lstick_x,1178
41248,lstick_x,1178
41284,lstick_x,1178
41289,lstick_x,1178
41300,lstick_x,1178
41320,lstick_x,1178
41330,lstick_x,1178
41337,lstick_x,1178
41344,lstick_x,1178
41352,lstick_x,1178
41360,lstick_x,1178
41370,lstick_x,1178
41376,lstick_x,1178
41384,lstick_x,1178
41393,lstick_x,1178
41400,lstick_x,1178
41407,lstick_x,1178
41424,lstick_x,1178
41432,lstick_x,1178
41440,lstick_x,1178
41469,lstick_x,1178
41472,lstick_x,1178
41485,lstick_x,1178
41496,lstick_x,1178
41507,lstick_x,1178
41512,lstick_x,1178
41518,lstick_x,1178
41524,lstick_x,1178
41528,lstick_x,1178
41531,lstick_x,1178
41541,lstick_x,1178
41547,lstick_x,1178
41559,lstick_x,1178
41568,lstick_x,1178
41580,lstick_x,1178
41604,lstick_x,1178
41613,lstick_x,1178
41640,lstick_x,1178
41657,lstick_x,1178
41666,lstick_x,1178
41672,lstick_x,1178
41682,lstick_x,1178
41685,lstick_x,1178
41688,lstick_x,1178
41697,lstick_x,1178
41708,lstick_x,1178
41714,lstick_x,1178
41720,lstick_x,1178
41728,lstick_x,1178
41733,lstick_x,1178
41736,lstick_x,1178
41744,lstick_x,1178
41765,lstick_x,1178
41769,lstick_x,1178
41776,lstick_x,1178
41784,lstick_x,1178
41792,lstick_x,1178
41804,lstick_x,1178
41821,lstick_x,1178
41824,lstick_x,1178
41832,lstick_x,1178
41846,lstick_x,1178
41857,lstick_x,1178
41862,lstick_x,1178
41872,lstick_x,1178
41886,lstick_x,1178
41896,lstick_x,1178
41910,lstick_x,1178
41920,lstick_x,1178
41952,lstick_x,1178
41962,lstick_x,1178
41968,lstick_x,1178
41983,lstick_x,1178
41992,lstick_x,1178
42000,lstick_x,1178
42008,lstick_x,1178
42012,lstick_x,1178
42018,lstick_x,1178
42024,lstick_x,1178
42032,lstick_x,1178
42046,lstick_x,1178
42049,lstick_x,1178
42058,lstick_x,1178
42074,lstick_x,1178
42098,lstick_x,1178
42115,lstick_x,1178
42126,lstick_x,1178
42129,lstick_x,1178
42158,lstick_x,1178
42163,lstick_x,1178
42173,lstick_x,1178
42177,lstick_x,1178
42184,lstick_x,1178
42193,lstick_x,1178
42201,lstick_x,1178
42208,lstick_x,1178
42216,lstick_x,1178
42267,lstick_x,1178
42389,lstick_x,1178
42392,lstick_x,1178
42401,lstick_x,1178
42406,lstick_x,1178
42427,lstick_x,1178
42432,lstick_x,1178
42474,lstick_x,1178
42491,lstick_x,1178
42502,lstick_x,1178
42505,lstick_x,1178
42516,lstick_x,1178
42522,lstick_x,1178
42529,lstick_x,1178
42533,lstick_x,1178
42536,lstick_x,1178
42544,lstick_x,1178
42552,lstick_x,1178
42566,lstick_x,1178
42574,lstick_x,1178
42578,lstick_x,1178
42584,lstick_x,1178
42603,lstick_x,1178
42612,lstick_x,1178
42639,lstick_x,1178
42662,lstick_x,1178
42666,lstick_x,1178
42673,lstick_x,1178
42679,lstick_x,1178
42688,lstick_x,1178
42694,lstick_x,1178
42697,lstick_x,1178
42704,lstick_x,1178
42719,lstick_x,1178
42728,lstick_x,1178
42736,lstick_x,1178
42743,lstick_x,1178
42765,lstick_x,1178
42777,lstick_x,1178
42784,lstick_x,1178
42800,lstick_x,1178
42810,lstick_x,1178
42832,lstick_x,1178
42841,lstick_x,1178
42857,lstick_x,1178
42860,lstick_x,1178
42866,lstick_x,1178
42872,lstick_x,1178
42881,lstick_x,1178
42888,lstick_x,1178
42896,lstick_x,1178
42910,lstick_x,1178
42912,lstick_x,1178
42930,lstick_x,1178
42951,lstick_x,1178
42960,lstick_x,1178
42982,lstick_x,1178
42986,lstick_x,1178
43002,lstick_x,1178
43008,lstick_x,1178
43020,lstick_x,1178
43029,lstick_x,1178
43032,lstick_x,1178
43270,lstick_x,1178
43274,lstick_x,1178
43280,lstick_x,1178
43472,lstick_x,1178
43477,lstick_x,1178
43480,lstick_x,1178
43488,lstick_x,1178
43496,lstick_x,1178
43504,lstick_x,1178
43512,lstick_x,1178
43520,lstick_x,1178
43544,lstick_x,1178
43563,lstick_x,1178
43580,lstick_x,1178
43587,lstick_x,1178
43592,lstick_x,1178
43605,lstick_x,1178
43608,lstick_x,1178
43621,lstick_x,1178
43627,lstick_x,1178
43631,lstick_x,1178
43634,lstick_x,1178
43640,lstick_x,1178
43649,lstick_x,1178
43658,lstick_x,1178
43664,lstick_x,1178
43672,lstick_x,1178
43683,lstick_x,1178
43688,lstick_x,1178
43696,lstick_x,1178
43716,lstick_x,1178
43721,lstick_x,1178
43729,lstick_x,1178
43746,lstick_x,1178
43753,lstick_x,1178
43769,lstick_x,1178
43779,lstick_x,1178
43790,lstick_x,1178
43797,lstick_x,1178
43801,lstick_x,1178
43808,lstick_x,1178
43816,lstick_x,1178
43824,lstick_x,1178
43832,lstick_x,1178
43853,lstick_x,1178
43858,lstick_x,1178
43882,lstick_x,1178
43893,lstick_x,1178
43896,lstick_x,1178
43904,lstick_x,1178
43926,lstick_x,1178
43945,lstick_x,1178
43956,lstick_x,1178
43960,lstick_x,1178
43970,lstick_x,1178
43973,lstick_x,1178
43977,lstick_x,1178
43985,lstick_x,1178
43992,lstick_x,1178
44003,lstick_x,1178
44008,lstick_x,1178
44019,lstick_x,1178
44023,lstick_x,1178
44044,lstick_x,1178
44054,lstick_x,1178
44062,lstick_x,1178
44074,lstick_x,1178
44080,lstick_x,1178
44089,lstick_x,1178
44096,lstick_x,1178
44104,lstick_x,1178
44118,lstick_x,1178
44120,lstick_x,1178
44137,lstick_x,1178
44140,lstick_x,1178
44147,lstick_x,1178
44152,lstick_x,1178
44159,lstick_x,1178
44170,lstick_x,1178
44177,lstick_x,1178
44184,lstick_x,1178
44191,lstick_x,1178
44197,lstick_x,1178
44207,lstick_x,1178
44216,lstick_x,1178
44238,lstick_x,1178
44258,lstick_x,1178
44275,lstick_x,1178
44285,lstick_x,1178
44293,lstick_x,1178
44300,lstick_x,1178
44304,lstick_x,1178
44307,lstick_x,1178
44312,lstick_x,1178
44316,lstick_x,1178
44320,lstick_x,1178
44329,lstick_x,1178
44344,lstick_x,1178
44352,lstick_x,1178
44365,lstick_x,1178
44392,lstick_x,1178
44400,lstick_x,1178
44419,lstick_x,1178
44424,lstick_x,1178
44441,lstick_x,1178
44451,lstick_x,1178
44458,lstick_x,1178
44467,lstick_x,1178
44476,lstick_x,1178
44480,lstick_x,1178
44488,lstick_x,1178
44499,lstick_x,1178
44504,lstick_x,1178
44512,lstick_x,1178
44523,lstick_x,1178
44528,lstick_x,1178
44536,lstick_x,1178
44559,lstick_x,1178
44582,lstick_x,1178
44598,lstick_x,1178
44602,lstick_x,1178
44618,lstick_x,1178
44625,lstick_x,1178
44631,lstick_x,1178
44643,lstick_x,1178
44648,lstick_x,1178
44658,lstick_x,1178
44664,lstick_x,1178
44673,lstick_x,1178
44685,lstick_x,1178
44692,lstick_x,1178
44702,lstick_x,1178
44707,lstick_x,1178
44712,lstick_x,1178
44726,lstick_x,1178
44736,lstick_x,1178
44752,lstick_x,1178
44773,lstick_x,1178
44777,lstick_x,1178
44792,lstick_x,1178
44800,lstick_x,1178
44806,lstick_x,1178
44811,lstick_x,1178
44818,lstick_x,1178
44823,lstick_x,1178
44835,lstick_x,1178
44840,lstick_x,1178
44851,lstick_x,1178
44859,lstick_x,1178
44869,lstick_x,1178
44876,lstick_x,1178
44879,lstick_x,1178
44903,lstick_x,1178
44912,lstick_x,1178
44926,lstick_x,1178
44931,lstick_x,1178
44945,lstick_x,1178
44967,lstick_x,1178
44970,lstick_x,1178
44977,lstick_x,1178
44991,lstick_x,1178
44995,lstick_x,1178
45000,lstick_x,1178
45008,lstick_x,1178
45015,lstick_x,1178
45025,lstick_x,1178
45032,lstick_x,1178
45044,lstick_x,1178
45052,lstick_x,1178
45057,lstick_x,1178
45064,lstick_x,1178
45078,lstick_x,1178
45086,lstick_x,1178
45090,lstick_x,1178
45102,lstick_x,1178
45121,lstick_x,1178
45139,lstick_x,1178
45144,lstick_x,1178
45152,lstick_x,1178
45164,lstick_x,1178
45169,lstick_x,1178
45176,lstick_x,1178
45184,lstick_x,1178
45189,lstick_x,1178
45193,lstick_x,1178
45202,lstick_x,1178
45210,lstick_x,1178
45218,lstick_x,1178
45226,lstick_x,1178
45236,lstick_x,1178
45240,lstick_x,1178
45260,lstick_x,1178
45264,lstick_x,1178
45275,lstick_x,1178
45287,lstick_x,1178
45315,lstick_x,1178
45323,lstick_x,1178
45339,lstick_x,1178
45342,lstick_x,1178
45352,lstick_x,1178
45360,lstick_x,1178
45363,lstick_x,1178
45374,lstick_x,1178
45393,lstick_x,1178
45401,lstick_x,1178
45408,lstick_x,1178
45420,lstick_x,1178
45424,lstick_x,1178
45433,lstick_x,1178
45440,lstick_x,1178
45448,lstick_x,1178
45470,lstick_x,1178
45484,lstick_x,1178
45489,lstick_x,1178
45500,lstick_x,1178
45508,lstick_x,1178
45516,lstick_x,1178
45521,lstick_x,1178
45529,lstick_x,1178
45536,lstick_x,1178
45540,lstick_x,1178
45544,lstick_x,1178
45561,lstick_x,1178
45570,lstick_x,1178
45576,lstick_x,1178
45580,lstick_x,1178
45584,lstick_x,1178
45592,lstick_x,1178
45606,lstick_x,1178
45615,lstick_x,1178
45626,lstick_x,1178
45642,lstick_x,1178
45661,lstick_x,1178
45670,lstick_x,1178
45679,lstick_x,1178
45686,lstick_x,1178
45690,lstick_x,1178
45696,lstick_x,1178
45704,lstick_x,1178
45708,lstick_x,1178
45713,lstick_x,1178
45722,lstick_x,1178
45733,lstick_x,1178
45739,lstick_x,1178
45744,lstick_x,1178
45750,lstick_x,1178
45760,lstick_x,1178
45790,lstick_x,1178
45792,lstick_x,1178
45805,lstick_x,1178
45808,lstick_x,1178
45818,lstick_x,1178
45826,lstick_x,1178
45841,lstick_x,1178
45849,lstick_x,1178
45856,lstick_x,1178
45869,lstick_x,1178
45873,lstick_x,1178
45877,lstick_x,1178
45881,lstick_x,1178
45890,lstick_x,1178
45896,lstick_x,1178
45906,lstick_x,1178
45912,lstick_x,1178
45915,lstick_x,1178
45920,lstick_x,1178
45943,lstick_x,1178
45946,lstick_x,1178
45952,lstick_x,1178
45973,lstick_x,1178
45977,lstick_x,1178
46000,lstick_x,1178
46015,lstick_x,1178
46020,lstick_x,1178
46026,lstick_x,1178
46033,lstick_x,1178
46174,lstick_x,1178
46238,lstick_x,1178
46242,lstick_x,1178
46253,lstick_x,1178
46257,lstick_x,1178
46264,lstick_x,1178
46272,lstick_x,1178
46283,lstick_x,1178
46288,lstick_x,1178
46302,lstick_x,1178
46319,lstick_x,1178
46340,lstick_x,1178
46345,lstick_x,1178
46352,lstick_x,1178
46360,lstick_x,1178
46373,lstick_x,1178
46377,lstick_x,1178
46384,lstick_x,1178
46393,lstick_x,1178
46404,lstick_x,1178
46411,lstick_x,1178
46417,lstick_x,1178
46431,lstick_x,1178
46439,lstick_x,1178
46460,lstick_x,1178
46464,lstick_x,1178
46483,lstick_x,1178
46489,lstick_x,1178
46496,lstick_x,1178
46504,lstick_x,1178
46515,lstick_x,1178
46530,lstick_x,1178
46533,lstick_x,1178
46539,lstick_x,1178
46544,lstick_x,1178
46547,lstick_x,1178
46558,lstick_x,1178
46564,lstick_x,1178
46569,lstick_x,1178
46576,lstick_x,1178
46585,lstick_x,1178
46589,lstick_x,1178
46592,lstick_x,1178
46600,lstick_x,1178
46609,lstick_x,1178
46624,lstick_x,1178
46647,lstick_x,1178
46653,lstick_x,1178
46656,lstick_x,1178
46663,lstick_x,1178
46671,lstick_x,1178
46674,lstick_x,1178
46681,lstick_x,1178
46688,lstick_x,1178
46698,lstick_x,1178
46704,lstick_x,1178
46715,lstick_x,1178
46722,lstick_x,1178
46727,lstick_x,1178
46741,lstick_x,1178
46756,lstick_x,1178
46768,lstick_x,1178
46776,lstick_x,1178
46784,lstick_x,1178
46799,lstick_x,1178
46802,lstick_x,1178
46808,lstick_x,1178
46814,lstick_x,1178
46824,lstick_x,1178
46833,lstick_x,1178
46843,lstick_x,1178
46848,lstick_x,1178
46856,lstick_x,1178
46889,lstick_x,1178
47070,lstick_x,1178
47075,lstick_x,1178
47080,lstick_x,1178
47093,lstick_x,1178
47097,lstick_x,1178
47104,lstick_x,1178
47109,lstick_x,1178
47112,lstick_x,1178
47120,lstick_x,1178
47129,lstick_x,1178
47140,lstick_x,1178
47149,lstick_x,1178
47152,lstick_x,1178
47160,lstick_x,1178
47170,lstick_x,1178
47176,lstick_x,1178
47187,lstick_x,1178
47192,lstick_x,1178
47200,lstick_x,1178
47210,lstick_x,1178
47213,lstick_x,1178
47216,lstick_x,1178
47224,lstick_x,1178
47289,lstick_x,1178
47309,lstick_x,1178
47314,lstick_x,1178
47320,lstick_x,1178
47325,lstick_x,1178
47337,lstick_x,1178
47418,lstick_x,1178
47424,lstick_x,1178
47432,lstick_x,1178
47441,lstick_x,1178
47450,lstick_x,1178
47524,lstick_x,1178
47529,lstick_x,1178
47532,lstick_x,1178
47536,lstick_x,1178
47544,lstick_x,1178
47553,lstick_x,1178
47561,lstick_x,1178
47570,lstick_x,1178
47576,lstick_x,1178
47588,lstick_x,1178
47605,lstick_x,1178
47608,lstick_x,1178
47615,lstick_x,1178
47625,lstick_x,1178
47632,lstick_x,1178
47639,lstick_x,1178
47648,lstick_x,1178
47656,lstick_x,1178
47667,lstick_x,1178
47673,lstick_x,1178
47685,lstick_x,1178
47691,lstick_x,1178
47702,lstick_x,1178
47706,lstick_x,1178
47709,lstick_x,1178
47714,lstick_x,1178
47722,lstick_x,1178
47728,lstick_x,1178
47734,lstick_x,1178
47744,lstick_x,1178
47756,lstick_x,1178
47765,lstick_x,1178
47768,lstick_x,1178
47774,lstick_x,1178
47800,lstick_x,1178
47820,lstick_x,1178
47823,lstick_x,1178
47826,lstick_x,1178
47832,lstick_x,1178
47836,lstick_x,1178
47840,lstick_x,1178
47848,lstick_x,1178
47856,lstick_x,1178
47865,lstick_x,1178
47872,lstick_x,1178
47894,lstick_x,1178
47898,lstick_x,1178
47910,lstick_x,1178
47924,lstick_x,1178
47928,lstick_x,1178
47933,lstick_x,1178
47938,lstick_x,1178
47948,lstick_x,1178
47952,lstick_x,1178
47960,lstick_x,1178
47968,lstick_x,1178
47973,lstick_x,1178
47979,lstick_x,1178
47988,lstick_x,1178
47997,lstick_x,1178
48000,lstick_x,1178
48009,lstick_x,1178
48016,lstick_x,1178
48024,lstick_x,1178
48031,lstick_x,1178
48042,lstick_x,1178
48049,lstick_x,1178
48062,lstick_x,1178
48065,lstick_x,1178
48068,lstick_x,1178
48077,lstick_x,1178
48083,lstick_x,1178
48096,lstick_x,1178
48107,lstick_x,1178
48115,lstick_x,1178
48122,lstick_x,1178
48179,lstick_x,1178
48184,lstick_x,1178
48581,lstick_x,1178
48591,lstick_x,1178
48602,lstick_x,1178
48608,lstick_x,1178
48617,lstick_x,1178
48624,lstick_x,1178
48639,lstick_x,1178
48651,lstick_x,1178
48657,lstick_x,1178
48664,lstick_x,1178
48674,lstick_x,1178
48681,lstick_x,1178
48689,lstick_x,1178
48696,lstick_x,1178
48727,lstick_x,1178
48735,lstick_x,1178
48750,lstick_x,1178
48758,lstick_x,1178
48766,lstick_x,1178
48776,lstick_x,1178
48785,lstick_x,1178
48793,lstick_x,1178
48800,lstick_x,1178
48808,lstick_x,1178
48826,lstick_x,1178
48834,lstick_x,1178
48845,lstick_x,1178
48855,lstick_x,1178
48863,lstick_x,1178
48874,lstick_x,1178
48903,lstick_x,1178
48912,lstick_x,1178
48933,lstick_x,1178
48937,lstick_x,1178
48940,lstick_x,1178
48945,lstick_x,1178
48958,lstick_x,1178
48963,lstick_x,1178
48971,lstick_x,1178
48974,lstick_x,1178
49002,lstick_x,1178
49009,lstick_x,1178
49025,lstick_x,1178
49043,lstick_x,1178
49049,lstick_x,1178
49060,lstick_x,1178
49069,lstick_x,1178
49080,lstick_x,1178
49126,lstick_x,1178
49132,lstick_x,1178
49137,lstick_x,1178
49142,lstick_x,1178
49236,lstick_x,1178
49240,lstick_x,1178
49254,lstick_x,1178
49259,lstick_x,1178
49276,lstick_x,1178
49280,lstick_x,1178
49288,lstick_x,1178
49296,lstick_x,1178
49310,lstick_x,1178
49313,lstick_x,1178
49320,lstick_x,1178
49339,lstick_x,1178
49365,lstick_x,1178
49368,lstick_x,1178
49373,lstick_x,1178
49376,lstick_x,1178
49384,lstick_x,1178
49394,lstick_x,1178
49400,lstick_x,1178
49408,lstick_x,1178
49417,lstick_x,1178
49425,lstick_x,1178
49436,lstick_x,1178
49450,lstick_x,1178
49456,lstick_x,1178
49459,lstick_x,1178
49464,lstick_x,1178
49474,lstick_x,1178
49480,lstick_x,1178
49491,lstick_x,1178
49496,lstick_x,1178
49507,lstick_x,1178
49511,lstick_x,1178
49526,lstick_x,1178
49544,lstick_x,1178
49546,lstick_x,1178
49551,lstick_x,1178
49554,lstick_x,1178
49726,lstick_x,1178
49865,lstick_x,1178
49876,lstick_x,1178
49883,lstick_x,1178
49888,lstick_x,1178
49899,lstick_x,1178
49905,lstick_x,1178
49912,lstick_x,1178
49930,lstick_x,1178
49942,lstick_x,1178
49949,lstick_x,1178
49952,lstick_x,1178
49960,lstick_x,1178
49968,lstick_x,1178
49981,lstick_x,1178
49987,lstick_x,1178
49992,lstick_x,1178
50001,lstick_x,1178
50014,lstick_x,1178
50017,lstick_x,1178
50024,lstick_x,1178
50032,lstick_x,1178
50039,lstick_x,1178
50047,lstick_x,1178
50063,lstick_x,1178
50069,lstick_x,1178
50073,lstick_x,1178
50080,lstick_x,1178
50088,lstick_x,1178
50096,lstick_x,1178
50108,lstick_x,1178
50120,lstick_x,1178
50123,lstick_x,1178
50126,lstick_x,1178
50130,lstick_x,1178
50137,lstick_x,1178
50144,lstick_x,1178
50152,lstick_x,1178
50161,lstick_x,1178
50180,lstick_x,1178
50184,lstick_x,1178
50194,lstick_x,1178
50203,lstick_x,1178
50212,lstick_x,1178
50215,lstick_x,1178
50223,lstick_x,1178
50232,lstick_x,1178
50242,lstick_x,1178
50249,lstick_x,1178
50256,lstick_x,1178
50270,lstick_x,1178
50274,lstick_x,1178
50281,lstick_x,1178
50288,lstick_x,1178
50297,lstick_x,1178
50304,lstick_x,1178
50307,lstick_x,1178
50313,lstick_x,1178
50320,lstick_x,1178
50328,lstick_x,1178
50337,lstick_x,1178
50344,lstick_x,1178
50352,lstick_x,1178
50360,lstick_x,1178
50366,lstick_x,1178
50373,lstick_x,1178
50392,lstick_x,1178
50403,lstick_x,1178
50408,lstick_x,1178
50416,lstick_x,1178
50419,lstick_x,1178
50434,lstick_x,1178
50446,lstick_x,1178
50451,lstick_x,1178
50459,lstick_x,1178
50468,lstick_x,1178
50472,lstick_x,1178
50480,lstick_x,1178
50548,lstick_x,1178
50553,lstick_x,1178
50557,lstick_x,1178
50561,lstick_x,1178
50570,lstick_x,1178
50576,lstick_x,1178
50584,lstick_x,1178
50593,lstick_x,1178
50600,lstick_x,1178
50614,lstick_x,1178
50624,lstick_x,1178
50633,lstick_x,1178
50641,lstick_x,1178
50649,lstick_x,1178
50687,lstick_x,1178
50696,lstick_x,1178
50698,lstick_x,1178
50706,lstick_x,1178
50712,lstick_x,1178
50720,lstick_x,1178
50729,lstick_x,1178
50736,lstick_x,1178
50745,lstick_x,1178
50748,lstick_x,1178
50754,lstick_x,1178
50760,lstick_x,1178
50768,lstick_x,1178
50785,lstick_x,1178
50792,lstick_x,1178
50800,lstick_x,1178
50814,lstick_x,1178
50828,lstick_x,1178
50917,lstick_x,1178
50920,lstick_x,1178
50924,lstick_x,1178
50928,lstick_x,1178
50936,lstick_x,1178
50945,lstick_x,1178
50952,lstick_x,1178
51017,lstick_x,1178
51024,lstick_x,1178
51032,lstick_x,1178
51040,lstick_x,1178
51050,lstick_x,1178
51056,lstick_x,1178
51064,lstick_x,1178
51073,lstick_x,1178
51089,lstick_x,1178
51124,lstick_x,1178
51130,lstick_x,1178
51141,lstick_x,1178
51153,lstick_x,1178
51160,lstick_x,1178
51167,lstick_x,1178
51172,lstick_x,1178
51176,lstick_x,1178
51184,lstick_x,1178
51192,lstick_x,1178
51200,lstick_x,1178
51209,lstick_x,1178
51212,lstick_x,1178
51216,lstick_x,1178
51232,lstick_x,1178
51240,lstick_x,1178
51249,lstick_x,1178
51277,lstick_x,1178
51299,lstick_x,1178
51315,lstick_x,1178
51320,lstick_x,1178
51329,lstick_x,1178
51337,lstick_x,1178
51345,lstick_x,1178
51349,lstick_x,1178
51352,lstick_x,1178
51360,lstick_x,1178
51368,lstick_x,1178
51376,lstick_x,1178
51384,lstick_x,1178
51392,lstick_x,1178
51697,lstick_x,1178
51701,lstick_x,1178
51704,lstick_x,1178
51713,lstick_x,1178
51720,lstick_x,1178
51730,lstick_x,1178
51736,lstick_x,1178
51747,lstick_x,1178
51754,lstick_x,1178
51769,lstick_x,1178
51783,lstick_x,1178
51803,lstick_x,1178
51809,lstick_x,1178
51816,lstick_x,1178
51824,lstick_x,1178
51833,lstick_x,1178
51839,lstick_x,1178
51848,lstick_x,1178
51856,lstick_x,1178
51864,lstick_x,1178
51872,lstick_x,1178
51880,lstick_x,1178
51883,lstick_x,1178
51888,lstick_x,1178
51903,lstick_x,1178
51918,lstick_x,1178
51924,lstick_x,1178
51934,lstick_x,1178
51943,lstick_x,1178
51949,lstick_x,1178
51952,lstick_x,1178
51976,lstick_x,1178
52002,lstick_x,1178
52012,lstick_x,1178
52016,lstick_x,1178
52022,lstick_x,1178
52026,lstick_x,1178
52033,lstick_x,1178
52040,lstick_x,1178
52048,lstick_x,1178
52057,lstick_x,1178
52061,lstick_x,1178
52066,lstick_x,1178
52076,lstick_x,1178
52089,lstick_x,1178
52100,lstick_x,1178
52126,lstick_x,1178
52144,lstick_x,1178
52152,lstick_x,1178
52160,lstick_x,1178
52168,lstick_x,1178
52186,lstick_x,1178
52192,lstick_x,1178
52196,lstick_x,1178
52200,lstick_x,1178
52208,lstick_x,1178
52216,lstick_x,1178
52227,lstick_x,1178
52232,lstick_x,1178
52240,lstick_x,1178
52249,lstick_x,1178
52261,lstick_x,1178
52272,lstick_x,1178
52277,lstick_x,1178
52280,lstick_x,1178
52307,lstick_x,1178
52312,lstick_x,1178
52334,lstick_x,1178
52347,lstick_x,1178
52356,lstick_x,1178
52367,lstick_x,1178
52372,lstick_x,1178
52376,lstick_x,1178
52387,lstick_x,1178
52392,lstick_x,1178
52400,lstick_x,1178
52408,lstick_x,1178
52415,lstick_x,1178
52425,lstick_x,1178
52435,lstick_x,1178
52440,lstick_x,1178
52448,lstick_x,1178
52453,lstick_x,1178
52474,lstick_x,1178
52481,lstick_x,1178
52492,lstick_x,1178
52497,lstick_x,1178
52506,lstick_x,1178
52512,lstick_x,1178
52531,lstick_x,1178
52537,lstick_x,1178
52546,lstick_x,1178
52551,lstick_x,1178
52560,lstick_x,1178
52568,lstick_x,1178
52576,lstick_x,1178
52584,lstick_x,1178
52590,lstick_x,1178
52594,lstick_x,1178
52600,lstick_x,1178
52611,lstick_x,1178
52621,lstick_x,1178
52625,lstick_x,1178
52679,lstick_x,1178
52690,lstick_x,1178
52710,lstick_x,1178
52716,lstick_x,1178
52720,lstick_x,1178
52723,lstick_x,1178
52728,lstick_x,1178
52741,lstick_x,1178
52745,lstick_x,1178
52752,lstick_x,1178
52762,lstick_x,1178
52764,lstick_x,1178
52768,lstick_x,1178
52776,lstick_x,1178
52784,lstick_x,1178
52792,lstick_x,1178
52799,lstick_x,1178
52804,lstick_x,1178
52812,lstick_x,1178
52823,lstick_x,1178
52832,lstick_x,1178
52859,lstick_x,1178
52873,lstick_x,1178
52889,lstick_x,1178
52894,lstick_x,1178
52898,lstick_x,1178
52904,lstick_x,1178
52916,lstick_x,1178
52920,lstick_x,1178
52928,lstick_x,1178
52936,lstick_x,1178
52941,lstick_x,1178
52944,lstick_x,1178
52953,lstick_x,1178
52963,lstick_x,1178
52973,lstick_x,1178
52976,lstick_x,1178
52989,lstick_x,1178
53034,lstick_x,1178
53040,lstick_x,1178
53057,lstick_x,1178
53066,lstick_x,1178
53073,lstick_x,1178
53078,lstick_x,1178
53091,lstick_x,1178
53096,lstick_x,1178
53108,lstick_x,1178
53114,lstick_x,1178
53121,lstick_x,1178
53124,lstick_x,1178
53128,lstick_x,1178
53131,lstick_x,1178
53136,lstick_x,1178
53146,lstick_x,1178
53152,lstick_x,1178
53160,lstick_x,1178
53168,lstick_x,1178
53181,lstick_x,1178
53184,lstick_x,1178
53199,lstick_x,1178
53213,lstick_x,1178
53225,lstick_x,1178
53250,lstick_x,1178
53257,lstick_x,1178
53264,lstick_x,1178
53273,lstick_x,1178
53281,lstick_x,1178
53288,lstick_x,1178
53296,lstick_x,1178
53304,lstick_x,1178
53312,lstick_x,1178
53326,lstick_x,1178
53330,lstick_x,1178
53332,lstick_x,1178
53354,lstick_x,1178
53366,lstick_x,1178
53369,lstick_x,1178
53384,lstick_x,1178
53407,lstick_x,1178
53410,lstick_x,1178
53417,lstick_x,1178
53424,lstick_x,1178
53429,lstick_x,1178
53432,lstick_x,1178
53440,lstick_x,1178
53449,lstick_x,1178
53456,lstick_x,1178
53463,lstick_x,1178
53467,lstick_x,1178
53472,lstick_x,1178
53482,lstick_x,1178
53491,lstick_x,1178
53500,lstick_x,1178
53510,lstick_x,1178
53530,lstick_x,1178
53539,lstick_x,1178
53568,lstick_x,1178
53575,lstick_x,1178
53580,lstick_x,1178
53584,lstick_x,1178
53595,lstick_x,1178
53601,lstick_x,1178
53608,lstick_x,1178
53611,lstick_x,1178
53616,lstick_x,1178
53622,lstick_x,1178
53627,lstick_x,1178
53634,lstick_x,1178
53642,lstick_x,1178
53648,lstick_x,1178
53659,lstick_x,1178
53681,lstick_x,1178
53699,lstick_x,1178
53717,lstick_x,1178
53723,lstick_x,1178
53728,lstick_x,1178
53736,lstick_x,1178
53744,lstick_x,1178
53752,lstick_x,1178
53760,lstick_x,1178
53768,lstick_x,1178
53774,lstick_x,1178
53794,lstick_x,1178
53800,lstick_x,1178
53807,lstick_x,1178
53826,lstick_x,1178
53847,lstick_x,1178
53850,lstick_x,1178
53861,lstick_x,1178
53880,lstick_x,1178
53887,lstick_x,1178
53902,lstick_x,1178
53906,lstick_x,1178
53912,lstick_x,1178
53920,lstick_x,1178
53925,lstick_x,1178
53930,lstick_x,1178
53937,lstick_x,1178
53945,lstick_x,1178
53952,lstick_x,1178
53960,lstick_x,1178
53973,lstick_x,1178
53993,lstick_x,1178
54016,lstick_x,1178
54030,lstick_x,1178
54033,lstick_x,1178
54040,lstick_x,1178
54053,lstick_x,1178
54056,lstick_x,1178
54065,lstick_x,1178
54072,lstick_x,1178
54080,lstick_x,1178
54088,lstick_x,1178
54097,lstick_x,1178
54106,lstick_x,1178
54118,lstick_x,1178
54128,lstick_x,1178
54144,lstick_x,1178
54157,lstick_x,1178
54160,lstick_x,1178
54175,lstick_x,1178
54180,lstick_x,1178
54185,lstick_x,1178
54189,lstick_x,1178
54192,lstick_x,1178
54200,lstick_x,1178
54208,lstick_x,1178
54216,lstick_x,1178
54224,lstick_x,1178
54229,lstick_x,1178
54232,lstick_x,1178
54239,lstick_x,1178
54242,lstick_x,1178
54245,lstick_x,1178
54248,lstick_x,1178
54251,lstick_x,1178
54255,lstick_x,1178
54263,lstick_x,1178
54272,lstick_x,1178
54289,lstick_x,1178
54295,lstick_x,1178
54315,lstick_x,1178
54393,lstick_x,1178
54400,lstick_x,1178
54410,lstick_x,1178
54414,lstick_x,1178
54445,lstick_x,1178
54452,lstick_x,1178
54457,lstick_x,1178
54460,lstick_x,1178
54464,lstick_x,1178
54472,lstick_x,1178
54480,lstick_x,1178
54491,lstick_x,1178
54497,lstick_x,1178
54508,lstick_x,1178
54514,lstick_x,1178
54520,lstick_x,1178
54528,lstick_x,1178
54536,lstick_x,1178
54545,lstick_x,1178
54550,lstick_x,1178
54554,lstick_x,1178
54557,lstick_x,1178
54567,lstick_x,1178
54591,lstick_x,1178
54600,lstick_x,1178
54610,lstick_x,1178
54628,lstick_x,1178
54656,lstick_x,1178
54683,lstick_x,1178
54688,lstick_x,1178
54698,lstick_x,1178
54702,lstick_x,1178
54707,lstick_x,1178
54717,lstick_x,1178
54719,lstick_x,1178
54725,lstick_x,1178
54728,lstick_x,1178
54736,lstick_x,1178
54746,lstick_x,1178
54749,lstick_x,1178
54752,lstick_x,1178
54756,lstick_x,1178
54759,lstick_x,1178
54770,lstick_x,1178
54776,lstick_x,1178
54786,lstick_x,1178
54791,lstick_x,1178
54794,lstick_x,1178
54817,lstick_x,1178
54824,lstick_x,1178
54832,lstick_x,1178
54843,lstick_x,1178
54849,lstick_x,1178
54866,lstick_x,1178
54882,lstick_x,1178
54888,lstick_x,1178
54895,lstick_x,1178
54906,lstick_x,1178
54915,lstick_x,1178
54920,lstick_x,1178
54923,lstick_x,1178
54928,lstick_x,1178
54936,lstick_x,1178
54939,lstick_x,1178
54942,lstick_x,1178
54946,lstick_x,1178
54952,lstick_x,1178
54964,lstick_x,1178
54971,lstick_x,1178
54983,lstick_x,1178
54987,lstick_x,1178
55019,lstick_x,1178
55024,lstick_x,1178
55040,lstick_x,1178
55050,lstick_x,1178
55057,lstick_x,1178
55067,lstick_x,1178
55077,lstick_x,1178
55083,lstick_x,1178
55086,lstick_x,1178
55090,lstick_x,1178
55096,lstick_x,1178
55104,lstick_x,1178
55109,lstick_x,1178
55112,lstick_x,1178
55115,lstick_x,1178
55120,lstick_x,1178
55125,lstick_x,1178
55128,lstick_x,1178
55136,lstick_x,1178
55140,lstick_x,1178
55146,lstick_x,1178
55152,lstick_x,1178
55164,lstick_x,1178
55174,lstick_x,1178
55190,lstick_x,1178
55196,lstick_x,1178
55210,lstick_x,1178
55230,lstick_x,1178
55243,lstick_x,1178
55258,lstick_x,1178
55267,lstick_x,1178
55272,lstick_x,1178
55280,lstick_x,1178
55289,lstick_x,1178
55297,lstick_x,1178
55304,lstick_x,1178
55312,lstick_x,1178
55316,lstick_x,1178
55320,lstick_x,1178
55323,lstick_x,1178
55325,lstick_x,1178
55329,lstick_x,1178
55338,lstick_x,1178
55345,lstick_x,1178
55353,lstick_x,1178
55362,lstick_x,1178
55386,lstick_x,1178
55397,lstick_x,1178
55400,lstick_x,1178
55416,lstick_x,1178
55451,lstick_x,1178
55458,rtrigger,22111
55458,lstick_x,1178
55462,rtrigger,32767
55462,lstick_x,1178
55465,rtrigger,32767
55465,lstick_x,1178
55469,rtrigger,32767
55469,lstick_x,1178
55473,rtrigger,32767
55473,lstick_x,1178
55481,rtrigger,32767
55481,lstick_x,1178
55489,rtrigger,32767
55489,lstick_x,1178
55496,rtrigger,32767
55496,lstick_x,1178
55504,rtrigger,32767
55504,lstick_x,1178
55511,rtrigger,32767
55511,lstick_x,1178
55515,rtrigger,32767
55515,lstick_x,1178
55526,rtrigger,32767
55526,lstick_x,1178
55535,rtrigger,32767
55535,lstick_x,1178
55540,rtrigger,32767
55540,lstick_x,1178
55544,rtrigger,32767
55544,lstick_x,1178
55554,rtrigger,32767
55554,lstick_x,1178
55576,rtrigger,32767
55576,lstick_x,1178
55584,rtrigger,32767
55584,lstick_x,1178
55596,rtrigger,32767
55596,lstick_x,1178
55606,rtrigger,32767
55606,lstick_x,1178
55630,rtrigger,32767
55630,lstick_x,1178
55637,rtrigger,32767
55637,lstick_x,1178
55642,rtrigger,32767
55642,lstick_x,1178
55648,rtrigger,32767
55648,lstick_x,1178
55658,rtrigger,32767
55658,lstick_x,1178
55664,rtrigger,32767
55664,lstick_x,1178
55669,rtrigger,32767
55669,lstick_x,1178
55674,rtrigger,32767
55674,lstick_x,1178
55680,rtrigger,32767
55680,lstick_x,1178
55688,rtrigger,32767
55688,lstick_x,1178
55691,rtrigger,32767
55691,lstick_x,1178
55695,rtrigger,32767
55695,lstick_x,1178
55706,rtrigger,32767
55706,lstick_x,1178
55714,rtrigger,32767
55714,lstick_x,1178
55729,rtrigger,32767
55729,lstick_x,1178
55734,rtrigger,32767
55734,lstick_x,1178
55759,rtrigger,32767
55759,lstick_x,1178
55787,rtrigger,32767
55787,lstick_x,1178
55807,rtrigger,32767
55807,lstick_x,1178
55811,rtrigger,32767
55811,lstick_x,1178
55819,rtrigger,32767
55819,lstick_x,1178
55824,rtrigger,32767
55824,lstick_x,1178
55827,rtrigger,32767
55827,lstick_x,1178
55831,rtrigger,32767
55831,lstick_x,1178
55840,rtrigger,32767
55840,lstick_x,1178
55848,rtrigger,32767
55848,lstick_x,1178
55856,rtrigger,32767
55856,lstick_x,1178
55864,rtrigger,32767
55864,lstick_x,1178
55872,rtrigger,32767
55872,lstick_x,1178
55880,rtrigger,32767
55880,lstick_x,1178
55889,rtrigger,32767
55889,lstick_x,1178
55896,rtrigger,32767
55896,lstick_x,1178
55904,rtrigger,32767
55904,lstick_x,1178
55907,rtrigger,32767
55907,lstick_x,1178
55926,rtrigger,32767
55926,lstick_x,1178
55932,rtrigger,32767
55932,lstick_x,1178
55940,rtrigger,32767
55940,lstick_x,1178
55945,rtrigger,32767
55945,lstick_x,1178
55959,rtrigger,32767
55959,lstick_x,1178
55989,rtrigger,32767
55989,lstick_x,1178
55993,rtrigger,32767
55993,lstick_x,1178
56000,rtrigger,32767
56000,lstick_x,1178
56002,rtrigger,32767
56002,lstick_x,1178
56006,rtrigger,32767
56006,lstick_x,1178
56016,rtrigger,32767
56016,lstick_x,1178
56024,rtrigger,32767
56024,lstick_x,1178
56032,rtrigger,32767
56032,lstick_x,1178
56041,rtrigger,32767
56041,lstick_x,1178
56047,rtrigger,32767
56047,lstick_x,1178
56059,rtrigger,32767
56059,lstick_x,1178
56064,rtrigger,32767
56064,lstick_x,1178
56079,rtrigger,32767
56079,lstick_x,1178
56082,rtrigger,32767
56082,lstick_x,1178
56087,rtrigger,32767
56087,lstick_x,1178
56090,rtrigger,32767
56090,lstick_x,1178
56163,rtrigger,32767
56163,lstick_x,1178
56169,rtrigger,32767
56169,lstick_x,1178
56177,rtrigger,32767
56177,lstick_x,1178
56183,rtrigger,32767
56183,lstick_x,1178
56195,rtrigger,32767
56195,lstick_x,1178
56200,rtrigger,32767
56200,lstick_x,1178
56207,rtrigger,32767
56207,lstick_x,1178
56216,rtrigger,32767
56216,lstick_x,1178
56223,rtrigger,32767
56223,lstick_x,1178
56226,rtrigger,32767
56226,lstick_x,1178
56230,rtrigger,32767
56230,lstick_x,1178
56233,rtrigger,32767
56233,lstick_x,1178
56246,rtrigger,32767
56246,lstick_x,1178
56251,rtrigger,32767
56251,lstick_x,1178
56264,rtrigger,32767
56264,lstick_x,1178
56267,rtrigger,32767
56267,lstick_x,1178
56318,rtrigger,32767
56318,lstick_x,1178
56324,rtrigger,32767
56324,lstick_x,1178
56339,rtrigger,32767
56339,lstick_x,1178
56352,rtrigger,32767
56352,lstick_x,1178
56360,rtrigger,32767
56360,lstick_x,1178
56365,rtrigger,32767
56365,lstick_x,1178
56368,rtrigger,32767
56368,lstick_x,1178
56372,rtrigger,32767
56372,lstick_x,1178
56376,rtrigger,32767
56376,lstick_x,1178
56384,rtrigger,32767
56384,lstick_x,1178
56391,rtrigger,32767
56391,lstick_x,1178
56400,rtrigger,32767
56400,lstick_x,1178
56408,rtrigger,32767
56408,lstick_x,1178
56416,rtrigger,32767
56416,lstick_x,1178
56422,rtrigger,32767
56422,lstick_x,1178
56425,rtrigger,32767
56425,lstick_x,1178
56433,rtrigger,32767
56433,lstick_x,1178
56440,rtrigger,32767
56440,lstick_x,1178
56453,rtrigger,32767
56453,lstick_x,1178
56458,rtrigger,32767
56458,lstick_x,1178
56463,rtrigger,32767
56463,lstick_x,1178
56487,rtrigger,32767
56487,lstick_x,1178
56494,rtrigger,32767
56494,lstick_x,1178
56497,rtrigger,32767
56497,lstick_x,1178
56524,rtrigger,32767
56524,lstick_x,1178
56536,rtrigger,32767
56536,lstick_x,1178
56544,rtrigger,32767
56544,lstick_x,1178
56555,rtrigger,32767
56555,lstick_x,1178
56558,rtrigger,32767
56558,lstick_x,1178
56561,rtrigger,32767
56561,lstick_x,1178
56568,rtrigger,32767
56568,lstick_x,1178
56576,rtrigger,32767
56576,lstick_x,1178
56587,rtrigger,32767
56587,lstick_x,1178
56592,rtrigger,32767
56592,lstick_x,1178
56600,rtrigger,32767
56600,lstick_x,1178
56607,rtrigger,32767
56607,lstick_x,1178
56616,rtrigger,32767
56616,lstick_x,1178
56627,rtrigger,32767
56627,lstick_x,1178
56636,rtrigger,32767
56636,lstick_x,1178
56639,rtrigger,32767
56639,lstick_x,1178
56650,rtrigger,32767
56650,lstick_x,1178
56667,rtrigger,32767
56667,lstick_x,1178
56687,rtrigger,32767
56687,lstick_x,1178
56731,rtrigger,32767
56731,lstick_x,1178
56734,rtrigger,32767
56734,lstick_x,1178
56737,rtrigger,32767
56737,lstick_x,1178
56744,rtrigger,32767
56744,lstick_x,1178
56755,rtrigger,32767
56755,lstick_x,1178
56760,rtrigger,32767
56760,lstick_x,1178
56768,rtrigger,32767
56768,lstick_x,1178
56776,rtrigger,32767
56776,lstick_x,1178
56783,rtrigger,32767
56783,lstick_x,1178
56792,rtrigger,32767
56792,lstick_x,1178
56803,rtrigger,32767
56803,lstick_x,1178
56814,rtrigger,32767
56814,lstick_x,1178
56820,rtrigger,32767
56820,lstick_x,1178
56842,rtrigger,32767
56842,lstick_x,1178
56854,rtrigger,32767
56854,lstick_x,1178
56857,rtrigger,32767
56857,lstick_x,1178
56865,rtrigger,32767
56865,lstick_x,1178
56909,rtrigger,32767
56909,lstick_x,1178
56911,rtrigger,32767
56911,lstick_x,1178
56918,rtrigger,32767
56918,lstick_x,1178
56930,rtrigger,32767
56930,lstick_x,1178
56936,rtrigger,32767
56936,lstick_x,1178
56944,rtrigger,32767
56944,lstick_x,1178
56952,rtrigger,32767
56952,lstick_x,1178
56959,rtrigger,32767
56959,lstick_x,1178
56962,rtrigger,32767
56962,lstick_x,1178
56969,rtrigger,32767
56969,lstick_x,1178
56976,rtrigger,32767
56976,lstick_x,1178
56989,rtrigger,32767
56989,lstick_x,1178
56997,rtrigger,32767
56997,lstick_x,1178
57022,rtrigger,32767
57022,lstick_x,1178
57044,rtrigger,32767
57044,lstick_x,1178
57050,rtrigger,32767
57050,lstick_x,1178
57059,rtrigger,32767
57059,lstick_x,1178
57077,rtrigger,32767
57077,lstick_x,1178
57081,rtrigger,32767
57081,lstick_x,1178
57088,rtrigger,32767
57088,lstick_x,1178
57094,rtrigger,32767
57094,lstick_x,1178
57096,rtrigger,32767
57096,lstick_x,1178
57107,rtrigger,32767
57107,lstick_x,1178
57112,rtrigger,32767
57112,lstick_x,1178
57120,rtrigger,32767
57120,lstick_x,1178
57128,rtrigger,32767
57128,lstick_x,1178
57133,rtrigger,32767
57133,lstick_x,1178
57136,rtrigger,32767
57136,lstick_x,1178
57144,rtrigger,32767
57144,lstick_x,1178
57154,rtrigger,32767
57154,lstick_x,1178
57162,rtrigger,32767
57162,lstick_x,1178
57177,rtrigger,32767
57177,lstick_x,1178
57184,rtrigger,32767
57184,lstick_x,1178
57199,rtrigger,32767
57199,lstick_x,1178
57216,rtrigger,32767
57216,lstick_x,1178
57229,rtrigger,32767
57229,lstick_x,1178
57246,rtrigger,32767
57246,lstick_x,1178
57257,rtrigger,32767
57257,lstick_x,1178
57260,rtrigger,32767
57260,lstick_x,1178
57264,rtrigger,32767
57264,lstick_x,1178
57272,rtrigger,32767
57272,lstick_x,1178
57280,rtrigger,32767
57280,lstick_x,1178
57289,rtrigger,32767
57289,lstick_x,1178
57297,rtrigger,32767
57297,lstick_x,1178
57304,rtrigger,32767
57304,lstick_x,1178
57307,rtrigger,32767
57307,lstick_x,1178
57310,rtrigger,32767
57310,lstick_x,1178
57316,rtrigger,32767
57316,lstick_x,1178
57322,rtrigger,32767
57322,lstick_x,1178
57328,rtrigger,32767
57328,lstick_x,1178
57341,rtrigger,32767
57341,lstick_x,1178
57344,rtrigger,32767
57344,lstick_x,1178
57352,rtrigger,32767
57352,lstick_x,1178
57361,rtrigger,32767
57361,lstick_x,1178
57378,rtrigger,32767
57378,lstick_x,1178
57396,rtrigger,32767
57396,lstick_x,1178
57400,rtrigger,32767
57400,lstick_x,1178
57421,rtrigger,32767
57421,lstick_x,1178
57425,rtrigger,32767
57425,lstick_x,1178
57434,rtrigger,32767
57434,lstick_x,1178
57442,rtrigger,32767
57442,lstick_x,1178
57449,rtrigger,32767
57449,lstick_x,1178
57460,rtrigger,32767
57460,lstick_x,1178
57464,rtrigger,32767
57464,lstick_x,1178
57472,rtrigger,32767
57472,lstick_x,1178
57480,rtrigger,32767
57480,lstick_x,1178
57483,rtrigger,32767
57483,lstick_x,1178
57486,rtrigger,32767
57486,lstick_x,1178
57490,rtrigger,32767
57490,lstick_x,1178
57496,rtrigger,32767
57496,lstick_x,1178
57515,rtrigger,32767
57515,lstick_x,1178
57520,rtrigger,32767
57520,lstick_x,1178
57523,rtrigger,32767
57523,lstick_x,1178
57528,rtrigger,32767
57528,lstick_x,1178
57547,rtrigger,32767
57547,lstick_x,1178
57555,rtrigger,32767
57555,lstick_x,1178
57564,rtrigger,32767
57564,lstick_x,1178
57569,rtrigger,32767
57569,lstick_x,1178
57576,rtrigger,32767
57576,lstick_x,1178
57584,rtrigger,32767
57584,lstick_x,1178
57597,rtrigger,32767
57597,lstick_x,1178
57602,rtrigger,32767
57602,lstick_x,1178
57610,rtrigger,32767
57610,lstick_x,1178
57616,rtrigger,32767
57616,lstick_x,1178
57623,rtrigger,32767
57623,lstick_x,1178
57627,rtrigger,32767
57627,lstick_x,1178
57633,rtrigger,32767
57633,lstick_x,1178
57641,rtrigger,32767
57641,lstick_x,1178
57648,rtrigger,32767
57648,lstick_x,1178
57656,rtrigger,32767
57656,lstick_x,1178
57662,rtrigger,32767
57662,lstick_x,1178
57665,rtrigger,32767
57665,lstick_x,1178
57672,rtrigger,32767
57672,lstick_x,1178
57680,rtrigger,32767
57680,lstick_x,1178
57688,rtrigger,32767
57688,lstick_x,1178
57698,rtrigger,32767
57698,lstick_x,1178
57708,rtrigger,32767
57708,lstick_x,1178
57727,rtrigger,32767
57727,lstick_x,1178
57757,rtrigger,32767
57757,lstick_x,1178
57764,rtrigger,32767
57764,lstick_x,1178
57770,rtrigger,32767
57770,lstick_x,1178
57776,rtrigger,32767
57776,lstick_x,1178
57784,rtrigger,32767
57784,lstick_x,1178
57792,rtrigger,32767
57792,lstick_x,1178
57798,rtrigger,32767
57798,lstick_x,1178
57802,rtrigger,32767
57802,lstick_x,1178
57808,rtrigger,32767
57808,lstick_x,1178
57816,rtrigger,32767
57816,lstick_x,1178
57823,rtrigger,32767
57823,lstick_x,1178
57833,rtrigger,32767
57833,lstick_x,1178
57859,rtrigger,32767
57859,lstick_x,1178
57864,rtrigger,32767
57864,lstick_x,1178
57874,rtrigger,32767
57874,lstick_x,1178
57880,rtrigger,32767
57880,lstick_x,1178
57890,rtrigger,32767
57890,lstick_x,1178
57896,rtrigger,32767
57896,lstick_x,1178
57900,rtrigger,32767
57900,lstick_x,1178
57904,rtrigger,32767
57904,lstick_x,1178
57914,rtrigger,32767
57914,lstick_x,1178
57945,rtrigger,32767
57945,lstick_x,1178
57959,rtrigger,32767
57959,lstick_x,1178
57973,rtrigger,32767
57973,lstick_x,1178
57982,rtrigger,32767
57982,lstick_x,1178
57990,rtrigger,32767
57990,lstick_x,1178
57993,rtrigger,32767
57993,lstick_x,1178
58007,rtrigger,32767
58007,lstick_x,1178
58016,rtrigger,32767
58016,lstick_x,1178
58025,rtrigger,32767
58025,lstick_x,1178
58276,rtrigger,32767
58276,lstick_x,1178
58298,rtrigger,32767
58298,lstick_x,1178
58528,rtrigger,32767
58528,lstick_x,1178
58538,rtrigger,32767
58538,lstick_x,1178
58541,rtrigger,32767
58541,lstick_x,1178
58544,rtrigger,32767
58544,lstick_x,1178
58549,rtrigger,32767
58549,lstick_x,1178
58553,rtrigger,32767
58553,lstick_x,1178
58560,rtrigger,32767
58560,lstick_x,1178
58570,rtrigger,32767
58570,lstick_x,1178
58582,rtrigger,32767
58582,lstick_x,1178
58591,rtrigger,32767
58591,lstick_x,1178
58600,rtrigger,32767
58600,lstick_x,1178
58609,rtrigger,32767
58609,lstick_x,1178
58623,rtrigger,32767
58623,lstick_x,1178
58634,rtrigger,32767
58634,lstick_x,1178
58640,rtrigger,32767
58640,lstick_x,1178
58650,rtrigger,32767
58650,lstick_x,1178
58665,rtrigger,32767
58665,lstick_x,1178
58680,rtrigger,32767
58680,lstick_x,1178
58689,rtrigger,32767
58689,lstick_x,1178
58700,rtrigger,32767
58700,lstick_x,1178
58704,rtrigger,32767
58704,lstick_x,1178
58715,rtrigger,32767
58715,lstick_x,1178
58720,rtrigger,32767
58720,lstick_x,1178
58728,rtrigger,32767
58728,lstick_x,1178
58784,rtrigger,32767
58784,lstick_x,1178
58792,rtrigger,32767
58792,lstick_x,1178
58797,rtrigger,32767
58797,lstick_x,1178
58800,rtrigger,32767
58800,lstick_x,1178
58810,rtrigger,32767
58810,lstick_x,1178
58820,rtrigger,32767
58820,lstick_x,1178
58824,rtrigger,32767
58824,lstick_x,1178
58832,rtrigger,32767
58832,lstick_x,1178
58868,rtrigger,32767
58868,lstick_x,1178
58887,rtrigger,32767
58887,lstick_x,1178
58896,rtrigger,32767
58896,lstick_x,1178
58916,rtrigger,32767
58916,lstick_x,1178
58921,rtrigger,32767
58921,lstick_x,1178
58928,rtrigger,32767
58928,lstick_x,1178
58933,rtrigger,32767
58933,lstick_x,1178
58937,rtrigger,32767
58937,lstick_x,1178
58941,rtrigger,32767
58941,lstick_x,1178
58949,rtrigger,32767
58949,lstick_x,1178
58952,rtrigger,32767
58952,lstick_x,1178
58960,rtrigger,32767
58960,lstick_x,1178
58968,rtrigger,32767
58968,lstick_x,1178
59036,rtrigger,32767
59036,lstick_x,1178
59040,rtrigger,32767
59040,lstick_x,1178
59044,rtrigger,32767
59044,lstick_x,1178
59049,rtrigger,32767
59049,lstick_x,1178
59056,rtrigger,32767
59056,lstick_x,1178
59067,rtrigger,32767
59067,lstick_x,1178
59072,rtrigger,32767
59072,lstick_x,1178
59078,rtrigger,32767
59078,lstick_x,1178
59088,rtrigger,32767
59088,lstick_x,1178
59099,rtrigger,32767
59099,lstick_x,1178
59104,rtrigger,32767
59104,lstick_x,1178
59136,rtrigger,32767
59136,lstick_x,1178
59169,rtrigger,32767
59169,lstick_x,1178
59174,rtrigger,32767
59174,lstick_x,1178
59180,rtrigger,32767
59180,lstick_x,1178
59184,rtrigger,32767
59184,lstick_x,1178
59192,rtrigger,32767
59192,lstick_x,1178
59200,rtrigger,32767
59200,lstick_x,1178
59210,rtrigger,32767
59210,lstick_x,1178
59216,rtrigger,32767
59216,lstick_x,1178
59222,rtrigger,32767
59222,lstick_x,1178
59225,rtrigger,32767
59225,lstick_x,1178
59232,rtrigger,32767
59232,lstick_x,1178
59240,rtrigger,32767
59240,lstick_x,1178
59248,rtrigger,32767
59248,lstick_x,1178
59258,rtrigger,32767
59258,lstick_x,1178
59261,rtrigger,32767
59261,lstick_x,1178
59264,rtrigger,32767
59264,lstick_x,1178
59285,rtrigger,32767
59285,lstick_x,1178
59289,rtrigger,32767
59289,lstick_x,1178
59314,rtrigger,32767
59314,lstick_x,1178
59329,rtrigger,32767
59329,lstick_x,1178
59342,rtrigger,32767
59342,lstick_x,1178
59346,rtrigger,32767
59346,lstick_x,1178
59352,rtrigger,32767
59352,lstick_x,1178
59473,rtrigger,32767
59473,lstick_x,1178
59477,rtrigger,32767
59477,lstick_x,1178
59480,rtrigger,32767
59480,lstick_x,1178
59490,rtrigger,32767
59490,lstick_x,1178
59498,rtrigger,32767
59498,lstick_x,1178
59504,rtrigger,32767
59504,lstick_x,1178
59512,rtrigger,32767
59512,lstick_x,1178
59520,rtrigger,32767
59520,lstick_x,1178
59523,rtrigger,32767
59523,lstick_x,1178
59528,rtrigger,32767
59528,lstick_x,1178
59536,rtrigger,32767
59536,lstick_x,1178
59544,rtrigger,32767
59544,lstick_x,1178
59553,rtrigger,32767
59553,lstick_x,1178
59557,rtrigger,32767
59557,lstick_x,1178
59578,rtrigger,32767
59578,lstick_x,1178
59593,rtrigger,32767
59593,lstick_x,1178
59614,rtrigger,32767
59614,lstick_x,1178
59618,rtrigger,32767
59618,lstick_x,1178
59627,rtrigger,32767
59627,lstick_x,1178
59632,rtrigger,32767
59632,lstick_x,1178
59641,rtrigger,32767
59641,lstick_x,1178
59648,rtrigger,32767
59648,lstick_x,1178
59657,rtrigger,32767
59657,lstick_x,1178
59664,rtrigger,32767
59664,lstick_x,1178
59673,rtrigger,32767
59673,lstick_x,1178
59680,rtrigger,32767
59680,lstick_x,1178
59688,rtrigger,32767
59688,lstick_x,1178
59696,rtrigger,32767
59696,lstick_x,1178
59704,rtrigger,32767
59704,lstick_x,1178
59715,rtrigger,32767
59715,lstick_x,1178
59721,rtrigger,32767
59721,lstick_x,1178
59731,rtrigger,32767
59731,lstick_x,1178
59736,rtrigger,32767
59736,lstick_x,1178
59766,rtrigger,32767
59766,lstick_x,1178
59776,rtrigger,32767
59776,lstick_x,1178
59790,rtrigger,32767
59790,lstick_x,1178
59805,rtrigger,32767
59805,lstick_x,1178
59819,rtrigger,32767
59819,lstick_x,1178
59825,rtrigger,32767
59825,lstick_x,1178
59828,rtrigger,32767
59828,lstick_x,1178
59832,rtrigger,32767
59832,lstick_x,1178
59842,rtrigger,32767
59842,lstick_x,1178
59850,rtrigger,32767
59850,lstick_x,1178
59857,rtrigger,32767
59857,lstick_x,1178
59864,rtrigger,32767
59864,lstick_x,1178
59868,rtrigger,32767
59868,lstick_x,1178
59873,rtrigger,32767
59873,lstick_x,1178
59878,rtrigger,32767
59878,lstick_x,1178
59881,rtrigger,32767
59881,lstick_x,1178
59884,rtrigger,32767
59884,lstick_x,1178
59890,rtrigger,32767
59890,lstick_x,1178
59897,rtrigger,32767
59897,lstick_x,1178
59909,rtrigger,32767
59909,lstick_x,1178
59918,rtrigger,32767
59918,lstick_x,1178
59930,rtrigger,32767
59930,lstick_x,1178
59955,rtrigger,32767
59955,lstick_x,1178
59971,rtrigger,32767
59971,lstick_x,1178
60002,rtrigger,32767
60002,lstick_x,1178
60013,rtrigger,32767
60013,lstick_x,1178
60017,rtrigger,32767
60017,lstick_x,1178
60023,rtrigger,32767
60023,lstick_x,1178
60032,rtrigger,32767
60032,lstick_x,1178
60041,rtrigger,32767
60041,lstick_x,1178
60048,rtrigger,32767
60048,lstick_x,1178
60055,rtrigger,32767
60055,lstick_x,1178
60061,rtrigger,32767
60061,lstick_x,1178
60064,rtrigger,32767
60064,lstick_x,1178
60073,rtrigger,32767
60073,lstick_x,1178
60082,rtrigger,32767
60082,lstick_x,1178
60095,rtrigger,32767
60095,lstick_x,1178
60104,rtrigger,32767
60104,lstick_x,1178
60131,rtrigger,32767
60131,lstick_x,1178
60143,rtrigger,32767
60143,lstick_x,1178
60158,rtrigger,32767
60158,lstick_x,1178
60188,rtrigger,32767
60188,lstick_x,1178
60193,rtrigger,32767
60193,lstick_x,1178
60200,rtrigger,32767
60200,lstick_x,1178
60212,rtrigger,32767
60212,lstick_x,1178
60216,rtrigger,32767
60216,lstick_x,1178
60223,rtrigger,32767
60223,lstick_x,1178
60227,rtrigger,32767
60227,lstick_x,1178
60232,rtrigger,32767
60232,lstick_x,1178
60240,rtrigger,32767
60240,lstick_x,1178
60248,rtrigger,32767
60248,lstick_x,1178
60256,rtrigger,32767
60256,lstick_x,1178
60259,rtrigger,32767
60259,lstick_x,1178
60263,rtrigger,32767
60263,lstick_x,1178
60265,rtrigger,32767
60265,lstick_x,1178
60275,rtrigger,32767
60275,lstick_x,1178
60283,rtrigger,32767
60283,lstick_x,1178
60289,rtrigger,32767
60289,lstick_x,1178
60297,rtrigger,32767
60297,lstick_x,1178
60302,rtrigger,32767
60302,lstick_x,1178
60314,rtrigger,32767
60314,lstick_x,1178
60330,rtrigger,32767
60330,lstick_x,1178
60353,rtrigger,32767
60353,lstick_x,1178
60360,rtrigger,32767
60360,lstick_x,1178
60382,rtrigger,32767
60382,lstick_x,1178
60389,rtrigger,32767
60389,lstick_x,1178
60393,rtrigger,32767
60393,lstick_x,1178
60398,rtrigger,32767
60398,lstick_x,1178
60408,rtrigger,32767
60408,lstick_x,1178
60417,rtrigger,32767
60417,lstick_x,1178
60424,rtrigger,32767
60424,lstick_x,1178
60432,rtrigger,32767
60432,lstick_x,1178
60439,rtrigger,32767
60439,lstick_x,1178
60443,rtrigger,32767
60443,lstick_x,1178
60449,rtrigger,32767
60449,lstick_x,1178
60458,rtrigger,32767
60458,lstick_x,1178
60466,rtrigger,32767
60466,lstick_x,1178
60473,rtrigger,32767
60473,lstick_x,1178
60477,rtrigger,32767
60477,lstick_x,1178
60480,rtrigger,32767
60480,lstick_x,1178
60501,rtrigger,32767
60501,lstick_x,1178
60504,rtrigger,32767
60504,lstick_x,1178
60524,rtrigger,32767
60524,lstick_x,1178
60540,rtrigger,32767
60540,lstick_x,1178
60559,rtrigger,32767
60559,lstick_x,1178
60568,rtrigger,32767
60568,lstick_x,1178
60573,rtrigger,32767
60573,lstick_x,1178
60576,rtrigger,32767
60576,lstick_x,1178
60586,rtrigger,32767
60586,lstick_x,1178
60592,rtrigger,32767
60592,lstick_x,1178
60599,rtrigger,32767
60599,lstick_x,1178
60608,rtrigger,32767
60608,lstick_x,1178
60616,rtrigger,32767
60616,lstick_x,1178
60625,rtrigger,32767
60625,lstick_x,1178
60629,rtrigger,32767
60629,lstick_x,1178
60632,rtrigger,32767
60632,lstick_x,1178
60640,rtrigger,32767
60640,lstick_x,1178
60643,rtrigger,32767
60643,lstick_x,1178
60649,rtrigger,32767
60649,lstick_x,1178
60661,rtrigger,32767
60661,lstick_x,1178
60664,rtrigger,32767
60664,lstick_x,1178
60673,rtrigger,32767
60673,lstick_x,1178
60694,rtrigger,32767
60694,lstick_x,1178
60698,rtrigger,32767
60698,lstick_x,1178
60718,rtrigger,32767
60718,lstick_x,1178
60725,rtrigger,32767
60725,lstick_x,1178
60729,rtrigger,32767
60729,lstick_x,1178
60740,rtrigger,32767
60740,lstick_x,1178
60760,rtrigger,32767
60760,lstick_x,1178
60768,rtrigger,32767
60768,lstick_x,1178
60774,rtrigger,32767
60774,lstick_x,1178
60784,rtrigger,32767
60784,lstick_x,1178
60794,rtrigger,32767
60794,lstick_x,1178
60800,rtrigger,32767
60800,lstick_x,1178
60808,rtrigger,32767
60808,lstick_x,1178
60818,rtrigger,32767
60818,lstick_x,1178
60825,rtrigger,32767
60825,lstick_x,1178
60832,rtrigger,32767
60832,lstick_x,1178
60841,rtrigger,32767
60841,lstick_x,1178
60848,rtrigger,32767
60848,lstick_x,1178
60869,rtrigger,32767
60869,lstick_x,1178
60879,rtrigger,32767
60879,lstick_x,1178
60908,rtrigger,32767
60908,lstick_x,1178
60925,rtrigger,32767
60925,lstick_x,1178
60934,rtrigger,32767
60934,lstick_x,1178
60938,rtrigger,32767
60938,lstick_x,1178
60944,rtrigger,32767
60944,lstick_x,1178
60949,rtrigger,32767
60949,lstick_x,1178
60952,rtrigger,32767
60952,lstick_x,1178
60965,rtrigger,32767
60965,lstick_x,1178
60971,rtrigger,32767
60971,lstick_x,1178
60977,rtrigger,32767
60977,lstick_x,1178
60980,rtrigger,32767
60980,lstick_x,1178
60984,rtrigger,32767
60984,lstick_x,1178
60992,rtrigger,32767
60992,lstick_x,1178
60995,rtrigger,32767
60995,lstick_x,1178
60999,rtrigger,32767
60999,lstick_x,1178
61006,rtrigger,32767
61006,lstick_x,1178
61010,rtrigger,32767
61010,lstick_x,1178
61016,rtrigger,32767
61016,lstick_x,1178
61028,rtrigger,32767
61028,lstick_x,1178
61035,rtrigger,32767
61035,lstick_x,1178
61043,rtrigger,32767
61043,lstick_x,1178
61048,rtrigger,32767
61048,lstick_x,1178
61079,rtrigger,32767
61079,lstick_x,1178
61091,rtrigger,32767
61091,lstick_x,1178
61098,rtrigger,32767
61098,lstick_x,1178
61109,rtrigger,32767
61109,lstick_x,1178
61112,rtrigger,32767
61112,lstick_x,1178
61127,rtrigger,32767
61127,lstick_x,1178
61131,rtrigger,32767
61131,lstick_x,1178
61135,rtrigger,32767
61135,lstick_x,1178
61141,rtrigger,32767
61141,lstick_x,1178
61147,rtrigger,32767
61147,lstick_x,1178
61156,rtrigger,32767
61156,lstick_x,1178
61160,rtrigger,32767
61160,lstick_x,1178
61168,rtrigger,32767
61168,lstick_x,1178
61173,rtrigger,32767
61173,lstick_x,1178
61176,rtrigger,32767
61176,lstick_x,1178
61180,rtrigger,32767
61180,lstick_x,1178
61184,rtrigger,32767
61184,lstick_x,1178
61190,rtrigger,32767
61190,lstick_x,1178
61194,rtrigger,32767
61194,lstick_x,1178
61209,rtrigger,32767
61209,lstick_x,1178
61216,rtrigger,32767
61216,lstick_x,1178
61221,rtrigger,32767
61221,lstick_x,1178
61224,rtrigger,32767
61224,lstick_x,1178
61246,rtrigger,32767
61246,lstick_x,1178
61275,rtrigger,32767
61275,lstick_x,1178
61296,rtrigger,32767
61296,lstick_x,1178
61308,rtrigger,32767
61308,lstick_x,1178
61311,rtrigger,32767
61311,lstick_x,1178
61316,rtrigger,32767
61316,lstick_x,1178
61321,rtrigger,32767
61321,lstick_x,1178
61328,rtrigger,32767
61328,lstick_x,1178
61340,rtrigger,32767
61340,lstick_x,1178
61343,rtrigger,32767
61343,lstick_x,1178
61351,rtrigger,32767
61351,lstick_x,1178
61360,rtrigger,32767
61360,lstick_x,1178
61368,rtrigger,32767
61368,lstick_x,1178
61373,rtrigger,32767
61373,lstick_x,1178
61376,rtrigger,32767
61376,lstick_x,1178
61379,rtrigger,32767
61379,lstick_x,1178
61387,rtrigger,32767
61387,lstick_x,1178
61399,rtrigger,32767
61399,lstick_x,1178
61413,rtrigger,32767
61413,lstick_x,1178
61418,rtrigger,32767
61418,lstick_x,1178
61426,rtrigger,32767
61426,lstick_x,1178
61432,rtrigger,32767
61432,lstick_x,1178
61458,rtrigger,32767
61458,lstick_x,1178
61469,rtrigger,32767
61469,lstick_x,1178
61488,rtrigger,32767
61488,lstick_x,1178
61498,rtrigger,32767
61498,lstick_x,1178
61504,rtrigger,32767
61504,lstick_x,1178
61513,rtrigger,32767
61513,lstick_x,1178
61516,rtrigger,32767
61516,lstick_x,1178
61520,rtrigger,32767
61520,lstick_x,1178
61528,rtrigger,32767
61528,lstick_x,1178
61537,rtrigger,32767
61537,lstick_x,1178
61546,rtrigger,32767
61546,lstick_x,1178
61553,rtrigger,32767
61553,lstick_x,1178
61559,rtrigger,32767
61559,lstick_x,1178
61562,rtrigger,32767
61562,lstick_x,1178
61569,rtrigger,32767
61569,lstick_x,1178
61582,rtrigger,32767
61582,lstick_x,1178
61591,rtrigger,32767
61591,lstick_x,1178
61594,rtrigger,32767
61594,lstick_x,1178
61619,rtrigger,32767
61619,lstick_x,1178
61646,rtrigger,32767
61646,lstick_x,1178
61649,rtrigger,32767
61649,lstick_x,1178
61656,rtrigger,32767
61656,lstick_x,1178
61675,rtrigger,32767
61675,lstick_x,1178
61680,rtrigger,32767
61680,lstick_x,1178
61689,rtrigger,32767
61689,lstick_x,1178
61696,rtrigger,32767
61696,lstick_x,1178
61707,rtrigger,32767
61707,lstick_x,1178
61711,rtrigger,32767
61711,lstick_x,1178
61722,rtrigger,32767
61722,lstick_x,1178
61729,rtrigger,32767
61729,lstick_x,1178
61736,rtrigger,32767
61736,lstick_x,1178
61739,rtrigger,32767
61739,lstick_x,1178
61743,rtrigger,32767
61743,lstick_x,1178
61746,rtrigger,32767
61746,lstick_x,1178
61750,rtrigger,32767
61750,lstick_x,1178
61753,rtrigger,32767
61753,lstick_x,1178
61763,rtrigger,32767
61763,lstick_x,1178
61768,rtrigger,32767
61768,lstick_x,1178
61776,rtrigger,32767
61776,lstick_x,1178
61784,rtrigger,32767
61784,lstick_x,1178
61790,rtrigger,32767
61790,lstick_x,1178
61808,rtrigger,32767
61808,lstick_x,1178
61816,rtrigger,32767
61816,lstick_x,1178
61824,rtrigger,32767
61824,lstick_x,1178
61854,rtrigger,32767
61854,lstick_x,1178
61866,rtrigger,32767
61866,lstick_x,1178
61872,rtrigger,32767
61872,lstick_x,1178
61880,rtrigger,32767
61880,lstick_x,1178
61884,rtrigger,32767
61884,lstick_x,1178
61891,rtrigger,32767
61891,lstick_x,1178
61896,rtrigger,32767
61896,lstick_x,1178
61906,rtrigger,32767
61906,lstick_x,1178
61912,rtrigger,32767
61912,lstick_x,1178
61920,rtrigger,32767
61920,lstick_x,1178
61927,rtrigger,32767
61927,lstick_x,1178
61934,rtrigger,32767
61934,lstick_x,1178
61947,rtrigger,32767
61947,lstick_x,1178
61957,rtrigger,32767
61957,lstick_x,1178
61962,rtrigger,32767
61962,lstick_x,1178
61970,rtrigger,32767
61970,lstick_x,1178
61976,rtrigger,32767
61976,lstick_x,1178
61991,rtrigger,32767
61991,lstick_x,1178
62015,rtrigger,32767
62015,lstick_x,1178
62030,rtrigger,32767
62030,lstick_x,1178
62033,rtrigger,32767
62033,lstick_x,1178
62041,rtrigger,32767
62041,lstick_x,1178
62051,rtrigger,32767
62051,lstick_x,1178
62056,rtrigger,32767
62056,lstick_x,1178
62059,rtrigger,32767
62059,lstick_x,1178
62064,rtrigger,32767
62064,lstick_x,1178
62073,rtrigger,32767
62073,lstick_x,1178
62081,rtrigger,32767
62081,lstick_x,1178
62088,rtrigger,32767
62088,lstick_x,1178
62096,rtrigger,32767
62096,lstick_x,1178
62100,rtrigger,32767
62100,lstick_x,1178
62104,rtrigger,32767
62104,lstick_x,1178
62113,rtrigger,32767
62113,lstick_x,1178
62120,rtrigger,32767
62120,lstick_x,1178
62131,rtrigger,32767
62131,lstick_x,1178
62137,rtrigger,32767
62137,lstick_x,1178
62144,rtrigger,32767
62144,lstick_x,1178
62158,rtrigger,32767
62158,lstick_x,1178
62191,rtrigger,32767
62191,lstick_x,1178
62200,rtrigger,32767
62200,lstick_x,1178
62227,rtrigger,32767
62227,lstick_x,1178
62233,rtrigger,32767
62233,lstick_x,1178
62243,rtrigger,32767
62243,lstick_x,1178
62248,rtrigger,32767
62248,lstick_x,1178
62256,rtrigger,32767
62256,lstick_x,1178
62264,rtrigger,32767
62264,lstick_x,1178
62274,rtrigger,32767
62274,lstick_x,1178
62281,rtrigger,32767
62281,lstick_x,1178
62288,rtrigger,32767
62288,lstick_x,1178
62291,rtrigger,32767
62291,lstick_x,1178
62297,rtrigger,32767
62297,lstick_x,1178
62308,rtrigger,32767
62308,lstick_x,1178
62318,rtrigger,32767
62318,lstick_x,1178
62328,rtrigger,32767
62328,lstick_x,1178
62338,rtrigger,32767
62338,lstick_x,1178
62347,rtrigger,32767
62347,lstick_x,1178
62358,rtrigger,32767
62358,lstick_x,1178
62376,rtrigger,32767
62376,lstick_x,1178
62384,rtrigger,32767
62384,lstick_x,1178
62410,rtrigger,32767
62410,lstick_x,1178
62416,rtrigger,32767
62416,lstick_x,1178
62427,rtrigger,32767
62427,lstick_x,1178
62430,rtrigger,32767
62430,lstick_x,1178
62433,rtrigger,32767
62433,lstick_x,1178
62440,rtrigger,32767
62440,lstick_x,1178
62446,rtrigger,32767
62446,lstick_x,1178
62451,rtrigger,32767
62451,lstick_x,1178
62458,rtrigger,32767
62458,lstick_x,1178
62466,rtrigger,32767
62466,lstick_x,1178
62473,rtrigger,32767
62473,lstick_x,1178
62478,rtrigger,32767
62478,lstick_x,1178
62492,rtrigger,32767
62492,lstick_x,1178
62498,rtrigger,32767
62498,lstick_x,1178
62505,rtrigger,32767
62505,lstick_x,1178
62515,rtrigger,32767
62515,lstick_x,1178
62524,rtrigger,32767
62524,lstick_x,1178
62527,rtrigger,32767
62527,lstick_x,1178
62571,rtrigger,32767
62571,lstick_x,1178
62603,rtrigger,32767
62603,lstick_x,1178
62606,rtrigger,32767
62606,lstick_x,1178
62617,rtrigger,32767
62617,lstick_x,1178
62625,rtrigger,32767
62625,lstick_x,1178
62627,rtrigger,32767
62627,lstick_x,1178
62632,rtrigger,32767
62632,lstick_x,1178
62640,rtrigger,32767
62640,lstick_x,1178
62651,rtrigger,32767
62651,lstick_x,1178
62657,rtrigger,32767
62657,lstick_x,1178
62664,rtrigger,32767
62664,lstick_x,1178
62672,rtrigger,32767
62672,lstick_x,1178
62676,rtrigger,32767
62676,lstick_x,1178
62680,rtrigger,32767
62680,lstick_x,1178
62683,rtrigger,32767
62683,lstick_x,1178
62688,rtrigger,32767
62688,lstick_x,1178
62691,rtrigger,32767
62691,lstick_x,1178
62698,rtrigger,32767
62698,lstick_x,1178
62704,rtrigger,32767
62704,lstick_x,1178
62715,rtrigger,32767
62715,lstick_x,1178
62723,rtrigger,32767
62723,lstick_x,1178
62728,rtrigger,32767
62728,lstick_x,1178
62732,rtrigger,32767
62732,lstick_x,1178
62754,rtrigger,32767
62754,lstick_x,1178
62765,rtrigger,32767
62765,lstick_x,1178
62769,rtrigger,32767
62769,lstick_x,1178
62778,rtrigger,32767
62778,lstick_x,1178
62784,rtrigger,32767
62784,lstick_x,1178
62792,rtrigger,32767
62792,lstick_x,1178
62810,rtrigger,32767
62810,lstick_x,1178
62816,rtrigger,32767
62816,lstick_x,1178
62829,rtrigger,32767
62829,lstick_x,1178
62832,rtrigger,32767
62832,lstick_x,1178
62839,rtrigger,32767
62839,lstick_x,1178
62850,rtrigger,32767
62850,lstick_x,1178
62857,rtrigger,32767
62857,lstick_x,1178
62867,rtrigger,32767
62867,lstick_x,1178
62872,rtrigger,32767
62872,lstick_x,1178
62879,rtrigger,32767
62879,lstick_x,1178
62881,rtrigger,32767
62881,lstick_x,1178
62890,rtrigger,32767
62890,lstick_x,1178
62899,rtrigger,32767
62899,lstick_x,1178
62910,rtrigger,32767
62910,lstick_x,1178
62914,rtrigger,32767
62914,lstick_x,1178
62920,rtrigger,32767
62920,lstick_x,1178
62925,rtrigger,32767
62925,lstick_x,1178
62967,rtrigger,32767
62967,lstick_x,1178
63007,rtrigger,32767
63007,lstick_x,1178
63016,rtrigger,32767
63016,lstick_x,1178
63022,rtrigger,32767
63022,lstick_x,1178
63026,rtrigger,32767
63026,lstick_x,1178
63029,rtrigger,32767
63029,lstick_x,1178
63032,rtrigger,32767
63032,lstick_x,1178
63040,rtrigger,32767
63040,lstick_x,1178
63048,rtrigger,32767
63048,lstick_x,1178
63056,rtrigger,32767
63056,lstick_x,1178
63064,rtrigger,32767
63064,lstick_x,1178
63072,rtrigger,32767
63072,lstick_x,1178
63080,rtrigger,32767
63080,lstick_x,1178
63084,rtrigger,32767
63084,lstick_x,1178
63088,rtrigger,32767
63088,lstick_x,1178
63104,rtrigger,32767
63104,lstick_x,1178
63108,rtrigger,32767
63108,lstick_x,1178
63114,rtrigger,32767
63114,lstick_x,1178
63121,rtrigger,32767
63121,lstick_x,1178
63127,rtrigger,32767
63127,lstick_x,1178
63137,rtrigger,32767
63137,lstick_x,1178
63170,rtrigger,32767
63170,lstick_x,1178
63177,rtrigger,32767
63177,lstick_x,1178
63213,rtrigger,32767
63213,lstick_x,1178
63217,rtrigger,32767
63217,lstick_x,1178
63224,rtrigger,32767
63224,lstick_x,1178
63227,rtrigger,32767
63227,lstick_x,1178
63233,rtrigger,32767
63233,lstick_x,1178
63243,rtrigger,32767
63243,lstick_x,1178
63246,rtrigger,32767
63246,lstick_x,1178
63257,rtrigger,32767
63257,lstick_x,1178
63264,rtrigger,32767
63264,lstick_x,1178
63272,rtrigger,32767
63272,lstick_x,1178
63275,rtrigger,32767
63275,lstick_x,1178
63282,rtrigger,32767
63282,lstick_x,1178
63294,rtrigger,32767
63294,lstick_x,1178
63297,rtrigger,32767
63297,lstick_x,1178
63314,rtrigger,32767
63314,lstick_x,1178
63318,rtrigger,32767
63318,lstick_x,1178
63328,rtrigger,32767
63328,lstick_x,1178
63336,rtrigger,32767
63336,lstick_x,1178
63349,rtrigger,32767
63349,lstick_x,1178
63367,rtrigger,32767
63367,lstick_x,1178
63388,rtrigger,32767
63388,lstick_x,1178
63397,rtrigger,32767
63397,lstick_x,1178
63402,rtrigger,32767
63402,lstick_x,1178
63412,rtrigger,32767
63412,lstick_x,1178
63416,rtrigger,32767
63416,lstick_x,1178
63423,rtrigger,32767
63423,lstick_x,1178
63427,rtrigger,32767
63427,lstick_x,1178
63432,rtrigger,32767
63432,lstick_x,1178
63440,rtrigger,32767
63440,lstick_x,1178
63448,rtrigger,32767
63448,lstick_x,1178
63456,rtrigger,32767
63456,lstick_x,1178
63461,rtrigger,32767
63461,lstick_x,1178
63474,rtrigger,32767
63474,lstick_x,1178
63477,rtrigger,32767
63477,lstick_x,1178
63480,rtrigger,32767
63480,lstick_x,1178
63488,rtrigger,32767
63488,lstick_x,1178
63498,rtrigger,32767
63498,lstick_x,1178
63504,rtrigger,32767
63504,lstick_x,1178
63510,rtrigger,32767
63510,lstick_x,1178
63531,rtrigger,32767
63531,lstick_x,1178
63536,rtrigger,32767
63536,lstick_x,1178
63564,rtrigger,32767
63564,lstick_x,1178
63568,rtrigger,32767
63568,lstick_x,1178
63576,rtrigger,32767
63576,lstick_x,1178
63584,rtrigger,32767
63584,lstick_x,1178
63601,rtrigger,32767
63601,lstick_x,1178
63606,rtrigger,32767
63606,lstick_x,1178
63610,rtrigger,32767
63610,lstick_x,1178
63616,rtrigger,32767
63616,lstick_x,1178
63629,rtrigger,32767
63629,lstick_x,1178
63632,rtrigger,32767
63632,lstick_x,1178
63640,rtrigger,32767
63640,lstick_x,1178
63644,rtrigger,32767
63644,lstick_x,1178
63648,rtrigger,32767
63648,lstick_x,1178
63656,rtrigger,32767
63656,lstick_x,1178
63659,rtrigger,32767
63659,lstick_x,1178
63665,rtrigger,32767
63665,lstick_x,1178
63675,rtrigger,32767
63675,lstick_x,1178
63684,rtrigger,32767
63684,lstick_x,1178
63690,rtrigger,32767
63690,lstick_x,1178
63696,rtrigger,32767
63696,lstick_x,1178
63699,rtrigger,32767
63699,lstick_x,1178
63709,rtrigger,32767
63709,lstick_x,1178
63716,rtrigger,32767
63716,lstick_x,1178
63726,rtrigger,32767
63726,lstick_x,1178
63746,rtrigger,32767
63746,lstick_x,1178
63756,rtrigger,32767
63756,lstick_x,1178
63762,rtrigger,32767
63762,lstick_x,1178
63779,rtrigger,32767
63779,lstick_x,1178
63787,rtrigger,32767
63787,lstick_x,1178
63792,rtrigger,32767
63792,lstick_x,1178
63798,rtrigger,32767
63798,lstick_x,1178
63811,rtrigger,32767
63811,lstick_x,1178
63821,rtrigger,32767
63821,lstick_x,1178
63825,rtrigger,32767
63825,lstick_x,1178
63832,rtrigger,32767
63832,lstick_x,1178
63840,rtrigger,32767
63840,lstick_x,1178
63843,rtrigger,32767
63843,lstick_x,1178
63848,rtrigger,32767
63848,lstick_x,1178
63856,rtrigger,32767
63856,lstick_x,1178
63865,rtrigger,32767
63865,lstick_x,1178
63873,rtrigger,32767
63873,lstick_x,1178
63878,rtrigger,32767
63878,lstick_x,1178
63888,rtrigger,32767
63888,lstick_x,1178
63903,rtrigger,32767
63903,lstick_x,1178
63938,rtrigger,32767
63938,lstick_x,1178
63960,rtrigger,32767
63960,lstick_x,1178
63970,rtrigger,32767
63970,lstick_x,1178
63973,rtrigger,32767
63973,lstick_x,1178
63977,rtrigger,32767
63977,lstick_x,1178
63980,rtrigger,32767
63980,lstick_x,1178
63984,rtrigger,32767
63984,lstick_x,1178
63992,rtrigger,32767
63992,lstick_x,1178
64002,rtrigger,32767
64002,lstick_x,1178
64008,rtrigger,32767
64008,lstick_x,1178
64016,rtrigger,32767
64016,lstick_x,1178
64023,rtrigger,32767
64023,lstick_x,1178
64026,rtrigger,32767
64026,lstick_x,1178
64028,rtrigger,32767
64028,lstick_x,1178
64034,rtrigger,32767
64034,lstick_x,1178
64040,rtrigger,32767
64040,lstick_x,1178
64050,rtrigger,32767
64050,lstick_x,1178
64056,rtrigger,32767
64056,lstick_x,1178
64064,rtrigger,32767
64064,lstick_x,1178
64075,rtrigger,32767
64075,lstick_x,1178
64113,rtrigger,32767
64113,lstick_x,1178
64120,rtrigger,32767
64120,lstick_x,1178
64145,rtrigger,32767
64145,lstick_x,1178
64152,rtrigger,32767
64152,lstick_x,1178
64160,rtrigger,32767
64160,lstick_x,1178
64163,rtrigger,32767
64163,lstick_x,1178
64167,rtrigger,32767
64167,lstick_x,1178
64176,rtrigger,32767
64176,lstick_x,1178
64186,rtrigger,32767
64186,lstick_x,1178
64192,rtrigger,32767
64192,lstick_x,1178
64200,rtrigger,32767
64200,lstick_x,1178
64208,rtrigger,32767
64208,lstick_x,1178
64217,rtrigger,32767
64217,lstick_x,1178
64224,rtrigger,32767
64224,lstick_x,1178
64233,rtrigger,32767
64233,lstick_x,1178
64241,rtrigger,32767
64241,lstick_x,1178
64249,rtrigger,32767
64249,lstick_x,1178
64271,rtrigger,32767
64271,lstick_x,1178
64297,rtrigger,32767
64297,lstick_x,1178
64308,rtrigger,32767
64308,lstick_x,1178
64315,rtrigger,32767
64315,lstick_x,1178
64326,rtrigger,32767
64326,lstick_x,1178
64329,rtrigger,32767
64329,lstick_x,1178
64336,rtrigger,32767
64336,lstick_x,1178
64339,rtrigger,32767
64339,lstick_x,1178
64343,rtrigger,32767
64343,lstick_x,1178
64348,rtrigger,32767
64348,lstick_x,1178
64354,rtrigger,32767
64354,lstick_x,1178
64357,rtrigger,32767
64357,lstick_x,1178
64360,rtrigger,32767
64360,lstick_x,1178
64370,rtrigger,32767
64370,lstick_x,1178
64376,rtrigger,32767
64376,lstick_x,1178
64384,rtrigger,32767
64384,lstick_x,1178
64392,rtrigger,32767
64392,lstick_x,1178
64396,rtrigger,32767
64396,lstick_x,1178
64400,rtrigger,32767
64400,lstick_x,1178
64409,rtrigger,32767
64409,lstick_x,1178
64428,rtrigger,32767
64428,lstick_x,1178
64432,rtrigger,32767
64432,lstick_x,1178
64454,rtrigger,32767
64454,lstick_x,1178
64466,rtrigger,32767
64466,lstick_x,1178
64472,rtrigger,32767
64472,lstick_x,1178
64492,rtrigger,32767
64492,lstick_x,1178
64501,rtrigger,32767
64501,lstick_x,1178
64514,rtrigger,32767
64514,lstick_x,1178
64520,rtrigger,32767
64520,lstick_x,1178
64527,rtrigger,32767
64527,lstick_x,1178
64532,rtrigger,32767
64532,lstick_x,1178
64536,rtrigger,32767
64536,lstick_x,1178
64545,rtrigger,32767
64545,lstick_x,1178
64554,rtrigger,32767
64554,lstick_x,1178
64560,rtrigger,32767
64560,lstick_x,1178
64568,rtrigger,32767
64568,lstick_x,1178
64574,rtrigger,32767
64574,lstick_x,1178
64577,rtrigger,32767
64577,lstick_x,1178
64588,rtrigger,32767
64588,lstick_x,1178
64592,rtrigger,32767
64592,lstick_x,1178
64613,rtrigger,32767
64613,lstick_x,1178
64615,rtrigger,32767
64615,lstick_x,1178
64623,rtrigger,32767
64623,lstick_x,1178
64641,rtrigger,32767
64641,lstick_x,1178
64645,rtrigger,32767
64645,lstick_x,1178
64669,rtrigger,32767
64669,lstick_x,1178
64672,rtrigger,32767
64672,lstick_x,1178
64683,rtrigger,32767
64683,lstick_x,1178
64692,rtrigger,32767
64692,lstick_x,1178
64700,rtrigger,32767
64700,lstick_x,1178
64710,rtrigger,32767
64710,lstick_x,1178
64713,rtrigger,32767
64713,lstick_x,1178
64721,rtrigger,32767
64721,lstick_x,1178
64723,rtrigger,32767
64723,lstick_x,1178
64736,rtrigger,32767
64736,lstick_x,1178
64745,rtrigger,32767
64745,lstick_x,1178
64752,rtrigger,32767
64752,lstick_x,1178
64760,rtrigger,32767
64760,lstick_x,1178
64766,rtrigger,32767
64766,lstick_x,1178
64769,rtrigger,32767
64769,lstick_x,1178
64779,rtrigger,32767
64779,lstick_x,1178
64789,rtrigger,32767
64789,lstick_x,1178
64792,rtrigger,32767
64792,lstick_x,1178
64800,rtrigger,32767
64800,lstick_x,1178
64831,rtrigger,32767
64831,lstick_x,1178
64847,rtrigger,32767
64847,lstick_x,1178
64864,rtrigger,32767
64864,lstick_x,1178
64881,rtrigger,32767
64881,lstick_x,1178
64891,rtrigger,32767
64891,lstick_x,1178
64894,rtrigger,32767
64894,lstick_x,1178
64901,rtrigger,32767
64901,lstick_x,1178
64904,rtrigger,32767
64904,lstick_x,1178
64912,rtrigger,32767
64912,lstick_x,1178
64920,rtrigger,32767
64920,lstick_x,1178
64928,rtrigger,32767
64928,lstick_x,1178
64936,rtrigger,32767
64936,lstick_x,1178
64939,rtrigger,32767
64939,lstick_x,1178
64942,rtrigger,32767
64942,lstick_x,1178
64945,rtrigger,32767
64945,lstick_x,1178
64948,rtrigger,32767
64948,lstick_x,1178
64953,rtrigger,32767
64953,lstick_x,1178
64963,rtrigger,32767
64963,lstick_x,1178
64980,rtrigger,32767
64980,lstick_x,1178
64987,rtrigger,32767
64987,lstick_x,1178
65000,rtrigger,32767
65000,lstick_x,1178
65010,rtrigger,32767
65010,lstick_x,1178
65033,rtrigger,32767
65033,lstick_x,1178
65040,rtrigger,32767
65040,lstick_x,1178
65065,rtrigger,32767
65065,lstick_x,1178
65072,rtrigger,32767
65072,lstick_x,1178
65080,rtrigger,32767
65080,lstick_x,1178
65083,rtrigger,32767
65083,lstick_x,1178
65089,rtrigger,32767
65089,lstick_x,1178
65096,rtrigger,32767
65096,lstick_x,1178
65105,rtrigger,32767
65105,lstick_x,1178
65112,rtrigger,32767
65112,lstick_x,1178
65120,rtrigger,32767
65120,lstick_x,1178
65124,rtrigger,32767
65124,lstick_x,1178
65126,rtrigger,32767
65126,lstick_x,1178
65142,rtrigger,32767
65142,lstick_x,1178
65159,rtrigger,32767
65159,lstick_x,1178
65170,rtrigger,32767
65170,lstick_x,1178
65188,rtrigger,32767
65188,lstick_x,1178
65192,rtrigger,32767
65192,lstick_x,1178
65200,rtrigger,32767
65200,lstick_x,1178
65213,rtrigger,32767
65213,lstick_x,1178
65222,rtrigger,32767
65222,lstick_x,1178
65228,rtrigger,32767
65228,lstick_x,1178
65237,rtrigger,32767
65237,lstick_x,1178
65249,rtrigger,32767
65249,lstick_x,1178
65259,rtrigger,32767
65259,lstick_x,1178
65264,rtrigger,32767
65264,lstick_x,1178
65268,rtrigger,32767
65268,lstick_x,1178
65273,rtrigger,32767
65273,lstick_x,1178
65281,rtrigger,32767
65281,lstick_x,1178
65291,rtrigger,32767
65291,lstick_x,1178
65295,rtrigger,32767
65295,lstick_x,1178
65304,rtrigger,32767
65304,lstick_x,1178
65312,rtrigger,32767
65312,lstick_x,1178
65321,rtrigger,32767
65321,lstick_x,1178
65329,rtrigger,32767
65329,lstick_x,1178
65340,rtrigger,32767
65340,lstick_x,1178
65348,rtrigger,32767
65348,lstick_x,1178
65353,rtrigger,32767
65353,lstick_x,1178
65357,rtrigger,32767
65357,lstick_x,1178
65377,rtrigger,32767
65377,lstick_x,1178
65408,rtrigger,32767
65408,lstick_x,1178
65428,rtrigger,32767
65428,lstick_x,1178
65443,rtrigger,32767
65443,lstick_x,1178
65446,rtrigger,32767
65446,lstick_x,1178
65452,rtrigger,32767
65452,lstick_x,1178
65457,rtrigger,32767
65457,lstick_x,1178
65460,rtrigger,32767
65460,lstick_x,1178
65464,rtrigger,32767
65464,lstick_x,1178
65467,rtrigger,32767
65467,lstick_x,1178
65473,rtrigger,32767
65473,lstick_x,1178
65485,rtrigger,32767
65485,lstick_x,1178
65489,rtrigger,32767
65489,lstick_x,1178
65494,rtrigger,32767
65494,lstick_x,1178
65505,rtrigger,32767
65505,lstick_x,1178
65509,rtrigger,32767
65509,lstick_x,1178
65512,rtrigger,32767
65512,lstick_x,1178
65515,rtrigger,32767
65515,lstick_x,1178
65520,rtrigger,32767
65520,lstick_x,1178
65523,rtrigger,32767
65523,lstick_x,1178
65531,rtrigger,32767
65531,lstick_x,1178
65536,rtrigger,32767
65536,lstick_x,1178
65546,rtrigger,32767
65546,lstick_x,1178
65556,rtrigger,32767
65556,lstick_x,1178
65560,rtrigger,32767
65560,lstick_x,1178
65611,rtrigger,32767
65611,lstick_x,1178
65616,rtrigger,32767
65616,lstick_x,1178
65624,rtrigger,32767
65624,lstick_x,1178
65636,rtrigger,32767
65636,lstick_x,1178
65650,rtrigger,32767
65650,lstick_x,1178
65656,rtrigger,32767
65656,lstick_x,1178
65661,rtrigger,32767
65661,lstick_x,1178
65664,rtrigger,32767
65664,lstick_x,1178
65673,rtrigger,32767
65673,lstick_x,1178
65685,rtrigger,32767
65685,lstick_x,1178
65688,rtrigger,32767
65688,lstick_x,1178
65696,rtrigger,32767
65696,lstick_x,1178
65704,rtrigger,32767
65704,lstick_x,1178
65709,rtrigger,32767
65709,lstick_x,1178
65712,rtrigger,32767
65712,lstick_x,1178
65715,rtrigger,32767
65715,lstick_x,1178
65720,rtrigger,32767
65720,lstick_x,1178
65728,rtrigger,32767
65728,lstick_x,1178
65746,rtrigger,32767
65746,lstick_x,1178
65750,rtrigger,32767
65750,lstick_x,1178
65756,rtrigger,32767
65756,lstick_x,1178
65777,rtrigger,32767
65777,lstick_x,1178
65784,rtrigger,32767
65784,lstick_x,1178
65797,rtrigger,32767
65797,lstick_x,1178
65811,rtrigger,32767
65811,lstick_x,1178
65820,rtrigger,32767
65820,lstick_x,1178
65838,rtrigger,32767
65838,lstick_x,1178
65848,rtrigger,32767
65848,lstick_x,1178
65859,rtrigger,32767
65859,lstick_x,1178
65864,rtrigger,32767
65864,lstick_x,1178
65873,rtrigger,32767
65873,lstick_x,1178
65880,rtrigger,32767
65880,lstick_x,1178
65888,rtrigger,32767
65888,lstick_x,1178
65896,rtrigger,32767
65896,lstick_x,1178
65904,rtrigger,32767
65904,lstick_x,1178
65907,rtrigger,32767
65907,lstick_x,1178
65913,rtrigger,32767
65913,lstick_x,1178
65920,rtrigger,32767
65920,lstick_x,1178
65932,rtrigger,32767
65932,lstick_x,1178
65936,rtrigger,32767
65936,lstick_x,1178
65939,rtrigger,32767
65939,lstick_x,1178
65964,rtrigger,32767
65964,lstick_x,1178
65974,rtrigger,32767
65974,lstick_x,1178
65988,rtrigger,32767
65988,lstick_x,1178
65995,rtrigger,32767
65995,lstick_x,1178
66000,rtrigger,32767
66000,lstick_x,1178
66010,rtrigger,32767
66010,lstick_x,1178
66022,rtrigger,32767
66022,lstick_x,1178
66030,rtrigger,32767
66030,lstick_x,1178
66040,rtrigger,32767
66040,lstick_x,1178
66048,rtrigger,32767
66048,lstick_x,1178
66057,rtrigger,32767
66057,lstick_x,1178
66064,rtrigger,32767
66064,lstick_x,1178
66072,rtrigger,32767
66072,lstick_x,1178
66080,rtrigger,32767
66080,lstick_x,1178
66084,rtrigger,32767
66084,lstick_x,1178
66091,rtrigger,32767
66091,lstick_x,1178
66100,rtrigger,32767
66100,lstick_x,1178
66108,rtrigger,32767
66108,lstick_x,1178
66114,rtrigger,32767
66114,lstick_x,1178
66120,rtrigger,32767
66120,lstick_x,1178
66144,rtrigger,32767
66144,lstick_x,1178
66175,rtrigger,32767
66175,lstick_x,1178
66200,rtrigger,32767
66200,lstick_x,1178
66216,rtrigger,32767
66216,lstick_x,1178
66225,rtrigger,32767
66225,lstick_x,1178
66233,rtrigger,32767
66233,lstick_x,1178
66240,rtrigger,32767
66240,lstick_x,1178
66244,rtrigger,32767
66244,lstick_x,1178
66248,rtrigger,32767
66248,lstick_x,1178
66256,rtrigger,32767
66256,lstick_x,1178
66261,rtrigger,32767
66261,lstick_x,1178
66265,rtrigger,32767
66265,lstick_x,1178
66272,rtrigger,32767
66272,lstick_x,1178
66275,rtrigger,32767
66275,lstick_x,1178
66279,rtrigger,32767
66279,lstick_x,1178
66283,rtrigger,32767
66283,lstick_x,1178
66288,rtrigger,32767
66288,lstick_x,1178
66295,rtrigger,32767
66295,lstick_x,1178
66298,rtrigger,32767
66298,lstick_x,1178
66306,rtrigger,32767
66306,lstick_x,1178
66313,rtrigger,32767
66313,lstick_x,1178
66323,rtrigger,32767
66323,lstick_x,1178
66331,rtrigger,32767
66331,lstick_x,1178
66336,rtrigger,32767
66336,lstick_x,1178
66340,rtrigger,32767
66340,lstick_x,1178
66344,rtrigger,32767
66344,lstick_x,1178
66370,rtrigger,32767
66370,lstick_x,1178
66377,rtrigger,32767
66377,lstick_x,1178
66385,rtrigger,32767
66385,lstick_x,1178
66393,rtrigger,32767
66393,lstick_x,1178
66400,rtrigger,32767
66400,lstick_x,1178
66414,rtrigger,32767
66414,lstick_x,1178
66420,rtrigger,32767
66420,lstick_x,1178
66432,rtrigger,32767
66432,lstick_x,1178
66440,rtrigger,32767
66440,lstick_x,1178
66443,rtrigger,32767
66443,lstick_x,1178
66447,rtrigger,32767
66447,lstick_x,1178
66451,rtrigger,32767
66451,lstick_x,1178
66457,rtrigger,32767
66457,lstick_x,1178
66464,rtrigger,32767
66464,lstick_x,1178
66475,rtrigger,32767
66475,lstick_x,1178
66480,rtrigger,32767
66480,lstick_x,1178
66488,rtrigger,32767
66488,lstick_x,1178
66492,rtrigger,32767
66492,lstick_x,1178
66496,rtrigger,32767
66496,lstick_x,1178
66509,rtrigger,32767
66509,lstick_x,1178
66514,rtrigger,32767
66514,lstick_x,1178
66521,rtrigger,32767
66521,lstick_x,1178
66531,rtrigger,32767
66531,lstick_x,1178
66537,rtrigger,32767
66537,lstick_x,1178
66540,rtrigger,32767
66540,lstick_x,1178
66544,rtrigger,32767
66544,lstick_x,1178
66553,rtrigger,32767
66553,lstick_x,1178
66566,rtrigger,32767
66566,lstick_x,1178
66593,rtrigger,32767
66593,lstick_x,1178
66628,rtrigger,32767
66628,lstick_x,1178
66635,rtrigger,32767
66635,lstick_x,1178
66640,rtrigger,32767
66640,lstick_x,1178
66643,rtrigger,32767
66643,lstick_x,1178
66648,rtrigger,32767
66648,lstick_x,1178
66656,rtrigger,32767
66656,lstick_x,1178
66664,rtrigger,32767
66664,lstick_x,1178
66673,rtrigger,32767
66673,lstick_x,1178
66680,rtrigger,32767
66680,lstick_x,1178
66688,rtrigger,32767
66688,lstick_x,1178
66691,rtrigger,32767
66691,lstick_x,1178
66693,rtrigger,32767
66693,lstick_x,1178
66696,rtrigger,32767
66696,lstick_x,1178
66709,rtrigger,32767
66709,lstick_x,1178
66718,rtrigger,32767
66718,lstick_x,1178
66729,rtrigger,32767
66729,lstick_x,1178
66733,rtrigger,32767
66733,lstick_x,1178
66736,rtrigger,32767
66736,lstick_x,1178
66764,rtrigger,32767
66764,lstick_x,1178
66790,rtrigger,32767
66790,lstick_x,1178
66798,rtrigger,32767
66798,lstick_x,1178
66803,rtrigger,32767
66803,lstick_x,1178
66808,rtrigger,32767
66808,lstick_x,1178
66824,rtrigger,32767
66824,lstick_x,1178
66835,rtrigger,32767
66835,lstick_x,1178
66840,rtrigger,32767
66840,lstick_x,1178
66844,rtrigger,32767
66844,lstick_x,1178
66849,rtrigger,32767
66849,lstick_x,1178
66856,rtrigger,32767
66856,lstick_x,1178
66865,rtrigger,32767
66865,lstick_x,1178
66873,rtrigger,32767
66873,lstick_x,1178
66883,rtrigger,32767
66883,lstick_x,1178
66889,rtrigger,32767
66889,lstick_x,1178
66892,rtrigger,32767
66892,lstick_x,1178
66895,rtrigger,32767
66895,lstick_x,1178
66898,rtrigger,32767
66898,lstick_x,1178
66907,rtrigger,32767
66907,lstick_x,1178
66918,rtrigger,32767
66918,lstick_x,1178
66926,rtrigger,32767
66926,lstick_x,1178
66938,rtrigger,32767
66938,lstick_x,1178
66943,rtrigger,32767
66943,lstick_x,1178
66964,rtrigger,32767
66964,lstick_x,1178
66968,rtrigger,32767
66968,lstick_x,1178
66994,rtrigger,32767
66994,lstick_x,1178
67030,rtrigger,32767
67030,lstick_x,1178
67041,rtrigger,32767
67041,lstick_x,1178
67044,rtrigger,32767
67044,lstick_x,1178
67048,rtrigger,32767
67048,lstick_x,1178
67054,rtrigger,32767
67054,lstick_x,1178
67058,rtrigger,32767
67058,lstick_x,1178
67065,rtrigger,32767
67065,lstick_x,1178
67068,rtrigger,32767
67068,lstick_x,1178
67073,rtrigger,32767
67073,lstick_x,1178
67078,rtrigger,32767
67078,lstick_x,1178
67081,rtrigger,32767
67081,lstick_x,1178
67084,rtrigger,32767
67084,lstick_x,1178
67088,rtrigger,32767
67088,lstick_x,1178
67096,rtrigger,32767
67096,lstick_x,1178
67104,rtrigger,32767
67104,lstick_x,1178
67110,rtrigger,32767
67110,lstick_x,1178
67116,rtrigger,32767
67116,lstick_x,1178
67120,rtrigger,32767
67120,lstick_x,1178
67123,rtrigger,32767
67123,lstick_x,1178
67129,rtrigger,32767
67129,lstick_x,1178
67147,rtrigger,32767
67147,lstick_x,1178
67150,rtrigger,32767
67150,lstick_x,1178
67165,rtrigger,32767
67165,lstick_x,1178
67169,rtrigger,32767
67169,lstick_x,1178
67176,rtrigger,32767
67176,lstick_x,1178
67198,rtrigger,32767
67198,lstick_x,1178
67201,rtrigger,32767
67201,lstick_x,1178
67222,rtrigger,32767
67222,lstick_x,1178
67238,rtrigger,32767
67238,lstick_x,1178
67241,rtrigger,32767
67241,lstick_x,1178
67249,rtrigger,32767
67249,lstick_x,1178
67258,rtrigger,32767
67258,lstick_x,1178
67268,rtrigger,32767
67268,lstick_x,1178
67273,rtrigger,32767
67273,lstick_x,1178
67283,rtrigger,32767
67283,lstick_x,1178
67288,rtrigger,32767
67288,lstick_x,1178
67293,rtrigger,32767
67293,lstick_x,1178
67298,rtrigger,32767
67298,lstick_x,1178
67304,rtrigger,32767
67304,lstick_x,1178
67312,rtrigger,32767
67312,lstick_x,1178
67323,rtrigger,32767
67323,lstick_x,1178
67330,rtrigger,32767
67330,lstick_x,1178
67336,rtrigger,32767
67336,lstick_x,1178
67348,rtrigger,32767
67348,lstick_x,1178
67352,rtrigger,32767
67352,lstick_x,1178
67408,rtrigger,32767
67408,lstick_x,1178
67411,rtrigger,32767
67411,lstick_x,1178
67415,rtrigger,32767
67415,lstick_x,1178
67420,rtrigger,32767
67420,lstick_x,1178
67426,rtrigger,32767
67426,lstick_x,1178
67433,rtrigger,32767
67433,lstick_x,1178
67445,rtrigger,32767
67445,lstick_x,1178
67448,rtrigger,32767
67448,lstick_x,1178
67457,rtrigger,32767
67457,lstick_x,1178
67466,rtrigger,32767
67466,lstick_x,1178
67473,rtrigger,32767
67473,lstick_x,1178
67480,rtrigger,32767
67480,lstick_x,1178
67488,rtrigger,32767
67488,lstick_x,1178
67496,rtrigger,32767
67496,lstick_x,1178
67499,rtrigger,32767
67499,lstick_x,1178
67506,rtrigger,32767
67506,lstick_x,1178
67512,rtrigger,32767
67512,lstick_x,1178
67524,rtrigger,32767
67524,lstick_x,1178
67531,rtrigger,32767
67531,lstick_x,1178
67536,rtrigger,32767
67536,lstick_x,1178
67541,rtrigger,32767
67541,lstick_x,1178
67547,rtrigger,32767
67547,lstick_x,1178
67552,rtrigger,32767
67552,lstick_x,1178
67563,rtrigger,32767
67563,lstick_x,1178
67568,rtrigger,32767
67568,lstick_x,1178
67584,rtrigger,32767
67584,lstick_x,1178
67595,rtrigger,32767
67595,lstick_x,1178
67606,rtrigger,32767
67606,lstick_x,1178
67626,rtrigger,32767
67626,lstick_x,1178
67636,rtrigger,32767
67636,lstick_x,1178
67642,rtrigger,32767
67642,lstick_x,1178
67646,rtrigger,32767
67646,lstick_x,1178
67650,rtrigger,32767
67650,lstick_x,1178
67659,rtrigger,32767
67659,lstick_x,1178
67665,rtrigger,32767
67665,lstick_x,1178
67672,rtrigger,32767
67672,lstick_x,1178
67680,rtrigger,32767
67680,lstick_x,1178
67689,rtrigger,32767
67689,lstick_x,1178
67695,rtrigger,32767
67695,lstick_x,1178
67700,rtrigger,32767
67700,lstick_x,1178
67704,rtrigger,32767
67704,lstick_x,1178
67713,rtrigger,32767
67713,lstick_x,1178
67721,rtrigger,32767
67721,lstick_x,1178
67729,rtrigger,32767
67729,lstick_x,1178
67748,rtrigger,32767
67748,lstick_x,1178
67787,rtrigger,32767
67787,lstick_x,1178
67793,rtrigger,32767
67793,lstick_x,1178
67800,rtrigger,32767
67800,lstick_x,1178
67814,rtrigger,32767
67814,lstick_x,1178
67825,rtrigger,32767
67825,lstick_x,1178
67828,rtrigger,32767
67828,lstick_x,1178
67832,rtrigger,32767
67832,lstick_x,1178
67842,rtrigger,32767
67842,lstick_x,1178
67852,rtrigger,32767
67852,lstick_x,1178
67856,rtrigger,32767
67856,lstick_x,1178
67864,rtrigger,32767
67864,lstick_x,1178
67872,rtrigger,32767
67872,lstick_x,1178
67875,rtrigger,32767
67875,lstick_x,1178
67882,rtrigger,32767
67882,lstick_x,1178
67888,rtrigger,32767
67888,lstick_x,1178
67904,rtrigger,32767
67904,lstick_x,1178
67913,rtrigger,32767
67913,lstick_x,1178
67924,rtrigger,32767
67924,lstick_x,1178
67929,rtrigger,32767
67929,lstick_x,1178
67943,rtrigger,32767
67943,lstick_x,1178
67959,rtrigger,32767
67959,lstick_x,1178
68202,rtrigger,32767
68202,lstick_x,1178
68228,rtrigger,32767
68228,lstick_x,1178
68232,rtrigger,32767
68232,lstick_x,1178
68241,rtrigger,32767
68241,lstick_x,1178
68247,rtrigger,32767
68247,lstick_x,1178
68256,rtrigger,32767
68256,lstick_x,1178
68265,rtrigger,32767
68265,lstick_x,1178
68273,rtrigger,32767
68273,lstick_x,1178
68280,rtrigger,32767
68280,lstick_x,1178
68288,rtrigger,32767
68288,lstick_x,1178
68290,rtrigger,32767
68290,lstick_x,1178
68293,rtrigger,32767
68293,lstick_x,1178
68297,rtrigger,32767
68297,lstick_x,1178
68312,rtrigger,32767
68312,lstick_x,1178
68321,rtrigger,32767
68321,lstick_x,1178
68330,rtrigger,32767
68330,lstick_x,1178
68348,rtrigger,32767
68348,lstick_x,1178
68353,rtrigger,32767
68353,lstick_x,1178
68362,rtrigger,32767
68362,lstick_x,1178
68376,rtrigger,32767
68376,lstick_x,1178
68390,rtrigger,32767
68390,lstick_x,1178
68394,rtrigger,32767
68394,lstick_x,1178
68401,rtrigger,32767
68401,lstick_x,1178
68419,rtrigger,32767
68419,lstick_x,1178
68425,rtrigger,32767
68425,lstick_x,1178
68433,rtrigger,32767
68433,lstick_x,1178
68440,rtrigger,32767
68440,lstick_x,1178
68448,rtrigger,32767
68448,lstick_x,1178
68458,rtrigger,32767
68458,lstick_x,1178
68465,rtrigger,32767
68465,lstick_x,1178
68472,rtrigger,32767
68472,lstick_x,1178
68480,rtrigger,32767
68480,lstick_x,1178
68492,rtrigger,32767
68492,lstick_x,1178
68496,rtrigger,32767
68496,lstick_x,1178
68506,rtrigger,32767
68506,lstick_x,1178
68512,rtrigger,32767
68512,lstick_x,1178
68540,rtrigger,32767
68540,lstick_x,1178
68545,rtrigger,32767
68545,lstick_x,1178
68557,rtrigger,32767
68557,lstick_x,1178
68563,rtrigger,32767
68563,lstick_x,1178
68586,rtrigger,32767
68586,lstick_x,1178
68610,rtrigger,32767
68610,lstick_x,1178
68613,rtrigger,32767
68613,lstick_x,1178
68619,rtrigger,32767
68619,lstick_x,1178
68623,rtrigger,32767
68623,lstick_x,1178
68635,rtrigger,32767
68635,lstick_x,1178
68640,rtrigger,32767
68640,lstick_x,1178
68649,rtrigger,32767
68649,lstick_x,1178
68656,rtrigger,32767
68656,lstick_x,1178
68659,rtrigger,32767
68659,lstick_x,1178
68665,rtrigger,32767
68665,lstick_x,1178
68673,rtrigger,32767
68673,lstick_x,1178
68680,rtrigger,32767
68680,lstick_x,1178
68688,rtrigger,32767
68688,lstick_x,1178
68692,rtrigger,32767
68692,lstick_x,1178
68696,rtrigger,32767
68696,lstick_x,1178
68721,rtrigger,32767
68721,lstick_x,1178
68728,rtrigger,32767
68728,lstick_x,1178
68738,rtrigger,32767
68738,lstick_x,1178
68744,rtrigger,32767
68744,lstick_x,1178
68780,rtrigger,32767
68780,lstick_x,1178
68784,rtrigger,32767
68784,lstick_x,1178
68792,rtrigger,32767
68792,lstick_x,1178
68796,rtrigger,32767
68796,lstick_x,1178
68800,rtrigger,32767
68800,lstick_x,1178
68808,rtrigger,32767
68808,lstick_x,1178
68818,rtrigger,32767
68818,lstick_x,1178
68825,rtrigger,32767
68825,lstick_x,1178
68832,rtrigger,32767
68832,lstick_x,1178
68840,rtrigger,32767
68840,lstick_x,1178
68842,rtrigger,32767
68842,lstick_x,1178
68850,rtrigger,32767
68850,lstick_x,1178
68857,rtrigger,32767
68857,lstick_x,1178
68865,rtrigger,32767
68865,lstick_x,1178
68875,rtrigger,32767
68875,lstick_x,1178
68880,rtrigger,32767
68880,lstick_x,1178
68894,rtrigger,32767
68894,lstick_x,1178
68935,rtrigger,32767
68935,lstick_x,1178
68940,rtrigger,32767
68940,lstick_x,1178
68971,rtrigger,32767
68971,lstick_x,1178
68976,rtrigger,32767
68976,lstick_x,1178
68981,rtrigger,32767
68981,lstick_x,1178
68983,rtrigger,32767
68983,lstick_x,1178
68992,rtrigger,32767
68992,lstick_x,1178
69000,rtrigger,32767
69000,lstick_x,1178
69008,rtrigger,32767
69008,lstick_x,1178
69011,rtrigger,32767
69011,lstick_x,1178
69016,rtrigger,32767
69016,lstick_x,1178
69024,rtrigger,32767
69024,lstick_x,1178
69028,rtrigger,32767
69028,lstick_x,1178
69031,rtrigger,32767
69031,lstick_x,1178
69043,rtrigger,32767
69043,lstick_x,1178
69047,rtrigger,32767
69047,lstick_x,1178
69062,rtrigger,32767
69062,lstick_x,1178
69065,rtrigger,32767
69065,lstick_x,1178
69113,rtrigger,32767
69113,lstick_x,1178
69123,rtrigger,32767
69123,lstick_x,1178
69128,rtrigger,32767
69128,lstick_x,1178
69146,rtrigger,32767
69146,lstick_x,1178
69156,rtrigger,32767
69156,lstick_x,1178
69162,rtrigger,32767
69162,lstick_x,1178
69166,rtrigger,32767
69166,lstick_x,1178
69175,rtrigger,32767
69175,lstick_x,1178
69180,rtrigger,32767
69180,lstick_x,1178
69187,rtrigger,32767
69187,lstick_x,1178
69192,rtrigger,32767
69192,lstick_x,1178
69195,rtrigger,32767
69195,lstick_x,1178
69200,rtrigger,32767
69200,lstick_x,1178
69208,rtrigger,32767
69208,lstick_x,1178
69216,rtrigger,32767
69216,lstick_x,1178
69222,rtrigger,32767
69222,lstick_x,1178
69226,rtrigger,32767
69226,lstick_x,1178
69229,rtrigger,32767
69229,lstick_x,1178
69234,rtrigger,32767
69234,lstick_x,1178
69242,rtrigger,32767
69242,lstick_x,1178
69249,rtrigger,32767
69249,lstick_x,1178
69256,rtrigger,32767
69256,lstick_x,1178
69259,rtrigger,32767
69259,lstick_x,1178
69272,rtrigger,32767
69272,lstick_x,1178
69312,rtrigger,32767
69312,lstick_x,1178
69353,rtrigger,32767
69353,lstick_x,1178
69358,rtrigger,32767
69358,lstick_x,1178
69364,rtrigger,32767
69364,lstick_x,1178
69369,rtrigger,32767
69369,lstick_x,1178
69376,rtrigger,32767
69376,lstick_x,1178
69382,rtrigger,32767
69382,lstick_x,1178
69389,rtrigger,32767
69389,lstick_x,1178
69392,rtrigger,32767
69392,lstick_x,1178
69400,rtrigger,32767
69400,lstick_x,1178
69408,rtrigger,32767
69408,lstick_x,1178
69417,rtrigger,32767
69417,lstick_x,1178
69424,rtrigger,32767
69424,lstick_x,1178
69432,rtrigger,32767
69432,lstick_x,1178
69440,rtrigger,32767
69440,lstick_x,1178
69457,rtrigger,32767
69457,lstick_x,1178
69480,rtrigger,32767
69480,lstick_x,1178
69488,rtrigger,32767
69488,lstick_x,1178
69496,rtrigger,32767
69496,lstick_x,1178
69516,rtrigger,32767
69516,lstick_x,1178
69524,rtrigger,32767
69524,lstick_x,1178
69532,rtrigger,32767
69532,lstick_x,1178
69537,rtrigger,32767
69537,lstick_x,1178
69542,rtrigger,32767
69542,lstick_x,1178
69546,rtrigger,32767
69546,lstick_x,1178
69552,rtrigger,32767
69552,lstick_x,1178
69570,rtrigger,32767
69570,lstick_x,1178
69576,rtrigger,32767
69576,lstick_x,1178
69584,rtrigger,32767
69584,lstick_x,1178
69589,rtrigger,32767
69589,lstick_x,1178
69593,rtrigger,32767
69593,lstick_x,1178
69600,rtrigger,32767
69600,lstick_x,1178
69608,rtrigger,32767
69608,lstick_x,1178
69621,rtrigger,32767
69621,lstick_x,1178
69624,rtrigger,32767
69624,lstick_x,1178
69654,rtrigger,32767
69654,lstick_x,1178
69658,rtrigger,32767
69658,lstick_x,1178
69678,rtrigger,32767
69678,lstick_x,1178
69710,rtrigger,32767
69710,lstick_x,1178
69714,rtrigger,32767
69714,lstick_x,1178
69720,rtrigger,32767
69720,lstick_x,1178
69723,rtrigger,32767
69723,lstick_x,1178
69727,rtrigger,32767
69727,lstick_x,1178
69732,rtrigger,32767
69732,lstick_x,1178
69736,rtrigger,32767
69736,lstick_x,1178
69743,rtrigger,32767
69743,lstick_x,1178
69752,rtrigger,32767
69752,lstick_x,1178
69762,rtrigger,32767
69762,lstick_x,1178
69768,rtrigger,32767
69768,lstick_x,1178
69774,rtrigger,32767
69774,lstick_x,1178
69777,rtrigger,32767
69777,lstick_x,1178
69784,rtrigger,32767
69784,lstick_x,1178
69790,rtrigger,32767
69790,lstick_x,1178
69800,rtrigger,32767
69800,lstick_x,1178
69809,rtrigger,32767
69809,lstick_x,1178
69813,rtrigger,32767
69813,lstick_x,1178
69825,rtrigger,32767
69825,lstick_x,1178
69849,rtrigger,32767
69849,lstick_x,1178
69862,rtrigger,32767
69862,lstick_x,1178
69878,rtrigger,32767
69878,lstick_x,1178
69900,rtrigger,32767
69900,lstick_x,1178
69906,rtrigger,32767
69906,lstick_x,1178
69913,rtrigger,32767
69913,lstick_x,1178
69919,rtrigger,32767
69919,lstick_x,1178
69922,rtrigger,32767
69922,lstick_x,1178
69931,rtrigger,32767
69931,lstick_x,1178
69936,rtrigger,32767
69936,lstick_x,1178
69945,rtrigger,32767
69945,lstick_x,1178
69952,rtrigger,32767
69952,lstick_x,1178
69960,rtrigger,32767
69960,lstick_x,1178
69963,rtrigger,32767
69963,lstick_x,1178
69966,rtrigger,32767
69966,lstick_x,1178
69972,rtrigger,32767
69972,lstick_x,1178
69978,rtrigger,32767
69978,lstick_x,1178
69985,rtrigger,32767
69985,lstick_x,1178
69994,rtrigger,32767
69994,lstick_x,1178
70002,rtrigger,32767
70002,lstick_x,1549
70017,rtrigger,32767
70017,lstick_x,1549
70024,rtrigger,32767
70024,lstick_x,1549
70032,rtrigger,32767
70032,lstick_x,1549
70048,rtrigger,32767
70048,lstick_x,1549
70070,rtrigger,32767
70070,lstick_x,1549
70073,rtrigger,32767
70073,lstick_x,1549
70084,rtrigger,32767
70084,lstick_x,1549
70090,rtrigger,32767
70090,lstick_x,1549
70096,rtrigger,32767
70096,lstick_x,1549
70099,rtrigger,32767
70099,lstick_x,32767
70099,lstick_y,-2279
70104,rtrigger,32767
70104,lstick_x,32767
70104,lstick_y,-2279
70115,rtrigger,32767
70115,lstick_x,32767
70115,lstick_y,-3113
70121,rtrigger,32767
70121,lstick_x,32767
70121,lstick_y,-3113
70131,rtrigger,32767
70131,lstick_x,32767
70131,lstick_y,-3113
70136,rtrigger,32767
70136,lstick_x,32767
70136,lstick_y,-3113
70144,rtrigger,32767
70144,lstick_x,32767
70144,lstick_y,-3113
70147,rtrigger,32767
70147,lstick_x,32767
70147,lstick_y,-3113
70153,rtrigger,32767
70153,lstick_x,32767
70153,lstick_y,-3113
70160,rtrigger,32767
70160,lstick_x,32767
70160,lstick_y,-3113
70168,rtrigger,32767
70168,lstick_x,32767
70168,lstick_y,-3113
70180,rtrigger,32767
70180,lstick_x,32767
70180,lstick_y,-3113
70184,rtrigger,32767
70184,lstick_x,32767
70184,lstick_y,-3113
70198,rtrigger,32767
70198,lstick_x,32767
70198,lstick_y,-3113
70204,rtrigger,32767
70204,lstick_x,32767
70204,lstick_y,-3113
70208,rtrigger,32767
70208,lstick_x,32767
70208,lstick_y,-3113
70221,rtrigger,32767
70221,lstick_x,32767
70221,lstick_y,-3113
70224,rtrigger,32767
70224,lstick_x,32767
70224,lstick_y,-3113
70239,rtrigger,32767
70239,lstick_x,32767
70239,lstick_y,-3113
70249,rtrigger,32767
70249,lstick_x,32767
70249,lstick_y,-3113
70259,rtrigger,32767
70259,lstick_x,32767
70259,lstick_y,-3113
70280,rtrigger,32767
70280,lstick_x,32767
70280,lstick_y,-3113
70288,rtrigger,32767
70288,lstick_x,32767
70288,lstick_y,-3113
70293,rtrigger,32767
70293,lstick_x,32767
70293,lstick_y,-6166
70300,rtrigger,32767
70300,lstick_x,32767
70300,lstick_y,-6166
70304,rtrigger,32767
70304,lstick_x,32767
70304,lstick_y,-6166
70320,rtrigger,32767
70320,lstick_x,32767
70320,lstick_y,-6166
70328,rtrigger,32767
70328,lstick_x,32767
70328,lstick_y,-6166
70336,rtrigger,32767
70336,lstick_x,32767
70336,lstick_y,-6166
70340,rtrigger,32767
70340,lstick_x,32182
70340,lstick_y,-6234
70343,rtrigger,32767
70343,lstick_x,25213
70343,lstick_y,-6234
70352,rtrigger,32767
70352,lstick_x,25213
70352,lstick_y,-6234
70363,rtrigger,32767
70363,lstick_x,25213
70363,lstick_y,-6234
70369,rtrigger,32767
70369,lstick_x,25213
70369,lstick_y,-6234
70377,rtrigger,32767
70377,lstick_x,25213
70377,lstick_y,-6234
70381,rtrigger,32767
70381,lstick_x,25213
70381,lstick_y,-6234
70404,rtrigger,32767
70404,lstick_x,25213
70404,lstick_y,-6234
70433,rtrigger,32767
70433,lstick_x,25213
70433,lstick_y,-6234
70440,rtrigger,32767
70440,lstick_x,25213
70440,lstick_y,-6234
70452,rtrigger,32767
70452,lstick_x,25213
70452,lstick_y,-6234
70470,rtrigger,32767
70470,lstick_x,25213
70470,lstick_y,-6234
70483,rtrigger,32767
70483,lstick_x,25213
70483,lstick_y,-6234
70490,rtrigger,32767
70490,lstick_x,3807
70496,rtrigger,32767
70496,lstick_x,3343
70506,rtrigger,32767
70506,lstick_x,3343
70512,rtrigger,32767
70512,lstick_x,3343
70520,rtrigger,32767
70520,lstick_x,3343
70524,rtrigger,32767
70524,lstick_x,2658
70528,rtrigger,32767
70528,lstick_x,2658
70536,rtrigger,32767
70536,lstick_x,2658
70540,rtrigger,32767
70540,lstick_x,2658
70544,rtrigger,32767
70544,lstick_x,2658
70563,rtrigger,32767
70563,lstick_x,2658
70573,rtrigger,32767
70573,lstick_x,2658
70577,rtrigger,32767
70577,lstick_x,2658
70603,rtrigger,32767
70603,lstick_x,2658
70608,rtrigger,32767
70608,lstick_x,2658
70619,rtrigger,32767
70619,lstick_x,2658
70631,rtrigger,32767
70631,lstick_x,2658
70648,rtrigger,32767
70648,lstick_x,2658
70658,rtrigger,32767
70658,lstick_x,2658
70671,rtrigger,32767
70671,lstick_x,2658
70675,rtrigger,32767
70675,lstick_x,2658
70680,rtrigger,32767
70680,lstick_x,2658
70684,rtrigger,32767
70684,lstick_x,1470
70688,rtrigger,32767
70688,lstick_x,1470
70696,rtrigger,32767
70696,lstick_x,1470
70707,rtrigger,32767
70707,lstick_x,1426
70710,rtrigger,32767
70710,lstick_x,1426
70713,rtrigger,32767
70713,lstick_x,1426
70720,rtrigger,32767
70720,lstick_x,1426
70730,rtrigger,32767
70730,lstick_x,1426
70733,rtrigger,32767
70733,lstick_x,1314
70736,rtrigger,32767
70736,lstick_x,1314
70741,rtrigger,32767
70741,lstick_x,1314
70744,rtrigger,32767
70744,lstick_x,1314
70753,rtrigger,32767
70753,lstick_x,1314
70769,rtrigger,32767
70769,lstick_x,1314
70776,rtrigger,32767
70776,lstick_x,1314
70799,rtrigger,32767
70799,lstick_x,1314
70811,rtrigger,32767
70811,lstick_x,1314
70823,rtrigger,32767
70823,lstick_x,1314
70836,rtrigger,32767
70836,lstick_x,1314
70847,rtrigger,32767
70847,lstick_x,1314
70865,rtrigger,32767
70865,lstick_x,1314
70872,rtrigger,32767
70872,lstick_x,1314
70880,rtrigger,32767
70880,lstick_x,1135
70888,rtrigger,32767
70888,lstick_x,1135
70897,rtrigger,32767
70897,lstick_x,1135
70904,rtrigger,32767
70904,lstick_x,1135
70912,rtrigger,32767
70912,lstick_x,1135
70920,rtrigger,32767
70920,lstick_x,1135
70927,rtrigger,32767
70927,lstick_x,1135
70930,rtrigger,32767
70930,lstick_x,1135
70936,rtrigger,32767
70936,lstick_x,1135
70946,rtrigger,32767
70946,lstick_x,1135
70952,rtrigger,32767
70952,lstick_x,1135
70957,rtrigger,32767
70957,lstick_x,1025
70982,rtrigger,32767
70982,lstick_x,1025
70995,rtrigger,32767
70995,lstick_x,1025
71007,rtrigger,32767
71007,lstick_x,1025
71017,rtrigger,32767
71017,lstick_x,1025
71045,rtrigger,32767
71045,lstick_x,1025
71057,rtrigger,32767
71057,lstick_x,1025
71060,rtrigger,32767
71064,rtrigger,32767
71072,rtrigger,32767
71081,rtrigger,32767
71088,rtrigger,32767
71096,rtrigger,32767
71104,rtrigger,32767
71112,rtrigger,32767
71115,rtrigger,32767
71121,rtrigger,32767
71124,rtrigger,32767
71133,rtrigger,32767
71150,rtrigger,32767
71153,rtrigger,32767
71156,rtrigger,32767
71183,rtrigger,32767
71202,rtrigger,32767
71213,rtrigger,32767
71247,rtrigger,32767
71257,rtrigger,32767
71259,rtrigger,32767
71263,rtrigger,32767
71273,rtrigger,32767
71279,rtrigger,32767
71282,rtrigger,32767
71288,rtrigger,32767
71301,rtrigger,32767
71304,rtrigger,32767
71312,rtrigger,32767
71316,rtrigger,32767
71320,rtrigger,32767
71326,rtrigger,32767
71331,rtrigger,32767
71336,rtrigger,32767
71346,rtrigger,32767
71356,rtrigger,32767
71360,rtrigger,32767
71414,rtrigger,32767
71425,rtrigger,32767
71436,rtrigger,32767
71440,rtrigger,32767
71450,rtrigger,32767
71457,rtrigger,32767
71466,rtrigger,32767
71472,rtrigger,32767
71480,rtrigger,32767
71484,rtrigger,32767
71489,rtrigger,32767
71496,rtrigger,32767
71504,rtrigger,32767
71510,rtrigger,32767
71513,rtrigger,32767
71520,rtrigger,32767
71529,rtrigger,32767
71540,rtrigger,32767
71544,rtrigger,32767
71556,rtrigger,32767
71560,rtrigger,32767
71596,rtrigger,32767
71602,rtrigger,32767
71630,rtrigger,32767
71641,rtrigger,32767
71647,rtrigger,32767
71657,rtrigger,32767
71664,rtrigger,32767
71672,rtrigger,32767
71680,rtrigger,32767
71689,rtrigger,32767
71699,rtrigger,32767
71704,rtrigger,32767
71719,rtrigger,32767
71722,rtrigger,32767
71732,rtrigger,32767
71737,rtrigger,32767
71775,rtrigger,32767
71781,rtrigger,32767
71784,rtrigger,32767
71803,rtrigger,32767
71812,rtrigger,32767
71821,rtrigger,32767
71824,rtrigger,32767
71828,rtrigger,32767
71831,rtrigger,32767
71833,rtrigger,32767
71841,rtrigger,32767
71853,rtrigger,32767
71856,rtrigger,32767
71864,rtrigger,32767
71873,rtrigger,32767
71877,rtrigger,32767
71881,rtrigger,32767
71890,rtrigger,32767
71897,rtrigger,32767
71908,rtrigger,32767
71911,rtrigger,32767
71966,rtrigger,32767
71969,rtrigger,32767
71999,rtrigger,32767
72003,rtrigger,32767
72008,rtrigger,32767
72011,rtrigger,32767
72015,rtrigger,32767
72019,rtrigger,32767
72024,rtrigger,32767
72034,rtrigger,32767
72041,rtrigger,32767
72049,rtrigger,32767
72059,rtrigger,32767
72064,rtrigger,32767
72084,rtrigger,32767
72092,rtrigger,32767
72127,rtrigger,32767
72140,rtrigger,32767
72148,rtrigger,32767
72162,rtrigger,32767
72168,rtrigger,32767
72177,rtrigger,32767
72184,rtrigger,32767
72190,rtrigger,32767
72201,rtrigger,32767
72206,rtrigger,32767
72216,rtrigger,32767
72224,rtrigger,32767
72232,rtrigger,32767
72239,rtrigger,32767
72243,rtrigger,32767
72250,rtrigger,32767
72256,rtrigger,32767
72266,rtrigger,32767
72273,rtrigger,32767
72276,rtrigger,32767
72307,rtrigger,32767
72319,rtrigger,32767
72329,rtrigger,32767
72343,rtrigger,32767
72364,rtrigger,32767
72370,rtrigger,32767
72376,rtrigger,32767
72380,rtrigger,32767
72384,rtrigger,32767
72392,rtrigger,32767
72400,rtrigger,32767
72408,rtrigger,32767
72416,rtrigger,32767
72423,rtrigger,32767
72432,rtrigger,32767
72439,rtrigger,32767
72442,rtrigger,32767
72449,rtrigger,32767
72458,rtrigger,32767
72461,rtrigger,32767
72504,rtrigger,32767
72536,rtrigger,32767
72547,rtrigger,32767
72552,rtrigger,32767
72556,rtrigger,32767
72559,rtrigger,32767
72563,rtrigger,32767
72568,rtrigger,32767
72576,rtrigger,32767
72584,rtrigger,32767
72590,rtrigger,32767
72593,rtrigger,32767
72600,rtrigger,32767
72609,rtrigger,32767
72617,rtrigger,32767
72624,rtrigger,32767
72633,rtrigger,32767
72640,rtrigger,32767
72643,rtrigger,32767
72657,rtrigger,32767
72667,rtrigger,32767
72672,rtrigger,32767
72698,rtrigger,32767
72727,rtrigger,32767
72736,rtrigger,32767
72744,rtrigger,32767
72748,rtrigger,32767
72748,lstick_x,-23521
72748,lstick_y,2641
72752,rtrigger,32767
72752,lstick_x,-23521
72752,lstick_y,2641
72760,rtrigger,32767
72760,lstick_x,-23521
72760,lstick_y,2641
72771,rtrigger,32767
72771,lstick_x,-23521
72771,lstick_y,2641
72777,rtrigger,32767
72777,lstick_x,-23521
72777,lstick_y,2641
72784,rtrigger,32767
72784,lstick_x,-23521
72784,lstick_y,2641
72792,rtrigger,32767
72792,lstick_x,-23521
72792,lstick_y,2641
72800,rtrigger,32767
72800,lstick_x,-23521
72800,lstick_y,2641
72808,rtrigger,32767
72808,lstick_x,-23521
72808,lstick_y,2641
72816,rtrigger,32767
72816,lstick_x,-23521
72816,lstick_y,2641
72825,rtrigger,32767
72825,lstick_x,-23521
72825,lstick_y,2641
72828,rtrigger,32767
72828,lstick_x,-23521
72828,lstick_y,2641
72840,rtrigger,32767
72840,lstick_x,-23521
72840,lstick_y,2641
72871,rtrigger,32767
72871,lstick_x,-23521
72871,lstick_y,2641
72880,rtrigger,32767
72880,lstick_x,-23521
72880,lstick_y,2641
72902,rtrigger,32767
72902,lstick_x,-23521
72902,lstick_y,2641
72913,rtrigger,32767
72913,lstick_x,-23521
72913,lstick_y,2641
72920,rtrigger,32767
72920,lstick_x,-23521
72920,lstick_y,2641
72929,rtrigger,32767
72929,lstick_x,-32768
72929,lstick_y,6998
72932,rtrigger,32767
72932,lstick_x,-32768
72932,lstick_y,6998
72939,rtrigger,32767
72939,lstick_x,-32768
72939,lstick_y,6998
72947,rtrigger,32767
72947,lstick_x,-32768
72947,lstick_y,6998
72952,rtrigger,32767
72952,lstick_x,-32768
72952,lstick_y,6998
72960,rtrigger,32767
72960,lstick_x,-32768
72960,lstick_y,6998
72968,rtrigger,32767
72968,lstick_x,-32768
72968,lstick_y,6998
72976,rtrigger,32767
72976,lstick_x,-32768
72976,lstick_y,6998
72985,rtrigger,32767
72985,lstick_x,-32768
72985,lstick_y,6998
73008,rtrigger,32767
73008,lstick_x,-32768
73008,lstick_y,6998
73013,rtrigger,32767
73013,lstick_x,-32768
73013,lstick_y,6998
73016,rtrigger,32767
73016,lstick_x,-32768
73016,lstick_y,6998
73024,rtrigger,32767
73024,lstick_x,-32768
73024,lstick_y,6998
73032,rtrigger,32767
73032,lstick_x,-32768
73032,lstick_y,6998
73067,rtrigger,32767
73067,lstick_x,-32768
73067,lstick_y,6998
73072,rtrigger,32767
73072,lstick_x,-32768
73072,lstick_y,6998
73095,rtrigger,32767
73095,lstick_x,-32768
73095,lstick_y,6998
73108,rtrigger,32767
73108,lstick_x,-32768
73108,lstick_y,6998
73112,rtrigger,32767
73112,lstick_x,-32768
73112,lstick_y,6998
73121,rtrigger,32767
73121,lstick_x,-6978
73121,lstick_y,1552
73128,rtrigger,32767
73128,lstick_x,-6978
73128,lstick_y,1552
73136,rtrigger,32767
73136,lstick_x,-6978
73136,lstick_y,1552
73146,rtrigger,32767
73146,lstick_x,-6978
73146,lstick_y,1552
73152,rtrigger,32767
73152,lstick_x,-6978
73152,lstick_y,1552
73160,rtrigger,32767
73160,lstick_x,-6978
73160,lstick_y,1552
73163,rtrigger,32767
73163,lstick_x,-6978
73163,lstick_y,1552
73168,rtrigger,32767
73168,lstick_x,-6978
73168,lstick_y,1552
73179,rtrigger,32767
73179,lstick_x,-6978
73179,lstick_y,1552
73188,rtrigger,32767
73188,lstick_x,-6978
73188,lstick_y,1552
73194,rtrigger,32767
73194,lstick_x,-6978
73194,lstick_y,1552
73199,rtrigger,32767
73199,lstick_x,-6978
73199,lstick_y,1552
73206,rtrigger,32767
73206,lstick_x,-6978
73206,lstick_y,1552
73219,rtrigger,32767
73219,lstick_x,-6978
73219,lstick_y,1552
73224,rtrigger,32767
73224,lstick_x,-6978
73224,lstick_y,1552
73242,rtrigger,32767
73242,lstick_x,-6978
73242,lstick_y,1552
73283,rtrigger,32767
73283,lstick_x,-6978
73283,lstick_y,1552
73288,rtrigger,32767
73288,lstick_x,-6978
73288,lstick_y,1552
73296,rtrigger,32767
73296,lstick_x,-6978
73296,lstick_y,1552
73299,rtrigger,32767
73299,lstick_x,-1698
73305,rtrigger,32767
73305,lstick_x,-1698
73310,rtrigger,32767
73310,lstick_x,-1698
73321,rtrigger,32767
73321,lstick_x,-1698
73328,rtrigger,32767
73328,lstick_x,-1698
73336,rtrigger,32767
73336,lstick_x,-1698
73340,rtrigger,32767
73340,lstick_x,-1511
73340,lstick_y,-1081
73344,rtrigger,32767
73344,lstick_x,-1511
73344,lstick_y,-1081
73346,rtrigger,32767
73346,lstick_x,-1438
73346,lstick_y,-1081
73350,rtrigger,32767
73350,lstick_x,-1438
73350,lstick_y,-1081
73358,rtrigger,32767
73358,lstick_x,-1438
73358,lstick_y,-1081
73366,rtrigger,32767
73366,lstick_x,-1438
73366,lstick_y,-1081
73370,rtrigger,32767
73370,lstick_x,-1438
73370,lstick_y,-1081
73377,rtrigger,32767
73377,lstick_x,-1438
73377,lstick_y,-1081
73384,rtrigger,32767
73384,lstick_x,-1438
73384,lstick_y,-1081
73391,rtrigger,32767
73391,lstick_x,-1438
73391,lstick_y,-1081
73396,rtrigger,32767
73396,lstick_x,-1438
73396,lstick_y,-1081
73406,rtrigger,32767
73406,lstick_x,-1438
73406,lstick_y,-1081
73409,rtrigger,32767
73409,lstick_x,-1438
73409,lstick_y,-1081
73450,rtrigger,32767
73450,lstick_x,-1438
73450,lstick_y,-1081
73457,rtrigger,32767
73457,lstick_x,-1438
73457,lstick_y,-1081
73464,rtrigger,32767
73464,lstick_x,-1438
73464,lstick_y,-1081
73473,rtrigger,32767
73473,lstick_x,-1438
73473,lstick_y,-1081
73483,rtrigger,32767
73483,lstick_x,-1438
73483,lstick_y,-1081
73491,rtrigger,32767
73491,lstick_x,-1438
73491,lstick_y,-1081
73496,rtrigger,32767
73496,lstick_x,-1222
73496,lstick_y,-1119
73500,rtrigger,32767
73500,lstick_x,-1222
73500,lstick_y,-1119
73504,rtrigger,32767
73504,lstick_x,-1222
73504,lstick_y,-1119
73512,rtrigger,32767
73512,lstick_x,-1222
73512,lstick_y,-1119
73524,rtrigger,32767
73524,lstick_x,-1222
73524,lstick_y,-1119
73528,rtrigger,32767
73528,lstick_x,-1222
73528,lstick_y,-1119
73536,rtrigger,32767
73536,lstick_x,-1222
73536,lstick_y,-1119
73540,rtrigger,32767
73540,lstick_x,-1222
73540,lstick_y,-1119
73543,rtrigger,32767
73543,lstick_x,-1222
73543,lstick_y,-1119
73547,rtrigger,32767
73547,lstick_x,-1222
73547,lstick_y,-1119
73550,rtrigger,32767
73550,lstick_x,-1222
73550,lstick_y,-1119
73560,rtrigger,32767
73560,lstick_x,-1222
73560,lstick_y,-1119
73569,rtrigger,32767
73569,lstick_x,-1222
73569,lstick_y,-1119
73577,rtrigger,32767
73577,lstick_x,-1222
73577,lstick_y,-1119
73584,rtrigger,32767
73584,lstick_x,-1222
73584,lstick_y,-1119
73587,rtrigger,32767
73587,lstick_x,-1222
73587,lstick_y,-1119
73609,rtrigger,32767
73609,lstick_x,-1222
73609,lstick_y,-1119
73645,rtrigger,32767
73645,lstick_x,-1222
73645,lstick_y,-1119
73667,rtrigger,32767
73667,lstick_x,-1222
73667,lstick_y,-1119
73679,rtrigger,32767
73679,lstick_x,-1222
73679,lstick_y,-1119
73688,rtrigger,32767
73688,lstick_x,-1222
73688,lstick_y,-1119
73693,rtrigger,32767
73693,lstick_x,-1123
73698,rtrigger,32767
73698,lstick_x,-1123
73704,rtrigger,32767
73704,lstick_x,-1123
73712,rtrigger,32767
73712,lstick_x,-1123
73720,rtrigger,32767
73720,lstick_x,-1123
73728,rtrigger,32767
73728,lstick_x,-1123
73736,rtrigger,32767
73736,lstick_x,-1123
73739,rtrigger,32767
73739,lstick_x,-1123
73742,rtrigger,32767
73742,lstick_x,-1123
73745,rtrigger,32767
73745,lstick_x,-1123
73748,rtrigger,32767
73748,lstick_x,-1123
73754,rtrigger,32767
73754,lstick_x,-1123
73760,rtrigger,32767
73760,lstick_x,-1123
73770,rtrigger,32767
73770,lstick_x,-1123
73776,rtrigger,32767
73776,lstick_x,-1123
73784,rtrigger,32767
73784,lstick_x,-1123
73790,rtrigger,32767
73790,lstick_x,-1123
73801,rtrigger,32767
73801,lstick_x,-1123
73808,rtrigger,32767
73808,lstick_x,-1123
73830,rtrigger,32767
73830,lstick_x,-1123
73839,rtrigger,32767
73839,lstick_x,-1123
73845,rtrigger,32767
73845,lstick_x,-1123
73848,rtrigger,32767
73848,lstick_x,-1123
73856,rtrigger,32767
73856,lstick_x,-1123
73867,rtrigger,32767
73867,lstick_x,-1123
73882,rtrigger,32767
73882,lstick_x,-1123
73890,rtrigger,32767
73890,lstick_x,-1071
73901,rtrigger,32767
73901,lstick_x,-1071
73906,rtrigger,32767
73906,lstick_x,-1071
73917,rtrigger,32767
73917,lstick_x,-1071
73920,rtrigger,32767
73920,lstick_x,-1071
73928,rtrigger,32767
73928,lstick_x,-1071
73932,rtrigger,32767
73932,lstick_x,-1071
73936,rtrigger,32767
73936,lstick_x,-1071
73943,rtrigger,32767
73943,lstick_x,-1071
73966,rtrigger,32767
73966,lstick_x,-1071
73973,rtrigger,32767
73973,lstick_x,-1071
74000,rtrigger,32767
74000,lstick_x,-1071
74008,rtrigger,32767
74008,lstick_x,-1071
74025,rtrigger,32767
74025,lstick_x,-1071
74028,rtrigger,32767
74028,lstick_x,-1071
74032,rtrigger,32767
74032,lstick_x,-1071
74049,rtrigger,32767
74049,lstick_x,-1071
74056,rtrigger,32767
74056,lstick_x,-1071
74063,rtrigger,32767
74063,lstick_x,-1071
74071,rtrigger,32767
74071,lstick_x,-1071
74077,rtrigger,32767
74077,lstick_x,-1071
74081,rtrigger,32767
74081,lstick_x,-1071
74089,rtrigger,32767
74089,lstick_x,-1071
74097,rtrigger,32767
74097,lstick_x,-1071
74105,rtrigger,32767
74105,lstick_x,-1071
74112,rtrigger,32767
74112,lstick_x,-1071
74120,rtrigger,32767
74120,lstick_x,-1071
74123,rtrigger,32767
74123,lstick_x,-1071
74125,rtrigger,32767
74125,lstick_x,-1071
74128,rtrigger,32767
74128,lstick_x,-1071
74131,rtrigger,32767
74131,lstick_x,-1071
74137,rtrigger,32767
74137,lstick_x,-1071
74148,rtrigger,32767
74148,lstick_x,-1071
74152,rtrigger,32767
74152,lstick_x,-1071
74163,rtrigger,32767
74163,lstick_x,-1071
74169,rtrigger,32767
74169,lstick_x,-1071
74177,rtrigger,32767
74177,lstick_x,-1071
74187,rtrigger,32767
74187,lstick_x,-1071
74198,rtrigger,32767
74198,lstick_x,-1071
74209,rtrigger,32767
74209,lstick_x,-1071
74217,rtrigger,32767
74217,lstick_x,-1071
74231,rtrigger,32767
74231,lstick_x,-1071
74235,rtrigger,32767
74235,lstick_x,-1071
74243,rtrigger,32767
74243,lstick_x,-1071
74274,rtrigger,32767
74274,lstick_x,-1071
74278,rtrigger,32767
74278,lstick_x,-1071
74280,rtrigger,32767
74280,lstick_x,-1071
74283,rtrigger,32767
74283,lstick_x,-1071
74288,rtrigger,32767
74288,lstick_x,-1071
74297,rtrigger,32767
74297,lstick_x,-1071
74304,rtrigger,32767
74304,lstick_x,-1071
74312,rtrigger,32767
74312,lstick_x,-1071
74395,rtrigger,32767
74395,lstick_x,-1071
74400,rtrigger,32767
74400,lstick_x,-1071
74408,rtrigger,32767
74408,lstick_x,-1071
74411,rtrigger,32767
74411,lstick_x,-1071
74417,rtrigger,32767
74417,lstick_x,-1071
74424,rtrigger,32767
74424,lstick_x,-1071
74433,rtrigger,32767
74433,lstick_x,-1071
74444,rtrigger,32767
74444,lstick_x,-1071
74448,rtrigger,32767
74448,lstick_x,-1071
74482,rtrigger,32767
74482,lstick_x,-1071
74509,rtrigger,32767
74509,lstick_x,-1071
74514,rtrigger,32767
74514,lstick_x,-1071
74539,rtrigger,32767
74539,lstick_x,-1071
74552,rtrigger,32767
74552,lstick_x,-1071
74556,rtrigger,32767
74556,lstick_x,-1071
74560,rtrigger,32767
74560,lstick_x,-1071
74568,rtrigger,32767
74568,lstick_x,-1071
74577,rtrigger,32767
74577,lstick_x,-1071
74584,rtrigger,32767
74584,lstick_x,-1071
74592,rtrigger,32767
74592,lstick_x,-1071
74600,rtrigger,32767
74600,lstick_x,-1071
74605,rtrigger,32767
74605,lstick_x,-1071
74608,rtrigger,32767
74608,lstick_x,-1071
74611,rtrigger,32767
74611,lstick_x,-1071
74614,rtrigger,32767
74614,lstick_x,-1071
74617,rtrigger,32767
74617,lstick_x,-1071
74624,rtrigger,32767
74624,lstick_x,-1071
74633,rtrigger,32767
74633,lstick_x,-1071
74652,rtrigger,32767
74652,lstick_x,-1071
74656,rtrigger,32767
74656,lstick_x,-1071
74674,rtrigger,32767
74674,lstick_x,-1071
74716,rtrigger,32767
74716,lstick_x,-1071
74735,rtrigger,32767
74735,lstick_x,-1071
74739,rtrigger,32767
74739,lstick_x,-1071
74742,rtrigger,32767
74742,lstick_x,-1071
74753,rtrigger,32767
74753,lstick_x,-1071
74762,rtrigger,32767
74762,lstick_x,-1071
74772,rtrigger,32767
74772,lstick_x,-1071
74775,rtrigger,32767
74775,lstick_x,-1071
74779,rtrigger,32767
74779,lstick_x,-1071
74783,rtrigger,32767
74783,lstick_x,-1071
74790,rtrigger,32767
74790,lstick_x,-1071
74793,rtrigger,32767
74793,lstick_x,-1071
74802,rtrigger,32767
74802,lstick_x,-1071
74808,rtrigger,32767
74808,lstick_x,-1071
74814,rtrigger,32767
74814,lstick_x,-1071
74817,rtrigger,32767
74817,lstick_x,-1071
74824,rtrigger,32767
74824,lstick_x,-1071
74834,rtrigger,32767
74834,lstick_x,-1071
74839,rtrigger,32767
74839,lstick_x,-1071
74843,rtrigger,32767
74843,lstick_x,-1071
74846,rtrigger,32767
74846,lstick_x,-1071
74849,rtrigger,32767
74849,lstick_x,-1071
74856,rtrigger,32767
74856,lstick_x,-1071
74867,rtrigger,32767
74867,lstick_x,-1071
74872,rtrigger,32767
74872,lstick_x,-1071
74886,rtrigger,32767
74886,lstick_x,-1071
74894,rtrigger,32767
74894,lstick_x,-1071
74910,rtrigger,32767
74910,lstick_x,-1071
74927,rtrigger,32767
74927,lstick_x,-1071
74940,rtrigger,32767
74940,lstick_x,-1071
74958,rtrigger,32767
74958,lstick_x,-1071
74981,rtrigger,32767
74981,lstick_x,-1071
74986,rtrigger,32767
74986,lstick_x,-1071
74990,rtrigger,32767
74990,lstick_x,-1071
74998,rtrigger,32767
74998,lstick_x,-1071
75003,rtrigger,32767
75003,lstick_x,-1071
75008,rtrigger,32767
75008,lstick_x,-1071
75013,rtrigger,32767
75013,lstick_x,-1071
75017,rtrigger,32767
75017,lstick_x,-1071
75024,rtrigger,32767
75024,lstick_x,-1071
75027,rtrigger,32767
75027,lstick_x,-1071
75030,rtrigger,32767
75030,lstick_x,-1071
75039,rtrigger,32767
75039,lstick_x,-1071
75049,rtrigger,32767
75049,lstick_x,-1071
75056,rtrigger,32767
75056,lstick_x,-1071
75063,rtrigger,32767
75063,lstick_x,-1071
75080,rtrigger,32767
75080,lstick_x,-1071
75089,rtrigger,32767
75089,lstick_x,-1071
75099,rtrigger,32767
75099,lstick_x,-1071
75108,rtrigger,32767
75108,lstick_x,-1071
75134,rtrigger,32767
75134,lstick_x,-1071
75138,rtrigger,32767
75138,lstick_x,-1071
75152,rtrigger,32767
75152,lstick_x,-1071
75160,rtrigger,32767
75160,lstick_x,-1071
75182,rtrigger,32767
75182,lstick_x,-1071
75185,rtrigger,32767
75185,lstick_x,-1071
75193,rtrigger,32767
75193,lstick_x,-1071
75199,rtrigger,32767
75199,lstick_x,-1071
75202,rtrigger,32767
75202,lstick_x,-1071
75209,rtrigger,32767
75209,lstick_x,-1071
75219,rtrigger,32767
75219,lstick_x,-1071
75224,rtrigger,32767
75224,lstick_x,-1071
75232,rtrigger,32767
75232,lstick_x,-1071
75239,rtrigger,32767
75239,lstick_x,-1071
75241,rtrigger,32767
75241,lstick_x,-1071
75245,rtrigger,32767
75245,lstick_x,-1071
75248,rtrigger,32767
75248,lstick_x,-1071
75251,rtrigger,32767
75251,lstick_x,-1071
75258,rtrigger,32767
75258,lstick_x,-1071
75269,rtrigger,32767
75269,lstick_x,-1071
75274,rtrigger,32767
75274,lstick_x,-1071
75285,rtrigger,32767
75285,lstick_x,-1071
75289,rtrigger,32767
75296,rtrigger,32767
75306,rtrigger,32767
75318,rtrigger,32767
75339,rtrigger,32767
75351,rtrigger,32767
75363,rtrigger,32767
75370,rtrigger,32767
75389,lstick_y,-1073
75395,lstick_y,-1073
75405,lstick_y,-1073
75410,lstick_y,-1073
75423,lstick_y,-1073
75437,lstick_y,-1073
75441,lstick_y,-1073
75454,lstick_y,-1073
75464,lstick_y,-1073
75474,lstick_y,-1073
75491,lstick_y,-1073
75504,lstick_y,-1073
75523,lstick_y,-1073
75528,lstick_y,-1073
75537,lstick_y,-1073
75544,lstick_y,-1073
75555,lstick_y,-1073
75564,lstick_y,-1073
75572,lstick_y,-1073
75784,lstick_x,32767
75784,lstick_y,-4606
75792,lstick_x,32767
75792,lstick_y,-4768
75803,lstick_x,32767
75803,lstick_y,-4768
75808,lstick_x,32767
75808,lstick_y,-4768
75834,lstick_x,32767
75834,lstick_y,-4768
75844,lstick_x,32367
75844,lstick_y,-5040
75849,lstick_x,32367
75849,lstick_y,-5040
75856,lstick_x,24891
75856,lstick_y,-4746
75865,lstick_x,24891
75865,lstick_y,-4746
75873,lstick_x,24891
75873,lstick_y,-4746
75880,lstick_x,24891
75880,lstick_y,-4746
75888,lstick_x,24891
75888,lstick_y,-4746
75904,lstick_x,24891
75904,lstick_y,-4746
75912,lstick_x,24891
75912,lstick_y,-4746
75915,lstick_x,24891
75915,lstick_y,-4746
75922,lstick_x,24891
75922,lstick_y,-4746
75928,lstick_x,24891
75928,lstick_y,-4746
75946,lstick_x,24891
75946,lstick_y,-4746
75954,lstick_x,24891
75954,lstick_y,-4746
75960,lstick_x,24891
75960,lstick_y,-4746
75969,lstick_x,24891
75969,lstick_y,-4746
75977,lstick_x,1668
76024,lstick_x,1668
76053,lstick_x,1668
76058,lstick_x,1668
76073,lstick_x,1668
76087,lstick_x,1668
76091,lstick_x,1668
76096,lstick_x,1379
76099,lstick_x,1379
76104,lstick_x,1379
76112,lstick_x,1379
76120,lstick_x,1379
76128,lstick_x,1379
76136,lstick_x,1379
76140,lstick_x,1379
76143,lstick_x,1379
76146,lstick_x,1379
76153,lstick_x,1379
76161,lstick_x,1379
76179,lstick_x,1379
76185,lstick_x,1379
76189,lstick_x,1379
76192,lstick_x,1379
76213,lstick_x,1379
76218,lstick_x,1379
76226,lstick_x,1379
76232,lstick_x,1379
76244,lstick_x,1379
76266,lstick_x,1379
76284,lstick_x,1379
76289,lstick_x,1379
76292,rtrigger,32767
76292,lstick_x,1279
76296,rtrigger,32767
76296,lstick_x,1279
76304,rtrigger,32767
76304,lstick_x,1279
76307,rtrigger,32767
76307,lstick_x,1279
76310,rtrigger,32767
76310,lstick_x,1279
76315,rtrigger,32767
76315,lstick_x,1279
76324,rtrigger,32767
76324,lstick_x,1279
76328,rtrigger,32767
76328,lstick_x,1279
76337,rtrigger,32767
76337,lstick_x,1279
76343,rtrigger,32767
76343,lstick_x,1279
76353,rtrigger,32767
76353,lstick_x,1279
76360,rtrigger,32767
76360,lstick_x,1279
76369,rtrigger,32767
76369,lstick_x,1279
76376,rtrigger,32767
76376,lstick_x,1279
76404,rtrigger,32767
76404,lstick_x,1279
76431,rtrigger,32767
76431,lstick_x,1279
76433,rtrigger,32767
76433,lstick_x,1279
76441,rtrigger,32767
76441,lstick_x,1279
76449,rtrigger,32767
76449,lstick_x,1279
76466,rtrigger,32767
76466,lstick_x,1279
76472,rtrigger,32767
76472,lstick_x,1279
76479,rtrigger,32767
76479,lstick_x,1279
76487,rtrigger,32767
76487,lstick_x,1279
76489,rtrigger,32767
76489,lstick_x,1279
76497,rtrigger,32767
76497,lstick_x,1279
76504,rtrigger,32767
76504,lstick_x,1279
76513,rtrigger,32767
76513,lstick_x,1279
76520,rtrigger,32767
76520,lstick_x,1279
76523,rtrigger,32767
76523,lstick_x,1279
76526,rtrigger,32767
76526,lstick_x,1279
76529,rtrigger,32767
76529,lstick_x,1279
76532,rtrigger,32767
76532,lstick_x,1279
76539,rtrigger,32767
76539,lstick_x,1279
76551,rtrigger,32767
76551,lstick_x,1279
76562,rtrigger,32767
76562,lstick_x,1279
76568,rtrigger,32767
76568,lstick_x,1279
76576,rtrigger,32767
76576,lstick_x,1279
76587,rtrigger,32767
76587,lstick_x,1279
76593,rtrigger,32767
76593,lstick_x,1279
76600,rtrigger,32767
76600,lstick_x,1279
76627,rtrigger,32767
76627,lstick_x,1279
76632,rtrigger,32767
76632,lstick_x,1279
76644,rtrigger,32767
76644,lstick_x,1279
76653,rtrigger,32767
76653,lstick_x,1279
76665,rtrigger,32767
76665,lstick_x,1279
76672,rtrigger,32767
76672,lstick_x,1279
76677,rtrigger,32767
76677,lstick_x,1279
76681,rtrigger,32767
76681,lstick_x,1279
76692,rtrigger,32767
76692,lstick_x,1279
76696,rtrigger,32767
76696,lstick_x,1279
76704,rtrigger,32767
76704,lstick_x,1279
76713,rtrigger,32767
76713,lstick_x,1279
76720,rtrigger,32767
76720,lstick_x,1279
76724,rtrigger,32767
76724,lstick_x,1279
76728,rtrigger,32767
76728,lstick_x,1279
76731,rtrigger,32767
76731,lstick_x,1279
76739,rtrigger,32767
76739,lstick_x,1279
76745,rtrigger,32767
76745,lstick_x,1279
76753,rtrigger,32767
76753,lstick_x,1279
76762,rtrigger,32767
76762,lstick_x,1279
76774,rtrigger,32767
76774,lstick_x,25243
76774,lstick_y,-2086
76790,rtrigger,32767
76790,lstick_x,25243
76790,lstick_y,-2086
76805,rtrigger,32767
76805,lstick_x,25243
76805,lstick_y,-2086
76808,rtrigger,32767
76808,lstick_x,25243
76808,lstick_y,-2086
76819,rtrigger,32767
76819,lstick_x,25243
76819,lstick_y,-2086
76826,rtrigger,32767
76826,lstick_x,25243
76826,lstick_y,-2086
76847,rtrigger,32767
76847,lstick_x,25243
76847,lstick_y,-2086
76856,rtrigger,32767
76856,lstick_x,25243
76856,lstick_y,-2086
76866,rtrigger,32767
76866,lstick_x,25243
76866,lstick_y,-2086
76873,rtrigger,32767
76873,lstick_x,32767
76873,lstick_y,-10743
76880,rtrigger,32767
76880,lstick_x,32767
76880,lstick_y,-10743
76891,rtrigger,32767
76891,lstick_x,32767
76891,lstick_y,-10743
76896,rtrigger,32767
76896,lstick_x,32767
76896,lstick_y,-10743
76904,rtrigger,32767
76904,lstick_x,32767
76904,lstick_y,-10743
76913,rtrigger,32767
76913,lstick_x,32767
76913,lstick_y,-10743
76920,rtrigger,32767
76920,lstick_x,32767
76920,lstick_y,-10743
76931,rtrigger,32767
76931,lstick_x,32767
76931,lstick_y,-10743
76938,rtrigger,32767
76938,lstick_x,32767
76938,lstick_y,-10743
76944,rtrigger,32767
76944,lstick_x,32767
76944,lstick_y,-10743
76952,rtrigger,32767
76952,lstick_x,32767
76952,lstick_y,-10743
76956,rtrigger,32767
76956,lstick_x,21351
76956,lstick_y,-9877
76971,rtrigger,32767
76971,lstick_x,21351
76971,lstick_y,-9877
76995,rtrigger,32767
76995,lstick_x,21351
76995,lstick_y,-9877
77035,rtrigger,32767
77035,lstick_x,21351
77035,lstick_y,-9877
77043,rtrigger,32767
77043,lstick_x,3427
77047,rtrigger,32767
77047,lstick_x,3026
77056,rtrigger,32767
77056,lstick_x,3026
77061,rtrigger,32767
77061,lstick_x,2705
77064,rtrigger,32767
77064,lstick_x,2705
77073,rtrigger,32767
77073,lstick_x,2705
77080,rtrigger,32767
77080,lstick_x,2705
77088,rtrigger,32767
77088,lstick_x,2448
77096,rtrigger,32767
77096,lstick_x,2243
77105,rtrigger,32767
77105,lstick_x,2243
77113,rtrigger,32767
77113,lstick_x,2243
77120,rtrigger,32767
77120,lstick_x,2243
77137,rtrigger,32767
77137,lstick_x,2243
77146,rtrigger,32767
77146,lstick_x,2243
77153,rtrigger,32767
77153,lstick_x,2243
77160,rtrigger,32767
77160,lstick_x,2243
77172,rtrigger,32767
77172,lstick_x,2243
77178,rtrigger,32767
77178,lstick_x,2243
77203,rtrigger,32767
77203,lstick_x,2243
77210,rtrigger,32767
77210,lstick_x,2243
77216,rtrigger,32767
77216,lstick_x,2243
77224,rtrigger,32767
77224,lstick_x,2243
77246,rtrigger,32767
77246,lstick_x,2243
77249,rtrigger,32767
77249,lstick_x,2243
77255,rtrigger,32767
77255,lstick_x,1515
77262,rtrigger,32767
77262,lstick_x,1515
77272,rtrigger,32767
77272,lstick_x,1515
77281,rtrigger,32767
77281,lstick_x,1515
77289,rtrigger,32767
77289,lstick_x,1515
77297,rtrigger,32767
77297,lstick_x,1515
77304,rtrigger,32767
77304,lstick_x,1515
77307,rtrigger,32767
77307,lstick_x,1515
77310,rtrigger,32767
77310,lstick_x,1515
77320,rtrigger,32767
77320,lstick_x,1515
77328,rtrigger,32767
77328,lstick_x,1515
77340,rtrigger,32767
77340,lstick_x,1515
77349,rtrigger,32767
77349,lstick_x,1515
77352,rtrigger,32767
77352,lstick_x,1515
77357,rtrigger,32767
77357,lstick_x,1515
77360,rtrigger,32767
77360,lstick_x,1515
77374,rtrigger,32767
77374,lstick_x,1515
77399,rtrigger,32767
77399,lstick_x,1515
77412,rtrigger,32767
77412,lstick_x,1515
77416,rtrigger,32767
77416,lstick_x,1515
77425,rtrigger,32767
77425,lstick_x,1515
77440,rtrigger,32767
77440,lstick_x,1515
77452,rtrigger,32767
77452,lstick_x,1515
77457,rtrigger,32767
77457,lstick_x,1409
77474,rtrigger,32767
77474,lstick_x,1409
77480,rtrigger,32767
77480,lstick_x,1409
77488,rtrigger,32767
77488,lstick_x,1409
77496,rtrigger,32767
77496,lstick_x,1409
77500,rtrigger,32767
77500,lstick_x,1409
77506,rtrigger,32767
77506,lstick_x,1409
77512,rtrigger,32767
77512,lstick_x,1409
77520,rtrigger,32767
77520,lstick_x,1409
77528,rtrigger,32767
77528,lstick_x,1409
77537,rtrigger,32767
77537,lstick_x,1409
77542,rtrigger,32767
77542,lstick_x,1409
77566,rtrigger,32767
77566,lstick_x,1409
77572,rtrigger,32767
77572,lstick_x,1409
77599,rtrigger,32767
77599,lstick_x,1409
77630,rtrigger,32767
77630,lstick_x,1409
77634,rtrigger,32767
77634,lstick_x,1409
77640,rtrigger,32767
77640,lstick_x,1409
77644,rtrigger,32767
77644,lstick_x,1409
77647,rtrigger,32767
77647,lstick_x,1409
77657,rtrigger,32767
77657,lstick_x,1409
77661,rtrigger,32767
77661,lstick_x,1409
77664,rtrigger,32767
77664,lstick_x,1409
77682,rtrigger,32767
77682,lstick_x,1409
77689,rtrigger,32767
77689,lstick_x,1409
77696,rtrigger,32767
77696,lstick_x,1409
77701,rtrigger,32767
77701,lstick_x,1409
77704,rtrigger,32767
77704,lstick_x,1409
77707,rtrigger,32767
77707,lstick_x,1409
77710,rtrigger,32767
77710,lstick_x,1409
77714,rtrigger,32767
77714,lstick_x,1409
77717,rtrigger,32767
77717,lstick_x,1409
77724,rtrigger,32767
77724,lstick_x,1409
77731,rtrigger,32767
77731,lstick_x,1409
77738,rtrigger,32767
77738,lstick_x,1409
77751,rtrigger,32767
77751,lstick_x,1409
77760,rtrigger,32767
77760,lstick_x,1409
77775,rtrigger,32767
77775,lstick_x,1409
77810,rtrigger,32767
77810,lstick_x,1409
77819,rtrigger,32767
77819,lstick_x,1409
77831,rtrigger,32767
77831,lstick_x,1409
77853,rtrigger,32767
77853,lstick_x,1409
77858,rtrigger,32767
77858,lstick_x,1409
77863,rtrigger,32767
77863,lstick_x,1409
77866,rtrigger,32767
77866,lstick_x,1409
77872,rtrigger,32767
77872,lstick_x,1409
77876,rtrigger,32767
77876,lstick_x,1409
77880,rtrigger,32767
77880,lstick_x,1409
77888,rtrigger,32767
77888,lstick_x,1409
77892,rtrigger,32767
77892,lstick_x,1409
77896,rtrigger,32767
77896,lstick_x,1409
77908,rtrigger,32767
77908,lstick_x,1409
77912,rtrigger,32767
77912,lstick_x,1409
77916,rtrigger,32767
77916,lstick_x,1409
77923,rtrigger,32767
77923,lstick_x,1409
77932,rtrigger,32767
77932,lstick_x,1409
77945,rtrigger,32767
77945,lstick_x,1409
77952,rtrigger,32767
77952,lstick_x,1409
77960,rtrigger,32767
77960,lstick_x,1409
77984,rtrigger,32767
77984,lstick_x,1409
78001,rtrigger,32767
78001,lstick_x,1409
78009,rtrigger,32767
78009,lstick_x,1409
78017,rtrigger,32767
78017,lstick_x,1409
78025,rtrigger,32767
78025,lstick_x,1409
78049,rtrigger,32767
78049,lstick_x,1409
78061,rtrigger,32767
78061,lstick_x,1409
78064,rtrigger,32767
78064,lstick_x,1409
78075,rtrigger,32767
78075,lstick_x,1409
78080,rtrigger,32767
78080,lstick_x,1409
78090,rtrigger,32767
78090,lstick_x,1409
78097,rtrigger,32767
78097,lstick_x,1409
78104,rtrigger,32767
78104,lstick_x,1409
78111,rtrigger,32767
78111,lstick_x,1409
78114,rtrigger,32767
78114,lstick_x,1409
78120,rtrigger,32767
78120,lstick_x,1409
78123,rtrigger,32767
78123,lstick_x,1409
78127,rtrigger,32767
78127,lstick_x,1409
78136,rtrigger,32767
78136,lstick_x,1409
78149,rtrigger,32767
78149,lstick_x,1409
78153,rtrigger,32767
78153,lstick_x,1409
78163,rtrigger,32767
78163,lstick_x,1409
78169,rtrigger,32767
78169,lstick_x,1409
78178,rtrigger,32767
78178,lstick_x,1409
78200,rtrigger,32767
78200,lstick_x,1409
78222,rtrigger,32767
78222,lstick_x,1409
78232,rtrigger,32767
78232,lstick_x,1409
78243,rtrigger,32767
78243,lstick_x,1409
78259,rtrigger,32767
78259,lstick_x,1409
78267,rtrigger,32767
78267,lstick_x,1409
78272,rtrigger,32767
78272,lstick_x,1409
78277,rtrigger,32767
78277,lstick_x,1409
78285,rtrigger,32767
78285,lstick_x,1409
78291,rtrigger,32767
78291,lstick_x,1409
78296,rtrigger,32767
78296,lstick_x,1409
78304,rtrigger,32767
78304,lstick_x,1409
78312,rtrigger,32767
78312,lstick_x,1409
78323,rtrigger,32767
78323,lstick_x,1409
78328,rtrigger,32767
78328,lstick_x,1409
78336,rtrigger,32767
78336,lstick_x,1409
78354,rtrigger,32767
78354,lstick_x,1409
78360,rtrigger,32767
78360,lstick_x,1409
78366,rtrigger,32767
78366,lstick_x,1409
78371,rtrigger,32767
78371,lstick_x,1409
78394,rtrigger,32767
78394,lstick_x,1409
78425,rtrigger,32767
78425,lstick_x,1409
78432,rtrigger,32767
78432,lstick_x,1409
78459,rtrigger,32767
78459,lstick_x,1409
78464,rtrigger,32767
78464,lstick_x,1409
78472,rtrigger,32767
78472,lstick_x,1409
78475,rtrigger,32767
78475,lstick_x,1409
78479,rtrigger,32767
78479,lstick_x,1409
78483,rtrigger,32767
78483,lstick_x,1409
78488,rtrigger,32767
78488,lstick_x,1409
78496,rtrigger,32767
78496,lstick_x,1409
78505,rtrigger,32767
78505,lstick_x,1409
78512,rtrigger,32767
78512,lstick_x,1409
78520,rtrigger,32767
78520,lstick_x,1409
78532,rtrigger,32767
78532,lstick_x,1409
78537,rtrigger,32767
78537,lstick_x,1409
78544,rtrigger,32767
78544,lstick_x,1409
78552,rtrigger,32767
78552,lstick_x,1409
78566,rtrigger,32767
78566,lstick_x,1409
78583,rtrigger,32767
78583,lstick_x,1409
78597,rtrigger,32767
78597,lstick_x,1409
78600,rtrigger,32767
78600,lstick_x,1409
78623,rtrigger,32767
78623,lstick_x,1409
78637,rtrigger,32767
78637,lstick_x,1409
78649,rtrigger,32767
78649,lstick_x,1409
78658,rtrigger,32767
78658,lstick_x,1409
78666,rtrigger,32767
78666,lstick_x,1409
78673,rtrigger,32767
78673,lstick_x,1409
78680,rtrigger,32767
78680,lstick_x,1409
78688,rtrigger,32767
78688,lstick_x,1409
78696,rtrigger,32767
78696,lstick_x,1409
78704,rtrigger,32767
78704,lstick_x,1409
78713,rtrigger,32767
78713,lstick_x,1409
78720,rtrigger,32767
78720,lstick_x,1409
78728,rtrigger,32767
78728,lstick_x,1409
78731,rtrigger,32767
78731,lstick_x,1409
78734,rtrigger,32767
78734,lstick_x,1409
78741,rtrigger,32767
78741,lstick_x,1409
78743,rtrigger,32767
78743,lstick_x,1409
78757,rtrigger,32767
78757,lstick_x,1409
78769,rtrigger,32767
78769,lstick_x,1409
78776,rtrigger,32767
78776,lstick_x,1409
78784,rtrigger,32767
78784,lstick_x,1409
78810,rtrigger,32767
78810,lstick_x,1409
78827,rtrigger,32767
78827,lstick_x,1409
78841,rtrigger,32767
78841,lstick_x,1409
78867,rtrigger,32767
78867,lstick_x,1409
78881,rtrigger,32767
78881,lstick_x,1409
78891,rtrigger,32767
78891,lstick_x,1409
78895,rtrigger,32767
78895,lstick_x,1409
78899,rtrigger,32767
78899,lstick_x,1409
78904,rtrigger,32767
78904,lstick_x,1409
78908,rtrigger,32767
78908,lstick_x,1409
78915,rtrigger,32767
78915,lstick_x,1409
78920,rtrigger,32767
78920,lstick_x,1409
78923,rtrigger,32767
78923,lstick_x,1409
78927,rtrigger,32767
78927,lstick_x,1409
78936,rtrigger,32767
78936,lstick_x,1409
78944,rtrigger,32767
78944,lstick_x,1409
78951,rtrigger,32767
78951,lstick_x,1409
78957,rtrigger,32767
78957,lstick_x,1409
78965,rtrigger,32767
78965,lstick_x,1409
78970,rtrigger,32767
78970,lstick_x,1409
78976,rtrigger,32767
78976,lstick_x,1409
79002,rtrigger,32767
79002,lstick_x,1409
79007,rtrigger,32767
79007,lstick_x,1409
79023,rtrigger,32767
79023,lstick_x,1409
79033,rtrigger,32767
79033,lstick_x,1409
79061,rtrigger,32767
79061,lstick_x,1409
79065,rtrigger,32767
79065,lstick_x,1409
79093,rtrigger,32767
79093,lstick_x,1409
79099,rtrigger,32767
79099,lstick_x,1409
79104,rtrigger,32767
79104,lstick_x,1409
79113,rtrigger,32767
79113,lstick_x,1409
79120,rtrigger,32767
79120,lstick_x,1409
79124,rtrigger,32767
79124,lstick_x,1409
79129,rtrigger,32767
79129,lstick_x,1409
79137,rtrigger,32767
79137,lstick_x,1409
79145,rtrigger,32767
79145,lstick_x,1409
79152,rtrigger,32767
79152,lstick_x,1409
79160,rtrigger,32767
79160,lstick_x,1409
79164,rtrigger,32767
79164,lstick_x,1409
79169,rtrigger,32767
79169,lstick_x,1409
79184,rtrigger,32767
79184,lstick_x,1409
79258,rtrigger,32767
79258,lstick_x,1409
79266,rtrigger,32767
79266,lstick_x,1409
79273,rtrigger,32767
79273,lstick_x,1409
79280,rtrigger,32767
79280,lstick_x,1409
79295,rtrigger,32767
79295,lstick_x,1409
79310,rtrigger,32767
79310,lstick_x,1409
79313,rtrigger,32767
79313,lstick_x,1409
79323,rtrigger,32767
79323,lstick_x,1409
79350,rtrigger,32767
79350,lstick_x,1409
79362,rtrigger,32767
79362,lstick_x,1409
79370,rtrigger,32767
79370,lstick_x,1409
79374,rtrigger,32767
79374,lstick_x,1409
79377,rtrigger,32767
79377,lstick_x,1409
79380,rtrigger,32767
79380,lstick_x,1409
79386,rtrigger,32767
79386,lstick_x,1409
79396,rtrigger,32767
79396,lstick_x,1409
79400,rtrigger,32767
79400,lstick_x,1409
79410,rtrigger,32767
79410,lstick_x,1409
79417,rtrigger,32767
79417,lstick_x,1409
79423,rtrigger,32767
79423,lstick_x,1409
79426,rtrigger,32767
79426,lstick_x,1409
79434,rtrigger,32767
79434,lstick_x,1409
79440,rtrigger,32767
79440,lstick_x,1409
79449,rtrigger,32767
79449,lstick_x,1409
79461,rtrigger,32767
79461,lstick_x,1409
79468,rtrigger,32767
79468,lstick_x,1409
79473,rtrigger,32767
79473,lstick_x,1409
79488,rtrigger,32767
79488,lstick_x,1409
79506,rtrigger,32767
79506,lstick_x,1409
79513,rtrigger,32767
79513,lstick_x,1409
79526,rtrigger,32767
79526,lstick_x,1409
79531,rtrigger,32767
79531,lstick_x,1409
79538,rtrigger,32767
79538,lstick_x,1409
79549,rtrigger,32767
79549,lstick_x,1409
79557,rtrigger,32767
79557,lstick_x,1409
79570,rtrigger,32767
79570,lstick_x,1409
79577,rtrigger,32767
79577,lstick_x,1409
79583,rtrigger,32767
79583,lstick_x,1409
79592,rtrigger,32767
79592,lstick_x,1409
79600,rtrigger,32767
79600,lstick_x,1409
79609,rtrigger,32767
79609,lstick_x,1409
79616,rtrigger,32767
79616,lstick_x,1409
79626,rtrigger,32767
79626,lstick_x,1409
79632,rtrigger,32767
79632,lstick_x,1409
79640,rtrigger,32767
79640,lstick_x,1409
79648,rtrigger,32767
79648,lstick_x,1409
79660,rtrigger,32767
79660,lstick_x,1409
79667,rtrigger,32767
79667,lstick_x,1409
79677,rtrigger,32767
79677,lstick_x,1409
79683,rtrigger,32767
79683,lstick_x,1409
79694,rtrigger,32767
79694,lstick_x,1409
79714,rtrigger,32767
79714,lstick_x,1409
79723,rtrigger,32767
79723,lstick_x,1409
79745,rtrigger,32767
79745,lstick_x,1409
79754,rtrigger,32767
79754,lstick_x,1409
79769,rtrigger,32767
79769,lstick_x,1409
79776,rtrigger,32767
79776,lstick_x,1409
79780,rtrigger,32767
79780,lstick_x,1409
79785,rtrigger,32767
79785,lstick_x,1409
79792,rtrigger,32767
79792,lstick_x,1409
79803,rtrigger,32767
79803,lstick_x,1409
79808,rtrigger,32767
79808,lstick_x,1409
79816,rtrigger,32767
79816,lstick_x,1409
79827,rtrigger,32767
79827,lstick_x,1409
79839,rtrigger,32767
79839,lstick_x,1409
79848,rtrigger,32767
79848,lstick_x,1409
79858,rtrigger,32767
79858,lstick_x,1409
79866,rtrigger,32767
79866,lstick_x,1409
79874,rtrigger,32767
79874,lstick_x,1409
79906,rtrigger,32767
79906,lstick_x,1409
79923,rtrigger,32767
79923,lstick_x,1409
79928,rtrigger,32767
79928,lstick_x,1409
79952,rtrigger,32767
79952,lstick_x,1409
79964,rtrigger,32767
79964,lstick_x,1409
79969,rtrigger,32767
79969,lstick_x,1409
79975,rtrigger,32767
79975,lstick_x,1409
79979,rtrigger,32767
79979,lstick_x,1409
79986,rtrigger,32767
79986,lstick_x,1409
79996,rtrigger,32767
79996,lstick_x,1409
80000,rtrigger,32767
80000,lstick_x,1409
80008,rtrigger,32767
80008,lstick_x,1409
80016,rtrigger,32767
80016,lstick_x,1409
80024,rtrigger,32767
80024,lstick_x,1409
80032,rtrigger,32767
80032,lstick_x,1409
80040,rtrigger,32767
80040,lstick_x,1409
80048,rtrigger,32767
80048,lstick_x,1409
80056,rtrigger,32767
80056,lstick_x,1409
80064,rtrigger,32767
80064,lstick_x,1409
80072,rtrigger,32767
80072,lstick_x,1409
80093,rtrigger,32767
80093,lstick_x,1409
80104,rtrigger,32767
80104,lstick_x,1409
80123,rtrigger,32767
80123,lstick_x,1409
80128,rtrigger,32767
80128,lstick_x,1409
80141,rtrigger,32767
80141,lstick_x,1409
80166,rtrigger,32767
80166,lstick_x,1409
80171,rtrigger,32767
80171,lstick_x,1409
80176,rtrigger,32767
80176,lstick_x,1409
80182,rtrigger,32767
80182,lstick_x,1409
80185,rtrigger,32767
80185,lstick_x,1409
80189,rtrigger,32767
80189,lstick_x,1409
80195,rtrigger,32767
80195,lstick_x,1409
80203,rtrigger,32767
80203,lstick_x,1409
80211,rtrigger,32767
80211,lstick_x,1409
80217,rtrigger,32767
80217,lstick_x,1409
80224,rtrigger,32767
80224,lstick_x,1409
80230,rtrigger,32767
80230,lstick_x,1409
80244,rtrigger,32767
80244,lstick_x,1409
80250,rtrigger,32767
80250,lstick_x,1409
80256,rtrigger,32767
80256,lstick_x,1409
80264,rtrigger,32767
80264,lstick_x,1409
80274,rtrigger,32767
80274,lstick_x,1409
80280,rtrigger,32767
80280,lstick_x,1409
80290,rtrigger,32767
80290,lstick_x,1409
80309,rtrigger,32767
80309,lstick_x,1409
80332,rtrigger,32767
80332,lstick_x,1409
80337,rtrigger,32767
80337,lstick_x,1409
80345,rtrigger,32767
80345,lstick_x,1409
80373,rtrigger,32767
80373,lstick_x,1409
80382,rtrigger,32767
80382,lstick_x,1409
80389,rtrigger,32767
80389,lstick_x,1409
80392,rtrigger,32767
80392,lstick_x,1409
80397,rtrigger,32767
80397,lstick_x,1409
80400,rtrigger,32767
80400,lstick_x,1409
80406,rtrigger,32767
80406,lstick_x,1409
80413,rtrigger,32767
80413,lstick_x,1409
80416,rtrigger,32767
80416,lstick_x,1409
80424,rtrigger,32767
80424,lstick_x,1409
80433,rtrigger,32767
80433,lstick_x,1409
80440,rtrigger,32767
80440,lstick_x,1409
80446,rtrigger,32767
80446,lstick_x,1409
80449,rtrigger,32767
80449,lstick_x,1409
80457,rtrigger,32767
80457,lstick_x,1409
80469,rtrigger,32767
80469,lstick_x,1409
80485,rtrigger,32767
80485,lstick_x,1409
80504,rtrigger,32767
80504,lstick_x,1409
80507,rtrigger,32767
80507,lstick_x,1409
80512,rtrigger,32767
80512,lstick_x,1409
80515,rtrigger,32767
80515,lstick_x,1409
80520,rtrigger,32767
80520,lstick_x,1409
80523,rtrigger,32767
80523,lstick_x,1409
80537,rtrigger,32767
80537,lstick_x,1409
80545,rtrigger,32767
80545,lstick_x,1409
80568,rtrigger,32767
80568,lstick_x,1409
80584,rtrigger,32767
80584,lstick_x,1409
80592,rtrigger,32767
80592,lstick_x,1409
80601,rtrigger,32767
80601,lstick_x,1409
80613,rtrigger,32767
80613,lstick_x,1409
80620,rtrigger,32767
80620,lstick_x,1409
80624,rtrigger,32767
80624,lstick_x,1409
80631,rtrigger,32767
80631,lstick_x,1409
80642,rtrigger,32767
80642,lstick_x,1409
80648,rtrigger,32767
80648,lstick_x,1409
80656,rtrigger,32767
80656,lstick_x,1409
80664,rtrigger,32767
80664,lstick_x,1409
80672,rtrigger,32767
80672,lstick_x,1409
80675,rtrigger,32767
80675,lstick_x,1409
80679,rtrigger,32767
80679,lstick_x,1409
80683,rtrigger,32767
80683,lstick_x,1409
80696,rtrigger,32767
80696,lstick_x,1409
80712,rtrigger,32767
80712,lstick_x,1409
80725,rtrigger,32767
80725,lstick_x,1409
80730,rtrigger,32767
80730,lstick_x,1409
80733,rtrigger,32767
80733,lstick_x,1409
80736,rtrigger,32767
80736,lstick_x,1409
80744,rtrigger,32767
80744,lstick_x,1409
80792,rtrigger,32767
80792,lstick_x,1409
80860,rtrigger,32767
80860,lstick_x,1409
80893,rtrigger,32767
80893,lstick_x,1409
80896,rtrigger,32767
80896,lstick_x,1409
80900,rtrigger,32767
80900,lstick_x,1409
80908,rtrigger,32767
80908,lstick_x,1409
80911,rtrigger,32767
80911,lstick_x,1409
80915,rtrigger,32767
80915,lstick_x,1409
80920,rtrigger,32767
80920,lstick_x,1409
80928,rtrigger,32767
80928,lstick_x,1409
80931,rtrigger,32767
80931,lstick_x,1409
80934,rtrigger,32767
80934,lstick_x,1409
80937,rtrigger,32767
80937,lstick_x,1409
80944,rtrigger,32767
80944,lstick_x,1409
80952,rtrigger,32767
80952,lstick_x,1409
80961,rtrigger,32767
80961,lstick_x,1409
80964,rtrigger,32767
80964,lstick_x,1409
80967,rtrigger,32767
80967,lstick_x,1409
80972,rtrigger,32767
80972,lstick_x,1409
80975,rtrigger,32767
80975,lstick_x,1409
80980,rtrigger,32767
80980,lstick_x,1409
80988,rtrigger,32767
80988,lstick_x,1409
80992,rtrigger,32767
80992,lstick_x,1409
81000,rtrigger,32767
81000,lstick_x,1409
81019,rtrigger,32767
81019,lstick_x,1409
81027,rtrigger,32767
81027,lstick_x,1409
81033,rtrigger,32767
81033,lstick_x,1409
81042,rtrigger,32767
81042,lstick_x,1409
81067,rtrigger,32767
81067,lstick_x,1409
81075,rtrigger,32767
81075,lstick_x,1409
81088,rtrigger,32767
81088,lstick_x,1409
81116,rtrigger,32767
81116,lstick_x,1409
81120,rtrigger,32767
81120,lstick_x,1409
81133,rtrigger,32767
81133,lstick_x,1409
81136,rtrigger,32767
81136,lstick_x,1409
81140,rtrigger,32767
81140,lstick_x,1409
81146,rtrigger,32767
81146,lstick_x,1409
81153,rtrigger,32767
81153,lstick_x,1409
81162,rtrigger,32767
81162,lstick_x,1409
81168,rtrigger,32767
81168,lstick_x,1409
81177,rtrigger,32767
81177,lstick_x,1409
81183,rtrigger,32767
81183,lstick_x,1409
81196,rtrigger,32767
81196,lstick_x,1409
81200,rtrigger,32767
81200,lstick_x,1409
81209,rtrigger,32767
81209,lstick_x,1409
81222,rtrigger,32767
81222,lstick_x,1409
81226,rtrigger,32767
81226,lstick_x,1409
81235,rtrigger,32767
81235,lstick_x,1409
81263,rtrigger,32767
81263,lstick_x,1409
81275,rtrigger,32767
81275,lstick_x,1409
81283,rtrigger,32767
81283,lstick_x,1409
81291,rtrigger,32767
81291,lstick_x,1409
81296,rtrigger,32767
81296,lstick_x,1409
81319,rtrigger,32767
81319,lstick_x,1409
81329,rtrigger,32767
81329,lstick_x,1409
81337,rtrigger,32767
81337,lstick_x,1409
81342,rtrigger,32767
81342,lstick_x,23457
81342,lstick_y,-2384
81348,rtrigger,32767
81348,lstick_x,23457
81348,lstick_y,-2384
81353,rtrigger,32767
81353,lstick_x,23457
81353,lstick_y,-2384
81361,rtrigger,32767
81361,lstick_x,23457
81361,lstick_y,-2384
81369,rtrigger,32767
81369,lstick_x,23457
81369,lstick_y,-2384
81376,rtrigger,32767
81376,lstick_x,23457
81376,lstick_y,-2384
81384,rtrigger,32767
81384,lstick_x,23457
81384,lstick_y,-2384
81393,rtrigger,32767
81393,lstick_x,23457
81393,lstick_y,-2384
81402,rtrigger,32767
81402,lstick_x,23457
81402,lstick_y,-2384
81411,rtrigger,32767
81411,lstick_x,23457
81411,lstick_y,-2384
81420,rtrigger,32767
81420,lstick_x,23457
81420,lstick_y,-2384
81429,rtrigger,32767
81429,lstick_x,23457
81429,lstick_y,-2384
81432,rtrigger,32767
81432,lstick_x,23457
81432,lstick_y,-2384
81443,rtrigger,32767
81443,lstick_x,32767
81443,lstick_y,-6004
81483,rtrigger,32767
81483,lstick_x,32767
81483,lstick_y,-6004
81492,rtrigger,32767
81492,lstick_x,32767
81492,lstick_y,-6004
81497,rtrigger,32767
81497,lstick_x,32767
81497,lstick_y,-6004
81508,rtrigger,32767
81508,lstick_x,32767
81508,lstick_y,-6004
81512,rtrigger,32767
81512,lstick_x,32767
81512,lstick_y,-6004
81523,rtrigger,32767
81523,lstick_x,32767
81523,lstick_y,-6004
81533,rtrigger,32767
81533,lstick_x,32767
81533,lstick_y,-6004
81541,rtrigger,32767
81541,lstick_x,32767
81541,lstick_y,-6004
81544,rtrigger,32767
81544,lstick_x,32767
81544,lstick_y,-6004
81550,rtrigger,32767
81550,lstick_x,17889
81550,lstick_y,-7457
81564,rtrigger,32767
81564,lstick_x,17889
81564,lstick_y,-7457
81571,rtrigger,32767
81571,lstick_x,17889
81571,lstick_y,-7457
81576,rtrigger,32767
81576,lstick_x,17889
81576,lstick_y,-7457
81584,rtrigger,32767
81584,lstick_x,17889
81584,lstick_y,-7457
81592,rtrigger,32767
81592,lstick_x,17889
81592,lstick_y,-7457
81607,rtrigger,32767
81607,lstick_x,17889
81607,lstick_y,-7457
81618,rtrigger,32767
81618,lstick_x,17889
81618,lstick_y,-7457
81633,rtrigger,32767
81633,lstick_x,17889
81633,lstick_y,-7457
81639,rtrigger,32767
81639,lstick_x,1637
81639,lstick_y,-3540
81651,rtrigger,32767
81651,lstick_x,1637
81651,lstick_y,-3540
81659,rtrigger,32767
81659,lstick_x,1637
81659,lstick_y,-3540
81684,rtrigger,32767
81684,lstick_x,1637
81684,lstick_y,-3540
81694,rtrigger,32767
81694,lstick_x,1637
81694,lstick_y,-3540
81701,rtrigger,32767
81701,lstick_x,1637
81701,lstick_y,-3540
81725,rtrigger,32767
81725,lstick_x,1637
81725,lstick_y,-3540
81738,rtrigger,32767
81738,lstick_x,1637
81738,lstick_y,-3540
81745,rtrigger,32767
81745,lstick_x,1637
81745,lstick_y,-3540
81748,rtrigger,32767
81748,lstick_x,1401
81754,rtrigger,32767
81754,lstick_x,1401
81760,rtrigger,32767
81760,lstick_x,1401
81769,rtrigger,32767
81769,lstick_x,1401
81780,rtrigger,32767
81780,lstick_x,1401
81786,rtrigger,32767
81786,lstick_x,1401
81792,rtrigger,32767
81792,lstick_x,1401
81795,rtrigger,32767
81795,lstick_x,1328
81799,rtrigger,32767
81799,lstick_x,1328
81808,rtrigger,32767
81808,lstick_x,1328
81813,rtrigger,32767
81813,lstick_x,1328
81816,rtrigger,32767
81816,lstick_x,1328
81824,rtrigger,32767
81824,lstick_x,1328
81841,rtrigger,32767
81841,lstick_x,1328
81850,rtrigger,32767
81850,lstick_x,1328
81856,rtrigger,32767
81856,lstick_x,1328
81860,rtrigger,32767
81860,lstick_x,1328
81865,rtrigger,32767
81865,lstick_x,1328
81876,rtrigger,32767
81876,lstick_x,1328
81885,rtrigger,32767
81885,lstick_x,1328
81891,rtrigger,32767
81891,lstick_x,1328
81901,rtrigger,32767
81901,lstick_x,1328
81925,rtrigger,32767
81925,lstick_x,1328
81928,rtrigger,32767
81928,lstick_x,1328
81956,rtrigger,32767
81956,lstick_x,1328
81961,rtrigger,32767
81961,lstick_x,1328
81967,rtrigger,32767
81967,lstick_x,1301
81973,rtrigger,32767
81973,lstick_x,1301
81977,rtrigger,32767
81977,lstick_x,1301
81984,rtrigger,32767
81984,lstick_x,1301
81992,rtrigger,32767
81992,lstick_x,1301
82000,rtrigger,32767
82000,lstick_x,1301
82008,rtrigger,32767
82008,lstick_x,1301
82012,rtrigger,32767
82012,lstick_x,1301
82015,rtrigger,32767
82015,lstick_x,1301
82023,rtrigger,32767
82023,lstick_x,1301
82028,rtrigger,32767
82028,lstick_x,1301
82035,rtrigger,32767
82035,lstick_x,1301
82040,rtrigger,32767
82040,lstick_x,1301
82049,rtrigger,32767
82049,lstick_x,1301
82058,rtrigger,32767
82058,lstick_x,1301
82064,rtrigger,32767
82064,lstick_x,1301
82073,rtrigger,32767
82073,lstick_x,1230
82102,rtrigger,32767
82102,lstick_x,1230
82109,rtrigger,32767
82109,lstick_x,1230
82128,rtrigger,32767
82128,lstick_x,1230
82137,rtrigger,32767
82137,lstick_x,1230
82164,rtrigger,32767
82164,lstick_x,1230
82173,rtrigger,32767
82173,lstick_x,1230
82176,rtrigger,32767
82176,lstick_x,1230
82183,rtrigger,32767
82183,lstick_x,1230
82192,rtrigger,32767
82192,lstick_x,1230
82203,rtrigger,32767
82203,lstick_x,1230
82208,rtrigger,32767
82208,lstick_x,1230
82216,rtrigger,32767
82216,lstick_x,1230
82224,rtrigger,32767
82224,lstick_x,1230
82230,rtrigger,32767
82230,lstick_x,1230
82238,rtrigger,32767
82238,lstick_x,1230
82247,rtrigger,32767
82247,lstick_x,1230
82256,rtrigger,32767
82256,lstick_x,1230
82264,rtrigger,32767
82264,lstick_x,1230
82272,rtrigger,32767
82272,lstick_x,1230
82282,rtrigger,32767
82282,lstick_x,1230
82287,rtrigger,32767
82287,lstick_x,1230
82290,rtrigger,32767
82290,lstick_x,1230
82296,rtrigger,32767
82296,lstick_x,1230
82306,rtrigger,32767
82306,lstick_x,1230
82318,rtrigger,32767
82318,lstick_x,1230
82347,rtrigger,32767
82347,lstick_x,1230
82352,rtrigger,32767
82352,lstick_x,1230
82373,rtrigger,32767
82373,lstick_x,1230
82392,rtrigger,32767
82392,lstick_x,1230
82397,rtrigger,32767
82397,lstick_x,1230
82403,rtrigger,32767
82403,lstick_x,1230
82414,rtrigger,32767
82414,lstick_x,1230
82418,rtrigger,32767
82418,lstick_x,1230
82424,rtrigger,32767
82424,lstick_x,1230
82432,rtrigger,32767
82432,lstick_x,1230
82440,rtrigger,32767
82440,lstick_x,1230
82444,rtrigger,32767
82444,lstick_x,1230
82453,rtrigger,32767
82453,lstick_x,1230
82458,rtrigger,32767
82458,lstick_x,1230
82464,rtrigger,32767
82464,lstick_x,1230
82474,rtrigger,32767
82474,lstick_x,1230
82480,rtrigger,32767
82480,lstick_x,1230
82491,rtrigger,32767
82491,lstick_x,1230
82500,rtrigger,32767
82500,lstick_x,1230
82504,rtrigger,32767
82504,lstick_x,1230
82508,rtrigger,32767
82508,lstick_x,1230
82539,rtrigger,32767
82539,lstick_x,1230
82545,rtrigger,32767
82545,lstick_x,1230
82553,rtrigger,32767
82553,lstick_x,1230
82564,rtrigger,32767
82564,lstick_x,1230
82578,rtrigger,32767
82578,lstick_x,1230
82584,rtrigger,32767
82584,lstick_x,1230
82593,rtrigger,32767
82593,lstick_x,1230
82606,rtrigger,32767
82606,lstick_x,1230
82610,rtrigger,32767
82610,lstick_x,1230
82618,rtrigger,32767
82618,lstick_x,1230
82623,rtrigger,32767
82623,lstick_x,1230
82631,rtrigger,32767
82631,lstick_x,1230
82640,rtrigger,32767
82640,lstick_x,1230
82648,rtrigger,32767
82648,lstick_x,1230
82656,rtrigger,32767
82656,lstick_x,1230
82664,rtrigger,32767
82664,lstick_x,1230
82674,rtrigger,32767
82674,lstick_x,1230
82680,rtrigger,32767
82680,lstick_x,1230
82692,rtrigger,32767
82692,lstick_x,1230
82711,rtrigger,32767
82711,lstick_x,1230
82716,rtrigger,32767
82716,lstick_x,1230
82725,rtrigger,32767
82725,lstick_x,1230
82736,rtrigger,32767
82736,lstick_x,1230
82762,rtrigger,32767
82762,lstick_x,1230
82782,rtrigger,32767
82782,lstick_x,1230
82792,rtrigger,32767
82792,lstick_x,1230
82816,rtrigger,32767
82816,lstick_x,1230
82824,rtrigger,32767
82824,lstick_x,1230
82831,rtrigger,32767
82831,lstick_x,1230
82840,rtrigger,32767
82840,lstick_x,1230
82848,rtrigger,32767
82848,lstick_x,1230
82855,rtrigger,32767
82855,lstick_x,1230
82866,rtrigger,32767
82866,lstick_x,1230
82873,rtrigger,32767
82873,lstick_x,1230
82880,rtrigger,32767
82880,lstick_x,1230
82883,rtrigger,32767
82883,lstick_x,1230
82890,rtrigger,32767
82890,lstick_x,1230
82896,rtrigger,32767
82896,lstick_x,1230
82910,rtrigger,32767
82910,lstick_x,1230
82913,rtrigger,32767
82913,lstick_x,1230
82920,rtrigger,32767
82920,lstick_x,1230
82928,rtrigger,32767
82928,lstick_x,1230
82936,rtrigger,32767
82936,lstick_x,1230
82941,rtrigger,32767
82941,lstick_x,1230
82946,rtrigger,32767
82946,lstick_x,1230
82960,rtrigger,32767
82960,lstick_x,1230
82971,rtrigger,32767
82971,lstick_x,1230
82986,rtrigger,32767
82986,lstick_x,1230
82998,rtrigger,32767
82998,lstick_x,1230
83026,rtrigger,32767
83026,lstick_x,1230
83040,rtrigger,32767
83040,lstick_x,1230
83049,rtrigger,32767
83049,lstick_x,1230
83056,rtrigger,32767
83056,lstick_x,1230
83066,rtrigger,32767
83066,lstick_x,1230
83075,rtrigger,32767
83075,lstick_x,1230
83080,rtrigger,32767
83080,lstick_x,1230
83083,rtrigger,32767
83083,lstick_x,1230
83089,rtrigger,32767
83089,lstick_x,1230
83096,rtrigger,32767
83096,lstick_x,1230
83099,rtrigger,32767
83099,lstick_x,1230
83104,rtrigger,32767
83104,lstick_x,1230
83112,rtrigger,32767
83112,lstick_x,1230
83121,rtrigger,32767
83121,lstick_x,1230
83137,rtrigger,32767
83137,lstick_x,1230
83150,rtrigger,32767
83150,lstick_x,1230
83156,rtrigger,32767
83156,lstick_x,1230
83168,rtrigger,32767
83168,lstick_x,1230
83182,rtrigger,32767
83182,lstick_x,1230
83193,rtrigger,32767
83193,lstick_x,1230
83208,rtrigger,32767
83208,lstick_x,1230
83217,rtrigger,32767
83217,lstick_x,1230
83226,rtrigger,32767
83226,lstick_x,1230
83243,rtrigger,32767
83243,lstick_x,1230
83254,rtrigger,32767
83254,lstick_x,1230
83258,rtrigger,32767
83258,lstick_x,1230
83264,rtrigger,32767
83264,lstick_x,1230
83274,rtrigger,32767
83274,lstick_x,1230
83280,rtrigger,32767
83280,lstick_x,1230
83290,rtrigger,32767
83290,lstick_x,1230
83298,rtrigger,32767
83298,lstick_x,1230
83304,rtrigger,32767
83304,lstick_x,1230
83307,rtrigger,32767
83307,lstick_x,1230
83310,rtrigger,32767
83310,lstick_x,1230
83313,rtrigger,32767
83313,lstick_x,1230
83321,rtrigger,32767
83321,lstick_x,1230
83323,rtrigger,32767
83323,lstick_x,1230
83329,rtrigger,32767
83329,lstick_x,1230
83342,rtrigger,32767
83342,lstick_x,1230
83344,rtrigger,32767
83344,lstick_x,1230
83355,rtrigger,32767
83355,lstick_x,1230
83366,rtrigger,32767
83366,lstick_x,1230
83368,rtrigger,32767
83368,lstick_x,1230
83372,rtrigger,32767
83372,lstick_x,1230
83393,rtrigger,32767
83393,lstick_x,1230
83414,rtrigger,32767
83414,lstick_x,1230
83418,rtrigger,32767
83418,lstick_x,1230
83424,rtrigger,32767
83424,lstick_x,1230
83468,rtrigger,32767
83468,lstick_x,1230
83473,rtrigger,32767
83473,lstick_x,1230
83478,rtrigger,32767
83478,lstick_x,1230
83481,rtrigger,32767
83481,lstick_x,1230
83489,rtrigger,32767
83489,lstick_x,1230
83496,rtrigger,32767
83496,lstick_x,1230
83506,rtrigger,32767
83506,lstick_x,1230
83512,rtrigger,32767
83512,lstick_x,1230
83520,rtrigger,32767
83520,lstick_x,1230
83525,rtrigger,32767
83525,lstick_x,1230
83528,rtrigger,32767
83528,lstick_x,1230
83537,rtrigger,32767
83537,lstick_x,1230
83546,rtrigger,32767
83546,lstick_x,1230
83552,rtrigger,32767
83552,lstick_x,1230
83563,rtrigger,32767
83563,lstick_x,1230
83571,rtrigger,32767
83571,lstick_x,1230
83580,rtrigger,32767
83580,lstick_x,1230
83585,rtrigger,32767
83585,lstick_x,1230
83606,rtrigger,32767
83606,lstick_x,1230
83608,rtrigger,32767
83608,lstick_x,1230
83634,rtrigger,32767
83634,lstick_x,1230
83645,rtrigger,32767
83645,lstick_x,1230
83664,rtrigger,32767
83664,lstick_x,1230
83672,rtrigger,32767
83672,lstick_x,1230
83681,rtrigger,32767
83681,lstick_x,1230
83688,rtrigger,32767
83688,lstick_x,1230
83700,rtrigger,32767
83700,lstick_x,1230
83708,rtrigger,32767
83708,lstick_x,1230
83772,rtrigger,32767
83772,lstick_x,1230
83778,rtrigger,32767
83778,lstick_x,1230
83784,rtrigger,32767
83784,lstick_x,1230
83791,rtrigger,32767
83791,lstick_x,1230
83795,rtrigger,32767
83795,lstick_x,1230
83801,rtrigger,32767
83801,lstick_x,1230
83813,rtrigger,32767
83813,lstick_x,1230
83818,rtrigger,32767
83818,lstick_x,1230
83824,rtrigger,32767
83824,lstick_x,1230
83837,rtrigger,32767
83837,lstick_x,1230
83845,rtrigger,32767
83845,lstick_x,1230
83849,rtrigger,32767
83849,lstick_x,1230
83856,rtrigger,32767
83856,lstick_x,1230
83874,rtrigger,32767
83874,lstick_x,1230
83903,rtrigger,32767
83903,lstick_x,1230
83937,rtrigger,32767
83937,lstick_x,1230
83943,rtrigger,32767
83943,lstick_x,1230
83948,rtrigger,32767
83948,lstick_x,1230
83952,rtrigger,32767
83952,lstick_x,1230
83956,rtrigger,32767
83956,lstick_x,1230
83960,rtrigger,32767
83960,lstick_x,1230
83968,rtrigger,32767
83968,lstick_x,1230
83976,rtrigger,32767
83976,lstick_x,1230
83985,rtrigger,32767
83985,lstick_x,1230
83992,rtrigger,32767
83992,lstick_x,1230
83999,rtrigger,32767
83999,lstick_x,1230
84013,rtrigger,32767
84013,lstick_x,1230
84016,rtrigger,32767
84016,lstick_x,1230
84025,rtrigger,32767
84025,lstick_x,1230
84034,rtrigger,32767
84034,lstick_x,1230
84040,rtrigger,32767
84040,lstick_x,1230
84048,rtrigger,32767
84048,lstick_x,1230
84057,rtrigger,32767
84057,lstick_x,1230
84084,rtrigger,32767
84084,lstick_x,1230
84104,rtrigger,32767
84104,lstick_x,1230
84112,rtrigger,32767
84112,lstick_x,1230
84120,rtrigger,32767
84120,lstick_x,1230
84149,rtrigger,32767
84149,lstick_x,1230
84153,rtrigger,32767
84153,lstick_x,1230
84156,rtrigger,32767
84156,lstick_x,1230
84159,rtrigger,32767
84159,lstick_x,1230
84173,rtrigger,32767
84173,lstick_x,1230
84176,rtrigger,32767
84176,lstick_x,1230
84184,rtrigger,32767
84184,lstick_x,1230
84192,rtrigger,32767
84192,lstick_x,1230
84198,rtrigger,32767
84198,lstick_x,1230
84206,rtrigger,32767
84206,lstick_x,1230
84218,rtrigger,32767
84218,lstick_x,1230
84226,rtrigger,32767
84226,lstick_x,1230
84235,rtrigger,32767
84235,lstick_x,1230
84241,rtrigger,32767
84241,lstick_x,1230
84255,rtrigger,32767
84255,lstick_x,1230
84260,rtrigger,32767
84260,lstick_x,1230
84286,rtrigger,32767
84286,lstick_x,1230
84298,rtrigger,32767
84298,lstick_x,1230
84309,rtrigger,32767
84309,lstick_x,1230
84337,rtrigger,32767
84337,lstick_x,1230
84349,rtrigger,32767
84349,lstick_x,1230
84357,rtrigger,32767
84357,lstick_x,1230
84360,rtrigger,32767
84360,lstick_x,1230
84368,rtrigger,32767
84368,lstick_x,1230
84373,rtrigger,32767
84373,lstick_x,1230
84379,rtrigger,32767
84379,lstick_x,1230
84385,rtrigger,32767
84385,lstick_x,1230
84393,rtrigger,32767
84393,lstick_x,1230
84400,rtrigger,32767
84400,lstick_x,1230
84407,rtrigger,32767
84407,lstick_x,1230
84416,rtrigger,32767
84416,lstick_x,1230
84425,rtrigger,32767
84425,lstick_x,1230
84432,rtrigger,32767
84432,lstick_x,1230
84442,rtrigger,32767
84442,lstick_x,1230
84452,rtrigger,32767
84452,lstick_x,1230
84455,rtrigger,32767
84455,lstick_x,1230
84460,rtrigger,32767
84460,lstick_x,1230
84478,rtrigger,32767
84478,lstick_x,1230
84488,rtrigger,32767
84488,lstick_x,1230
84499,rtrigger,32767
84499,lstick_x,1230
84508,rtrigger,32767
84508,lstick_x,1230
84512,rtrigger,32767
84512,lstick_x,1230
84543,rtrigger,32767
84543,lstick_x,1230
84549,rtrigger,32767
84549,lstick_x,1230
84553,rtrigger,32767
84553,lstick_x,1230
84560,rtrigger,32767
84560,lstick_x,1230
84566,rtrigger,32767
84566,lstick_x,1230
84568,rtrigger,32767
84568,lstick_x,1230
84576,rtrigger,32767
84576,lstick_x,1230
84579,rtrigger,32767
84579,lstick_x,1230
84582,rtrigger,32767
84582,lstick_x,1230
84593,rtrigger,32767
84593,lstick_x,1230
84596,rtrigger,32767
84596,lstick_x,1230
84601,rtrigger,32767
84601,lstick_x,1230
84608,rtrigger,32767
84608,lstick_x,1230
84611,rtrigger,32767
84611,lstick_x,1230
84614,rtrigger,32767
84614,lstick_x,1230
84618,rtrigger,32767
84618,lstick_x,1230
84623,rtrigger,32767
84623,lstick_x,1230
84626,rtrigger,32767
84626,lstick_x,1230
84639,rtrigger,32767
84639,lstick_x,1230
84642,rtrigger,32767
84642,lstick_x,1230
84648,rtrigger,32767
84648,lstick_x,1230
84656,rtrigger,32767
84656,lstick_x,1230
84667,rtrigger,32767
84667,lstick_x,1230
84674,rtrigger,32767
84674,lstick_x,1230
84725,rtrigger,32767
84725,lstick_x,1230
84728,rtrigger,32767
84728,lstick_x,1230
84736,rtrigger,32767
84736,lstick_x,1230
84756,rtrigger,32767
84756,lstick_x,1230
84769,rtrigger,32767
84769,lstick_x,1230
84773,rtrigger,32767
84773,lstick_x,1230
84776,rtrigger,32767
84776,lstick_x,1230
84785,rtrigger,32767
84785,lstick_x,1230
84794,rtrigger,32767
84794,lstick_x,1230
84800,rtrigger,32767
84800,lstick_x,1230
84809,rtrigger,32767
84809,lstick_x,1230
84816,rtrigger,32767
84816,lstick_x,1230
84825,rtrigger,32767
84825,lstick_x,1230
84832,rtrigger,32767
84832,lstick_x,1230
84840,rtrigger,32767
84840,lstick_x,1230
84852,rtrigger,32767
84852,lstick_x,1230
84860,rtrigger,32767
84860,lstick_x,1230
84864,rtrigger,32767
84864,lstick_x,1230
84868,rtrigger,32767
84868,lstick_x,1230
84886,rtrigger,32767
84886,lstick_x,1230
84894,rtrigger,32767
84894,lstick_x,1230
84943,rtrigger,32767
84943,lstick_x,1230
84946,rtrigger,32767
84946,lstick_x,1230
84952,rtrigger,32767
84952,lstick_x,1230
84961,rtrigger,32767
84961,lstick_x,1230
84965,rtrigger,32767
84965,lstick_x,1230
84968,rtrigger,32767
84968,lstick_x,1230
84982,rtrigger,32767
84982,lstick_x,1230
84985,rtrigger,32767
84985,lstick_x,1230
84993,rtrigger,32767
84993,lstick_x,1230
85000,rtrigger,32767
85000,lstick_x,1230
85008,rtrigger,32767
85008,lstick_x,1230
85016,rtrigger,32767
85016,lstick_x,1230
85025,rtrigger,32767
85025,lstick_x,1230
85033,rtrigger,32767
85033,lstick_x,1230
85042,rtrigger,32767
85042,lstick_x,1230
85048,rtrigger,32767
85048,lstick_x,1230
85062,rtrigger,32767
85062,lstick_x,1230
85070,rtrigger,32767
85070,lstick_x,1230
85077,rtrigger,32767
85077,lstick_x,1230
85110,rtrigger,32767
85110,lstick_x,1230
85126,rtrigger,32767
85126,lstick_x,1230
85134,rtrigger,32767
85134,lstick_x,1230
85142,rtrigger,32767
85142,lstick_x,1230
85146,rtrigger,32767
85146,lstick_x,1230
85153,rtrigger,32767
85153,lstick_x,1230
85157,rtrigger,32767
85157,lstick_x,1230
85160,rtrigger,32767
85160,lstick_x,1230
85168,rtrigger,32767
85168,lstick_x,1230
85178,rtrigger,32767
85178,lstick_x,1230
85184,rtrigger,32767
85184,lstick_x,1230
85192,rtrigger,32767
85192,lstick_x,1230
85200,rtrigger,32767
85200,lstick_x,1230
85206,rtrigger,32767
85206,lstick_x,1230
85225,rtrigger,32767
85225,lstick_x,1230
85238,rtrigger,32767
85238,lstick_x,1230
85241,rtrigger,32767
85241,lstick_x,1230
85249,rtrigger,32767
85249,lstick_x,1230
85256,rtrigger,32767
85256,lstick_x,1230
85303,rtrigger,32767
85303,lstick_x,1230
85330,rtrigger,32767
85330,lstick_x,1230
85336,rtrigger,32767
85336,lstick_x,1230
85340,rtrigger,32767
85340,lstick_x,1230
85346,rtrigger,32767
85346,lstick_x,1230
85355,rtrigger,32767
85355,lstick_x,1230
85363,rtrigger,32767
85363,lstick_x,1230
85367,rtrigger,32767
85367,lstick_x,1230
85379,rtrigger,32767
85379,lstick_x,1230
85386,rtrigger,32767
85386,lstick_x,1230
85389,rtrigger,32767
85389,lstick_x,1230
85392,rtrigger,32767
85392,lstick_x,1230
85395,rtrigger,32767
85395,lstick_x,1230
85400,rtrigger,32767
85400,lstick_x,1230
85408,rtrigger,32767
85408,lstick_x,1230
85416,rtrigger,32767
85416,lstick_x,1230
85425,rtrigger,32767
85425,lstick_x,1230
85433,rtrigger,32767
85433,lstick_x,1230
85443,rtrigger,32767
85443,lstick_x,1230
85536,rtrigger,32767
85536,lstick_x,1230
85545,rtrigger,32767
85545,lstick_x,1230
85549,rtrigger,32767
85549,lstick_x,1230
85554,rtrigger,32767
85554,lstick_x,1230
85573,rtrigger,32767
85573,lstick_x,1230
85577,rtrigger,32767
85577,lstick_x,1230
85599,rtrigger,32767
85599,lstick_x,1230
85612,rtrigger,32767
85612,lstick_x,1230
85622,rtrigger,32767
85622,lstick_x,1230
85629,rtrigger,32767
85629,lstick_x,1230
85637,rtrigger,32767
85637,lstick_x,1230
85641,rtrigger,32767
85641,lstick_x,1230
85649,rtrigger,32767
85649,lstick_x,1230
85656,rtrigger,32767
85656,lstick_x,1230
85666,rtrigger,32767
85666,lstick_x,1230
85675,rtrigger,32767
85675,lstick_x,1230
85680,rtrigger,32767
85680,lstick_x,1230
85688,rtrigger,32767
85688,lstick_x,1230
85695,rtrigger,32767
85695,lstick_x,1230
85707,rtrigger,32767
85707,lstick_x,1230
85715,rtrigger,32767
85715,lstick_x,1230
85721,rtrigger,32767
85721,lstick_x,1230
85730,rtrigger,32767
85730,lstick_x,1230
85737,rtrigger,32767
85737,lstick_x,1230
85742,rtrigger,32767
85742,lstick_x,1230
85756,rtrigger,32767
85756,lstick_x,1230
85789,rtrigger,32767
85789,lstick_x,1230
85801,rtrigger,32767
85801,lstick_x,1230
85808,rtrigger,32767
85808,lstick_x,1230
85816,rtrigger,32767
85816,lstick_x,1230
85833,rtrigger,32767
85833,lstick_x,1230
85839,rtrigger,32767
85839,lstick_x,1230
85848,rtrigger,32767
85848,lstick_x,1230
85857,rtrigger,32767
85857,lstick_x,1230
85867,rtrigger,32767
85867,lstick_x,1230
85872,rtrigger,32767
85872,lstick_x,1230
85880,rtrigger,32767
85880,lstick_x,1230
85883,rtrigger,32767
85883,lstick_x,1230
85886,rtrigger,32767
85886,lstick_x,1230
85890,rtrigger,32767
85890,lstick_x,1230
85897,rtrigger,32767
85897,lstick_x,1230
85906,rtrigger,32767
85906,lstick_x,1230
85913,rtrigger,32767
85913,lstick_x,1230
85920,rtrigger,32767
85920,lstick_x,1230
85927,rtrigger,32767
85927,lstick_x,1230
85938,rtrigger,32767
85938,lstick_x,1230
85950,rtrigger,32767
85950,lstick_x,1230
85981,rtrigger,32767
85981,lstick_x,1230
85984,rtrigger,32767
85984,lstick_x,1230
86007,rtrigger,32767
86007,lstick_x,1230
86028,rtrigger,32767
86028,lstick_x,1230
86032,rtrigger,32767
86032,lstick_x,1230
86036,rtrigger,32767
86036,lstick_x,1230
86039,rtrigger,32767
86039,lstick_x,1230
86044,rtrigger,32767
86044,lstick_x,1230
86050,rtrigger,32767
86050,lstick_x,1230
86056,rtrigger,32767
86056,lstick_x,1230
86060,rtrigger,32767
86060,lstick_x,1230
86064,rtrigger,32767
86064,lstick_x,1230
86073,rtrigger,32767
86073,lstick_x,1230
86080,rtrigger,32767
86080,lstick_x,1230
86083,rtrigger,32767
86083,lstick_x,1230
86088,rtrigger,32767
86088,lstick_x,1230
86091,rtrigger,32767
86091,lstick_x,1230
86096,rtrigger,32767
86096,lstick_x,1230
86105,rtrigger,32767
86105,lstick_x,1230
86114,rtrigger,32767
86114,lstick_x,1230
86124,rtrigger,32767
86124,lstick_x,1230
86128,rtrigger,32767
86128,lstick_x,1230
86132,rtrigger,32767
86132,lstick_x,1230
86141,rtrigger,32767
86141,lstick_x,1230
86160,rtrigger,32767
86160,lstick_x,1230
86184,rtrigger,32767
86184,lstick_x,1230
86197,rtrigger,32767
86197,lstick_x,1230
86200,rtrigger,32767
86200,lstick_x,1230
86213,rtrigger,32767
86213,lstick_x,1230
86222,rtrigger,32767
86222,lstick_x,1230
86226,rtrigger,32767
86226,lstick_x,1230
86235,rtrigger,32767
86235,lstick_x,1230
86239,rtrigger,32767
86239,lstick_x,1230
86242,rtrigger,32767
86242,lstick_x,1230
86252,rtrigger,32767
86252,lstick_x,1230
86258,rtrigger,32767
86258,lstick_x,1230
86265,rtrigger,32767
86265,lstick_x,1230
86272,rtrigger,32767
86272,lstick_x,1230
86276,rtrigger,32767
86276,lstick_x,1203
86280,rtrigger,32767
86280,lstick_x,1203
86293,rtrigger,32767
86293,lstick_x,1203
86306,rtrigger,32767
86306,lstick_x,1203
86312,rtrigger,32767
86312,lstick_x,1203
86326,rtrigger,32767
86326,lstick_x,1203
86329,rtrigger,32767
86329,lstick_x,1203
86337,rtrigger,32767
86337,lstick_x,1203
86350,rtrigger,32767
86350,lstick_x,1203
86356,rtrigger,32767
86356,lstick_x,1203
86360,rtrigger,32767
86360,lstick_x,1203
86397,rtrigger,32767
86397,lstick_x,1203
86401,rtrigger,32767
86401,lstick_x,1203
86433,rtrigger,32767
86433,lstick_x,1203
86440,rtrigger,32767
86440,lstick_x,1203
86448,rtrigger,32767
86448,lstick_x,1203
86456,rtrigger,32767
86456,lstick_x,1203
86464,rtrigger,32767
86464,lstick_x,1203
86473,rtrigger,32767
86473,lstick_x,1203
86480,rtrigger,32767
86480,lstick_x,1203
86484,rtrigger,32767
86484,lstick_x,1203
86490,rtrigger,32767
86490,lstick_x,1203
86496,rtrigger,32767
86496,lstick_x,1203
86504,rtrigger,32767
86504,lstick_x,1203
86514,rtrigger,32767
86514,lstick_x,1203
86523,rtrigger,32767
86523,lstick_x,1203
86528,rtrigger,32767
86528,lstick_x,1203
86549,rtrigger,32767
86549,lstick_x,1203
86552,rtrigger,32767
86552,lstick_x,1203
86571,rtrigger,32767
86571,lstick_x,1203
86580,rtrigger,32767
86580,lstick_x,1203
86603,rtrigger,32767
86603,lstick_x,1203
86614,rtrigger,32767
86614,lstick_x,1203
86627,rtrigger,32767
86627,lstick_x,1203
86632,rtrigger,32767
86632,lstick_x,1203
86640,rtrigger,32767
86648,rtrigger,32767
86656,rtrigger,32767
86659,rtrigger,32767
86662,rtrigger,32767
86666,rtrigger,32767
86669,rtrigger,32767
86672,rtrigger,32767
86680,rtrigger,32767
86688,rtrigger,32767
86696,rtrigger,32767
86699,rtrigger,32767
86704,rtrigger,32767
86712,rtrigger,32767
86720,rtrigger,32767
86728,rtrigger,32767
86740,rtrigger,32767
86742,rtrigger,32767
86752,rtrigger,32767
86769,rtrigger,32767
86785,rtrigger,32767
86799,rtrigger,32767
86825,rtrigger,32767
86841,rtrigger,32767
86848,rtrigger,32767
86858,rtrigger,32767
86864,rtrigger,32767
86874,rtrigger,32767
86881,rtrigger,32767
86888,rtrigger,32767
86897,rtrigger,32767
86904,rtrigger,32767
86907,rtrigger,32767
86910,rtrigger,32767
86920,rtrigger,32767
86929,rtrigger,32767
86937,rtrigger,32767
86944,rtrigger,32767
86958,rtrigger,32767
86976,rtrigger,32767
86984,rtrigger,32767
87006,rtrigger,32767
87039,rtrigger,32767
87049,rtrigger,32767
87057,rtrigger,32767
87061,rtrigger,32767
87065,rtrigger,32767
87073,rtrigger,32767
87080,rtrigger,32767
87090,rtrigger,32767
87097,rtrigger,32767
87104,rtrigger,32767
87110,rtrigger,32767
87113,rtrigger,32767
87116,rtrigger,32767
87126,rtrigger,32767
87137,rtrigger,32767
87144,rtrigger,32767
87158,rtrigger,32767
87161,rtrigger,32767
87173,rtrigger,32767
87177,rtrigger,32767
87189,rtrigger,32767
87206,rtrigger,32767
87227,rtrigger,32767
87246,rtrigger,32767
87260,rtrigger,32767
87264,rtrigger,32767
87273,rtrigger,32767
87273,lstick_x,-30815
87273,lstick_y,10701
87280,rtrigger,32767
87280,lstick_x,-30815
87280,lstick_y,10701
87289,rtrigger,32767
87289,lstick_x,-30815
87289,lstick_y,10701
87296,rtrigger,32767
87296,lstick_x,-30815
87296,lstick_y,10701
87307,rtrigger,32767
87307,lstick_x,-30815
87307,lstick_y,10701
87312,rtrigger,32767
87312,lstick_x,-30815
87312,lstick_y,10701
87320,rtrigger,32767
87320,lstick_x,-30815
87320,lstick_y,10701
87328,rtrigger,32767
87328,lstick_x,-30815
87328,lstick_y,10701
87336,rtrigger,32767
87336,lstick_x,-30815
87336,lstick_y,10701
87349,rtrigger,32767
87349,lstick_x,-30815
87349,lstick_y,10701
87354,rtrigger,32767
87354,lstick_x,-30815
87354,lstick_y,10701
87361,rtrigger,32767
87361,lstick_x,-30815
87361,lstick_y,10701
87371,rtrigger,32767
87371,lstick_x,-30815
87371,lstick_y,10701
87381,rtrigger,32767
87381,lstick_x,-30815
87381,lstick_y,10701
87406,rtrigger,32767
87406,lstick_x,-30815
87406,lstick_y,10701
87409,rtrigger,32767
87409,lstick_x,-30815
87409,lstick_y,10701
87444,rtrigger,32767
87444,lstick_x,-30815
87444,lstick_y,10701
87449,rtrigger,32767
87449,lstick_x,-30815
87449,lstick_y,10701
87456,rtrigger,32767
87456,lstick_x,-30815
87456,lstick_y,10701
87460,rtrigger,32767
87460,lstick_x,-1483
87460,lstick_y,2990
87467,rtrigger,32767
87467,lstick_x,-1483
87467,lstick_y,2990
87481,rtrigger,32767
87481,lstick_x,-1483
87481,lstick_y,2990
87489,rtrigger,32767
87489,lstick_x,-1483
87489,lstick_y,2990
87496,rtrigger,32767
87496,lstick_x,-1483
87496,lstick_y,2990
87510,rtrigger,32767
87510,lstick_x,-1483
87510,lstick_y,2990
87515,rtrigger,32767
87515,lstick_x,-1483
87515,lstick_y,2990
87520,rtrigger,32767
87520,lstick_x,-1483
87520,lstick_y,2990
87528,rtrigger,32767
87528,lstick_x,-1483
87528,lstick_y,2990
87538,rtrigger,32767
87538,lstick_x,-1483
87538,lstick_y,2990
87542,rtrigger,32767
87542,lstick_x,-1483
87542,lstick_y,2990
87551,rtrigger,32767
87551,lstick_x,-1483
87551,lstick_y,2990
87584,rtrigger,32767
87584,lstick_x,-1483
87584,lstick_y,2990
87594,rtrigger,32767
87594,lstick_x,-1483
87594,lstick_y,2990
87609,rtrigger,32767
87609,lstick_x,-1483
87609,lstick_y,2990
87619,rtrigger,32767
87619,lstick_x,-1483
87619,lstick_y,2990
87625,rtrigger,32767
87625,lstick_x,-1483
87625,lstick_y,2990
87630,rtrigger,32767
87630,lstick_x,-1195
87630,lstick_y,1034
87632,rtrigger,32767
87632,lstick_x,-1195
87632,lstick_y,1034
87640,rtrigger,32767
87640,lstick_x,-1195
87640,lstick_y,1034
87648,rtrigger,32767
87648,lstick_x,-1195
87648,lstick_y,1034
87656,rtrigger,32767
87656,lstick_x,-1195
87656,lstick_y,1034
87665,rtrigger,32767
87665,lstick_x,-1195
87665,lstick_y,1034
87672,rtrigger,32767
87672,lstick_x,-1195
87672,lstick_y,1034
87680,rtrigger,32767
87680,lstick_x,-1195
87680,lstick_y,1034
87688,rtrigger,32767
87688,lstick_x,-1195
87688,lstick_y,1034
87705,rtrigger,32767
87705,lstick_x,-1195
87705,lstick_y,1034
87710,rtrigger,32767
87710,lstick_x,-1195
87710,lstick_y,1034
87727,rtrigger,32767
87727,lstick_x,-1195
87727,lstick_y,1034
87736,rtrigger,32767
87736,lstick_x,-1195
87736,lstick_y,1034
87744,rtrigger,32767
87744,lstick_x,-1195
87744,lstick_y,1034
87774,rtrigger,32767
87774,lstick_x,-1195
87774,lstick_y,1034
87778,rtrigger,32767
87778,lstick_x,-1195
87778,lstick_y,1034
87785,rtrigger,32767
87785,lstick_x,-1195
87785,lstick_y,1034
87795,rtrigger,32767
87795,lstick_x,-1195
87795,lstick_y,1034
87799,rtrigger,32767
87799,lstick_x,-1097
87806,rtrigger,32767
87806,lstick_x,-1097
87816,rtrigger,32767
87816,lstick_x,-1097
87825,rtrigger,32767
87825,lstick_x,-1097
87832,rtrigger,32767
87832,lstick_x,-1097
87839,rtrigger,32767
87839,lstick_x,-1097
87848,rtrigger,32767
87848,lstick_x,-1097
87856,rtrigger,32767
87856,lstick_x,-1097
87869,rtrigger,32767
87869,lstick_x,-1097
87872,rtrigger,32767
87872,lstick_x,-1097
87877,rtrigger,32767
87877,lstick_x,-1097
87880,rtrigger,32767
87880,lstick_x,-1097
87892,rtrigger,32767
87892,lstick_x,-1097
87896,rtrigger,32767
87896,lstick_x,-1097
87913,rtrigger,32767
87913,lstick_x,-1097
87942,rtrigger,32767
87942,lstick_x,-1097
87950,rtrigger,32767
87950,lstick_x,-1097
87954,rtrigger,32767
87954,lstick_x,-1097
87961,rtrigger,32767
87961,lstick_x,-1097
87967,rtrigger,32767
87967,lstick_x,-1097
87976,rtrigger,32767
87976,lstick_x,-1097
87985,rtrigger,32767
87985,lstick_x,-1097
87994,rtrigger,32767
87994,lstick_x,-1097
88000,rtrigger,32767
88000,lstick_x,-1097
88008,rtrigger,32767
88008,lstick_x,-1097
88022,rtrigger,32767
88022,lstick_x,-1097
88027,rtrigger,32767
88027,lstick_x,-1097
88034,rtrigger,32767
88034,lstick_x,-1097
88040,rtrigger,32767
88040,lstick_x,-1097
88043,rtrigger,32767
88043,lstick_x,-1097
88056,rtrigger,32767
88056,lstick_x,-1097
88070,rtrigger,32767
88070,lstick_x,-1097
88085,rtrigger,32767
88085,lstick_x,-1097
88088,rtrigger,32767
88088,lstick_x,-1097
88112,rtrigger,32767
88112,lstick_x,-1097
88120,rtrigger,32767
88120,lstick_x,-1097
88128,rtrigger,32767
88128,lstick_x,-1097
88131,rtrigger,32767
88131,lstick_x,-1097
88136,rtrigger,32767
88136,lstick_x,-1097
88139,rtrigger,32767
88139,lstick_x,-1097
88144,rtrigger,32767
88144,lstick_x,-1097
88152,rtrigger,32767
88152,lstick_x,-1097
88159,rtrigger,32767
88159,lstick_x,-1097
88168,rtrigger,32767
88168,lstick_x,-1097
88172,rtrigger,32767
88172,lstick_x,-1097
88176,rtrigger,32767
88176,lstick_x,-1097
88188,rtrigger,32767
88188,lstick_x,-1097
88192,rtrigger,32767
88192,lstick_x,-1097
88361,rtrigger,32767
88361,lstick_x,-1097
88369,rtrigger,32767
88369,lstick_x,-1097
88376,rtrigger,32767
88376,lstick_x,-1097
88384,rtrigger,32767
88384,lstick_x,-1097
88394,rtrigger,32767
88394,lstick_x,-1097
88403,rtrigger,32767
88403,lstick_x,-1097
88415,rtrigger,32767
88415,lstick_x,-1097
88427,rtrigger,32767
88427,lstick_x,-1097
88433,rtrigger,32767
88433,lstick_x,-1097
88453,rtrigger,32767
88453,lstick_x,-1097
88456,rtrigger,32767
88456,lstick_x,-1097
88461,rtrigger,32767
88461,lstick_x,-1097
88464,rtrigger,32767
88464,lstick_x,-1097
88473,rtrigger,32767
88473,lstick_x,-1097
88480,rtrigger,32767
88480,lstick_x,-1097
88488,rtrigger,32767
88488,lstick_x,-1097
88496,rtrigger,32767
88496,lstick_x,-1097
88504,rtrigger,32767
88504,lstick_x,-1097
88517,rtrigger,32767
88517,lstick_x,-1097
88528,rtrigger,32767
88528,lstick_x,-1097
88538,rtrigger,32767
88538,lstick_x,-1097
88544,rtrigger,32767
88544,lstick_x,-1097
88563,rtrigger,32767
88563,lstick_x,-1097
88576,rtrigger,32767
88576,lstick_x,-1097
88584,rtrigger,32767
88584,lstick_x,-1097
88602,rtrigger,32767
88602,lstick_x,-1097
88609,rtrigger,32767
88609,lstick_x,-1097
88616,rtrigger,32767
88616,lstick_x,-1097
88625,rtrigger,32767
88625,lstick_x,-1097
88628,rtrigger,32767
88628,lstick_x,-1097
88631,rtrigger,32767
88631,lstick_x,-1097
88643,rtrigger,32767
88643,lstick_x,-1097
88649,rtrigger,32767
88649,lstick_x,-1097
88656,rtrigger,32767
88656,lstick_x,-1097
88664,rtrigger,32767
88664,lstick_x,-1097
88668,rtrigger,32767
88668,lstick_x,-1097
88672,rtrigger,32767
88672,lstick_x,-1097
88680,rtrigger,32767
88680,lstick_x,-1097
88688,rtrigger,32767
88688,lstick_x,-1097
88696,rtrigger,32767
88696,lstick_x,-1097
88704,rtrigger,32767
88704,lstick_x,-1097
88708,rtrigger,32767
88708,lstick_x,-1097
88712,rtrigger,32767
88712,lstick_x,-1097
88720,rtrigger,32767
88720,lstick_x,-1097
88728,rtrigger,32767
88728,lstick_x,-1097
88736,rtrigger,32767
88736,lstick_x,-1097
88744,rtrigger,32767
88744,lstick_x,-1097
88752,rtrigger,32767
88752,lstick_x,-1097
88760,rtrigger,32767
88760,lstick_x,-1097
88768,rtrigger,32767
88768,lstick_x,-1097
88776,rtrigger,32767
88776,lstick_x,-1097
88784,rtrigger,32767
88784,lstick_x,-1097
88792,rtrigger,32767
88792,lstick_x,-1097
88797,rtrigger,32767
88797,lstick_x,-1097
88803,rtrigger,32767
88803,lstick_x,-1097
88808,rtrigger,32767
88808,lstick_x,-1097
88819,rtrigger,32767
88819,lstick_x,-1097
88824,rtrigger,32767
88824,lstick_x,-1097
88832,rtrigger,32767
88832,lstick_x,-1097
88839,rtrigger,32767
88839,lstick_x,-1097
88846,rtrigger,32767
88846,lstick_x,-1097
88853,rtrigger,32767
88853,lstick_x,-1097
88860,rtrigger,32767
88860,lstick_x,-1097
88866,rtrigger,32767
88866,lstick_x,-1097
88872,rtrigger,32767
88872,lstick_x,-1097
88875,rtrigger,32767
88875,lstick_x,-1097
88920,rtrigger,32767
88920,lstick_x,-1097
88929,rtrigger,32767
88929,lstick_x,-1097
88939,rtrigger,32767
88939,lstick_x,-1097
88949,rtrigger,32767
88949,lstick_x,-1097
88960,rtrigger,32767
88960,lstick_x,-1097
88968,rtrigger,32767
88968,lstick_x,-1097
88978,rtrigger,32767
88978,lstick_x,-1097
88986,rtrigger,32767
88986,lstick_x,-1097
88992,rtrigger,32767
88992,lstick_x,-1097
89000,rtrigger,32767
89000,lstick_x,-1097
89009,rtrigger,32767
89009,lstick_x,-1097
89018,rtrigger,32767
89018,lstick_x,-1097
89029,rtrigger,32767
89029,lstick_x,-1097
89036,rtrigger,32767
89036,lstick_x,-1097
89040,rtrigger,32767
89040,lstick_x,-1097
89048,rtrigger,32767
89048,lstick_x,-1097
89069,rtrigger,32767
89069,lstick_x,-1097
89072,rtrigger,32767
89072,lstick_x,-1097
89082,rtrigger,32767
89082,lstick_x,-1097
89092,rtrigger,32767
89092,lstick_x,-1097
89104,rtrigger,32767
89104,lstick_x,-1097
89115,rtrigger,32767
89115,lstick_x,-1097
89125,rtrigger,32767
89125,lstick_x,-1097
89128,rtrigger,32767
89128,lstick_x,-1097
89134,rtrigger,32767
89134,lstick_x,-1097
89145,rtrigger,32767
89145,lstick_x,-1097
89152,rtrigger,32767
89152,lstick_x,-1097
89156,rtrigger,32767
89156,lstick_x,-1097
89160,rtrigger,32767
89160,lstick_x,-1097
89167,rtrigger,32767
89167,lstick_x,-1097
89173,rtrigger,32767
89173,lstick_x,-1097
89176,rtrigger,32767
89176,lstick_x,-1097
89186,rtrigger,32767
89186,lstick_x,-1097
89192,rtrigger,32767
89192,lstick_x,-1097
89200,rtrigger,32767
89200,lstick_x,-1097
89208,rtrigger,32767
89208,lstick_x,-1097
89214,rtrigger,32767
89214,lstick_x,-1097
89219,rtrigger,32767
89219,lstick_x,-1097
89257,rtrigger,32767
89257,lstick_x,-1097
89264,rtrigger,32767
89264,lstick_x,-1097
89273,rtrigger,32767
89273,lstick_x,-1097
89282,rtrigger,32767
89282,lstick_x,-1097
89292,rtrigger,32767
89292,lstick_x,-1097
89297,rtrigger,32767
89297,lstick_x,-1097
89309,rtrigger,32767
89309,lstick_x,-1097
89313,rtrigger,32767
89313,lstick_x,-1097
89321,rtrigger,32767
89321,lstick_x,-1097
89328,rtrigger,32767
89328,lstick_x,-1097
89337,rtrigger,32767
89337,lstick_x,-1097
89342,rtrigger,32767
89342,lstick_x,-1097
89345,rtrigger,32767
89345,lstick_x,-1097
89352,rtrigger,32767
89352,lstick_x,-1097
89365,rtrigger,32767
89365,lstick_x,-1097
89368,rtrigger,32767
89368,lstick_x,-1097
89384,rtrigger,32767
89384,lstick_x,-1097
89390,rtrigger,32767
89390,lstick_x,-1097
89406,rtrigger,32767
89406,lstick_x,-1097
89411,rtrigger,32767
89411,lstick_x,-1097
89423,rtrigger,32767
89423,lstick_x,-1097
89446,rtrigger,32767
89446,lstick_x,-1097
89456,rtrigger,32767
89456,lstick_x,-1097
89473,rtrigger,32767
89473,lstick_x,-1097
89477,rtrigger,32767
89477,lstick_x,-1097
89481,rtrigger,32767
89481,lstick_x,-1097
89488,rtrigger,32767
89488,lstick_x,-1097
89496,rtrigger,32767
89496,lstick_x,-1097
89504,rtrigger,32767
89504,lstick_x,-1097
89512,rtrigger,32767
89512,lstick_x,-1097
89515,rtrigger,32767
89515,lstick_x,-1097
89520,rtrigger,32767
89520,lstick_x,-1097
89530,rtrigger,32767
89530,lstick_x,-1097
89541,rtrigger,32767
89541,lstick_x,-1097
89546,rtrigger,32767
89546,lstick_x,-1097
89553,rtrigger,32767
89553,lstick_x,-1097
89556,rtrigger,32767
89556,lstick_x,-1097
89560,rtrigger,32767
89560,lstick_x,-1097
89576,rtrigger,32767
89576,lstick_x,-1097
89598,rtrigger,32767
89598,lstick_x,-1097
89607,rtrigger,32767
89607,lstick_x,-1097
89610,rtrigger,32767
89610,lstick_x,-1097
89624,rtrigger,32767
89624,lstick_x,-1097
89635,rtrigger,32767
89635,lstick_x,-1097
89640,rtrigger,32767
89640,lstick_x,-1097
89646,rtrigger,32767
89646,lstick_x,-1097
89649,rtrigger,32767
89649,lstick_x,-1097
89656,rtrigger,32767
89656,lstick_x,-1097
89670,rtrigger,32767
89670,lstick_x,-1097
89673,rtrigger,32767
89673,lstick_x,-1097
89684,rtrigger,32767
89684,lstick_x,-1097
89688,rtrigger,32767
89688,lstick_x,-1097
89691,rtrigger,32767
89691,lstick_x,-1097
89694,rtrigger,32767
89694,lstick_x,-1097
89698,rtrigger,32767
89698,lstick_x,-1097
89703,rtrigger,32767
89703,lstick_x,-1097
89712,rtrigger,32767
89712,lstick_x,-1097
89720,rtrigger,32767
89720,lstick_x,-1097
89729,rtrigger,32767
89729,lstick_x,-1097
89736,rtrigger,32767
89736,lstick_x,-1097
89741,rtrigger,32767
89741,lstick_x,-1097
89770,rtrigger,32767
89770,lstick_x,-1097
89795,rtrigger,32767
89795,lstick_x,-1097
89803,rtrigger,32767
89803,lstick_x,-1097
89820,rtrigger,32767
89820,lstick_x,-1097
89827,rtrigger,32767
89827,lstick_x,-1097
89833,rtrigger,32767
89833,lstick_x,-1097
89840,rtrigger,32767
89840,lstick_x,-1097
89845,rtrigger,32767
89845,lstick_x,-1097
89849,rtrigger,32767
89849,lstick_x,-1097
89856,rtrigger,32767
89856,lstick_x,-1097
89864,rtrigger,32767
89864,lstick_x,-1097
89933,rtrigger,32767
89933,lstick_x,-1097
89940,rtrigger,32767
89940,lstick_x,-1097
89944,rtrigger,32767
89944,lstick_x,-1097
89947,rtrigger,32767
89947,lstick_x,-1097
89951,rtrigger,32767
89951,lstick_x,-1097
89962,rtrigger,32767
89962,lstick_x,-1097
89968,rtrigger,32767
89968,lstick_x,-1097
89973,rtrigger,32767
89973,lstick_x,-1097
89975,rtrigger,32767
89975,lstick_x,-1097
89978,rtrigger,32767
89978,lstick_x,-1097
89985,rtrigger,32767
89985,lstick_x,-1097
89993,rtrigger,32767
89993,lstick_x,-1097
89998,rtrigger,32767
89998,lstick_x,-1097
90020,rtrigger,32767
90020,lstick_x,-1097
90036,rtrigger,32767
90036,lstick_x,-1097
90053,rtrigger,32767
90053,lstick_x,-1097
90087,rtrigger,32767
90087,lstick_x,-1097
90090,rtrigger,32767
90090,lstick_x,-1097
90095,rtrigger,32767
90095,lstick_x,-1097
90097,rtrigger,32767
90097,lstick_x,-1097
90101,rtrigger,32767
90101,lstick_x,-1097
90104,rtrigger,32767
90104,lstick_x,-1097
90107,rtrigger,32767
90107,lstick_x,-1097
90115,rtrigger,32767
90115,lstick_x,-1097
90121,rtrigger,32767
90121,lstick_x,-1097
90127,rtrigger,32767
90127,lstick_x,-1097
90136,rtrigger,32767
90136,lstick_x,-1097
90139,rtrigger,32767
90139,lstick_x,-1097
90143,rtrigger,32767
90143,lstick_x,-1097
90146,rtrigger,32767
90146,lstick_x,-1097
90150,rtrigger,32767
90150,lstick_x,-1097
90156,rtrigger,32767
90156,lstick_x,-1097
90163,rtrigger,32767
90163,lstick_x,-1097
90170,rtrigger,32767
90170,lstick_x,-1097
90177,rtrigger,32767
90177,lstick_x,-1097
90188,rtrigger,32767
90188,lstick_x,-1097
90197,rtrigger,32767
90197,lstick_x,-1097
90221,rtrigger,32767
90221,lstick_x,-1097
90249,rtrigger,32767
90249,lstick_x,-1097
90276,rtrigger,32767
90276,lstick_x,-1097
90283,rtrigger,32767
90283,lstick_x,-1097
90288,rtrigger,32767
90288,lstick_x,-1097
90299,rtrigger,32767
90299,lstick_x,-1097
90304,rtrigger,32767
90304,lstick_x,-1097
90307,rtrigger,32767
90307,lstick_x,-1097
90311,rtrigger,32767
90311,lstick_x,-1097
90322,rtrigger,32767
90322,lstick_x,-1097
90329,rtrigger,32767
90329,lstick_x,-1097
90332,rtrigger,32767
90332,lstick_x,-1097
90337,rtrigger,32767
90337,lstick_x,-1097
90341,rtrigger,32767
90341,lstick_x,-1097
90347,rtrigger,32767
90347,lstick_x,-1097
90354,rtrigger,32767
90354,lstick_x,-1097
90356,rtrigger,32767
90356,lstick_x,-1097
90359,rtrigger,32767
90359,lstick_x,-1097
90362,rtrigger,32767
90362,lstick_x,-1097
90366,rtrigger,32767
90366,lstick_x,-1097
90373,rtrigger,32767
90373,lstick_x,-1097
90380,rtrigger,32767
90380,lstick_x,-1097
90385,rtrigger,32767
90385,lstick_x,-1097
90392,rtrigger,32767
90392,lstick_x,-1097
90401,rtrigger,32767
90401,lstick_x,-1097
90412,rtrigger,32767
90412,lstick_x,-1097
90416,rtrigger,32767
90416,lstick_x,-1097
90426,rtrigger,32767
90426,lstick_x,-1097
90432,rtrigger,32767
90432,lstick_x,-1097
90465,rtrigger,32767
90465,lstick_x,-1097
90482,rtrigger,32767
90482,lstick_x,-1097
90520,rtrigger,32767
90520,lstick_x,-1097
90527,rtrigger,32767
90527,lstick_x,-1097
90532,rtrigger,32767
90532,lstick_x,-1097
90536,rtrigger,32767
90536,lstick_x,-1097
90544,rtrigger,32767
90544,lstick_x,-1097
90557,rtrigger,32767
90557,lstick_x,-1097
90560,rtrigger,32767
90560,lstick_x,-1097
90568,rtrigger,32767
90568,lstick_x,-1097
90573,rtrigger,32767
90573,lstick_x,-1097
90576,rtrigger,32767
90576,lstick_x,-1097
90580,rtrigger,32767
90580,lstick_x,-1097
90584,rtrigger,32767
90584,lstick_x,-1097
90592,rtrigger,32767
90592,lstick_x,-1097
90601,rtrigger,32767
90601,lstick_x,-1097
90608,rtrigger,32767
90608,lstick_x,-1097
90616,rtrigger,32767
90616,lstick_x,-1097
90624,rtrigger,32767
90624,lstick_x,-1097
90628,rtrigger,32767
90628,lstick_x,-1097
90681,rtrigger,32767
90681,lstick_x,-1097
90709,rtrigger,32767
90709,lstick_x,-1097
90712,rtrigger,32767
90712,lstick_x,-1097
90735,rtrigger,32767
90735,lstick_x,-1097
90744,rtrigger,32767
90744,lstick_x,-1097
90749,rtrigger,32767
90749,lstick_x,-1097
90753,rtrigger,32767
90753,lstick_x,-1097
90756,rtrigger,32767
90756,lstick_x,-1097
90762,rtrigger,32767
90762,lstick_x,-1097
90770,rtrigger,32767
90770,lstick_x,-1097
90776,rtrigger,32767
90776,lstick_x,-1097
90782,rtrigger,32767
90782,lstick_x,-1097
90792,rtrigger,32767
90792,lstick_x,-1097
90798,rtrigger,32767
90798,lstick_x,-1097
90805,rtrigger,32767
90805,lstick_x,-1097
90812,rtrigger,32767
90812,lstick_x,-1097
90819,rtrigger,32767
90819,lstick_x,-1097
90827,rtrigger,32767
90827,lstick_x,-1097
90840,rtrigger,32767
90840,lstick_x,-1097
90848,rtrigger,32767
90848,lstick_x,-1097
90859,rtrigger,32767
90859,lstick_x,-1097
90866,rtrigger,32767
90866,lstick_x,-1097
90877,rtrigger,32767
90877,lstick_x,-1097
90881,rtrigger,32767
90881,lstick_x,-1097
90891,rtrigger,32767
90891,lstick_x,-1097
90897,rtrigger,32767
90897,lstick_x,-1097
90904,rtrigger,32767
90904,lstick_x,-1097
90927,rtrigger,32767
90927,lstick_x,-1097
90948,rtrigger,32767
90948,lstick_x,-1097
90956,rtrigger,32767
90956,lstick_x,-1097
90960,rtrigger,32767
90960,lstick_x,-1097
90968,rtrigger,32767
90968,lstick_x,-1097
90973,rtrigger,32767
90973,lstick_x,-1097
90978,rtrigger,32767
90978,lstick_x,-1097
90984,rtrigger,32767
90984,lstick_x,-1097
90992,rtrigger,32767
90992,lstick_x,-1097
91000,rtrigger,32767
91000,lstick_x,-1097
91008,rtrigger,32767
91008,lstick_x,-1097
91017,rtrigger,32767
91017,lstick_x,-1097
91026,rtrigger,32767
91026,lstick_x,-1097
91035,rtrigger,32767
91035,lstick_x,-1097
91042,rtrigger,32767
91042,lstick_x,-1097
91048,rtrigger,32767
91048,lstick_x,-1097
91056,rtrigger,32767
91056,lstick_x,-1097
91065,rtrigger,32767
91065,lstick_x,-1097
91073,rtrigger,32767
91073,lstick_x,-1097
91082,rtrigger,32767
91082,lstick_x,-1097
91102,rtrigger,32767
91102,lstick_x,-1097
91110,rtrigger,32767
91110,lstick_x,-1097
91123,rtrigger,32767
91123,lstick_x,-1097
91148,rtrigger,32767
91148,lstick_x,-1097
91152,rtrigger,32767
91152,lstick_x,-1097
91160,rtrigger,32767
91160,lstick_x,-1097
91171,rtrigger,32767
91171,lstick_x,-1097
91182,rtrigger,32767
91182,lstick_x,-1097
91189,rtrigger,32767
91189,lstick_x,-1097
91192,rtrigger,32767
91192,lstick_x,-1097
91201,rtrigger,32767
91201,lstick_x,-1097
91208,rtrigger,32767
91208,lstick_x,-1097
91216,rtrigger,32767
91216,lstick_x,-1097
91224,rtrigger,32767
91224,lstick_x,-1097
91232,rtrigger,32767
91232,lstick_x,-1097
91240,rtrigger,32767
91240,lstick_x,-1097
91248,rtrigger,32767
91248,lstick_x,-1097
91264,rtrigger,32767
91264,lstick_x,-1097
91272,rtrigger,32767
91272,lstick_x,-1097
91284,rtrigger,32767
91284,lstick_x,-1097
91288,rtrigger,32767
91288,lstick_x,-1097
91296,rtrigger,32767
91296,lstick_x,-1097
91307,rtrigger,32767
91307,lstick_x,-1097
91332,rtrigger,32767
91332,lstick_x,-1097
91341,rtrigger,32767
91341,lstick_x,-1097
91377,rtrigger,32767
91377,lstick_x,-1097
91385,rtrigger,32767
91385,lstick_x,-1097
91390,rtrigger,32767
91390,lstick_x,-1097
91393,rtrigger,32767
91393,lstick_x,-1097
91402,rtrigger,32767
91402,lstick_x,-1097
91408,rtrigger,32767
91408,lstick_x,-1097
91416,rtrigger,32767
91416,lstick_x,-1097
91424,rtrigger,32767
91424,lstick_x,-1097
91432,rtrigger,32767
91432,lstick_x,-1097
91441,rtrigger,32767
91441,lstick_x,-1097
91450,rtrigger,32767
91450,lstick_x,-1097
91459,rtrigger,32767
91459,lstick_x,-1097
91467,rtrigger,32767
91467,lstick_x,-1097
91472,rtrigger,32767
91472,lstick_x,-1097
91482,rtrigger,32767
91482,lstick_x,-1097
91485,rtrigger,32767
91485,lstick_x,-1097
91498,rtrigger,32767
91498,lstick_x,-1097
91527,rtrigger,32767
91527,lstick_x,-1097
91537,rtrigger,32767
91537,lstick_x,-1097
91554,rtrigger,32767
91554,lstick_x,-1097
91562,rtrigger,32767
91562,lstick_x,-1097
91571,rtrigger,32767
91571,lstick_x,-1097
91577,rtrigger,32767
91577,lstick_x,-1097
91592,rtrigger,32767
91592,lstick_x,-1097
91596,rtrigger,32767
91596,lstick_x,-1097
91600,rtrigger,32767
91600,lstick_x,-1097
91609,rtrigger,32767
91609,lstick_x,-1097
91616,rtrigger,32767
91616,lstick_x,-1097
91625,rtrigger,32767
91625,lstick_x,-1097
91632,rtrigger,32767
91632,lstick_x,-1097
91640,rtrigger,32767
91640,lstick_x,-1097
91643,rtrigger,32767
91643,lstick_x,-1097
91653,rtrigger,32767
91653,lstick_x,-1097
91658,rtrigger,32767
91658,lstick_x,-1097
91665,rtrigger,32767
91665,lstick_x,-1097
91674,rtrigger,32767
91674,lstick_x,-1097
91685,rtrigger,32767
91685,lstick_x,-1097
91689,rtrigger,32767
91689,lstick_x,-1097
91692,rtrigger,32767
91692,lstick_x,-1097
91703,rtrigger,32767
91703,lstick_x,-1097
91717,rtrigger,32767
91717,lstick_x,-1097
91726,rtrigger,32767
91726,lstick_x,-1097
91747,rtrigger,32767
91747,lstick_x,-1097
91762,rtrigger,32767
91762,lstick_x,-1097
91773,rtrigger,32767
91773,lstick_x,-1097
91788,rtrigger,32767
91788,lstick_x,-1097
91796,rtrigger,32767
91796,lstick_x,-1097
91801,rtrigger,32767
91801,lstick_x,-1097
91806,rtrigger,32767
91806,lstick_x,-1097
91816,rtrigger,32767
91816,lstick_x,-1097
91825,rtrigger,32767
91825,lstick_x,-1097
91832,rtrigger,32767
91832,lstick_x,-1097
91840,rtrigger,32767
91840,lstick_x,-1097
91848,rtrigger,32767
91848,lstick_x,-1097
91856,rtrigger,32767
91856,lstick_x,-1097
91864,rtrigger,32767
91864,lstick_x,-1097
91872,rtrigger,32767
91872,lstick_x,-1097
91885,rtrigger,32767
91885,lstick_x,-1097
91893,rtrigger,32767
91893,lstick_x,-1097
91897,rtrigger,32767
91897,lstick_x,-1097
91908,rtrigger,32767
91908,lstick_x,-1097
91926,rtrigger,32767
91926,lstick_x,-1097
91946,rtrigger,32767
91946,lstick_x,-1097
91957,rtrigger,32767
91957,lstick_x,-1097
91976,rtrigger,32767
91976,lstick_x,-1097
91987,rtrigger,32767
91987,lstick_x,-1097
91992,rtrigger,32767
91992,lstick_x,-1097
91996,rtrigger,32767
91996,lstick_x,-1097
91999,rtrigger,32767
91999,lstick_x,-1097
92004,rtrigger,32767
92004,lstick_x,-1097
92008,rtrigger,32767
92008,lstick_x,-1097
92016,rtrigger,32767
92016,lstick_x,-1097
92023,rtrigger,32767
92023,lstick_x,-1097
92025,rtrigger,32767
92025,lstick_x,-1097
92032,rtrigger,32767
92032,lstick_x,-1097
92041,rtrigger,32767
92041,lstick_x,-1097
92044,rtrigger,32767
92044,lstick_x,-1097
92047,rtrigger,32767
92047,lstick_x,-1097
92056,rtrigger,32767
92056,lstick_x,-1097
92065,rtrigger,32767
92065,lstick_x,-1097
92074,rtrigger,32767
92074,lstick_x,-1097
92081,rtrigger,32767
92081,lstick_x,-1097
92095,rtrigger,32767
92095,lstick_x,-1097
92097,rtrigger,32767
92097,lstick_x,-1097
92120,rtrigger,32767
92120,lstick_x,-1097
92128,rtrigger,32767
92128,lstick_x,-1097
92148,rtrigger,32767
92148,lstick_x,-1097
92170,rtrigger,32767
92170,lstick_x,-1097
92187,rtrigger,32767
92187,lstick_x,-1097
92247,rtrigger,32767
92247,lstick_x,-1097
92252,rtrigger,32767
92252,lstick_x,-1097
92260,rtrigger,32767
92260,lstick_x,-1097
92267,rtrigger,32767
92267,lstick_x,-1097
92273,rtrigger,32767
92273,lstick_x,-1097
92277,rtrigger,32767
92277,lstick_x,-1097
92281,rtrigger,32767
92281,lstick_x,-1097
92285,rtrigger,32767
92285,lstick_x,-1097
92292,rtrigger,32767
92292,lstick_x,-1097
92297,rtrigger,32767
92297,lstick_x,-1097
92301,rtrigger,32767
92301,lstick_x,-1097
92308,rtrigger,32767
92308,lstick_x,-1097
92316,rtrigger,32767
92316,lstick_x,-1097
92322,rtrigger,32767
92322,lstick_x,-1097
92330,rtrigger,32767
92330,lstick_x,-1097
92338,rtrigger,32767
92338,lstick_x,-1097
92344,rtrigger,32767
92344,lstick_x,-1097
92353,rtrigger,32767
92353,lstick_x,-1097
92356,rtrigger,32767
92356,lstick_x,-1097
92359,rtrigger,32767
92359,lstick_x,-1097
92366,rtrigger,32767
92366,lstick_x,-1097
92373,rtrigger,32767
92373,lstick_x,-1097
92376,rtrigger,32767
92376,lstick_x,-1097
92387,rtrigger,32767
92387,lstick_x,-1097
92398,rtrigger,32767
92398,lstick_x,-1097
92407,rtrigger,32767
92407,lstick_x,-1097
92443,rtrigger,32767
92443,lstick_x,-1097
92450,rtrigger,32767
92450,lstick_x,-1097
92465,rtrigger,32767
92465,lstick_x,-1097
92476,rtrigger,32767
92476,lstick_x,-1097
92499,rtrigger,32767
92499,lstick_x,-1097
92506,rtrigger,32767
92506,lstick_x,-1097
92521,rtrigger,32767
92521,lstick_x,-1097
92527,rtrigger,32767
92527,lstick_x,-1097
92532,rtrigger,32767
92532,lstick_x,-1097
92536,rtrigger,32767
92536,lstick_x,-1097
92540,rtrigger,32767
92540,lstick_x,-1097
92544,rtrigger,32767
92544,lstick_x,-1097
92547,rtrigger,32767
92547,lstick_x,-1097
92552,rtrigger,32767
92552,lstick_x,-1097
92558,rtrigger,32767
92558,lstick_x,-1097
92561,rtrigger,32767
92561,lstick_x,-1097
92568,rtrigger,32767
92568,lstick_x,-1097
92576,rtrigger,32767
92576,lstick_x,-1097
92580,rtrigger,32767
92580,lstick_x,-1097
92585,rtrigger,32767
92585,lstick_x,-1097
92590,rtrigger,32767
92590,lstick_x,-1097
92593,rtrigger,32767
92593,lstick_x,-1097
92596,rtrigger,32767
92596,lstick_x,-1097
92603,rtrigger,32767
92603,lstick_x,-1097
92608,rtrigger,32767
92608,lstick_x,-1097
92616,rtrigger,32767
92616,lstick_x,-1097
92624,rtrigger,32767
92624,lstick_x,-1097
92633,rtrigger,32767
92633,lstick_x,-1097
92640,rtrigger,32767
92640,lstick_x,-1097
92650,rtrigger,32767
92650,lstick_x,-1097
92689,rtrigger,32767
92689,lstick_x,-1097
92717,rtrigger,32767
92717,lstick_x,-1097
92722,rtrigger,32767
92722,lstick_x,-1097
92737,rtrigger,32767
92737,lstick_x,-1097
92742,rtrigger,32767
92742,lstick_x,-1097
92745,rtrigger,32767
92745,lstick_x,-1097
92748,rtrigger,32767
92748,lstick_x,-1097
92756,rtrigger,32767
92756,lstick_x,-1097
92762,rtrigger,32767
92762,lstick_x,-1097
92765,rtrigger,32767
92765,lstick_x,-1097
92768,rtrigger,32767
92768,lstick_x,-1097
92778,rtrigger,32767
92778,lstick_x,-1097
92784,rtrigger,32767
92784,lstick_x,-1097
92792,rtrigger,32767
92792,lstick_x,-1097
92795,rtrigger,32767
92795,lstick_x,-1097
92798,rtrigger,32767
92798,lstick_x,-1097
92805,rtrigger,32767
92805,lstick_x,-1097
92809,rtrigger,32767
92809,lstick_x,-1097
92812,rtrigger,32767
92812,lstick_x,-1097
92816,rtrigger,32767
92816,lstick_x,-1097
92823,rtrigger,32767
92823,lstick_x,-1097
92832,rtrigger,32767
92832,lstick_x,-1097
92840,rtrigger,32767
92840,lstick_x,-1097
92850,rtrigger,32767
92850,lstick_x,-1097
92856,rtrigger,32767
92856,lstick_x,-1097
92869,rtrigger,32767
92869,lstick_x,-1097
92875,rtrigger,32767
92875,lstick_x,-1097
92896,rtrigger,32767
92896,lstick_x,-1097
92918,rtrigger,32767
92918,lstick_x,-1097
92924,rtrigger,32767
92924,lstick_x,-1097
92930,rtrigger,32767
92930,lstick_x,-1097
92962,rtrigger,32767
92962,lstick_x,-1097
92969,rtrigger,32767
92969,lstick_x,-1097
92976,rtrigger,32767
92976,lstick_x,-1097
92984,rtrigger,32767
92984,lstick_x,-1097
92989,rtrigger,32767
92989,lstick_x,-1097
92998,rtrigger,32767
92998,lstick_x,-1097
93001,rtrigger,32767
93001,lstick_x,-1097
93012,rtrigger,32767
93012,lstick_x,-1097
93016,rtrigger,32767
93016,lstick_x,-1097
93024,rtrigger,32767
93024,lstick_x,-1097
93030,rtrigger,32767
93030,lstick_x,-1097
93033,rtrigger,32767
93033,lstick_x,-1097
93038,rtrigger,32767
93038,lstick_x,-1097
93045,rtrigger,32767
93045,lstick_x,-1097
93049,rtrigger,32767
93049,lstick_x,-1097
93057,rtrigger,32767
93057,lstick_x,-1097
93065,rtrigger,32767
93065,lstick_x,-1097
93073,rtrigger,32767
93073,lstick_x,-1097
93081,rtrigger,32767
93081,lstick_x,-1097
93092,rtrigger,32767
93092,lstick_x,-1097
93127,rtrigger,32767
93127,lstick_x,-1097
93158,rtrigger,32767
93158,lstick_x,-1097
93169,rtrigger,32767
93169,lstick_x,-1097
93178,rtrigger,32767
93178,lstick_x,-1097
93182,rtrigger,32767
93182,lstick_x,-1097
93186,rtrigger,32767
93186,lstick_x,-1097
93193,rtrigger,32767
93193,lstick_x,-1097
93201,rtrigger,32767
93201,lstick_x,-1097
93206,rtrigger,32767
93206,lstick_x,-1097
93210,rtrigger,32767
93210,lstick_x,-1097
93217,rtrigger,32767
93217,lstick_x,-1097
93225,rtrigger,32767
93225,lstick_x,-1097
93232,rtrigger,32767
93232,lstick_x,-1097
93240,rtrigger,32767
93240,lstick_x,-1097
93244,rtrigger,32767
93244,lstick_x,-1097
93248,rtrigger,32767
93248,lstick_x,-1097
93256,rtrigger,32767
93256,lstick_x,-1097
93259,rtrigger,32767
93259,lstick_x,-1097
93263,rtrigger,32767
93263,lstick_x,-1097
93269,rtrigger,32767
93269,lstick_x,-1097
93276,rtrigger,32767
93276,lstick_x,-1097
93281,rtrigger,32767
93281,lstick_x,-1097
93290,rtrigger,32767
93290,lstick_x,-1097
93300,rtrigger,32767
93300,lstick_x,-1097
93312,rtrigger,32767
93312,lstick_x,-1097
93323,rtrigger,32767
93323,lstick_x,-1097
93338,rtrigger,32767
93338,lstick_x,-1097
93358,rtrigger,32767
93358,lstick_x,-1097
93392,rtrigger,32767
93392,lstick_x,-1097
93401,rtrigger,32767
93401,lstick_x,-1097
93410,rtrigger,32767
93410,lstick_x,-1097
93414,rtrigger,32767
93414,lstick_x,-1097
93424,rtrigger,32767
93424,lstick_x,-1097
93432,rtrigger,32767
93432,lstick_x,-1097
93441,rtrigger,32767
93441,lstick_x,-1097
93447,rtrigger,32767
93447,lstick_x,-1097
93456,rtrigger,32767
93456,lstick_x,-1097
93465,rtrigger,32767
93465,lstick_x,-1097
93479,rtrigger,32767
93479,lstick_x,-1097
93484,rtrigger,32767
93484,lstick_x,-1097
93491,rtrigger,32767
93491,lstick_x,-1097
93502,rtrigger,32767
93502,lstick_x,-1097
93513,rtrigger,32767
93513,lstick_x,-1097
93518,rtrigger,32767
93518,lstick_x,-1097
93523,rtrigger,32767
93523,lstick_x,-1097
93557,rtrigger,32767
93557,lstick_x,-1097
93564,rtrigger,32767
93564,lstick_x,-1097
93568,rtrigger,32767
93568,lstick_x,-1097
93589,rtrigger,32767
93589,lstick_x,-1097
93602,rtrigger,32767
93602,lstick_x,-1097
93609,rtrigger,32767
93609,lstick_x,-1097
93616,rtrigger,32767
93616,lstick_x,-1097
93626,rtrigger,32767
93626,lstick_x,-1097
93633,rtrigger,32767
93633,lstick_x,-1097
93643,rtrigger,32767
93643,lstick_x,-1097
93652,rtrigger,32767
93652,lstick_x,-1097
93656,rtrigger,32767
93656,lstick_x,-1097
93664,rtrigger,32767
93664,lstick_x,-1097
93673,rtrigger,32767
93673,lstick_x,-1097
93677,rtrigger,32767
93677,lstick_x,-1097
93683,rtrigger,32767
93683,lstick_x,-1097
93692,rtrigger,32767
93692,lstick_x,-1097
93696,rtrigger,32767
93696,lstick_x,-1097
93704,rtrigger,32767
93704,lstick_x,-1097
93712,rtrigger,32767
93712,lstick_x,-1097
93720,rtrigger,32767
93720,lstick_x,-1097
93740,rtrigger,32767
93740,lstick_x,-1097
93749,rtrigger,32767
93749,lstick_x,-1097
93763,rtrigger,32767
93763,lstick_x,-1097
93768,rtrigger,32767
93768,lstick_x,-1097
93790,rtrigger,32767
93790,lstick_x,-1097
93809,rtrigger,32767
93809,lstick_x,-1097
93829,rtrigger,32767
93829,lstick_x,-1097
93834,rtrigger,32767
93834,lstick_x,-1097
93841,rtrigger,32767
93841,lstick_x,-1097
93849,rtrigger,32767
93849,lstick_x,-1097
93856,rtrigger,32767
93856,lstick_x,-1097
93864,rtrigger,32767
93864,lstick_x,-1097
93873,rtrigger,32767
93873,lstick_x,-1097
93876,rtrigger,32767
93876,lstick_x,-1097
93878,rtrigger,32767
93878,lstick_x,-1097
93888,rtrigger,32767
93888,lstick_x,-1097
93891,rtrigger,32767
93891,lstick_x,-1097
93893,rtrigger,32767
93893,lstick_x,-1097
93898,rtrigger,32767
93898,lstick_x,-1097
93908,rtrigger,32767
93908,lstick_x,-1097
93917,rtrigger,32767
93917,lstick_x,-1097
93923,rtrigger,32767
93923,lstick_x,-1097
93928,rtrigger,32767
93928,lstick_x,-1097
93936,rtrigger,32767
93936,lstick_x,-1097
93940,rtrigger,32767
93940,lstick_x,-1097
93956,rtrigger,32767
93956,lstick_x,-1097
93994,rtrigger,32767
93994,lstick_x,-1097
94011,rtrigger,32767
94011,lstick_x,-1097
94039,rtrigger,32767
94039,lstick_x,-1097
94043,rtrigger,32767
94043,lstick_x,-1097
94048,rtrigger,32767
94048,lstick_x,-1097
94053,rtrigger,32767
94053,lstick_x,-1097
94056,rtrigger,32767
94056,lstick_x,-1097
94061,rtrigger,32767
94061,lstick_x,-1097
94064,rtrigger,32767
94064,lstick_x,-1097
94069,rtrigger,32767
94069,lstick_x,-1097
94076,rtrigger,32767
94076,lstick_x,-1097
94080,rtrigger,32767
94080,lstick_x,-1097
94088,rtrigger,32767
94088,lstick_x,-1097
94097,rtrigger,32767
94097,lstick_x,-1097
94104,rtrigger,32767
94104,lstick_x,-1097
94109,rtrigger,32767
94109,lstick_x,-1097
94112,rtrigger,32767
94112,lstick_x,-1097
94116,rtrigger,32767
94116,lstick_x,-1097
94120,rtrigger,32767
94120,lstick_x,-1097
94123,rtrigger,32767
94123,lstick_x,-1097
94126,rtrigger,32767
94126,lstick_x,-1097
94130,rtrigger,32767
94130,lstick_x,-1097
94136,rtrigger,32767
94136,lstick_x,-1097
94142,rtrigger,32767
94142,lstick_x,-1097
94159,rtrigger,32767
94159,lstick_x,-1097
94169,rtrigger,32767
94169,lstick_x,-1097
94178,rtrigger,32767
94178,lstick_x,-1097
94181,rtrigger,32767
94181,lstick_x,-1097
94231,rtrigger,32767
94231,lstick_x,-1097
94240,rtrigger,32767
94240,lstick_x,-1097
94264,rtrigger,32767
94264,lstick_x,-1097
94272,rtrigger,32767
94272,lstick_x,-1097
94288,rtrigger,32767
94288,lstick_x,-1097
94297,rtrigger,32767
94297,lstick_x,-1097
94307,rtrigger,32767
94307,lstick_x,-1097
94313,rtrigger,32767
94313,lstick_x,-1097
94320,rtrigger,32767
94320,lstick_x,-1097
94324,rtrigger,32767
94324,lstick_x,-1097
94333,rtrigger,32767
94333,lstick_x,-1097
94336,rtrigger,32767
94336,lstick_x,-1097
94340,rtrigger,32767
94340,lstick_x,-1097
94344,rtrigger,32767
94344,lstick_x,-1097
94352,rtrigger,32767
94352,lstick_x,-1097
94356,rtrigger,32767
94356,lstick_x,-1097
94359,rtrigger,32767
94359,lstick_x,-1097
94362,rtrigger,32767
94362,lstick_x,-1097
94366,rtrigger,32767
94366,lstick_x,-1097
94372,rtrigger,32767
94372,lstick_x,-1097
94376,rtrigger,32767
94376,lstick_x,-1097
94389,rtrigger,32767
94389,lstick_x,-1097
94429,rtrigger,32767
94429,lstick_x,-1097
94496,rtrigger,32767
94496,lstick_x,-1097
94564,rtrigger,32767
94564,lstick_x,-1097
94568,rtrigger,32767
94568,lstick_x,-1097
94573,rtrigger,32767
94573,lstick_x,-1097
94576,rtrigger,32767
94576,lstick_x,-1097
94584,rtrigger,32767
94584,lstick_x,-1097
94591,rtrigger,32767
94591,lstick_x,-1097
94613,rtrigger,32767
94613,lstick_x,-1097
94617,rtrigger,32767
94617,lstick_x,-1097
94631,rtrigger,32767
94631,lstick_x,-1097
94650,rtrigger,32767
94650,lstick_x,-1097
94669,rtrigger,32767
94669,lstick_x,-1097
94677,rtrigger,32767
94677,lstick_x,-1097
94689,rtrigger,32767
94689,lstick_x,-1097
94694,rtrigger,32767
94694,lstick_x,-1097
94697,rtrigger,32767
94697,lstick_x,-1097
94700,rtrigger,32767
94700,lstick_x,-1097
94704,rtrigger,32767
94704,lstick_x,-1097
94707,rtrigger,32767
94707,lstick_x,-1097
94711,rtrigger,32767
94711,lstick_x,-1097
94714,rtrigger,32767
94714,lstick_x,-1097
94721,rtrigger,32767
94721,lstick_x,-1097
94730,rtrigger,32767
94730,lstick_x,-1097
94734,rtrigger,32767
94734,lstick_x,-1097
94740,rtrigger,32767
94740,lstick_x,-1097
94744,rtrigger,32767
94744,lstick_x,-1097
94753,rtrigger,32767
94753,lstick_x,-1097
94760,rtrigger,32767
94760,lstick_x,-1097
94767,rtrigger,32767
94767,lstick_x,-1097
94772,rtrigger,32767
94772,lstick_x,-1097
94776,rtrigger,32767
94776,lstick_x,-1097
94779,rtrigger,32767
94779,lstick_x,-1097
94784,rtrigger,32767
94784,lstick_x,-1097
94802,rtrigger,32767
94802,lstick_x,-1097
94808,rtrigger,32767
94808,lstick_x,-1097
94816,rtrigger,32767
94816,lstick_x,-1097
94824,rtrigger,32767
94824,lstick_x,-1097
94830,rtrigger,32767
94830,lstick_x,-1097
94881,rtrigger,32767
94881,lstick_x,-1097
94908,rtrigger,32767
94908,lstick_x,-1097
94935,rtrigger,32767
94935,lstick_x,-1097
94940,rtrigger,32767
94940,lstick_x,-1097
94943,rtrigger,32767
94943,lstick_x,-1097
94948,rtrigger,32767
94948,lstick_x,-1097
94952,rtrigger,32767
94952,lstick_x,-1097
94960,rtrigger,32767
94960,lstick_x,-1097
94968,rtrigger,32767
94968,lstick_x,-1097
94976,rtrigger,32767
94976,lstick_x,-1097
94984,rtrigger,32767
94984,lstick_x,-1097
94992,rtrigger,32767
94992,lstick_x,-1097
94995,rtrigger,32767
94995,lstick_x,-1097
95065,rtrigger,32767
95065,lstick_x,-1097
95069,rtrigger,32767
95069,lstick_x,-1097
95072,rtrigger,32767
95072,lstick_x,-1097
95075,rtrigger,32767
95075,lstick_x,-1097
95079,rtrigger,32767
95079,lstick_x,-1097
95092,rtrigger,32767
95092,lstick_x,-1097
95096,rtrigger,32767
95096,lstick_x,-1097
95105,rtrigger,32767
95105,lstick_x,-1097
95112,rtrigger,32767
95112,lstick_x,-1097
95121,rtrigger,32767
95121,lstick_x,-1097
95128,rtrigger,32767
95128,lstick_x,-1097
95139,rtrigger,32767
95139,lstick_x,-1097
95144,rtrigger,32767
95144,lstick_x,-1097
95154,rtrigger,32767
95154,lstick_x,-1097
95171,rtrigger,32767
95171,lstick_x,-1097
95181,rtrigger,32767
95181,lstick_x,-1097
95191,rtrigger,32767
95191,lstick_x,-1097
95214,rtrigger,32767
95214,lstick_x,-1097
95223,rtrigger,32767
95223,lstick_x,-1097
95230,rtrigger,32767
95230,lstick_x,-1097
95233,rtrigger,32767
95233,lstick_x,-1097
95240,rtrigger,32767
95240,lstick_x,-1097
95249,rtrigger,32767
95249,lstick_x,-1097
95261,rtrigger,32767
95261,lstick_x,-1097
95264,rtrigger,32767
95264,lstick_x,-1097
95272,rtrigger,32767
95272,lstick_x,-1097
95280,rtrigger,32767
95280,lstick_x,-1097
95286,rtrigger,32767
95286,lstick_x,-1097
95291,rtrigger,32767
95291,lstick_x,-1097
95297,rtrigger,32767
95297,lstick_x,-1097
95305,rtrigger,32767
95305,lstick_x,-1097
95315,rtrigger,32767
95315,lstick_x,-1097
95323,rtrigger,32767
95323,lstick_x,-1097
95329,rtrigger,32767
95329,lstick_x,-1097
95353,rtrigger,32767
95353,lstick_x,-1097
95389,rtrigger,32767
95389,lstick_x,-1097
95410,rtrigger,32767
95410,lstick_x,-1097
95416,rtrigger,32767
95416,lstick_x,-1097
95419,rtrigger,32767
95419,lstick_x,-1097
95427,rtrigger,32767
95427,lstick_x,-1097
95429,rtrigger,32767
95429,lstick_x,-1097
95432,rtrigger,32767
95432,lstick_x,-1097
95442,rtrigger,32767
95442,lstick_x,-1097
95446,rtrigger,32767
95446,lstick_x,-1097
95456,rtrigger,32767
95456,lstick_x,-1097
95464,rtrigger,32767
95464,lstick_x,-1097
95467,rtrigger,32767
95467,lstick_x,-1097
95473,rtrigger,32767
95473,lstick_x,-1097
95485,rtrigger,32767
95485,lstick_x,-1097
95495,rtrigger,32767
95495,lstick_x,-1097
95499,rtrigger,32767
95499,lstick_x,-1097
95504,rtrigger,32767
95504,lstick_x,-1097
95512,rtrigger,32767
95512,lstick_x,-1097
95522,rtrigger,32767
95522,lstick_x,-1097
95525,rtrigger,32767
95525,lstick_x,-1097
95528,rtrigger,32767
95528,lstick_x,-1097
95543,rtrigger,32767
95543,lstick_x,-1097
95551,rtrigger,32767
95551,lstick_x,-1097
95580,rtrigger,32767
95580,lstick_x,-1097
95599,rtrigger,32767
95599,lstick_x,-1097
95602,rtrigger,32767
95602,lstick_x,-1097
95614,rtrigger,32767
95614,lstick_x,-1097
95625,rtrigger,32767
95625,lstick_x,-1097
95632,rtrigger,32767
95632,lstick_x,-1097
95639,rtrigger,32767
95639,lstick_x,-1097
95644,rtrigger,32767
95644,lstick_x,-1097
95652,rtrigger,32767
95652,lstick_x,-1097
95659,rtrigger,32767
95659,lstick_x,-1097
95665,rtrigger,32767
95665,lstick_x,-1097
95672,rtrigger,32767
95672,lstick_x,-1097
95677,rtrigger,32767
95677,lstick_x,-1097
95680,rtrigger,32767
95680,lstick_x,-1097
95688,rtrigger,32767
95688,lstick_x,-1097
95692,rtrigger,32767
95692,lstick_x,-1097
95696,rtrigger,32767
95696,lstick_x,-1097
95708,rtrigger,32767
95708,lstick_x,-1097
95719,rtrigger,32767
95719,lstick_x,-1097
95723,rtrigger,32767
95723,lstick_x,-1097
95726,rtrigger,32767
95726,lstick_x,-1097
95731,rtrigger,32767
95731,lstick_x,-1097
95742,rtrigger,32767
95742,lstick_x,-1097
95745,rtrigger,32767
95745,lstick_x,-1097
95749,rtrigger,32767
95749,lstick_x,-1097
95753,rtrigger,32767
95753,lstick_x,-1097
95761,rtrigger,32767
95761,lstick_x,-1097
95781,rtrigger,32767
95781,lstick_x,-1097
95793,rtrigger,32767
95793,lstick_x,-1097
95817,rtrigger,32767
95817,lstick_x,-1097
95839,rtrigger,32767
95839,lstick_x,-1097
95842,rtrigger,32767
95842,lstick_x,-1097
95854,rtrigger,32767
95854,lstick_x,-1097
95857,rtrigger,32767
95857,lstick_x,-1097
95862,rtrigger,32767
95862,lstick_x,-1097
95872,rtrigger,32767
95872,lstick_x,-1097
95880,rtrigger,32767
95880,lstick_x,-1097
95889,rtrigger,32767
95889,lstick_x,-1097
95893,rtrigger,32767
95893,lstick_x,-1097
95896,rtrigger,32767
95896,lstick_x,-1097
95904,rtrigger,32767
95904,lstick_x,-1097
95907,rtrigger,32767
95907,lstick_x,-1097
95911,rtrigger,32767
95911,lstick_x,-1097
95918,rtrigger,32767
95918,lstick_x,-1097
95920,rtrigger,32767
95920,lstick_x,-1097
95929,rtrigger,32767
95929,lstick_x,-1097
95937,rtrigger,32767
95937,lstick_x,-1097
95944,rtrigger,32767
95944,lstick_x,-1097
95953,rtrigger,32767
95953,lstick_x,-1097
95960,rtrigger,32767
95960,lstick_x,-1097
95963,rtrigger,32767
95963,lstick_x,-1097
95968,rtrigger,32767
95968,lstick_x,-1097
95980,rtrigger,32767
95980,lstick_x,-1097
96014,rtrigger,32767
96014,lstick_x,-1097
96024,rtrigger,32767
96024,lstick_x,-1097
96043,rtrigger,32767
96043,lstick_x,-1097
96050,rtrigger,32767
96050,lstick_x,-1097
96059,rtrigger,32767
96059,lstick_x,-1097
96064,rtrigger,32767
96064,lstick_x,-1097
96072,rtrigger,32767
96072,lstick_x,-1097
96083,rtrigger,32767
96083,lstick_x,-1097
96092,rtrigger,32767
96092,lstick_x,-1097
96097,rtrigger,32767
96097,lstick_x,-1097
96104,rtrigger,32767
96104,lstick_x,-1097
96112,rtrigger,32767
96112,lstick_x,-1097
96115,rtrigger,32767
96115,lstick_x,-1097
96120,rtrigger,32767
96120,lstick_x,-1097
96124,rtrigger,32767
96124,lstick_x,-1097
96132,rtrigger,32767
96132,lstick_x,-1097
96136,rtrigger,32767
96136,lstick_x,-1097
96146,rtrigger,32767
96146,lstick_x,-1097
96154,rtrigger,32767
96154,lstick_x,-1097
96164,rtrigger,32767
96164,lstick_x,-1097
96171,rtrigger,32767
96171,lstick_x,-1097
96193,rtrigger,32767
96193,lstick_x,-1097
96200,rtrigger,32767
96200,lstick_x,-1097
96218,rtrigger,32767
96218,lstick_x,-1097
96224,rtrigger,32767
96224,lstick_x,-1097
96241,rtrigger,32767
96241,lstick_x,-1097
96250,rtrigger,32767
96250,lstick_x,-1097
96258,rtrigger,32767
96258,lstick_x,-1097
96265,rtrigger,32767
96265,lstick_x,-1097
96272,rtrigger,32767
96272,lstick_x,-1097
96277,rtrigger,32767
96277,lstick_x,-1097
96286,rtrigger,32767
96286,lstick_x,-1097
96290,rtrigger,32767
96290,lstick_x,-1097
96297,rtrigger,32767
96297,lstick_x,-1097
96304,rtrigger,32767
96304,lstick_x,-1097
96312,rtrigger,32767
96312,lstick_x,-1097
96320,rtrigger,32767
96320,lstick_x,-1097
96324,rtrigger,32767
96324,lstick_x,-1097
96330,rtrigger,32767
96330,lstick_x,-1097
96336,rtrigger,32767
96336,lstick_x,-1097
96346,rtrigger,32767
96346,lstick_x,-1097
96358,rtrigger,32767
96358,lstick_x,-1097
96367,rtrigger,32767
96367,lstick_x,-1097
96373,rtrigger,32767
96373,lstick_x,-1097
96392,rtrigger,32767
96392,lstick_x,-1097
96417,rtrigger,32767
96417,lstick_x,-1097
96463,rtrigger,32767
96463,lstick_x,-1097
96467,rtrigger,32767
96467,lstick_x,-1097
96474,rtrigger,32767
96474,lstick_x,-1097
96480,rtrigger,32767
96480,lstick_x,-1097
96490,rtrigger,32767
96490,lstick_x,-1097
96496,rtrigger,32767
96496,lstick_x,-1097
96504,rtrigger,32767
96504,lstick_x,-1097
96512,rtrigger,32767
96512,lstick_x,-1097
96520,rtrigger,32767
96520,lstick_x,-1097
96525,rtrigger,32767
96525,lstick_x,-1097
96528,rtrigger,32767
96528,lstick_x,-1097
96531,rtrigger,32767
96531,lstick_x,-1097
96536,rtrigger,32767
96536,lstick_x,-1097
96539,rtrigger,32767
96539,lstick_x,-1097
96541,rtrigger,32767
96541,lstick_x,-1097
96545,rtrigger,32767
96545,lstick_x,-1097
96555,rtrigger,32767
96555,lstick_x,-1097
96563,rtrigger,32767
96563,lstick_x,-1097
96568,rtrigger,32767
96568,lstick_x,-1097
96576,rtrigger,32767
96576,lstick_x,-1097
96584,rtrigger,32767
96584,lstick_x,-1097
96594,rtrigger,32767
96594,lstick_x,-1097
96600,rtrigger,32767
96600,lstick_x,-1097
96649,rtrigger,32767
96649,lstick_x,-1097
96664,rtrigger,32767
96664,lstick_x,-1097
96680,rtrigger,32767
96680,lstick_x,-1097
96692,rtrigger,32767
96692,lstick_x,-1097
96698,rtrigger,32767
96698,lstick_x,-1097
96703,rtrigger,32767
96703,lstick_x,-1097
96710,rtrigger,32767
96710,lstick_x,-1097
96720,rtrigger,32767
96720,lstick_x,-1097
96724,rtrigger,32767
96724,lstick_x,-1097
96728,rtrigger,32767
96728,lstick_x,-1097
96737,rtrigger,32767
96737,lstick_x,-1097
96744,rtrigger,32767
96744,lstick_x,-1097
96753,rtrigger,32767
96753,lstick_x,-1097
96755,rtrigger,32767
96755,lstick_x,-1097
96760,rtrigger,32767
96760,lstick_x,-1097
96768,rtrigger,32767
96768,lstick_x,-1097
96778,rtrigger,32767
96778,lstick_x,-1097
96784,rtrigger,32767
96784,lstick_x,-1097
96795,rtrigger,32767
96795,lstick_x,-1097
96804,rtrigger,32767
96804,lstick_x,-1097
96808,rtrigger,32767
96808,lstick_x,-1097
96819,rtrigger,32767
96819,lstick_x,-1097
96842,rtrigger,32767
96842,lstick_x,-1097
96850,rtrigger,32767
96850,lstick_x,-1097
96861,rtrigger,32767
96861,lstick_x,-1097
96868,rtrigger,32767
96868,lstick_x,-1097
96876,rtrigger,32767
96876,lstick_x,-1097
96880,rtrigger,32767
96880,lstick_x,-1097
96902,rtrigger,32767
96902,lstick_x,-1097
96911,rtrigger,32767
96911,lstick_x,-1097
96915,rtrigger,32767
96915,lstick_x,-1097
96924,rtrigger,32767
96924,lstick_x,-1097
96930,rtrigger,32767
96930,lstick_x,-1097
96936,rtrigger,32767
96936,lstick_x,-1097
96944,rtrigger,32767
96944,lstick_x,-1097
96952,rtrigger,32767
96952,lstick_x,-1097
96960,rtrigger,32767
96960,lstick_x,-1097
96963,rtrigger,32767
96963,lstick_x,-1097
96966,rtrigger,32767
96966,lstick_x,-1097
96973,rtrigger,32767
96973,lstick_x,-1097
96979,rtrigger,32767
96979,lstick_x,-1097
96984,rtrigger,32767
96984,lstick_x,-1097
96992,rtrigger,32767
96992,lstick_x,-1097
97003,rtrigger,32767
97003,lstick_x,-1097
97008,rtrigger,32767
97008,lstick_x,-1097
97016,rtrigger,32767
97016,lstick_x,-1097
97023,rtrigger,32767
97023,lstick_x,-1097
97032,rtrigger,32767
97032,lstick_x,-1097
97043,rtrigger,32767
97043,lstick_x,-1097
97084,rtrigger,32767
97084,lstick_x,-1097
97088,rtrigger,32767
97088,lstick_x,-1097
97112,rtrigger,32767
97112,lstick_x,-1097
97123,rtrigger,32767
97123,lstick_x,-1097
97128,rtrigger,32767
97128,lstick_x,-1097
97140,rtrigger,32767
97140,lstick_x,-1097
97145,rtrigger,32767
97145,lstick_x,-1097
97154,rtrigger,32767
97154,lstick_x,-1097
97158,rtrigger,32767
97158,lstick_x,-1097
97161,rtrigger,32767
97161,lstick_x,-1097
97169,rtrigger,32767
97169,lstick_x,-1097
97172,rtrigger,32767
97172,lstick_x,-1097
97176,rtrigger,32767
97176,lstick_x,-1097
97180,rtrigger,32767
97180,lstick_x,-1097
97183,rtrigger,32767
97183,lstick_x,-1097
97191,rtrigger,32767
97191,lstick_x,-1097
97204,rtrigger,32767
97204,lstick_x,-1097
97208,rtrigger,32767
97208,lstick_x,-1097
97216,rtrigger,32767
97216,lstick_x,-1097
97224,rtrigger,32767
97224,lstick_x,-1097
97231,rtrigger,32767
97231,lstick_x,-1097
97265,rtrigger,32767
97265,lstick_x,-1097
97272,rtrigger,32767
97272,lstick_x,-1097
97283,rtrigger,32767
97283,lstick_x,-1097
97307,rtrigger,32767
97307,lstick_x,-1097
97312,rtrigger,32767
97312,lstick_x,-1097
97325,rtrigger,32767
97325,lstick_x,-1097
97330,rtrigger,32767
97330,lstick_x,-1097
97336,rtrigger,32767
97336,lstick_x,-1097
97344,rtrigger,32767
97344,lstick_x,-1097
97354,rtrigger,32767
97354,lstick_x,-1097
97360,rtrigger,32767
97360,lstick_x,-1097
97368,rtrigger,32767
97368,lstick_x,-1097
97373,rtrigger,32767
97373,lstick_x,-1097
97376,rtrigger,32767
97376,lstick_x,-1097
97379,rtrigger,32767
97379,lstick_x,-1097
97383,rtrigger,32767
97383,lstick_x,-1097
97392,rtrigger,32767
97392,lstick_x,-1097
97400,rtrigger,32767
97400,lstick_x,-1097
97411,rtrigger,32767
97411,lstick_x,-1097
97417,rtrigger,32767
97417,lstick_x,-1097
97427,rtrigger,32767
97427,lstick_x,-1097
97436,rtrigger,32767
97436,lstick_x,-1097
97441,rtrigger,32767
97441,lstick_x,-1097
97456,rtrigger,32767
97456,lstick_x,-1097
97466,rtrigger,32767
97466,lstick_x,-1097
97477,rtrigger,32767
97477,lstick_x,-1097
97488,rtrigger,32767
97488,lstick_x,-1097
97506,rtrigger,32767
97506,lstick_x,-1097
97512,rtrigger,32767
97512,lstick_x,-1097
97529,rtrigger,32767
97529,lstick_x,-1097
97543,rtrigger,32767
97543,lstick_x,-1097
97547,rtrigger,32767
97547,lstick_x,-1097
97551,rtrigger,32767
97551,lstick_x,-1097
97553,rtrigger,32767
97553,lstick_x,-1097
97565,rtrigger,32767
97565,lstick_x,-1097
97575,rtrigger,32767
97575,lstick_x,-1097
97584,rtrigger,32767
97584,lstick_x,-1097
97592,rtrigger,32767
97592,lstick_x,-1097
97595,rtrigger,32767
97595,lstick_x,-1097
97598,rtrigger,32767
97598,lstick_x,-1097
97608,rtrigger,32767
97608,lstick_x,-1097
97618,rtrigger,32767
97618,lstick_x,-1097
97624,rtrigger,32767
97624,lstick_x,-1097
97635,rtrigger,32767
97635,lstick_x,-1097
97640,rtrigger,32767
97640,lstick_x,-1097
97651,rtrigger,32767
97651,lstick_x,-1097
97656,rtrigger,32767
97656,lstick_x,-1097
97670,rtrigger,32767
97670,lstick_x,-1097
97676,rtrigger,32767
97676,lstick_x,-1097
97685,rtrigger,32767
97685,lstick_x,-1097
97704,rtrigger,32767
97704,lstick_x,-1097
97723,rtrigger,32767
97723,lstick_x,-1097
97732,rtrigger,32767
97732,lstick_x,-1097
97739,rtrigger,32767
97739,lstick_x,-1097
97746,rtrigger,32767
97746,lstick_x,-1097
97752,rtrigger,32767
97752,lstick_x,-1097
97756,rtrigger,32767
97756,lstick_x,-23293
97756,lstick_y,1570
97759,rtrigger,32767
97759,lstick_x,-23293
97759,lstick_y,1570
97768,rtrigger,32767
97768,lstick_x,-23293
97768,lstick_y,1570
97781,rtrigger,32767
97781,lstick_x,-23293
97781,lstick_y,1570
97784,rtrigger,32767
97784,lstick_x,-23293
97784,lstick_y,1570
97792,rtrigger,32767
97792,lstick_x,-23293
97792,lstick_y,1570
97801,rtrigger,32767
97801,lstick_x,-23293
97801,lstick_y,1570
97806,rtrigger,32767
97806,lstick_x,-23293
97806,lstick_y,1570
97810,rtrigger,32767
97810,lstick_x,-23293
97810,lstick_y,1570
97814,rtrigger,32767
97814,lstick_x,-23293
97814,lstick_y,1570
97818,rtrigger,32767
97818,lstick_x,-23293
97818,lstick_y,1570
97826,rtrigger,32767
97826,lstick_x,-23293
97826,lstick_y,1570
97836,rtrigger,32767
97836,lstick_x,-23293
97836,lstick_y,1570
97841,rtrigger,32767
97841,lstick_x,-32768
97841,lstick_y,6113
97857,rtrigger,32767
97857,lstick_x,-32768
97857,lstick_y,6113
97860,rtrigger,32767
97860,lstick_x,-32768
97860,lstick_y,6113
97888,rtrigger,32767
97888,lstick_x,-32768
97888,lstick_y,6113
97900,rtrigger,32767
97900,lstick_x,-32768
97900,lstick_y,7299
97914,rtrigger,32767
97914,lstick_x,-32768
97914,lstick_y,7299
97935,rtrigger,32767
97935,lstick_x,-32768
97935,lstick_y,7299
97942,rtrigger,32767
97942,lstick_x,-32768
97942,lstick_y,7906
97945,rtrigger,32767
97945,lstick_x,-32768
97945,lstick_y,7906
97960,rtrigger,32767
97960,lstick_x,-32768
97960,lstick_y,7906
97965,rtrigger,32767
97965,lstick_x,-31484
97965,lstick_y,7753
97969,rtrigger,32767
97969,lstick_x,-31484
97969,lstick_y,7753
97973,rtrigger,32767
97973,lstick_x,-19332
97973,lstick_y,7081
97976,rtrigger,32767
97976,lstick_x,-19332
97976,lstick_y,7081
97985,rtrigger,32767
97985,lstick_x,-19332
97985,lstick_y,7081
97992,rtrigger,32767
97992,lstick_x,-19332
97992,lstick_y,7081
98000,rtrigger,32767
98000,lstick_x,-18128
98000,lstick_y,6173
98008,rtrigger,32767
98008,lstick_x,-18128
98008,lstick_y,6173
98016,rtrigger,32767
98016,lstick_x,-18128
98016,lstick_y,6173
98024,rtrigger,32767
98024,lstick_x,-18128
98024,lstick_y,6173
98033,rtrigger,32767
98033,lstick_x,-18128
98033,lstick_y,6173
98041,rtrigger,32767
98041,lstick_x,-18128
98041,lstick_y,6173
98048,rtrigger,32767
98048,lstick_x,-18128
98048,lstick_y,6173
98063,rtrigger,32767
98063,lstick_x,-18128
98063,lstick_y,6173
98115,rtrigger,32767
98115,lstick_x,-5254
98115,lstick_y,2785
98137,rtrigger,32767
98137,lstick_x,-5254
98137,lstick_y,2785
98139,rtrigger,32767
98139,lstick_x,-2416
98143,rtrigger,32767
98143,lstick_x,-2416
98152,rtrigger,32767
98152,lstick_x,-2416
98173,rtrigger,32767
98173,lstick_x,-2416
98177,rtrigger,32767
98177,lstick_x,-2248
98186,rtrigger,32767
98186,lstick_x,-2248
98191,rtrigger,32767
98191,lstick_x,-2248
98195,rtrigger,32767
98195,lstick_x,-2248
98200,rtrigger,32767
98200,lstick_x,-2248
98212,rtrigger,32767
98212,lstick_x,-2248
98216,rtrigger,32767
98216,lstick_x,-2248
98224,rtrigger,32767
98224,lstick_x,-2248
98232,rtrigger,32767
98232,lstick_x,-2248
98244,rtrigger,32767
98244,lstick_x,-2248
98254,rtrigger,32767
98254,lstick_x,-2248
98268,rtrigger,32767
98268,lstick_x,-2248
98273,rtrigger,32767
98273,lstick_x,-2248
98276,rtrigger,32767
98276,lstick_x,-2248
98280,rtrigger,32767
98280,lstick_x,-2248
98290,rtrigger,32767
98290,lstick_x,-2248
98299,rtrigger,32767
98299,lstick_x,-2248
98314,rtrigger,32767
98314,lstick_x,-2248
98339,rtrigger,32767
98339,lstick_x,-2248
98352,rtrigger,32767
98352,lstick_x,-2248
98360,rtrigger,32767
98360,lstick_x,-2248
98369,rtrigger,32767
98369,lstick_x,-2248
98372,rtrigger,32767
98372,lstick_x,-1859
98380,rtrigger,32767
98380,lstick_x,-1859
98384,rtrigger,32767
98384,lstick_x,-1859
98389,rtrigger,32767
98389,lstick_x,-1890
98393,rtrigger,32767
98393,lstick_x,-1890
98401,rtrigger,32767
98401,lstick_x,-1890
98408,rtrigger,32767
98408,lstick_x,-1890
98416,rtrigger,32767
98416,lstick_x,-1890
98427,rtrigger,32767
98427,lstick_x,-1890
98435,rtrigger,32767
98435,lstick_x,-1890
98445,rtrigger,32767
98445,lstick_x,-1890
98449,rtrigger,32767
98449,lstick_x,-1890
98457,rtrigger,32767
98457,lstick_x,-1890
98480,rtrigger,32767
98480,lstick_x,-1890
98490,rtrigger,32767
98490,lstick_x,-1890
98498,rtrigger,32767
98498,lstick_x,-1890
98506,rtrigger,32767
98506,lstick_x,-1890
98520,rtrigger,32767
98520,lstick_x,-1890
98528,rtrigger,32767
98528,lstick_x,-1890
98581,rtrigger,32767
98581,lstick_x,-1890
98585,rtrigger,32767
98585,lstick_x,-1890
98618,rtrigger,32767
98618,lstick_x,-1890
98631,rtrigger,32767
98631,lstick_x,-25483
98631,lstick_y,1483
98638,rtrigger,32767
98638,lstick_x,-25483
98638,lstick_y,1483
98643,rtrigger,32767
98643,lstick_x,-32768
98643,lstick_y,8488
98654,rtrigger,32767
98654,lstick_x,-32768
98654,lstick_y,8488
98665,rtrigger,32767
98665,lstick_x,-32768
98665,lstick_y,8488
98672,rtrigger,32767
98672,lstick_x,-32768
98672,lstick_y,8499
98676,rtrigger,32767
98676,lstick_x,-32768
98676,lstick_y,8499
98680,rtrigger,32767
98680,lstick_x,-32768
98680,lstick_y,8499
98690,rtrigger,32767
98690,lstick_x,-32768
98690,lstick_y,8499
98693,rtrigger,32767
98693,lstick_x,-32768
98693,lstick_y,8499
98696,rtrigger,32767
98696,lstick_x,-32768
98696,lstick_y,8499
98707,rtrigger,32767
98707,lstick_x,-32768
98707,lstick_y,8499
98712,rtrigger,32767
98712,lstick_x,-32768
98712,lstick_y,8499
98720,rtrigger,32767
98720,lstick_x,-32768
98720,lstick_y,8499
98722,rtrigger,32767
98722,lstick_x,-32768
98722,lstick_y,8499
98725,rtrigger,32767
98725,lstick_x,-32768
98725,lstick_y,8499
98728,rtrigger,32767
98728,lstick_x,-32768
98728,lstick_y,8499
98748,rtrigger,32767
98748,lstick_x,-32768
98748,lstick_y,8499
98753,rtrigger,32767
98753,lstick_x,-32768
98753,lstick_y,8499
98760,rtrigger,32767
98760,lstick_x,-32768
98760,lstick_y,8499
98769,rtrigger,32767
98769,lstick_x,-32768
98769,lstick_y,8499
98781,rtrigger,32767
98781,lstick_x,-32768
98781,lstick_y,8499
98783,rtrigger,32767
98783,lstick_x,-32768
98783,lstick_y,8499
98799,rtrigger,32767
98799,lstick_x,-32768
98799,lstick_y,8499
98814,rtrigger,32767
98814,lstick_x,-32768
98814,lstick_y,8499
98818,rtrigger,32767
98818,lstick_x,-32768
98818,lstick_y,8363
98823,rtrigger,32767
98823,lstick_x,-32768
98823,lstick_y,8363
98864,rtrigger,32767
98864,lstick_x,-32768
98864,lstick_y,8363
98884,rtrigger,32767
98884,lstick_x,-32768
98884,lstick_y,8363
98890,rtrigger,32767
98890,lstick_x,-32768
98890,lstick_y,8363
98899,rtrigger,32767
98899,lstick_x,-32768
98899,lstick_y,8363
98904,rtrigger,32767
98904,lstick_x,-32768
98904,lstick_y,8284
98909,rtrigger,32767
98909,lstick_x,-32768
98909,lstick_y,8284
98911,rtrigger,32767
98911,lstick_x,-32768
98911,lstick_y,8284
98920,rtrigger,32767
98920,lstick_x,-32768
98920,lstick_y,8284
98929,rtrigger,32767
98929,lstick_x,-32768
98929,lstick_y,8284
98937,rtrigger,32767
98937,lstick_x,-32768
98937,lstick_y,8284
98944,rtrigger,32767
98944,lstick_x,-32768
98944,lstick_y,8284
98952,rtrigger,32767
98952,lstick_x,-32768
98952,lstick_y,8284
98956,rtrigger,32767
98956,lstick_x,-32768
98956,lstick_y,8284
98960,rtrigger,32767
98960,lstick_x,-32768
98960,lstick_y,8284
98962,rtrigger,32767
98962,lstick_x,-32768
98962,lstick_y,8284
98968,rtrigger,32767
98968,lstick_x,-32768
98968,lstick_y,8284
98978,rtrigger,32767
98978,lstick_x,-32768
98978,lstick_y,8284
98985,rtrigger,32767
98985,lstick_x,-32768
98985,lstick_y,8284
98992,rtrigger,32767
98992,lstick_x,-32768
98992,lstick_y,8284
99001,rtrigger,32767
99001,lstick_x,-32768
99001,lstick_y,8284
99008,rtrigger,32767
99008,lstick_x,-32768
99008,lstick_y,8284
99022,rtrigger,32767
99022,lstick_x,-14697
99022,lstick_y,6814
99045,rtrigger,32767
99045,lstick_x,-14697
99045,lstick_y,6814
99049,rtrigger,32767
99049,lstick_x,-4805
99058,rtrigger,32767
99058,lstick_x,-4053
99069,rtrigger,32767
99069,lstick_x,-4053
99076,rtrigger,32767
99076,lstick_x,-4053
99108,rtrigger,32767
99108,lstick_x,-4053
99118,rtrigger,32767
99118,lstick_x,-2518
99123,rtrigger,32767
99123,lstick_x,-2518
99128,rtrigger,32767
99128,lstick_x,-2518
99133,rtrigger,32767
99133,lstick_x,-1924
99138,rtrigger,32767
99138,lstick_x,-1924
99146,rtrigger,32767
99146,lstick_x,-1924
99153,rtrigger,32767
99153,lstick_x,-1924
99158,rtrigger,32767
99158,lstick_x,-1538
99162,rtrigger,32767
99162,lstick_x,-1538
99168,rtrigger,32767
99168,lstick_x,-1538
99176,rtrigger,32767
99176,lstick_x,-1538
99180,rtrigger,32767
99180,lstick_x,-1404
99184,rtrigger,32767
99184,lstick_x,-1404
99192,rtrigger,32767
99192,lstick_x,-1404
99201,rtrigger,32767
99201,lstick_x,-1404
99210,rtrigger,32767
99210,lstick_x,-1404
99222,rtrigger,32767
99222,lstick_x,-1404
99234,rtrigger,32767
99234,lstick_x,-1404
99238,rtrigger,32767
99238,lstick_x,-1404
99256,rtrigger,32767
99256,lstick_x,-1404
99269,rtrigger,32767
99269,lstick_x,-1404
99275,rtrigger,32767
99275,lstick_x,-1404
99280,rtrigger,32767
99280,lstick_x,-1404
99288,rtrigger,32767
99288,lstick_x,-1404
99298,rtrigger,32767
99298,lstick_x,-1404
99311,rtrigger,32767
99311,lstick_x,-1404
99330,rtrigger,32767
99330,lstick_x,-1404
99336,rtrigger,32767
99336,lstick_x,-1404
99341,rtrigger,32767
99341,lstick_x,-1139
99344,rtrigger,32767
99344,lstick_x,-1139
99353,rtrigger,32767
99353,lstick_x,-1139
99362,rtrigger,32767
99362,lstick_x,-1139
99368,rtrigger,32767
99368,lstick_x,-1139
99376,rtrigger,32767
99376,lstick_x,-1139
99384,rtrigger,32767
99384,lstick_x,-1139
99393,rtrigger,32767
99393,lstick_x,-1139
99401,rtrigger,32767
99401,lstick_x,-1139
99408,rtrigger,32767
99408,lstick_x,-1139
99431,rtrigger,32767
99431,lstick_x,-1139
99434,rtrigger,32767
99434,lstick_x,-1139
99443,rtrigger,32767
99443,lstick_x,-1139
99456,rtrigger,32767
99456,lstick_x,-1139
99482,rtrigger,32767
99482,lstick_x,-1139
99488,rtrigger,32767
99488,lstick_x,-1139
99518,rtrigger,32767
99518,lstick_x,-1139
99526,rtrigger,32767
99526,lstick_x,-1139
99536,rtrigger,32767
99536,lstick_x,-1139
99539,rtrigger,32767
99539,lstick_x,-32768
99539,lstick_y,8926
99543,rtrigger,32767
99543,lstick_x,-32768
99543,lstick_y,8926
99548,rtrigger,32767
99548,lstick_x,-32768
99548,lstick_y,8926
99554,rtrigger,32767
99554,lstick_x,-32768
99554,lstick_y,8926
99560,rtrigger,32767
99560,lstick_x,-32768
99560,lstick_y,8926
99568,rtrigger,32767
99568,lstick_x,-32768
99568,lstick_y,8926
99651,rtrigger,32767
99651,lstick_x,-32768
99651,lstick_y,8926
99656,rtrigger,32767
99656,lstick_x,-32768
99656,lstick_y,8926
99665,rtrigger,32767
99665,lstick_x,-32768
99665,lstick_y,8926
99672,rtrigger,32767
99672,lstick_x,-32768
99672,lstick_y,8926
99676,rtrigger,32767
99676,lstick_x,-32768
99676,lstick_y,8926
99679,rtrigger,32767
99679,lstick_x,-32768
99679,lstick_y,8926
99689,rtrigger,32767
99689,lstick_x,-32768
99689,lstick_y,8926
99698,rtrigger,32767
99698,lstick_x,-32768
99698,lstick_y,8926
99710,rtrigger,32767
99710,lstick_x,-32768
99710,lstick_y,8926
99714,rtrigger,32767
99714,lstick_x,-32768
99714,lstick_y,8926
99725,rtrigger,32767
99725,lstick_x,-32768
99725,lstick_y,8926
99728,rtrigger,32767
99728,lstick_x,-32768
99728,lstick_y,9474
99736,rtrigger,32767
99736,lstick_x,-32768
99736,lstick_y,9474
99749,rtrigger,32767
99749,lstick_x,-32768
99749,lstick_y,9474
99752,rtrigger,32767
99752,lstick_x,-32768
99752,lstick_y,9474
99760,rtrigger,32767
99760,lstick_x,-32768
99760,lstick_y,9474
99771,rtrigger,32767
99771,lstick_x,-32768
99771,lstick_y,9474
99812,rtrigger,32767
99812,lstick_x,-32768
99812,lstick_y,9474
99820,rtrigger,32767
99820,lstick_x,-32768
99820,lstick_y,9474
99827,rtrigger,32767
99827,lstick_x,-32768
99827,lstick_y,9474
99830,rtrigger,32767
99830,lstick_x,-21172
99834,rtrigger,32767
99834,lstick_x,-11072
99840,rtrigger,32767
99840,lstick_x,-11072
99850,rtrigger,32767
99850,lstick_x,-11072
99857,rtrigger,32767
99857,lstick_x,-11072
99864,rtrigger,32767
99864,lstick_x,-11072
99872,rtrigger,32767
99872,lstick_x,-11072
99876,rtrigger,32767
99876,lstick_x,-11072
99880,rtrigger,32767
99880,lstick_x,-11072
99883,rtrigger,32767
99883,lstick_x,-11072
99892,rtrigger,32767
99892,lstick_x,-11072
99896,rtrigger,32767
99896,lstick_x,-11072
99905,rtrigger,32767
99905,lstick_x,-11072
99912,rtrigger,32767
99912,lstick_x,-11072
99928,rtrigger,32767
99928,lstick_x,-11072
99935,rtrigger,32767
99935,lstick_x,-2740
99938,rtrigger,32767
99938,lstick_x,-2740
99952,rtrigger,32767
99952,lstick_x,-2740
99975,rtrigger,32767
99975,lstick_x,-2740
99982,rtrigger,32767
99982,lstick_x,-2740
99989,rtrigger,32767
99989,lstick_x,-2740
99995,rtrigger,32767
99995,lstick_x,-2740
100013,rtrigger,32767
100013,lstick_x,-2740
100018,rtrigger,32767
100018,lstick_x,-2740
100025,rtrigger,32767
100025,lstick_x,-2740
100038,rtrigger,32767
100038,lstick_x,-2740
100048,rtrigger,32767
100048,lstick_x,-2740
100057,rtrigger,32767
100057,lstick_x,-1780
100066,rtrigger,32767
100066,lstick_x,-1780
100074,rtrigger,32767
100074,lstick_x,-1780
100080,rtrigger,32767
100080,lstick_x,-1780
100088,rtrigger,32767
100088,lstick_x,-1780
100096,rtrigger,32767
100096,lstick_x,-1780
100109,rtrigger,32767
100109,lstick_x,-1780
100115,rtrigger,32767
100115,lstick_x,-1780
100121,rtrigger,32767
100121,lstick_x,-1780
100129,rtrigger,32767
100129,lstick_x,-1780
100136,rtrigger,32767
100136,lstick_x,-1780
100144,rtrigger,32767
100144,lstick_x,-1780
100191,rtrigger,32767
100191,lstick_x,-1780
100194,rtrigger,32767
100194,lstick_x,-1780
100223,rtrigger,32767
100223,lstick_x,-1780
100246,rtrigger,32767
100246,lstick_x,-1780
100249,rtrigger,32767
100249,lstick_x,-1780
100258,rtrigger,32767
100258,lstick_x,-32768
100258,lstick_y,8445
100263,rtrigger,32767
100263,lstick_x,-32768
100263,lstick_y,8522
100272,rtrigger,32767
100272,lstick_x,-32768
100272,lstick_y,8522
100275,rtrigger,32767
100275,lstick_x,-32768
100275,lstick_y,8589
100280,rtrigger,32767
100280,lstick_x,-32768
100280,lstick_y,8589
100290,rtrigger,32767
100290,lstick_x,-32768
100290,lstick_y,8589
100293,rtrigger,32767
100293,lstick_x,-32768
100293,lstick_y,8589
100296,rtrigger,32767
100296,lstick_x,-32768
100296,lstick_y,8589
100304,rtrigger,32767
100304,lstick_x,-32768
100304,lstick_y,8589
100312,rtrigger,32767
100312,lstick_x,-32768
100312,lstick_y,8589
100314,rtrigger,32767
100314,lstick_x,-32768
100314,lstick_y,8589
100318,rtrigger,32767
100318,lstick_x,-32768
100318,lstick_y,8589
100321,rtrigger,32767
100321,lstick_x,-32768
100321,lstick_y,8589
100334,rtrigger,32767
100334,lstick_x,-32768
100334,lstick_y,8589
100344,rtrigger,32767
100344,lstick_x,-32768
100344,lstick_y,8589
100347,rtrigger,32767
100347,lstick_x,-32768
100347,lstick_y,8589
100356,rtrigger,32767
100356,lstick_x,-32768
100356,lstick_y,8589
100364,rtrigger,32767
100364,lstick_x,-32768
100364,lstick_y,8589
100369,rtrigger,32767
100369,lstick_x,-32768
100369,lstick_y,8589
100373,rtrigger,32767
100373,lstick_x,-32768
100373,lstick_y,8589
100402,rtrigger,32767
100402,lstick_x,-32768
100402,lstick_y,8589
100433,rtrigger,32767
100433,lstick_x,-32768
100433,lstick_y,8589
100458,rtrigger,32767
100458,lstick_x,-32768
100458,lstick_y,8589
100465,rtrigger,32767
100465,lstick_x,-32768
100465,lstick_y,8589
100474,rtrigger,32767
100474,lstick_x,-32768
100474,lstick_y,8589
100480,rtrigger,32767
100480,lstick_x,-31534
100480,lstick_y,7943
100488,rtrigger,32767
100488,lstick_x,-20840
100488,lstick_y,6869
100495,rtrigger,32767
100495,lstick_x,-19706
100495,lstick_y,5689
100498,rtrigger,32767
100498,lstick_x,-19706
100498,lstick_y,5689
100504,rtrigger,32767
100504,lstick_x,-19706
100504,lstick_y,5689
100512,rtrigger,32767
100512,lstick_x,-11013
100512,lstick_y,4578
100522,rtrigger,32767
100522,lstick_x,-11013
100522,lstick_y,4578
100528,rtrigger,32767
100528,lstick_x,-11013
100528,lstick_y,4578
100539,rtrigger,32767
100539,lstick_x,-11013
100539,lstick_y,4578
100544,rtrigger,32767
100544,lstick_x,-3365
100544,lstick_y,2782
100547,rtrigger,32767
100547,lstick_x,-3365
100547,lstick_y,2782
100551,rtrigger,32767
100551,lstick_x,-3365
100551,lstick_y,2782
100555,rtrigger,32767
100555,lstick_x,-3365
100555,lstick_y,2782
100561,rtrigger,32767
100561,lstick_x,-3365
100561,lstick_y,2782
100573,rtrigger,32767
100573,lstick_x,-3365
100573,lstick_y,2782
100581,rtrigger,32767
100581,lstick_x,-3365
100581,lstick_y,2782
100596,rtrigger,32767
100596,lstick_x,-3365
100596,lstick_y,2782
100606,rtrigger,32767
100606,lstick_x,-3365
100606,lstick_y,2782
100618,rtrigger,32767
100618,lstick_x,-2685
100618,lstick_y,1120
100640,rtrigger,32767
100640,lstick_x,-2685
100640,lstick_y,1120
100670,rtrigger,32767
100670,lstick_x,-2685
100670,lstick_y,1120
100677,rtrigger,32767
100677,lstick_x,-2685
100677,lstick_y,1120
100697,rtrigger,32767
100697,lstick_x,-2685
100697,lstick_y,1120
100711,rtrigger,32767
100711,lstick_x,-2685
100711,lstick_y,1120
100719,rtrigger,32767
100719,lstick_x,-1740
100722,rtrigger,32767
100722,lstick_x,-1740
100727,rtrigger,32767
100727,lstick_x,-1689
100730,rtrigger,32767
100730,lstick_x,-1689
100734,rtrigger,32767
100734,lstick_x,-1689
100739,rtrigger,32767
100739,lstick_x,-1689
100742,rtrigger,32767
100742,lstick_x,-1689
100745,rtrigger,32767
100745,lstick_x,-1689
100759,rtrigger,32767
100759,lstick_x,-1589
100768,rtrigger,32767
100768,lstick_x,-1589
100778,rtrigger,32767
100778,lstick_x,-1589
100785,rtrigger,32767
100785,lstick_x,-1589
100790,rtrigger,32767
100790,lstick_x,-1589
100800,rtrigger,32767
100800,lstick_x,-1589
100809,rtrigger,32767
100809,lstick_x,-1589
100824,rtrigger,32767
100824,lstick_x,-1589
100834,rtrigger,32767
100834,lstick_x,-1589
100842,rtrigger,32767
100842,lstick_x,-1589
100848,rtrigger,32767
100848,lstick_x,-1589
100858,rtrigger,32767
100858,lstick_x,-1589
100868,rtrigger,32767
100868,lstick_x,-1589
100874,rtrigger,32767
100874,lstick_x,-1589
100884,rtrigger,32767
100884,lstick_x,-1589
100939,rtrigger,32767
100939,lstick_x,-1589
100944,rtrigger,32767
100944,lstick_x,-1589
100953,rtrigger,32767
100953,lstick_x,-1490
100958,rtrigger,32767
100958,lstick_x,-1490
100966,rtrigger,32767
100966,lstick_x,-1490
100971,rtrigger,32767
100971,lstick_x,-1490
100980,rtrigger,32767
100980,lstick_x,-1490
100984,rtrigger,32767
100984,lstick_x,-1490
100992,rtrigger,32767
100992,lstick_x,-1490
100998,rtrigger,32767
100998,lstick_x,-1490
101008,rtrigger,32767
101008,lstick_x,-1490
101019,rtrigger,32767
101019,lstick_x,-1490
101024,rtrigger,32767
101024,lstick_x,-1490
101036,rtrigger,32767
101036,lstick_x,-1490
101043,rtrigger,32767
101043,lstick_x,-1490
101048,rtrigger,32767
101048,lstick_x,-1490
101056,rtrigger,32767
101056,lstick_x,-1490
101079,rtrigger,32767
101079,lstick_x,-1419
101096,rtrigger,32767
101096,lstick_x,-1419
101104,rtrigger,32767
101104,lstick_x,-1419
101112,rtrigger,32767
101112,lstick_x,-1419
101120,rtrigger,32767
101120,lstick_x,-1419
101132,rtrigger,32767
101132,lstick_x,-1419
101137,rtrigger,32767
101137,lstick_x,-1419
101148,rtrigger,32767
101148,lstick_x,-1419
101160,rtrigger,32767
101160,lstick_x,-1419
101163,rtrigger,32767
101163,lstick_x,-1419
101171,rtrigger,32767
101171,lstick_x,-1419
101176,rtrigger,32767
101176,lstick_x,-1419
101179,rtrigger,32767
101179,lstick_x,-1419
101182,rtrigger,32767
101182,lstick_x,-1419
101190,rtrigger,32767
101190,lstick_x,-1419
101194,rtrigger,32767
101194,lstick_x,-1419
101202,rtrigger,32767
101202,lstick_x,-1419
101208,rtrigger,32767
101208,lstick_x,-1394
101216,rtrigger,32767
101216,lstick_x,-1394
101224,rtrigger,32767
101224,lstick_x,-1394
101227,rtrigger,32767
101227,lstick_x,-1394
101235,rtrigger,32767
101235,lstick_x,-1394
101240,rtrigger,32767
101240,lstick_x,-1394
101249,rtrigger,32767
101249,lstick_x,-1394
101260,rtrigger,32767
101260,lstick_x,-1394
101264,rtrigger,32767
101264,lstick_x,-1394
101276,rtrigger,32767
101276,lstick_x,-1394
101279,rtrigger,32767
101279,lstick_x,-1394
101299,rtrigger,32767
101299,lstick_x,-1394
101314,rtrigger,32767
101314,lstick_x,-1394
101340,rtrigger,32767
101340,lstick_x,-1394
101362,rtrigger,32767
101362,lstick_x,-1394
101368,rtrigger,32767
101368,lstick_x,-1394
101377,rtrigger,32767
101377,lstick_x,-1394
101381,rtrigger,32767
101381,lstick_x,-32768
101381,lstick_y,4231
101387,rtrigger,32767
101387,lstick_x,-32768
101387,lstick_y,4231
101390,rtrigger,32767
101390,lstick_x,-32768
101390,lstick_y,4231
101400,rtrigger,32767
101400,lstick_x,-32768
101400,lstick_y,5752
101406,rtrigger,32767
101406,lstick_x,-32768
101406,lstick_y,6293
101410,rtrigger,32767
101410,lstick_x,-32768
101410,lstick_y,6293
101416,rtrigger,32767
101416,lstick_x,-32768
101416,lstick_y,6293
101419,rtrigger,32767
101419,lstick_x,-32768
101419,lstick_y,6293
101423,rtrigger,32767
101423,lstick_x,-32768
101423,lstick_y,6732
101433,rtrigger,32767
101433,lstick_x,-32768
101433,lstick_y,6732
101440,rtrigger,32767
101440,lstick_x,-32768
101440,lstick_y,6732
101443,rtrigger,32767
101443,lstick_x,-32768
101443,lstick_y,6732
101446,rtrigger,32767
101446,lstick_x,-32768
101446,lstick_y,6732
101450,rtrigger,32767
101450,lstick_x,-32768
101450,lstick_y,6732
101456,rtrigger,32767
101456,lstick_x,-32768
101456,lstick_y,6732
101464,rtrigger,32767
101464,lstick_x,-32768
101464,lstick_y,6732
101476,rtrigger,32767
101476,lstick_x,-32768
101476,lstick_y,6732
101482,rtrigger,32767
101482,lstick_x,-32768
101482,lstick_y,6732
101495,rtrigger,32767
101495,lstick_x,-32768
101495,lstick_y,6732
101506,rtrigger,32767
101506,lstick_x,-32768
101506,lstick_y,6732
101510,rtrigger,32767
101510,lstick_x,-32768
101510,lstick_y,7582
101515,rtrigger,32767
101515,lstick_x,-31631
101515,lstick_y,7044
101524,rtrigger,32767
101524,lstick_x,-31631
101524,lstick_y,7044
101529,rtrigger,32767
101529,lstick_x,-31631
101529,lstick_y,7044
101537,rtrigger,32767
101537,lstick_x,-31631
101537,lstick_y,7044
101570,rtrigger,32767
101570,lstick_x,-31631
101570,lstick_y,7044
101576,rtrigger,32767
101576,lstick_x,-31631
101576,lstick_y,7044
101607,rtrigger,32767
101607,lstick_x,-31631
101607,lstick_y,7044
101617,rtrigger,32767
101617,lstick_x,-31631
101617,lstick_y,7044
101625,rtrigger,32767
101625,lstick_x,-5025
101625,lstick_y,2710
101633,rtrigger,32767
101633,lstick_x,-5025
101633,lstick_y,2710
101640,rtrigger,32767
101640,lstick_x,-4351
101640,lstick_y,2205
101643,rtrigger,32767
101643,lstick_x,-4351
101643,lstick_y,2205
101650,rtrigger,32767
101650,lstick_x,-3800
101650,lstick_y,1801
101656,rtrigger,32767
101656,lstick_x,-3800
101656,lstick_y,1801
101664,rtrigger,32767
101664,lstick_x,-3800
101664,lstick_y,1801
101672,rtrigger,32767
101672,lstick_x,-3800
101672,lstick_y,1801
101675,rtrigger,32767
101675,lstick_x,-3800
101675,lstick_y,1801
101679,rtrigger,32767
101679,lstick_x,-3800
101679,lstick_y,1801
101686,rtrigger,32767
101686,lstick_x,-3800
101686,lstick_y,1801
101689,rtrigger,32767
101689,lstick_x,-3800
101689,lstick_y,1801
101696,rtrigger,32767
101696,lstick_x,-3800
101696,lstick_y,1801
101704,rtrigger,32767
101704,lstick_x,-3800
101704,lstick_y,1801
101721,rtrigger,32767
101721,lstick_x,-3800
101721,lstick_y,1801
101728,rtrigger,32767
101728,lstick_x,-3800
101728,lstick_y,1801
101733,rtrigger,32767
101733,lstick_x,-2460
101745,rtrigger,32767
101745,lstick_x,-2460
101753,rtrigger,32767
101753,lstick_x,-2460
101761,rtrigger,32767
101761,lstick_x,-2460
101797,rtrigger,32767
101797,lstick_x,-2460
101806,rtrigger,32767
101806,lstick_x,-2460
101809,rtrigger,32767
101809,lstick_x,-2460
101827,rtrigger,32767
101827,lstick_x,-2460
101841,rtrigger,32767
101841,lstick_x,-2460
101849,rtrigger,32767
101849,lstick_x,-2460
101857,rtrigger,32767
101857,lstick_x,-1621
101865,rtrigger,32767
101865,lstick_x,-1621
101874,rtrigger,32767
101874,lstick_x,-1621
101880,rtrigger,32767
101880,lstick_x,-1621
101888,rtrigger,32767
101888,lstick_x,-1621
101896,rtrigger,32767
101896,lstick_x,-1621
101900,rtrigger,32767
101900,lstick_x,-1621
101908,rtrigger,32767
101908,lstick_x,-1621
101913,rtrigger,32767
101913,lstick_x,-1621
101926,rtrigger,32767
101926,lstick_x,-1621
101938,rtrigger,32767
101938,lstick_x,-1621
101944,rtrigger,32767
101944,lstick_x,-1621
101953,rtrigger,32767
101953,lstick_x,-1621
101967,rtrigger,32767
101967,lstick_x,-1520
101982,rtrigger,32767
101982,lstick_x,-1520
102011,rtrigger,32767
102011,lstick_x,-1520
102023,rtrigger,32767
102023,lstick_x,-1520
102027,rtrigger,32767
102027,lstick_x,-1520
102032,rtrigger,32767
102032,lstick_x,-1520
102042,rtrigger,32767
102042,lstick_x,-1520
102049,rtrigger,32767
102049,lstick_x,-1520
102056,rtrigger,32767
102056,lstick_x,-1520
102065,rtrigger,32767
102065,lstick_x,-1520
102076,rtrigger,32767
102076,lstick_x,-2048
102080,rtrigger,32767
102080,lstick_x,-2048
102088,rtrigger,32767
102088,lstick_x,-2048
102096,rtrigger,32767
102096,lstick_x,-2347
102104,rtrigger,32767
102104,lstick_x,-2788
102112,rtrigger,32767
102112,lstick_x,-2788
102120,rtrigger,32767
102120,lstick_x,-3265
102123,rtrigger,32767
102123,lstick_x,-3265
102125,rtrigger,32767
102125,lstick_x,-3265
102128,rtrigger,32767
102128,lstick_x,-3265
102138,rtrigger,32767
102138,lstick_x,-3265
102150,rtrigger,32767
102150,lstick_x,-3265
102153,rtrigger,32767
102153,lstick_x,-3265
102160,rtrigger,32767
102160,lstick_x,-3265
102169,rtrigger,32767
102169,lstick_x,-3265
102189,rtrigger,32767
102189,lstick_x,-3265
102192,rtrigger,32767
102192,lstick_x,-3265
102203,rtrigger,32767
102203,lstick_x,-15582
102203,lstick_y,1778
102233,rtrigger,32767
102233,lstick_x,-15582
102233,lstick_y,1778
102240,rtrigger,32767
102240,lstick_x,-15582
102240,lstick_y,1778
102248,rtrigger,32767
102248,lstick_x,-15582
102248,lstick_y,1778
102262,rtrigger,32767
102262,lstick_x,-15582
102262,lstick_y,1778
102264,rtrigger,32767
102264,lstick_x,-15582
102264,lstick_y,1778
102292,rtrigger,32767
102292,lstick_x,-15582
102292,lstick_y,1778
102296,rtrigger,32767
102296,lstick_x,-15582
102296,lstick_y,1778
102306,rtrigger,32767
102306,lstick_x,-15582
102306,lstick_y,1778
102312,rtrigger,32767
102312,lstick_x,-15582
102312,lstick_y,1778
102314,rtrigger,32767
102314,lstick_x,-32768
102314,lstick_y,8027
102317,rtrigger,32767
102317,lstick_x,-32768
102317,lstick_y,8027
102320,rtrigger,32767
102320,lstick_x,-32768
102320,lstick_y,8027
102329,rtrigger,32767
102329,lstick_x,-32768
102329,lstick_y,8027
102336,rtrigger,32767
102336,lstick_x,-32768
102336,lstick_y,8027
102344,rtrigger,32767
102344,lstick_x,-32768
102344,lstick_y,8027
102352,rtrigger,32767
102352,lstick_x,-32768
102352,lstick_y,8027
102358,rtrigger,32767
102358,lstick_x,-32768
102358,lstick_y,8027
102360,rtrigger,32767
102360,lstick_x,-32768
102360,lstick_y,8027
102364,rtrigger,32767
102364,lstick_x,-32768
102364,lstick_y,8027
102367,rtrigger,32767
102367,lstick_x,-32768
102367,lstick_y,8027
102376,rtrigger,32767
102376,lstick_x,-32768
102376,lstick_y,8027
102384,rtrigger,32767
102384,lstick_x,-32768
102384,lstick_y,8027
102393,rtrigger,32767
102393,lstick_x,-32768
102393,lstick_y,8027
102402,rtrigger,32767
102402,lstick_x,-32768
102402,lstick_y,8027
102408,rtrigger,32767
102408,lstick_x,-32768
102408,lstick_y,8027
102422,rtrigger,32767
102422,lstick_x,-32768
102422,lstick_y,8027
102427,rtrigger,32767
102427,lstick_x,-22299
102427,lstick_y,6726
102443,rtrigger,32767
102443,lstick_x,-22299
102443,lstick_y,6726
102448,rtrigger,32767
102448,lstick_x,-22299
102448,lstick_y,6726
102467,rtrigger,32767
102467,lstick_x,-22299
102467,lstick_y,6726
102473,rtrigger,32767
102473,lstick_x,-22299
102473,lstick_y,6726
102499,rtrigger,32767
102499,lstick_x,-22299
102499,lstick_y,6726
102504,rtrigger,32767
102504,lstick_x,-22299
102504,lstick_y,6726
102512,rtrigger,32767
102512,lstick_x,-22299
102512,lstick_y,6726
102535,rtrigger,32767
102535,lstick_x,-22299
102535,lstick_y,6726
102539,rtrigger,32767
102539,lstick_x,-3238
102539,lstick_y,1516
102546,rtrigger,32767
102546,lstick_x,-3238
102546,lstick_y,1516
102551,rtrigger,32767
102551,lstick_x,-2979
102551,lstick_y,1229
102555,rtrigger,32767
102555,lstick_x,-2979
102555,lstick_y,1229
102559,rtrigger,32767
102559,lstick_x,-2979
102559,lstick_y,1229
102562,rtrigger,32767
102562,lstick_x,-2979
102562,lstick_y,1229
102568,rtrigger,32767
102568,lstick_x,-2760
102576,rtrigger,32767
102576,lstick_x,-2760
102584,rtrigger,32767
102584,lstick_x,-2760
102592,rtrigger,32767
102592,lstick_x,-2760
102599,rtrigger,32767
102599,lstick_x,-2760
102608,rtrigger,32767
102608,lstick_x,-2760
102618,rtrigger,32767
102618,lstick_x,-2760
102629,rtrigger,32767
102629,lstick_x,-2760
102632,rtrigger,32767
102632,lstick_x,-2760
102640,rtrigger,32767
102640,lstick_x,-2760
102650,rtrigger,32767
102650,lstick_x,-2760
102657,rtrigger,32767
102657,lstick_x,-2760
102664,rtrigger,32767
102664,lstick_x,-2760
102669,rtrigger,32767
102669,lstick_x,-2074
102682,rtrigger,32767
102682,lstick_x,-2074
102693,rtrigger,32767
102693,lstick_x,-2074
102704,rtrigger,32767
102704,lstick_x,-2074
102721,rtrigger,32767
102721,lstick_x,-2074
102753,rtrigger,32767
102753,lstick_x,-2074
102762,rtrigger,32767
102762,lstick_x,-2074
102770,rtrigger,32767
102770,lstick_x,-2074
102776,rtrigger,32767
102776,lstick_x,-2074
102786,rtrigger,32767
102786,lstick_x,-1636
102793,rtrigger,32767
102793,lstick_x,-1636
102798,rtrigger,32767
102798,lstick_x,-1636
102802,rtrigger,32767
102802,lstick_x,-1636
102809,rtrigger,32767
102809,lstick_x,-1636
102816,rtrigger,32767
102816,lstick_x,-1636
102823,rtrigger,32767
102823,lstick_x,-1636
102831,rtrigger,32767
102831,lstick_x,-1636
102834,rtrigger,32767
102834,lstick_x,-1636
102840,rtrigger,32767
102840,lstick_x,-1636
102845,rtrigger,32767
102845,lstick_x,-1636
102848,rtrigger,32767
102848,lstick_x,-1636
102859,rtrigger,32767
102859,lstick_x,-1636
102869,rtrigger,32767
102869,lstick_x,-1636
102873,rtrigger,32767
102873,lstick_x,-1636
102881,rtrigger,32767
102881,lstick_x,-1636
102888,rtrigger,32767
102888,lstick_x,-1636
102896,rtrigger,32767
102896,lstick_x,-1636
102904,rtrigger,32767
102904,lstick_x,-1636
102942,rtrigger,32767
102942,lstick_x,-1580
102970,rtrigger,32767
102970,lstick_x,-1580
102976,rtrigger,32767
102976,lstick_x,-1580
102990,rtrigger,32767
102990,lstick_x,-1580
102994,rtrigger,32767
102994,lstick_x,-1580
103008,rtrigger,32767
103008,lstick_x,-1580
103020,rtrigger,32767
103020,lstick_x,-1580
103023,rtrigger,32767
103023,lstick_x,-1533
103027,rtrigger,32767
103027,lstick_x,-1533
103032,rtrigger,32767
103032,lstick_x,-1533
103040,rtrigger,32767
103040,lstick_x,-1533
103049,rtrigger,32767
103049,lstick_x,-1533
103056,rtrigger,32767
103056,lstick_x,-1533
103060,rtrigger,32767
103060,lstick_x,-1533
103064,rtrigger,32767
103064,lstick_x,-1533
103072,rtrigger,32767
103072,lstick_x,-1533
103081,rtrigger,32767
103081,lstick_x,-1533
103085,rtrigger,32767
103085,lstick_x,-1533
103091,rtrigger,32767
103091,lstick_x,-1533
103097,rtrigger,32767
103097,lstick_x,-1533
103104,rtrigger,32767
103104,lstick_x,-1533
103112,rtrigger,32767
103112,lstick_x,-1533
103125,rtrigger,32767
103125,lstick_x,-1533
103129,rtrigger,32767
103129,lstick_x,-1533
103140,rtrigger,32767
103140,lstick_x,-1533
103143,rtrigger,32767
103143,lstick_x,-1533
103146,rtrigger,32767
103146,lstick_x,-1533
103159,rtrigger,32767
103159,lstick_x,-1533
103203,rtrigger,32767
103203,lstick_x,-1533
103215,rtrigger,32767
103215,lstick_x,-1533
103238,rtrigger,32767
103238,lstick_x,-1533
103242,rtrigger,32767
103242,lstick_x,-1533
103248,rtrigger,32767
103248,lstick_x,-1533
103256,rtrigger,32767
103256,lstick_x,-1533
103260,rtrigger,32767
103260,lstick_x,-1533
103264,rtrigger,32767
103264,lstick_x,-1533
103272,rtrigger,32767
103272,lstick_x,-1533
103280,rtrigger,32767
103280,lstick_x,-1533
103290,rtrigger,32767
103290,lstick_x,-1533
103296,rtrigger,32767
103296,lstick_x,-1533
103305,rtrigger,32767
103305,lstick_x,-1533
103315,rtrigger,32767
103315,lstick_x,-1533
103321,rtrigger,32767
103321,lstick_x,-1533
103331,rtrigger,32767
103331,lstick_x,-1533
103336,rtrigger,32767
103336,lstick_x,-1533
103349,rtrigger,32767
103349,lstick_x,-1533
103361,rtrigger,32767
103361,lstick_x,-1533
103364,rtrigger,32767
103364,lstick_x,-1533
103370,rtrigger,32767
103370,lstick_x,-1533
103398,rtrigger,32767
103398,lstick_x,-1533
103403,rtrigger,32767
103403,lstick_x,-1533
103431,rtrigger,32767
103431,lstick_x,-1533
103463,rtrigger,32767
103463,lstick_x,-1533
103467,rtrigger,32767
103467,lstick_x,-1533
103475,rtrigger,32767
103475,lstick_x,-1533
103480,rtrigger,32767
103480,lstick_x,-1533
103488,rtrigger,32767
103488,lstick_x,-1533
103499,rtrigger,32767
103499,lstick_x,-1533
103506,rtrigger,32767
103506,lstick_x,-1533
103512,rtrigger,32767
103512,lstick_x,-1533
103517,rtrigger,32767
103517,lstick_x,-1533
103523,rtrigger,32767
103523,lstick_x,-1533
103528,rtrigger,32767
103528,lstick_x,-1533
103533,rtrigger,32767
103533,lstick_x,-1533
103536,rtrigger,32767
103536,lstick_x,-1533
103540,rtrigger,32767
103540,lstick_x,-1533
103546,rtrigger,32767
103546,lstick_x,-1533
103553,rtrigger,32767
103553,lstick_x,-1533
103565,rtrigger,32767
103565,lstick_x,-1533
103570,rtrigger,32767
103570,lstick_x,-1533
103581,rtrigger,32767
103581,lstick_x,-1533
103586,rtrigger,32767
103586,lstick_x,-1533
103592,rtrigger,32767
103592,lstick_x,-1533
103600,rtrigger,32767
103600,lstick_x,-1533
103629,rtrigger,32767
103629,lstick_x,-1533
103640,rtrigger,32767
103640,lstick_x,-1533
103654,rtrigger,32767
103654,lstick_x,-1533
103663,rtrigger,32767
103663,lstick_x,-1533
103673,rtrigger,32767
103673,lstick_x,-1533
103680,rtrigger,32767
103680,lstick_x,-1533
103701,rtrigger,32767
103701,lstick_x,-1533
103705,rtrigger,32767
103705,lstick_x,-1533
103714,rtrigger,32767
103714,lstick_x,-1533
103722,rtrigger,32767
103722,lstick_x,-1533
103729,rtrigger,32767
103729,lstick_x,-1533
103737,rtrigger,32767
103737,lstick_x,-1533
103744,rtrigger,32767
103744,lstick_x,-1533
103752,rtrigger,32767
103752,lstick_x,-1533
103761,rtrigger,32767
103761,lstick_x,-1533
103765,rtrigger,32767
103765,lstick_x,-1533
103768,rtrigger,32767
103768,lstick_x,-1533
103773,rtrigger,32767
103773,lstick_x,-1533
103783,rtrigger,32767
103783,lstick_x,-1533
103786,rtrigger,32767
103786,lstick_x,-1533
103800,rtrigger,32767
103800,lstick_x,-1533
103809,rtrigger,32767
103809,lstick_x,-1533
103816,rtrigger,32767
103816,lstick_x,-1533
103833,rtrigger,32767
103833,lstick_x,-1533
103839,rtrigger,32767
103839,lstick_x,-1533
103858,rtrigger,32767
103858,lstick_x,-1533
103868,rtrigger,32767
103868,lstick_x,-1533
103907,rtrigger,32767
103907,lstick_x,-1533
103920,rtrigger,32767
103920,lstick_x,-1533
103936,rtrigger,32767
103936,lstick_x,-1533
103940,rtrigger,32767
103940,lstick_x,-1533
103942,rtrigger,32767
103942,lstick_x,-1533
103945,rtrigger,32767
103945,lstick_x,-1533
103949,rtrigger,32767
103949,lstick_x,-1533
103954,rtrigger,32767
103954,lstick_x,-1533
103960,rtrigger,32767
103960,lstick_x,-1533
103965,rtrigger,32767
103965,lstick_x,-1533
103970,rtrigger,32767
103970,lstick_x,-1533
103976,rtrigger,32767
103976,lstick_x,-1533
103984,rtrigger,32767
103984,lstick_x,-1533
103992,rtrigger,32767
103992,lstick_x,-1533
104000,rtrigger,32767
104000,lstick_x,-1533
104006,rtrigger,32767
104006,lstick_x,-1533
104011,rtrigger,32767
104011,lstick_x,-1533
104022,rtrigger,32767
104022,lstick_x,-1533
104035,rtrigger,32767
104035,lstick_x,-1533
104041,rtrigger,32767
104041,lstick_x,-1533
104050,rtrigger,32767
104050,lstick_x,-1533
104057,rtrigger,32767
104057,lstick_x,-1533
104064,rtrigger,32767
104077,rtrigger,32767
104093,rtrigger,32767
104096,rtrigger,32767
104107,rtrigger,32767
104121,rtrigger,32767
104135,rtrigger,32767
104149,rtrigger,32767
104159,rtrigger,32767
104171,rtrigger,32767
104177,rtrigger,32767
104180,rtrigger,32767
104184,rtrigger,32767
104192,rtrigger,32767
104200,rtrigger,32767
104208,rtrigger,32767
104216,rtrigger,32767
104222,rtrigger,32767
104225,rtrigger,32767
104228,rtrigger,32767
104232,rtrigger,32767
104249,rtrigger,32767
104257,rtrigger,32767
104264,rtrigger,32767
104277,rtrigger,32767
104289,rtrigger,32767
104294,rtrigger,32767
104326,rtrigger,32767
104332,rtrigger,32767
104341,rtrigger,32767
104359,rtrigger,32767
104362,rtrigger,32767
104368,rtrigger,32767
104383,rtrigger,32767
104386,rtrigger,32767
104406,rtrigger,32767
104410,rtrigger,32767
104416,rtrigger,32767
104424,rtrigger,32767
104432,rtrigger,32767
104442,rtrigger,32767
104448,rtrigger,32767
104456,rtrigger,32767
104460,rtrigger,32767
104464,rtrigger,32767
104472,rtrigger,32767
104489,rtrigger,32767
104507,rtrigger,32767
104517,rtrigger,32767
104520,rtrigger,32767
104527,rtrigger,32767
104536,rtrigger,32767
104550,rtrigger,32767
104557,rtrigger,32767
104561,rtrigger,32767
104570,rtrigger,32767
104576,rtrigger,32767
104591,rtrigger,32767
104600,rtrigger,32767
104622,rtrigger,32767
104627,rtrigger,32767
104637,rtrigger,32767
104642,rtrigger,32767
104646,rtrigger,32767
104657,rtrigger,32767
104664,rtrigger,32767
104672,rtrigger,32767
104681,rtrigger,32767
104688,rtrigger,32767
104691,rtrigger,32767
104698,rtrigger,32767
104704,rtrigger,32767
104718,rtrigger,32767
104727,rtrigger,32767
104731,rtrigger,32767
104736,rtrigger,32767
104745,rtrigger,32767
104755,rtrigger,32767
104760,rtrigger,32767
104770,rtrigger,32767
104777,rtrigger,32767
104794,rtrigger,32767
104806,rtrigger,32767
104815,rtrigger,32767
104822,rtrigger,32767
104827,rtrigger,32767
104839,rtrigger,32767
104857,rtrigger,32767
104867,rtrigger,32767
104872,rtrigger,32767
104883,rtrigger,32767
104892,rtrigger,32767
104899,rtrigger,32767
104904,rtrigger,32767
104912,rtrigger,32767
104916,rtrigger,32767
104920,rtrigger,32767
104923,rtrigger,32767
104931,rtrigger,32767
104936,rtrigger,32767
104947,rtrigger,32767
104955,rtrigger,32767
104966,rtrigger,32767
104970,rtrigger,32767
104976,rtrigger,32767
104985,rtrigger,32767
104990,rtrigger,32767
105013,rtrigger,32767
105023,rtrigger,32767
105062,rtrigger,32767
105065,rtrigger,32767
105074,rtrigger,32767
105080,rtrigger,32767
105094,rtrigger,32767
105096,rtrigger,32767
105096,lstick_x,2251
105101,rtrigger,32767
105101,lstick_x,2251
105104,rtrigger,32767
105104,lstick_x,2251
105112,rtrigger,32767
105112,lstick_x,2251
105124,rtrigger,32767
105124,lstick_x,2251
105128,rtrigger,32767
105128,lstick_x,2251
105136,rtrigger,32767
105136,lstick_x,2251
105150,rtrigger,32767
105150,lstick_x,2251
105153,rtrigger,32767
105153,lstick_x,2251
105160,rtrigger,32767
105160,lstick_x,2251
105168,rtrigger,32767
105168,lstick_x,2251
105176,rtrigger,32767
105176,lstick_x,2251
105186,rtrigger,32767
105186,lstick_x,2251
105195,rtrigger,32767
105195,lstick_x,2251
105201,rtrigger,32767
105201,lstick_x,2251
105208,rtrigger,32767
105208,lstick_x,28379
105208,lstick_y,-2692
105219,rtrigger,32767
105219,lstick_x,28379
105219,lstick_y,-2692
105227,rtrigger,32767
105227,lstick_x,28379
105227,lstick_y,-2692
105273,rtrigger,32767
105273,lstick_x,28379
105273,lstick_y,-2692
105280,rtrigger,32767
105280,lstick_x,28379
105280,lstick_y,-2692
105312,rtrigger,32767
105312,lstick_x,28379
105312,lstick_y,-2692
105315,lstick_x,32767
105315,lstick_y,-6798
105323,lstick_x,32767
105323,lstick_y,-7014
105328,lstick_x,32767
105328,lstick_y,-7014
105338,lstick_x,32767
105338,lstick_y,-7014
105344,lstick_x,32767
105344,lstick_y,-7014
105352,lstick_x,32767
105352,lstick_y,-7014
105359,lstick_x,32767
105359,lstick_y,-7014
105362,lstick_x,32767
105362,lstick_y,-7014
105365,lstick_x,32767
105365,lstick_y,-7014
105368,lstick_x,32767
105368,lstick_y,-7014
105373,lstick_x,32767
105373,lstick_y,-7014
105392,lstick_x,32767
105392,lstick_y,-7014
105402,lstick_x,32767
105402,lstick_y,-7014
105408,lstick_x,32767
105408,lstick_y,-7014
105416,lstick_x,32767
105416,lstick_y,-7014
105431,lstick_x,32767
105431,lstick_y,-7014
105434,lstick_x,32767
105434,lstick_y,-7014
105442,lstick_x,32767
105442,lstick_y,-7529
105449,lstick_x,32767
105449,lstick_y,-7529
105474,lstick_x,32767
105474,lstick_y,-7529
105507,lstick_x,32767
105507,lstick_y,-7529
105514,lstick_x,32767
105514,lstick_y,-7529
105533,lstick_x,32767
105533,lstick_y,-7529
105537,lstick_x,32767
105537,lstick_y,-7529
105540,lstick_x,32767
105540,lstick_y,-7826
105547,lstick_x,32767
105547,lstick_y,-7826
105552,lstick_x,32767
105552,lstick_y,-7826
105556,lstick_x,32767
105556,lstick_y,-7912
105560,lstick_x,32767
105560,lstick_y,-7912
105567,lstick_x,32767
105567,lstick_y,-8003
105572,lstick_x,32767
105572,lstick_y,-8003
105575,lstick_x,32767
105575,lstick_y,-8003
105583,lstick_x,32272
105583,lstick_y,-8101
105589,lstick_x,32272
105589,lstick_y,-8101
105593,lstick_x,32272
105593,lstick_y,-8101
105600,lstick_x,19831
105600,lstick_y,-7794
105607,lstick_x,19831
105607,lstick_y,-7794
105611,lstick_x,19831
105611,lstick_y,-7794
105614,lstick_x,19831
105614,lstick_y,-7794
105617,lstick_x,19831
105617,lstick_y,-7794
105627,lstick_x,19831
105627,lstick_y,-7794
105637,lstick_x,19831
105637,lstick_y,-7794
105640,lstick_x,19831
105640,lstick_y,-7794
105651,lstick_x,19831
105651,lstick_y,-7794
105656,lstick_x,19831
105656,lstick_y,-7794
105668,lstick_x,19831
105668,lstick_y,-7794
105673,lstick_x,19831
105673,lstick_y,-7794
105681,lstick_x,19831
105681,lstick_y,-7794
105688,lstick_x,19831
105688,lstick_y,-7794
105707,lstick_x,8406
105707,lstick_y,-3984
105720,lstick_x,8406
105720,lstick_y,-3984
105730,lstick_x,8406
105730,lstick_y,-3984
105737,lstick_x,8406
105737,lstick_y,-3984
105747,lstick_x,8406
105747,lstick_y,-3984
105752,lstick_x,8406
105752,lstick_y,-3984
105760,lstick_x,8406
105760,lstick_y,-3984
105774,lstick_x,8406
105774,lstick_y,-3984
105788,lstick_x,8406
105788,lstick_y,-3984
105793,lstick_x,8406
105793,lstick_y,-3984
105800,lstick_x,8406
105800,lstick_y,-3984
105803,lstick_x,14291
105803,lstick_y,-1860
105809,lstick_x,14291
105809,lstick_y,-1860
105817,lstick_x,14291
105817,lstick_y,-1860
105824,lstick_x,14291
105824,lstick_y,-1860
105832,lstick_x,14291
105832,lstick_y,-1860
105839,lstick_x,30266
105839,lstick_y,-9238
105843,lstick_x,30266
105843,lstick_y,-9238
105848,lstick_x,30266
105848,lstick_y,-9238
105856,lstick_x,30266
105856,lstick_y,-9238
105865,lstick_x,30266
105865,lstick_y,-9238
105874,lstick_x,30266
105874,lstick_y,-9238
105883,lstick_x,30266
105883,lstick_y,-9238
105894,lstick_x,30266
105894,lstick_y,-9238
105904,lstick_x,30266
105904,lstick_y,-9238
105916,lstick_x,30266
105916,lstick_y,-9238
105920,lstick_x,30266
105920,lstick_y,-9238
105930,lstick_x,30266
105930,lstick_y,-9238
105958,lstick_x,32767
105958,lstick_y,-10495
105976,lstick_x,32767
105976,lstick_y,-10495
105979,lstick_x,32767
105979,lstick_y,-10864
106012,lstick_x,32767
106012,lstick_y,-10864
106023,lstick_x,32480
106023,lstick_y,-10961
106035,lstick_x,32480
106035,lstick_y,-10961
106042,lstick_x,31663
106042,lstick_y,-10961
106047,lstick_x,24810
106047,lstick_y,-10657
106050,lstick_x,24810
106050,lstick_y,-10657
106057,lstick_x,24810
106057,lstick_y,-10657
106060,lstick_x,24810
106060,lstick_y,-10657
106065,lstick_x,24810
106065,lstick_y,-10657
106075,lstick_x,24810
106075,lstick_y,-10657
106081,lstick_x,24187
106081,lstick_y,-10126
106092,lstick_x,23582
106092,lstick_y,-9650
106096,lstick_x,23582
106096,lstick_y,-9650
106099,lstick_x,23582
106099,lstick_y,-9650
106104,lstick_x,23582
106104,lstick_y,-9650
106112,lstick_x,23098
106112,lstick_y,-9264
106114,lstick_x,23098
106114,lstick_y,-9264
106120,lstick_x,23098
106120,lstick_y,-9264
106123,lstick_x,23144
106123,lstick_y,-8934
106126,lstick_x,23144
106126,lstick_y,-8934
106129,lstick_x,23144
106129,lstick_y,-8934
106132,lstick_x,23144
106132,lstick_y,-8934
106136,lstick_x,23144
106136,lstick_y,-8934
106139,lstick_x,23144
106139,lstick_y,-8934
106142,lstick_x,23144
106142,lstick_y,-8934
106147,lstick_x,23144
106147,lstick_y,-8934
106153,lstick_x,23144
106153,lstick_y,-8934
106160,lstick_x,23144
106160,lstick_y,-8934
106182,lstick_x,23144
106182,lstick_y,-8934
106193,lstick_x,23144
106193,lstick_y,-8934
106200,lstick_x,23144
106200,lstick_y,-8934
106211,lstick_x,23144
106211,lstick_y,-8934
106217,lstick_x,23144
106217,lstick_y,-8934
106219,lstick_x,32767
106219,lstick_y,-9867
106226,lstick_x,32767
106226,lstick_y,-9867
106240,lstick_x,32767
106240,lstick_y,-9867
106276,lstick_x,32767
106276,lstick_y,-9867
106293,lstick_x,32767
106293,lstick_y,-9867
106304,lstick_x,32767
106304,lstick_y,-9867
106316,lstick_x,32767
106316,lstick_y,-9867
106327,lstick_x,32767
106327,lstick_y,-9867
106332,lstick_x,32373
106332,lstick_y,-10243
106336,lstick_x,32373
106336,lstick_y,-10243
106339,lstick_x,32373
106339,lstick_y,-10243
106344,lstick_x,31352
106344,lstick_y,-10243
106353,lstick_x,31352
106353,lstick_y,-10243
106358,lstick_x,22320
106358,lstick_y,-9692
106369,lstick_x,22320
106369,lstick_y,-9692
106379,lstick_x,22320
106379,lstick_y,-9692
106385,lstick_x,21300
106385,lstick_y,-9026
106389,lstick_x,13847
106389,lstick_y,-8190
106392,lstick_x,13847
106392,lstick_y,-8190
106398,lstick_x,13847
106398,lstick_y,-8190
106402,lstick_x,13847
106402,lstick_y,-8190
106406,lstick_x,13847
106406,lstick_y,-8190
106412,lstick_x,13847
106412,lstick_y,-8190
106416,lstick_x,13847
106416,lstick_y,-8190
106424,lstick_x,13847
106424,lstick_y,-8190
106433,lstick_x,13847
106433,lstick_y,-8190
106444,lstick_x,13847
106444,lstick_y,-8190
106454,lstick_x,13847
106454,lstick_y,-8190
106456,lstick_x,13847
106456,lstick_y,-8190
106464,lstick_x,13847
106464,lstick_y,-8190
106467,lstick_x,11371
106467,lstick_y,-5429
106473,lstick_x,11371
106473,lstick_y,-5429
106499,lstick_x,11371
106499,lstick_y,-5429
106525,lstick_x,11371
106525,lstick_y,-5429
106541,lstick_x,11371
106541,lstick_y,-5429
106548,lstick_x,11371
106548,lstick_y,-5429
106571,lstick_x,11371
106571,lstick_y,-5429
106577,lstick_x,11371
106577,lstick_y,-5429
106581,lstick_x,8163
106581,lstick_y,-3355
106585,lstick_x,8163
106585,lstick_y,-3355
106590,lstick_x,8163
106590,lstick_y,-3355
106594,lstick_x,8163
106594,lstick_y,-3355
106599,lstick_x,8003
106599,lstick_y,-3260
106610,lstick_x,8003
106610,lstick_y,-3260
106617,lstick_x,7875
106617,lstick_y,-3184
106623,lstick_x,7875
106623,lstick_y,-3184
106629,lstick_x,7772
106629,lstick_y,-3117
106633,lstick_x,7772
106633,lstick_y,-3117
106639,lstick_x,7772
106639,lstick_y,-3117
106649,lstick_x,7772
106649,lstick_y,-3117
106656,lstick_x,7772
106656,lstick_y,-3117
106664,lstick_x,7772
106664,lstick_y,-3117
106673,lstick_x,7772
106673,lstick_y,-3117
106690,lstick_x,7772
106690,lstick_y,-3117
106696,lstick_x,7772
106696,lstick_y,-3117
106704,lstick_x,7772
106704,lstick_y,-3117
106712,lstick_x,7772
106712,lstick_y,-3117
106719,lstick_x,7495
106719,lstick_y,-2945
106753,lstick_x,7495
106753,lstick_y,-2945
106786,lstick_x,7495
106786,lstick_y,-2945
106807,lstick_x,7495
106807,lstick_y,-2945
106814,lstick_x,7495
106814,lstick_y,-2945
106820,lstick_x,7495
106820,lstick_y,-2945
106824,lstick_x,7495
106824,lstick_y,-2945
106829,lstick_x,9122
106829,lstick_y,-2651
106833,lstick_x,9122
106833,lstick_y,-2651
106842,lstick_x,9122
106842,lstick_y,-2651
106849,lstick_x,9122
106849,lstick_y,-2651
106858,lstick_x,9122
106858,lstick_y,-2651
106864,lstick_x,9122
106864,lstick_y,-2651
106872,lstick_x,9122
106872,lstick_y,-2651
106875,lstick_x,18460
106875,lstick_y,-4224
106879,lstick_x,18460
106879,lstick_y,-4224
106882,lstick_x,18460
106882,lstick_y,-4224
106889,lstick_x,18460
106889,lstick_y,-4224
106899,lstick_x,18460
106899,lstick_y,-4224
106905,lstick_x,18460
106905,lstick_y,-4224
106912,lstick_x,18460
106912,lstick_y,-4224
106927,lstick_x,18460
106927,lstick_y,-4224
106930,lstick_x,18460
106930,lstick_y,-4224
106936,lstick_x,18460
106936,lstick_y,-4224
106956,lstick_x,18460
106956,lstick_y,-4224
106962,lstick_x,19495
106962,lstick_y,-5459
106979,lstick_x,19495
106979,lstick_y,-5459
106988,lstick_x,19495
106988,lstick_y,-5459
107013,lstick_x,19495
107013,lstick_y,-5459
107024,lstick_x,19495
107024,lstick_y,-5459
107036,lstick_x,19495
107036,lstick_y,-5459
107040,lstick_x,19495
107040,lstick_y,-5459
107048,lstick_x,19495
107048,lstick_y,-5459
107057,lstick_x,19495
107057,lstick_y,-5459
107065,lstick_x,19495
107065,lstick_y,-5459
107068,lstick_x,32767
107068,lstick_y,-8667
107072,lstick_x,32767
107072,lstick_y,-8667
107080,lstick_x,32767
107080,lstick_y,-8667
107090,lstick_x,32767
107090,lstick_y,-8667
107098,lstick_x,32767
107098,lstick_y,-8667
107104,lstick_x,32767
107104,lstick_y,-8667
107112,lstick_x,32767
107112,lstick_y,-8667
107115,lstick_x,32767
107115,lstick_y,-8667
107118,lstick_x,32767
107118,lstick_y,-8667
107122,lstick_x,32767
107122,lstick_y,-8667
107133,lstick_x,32767
107133,lstick_y,-8667
107140,lstick_x,32767
107140,lstick_y,-8667
107144,lstick_x,32767
107144,lstick_y,-8667
107232,lstick_x,32767
107232,lstick_y,-8667
107241,lstick_x,32767
107241,lstick_y,-8667
107249,lstick_x,32767
107249,lstick_y,-8667
107258,lstick_x,32767
107258,lstick_y,-8667
107265,lstick_x,32767
107265,lstick_y,-8667
107279,lstick_x,32767
107279,lstick_y,-8667
107298,lstick_x,32767
107298,lstick_y,-11412
107321,lstick_x,32767
107321,lstick_y,-11412
107359,lstick_x,32767
107359,lstick_y,-11412
107373,lstick_x,32767
107373,lstick_y,-11412
107379,lstick_x,32767
107379,lstick_y,-11412
107384,lstick_x,32767
107384,lstick_y,-11412
107390,lstick_x,20606
107390,lstick_y,-10517
107393,lstick_x,20606
107393,lstick_y,-10517
107400,lstick_x,20059
107400,lstick_y,-9970
107408,lstick_x,19604
107408,lstick_y,-9521
107418,lstick_x,19604
107418,lstick_y,-9521
107424,lstick_x,19604
107424,lstick_y,-9521
107432,lstick_x,19604
107432,lstick_y,-9521
107439,lstick_x,19604
107439,lstick_y,-9521
107443,lstick_x,19604
107443,lstick_y,-9521
107456,lstick_x,19604
107456,lstick_y,-9521
107459,lstick_x,19604
107459,lstick_y,-9521
107471,lstick_x,19604
107471,lstick_y,-9521
107474,lstick_x,19604
107474,lstick_y,-9521
107484,lstick_x,19604
107484,lstick_y,-9521
107491,lstick_x,19604
107491,lstick_y,-9521
107502,lstick_x,19604
107502,lstick_y,-9521
107507,lstick_x,19604
107507,lstick_y,-9521
107519,lstick_x,19604
107519,lstick_y,-9521
107523,lstick_x,18174
107523,lstick_y,-8081
107528,lstick_x,18174
107528,lstick_y,-8081
107553,lstick_x,18174
107553,lstick_y,-8081
107556,lstick_x,29435
107556,lstick_y,-8572
107576,lstick_x,29435
107576,lstick_y,-8572
107584,lstick_x,29435
107584,lstick_y,-8572
107596,lstick_x,29435
107596,lstick_y,-8572
107602,lstick_x,29435
107602,lstick_y,-8572
107609,lstick_x,29435
107609,lstick_y,-8572
107619,lstick_x,29435
107619,lstick_y,-8572
107624,lstick_x,31321
107624,lstick_y,-10963
107627,lstick_x,31321
107627,lstick_y,-10963
107632,lstick_x,31321
107632,lstick_y,-10963
107644,lstick_x,31321
107644,lstick_y,-10963
107650,lstick_x,31584
107650,lstick_y,-11292
107657,lstick_x,31584
107657,lstick_y,-11292
107664,lstick_x,31584
107664,lstick_y,-11292
107672,lstick_x,31584
107672,lstick_y,-11292
107676,lstick_x,31584
107676,lstick_y,-11292
107679,lstick_x,31584
107679,lstick_y,-11292
107682,lstick_x,31584
107682,lstick_y,-11292
107688,lstick_x,31584
107688,lstick_y,-11292
107690,lstick_x,31584
107690,lstick_y,-11292
107696,lstick_x,31584
107696,lstick_y,-11292
107708,lstick_x,31584
107708,lstick_y,-11292
107713,lstick_x,31584
107713,lstick_y,-11292
107720,lstick_x,31584
107720,lstick_y,-11292
107735,lstick_x,31584
107735,lstick_y,-11292
107745,lstick_x,31584
107745,lstick_y,-11292
107761,lstick_x,31584
107761,lstick_y,-11292
107768,lstick_x,31584
107768,lstick_y,-11292
107773,lstick_x,32457
107773,lstick_y,-12454
107777,lstick_x,32457
107777,lstick_y,-12454
107792,lstick_x,32457
107792,lstick_y,-12454
107801,lstick_x,32457
107801,lstick_y,-12454
107819,lstick_x,32457
107819,lstick_y,-12454
107841,lstick_x,32457
107841,lstick_y,-12454
107848,lstick_x,32457
107848,lstick_y,-12454
107857,lstick_x,32457
107857,lstick_y,-12454
107866,lstick_x,32457
107866,lstick_y,-12454
107874,lstick_x,31021
107874,lstick_y,-12566
107882,lstick_x,31021
107882,lstick_y,-12566
107893,lstick_x,31021
107893,lstick_y,-12566
107896,lstick_x,31021
107896,lstick_y,-12566
107904,lstick_x,31021
107904,lstick_y,-12566
107909,lstick_x,28700
107909,lstick_y,-11738
107912,lstick_x,28700
107912,lstick_y,-11738
107920,lstick_x,28700
107920,lstick_y,-11738
107924,lstick_x,28700
107924,lstick_y,-11738
107927,lstick_x,28700
107927,lstick_y,-11738
107931,lstick_x,28700
107931,lstick_y,-11738
107934,lstick_x,28700
107934,lstick_y,-11738
107939,lstick_x,28700
107939,lstick_y,-11738
107942,lstick_x,28700
107942,lstick_y,-11738
107945,lstick_x,28700
107945,lstick_y,-11738
107956,lstick_x,28700
107956,lstick_y,-11738
107960,lstick_x,28700
107960,lstick_y,-11738
107968,lstick_x,28700
107968,lstick_y,-11738
107981,lstick_x,28700
107981,lstick_y,-11738
107985,lstick_x,28700
107985,lstick_y,-11738
107992,lstick_x,28700
107992,lstick_y,-11738
108006,lstick_x,28700
108006,lstick_y,-11738
108016,lstick_x,23522
108016,lstick_y,-9165
108023,lstick_x,30088
108023,lstick_y,-9454
108026,lstick_x,30088
108026,lstick_y,-9454
108033,lstick_x,30088
108033,lstick_y,-9454
108050,lstick_x,30088
108050,lstick_y,-9454
108058,lstick_x,30088
108058,lstick_y,-9454
108084,lstick_x,30088
108084,lstick_y,-9454
108092,lstick_x,30088
108092,lstick_y,-9454
108097,lstick_x,30088
108097,lstick_y,-9454
108106,lstick_x,30088
108106,lstick_y,-9454
108120,lstick_x,30088
108120,lstick_y,-9454
108124,lstick_x,32767
108124,lstick_y,-11278
108126,lstick_x,32767
108126,lstick_y,-11407
108132,lstick_x,32767
108132,lstick_y,-11407
108137,lstick_x,32767
108137,lstick_y,-11407
108144,lstick_x,32767
108144,lstick_y,-11407
108152,lstick_x,32767
108152,lstick_y,-11407
108160,lstick_x,32767
108160,lstick_y,-11407
108166,lstick_x,32767
108166,lstick_y,-11510
108172,lstick_x,32767
108172,lstick_y,-11592
108175,lstick_x,32767
108175,lstick_y,-11592
108178,lstick_x,32767
108178,lstick_y,-11592
108181,lstick_x,32767
108181,lstick_y,-11592
108184,lstick_x,32767
108184,lstick_y,-11592
108190,lstick_x,32767
108190,lstick_y,-11592
108193,lstick_x,32767
108193,lstick_y,-11592
108206,lstick_x,32767
108206,lstick_y,-11592
108212,lstick_x,32767
108212,lstick_y,-11592
108218,lstick_x,32767
108218,lstick_y,-11592
108229,lstick_x,32767
108229,lstick_y,-11592
108232,lstick_x,32767
108232,lstick_y,-11592
108240,lstick_x,32767
108240,lstick_y,-11592
108252,lstick_x,32767
108252,lstick_y,-11592
108256,lstick_x,32767
108256,lstick_y,-11592
108264,lstick_x,32767
108264,lstick_y,-11814
108273,lstick_x,32767
108273,lstick_y,-11814
108280,lstick_x,32767
108280,lstick_y,-11814
108303,lstick_x,32767
108303,lstick_y,-11814
108321,lstick_x,32767
108321,lstick_y,-11814
108331,lstick_x,32767
108331,lstick_y,-11814
108343,lstick_x,32767
108343,lstick_y,-11814
108353,lstick_x,32767
108353,lstick_y,-11814
108365,lstick_x,32767
108365,lstick_y,-11814
108369,lstick_x,32767
108369,lstick_y,-11814
108373,lstick_x,32767
108373,lstick_y,-11910
108376,lstick_x,32767
108376,lstick_y,-11910
108389,lstick_x,32767
108389,lstick_y,-11910
108394,lstick_x,32767
108394,lstick_y,-11910
108400,lstick_x,32767
108400,lstick_y,-11910
108408,lstick_x,32767
108408,lstick_y,-11910
108416,lstick_x,32767
108416,lstick_y,-11910
108428,lstick_x,32767
108428,lstick_y,-11910
108432,lstick_x,32767
108432,lstick_y,-11910
108446,lstick_x,32767
108446,lstick_y,-11910
108453,lstick_x,32767
108453,lstick_y,-11910
108457,lstick_x,32767
108457,lstick_y,-11910
108465,lstick_x,32767
108465,lstick_y,-11910
108477,lstick_x,32767
108477,lstick_y,-11910
108480,lstick_x,32767
108480,lstick_y,-11910
108507,lstick_x,32767
108507,lstick_y,-11910
108513,lstick_x,32767
108513,lstick_y,-11910
108538,lstick_x,32767
108538,lstick_y,-11910
108558,lstick_x,32767
108558,lstick_y,-11910
108569,lstick_x,32767
108569,lstick_y,-11910
108585,lstick_x,32767
108585,lstick_y,-11910
108589,lstick_x,32767
108589,lstick_y,-11910
108596,lstick_x,32767
108596,lstick_y,-11910
108600,lstick_x,32767
108600,lstick_y,-11910
108606,lstick_x,32767
108606,lstick_y,-11910
108609,lstick_x,32767
108609,lstick_y,-11910
108612,lstick_x,32767
108612,lstick_y,-11910
108616,lstick_x,32767
108616,lstick_y,-11910
108624,lstick_x,32767
108624,lstick_y,-11910
108634,lstick_x,32767
108634,lstick_y,-11910
108640,lstick_x,32767
108640,lstick_y,-11910
108648,lstick_x,32767
108648,lstick_y,-11910
108656,lstick_x,32767
108656,lstick_y,-11910
108661,lstick_x,32767
108661,lstick_y,-11910
108665,lstick_x,32767
108665,lstick_y,-11910
108672,lstick_x,32767
108672,lstick_y,-11910
108675,lstick_x,32767
108675,lstick_y,-11910
108685,lstick_x,32767
108685,lstick_y,-11910
108689,lstick_x,32767
108689,lstick_y,-11910
108699,lstick_x,32767
108699,lstick_y,-11910
108704,lstick_x,32767
108704,lstick_y,-11910
108722,lstick_x,32767
108722,lstick_y,-11910
108738,lstick_x,32767
108738,lstick_y,-11910
108744,lstick_x,32767
108744,lstick_y,-11985
108758,lstick_x,32767
108758,lstick_y,-11985
108780,lstick_x,32767
108780,lstick_y,-11985
108798,lstick_x,32767
108798,lstick_y,-11985
108803,lstick_x,32767
108803,lstick_y,-11985
108818,lstick_x,32767
108818,lstick_y,-11985
108824,lstick_x,32767
108824,lstick_y,-11985
108839,lstick_x,32767
108839,lstick_y,-11985
108850,lstick_x,32767
108850,lstick_y,-11985
108858,lstick_x,32767
108858,lstick_y,-12009
108861,lstick_x,32767
108861,lstick_y,-12009
108865,lstick_x,32767
108865,lstick_y,-12009
108872,lstick_x,32767
108872,lstick_y,-12009
108876,lstick_x,32767
108876,lstick_y,-12009
108880,lstick_x,32767
108880,lstick_y,-12009
108891,lstick_x,32767
108891,lstick_y,-12009
108896,lstick_x,32767
108896,lstick_y,-12009
108904,lstick_x,32767
108904,lstick_y,-12009
108907,lstick_x,32767
108907,lstick_y,-12009
108911,lstick_x,32767
108911,lstick_y,-12009
108914,lstick_x,32767
108914,lstick_y,-12009
108924,lstick_x,32767
108924,lstick_y,-12009
109010,lstick_x,32767
109010,lstick_y,-12009
109016,lstick_x,32767
109016,lstick_y,-12009
109031,lstick_x,32767
109031,lstick_y,-12009
109046,lstick_x,32767
109046,lstick_y,-12009
109060,lstick_x,32767
109060,lstick_y,-12009
109067,lstick_x,32767
109067,lstick_y,-12210
109080,lstick_x,32767
109080,lstick_y,-12210
109088,lstick_x,32767
109088,lstick_y,-12210
109109,lstick_x,32767
109109,lstick_y,-12210
109116,lstick_x,32767
109116,lstick_y,-12210
109122,lstick_x,32767
109122,lstick_y,-12210
109128,lstick_x,32767
109128,lstick_y,-12210
109138,lstick_x,32767
109138,lstick_y,-12210
109154,lstick_x,32767
109154,lstick_y,-12210
109165,lstick_x,32767
109165,lstick_y,-12210
109168,lstick_x,32767
109168,lstick_y,-12311
109173,lstick_x,32767
109173,lstick_y,-12311
109178,lstick_x,32767
109178,lstick_y,-12311
109184,lstick_x,32767
109184,lstick_y,-12311
109192,lstick_x,32767
109192,lstick_y,-12311
109201,lstick_x,32767
109201,lstick_y,-12311
109208,lstick_x,32767
109208,lstick_y,-12311
109213,lstick_x,32767
109213,lstick_y,-12311
109216,lstick_x,32767
109216,lstick_y,-12311
109222,lstick_x,32767
109222,lstick_y,-12311
109226,lstick_x,32767
109226,lstick_y,-12311
109233,lstick_x,32767
109233,lstick_y,-12311
109245,lstick_x,32767
109245,lstick_y,-12311
109263,lstick_x,32767
109263,lstick_y,-12311
109272,lstick_x,32767
109272,lstick_y,-12311
109287,lstick_x,32767
109287,lstick_y,-12311
109370,lstick_x,32767
109370,lstick_y,-12416
109374,lstick_x,32767
109374,lstick_y,-12416
109390,lstick_x,32767
109390,lstick_y,-12416
109398,lstick_x,32767
109398,lstick_y,-12416
109404,lstick_x,32767
109404,lstick_y,-12416
109439,lstick_x,32767
109439,lstick_y,-12416
109443,lstick_x,32767
109443,lstick_y,-12416
109449,lstick_x,32767
109449,lstick_y,-12416
109459,lstick_x,32767
109459,lstick_y,-12416
109469,lstick_x,32767
109469,lstick_y,-12416
109472,lstick_x,32767
109472,lstick_y,-12416
109479,lstick_x,32767
109479,lstick_y,-12416
109482,lstick_x,32767
109482,lstick_y,-12416
109489,lstick_x,32767
109489,lstick_y,-12416
109493,lstick_x,32767
109493,lstick_y,-12416
109496,lstick_x,32767
109496,lstick_y,-12416
109504,lstick_x,32767
109504,lstick_y,-12416
109513,lstick_x,32767
109513,lstick_y,-12416
109520,lstick_x,32767
109520,lstick_y,-12416
109527,lstick_x,32767
109527,lstick_y,-12416
109529,lstick_x,32767
109529,lstick_y,-12416
109533,lstick_x,32767
109533,lstick_y,-12416
109536,lstick_x,32767
109536,lstick_y,-12416
109539,lstick_x,32767
109539,lstick_y,-12416
109543,lstick_x,32767
109543,lstick_y,-12416
109552,lstick_x,32767
109552,lstick_y,-12416
109562,lstick_x,32767
109562,lstick_y,-12416
109575,lstick_x,32767
109575,lstick_y,-12416
109577,lstick_x,32767
109577,lstick_y,-12416
109584,lstick_x,32767
109584,lstick_y,-12416
109592,lstick_x,32767
109592,lstick_y,-12416
109603,lstick_x,32767
109603,lstick_y,-12416
109608,lstick_x,32767
109608,lstick_y,-12416
109638,lstick_x,32767
109638,lstick_y,-12416
109660,lstick_x,32767
109660,lstick_y,-12416
109682,lstick_x,32767
109682,lstick_y,-12416
109688,lstick_x,32767
109688,lstick_y,-12416
109696,lstick_x,32767
109696,lstick_y,-12416
109710,lstick_x,32767
109710,lstick_y,-12416
109712,lstick_x,32767
109712,lstick_y,-12523
109716,lstick_x,32767
109716,lstick_y,-12523
109720,lstick_x,32767
109720,lstick_y,-12523
109724,lstick_x,32767
109724,lstick_y,-12523
109730,lstick_x,32767
109730,lstick_y,-12523
109736,lstick_x,32767
109736,lstick_y,-12523
109745,lstick_x,32767
109745,lstick_y,-12523
109753,lstick_x,32767
109753,lstick_y,-12523
109761,lstick_x,32767
109761,lstick_y,-12523
109764,lstick_x,32767
109764,lstick_y,-12523
109775,lstick_x,32767
109775,lstick_y,-12523
109778,lstick_x,32767
109778,lstick_y,-12523
109787,lstick_x,32767
109787,lstick_y,-12523
109792,lstick_x,32767
109792,lstick_y,-12523
109800,lstick_x,32767
109800,lstick_y,-12523
109819,lstick_x,32767
109819,lstick_y,-12523
109834,lstick_x,32767
109834,lstick_y,-12523
109842,lstick_x,32767
109842,lstick_y,-12605
109848,lstick_x,32767
109848,lstick_y,-12605
109865,lstick_x,32767
109865,lstick_y,-12605
109892,lstick_x,32767
109892,lstick_y,-12621
109895,lstick_x,32767
109895,lstick_y,-12621
109910,lstick_x,32767
109910,lstick_y,-12621
109914,lstick_x,32767
109914,lstick_y,-12621
109925,lstick_x,32767
109925,lstick_y,-12621
109931,lstick_x,32767
109931,lstick_y,-12621
109939,lstick_x,32767
109939,lstick_y,-12621
109945,lstick_x,32767
109945,lstick_y,-12621
109952,lstick_x,32767
109952,lstick_y,-12719
109956,lstick_x,32767
109956,lstick_y,-12737
109962,lstick_x,32767
109962,lstick_y,-12737
109967,lstick_x,32767
109967,lstick_y,-12737
109976,lstick_x,32767
109976,lstick_y,-12737
109982,lstick_x,32767
109982,lstick_y,-12737
109989,lstick_x,32767
109989,lstick_y,-12737
109992,lstick_x,32767
109992,lstick_y,-12737
109995,lstick_x,32767
109995,lstick_y,-12737
110006,lstick_x,32767
110006,lstick_y,-12737
110024,lstick_x,32767
110024,lstick_y,-12737
110032,lstick_x,32767
110032,lstick_y,-12737
110096,lstick_x,32767
110096,lstick_y,-12737
110105,lstick_x,32767
110105,lstick_y,-12737
110112,lstick_x,32767
110112,lstick_y,-12737
110115,lstick_x,32767
110115,lstick_y,-12816
110156,lstick_x,32767
110156,lstick_y,-12816
110167,lstick_x,32767
110167,lstick_y,-12816
110175,lstick_x,32767
110175,lstick_y,-12816
110184,lstick_x,32767
110184,lstick_y,-12816
110203,lstick_x,32767
110203,lstick_y,-12816
110208,lstick_x,32767
110208,lstick_y,-12816
110216,lstick_x,32767
110216,lstick_y,-12816
110219,lstick_x,32767
110219,lstick_y,-12836
110224,lstick_x,32767
110224,lstick_y,-12836
110232,lstick_x,32767
110232,lstick_y,-12836
110240,lstick_x,32767
110240,lstick_y,-12836
110243,lstick_x,32767
110243,lstick_y,-12836
110246,lstick_x,32767
110246,lstick_y,-12836
110256,lstick_x,32767
110256,lstick_y,-12836
110264,lstick_x,32767
110264,lstick_y,-12836
110272,lstick_x,32767
110272,lstick_y,-12836
110275,lstick_x,32767
110275,lstick_y,-12836
110279,lstick_x,32767
110279,lstick_y,-12836
110289,lstick_x,32767
110289,lstick_y,-12836
110298,lstick_x,32767
110298,lstick_y,-12836
110309,lstick_x,32767
110309,lstick_y,-12836
110312,lstick_x,32767
110312,lstick_y,-12836
110327,lstick_x,32767
110327,lstick_y,-12836
110336,lstick_x,32767
110336,lstick_y,-12836
110343,lstick_x,32767
110343,lstick_y,-12836
110349,lstick_x,32767
110349,lstick_y,-12836
110356,lstick_x,32767
110356,lstick_y,-12836
110370,lstick_x,32767
110370,lstick_y,-12836
110384,lstick_x,32767
110384,lstick_y,-12836
110401,lstick_x,32767
110401,lstick_y,-12836
110411,lstick_x,32767
110411,lstick_y,-12836
110421,lstick_x,32767
110421,lstick_y,-12836
110430,lstick_x,32767
110430,lstick_y,-12836
110446,lstick_x,32767
110446,lstick_y,-12836
110456,lstick_x,32767
110456,lstick_y,-12836
110459,lstick_x,32767
110459,lstick_y,-12836
110464,lstick_x,32767
110464,lstick_y,-12836
110467,lstick_x,32767
110467,lstick_y,-12836
110473,lstick_x,32767
110473,lstick_y,-12836
110480,lstick_x,32767
110480,lstick_y,-12836
110488,lstick_x,32767
110488,lstick_y,-12836
110496,lstick_x,32767
110496,lstick_y,-12836
110505,lstick_x,32767
110505,lstick_y,-12836
110508,lstick_x,32767
110508,lstick_y,-12836
110512,lstick_x,32767
110512,lstick_y,-12836
110520,lstick_x,32767
110520,lstick_y,-12836
110524,lstick_x,32767
110524,lstick_y,-12836
110532,lstick_x,32767
110532,lstick_y,-12836
110543,lstick_x,32767
110543,lstick_y,-12836
110552,lstick_x,32767
110552,lstick_y,-12836
110560,lstick_x,32767
110560,lstick_y,-12836
110575,lstick_x,32767
110575,lstick_y,-12836
110579,lstick_x,32767
110579,lstick_y,-12836
110584,lstick_x,32767
110584,lstick_y,-12836
110608,lstick_x,32767
110608,lstick_y,-12836
110623,lstick_x,32767
110623,lstick_y,-12836
110643,lstick_x,32767
110643,lstick_y,-12836
110649,lstick_x,32767
110649,lstick_y,-12836
110656,lstick_x,32767
110656,lstick_y,-12836
110664,lstick_x,32767
110664,lstick_y,-12836
110680,lstick_x,32767
110680,lstick_y,-12836
110684,lstick_x,32767
110684,lstick_y,-12836
110688,lstick_x,32767
110688,lstick_y,-12836
110698,lstick_x,32767
110698,lstick_y,-12836
110706,lstick_x,32767
110706,lstick_y,-12836
110713,lstick_x,32767
110713,lstick_y,-12836
110720,lstick_x,32767
110720,lstick_y,-12836
110726,lstick_x,32767
110726,lstick_y,-12836
110730,lstick_x,32767
110730,lstick_y,-12836
110733,lstick_x,32767
110733,lstick_y,-12836
110736,lstick_x,32767
110736,lstick_y,-12836
110741,lstick_x,32767
110741,lstick_y,-12836
110747,lstick_x,32767
110747,lstick_y,-12836
110756,lstick_x,32767
110756,lstick_y,-12836
110767,lstick_x,32767
110767,lstick_y,-12836
110775,lstick_x,32767
110775,lstick_y,-12836
110778,lstick_x,32767
110778,lstick_y,-12836
110791,lstick_x,32767
110791,lstick_y,-12836
110800,lstick_x,32767
110800,lstick_y,-12836
110806,lstick_x,32767
110806,lstick_y,-12836
110810,lstick_x,32767
110810,lstick_y,-12836
110850,lstick_x,32767
110850,lstick_y,-12836
110856,lstick_x,32767
110856,lstick_y,-12836
110875,lstick_x,32767
110875,lstick_y,-12836
110880,lstick_x,32767
110880,lstick_y,-12836
110897,lstick_x,32767
110897,lstick_y,-12836
110904,lstick_x,32767
110904,lstick_y,-12836
110910,lstick_x,32767
110910,lstick_y,-12836
110914,lstick_x,32767
110914,lstick_y,-12836
110921,lstick_x,32767
110921,lstick_y,-12836
110931,lstick_x,32767
110931,lstick_y,-12836
110934,lstick_x,32767
110934,lstick_y,-12836
110941,lstick_x,32767
110941,lstick_y,-12836
110944,lstick_x,32767
110944,lstick_y,-12836
110949,lstick_x,32767
110949,lstick_y,-12836
110952,lstick_x,32767
110952,lstick_y,-12836
111027,lstick_x,32767
111027,lstick_y,-12836
111032,lstick_x,32767
111032,lstick_y,-12836
111040,lstick_x,32767
111040,lstick_y,-12836
111044,lstick_x,32767
111044,lstick_y,-12836
111052,lstick_x,32767
111052,lstick_y,-12836
111065,lstick_x,32767
111065,lstick_y,-12836
111074,lstick_x,32767
111074,lstick_y,-12836
111098,lstick_x,32767
111098,lstick_y,-12836
111104,lstick_x,32767
111104,lstick_y,-12836
111125,lstick_x,32767
111125,lstick_y,-12836
111134,lstick_x,32767
111134,lstick_y,-12836
111136,lstick_x,32767
111136,lstick_y,-12836
111155,lstick_x,32767
111155,lstick_y,-12836
111170,lstick_x,32767
111170,lstick_y,-12836
111192,lstick_x,32767
111192,lstick_y,-12836
111201,lstick_x,32767
111201,lstick_y,-12836
111206,lstick_x,32767
111206,lstick_y,-12836
111209,lstick_x,32767
111209,lstick_y,-12836
111212,lstick_x,32767
111212,lstick_y,-12836
111215,lstick_x,32767
111215,lstick_y,-12836
111224,lstick_x,32767
111224,lstick_y,-12836
111232,lstick_x,32767
111232,lstick_y,-12836
111240,lstick_x,32767
111240,lstick_y,-12836
111245,lstick_x,32767
111245,lstick_y,-12836
111248,lstick_x,32767
111248,lstick_y,-12836
111260,lstick_x,32767
111260,lstick_y,-12836
111264,lstick_x,32767
111264,lstick_y,-12836
111272,lstick_x,32767
111272,lstick_y,-12836
111281,lstick_x,32767
111281,lstick_y,-12836
111288,lstick_x,32767
111288,lstick_y,-12836
111315,lstick_x,32767
111315,lstick_y,-12836
111320,lstick_x,32767
111320,lstick_y,-12836
111329,lstick_x,32767
111329,lstick_y,-12836
111341,lstick_x,32767
111341,lstick_y,-12836
111361,lstick_x,32767
111361,lstick_y,-12836
111383,lstick_x,32767
111383,lstick_y,-12836
111386,lstick_x,32767
111386,lstick_y,-12836
111392,lstick_x,32767
111392,lstick_y,-12836
111411,lstick_x,32767
111411,lstick_y,-12836
111416,lstick_x,32767
111416,lstick_y,-12836
111423,lstick_x,32767
111423,lstick_y,-12836
111432,lstick_x,32767
111432,lstick_y,-12836
111442,lstick_x,32767
111442,lstick_y,-12836
111448,lstick_x,32767
111448,lstick_y,-12836
111456,lstick_x,32767
111456,lstick_y,-12836
111460,lstick_x,32767
111460,lstick_y,-12836
111463,lstick_x,32767
111463,lstick_y,-12836
111466,lstick_x,32767
111466,lstick_y,-12836
111472,lstick_x,32767
111472,lstick_y,-12836
111476,lstick_x,32767
111476,lstick_y,-12836
111482,lstick_x,32767
111482,lstick_y,-12836
111491,lstick_x,32767
111491,lstick_y,-12836
111504,lstick_x,32767
111504,lstick_y,-12836
111512,lstick_x,32767
111512,lstick_y,-12836
111520,lstick_x,32767
111520,lstick_y,-12836
111533,lstick_x,32767
111533,lstick_y,-12836
111536,lstick_x,32767
111536,lstick_y,-12836
111539,lstick_x,32767
111539,lstick_y,-12836
111544,lstick_x,32767
111544,lstick_y,-12836
111552,lstick_x,32767
111552,lstick_y,-12836
111561,lstick_x,32767
111561,lstick_y,-12836
111628,lstick_x,32767
111628,lstick_y,-12836
111636,lstick_x,32767
111636,lstick_y,-12836
111646,lstick_x,32767
111646,lstick_y,-12836
111657,lstick_x,32767
111657,lstick_y,-12836
111666,lstick_x,32767
111666,lstick_y,-12836
111675,lstick_x,32767
111675,lstick_y,-12836
111681,lstick_x,32767
111681,lstick_y,-12836
111684,lstick_x,32767
111684,lstick_y,-12836
111688,lstick_x,32767
111688,lstick_y,-12836
111795,lstick_x,32767
111795,lstick_y,-12836
111932,lstick_x,32767
111932,lstick_y,-12836
111936,lstick_x,32767
111936,lstick_y,-12836
111944,lstick_x,32767
111944,lstick_y,-12836
111948,lstick_x,32767
111948,lstick_y,-12836
111951,lstick_x,32767
111951,lstick_y,-12836
111956,lstick_x,32767
111956,lstick_y,-12836
111960,lstick_x,32767
111960,lstick_y,-12836
111969,lstick_x,32767
111969,lstick_y,-12836
111983,lstick_x,32767
111983,lstick_y,-12836
111992,lstick_x,32767
111992,lstick_y,-12836
112004,lstick_x,32767
112004,lstick_y,-12836
112011,lstick_x,32767
112011,lstick_y,-12836
112023,lstick_x,32767
112023,lstick_y,-12836
112026,lstick_x,32767
112026,lstick_y,-12836
112058,lstick_x,32767
112058,lstick_y,-12836
112075,lstick_x,32767
112075,lstick_y,-12836
112080,lstick_x,32767
112080,lstick_y,-12836
112093,lstick_x,32767
112093,lstick_y,-12836
112108,lstick_x,32767
112108,lstick_y,-12836
112128,lstick_x,32767
112128,lstick_y,-12836
112136,lstick_x,32767
112136,lstick_y,-12836
112144,lstick_x,32767
112144,lstick_y,-12836
112147,lstick_x,32767
112147,lstick_y,-12836
112152,lstick_x,32767
112152,lstick_y,-12836
112161,lstick_x,32767
112161,lstick_y,-12836
112168,lstick_x,32767
112168,lstick_y,-12836
112175,lstick_x,32767
112175,lstick_y,-12836
112179,lstick_x,32767
112179,lstick_y,-12836
112183,lstick_x,32767
112183,lstick_y,-12836
112186,lstick_x,32767
112186,lstick_y,-12836
112192,lstick_x,32767
112192,lstick_y,-12836
112195,lstick_x,32767
112195,lstick_y,-12836
112198,lstick_x,32767
112198,lstick_y,-12836
112206,lstick_x,32767
112206,lstick_y,-12836
112214,lstick_x,32767
112214,lstick_y,-12836
112235,lstick_x,32767
112235,lstick_y,-12836
112240,lstick_x,32767
112240,lstick_y,-12836
112248,lstick_x,32767
112248,lstick_y,-12836
112256,lstick_x,32767
112256,lstick_y,-12836
112268,lstick_x,32767
112268,lstick_y,-12836
112273,lstick_x,32767
112273,lstick_y,-12836
112285,lstick_x,32767
112285,lstick_y,-12836
112290,lstick_x,32767
112290,lstick_y,-12836
112303,lstick_x,32767
112303,lstick_y,-12836
112349,lstick_x,32767
112349,lstick_y,-12836
112364,lstick_x,32767
112364,lstick_y,-12836
112370,lstick_x,32767
112370,lstick_y,-12836
112373,lstick_x,32767
112373,lstick_y,-12836
112376,lstick_x,32767
112376,lstick_y,-12836
112380,lstick_x,32767
112380,lstick_y,-12836
112388,lstick_x,32767
112388,lstick_y,-12836
112391,lstick_x,32767
112391,lstick_y,-12836
112395,lstick_x,32767
112395,lstick_y,-12836
112401,lstick_x,32767
112401,lstick_y,-12836
112409,lstick_x,32767
112409,lstick_y,-12836
112418,lstick_x,32767
112418,lstick_y,-12836
112424,lstick_x,32767
112424,lstick_y,-12836
112432,lstick_x,32767
112432,lstick_y,-12836
112439,lstick_x,32767
112439,lstick_y,-12836
112450,lstick_x,32767
112450,lstick_y,-12836
112461,lstick_x,32767
112461,lstick_y,-12836
112471,lstick_x,32767
112471,lstick_y,-12836
112474,lstick_x,32767
112474,lstick_y,-12836
112482,lstick_x,32767
112482,lstick_y,-12836
112495,lstick_x,32767
112495,lstick_y,-12836
112509,lstick_x,32767
112509,lstick_y,-12836
112512,lstick_x,32767
112512,lstick_y,-12836
112524,lstick_x,32767
112524,lstick_y,-12836
112531,lstick_x,32767
112531,lstick_y,-12836
112542,lstick_x,32767
112542,lstick_y,-12836
112547,lstick_x,32767
112547,lstick_y,-12836
112564,lstick_x,32767
112564,lstick_y,-12836
112580,lstick_x,32767
112580,lstick_y,-12836
112586,lstick_x,32767
112586,lstick_y,-12836
112600,lstick_x,32767
112600,lstick_y,-12836
112608,lstick_x,32767
112608,lstick_y,-12836
112616,lstick_x,32767
112616,lstick_y,-12836
112623,lstick_x,32767
112623,lstick_y,-12836
112630,lstick_x,32767
112630,lstick_y,-12836
112633,lstick_x,32767
112633,lstick_y,-12836
112641,lstick_x,32767
112641,lstick_y,-12836
112648,lstick_x,32767
112648,lstick_y,-12836
112657,lstick_x,32767
112657,lstick_y,-12836
112664,lstick_x,32767
112664,lstick_y,-12836
112667,lstick_x,32767
112667,lstick_y,-12836
112672,lstick_x,32767
112672,lstick_y,-12836
112680,lstick_x,32767
112680,lstick_y,-12836
112689,lstick_x,32767
112689,lstick_y,-12836
112699,lstick_x,32767
112699,lstick_y,-12836
112704,lstick_x,32767
112704,lstick_y,-12836
112712,lstick_x,32767
112712,lstick_y,-12836
112721,lstick_x,32767
112721,lstick_y,-12836
112733,lstick_x,32767
112733,lstick_y,-12836
112736,lstick_x,32767
112736,lstick_y,-12836
112741,lstick_x,32767
112741,lstick_y,-12836
112746,lstick_x,32767
112746,lstick_y,-12836
112760,lstick_x,32767
112760,lstick_y,-12836
112771,lstick_x,32767
112771,lstick_y,-12836
112790,lstick_x,32767
112790,lstick_y,-12836
112810,lstick_x,32767
112810,lstick_y,-12836
112823,lstick_x,32767
112823,lstick_y,-12836
112832,lstick_x,32767
112832,lstick_y,-12836
112841,lstick_x,32767
112841,lstick_y,-12836
112849,lstick_x,32767
112849,lstick_y,-12836
112858,lstick_x,32767
112858,lstick_y,-12836
112863,lstick_x,32767
112863,lstick_y,-12836
112872,lstick_x,32767
112872,lstick_y,-12836
112879,lstick_x,32767
112879,lstick_y,-12836
112881,lstick_x,32767
112881,lstick_y,-12836
112884,lstick_x,32767
112884,lstick_y,-12836
112888,lstick_x,32767
112888,lstick_y,-12836
112894,lstick_x,32767
112894,lstick_y,-12836
112897,lstick_x,32767
112897,lstick_y,-12836
112904,lstick_x,32767
112904,lstick_y,-12836
112909,lstick_x,32767
112909,lstick_y,-12836
112912,lstick_x,32767
112912,lstick_y,-12836
112919,lstick_x,32767
112919,lstick_y,-12836
112925,lstick_x,32767
112925,lstick_y,-12836
112929,lstick_x,32767
112929,lstick_y,-12836
112936,lstick_x,32767
112936,lstick_y,-12836
112944,lstick_x,32767
112944,lstick_y,-12836
112953,lstick_x,32767
112953,lstick_y,-12836
112960,lstick_x,32767
112960,lstick_y,-12836
112968,lstick_x,32767
112968,lstick_y,-12836
112977,lstick_x,32767
112977,lstick_y,-12836
112985,lstick_x,32767
112985,lstick_y,-12836
113030,lstick_x,32767
113030,lstick_y,-12836
113036,lstick_x,32767
113036,lstick_y,-12836
113041,lstick_x,32767
113041,lstick_y,-12836
113051,lstick_x,32767
113051,lstick_y,-12836
113059,lstick_x,32767
113059,lstick_y,-12836
113064,lstick_x,32767
113064,lstick_y,-12836
113075,lstick_x,32767
113075,lstick_y,-12836
113080,lstick_x,32767
113080,lstick_y,-12836
113088,lstick_x,32767
113088,lstick_y,-12836
113096,lstick_x,32767
113096,lstick_y,-12836
113104,lstick_x,32767
113104,lstick_y,-12836
113112,lstick_x,32767
113112,lstick_y,-12836
113122,lstick_x,32767
113122,lstick_y,-12836
113132,lstick_x,32767
113132,lstick_y,-12836
113140,lstick_x,32767
113140,lstick_y,-12836
113147,lstick_x,32767
113147,lstick_y,-12836
113163,lstick_x,32767
113163,lstick_y,-12836
113173,lstick_x,32767
113173,lstick_y,-12836
113176,lstick_x,32767
113176,lstick_y,-12836
113193,lstick_x,32767
113193,lstick_y,-12836
113207,lstick_x,32767
113207,lstick_y,-12836
113212,lstick_x,32767
113212,lstick_y,-12836
113217,lstick_x,32767
113217,lstick_y,-12836
113225,lstick_x,32767
113225,lstick_y,-12836
113237,lstick_x,32767
113237,lstick_y,-12836
113241,lstick_x,32767
113241,lstick_y,-12836
113248,lstick_x,32767
113248,lstick_y,-12836
113267,lstick_x,32767
113267,lstick_y,-12836
113273,lstick_x,32767
113273,lstick_y,-12836
113281,lstick_x,14111
113281,lstick_y,-11080
113289,lstick_x,14111
113289,lstick_y,-11080
113296,lstick_x,14111
113296,lstick_y,-11080
113303,lstick_x,5853
113303,lstick_y,-3088
113307,lstick_x,5853
113307,lstick_y,-3088
113312,lstick_x,5853
113312,lstick_y,-3088
113320,lstick_x,5853
113320,lstick_y,-3088
113323,lstick_x,5320
113323,lstick_y,-2825
113327,lstick_x,5320
113327,lstick_y,-2825
113334,lstick_x,5320
113334,lstick_y,-2825
113340,lstick_x,5320
113340,lstick_y,-2825
113347,lstick_x,5320
113347,lstick_y,-2825
113354,lstick_x,5320
113354,lstick_y,-2825
113362,lstick_x,5320
113362,lstick_y,-2825
113368,lstick_x,5320
113368,lstick_y,-2825
113395,lstick_x,5320
113395,lstick_y,-2825
113400,lstick_x,5320
113400,lstick_y,-2825
113406,lstick_x,5320
113406,lstick_y,-2825
113423,lstick_x,5320
113423,lstick_y,-2825
113429,lstick_x,5320
113429,lstick_y,-2825
113437,lstick_x,5320
113437,lstick_y,-2825
113448,lstick_x,5320
113448,lstick_y,-2825
113456,lstick_x,5320
113456,lstick_y,-2825
113468,lstick_x,5320
113468,lstick_y,-2825
113481,lstick_x,5320
113481,lstick_y,-2825
113490,lstick_x,5320
113490,lstick_y,-2825
113494,lstick_x,1201
113494,lstick_y,-1051
113501,lstick_x,1054
113512,lstick_x,1054
113520,lstick_x,1054
114381,rtrigger,15071
114406,rtrigger,15071
114411,rtrigger,15071
114437,rtrigger,15071
114441,rtrigger,15071
114449,rtrigger,32767
114457,rtrigger,32767
114464,rtrigger,32767
114467,rtrigger,32767
114473,rtrigger,32767
114480,rtrigger,32767
114488,rtrigger,32767
114496,rtrigger,32767
114504,rtrigger,32767
114512,rtrigger,32767
114516,rtrigger,32767
114520,rtrigger,32767
114522,rtrigger,32767
114526,rtrigger,32767
114532,rtrigger,32767
114537,rtrigger,32767
114543,rtrigger,32767
114547,rtrigger,32767
114554,rtrigger,32767
114560,rtrigger,32767
114583,rtrigger,32767
114594,rtrigger,32767
114605,rtrigger,32767
114608,rtrigger,32767
114630,rtrigger,32767
114637,rtrigger,32767
114658,rtrigger,32767
114677,rtrigger,32767
114684,rtrigger,32767
114688,rtrigger,32767
114692,rtrigger,32767
114697,rtrigger,32767
114704,rtrigger,32767
114714,rtrigger,32767
114720,rtrigger,32767
114727,rtrigger,32767
114730,rtrigger,32767
114736,rtrigger,32767
114744,rtrigger,32767
114746,rtrigger,32767
114746,lstick_x,-1280
114750,rtrigger,32767
114750,lstick_x,-1280
114759,rtrigger,32767
114759,lstick_x,-1280
114766,rtrigger,32767
114766,lstick_x,-1280
114771,rtrigger,32767
114771,lstick_x,-1280
114780,rtrigger,32767
114780,lstick_x,-1280
114799,rtrigger,32767
114799,lstick_x,-1280
114809,rtrigger,32767
114809,lstick_x,-1280
114831,rtrigger,32767
114831,lstick_x,-1280
114834,rtrigger,32767
114834,lstick_x,-28907
114834,lstick_y,6904
114845,rtrigger,32767
114845,lstick_x,-28907
114845,lstick_y,6904
114853,rtrigger,32767
114853,lstick_x,-28907
114853,lstick_y,6904
114869,rtrigger,32767
114869,lstick_x,-28907
114869,lstick_y,6904
114889,rtrigger,32767
114889,lstick_x,-28907
114889,lstick_y,6904
114906,rtrigger,32767
114906,lstick_x,-28907
114906,lstick_y,6904
114913,rtrigger,32767
114913,lstick_x,-28907
114913,lstick_y,6904
114920,rtrigger,32767
114920,lstick_x,-30564
114920,lstick_y,10476
114928,rtrigger,32767
114928,lstick_x,-30796
114928,lstick_y,10973
114931,rtrigger,32767
114931,lstick_x,-30796
114931,lstick_y,10973
114937,rtrigger,32767
114937,lstick_x,-30796
114937,lstick_y,10973
114944,rtrigger,32767
114944,lstick_x,-30796
114944,lstick_y,10973
114953,rtrigger,32767
114953,lstick_x,-31135
114953,lstick_y,11688
114960,rtrigger,32767
114960,lstick_x,-31135
114960,lstick_y,11688
114968,rtrigger,32767
114968,lstick_x,-31135
114968,lstick_y,11688
114975,rtrigger,32767
114975,lstick_x,-31135
114975,lstick_y,11688
114984,rtrigger,32767
114984,lstick_x,-31135
114984,lstick_y,11688
114993,rtrigger,32767
114993,lstick_x,-31135
114993,lstick_y,11688
115008,rtrigger,32767
115008,lstick_x,-31135
115008,lstick_y,11688
115012,rtrigger,32767
115012,lstick_x,-31135
115012,lstick_y,11688
115016,rtrigger,32767
115016,lstick_x,-31135
115016,lstick_y,11688
115029,rtrigger,32767
115029,lstick_x,-31135
115029,lstick_y,11688
115034,rtrigger,32767
115034,lstick_x,-31135
115034,lstick_y,11688
115040,rtrigger,32767
115040,lstick_x,-31135
115040,lstick_y,11688
115051,rtrigger,32767
115051,lstick_x,-29962
115051,lstick_y,12119
115057,rtrigger,32767
115057,lstick_x,-29962
115057,lstick_y,12119
115070,rtrigger,32767
115070,lstick_x,-10916
115070,lstick_y,10147
115075,rtrigger,32767
115075,lstick_x,-10916
115075,lstick_y,10147
115080,rtrigger,32767
115080,lstick_x,-10916
115080,lstick_y,10147
115102,rtrigger,32767
115102,lstick_x,-10916
115102,lstick_y,10147
115105,rtrigger,32767
115105,lstick_x,-10916
115105,lstick_y,10147
115112,rtrigger,32767
115112,lstick_x,-10916
115112,lstick_y,10147
115126,rtrigger,32767
115126,lstick_x,-10916
115126,lstick_y,10147
115134,rtrigger,32767
115134,lstick_x,-10916
115134,lstick_y,10147
115137,rtrigger,32767
115137,lstick_x,-10916
115137,lstick_y,10147
115140,rtrigger,32767
115140,lstick_x,-2108
115140,lstick_y,1391
115143,rtrigger,32767
115143,lstick_x,-2108
115143,lstick_y,1391
115152,rtrigger,32767
115152,lstick_x,-2108
115152,lstick_y,1391
115160,rtrigger,32767
115160,lstick_x,-2108
115160,lstick_y,1391
115169,rtrigger,32767
115169,lstick_x,-2108
115169,lstick_y,1391
115176,rtrigger,32767
115176,lstick_x,-2108
115176,lstick_y,1391
115184,rtrigger,32767
115184,lstick_x,-2108
115184,lstick_y,1391
115194,rtrigger,32767
115194,lstick_x,-2108
115194,lstick_y,1391
115200,rtrigger,32767
115200,lstick_x,-2108
115200,lstick_y,1391
115216,rtrigger,32767
115216,lstick_x,-2108
115216,lstick_y,1391
115224,rtrigger,32767
115224,lstick_x,-2108
115224,lstick_y,1391
115237,rtrigger,32767
115237,lstick_x,-2108
115237,lstick_y,1391
115249,rtrigger,32767
115249,lstick_x,-2108
115249,lstick_y,1391
115256,rtrigger,32767
115264,rtrigger,32767
115273,rtrigger,32767
115299,rtrigger,32767
115330,rtrigger,32767
115336,rtrigger,32767
115340,rtrigger,32767
115344,rtrigger,32767
115347,rtrigger,32767
115351,rtrigger,32767
115364,rtrigger,32767
115368,rtrigger,32767
115373,rtrigger,32767
115377,rtrigger,32767
115381,rtrigger,32767
115384,rtrigger,32767
115389,rtrigger,32767
115392,rtrigger,32767
115400,rtrigger,32767
115406,rtrigger,32767
115416,rtrigger,32767
115424,rtrigger,32767
115433,rtrigger,32767
115440,rtrigger,32767
115448,rtrigger,32767
115460,rtrigger,32767
115476,rtrigger,32767
115480,rtrigger,32767
115488,rtrigger,32767
115498,rtrigger,32767
115504,rtrigger,32767
115515,rtrigger,32767
115520,rtrigger,32767
115530,rtrigger,32767
115540,rtrigger,32767
115545,rtrigger,32767
115549,rtrigger,32767
115552,rtrigger,32767
115556,rtrigger,32767
115561,rtrigger,32767
115574,rtrigger,32767
115584,rtrigger,32767
115592,rtrigger,32767
115598,rtrigger,32767
115604,rtrigger,32767
115609,rtrigger,32767
115617,rtrigger,32767
115627,rtrigger,32767
115632,rtrigger,32767
115648,rtrigger,32767
115661,rtrigger,32767
115666,rtrigger,32767
115671,rtrigger,32767
115671,lstick_x,-19648
115671,lstick_y,2788
115690,rtrigger,32767
115690,lstick_x,-19648
115690,lstick_y,2788
115706,rtrigger,32767
115706,lstick_x,-19648
115706,lstick_y,2788
115729,rtrigger,32767
115729,lstick_x,-19648
115729,lstick_y,2788
115736,rtrigger,32767
115736,lstick_x,-19648
115736,lstick_y,2788
115742,rtrigger,32767
115742,lstick_x,-29673
115742,lstick_y,8412
115755,rtrigger,32767
115755,lstick_x,-29673
115755,lstick_y,8412
115761,rtrigger,32767
115761,lstick_x,-29673
115761,lstick_y,8412
115770,rtrigger,32767
115770,lstick_x,-29673
115770,lstick_y,8412
115776,rtrigger,32767
115776,lstick_x,-29673
115776,lstick_y,8412
115784,rtrigger,32767
115784,lstick_x,-29673
115784,lstick_y,8412
115791,rtrigger,32767
115791,lstick_x,-29673
115791,lstick_y,8412
115800,rtrigger,32767
115800,lstick_x,-29673
115800,lstick_y,8412
115810,rtrigger,32767
115810,lstick_x,-29673
115810,lstick_y,8412
115817,rtrigger,32767
115817,lstick_x,-29673
115817,lstick_y,8412
115826,rtrigger,32767
115826,lstick_x,-29673
115826,lstick_y,8412
115836,rtrigger,32767
115836,lstick_x,-29673
115836,lstick_y,8412
115847,rtrigger,32767
115847,lstick_x,-29673
115847,lstick_y,8412
115851,rtrigger,32767
115851,lstick_x,-29673
115851,lstick_y,8412
115857,rtrigger,32767
115857,lstick_x,-31812
115857,lstick_y,11036
115887,rtrigger,32767
115887,lstick_x,-31812
115887,lstick_y,11036
115894,rtrigger,32767
115894,lstick_x,-31812
115894,lstick_y,11036
115902,rtrigger,32767
115902,lstick_x,-31812
115902,lstick_y,11036
115916,rtrigger,32767
115916,lstick_x,-31812
115916,lstick_y,11036
115920,rtrigger,32767
115920,lstick_x,-31812
115920,lstick_y,11036
115925,rtrigger,32767
115925,lstick_x,-32191
115925,lstick_y,11488
115928,rtrigger,32767
115928,lstick_x,-32191
115928,lstick_y,11488
115936,rtrigger,32767
115936,lstick_x,-32191
115936,lstick_y,11488
115940,rtrigger,32767
115940,lstick_x,-32191
115940,lstick_y,11488
115945,rtrigger,32767
115945,lstick_x,-32191
115945,lstick_y,11488
115952,rtrigger,32767
115952,lstick_x,-32252
115952,lstick_y,11535
115960,rtrigger,32767
115960,lstick_x,-32252
115960,lstick_y,11535
115968,rtrigger,32767
115968,lstick_x,-32252
115968,lstick_y,11535
115973,rtrigger,32767
115973,lstick_x,-32252
115973,lstick_y,11535
115977,rtrigger,32767
115977,lstick_x,-32252
115977,lstick_y,11535
115987,rtrigger,32767
115987,lstick_x,-32252
115987,lstick_y,11535
115992,rtrigger,32767
115992,lstick_x,-32252
115992,lstick_y,11535
116000,rtrigger,32767
116000,lstick_x,-32252
116000,lstick_y,11535
116013,rtrigger,32767
116013,lstick_x,-32252
116013,lstick_y,11535
116016,rtrigger,32767
116016,lstick_x,-32252
116016,lstick_y,11535
116108,rtrigger,32767
116108,lstick_x,-32252
116108,lstick_y,11535
116113,rtrigger,32767
116113,lstick_x,-32252
116113,lstick_y,11535
116127,rtrigger,32767
116127,lstick_x,-32252
116127,lstick_y,11535
116131,lstick_x,-12611
116131,lstick_y,3813
116136,lstick_x,-12611
116136,lstick_y,3813
116144,lstick_x,-12611
116144,lstick_y,3813
116168,lstick_x,-12611
116168,lstick_y,3813
116184,lstick_x,-12611
116184,lstick_y,3813
116192,lstick_x,-11390
116192,lstick_y,2761
116201,lstick_x,-2478
116201,lstick_y,2156
116208,lstick_x,-2478
116208,lstick_y,2156
116216,lstick_x,-2252
116216,lstick_y,1647
116224,lstick_x,-2252
116224,lstick_y,1647
116233,lstick_x,-2252
116233,lstick_y,1647
116240,lstick_x,-2252
116240,lstick_y,1647
116245,lstick_x,-2252
116245,lstick_y,1647
116248,lstick_x,-2252
116248,lstick_y,1647
116263,lstick_x,-2252
116263,lstick_y,1647
116267,lstick_x,-2252
116267,lstick_y,1647
116273,lstick_x,-2252
116273,lstick_y,1647
116280,lstick_x,-2252
116280,lstick_y,1647
116292,lstick_x,-2252
116292,lstick_y,1647
116296,lstick_x,-2252
116296,lstick_y,1647
116304,lstick_x,-2252
116304,lstick_y,1647
116320,lstick_x,-2252
116320,lstick_y,1647
116384,rtrigger,9695
116384,lstick_x,-1612
116390,rtrigger,9695
116390,lstick_x,-1612
116392,rtrigger,25151
116392,lstick_x,-13977
116401,rtrigger,25151
116401,lstick_x,-13977
116414,rtrigger,25151
116414,lstick_x,-13977
116417,rtrigger,32767
116417,lstick_x,-23359
116417,lstick_y,7919
116422,rtrigger,32767
116422,lstick_x,-30420
116422,lstick_y,8484
116432,rtrigger,32767
116432,lstick_x,-30420
116432,lstick_y,8484
116440,rtrigger,32767
116440,lstick_x,-30420
116440,lstick_y,8484
116444,rtrigger,32767
116444,lstick_x,-30420
116444,lstick_y,8484
116447,rtrigger,32767
116447,lstick_x,-30420
116447,lstick_y,8484
116457,rtrigger,32767
116457,lstick_x,-30420
116457,lstick_y,8484
116474,rtrigger,32767
116474,lstick_x,-30420
116474,lstick_y,8484
116483,rtrigger,32767
116483,lstick_x,-30420
116483,lstick_y,8484
116488,rtrigger,32767
116488,lstick_x,-30420
116488,lstick_y,8484
116496,rtrigger,32767
116496,lstick_x,-30420
116496,lstick_y,8484
116505,rtrigger,32767
116505,lstick_x,-30420
116505,lstick_y,8484
116512,rtrigger,32767
116512,lstick_x,-31683
116512,lstick_y,10212
116524,rtrigger,32767
116524,lstick_x,-31683
116524,lstick_y,10212
116527,rtrigger,32767
116527,lstick_x,-32122
116527,lstick_y,10758
116530,rtrigger,32767
116530,lstick_x,-32122
116530,lstick_y,10758
116546,rtrigger,32767
116546,lstick_x,-32122
116546,lstick_y,10758
116562,rtrigger,32767
116562,lstick_x,-32122
116562,lstick_y,10758
116569,rtrigger,32767
116569,lstick_x,-32122
116569,lstick_y,10758
116576,rtrigger,32767
116576,lstick_x,-32122
116576,lstick_y,10758
116584,rtrigger,32767
116584,lstick_x,-32122
116584,lstick_y,10758
116591,rtrigger,32767
116591,lstick_x,-21607
116591,lstick_y,9485
116594,rtrigger,32767
116594,lstick_x,-21607
116594,lstick_y,9485
116601,rtrigger,32767
116601,lstick_x,-21607
116601,lstick_y,9485
116611,rtrigger,32767
116611,lstick_x,-21607
116611,lstick_y,9485
116616,rtrigger,32767
116616,lstick_x,-21607
116616,lstick_y,9485
116624,rtrigger,32767
116624,lstick_x,-10395
116624,lstick_y,6084
116632,rtrigger,32767
116632,lstick_x,-10395
116632,lstick_y,6084
116635,rtrigger,32767
116635,lstick_x,-10395
116635,lstick_y,6084
116643,rtrigger,32767
116643,lstick_x,-10395
116643,lstick_y,6084
116648,rtrigger,32767
116648,lstick_x,-10395
116648,lstick_y,6084
116658,rtrigger,32767
116658,lstick_x,-10395
116658,lstick_y,6084
116665,rtrigger,32767
116665,lstick_x,-10395
116665,lstick_y,6084
116677,rtrigger,32767
116677,lstick_x,-10395
116677,lstick_y,6084
116680,rtrigger,32767
116680,lstick_x,-10395
116680,lstick_y,6084
116697,rtrigger,32767
116697,lstick_x,-10395
116697,lstick_y,6084
116704,rtrigger,32767
116704,lstick_x,-10395
116704,lstick_y,6084
116708,rtrigger,32767
116708,lstick_x,-2058
116708,lstick_y,1992
116716,rtrigger,32767
116716,lstick_x,-2058
116716,lstick_y,1992
116721,rtrigger,32767
116721,lstick_x,-2058
116721,lstick_y,1992
116742,rtrigger,32767
116742,lstick_x,-2058
116742,lstick_y,1992
116760,rtrigger,32767
116760,lstick_x,-2058
116760,lstick_y,1992
116767,rtrigger,27583
116767,lstick_x,-3036
116767,lstick_y,1096
116774,rtrigger,27583
116774,lstick_x,-3036
116774,lstick_y,1096
116777,rtrigger,27583
116777,lstick_x,-3036
116777,lstick_y,1096
116784,rtrigger,27583
116784,lstick_x,-3036
116784,lstick_y,1096
116792,rtrigger,27583
116792,lstick_x,-3036
116792,lstick_y,1096
116801,rtrigger,14911
116801,lstick_x,-3804
116801,lstick_y,1096
116807,rtrigger,5375
116807,lstick_x,-4460
116807,lstick_y,1096
116815,lstick_x,-4979
116815,lstick_y,1096
116822,lstick_x,-4979
116822,lstick_y,1096
116831,lstick_x,-4979
116831,lstick_y,1096
116840,lstick_x,-4979
116840,lstick_y,1096
116854,lstick_x,-4979
116854,lstick_y,1096
116871,lstick_x,-4979
116871,lstick_y,1096
116893,lstick_x,-4979
116893,lstick_y,1096
116929,lstick_x,-4914
116947,lstick_x,-4914
116954,lstick_x,-2635
116957,lstick_x,-2635
116960,lstick_x,-2395
116964,lstick_x,-2395
116967,lstick_x,-2395
116974,lstick_x,-2395
116986,lstick_x,-2395
116992,lstick_x,-2395
116998,lstick_x,-2060
117001,lstick_x,-2060
117007,lstick_x,-1941
117016,lstick_x,-1941
117022,lstick_x,-1941
117025,lstick_x,-1941
117028,lstick_x,-1941
117031,lstick_x,-1941
117039,lstick_x,-1941
117042,lstick_x,-1941
117049,lstick_x,-1941
117059,lstick_x,-1941
117067,lstick_x,-1941
117072,lstick_x,-1941
117080,lstick_x,-1941
117098,lstick_x,-1941
117109,lstick_x,-18876
117109,lstick_y,1457
117124,lstick_x,-18876
117124,lstick_y,1457
117140,lstick_x,-18876
117140,lstick_y,1457
117154,lstick_x,-18876
117154,lstick_y,1457
117160,lstick_x,-18876
117160,lstick_y,1457
117170,rtrigger,32767
117170,lstick_x,-31137
117170,lstick_y,10104
117175,rtrigger,32767
117175,lstick_x,-31450
117175,lstick_y,10205
117187,rtrigger,32767
117187,lstick_x,-31450
117187,lstick_y,10205
117191,rtrigger,32767
117191,lstick_x,-31701
117191,lstick_y,10286
117201,rtrigger,32767
117201,lstick_x,-31701
117201,lstick_y,10286
117208,rtrigger,32767
117208,lstick_x,-31701
117208,lstick_y,10286
117212,rtrigger,32767
117212,lstick_x,-31901
117212,lstick_y,10350
117216,rtrigger,32767
117216,lstick_x,-31901
117216,lstick_y,10350
117223,rtrigger,32767
117223,lstick_x,-32061
117223,lstick_y,10402
117227,rtrigger,32767
117227,lstick_x,-32061
117227,lstick_y,10402
117232,rtrigger,32767
117232,lstick_x,-32061
117232,lstick_y,10402
117243,rtrigger,32767
117243,lstick_x,-32061
117243,lstick_y,10402
117248,rtrigger,32767
117248,lstick_x,-32061
117248,lstick_y,10402
117256,rtrigger,32767
117256,lstick_x,-32061
117256,lstick_y,10402
117268,rtrigger,32767
117268,lstick_x,-32061
117268,lstick_y,10402
117274,rtrigger,32767
117274,lstick_x,-32061
117274,lstick_y,10402
117284,rtrigger,32767
117284,lstick_x,-32061
117284,lstick_y,10402
117293,rtrigger,32767
117293,lstick_x,-32061
117293,lstick_y,10402
117320,rtrigger,32767
117320,lstick_x,-32061
117320,lstick_y,10402
117337,rtrigger,32767
117337,lstick_x,-32061
117337,lstick_y,10402
117344,rtrigger,32767
117344,lstick_x,-32596
117344,lstick_y,10506
117349,rtrigger,32767
117349,lstick_x,-32596
117349,lstick_y,10506
117352,rtrigger,32767
117352,lstick_x,-32596
117352,lstick_y,10506
117356,rtrigger,32767
117356,lstick_x,-32596
117356,lstick_y,10506
117362,rtrigger,32767
117362,lstick_x,-32596
117362,lstick_y,10506
117365,rtrigger,32767
117365,lstick_x,-32596
117365,lstick_y,10506
117368,rtrigger,32767
117368,lstick_x,-32596
117368,lstick_y,10506
117373,rtrigger,32767
117373,lstick_x,-32596
117373,lstick_y,10506
117376,rtrigger,32767
117376,lstick_x,-32596
117376,lstick_y,10506
117384,rtrigger,32767
117384,lstick_x,-32596
117384,lstick_y,10506
117392,rtrigger,32767
117392,lstick_x,-32596
117392,lstick_y,10506
117397,rtrigger,32767
117397,lstick_x,-32596
117397,lstick_y,10506
117400,rtrigger,32767
117400,lstick_x,-32596
117400,lstick_y,10506
117407,rtrigger,32767
117407,lstick_x,-32596
117407,lstick_y,10506
117413,rtrigger,32767
117413,lstick_x,-32596
117413,lstick_y,10506
117419,rtrigger,32767
117419,lstick_x,-32596
117419,lstick_y,10506
117429,rtrigger,32767
117429,lstick_x,-32596
117429,lstick_y,10506
117435,rtrigger,32767
117435,lstick_x,-32596
117435,lstick_y,10506
117441,rtrigger,32767
117441,lstick_x,-32596
117441,lstick_y,10506
117454,rtrigger,32767
117454,lstick_x,-32596
117454,lstick_y,10506
117468,rtrigger,32767
117468,lstick_x,-32596
117468,lstick_y,10506
117473,rtrigger,32767
117473,lstick_x,-32596
117473,lstick_y,10506
117486,rtrigger,17439
117486,lstick_x,-5664
117486,lstick_y,3996
117489,rtrigger,17439
117489,lstick_x,-5664
117489,lstick_y,3996
117501,rtrigger,17439
117501,lstick_x,-5664
117501,lstick_y,3996
117509,rtrigger,17439
117509,lstick_x,-5664
117509,lstick_y,3996
117525,rtrigger,17439
117525,lstick_x,-5664
117525,lstick_y,3996
117528,rtrigger,17439
117528,lstick_x,-5664
117528,lstick_y,3996
117530,lstick_x,-3694
117530,lstick_y,1971
117535,lstick_x,-3248
117535,lstick_y,1545
117539,lstick_x,-3248
117539,lstick_y,1545
117550,lstick_x,-3248
117550,lstick_y,1545
117552,lstick_x,-3248
117552,lstick_y,1545
117560,lstick_x,-3248
117560,lstick_y,1545
117568,lstick_x,-3248
117568,lstick_y,1545
117576,lstick_x,-3248
117576,lstick_y,1545
117579,lstick_x,-3248
117579,lstick_y,1545
117589,lstick_x,-3248
117589,lstick_y,1545
117592,lstick_x,-3248
117592,lstick_y,1545
117602,lstick_x,-3248
117602,lstick_y,1545
117612,lstick_x,-3248
117612,lstick_y,1545
117616,lstick_x,-3248
117616,lstick_y,1545
117629,lstick_x,-3248
117629,lstick_y,1545
117632,lstick_x,-3248
117632,lstick_y,1545
117648,lstick_x,-3248
117648,lstick_y,1545
117658,lstick_x,-1835
117667,lstick_x,-1835
117679,lstick_x,-1835
117702,lstick_x,-1835
117705,lstick_x,-1835
117710,lstick_x,-1049
117736,rtrigger,7167
117739,rtrigger,7167
117745,rtrigger,7167
117749,rtrigger,18367
117752,rtrigger,18367
117760,rtrigger,18367
117766,rtrigger,18367
117773,rtrigger,18367
117779,rtrigger,18367
117784,rtrigger,18367
117792,rtrigger,18367
117802,rtrigger,18367
117808,rtrigger,18367
117821,rtrigger,18367
117825,rtrigger,18367
117835,rtrigger,18367
117840,rtrigger,18367
117845,rtrigger,32767
117845,lstick_x,-30005
117845,lstick_y,9051
117854,rtrigger,32767
117854,lstick_x,-30005
117854,lstick_y,9051
117857,rtrigger,32767
117857,lstick_x,-30005
117857,lstick_y,9051
117874,rtrigger,32767
117874,lstick_x,-30005
117874,lstick_y,9051
117893,rtrigger,32767
117893,lstick_x,-30005
117893,lstick_y,9051
117896,rtrigger,32767
117896,lstick_x,-30005
117896,lstick_y,9051
117904,rtrigger,32767
117904,lstick_x,-32768
117904,lstick_y,9728
117908,rtrigger,32767
117908,lstick_x,-32768
117908,lstick_y,9812
117912,rtrigger,32767
117912,lstick_x,-32768
117912,lstick_y,9812
117920,rtrigger,32767
117920,lstick_x,-32768
117920,lstick_y,9812
117923,rtrigger,32767
117923,lstick_x,-32768
117923,lstick_y,9879
117927,rtrigger,32767
117927,lstick_x,-32768
117927,lstick_y,9879
117936,rtrigger,32767
117936,lstick_x,-32768
117936,lstick_y,9879
117944,rtrigger,32767
117944,lstick_x,-32768
117944,lstick_y,9879
117950,rtrigger,32767
117950,lstick_x,-32768
117950,lstick_y,9879
117956,rtrigger,32767
117956,lstick_x,-32768
117956,lstick_y,9879
117959,rtrigger,32767
117959,lstick_x,-32768
117959,lstick_y,9879
117968,rtrigger,32767
117968,lstick_x,-32768
117968,lstick_y,9879
117973,rtrigger,32767
117973,lstick_x,-32768
117973,lstick_y,9879
117977,rtrigger,32767
117977,lstick_x,-32768
117977,lstick_y,9879
117984,rtrigger,32767
117984,lstick_x,-32768
117984,lstick_y,9879
117990,rtrigger,32767
117990,lstick_x,-32768
117990,lstick_y,9879
118008,rtrigger,32767
118008,lstick_x,-32768
118008,lstick_y,9879
118016,rtrigger,32767
118016,lstick_x,-32768
118016,lstick_y,9879
118029,rtrigger,32767
118029,lstick_x,-32768
118029,lstick_y,9879
118032,rtrigger,32767
118032,lstick_x,-32768
118032,lstick_y,9879
118044,rtrigger,32767
118044,lstick_x,-32768
118044,lstick_y,10079
118059,rtrigger,32767
118059,lstick_x,-32768
118059,lstick_y,10079
118065,rtrigger,32767
118065,lstick_x,-32768
118065,lstick_y,10079
118080,rtrigger,32767
118080,lstick_x,-32768
118080,lstick_y,10079
118089,rtrigger,32767
118089,lstick_x,-32768
118089,lstick_y,10079
118096,rtrigger,32767
118096,lstick_x,-32768
118096,lstick_y,10079
118100,rtrigger,32767
118100,lstick_x,-32768
118100,lstick_y,10079
118106,rtrigger,32767
118106,lstick_x,-32768
118106,lstick_y,10079
118111,rtrigger,32767
118111,lstick_x,-32768
118111,lstick_y,10079
118120,rtrigger,32767
118120,lstick_x,-32768
118120,lstick_y,10079
118128,rtrigger,32767
118128,lstick_x,-32768
118128,lstick_y,10079
118136,rtrigger,32767
118136,lstick_x,-32768
118136,lstick_y,10079
118139,rtrigger,32767
118139,lstick_x,-32768
118139,lstick_y,10079
118143,rtrigger,32767
118143,lstick_x,-32768
118143,lstick_y,10079
118149,rtrigger,32767
118149,lstick_x,-32768
118149,lstick_y,10079
118152,rtrigger,32767
118152,lstick_x,-32768
118152,lstick_y,10079
118156,rtrigger,32767
118156,lstick_x,-32768
118156,lstick_y,10079
118168,rtrigger,32767
118168,lstick_x,-32768
118168,lstick_y,10079
118183,rtrigger,32767
118183,lstick_x,-32768
118183,lstick_y,10079
118192,rtrigger,32767
118192,lstick_x,-32768
118192,lstick_y,10079
118216,rtrigger,32767
118216,lstick_x,-32768
118216,lstick_y,10079
118227,rtrigger,32767
118227,lstick_x,-32768
118227,lstick_y,10079
118233,rtrigger,32767
118233,lstick_x,-32768
118233,lstick_y,10079
118247,rtrigger,32767
118247,lstick_x,-20479
118247,lstick_y,8199
118256,rtrigger,32767
118256,lstick_x,-20479
118256,lstick_y,8199
118285,rtrigger,32767
118285,lstick_x,-20479
118285,lstick_y,8199
118289,rtrigger,32767
118289,lstick_x,-20479
118289,lstick_y,8199
118294,rtrigger,32767
118294,lstick_x,-6175
118297,rtrigger,32767
118297,lstick_x,-5233
118304,rtrigger,32767
118304,lstick_x,-5233
118308,rtrigger,32767
118308,lstick_x,-5233
118316,rtrigger,32767
118316,lstick_x,-5233
118322,rtrigger,32767
118322,lstick_x,-4432
118329,rtrigger,32767
118329,lstick_x,-4432
118336,rtrigger,32767
118336,lstick_x,-4432
118339,rtrigger,32767
118339,lstick_x,-3726
118344,rtrigger,32767
118344,lstick_x,-3726
118352,rtrigger,32767
118352,lstick_x,-3726
118356,rtrigger,32767
118356,lstick_x,-3726
118360,rtrigger,32767
118360,lstick_x,-3726
118375,rtrigger,32767
118375,lstick_x,-3726
118384,rtrigger,32767
118384,lstick_x,-3726
118392,rtrigger,32767
118392,lstick_x,-3726
118414,rtrigger,32767
118414,lstick_x,-3726
118428,rtrigger,32767
118428,lstick_x,-3726
118432,rtrigger,32767
118432,lstick_x,-3726
118435,rtrigger,32767
118435,lstick_x,-1198
118454,rtrigger,32767
118454,lstick_x,-1198
118471,rtrigger,32767
118471,lstick_x,-1198
118475,rtrigger,32767
118475,lstick_x,-1198
118482,rtrigger,32767
118482,lstick_x,-1198
118488,rtrigger,32767
118488,lstick_x,-1198
118493,rtrigger,32767
118496,rtrigger,32767
118499,rtrigger,32767
118508,rtrigger,32767
118515,rtrigger,32767
118521,rtrigger,32767
118528,rtrigger,32767
118536,rtrigger,32767
118544,rtrigger,32767
118546,rtrigger,32767
118550,rtrigger,32767
118556,rtrigger,32767
118562,rtrigger,32767
118569,rtrigger,32767
118575,rtrigger,32767
118583,rtrigger,32767
118597,rtrigger,32767
118601,rtrigger,32767
118615,rtrigger,32767
118625,rtrigger,32767
118635,rtrigger,32767
118641,rtrigger,32767
118654,rtrigger,32767
118673,rtrigger,32767
118685,rtrigger,32767
118688,rtrigger,32767
118691,rtrigger,32767
118696,rtrigger,32767
118704,rtrigger,32767
118712,rtrigger,32767
118720,rtrigger,32767
118730,rtrigger,32767
118736,rtrigger,32767
118742,rtrigger,32767
118750,rtrigger,32767
118755,rtrigger,32767
118760,rtrigger,32767
118770,rtrigger,32767
118776,rtrigger,32767
118784,rtrigger,32767
118796,rtrigger,32767
118818,rtrigger,32767
118823,rtrigger,32767
118839,rtrigger,32767
118846,rtrigger,32767
118867,rtrigger,32767
118875,rtrigger,32767
118881,rtrigger,32767
118884,rtrigger,27103
118890,rtrigger,27103
118896,rtrigger,27103
118902,rtrigger,14495
118907,rtrigger,14495
118912,rtrigger,14495
118920,rtrigger,14495
118928,rtrigger,14495
120857,rtrigger,32767
120864,rtrigger,32767
120874,rtrigger,32767
120880,rtrigger,32767
120890,rtrigger,32767
120902,rtrigger,32767
120907,rtrigger,32767
120912,rtrigger,32767
120922,rtrigger,32767
120930,rtrigger,32767
120936,rtrigger,32767
120944,rtrigger,32767
120952,rtrigger,32767
120960,rtrigger,32767
120969,rtrigger,32767
120980,rtrigger,32767
120984,rtrigger,32767
120992,rtrigger,32767
121004,rtrigger,32767
121009,rtrigger,32767
121017,rtrigger,32767
121023,rtrigger,32767
121034,rtrigger,32767
121042,rtrigger,32767
121054,rtrigger,32767
121058,rtrigger,32767
121070,rtrigger,32767
121073,rtrigger,32767
121079,rtrigger,32767
121082,rtrigger,32767
121090,rtrigger,32767
121096,rtrigger,32767
121105,rtrigger,32767
121113,rtrigger,32767
121120,rtrigger,32767
121128,rtrigger,32767
121131,rtrigger,32767
121134,rtrigger,32767
121139,rtrigger,32767
121145,rtrigger,32767
121155,rtrigger,32767
121160,rtrigger,32767
121173,rtrigger,32767
121177,rtrigger,32767
121184,rtrigger,32767
121195,rtrigger,32767
121204,rtrigger,32767
121209,rtrigger,32767
121219,rtrigger,32767
121230,rtrigger,32767
121236,rtrigger,32767
121248,rtrigger,32767
121261,rtrigger,32767
121264,rtrigger,32767
121272,rtrigger,32767
121275,rtrigger,32767
121279,rtrigger,32767
121289,rtrigger,32767
121295,rtrigger,32767
121306,rtrigger,32767
121312,rtrigger,32767
121315,rtrigger,32767
121320,rtrigger,32767
121323,rtrigger,32767
121326,rtrigger,32767
121335,rtrigger,32767
121344,rtrigger,32767
121352,rtrigger,32767
121361,rtrigger,32767
121368,rtrigger,32767
121373,rtrigger,32767
121377,rtrigger,32767
121384,rtrigger,32767
121393,rtrigger,32767
121399,rtrigger,32767
121403,rtrigger,32767
121420,rtrigger,32767
121448,rtrigger,32767
121457,rtrigger,32767
121461,rtrigger,32767
121464,rtrigger,32767
121473,rtrigger,32767
121477,rtrigger,32767
121483,rtrigger,32767
121490,rtrigger,32767
121498,rtrigger,32767
121504,rtrigger,32767
121508,rtrigger,32767
121511,rtrigger,32767
121514,rtrigger,32767
121518,rtrigger,32767
121527,rtrigger,32767
121543,rtrigger,32767
121546,rtrigger,32767
121546,lstick_x,-1069
121552,rtrigger,32767
121552,lstick_x,-1069
121560,rtrigger,32767
121560,lstick_x,-1069
121568,rtrigger,32767
121568,lstick_x,-1069
121580,rtrigger,32767
121580,lstick_x,-1069
121584,rtrigger,32767
121584,lstick_x,-1188
121592,rtrigger,32767
121592,lstick_x,-1188
121601,rtrigger,32767
121601,lstick_x,-1188
121608,rtrigger,32767
121608,lstick_x,-1188
121624,rtrigger,32767
121624,lstick_x,-1188
121632,rtrigger,32767
121632,lstick_x,-1188
121640,rtrigger,32767
121640,lstick_x,-1237
121644,rtrigger,32767
121644,lstick_x,-1319
121649,rtrigger,32767
121649,lstick_x,-1319
121656,rtrigger,32767
121656,lstick_x,-1319
121666,rtrigger,32767
121666,lstick_x,-1319
121673,rtrigger,32767
121673,lstick_x,-1415
121680,rtrigger,32767
121680,lstick_x,-1570
121683,rtrigger,32767
121683,lstick_x,-1570
121688,rtrigger,32767
121688,lstick_x,-1570
121691,rtrigger,32767
121691,lstick_x,-1570
121695,rtrigger,32767
121695,lstick_x,-1570
121698,rtrigger,32767
121698,lstick_x,-1570
121704,rtrigger,32767
121704,lstick_x,-1570
121707,rtrigger,32767
121707,lstick_x,-1570
121711,rtrigger,32767
121711,lstick_x,-1570
121714,rtrigger,32767
121714,lstick_x,-1570
121717,rtrigger,32767
121717,lstick_x,-1570
121723,rtrigger,32767
121723,lstick_x,-1570
121729,rtrigger,32767
121729,lstick_x,-1570
121744,rtrigger,32767
121744,lstick_x,-1570
121752,rtrigger,32767
121752,lstick_x,-1570
121765,rtrigger,32767
121765,lstick_x,-1570
121773,rtrigger,32767
121773,lstick_x,-1570
121776,rtrigger,32767
121776,lstick_x,-1570
121780,rtrigger,32767
121780,lstick_x,-14207
121780,lstick_y,1747
121787,rtrigger,32767
121787,lstick_x,-14207
121787,lstick_y,1747
121789,rtrigger,32767
121789,lstick_x,-14207
121789,lstick_y,1747
121794,rtrigger,32767
121794,lstick_x,-14207
121794,lstick_y,1747
121802,rtrigger,32767
121802,lstick_x,-14207
121802,lstick_y,1747
121808,rtrigger,32767
121808,lstick_x,-14207
121808,lstick_y,1747
121825,rtrigger,32767
121825,lstick_x,-14207
121825,lstick_y,1747
121832,rtrigger,32767
121832,lstick_x,-14207
121832,lstick_y,1747
121840,rtrigger,32767
121840,lstick_x,-14207
121840,lstick_y,1747
121849,rtrigger,32767
121849,lstick_x,-29707
121849,lstick_y,5380
121858,rtrigger,32767
121858,lstick_x,-30294
121858,lstick_y,6414
121869,rtrigger,32767
121869,lstick_x,-30294
121869,lstick_y,6414
121873,rtrigger,32767
121873,lstick_x,-30294
121873,lstick_y,6414
121881,rtrigger,32767
121881,lstick_x,-30294
121881,lstick_y,6414
121888,rtrigger,32767
121888,lstick_x,-30294
121888,lstick_y,6414
121891,rtrigger,32767
121891,lstick_x,-31150
121891,lstick_y,7897
121896,rtrigger,32767
121896,lstick_x,-31150
121896,lstick_y,7897
121900,rtrigger,32767
121900,lstick_x,-31150
121900,lstick_y,7897
121904,rtrigger,32767
121904,lstick_x,-31150
121904,lstick_y,7897
121914,rtrigger,32767
121914,lstick_x,-31150
121914,lstick_y,7897
121917,rtrigger,32767
121917,lstick_x,-31150
121917,lstick_y,7897
121922,rtrigger,32767
121922,lstick_x,-31150
121922,lstick_y,7897
121929,rtrigger,32767
121929,lstick_x,-31150
121929,lstick_y,7897
121937,rtrigger,32767
121937,lstick_x,-31150
121937,lstick_y,7897
121947,rtrigger,32767
121947,lstick_x,-31150
121947,lstick_y,7897
121952,rtrigger,32767
121952,lstick_x,-31150
121952,lstick_y,7897
121960,rtrigger,32767
121960,lstick_x,-31150
121960,lstick_y,7897
121977,rtrigger,32767
121977,lstick_x,-31150
121977,lstick_y,7897
121986,rtrigger,32767
121986,lstick_x,-32174
121986,lstick_y,9648
121995,rtrigger,32767
121995,lstick_x,-32174
121995,lstick_y,9648
122003,rtrigger,32767
122003,lstick_x,-32174
122003,lstick_y,9648
122019,rtrigger,32767
122019,lstick_x,-32174
122019,lstick_y,9648
122031,rtrigger,32767
122031,lstick_x,-32174
122031,lstick_y,9648
122040,rtrigger,32767
122040,lstick_x,-32469
122040,lstick_y,10147
122051,rtrigger,32767
122051,lstick_x,-32469
122051,lstick_y,10147
122056,rtrigger,32767
122056,lstick_x,-32469
122056,lstick_y,10147
122064,rtrigger,32767
122064,lstick_x,-32469
122064,lstick_y,10147
122072,rtrigger,32767
122072,lstick_x,-32469
122072,lstick_y,10147
122080,rtrigger,32767
122080,lstick_x,-32469
122080,lstick_y,10147
122084,rtrigger,32767
122084,lstick_x,-32469
122084,lstick_y,10147
122090,rtrigger,32767
122090,lstick_x,-32469
122090,lstick_y,10147
122098,rtrigger,32767
122098,lstick_x,-32469
122098,lstick_y,10147
122111,rtrigger,32767
122111,lstick_x,-32469
122111,lstick_y,10147
122117,rtrigger,32767
122117,lstick_x,-32469
122117,lstick_y,10147
122120,rtrigger,32767
122120,lstick_x,-32469
122120,lstick_y,10147
122137,rtrigger,32767
122137,lstick_x,-32469
122137,lstick_y,10147
122149,rtrigger,32767
122149,lstick_x,-32469
122149,lstick_y,10147
122152,rtrigger,32767
122152,lstick_x,-32469
122152,lstick_y,10147
122156,rtrigger,32767
122156,lstick_x,-32568
122156,lstick_y,10415
122160,rtrigger,32767
122160,lstick_x,-32568
122160,lstick_y,10415
122169,rtrigger,32767
122169,lstick_x,-32568
122169,lstick_y,10415
122176,rtrigger,32767
122176,lstick_x,-32568
122176,lstick_y,10415
122195,rtrigger,32767
122195,lstick_x,-23534
122195,lstick_y,9462
122203,rtrigger,32767
122203,lstick_x,-23534
122203,lstick_y,9462
122208,rtrigger,32767
122208,lstick_x,-23534
122208,lstick_y,9462
122212,rtrigger,32767
122212,lstick_x,-13927
122212,lstick_y,6796
122216,rtrigger,32767
122216,lstick_x,-13927
122216,lstick_y,6796
122224,rtrigger,32767
122224,lstick_x,-13927
122224,lstick_y,6796
122227,rtrigger,32767
122227,lstick_x,-12900
122227,lstick_y,5882
122233,rtrigger,32767
122233,lstick_x,-12900
122233,lstick_y,5882
122241,rtrigger,32767
122241,lstick_x,-12900
122241,lstick_y,5882
122249,rtrigger,32767
122249,lstick_x,-12900
122249,lstick_y,5882
122256,rtrigger,32767
122256,lstick_x,-11662
122256,lstick_y,5008
122265,rtrigger,32767
122265,lstick_x,-11662
122265,lstick_y,5008
122272,rtrigger,32767
122272,lstick_x,-11662
122272,lstick_y,5008
122275,rtrigger,32767
122275,lstick_x,-11662
122275,lstick_y,5008
122286,rtrigger,32767
122286,lstick_x,-11662
122286,lstick_y,5008
122298,rtrigger,32767
122298,lstick_x,-11662
122298,lstick_y,5008
122304,rtrigger,32767
122304,lstick_x,-11662
122304,lstick_y,5008
122312,rtrigger,32767
122312,lstick_x,-11662
122312,lstick_y,5008
122328,rtrigger,32767
122328,lstick_x,-11662
122328,lstick_y,5008
122340,rtrigger,32767
122340,lstick_x,-11662
122340,lstick_y,5008
122343,rtrigger,32767
122343,lstick_x,-11662
122343,lstick_y,5008
122353,rtrigger,32767
122353,lstick_x,-11662
122353,lstick_y,5008
122367,rtrigger,32767
122367,lstick_x,-11662
122367,lstick_y,5008
122374,rtrigger,32767
122374,lstick_x,-11662
122374,lstick_y,5008
122383,rtrigger,32767
122383,lstick_x,-11662
122383,lstick_y,5008
122389,rtrigger,32767
122389,lstick_x,-11662
122389,lstick_y,5008
122393,rtrigger,32767
122393,lstick_x,-11662
122393,lstick_y,5008
122401,rtrigger,32767
122401,lstick_x,-11662
122401,lstick_y,5008
122406,rtrigger,32767
122406,lstick_x,-3049
122420,rtrigger,32767
122420,lstick_x,-3049
122427,rtrigger,32767
122427,lstick_x,-3049
122432,rtrigger,32767
122432,lstick_x,-2841
122439,rtrigger,32767
122439,lstick_x,-2681
122448,rtrigger,32767
122448,lstick_x,-2681
122456,rtrigger,32767
122456,lstick_x,-2725
122458,rtrigger,32767
122458,lstick_x,-2725
122461,rtrigger,32767
122461,lstick_x,-2725
122464,rtrigger,32767
122464,lstick_x,-2725
122474,rtrigger,32767
122474,lstick_x,-2725
122481,rtrigger,32767
122481,lstick_x,-2725
122492,rtrigger,32767
122492,lstick_x,-2725
122499,rtrigger,32767
122499,lstick_x,-2725
122505,rtrigger,32767
122505,lstick_x,-2725
122512,rtrigger,32767
122512,lstick_x,-2725
122531,rtrigger,32767
122531,lstick_x,-2725
122535,rtrigger,32767
122535,lstick_x,-23207
122535,lstick_y,3618
122553,rtrigger,32767
122553,lstick_x,-23207
122553,lstick_y,3618
122566,rtrigger,32767
122566,lstick_x,-23207
122566,lstick_y,3618
122574,rtrigger,32767
122574,lstick_x,-23207
122574,lstick_y,3618
122587,rtrigger,32767
122587,lstick_x,-23207
122587,lstick_y,3618
122593,rtrigger,32767
122593,lstick_x,-32424
122593,lstick_y,7510
122599,rtrigger,32767
122599,lstick_x,-32424
122599,lstick_y,7510
122608,rtrigger,32767
122608,lstick_x,-32424
122608,lstick_y,7510
122620,rtrigger,32767
122620,lstick_x,-32424
122620,lstick_y,7510
122626,rtrigger,32767
122626,lstick_x,-32424
122626,lstick_y,7510
122632,rtrigger,32767
122632,lstick_x,-32424
122632,lstick_y,7510
122639,rtrigger,32767
122639,lstick_x,-32588
122639,lstick_y,8850
122645,rtrigger,32767
122645,lstick_x,-32651
122645,lstick_y,9349
122648,rtrigger,32767
122648,lstick_x,-32651
122648,lstick_y,9349
122655,rtrigger,32767
122655,lstick_x,-32651
122655,lstick_y,9349
122660,rtrigger,32767
122660,lstick_x,-32651
122660,lstick_y,9349
122666,rtrigger,32767
122666,lstick_x,-32651
122666,lstick_y,9349
122673,rtrigger,32767
122673,lstick_x,-32651
122673,lstick_y,9349
122685,rtrigger,32767
122685,lstick_x,-32651
122685,lstick_y,9349
122693,rtrigger,32767
122693,lstick_x,-32651
122693,lstick_y,9349
122696,rtrigger,32767
122696,lstick_x,-32651
122696,lstick_y,9349
122709,rtrigger,32767
122709,lstick_x,-32651
122709,lstick_y,9349
122723,rtrigger,32767
122723,lstick_x,-32651
122723,lstick_y,9349
122727,rtrigger,32767
122727,lstick_x,-32691
122727,lstick_y,9873
122731,rtrigger,32767
122731,lstick_x,-32691
122731,lstick_y,9873
122767,rtrigger,32767
122767,lstick_x,-32691
122767,lstick_y,9873
122776,rtrigger,32767
122776,lstick_x,-32691
122776,lstick_y,9873
122783,rtrigger,32767
122783,lstick_x,-32747
122783,lstick_y,10117
122789,rtrigger,32767
122789,lstick_x,-32747
122789,lstick_y,10117
122793,rtrigger,32767
122793,lstick_x,-32747
122793,lstick_y,10117
122800,rtrigger,32767
122800,lstick_x,-32747
122800,lstick_y,10117
122806,rtrigger,32767
122806,lstick_x,-32747
122806,lstick_y,10117
122816,rtrigger,32767
122816,lstick_x,-32747
122816,lstick_y,10117
122969,rtrigger,32767
122969,lstick_x,-32747
122969,lstick_y,10117
122976,rtrigger,32767
122976,lstick_x,-32747
122976,lstick_y,10117
122984,rtrigger,32767
122984,lstick_x,-32747
122984,lstick_y,10117
122994,rtrigger,32767
122994,lstick_x,-32747
122994,lstick_y,10117
123000,rtrigger,32767
123000,lstick_x,-32747
123000,lstick_y,10117
123008,rtrigger,32767
123008,lstick_x,-32747
123008,lstick_y,10117
123019,rtrigger,32767
123019,lstick_x,-32747
123019,lstick_y,10117
123024,rtrigger,32767
123024,lstick_x,-32747
123024,lstick_y,10117
123035,rtrigger,32767
123035,lstick_x,-32747
123035,lstick_y,10117
123043,rtrigger,32767
123043,lstick_x,-32747
123043,lstick_y,10117
123052,rtrigger,32767
123052,lstick_x,-32747
123052,lstick_y,10117
123056,rtrigger,32767
123056,lstick_x,-32747
123056,lstick_y,10117
123073,rtrigger,32767
123073,lstick_x,-4050
123073,lstick_y,3344
123081,rtrigger,32767
123081,lstick_x,-3288
123081,lstick_y,2329
123099,rtrigger,32767
123099,lstick_x,-3288
123099,lstick_y,2329
123112,rtrigger,32767
123112,lstick_x,-3288
123112,lstick_y,2329
123115,rtrigger,32767
123115,lstick_x,-2581
123115,lstick_y,1442
123121,rtrigger,32767
123121,lstick_x,-2581
123121,lstick_y,1442
123128,rtrigger,32767
123128,lstick_x,-2581
123128,lstick_y,1442
123139,rtrigger,32767
123139,lstick_x,-2581
123139,lstick_y,1442
123143,rtrigger,32767
123143,lstick_x,-2431
123143,lstick_y,1252
123152,rtrigger,32767
123152,lstick_x,-2431
123152,lstick_y,1252
123159,rtrigger,32767
123159,lstick_x,-2431
123159,lstick_y,1252
123162,rtrigger,32767
123162,lstick_x,-2431
123162,lstick_y,1252
123166,rtrigger,32767
123166,lstick_x,-2431
123166,lstick_y,1252
123173,rtrigger,32767
123173,lstick_x,-2431
123173,lstick_y,1252
123190,rtrigger,32767
123190,lstick_x,-2431
123190,lstick_y,1252
123196,rtrigger,32767
123196,lstick_x,-2431
123196,lstick_y,1252
123202,rtrigger,32767
123202,lstick_x,-2431
123202,lstick_y,1252
123215,rtrigger,32767
123215,lstick_x,-2431
123215,lstick_y,1252
123220,rtrigger,32767
123220,lstick_x,-2431
123220,lstick_y,1252
123224,rtrigger,32767
123224,lstick_x,-2431
123224,lstick_y,1252
123234,rtrigger,32767
123234,lstick_x,-2020
123264,rtrigger,32767
123264,lstick_x,-2020
123282,rtrigger,32767
123282,lstick_x,-2020
123285,rtrigger,32767
123285,lstick_x,-2838
123292,rtrigger,32767
123292,lstick_x,-2838
123296,rtrigger,32767
123296,lstick_x,-2838
123301,rtrigger,32767
123301,lstick_x,-11859
123301,lstick_y,1362
123304,rtrigger,32767
123304,lstick_x,-11859
123304,lstick_y,1362
123308,rtrigger,32767
123308,lstick_x,-18575
123308,lstick_y,2313
123312,rtrigger,32767
123312,lstick_x,-18575
123312,lstick_y,2313
123320,rtrigger,32767
123320,lstick_x,-18575
123320,lstick_y,2313
123328,rtrigger,32767
123328,lstick_x,-18575
123328,lstick_y,2313
123332,rtrigger,32767
123332,lstick_x,-18575
123332,lstick_y,2313
123336,rtrigger,32767
123336,lstick_x,-18575
123336,lstick_y,2313
123343,rtrigger,32767
123343,lstick_x,-18575
123343,lstick_y,2313
123346,rtrigger,32767
123346,lstick_x,-18575
123346,lstick_y,2313
123362,rtrigger,32767
123362,lstick_x,-18575
123362,lstick_y,2313
123368,rtrigger,32767
123368,lstick_x,-18575
123368,lstick_y,2313
123372,rtrigger,32767
123372,lstick_x,-18575
123372,lstick_y,2313
123376,rtrigger,32767
123376,lstick_x,-18575
123376,lstick_y,2313
123389,rtrigger,32767
123389,lstick_x,-18575
123389,lstick_y,2313
123399,rtrigger,32767
123399,lstick_x,-18575
123399,lstick_y,2313
123405,rtrigger,32767
123405,lstick_x,-18575
123405,lstick_y,2313
123408,rtrigger,32767
123408,lstick_x,-18575
123408,lstick_y,2313
123412,rtrigger,32767
123412,lstick_x,-30062
123412,lstick_y,7348
123423,rtrigger,32767
123423,lstick_x,-30062
123423,lstick_y,7348
123428,rtrigger,32767
123428,lstick_x,-31350
123428,lstick_y,8842
123432,rtrigger,32767
123432,lstick_x,-31350
123432,lstick_y,8842
123440,rtrigger,32767
123440,lstick_x,-31350
123440,lstick_y,8842
123458,rtrigger,32767
123458,lstick_x,-31350
123458,lstick_y,8842
123461,rtrigger,32767
123461,lstick_x,-31836
123461,lstick_y,9406
123465,rtrigger,32767
123465,lstick_x,-31836
123465,lstick_y,9406
123473,rtrigger,32767
123473,lstick_x,-32009
123473,lstick_y,9606
123483,rtrigger,32767
123483,lstick_x,-32009
123483,lstick_y,9606
123488,rtrigger,32767
123488,lstick_x,-32009
123488,lstick_y,9606
123494,rtrigger,32767
123494,lstick_x,-32148
123494,lstick_y,9766
123498,rtrigger,32767
123498,lstick_x,-32148
123498,lstick_y,9766
123504,rtrigger,32767
123504,lstick_x,-32148
123504,lstick_y,9766
123513,rtrigger,32767
123513,lstick_x,-32148
123513,lstick_y,9766
123520,rtrigger,32767
123520,lstick_x,-32148
123520,lstick_y,9766
123523,rtrigger,32767
123523,lstick_x,-32148
123523,lstick_y,9766
123526,rtrigger,32767
123526,lstick_x,-32148
123526,lstick_y,9766
123529,rtrigger,32767
123529,lstick_x,-32148
123529,lstick_y,9766
123536,rtrigger,32767
123536,lstick_x,-32148
123536,lstick_y,9766
123544,rtrigger,32767
123544,lstick_x,-32148
123544,lstick_y,9766
123554,rtrigger,32767
123554,lstick_x,-32148
123554,lstick_y,9766
123560,rtrigger,32767
123560,lstick_x,-32148
123560,lstick_y,9766
123570,rtrigger,32767
123570,lstick_x,-32148
123570,lstick_y,9766
123576,rtrigger,32767
123576,lstick_x,-32148
123576,lstick_y,9766
123584,rtrigger,32767
123584,lstick_x,-32148
123584,lstick_y,9766
123593,rtrigger,32767
123593,lstick_x,-32401
123593,lstick_y,10153
123607,rtrigger,32767
123607,lstick_x,-32401
123607,lstick_y,10153
123631,rtrigger,32767
123631,lstick_x,-32401
123631,lstick_y,10153
123641,rtrigger,32767
123641,lstick_x,-32401
123641,lstick_y,10153
123645,rtrigger,32767
123645,lstick_x,-32534
123645,lstick_y,10193
123648,rtrigger,32767
123648,lstick_x,-32534
123648,lstick_y,10193
123657,rtrigger,32767
123657,lstick_x,-32534
123657,lstick_y,10193
123666,rtrigger,32767
123666,lstick_x,-32534
123666,lstick_y,10193
123672,rtrigger,32767
123672,lstick_x,-32534
123672,lstick_y,10193
123680,rtrigger,32767
123680,lstick_x,-32534
123680,lstick_y,10193
123688,rtrigger,32767
123688,lstick_x,-32534
123688,lstick_y,10193
123691,rtrigger,32767
123691,lstick_x,-32534
123691,lstick_y,10193
123695,rtrigger,32767
123695,lstick_x,-32534
123695,lstick_y,10193
123700,rtrigger,32767
123700,lstick_x,-32534
123700,lstick_y,10193
123704,rtrigger,32767
123704,lstick_x,-32534
123704,lstick_y,10193
123717,rtrigger,32767
123717,lstick_x,-32534
123717,lstick_y,10193
123720,rtrigger,32767
123720,lstick_x,-32534
123720,lstick_y,10193
123730,rtrigger,32767
123730,lstick_x,-32534
123730,lstick_y,10193
123739,rtrigger,32767
123739,lstick_x,-32534
123739,lstick_y,10193
123746,rtrigger,32767
123746,lstick_x,-32534
123746,lstick_y,10193
123752,rtrigger,32767
123752,lstick_x,-32534
123752,lstick_y,10193
123761,rtrigger,32767
123761,lstick_x,-32534
123761,lstick_y,10193
123776,rtrigger,32767
123776,lstick_x,-32686
123776,lstick_y,10250
123784,rtrigger,32767
123784,lstick_x,-32686
123784,lstick_y,10250
123799,rtrigger,32767
123799,lstick_x,-32686
123799,lstick_y,10250
123808,rtrigger,32767
123808,lstick_x,-32686
123808,lstick_y,10250
123818,rtrigger,32767
123818,lstick_x,-32686
123818,lstick_y,10250
123823,rtrigger,32767
123823,lstick_x,-32742
123823,lstick_y,10250
123836,rtrigger,32767
123836,lstick_x,-32742
123836,lstick_y,10250
123840,rtrigger,32767
123840,lstick_x,-32742
123840,lstick_y,10250
123849,rtrigger,32767
123849,lstick_x,-32742
123849,lstick_y,10250
123856,rtrigger,32767
123856,lstick_x,-32742
123856,lstick_y,10250
123860,rtrigger,32767
123860,lstick_x,-32742
123860,lstick_y,10250
123864,rtrigger,32767
123864,lstick_x,-32742
123864,lstick_y,10250
123867,rtrigger,32767
123867,lstick_x,-32742
123867,lstick_y,10250
123872,rtrigger,32767
123872,lstick_x,-32742
123872,lstick_y,10250
123875,rtrigger,32767
123875,lstick_x,-32742
123875,lstick_y,10250
123882,rtrigger,32767
123882,lstick_x,-32742
123882,lstick_y,10250
123888,rtrigger,32767
123888,lstick_x,-32742
123888,lstick_y,10250
123899,rtrigger,32767
123899,lstick_x,-32742
123899,lstick_y,10250
123909,rtrigger,32767
123909,lstick_x,-32742
123909,lstick_y,10250
123912,rtrigger,32767
123912,lstick_x,-32742
123912,lstick_y,10250
123930,rtrigger,32767
123930,lstick_x,-32742
123930,lstick_y,10250
123937,rtrigger,32767
123937,lstick_x,-32742
123937,lstick_y,10250
123944,rtrigger,32767
123944,lstick_x,-21129
123944,lstick_y,9300
123965,rtrigger,32767
123965,lstick_x,-21129
123965,lstick_y,9300
123969,rtrigger,32767
123969,lstick_x,-21129
123969,lstick_y,9300
123974,rtrigger,32767
123974,lstick_x,-4005
123974,lstick_y,4604
123986,rtrigger,32767
123986,lstick_x,-4005
123986,lstick_y,4604
123997,rtrigger,32767
123997,lstick_x,-4005
123997,lstick_y,4604
124000,rtrigger,32767
124000,lstick_x,-4005
124000,lstick_y,4604
124007,rtrigger,32767
124007,lstick_x,-3279
124007,lstick_y,2996
124016,rtrigger,32767
124016,lstick_x,-3279
124016,lstick_y,2996
124024,rtrigger,32767
124024,lstick_x,-3279
124024,lstick_y,2996
124032,rtrigger,32767
124032,lstick_x,-3279
124032,lstick_y,2996
124040,rtrigger,32767
124040,lstick_x,-3279
124040,lstick_y,2996
124044,rtrigger,32767
124044,lstick_x,-3279
124044,lstick_y,2996
124054,rtrigger,32767
124054,lstick_x,-3279
124054,lstick_y,2996
124064,rtrigger,32767
124064,lstick_x,-3279
124064,lstick_y,2996
124072,rtrigger,32767
124072,lstick_x,-3279
124072,lstick_y,2996
124080,rtrigger,32767
124080,lstick_x,-3279
124080,lstick_y,2996
124089,rtrigger,32767
124089,lstick_x,-3279
124089,lstick_y,2996
124098,rtrigger,32767
124098,lstick_x,-3279
124098,lstick_y,2996
124110,rtrigger,32767
124110,lstick_x,-3279
124110,lstick_y,2996
124114,rtrigger,32767
124114,lstick_x,-2250
124136,rtrigger,32767
124136,lstick_x,-2250
124163,rtrigger,32767
124163,lstick_x,-2250
124168,rtrigger,32767
124168,lstick_x,-2250
124174,rtrigger,32767
124174,lstick_x,-2002
124184,rtrigger,32767
124184,lstick_x,-1974
124195,rtrigger,32767
124195,lstick_x,-1974
124200,rtrigger,32767
124200,lstick_x,-1974
124208,rtrigger,32767
124208,lstick_x,-1974
124213,rtrigger,32767
124213,lstick_x,-1974
124216,rtrigger,32767
124216,lstick_x,-1974
124222,rtrigger,32767
124222,lstick_x,-1974
124225,rtrigger,32767
124225,lstick_x,-1974
124230,rtrigger,32767
124230,lstick_x,-1974
124239,rtrigger,32767
124239,lstick_x,-1974
124252,rtrigger,32767
124252,lstick_x,-1974
124261,rtrigger,32767
124261,lstick_x,-1974
124266,rtrigger,32767
124266,lstick_x,-1974
124272,rtrigger,32767
124272,lstick_x,-1974
124282,rtrigger,32767
124282,lstick_x,-1974
124290,rtrigger,32767
124290,lstick_x,-1974
124298,rtrigger,32767
124298,lstick_x,-2087
124318,rtrigger,32767
124318,lstick_x,-2087
124330,rtrigger,32767
124330,lstick_x,-2087
124336,rtrigger,32767
124336,lstick_x,-2087
124346,rtrigger,32767
124346,lstick_x,-2087
124352,rtrigger,32767
124352,lstick_x,-2087
124358,rtrigger,32767
124358,lstick_x,-27803
124358,lstick_y,10666
124363,rtrigger,32767
124363,lstick_x,-27803
124363,lstick_y,10666
124371,rtrigger,32767
124371,lstick_x,-27803
124371,lstick_y,10666
124377,rtrigger,32767
124377,lstick_x,-27803
124377,lstick_y,10666
124384,rtrigger,32767
124384,lstick_x,-28765
124384,lstick_y,10712
124392,rtrigger,32767
124392,lstick_x,-28765
124392,lstick_y,10712
124398,rtrigger,32767
124398,lstick_x,-28765
124398,lstick_y,10712
124406,rtrigger,32767
124406,lstick_x,-28765
124406,lstick_y,10712
124413,rtrigger,32767
124413,lstick_x,-28765
124413,lstick_y,10712
124426,rtrigger,32767
124426,lstick_x,-28765
124426,lstick_y,10712
124434,rtrigger,32767
124434,lstick_x,-28765
124434,lstick_y,10712
124440,rtrigger,32767
124440,lstick_x,-28765
124440,lstick_y,10712
124454,rtrigger,32767
124454,lstick_x,-28765
124454,lstick_y,10712
124469,rtrigger,32767
124469,lstick_x,-28765
124469,lstick_y,10712
124476,rtrigger,32767
124476,lstick_x,-31045
124476,lstick_y,10819
124511,rtrigger,32767
124511,lstick_x,-31045
124511,lstick_y,10819
124523,rtrigger,32767
124523,lstick_x,-31045
124523,lstick_y,10819
124529,rtrigger,32767
124529,lstick_x,-32209
124529,lstick_y,10875
124534,rtrigger,32767
124534,lstick_x,-32209
124534,lstick_y,10875
124536,rtrigger,32767
124536,lstick_x,-32209
124536,lstick_y,10875
124541,rtrigger,32767
124541,lstick_x,-32296
124541,lstick_y,10875
124544,rtrigger,32767
124544,lstick_x,-32296
124544,lstick_y,10875
124552,rtrigger,32767
124552,lstick_x,-32296
124552,lstick_y,10875
124560,rtrigger,32767
124560,lstick_x,-32296
124560,lstick_y,10875
124568,rtrigger,32767
124568,lstick_x,-32296
124568,lstick_y,10875
124576,rtrigger,32767
124576,lstick_x,-32296
124576,lstick_y,10875
124579,rtrigger,32767
124579,lstick_x,-32296
124579,lstick_y,10875
124582,rtrigger,32767
124582,lstick_x,-32296
124582,lstick_y,10875
124591,rtrigger,32767
124591,lstick_x,-32296
124591,lstick_y,10875
124608,rtrigger,32767
124608,lstick_x,-32296
124608,lstick_y,10875
124617,rtrigger,32767
124617,lstick_x,-32296
124617,lstick_y,10875
124633,rtrigger,32767
124633,lstick_x,-32296
124633,lstick_y,10875
124646,rtrigger,32767
124646,lstick_x,-32296
124646,lstick_y,10875
124649,rtrigger,32767
124649,lstick_x,-32296
124649,lstick_y,10875
124660,rtrigger,32767
124660,lstick_x,-32522
124660,lstick_y,10875
124664,rtrigger,32767
124664,lstick_x,-32522
124664,lstick_y,10875
124691,rtrigger,32767
124691,lstick_x,-32522
124691,lstick_y,10875
124706,rtrigger,32767
124706,lstick_x,-32597
124706,lstick_y,10875
124713,rtrigger,32767
124713,lstick_x,-32597
124713,lstick_y,10875
124717,rtrigger,32767
124717,lstick_x,-32597
124717,lstick_y,10875
124720,rtrigger,32767
124720,lstick_x,-32597
124720,lstick_y,10875
124723,rtrigger,32767
124723,lstick_x,-32597
124723,lstick_y,10875
124729,rtrigger,32767
124729,lstick_x,-32597
124729,lstick_y,10875
124735,rtrigger,32767
124735,lstick_x,-32597
124735,lstick_y,10875
124739,rtrigger,32767
124739,lstick_x,-32597
124739,lstick_y,10875
124742,rtrigger,32767
124742,lstick_x,-32597
124742,lstick_y,10875
124752,rtrigger,32767
124752,lstick_x,-32597
124752,lstick_y,10875
124760,rtrigger,32767
124760,lstick_x,-32597
124760,lstick_y,10875
124763,rtrigger,32767
124763,lstick_x,-32597
124763,lstick_y,10875
124767,rtrigger,32767
124767,lstick_x,-32597
124767,lstick_y,10875
124773,rtrigger,32767
124773,lstick_x,-32597
124773,lstick_y,10875
124776,rtrigger,32767
124776,lstick_x,-32597
124776,lstick_y,10875
124790,rtrigger,32767
124790,lstick_x,-32597
124790,lstick_y,10875
124799,rtrigger,32767
124799,lstick_x,-32597
124799,lstick_y,10875
124802,rtrigger,32767
124802,lstick_x,-32597
124802,lstick_y,10875
124808,rtrigger,32767
124808,lstick_x,-32597
124808,lstick_y,10875
124832,rtrigger,32767
124832,lstick_x,-32597
124832,lstick_y,10875
124841,rtrigger,32767
124841,lstick_x,-32024
124841,lstick_y,10666
124844,rtrigger,32767
124844,lstick_x,-23714
124844,lstick_y,9359
124853,rtrigger,32767
124853,lstick_x,-23714
124853,lstick_y,9359
124861,rtrigger,32767
124861,lstick_x,-23714
124861,lstick_y,9359
124868,rtrigger,32767
124868,lstick_x,-23714
124868,lstick_y,9359
124889,rtrigger,32767
124889,lstick_x,-23714
124889,lstick_y,9359
124896,rtrigger,32767
124896,lstick_x,-23714
124896,lstick_y,9359
124905,rtrigger,32767
124905,lstick_x,-23714
124905,lstick_y,9359
124913,rtrigger,32767
124913,lstick_x,-11262
124913,lstick_y,5127
124921,rtrigger,32767
124921,lstick_x,-11262
124921,lstick_y,5127
124928,rtrigger,32767
124928,lstick_x,-11262
124928,lstick_y,5127
124936,rtrigger,32767
124936,lstick_x,-11262
124936,lstick_y,5127
124940,rtrigger,32767
124940,lstick_x,-10053
124940,lstick_y,4522
124944,rtrigger,32767
124944,lstick_x,-10053
124944,lstick_y,4522
124950,rtrigger,32767
124950,lstick_x,-10053
124950,lstick_y,4522
124956,rtrigger,32767
124956,lstick_x,-10053
124956,lstick_y,4522
124958,rtrigger,32767
124958,lstick_x,-10053
124958,lstick_y,4522
124962,rtrigger,32767
124962,lstick_x,-10053
124962,lstick_y,4522
124965,rtrigger,32767
124965,lstick_x,-10053
124965,lstick_y,4522
124973,rtrigger,32767
124973,lstick_x,-10053
124973,lstick_y,4522
124979,rtrigger,32767
124979,lstick_x,-10053
124979,lstick_y,4522
124990,rtrigger,32767
124990,lstick_x,-10053
124990,lstick_y,4522
125000,rtrigger,32767
125000,lstick_x,-10053
125000,lstick_y,4522
125008,rtrigger,32767
125008,lstick_x,-10053
125008,lstick_y,4522
125017,rtrigger,32767
125017,lstick_x,-10053
125017,lstick_y,4522
125035,rtrigger,32767
125035,lstick_x,-10053
125035,lstick_y,4522
125041,rtrigger,32767
125041,lstick_x,-3734
125041,lstick_y,1845
125050,rtrigger,32767
125050,lstick_x,-3734
125050,lstick_y,1845
125083,rtrigger,32767
125083,lstick_x,-3734
125083,lstick_y,1845
125097,rtrigger,32767
125097,lstick_x,-3734
125097,lstick_y,1845
125102,rtrigger,32767
125102,lstick_x,-2408
125102,lstick_y,1312
125105,rtrigger,32767
125105,lstick_x,-2408
125105,lstick_y,1312
125113,rtrigger,32767
125113,lstick_x,-2408
125113,lstick_y,1312
125121,rtrigger,32767
125121,lstick_x,-2408
125121,lstick_y,1312
125128,rtrigger,32767
125128,lstick_x,-2408
125128,lstick_y,1312
125194,rtrigger,32767
125194,lstick_x,-2408
125194,lstick_y,1312
125202,rtrigger,32767
125202,lstick_x,-2408
125202,lstick_y,1312
125208,rtrigger,32767
125208,lstick_x,-2408
125208,lstick_y,1312
125211,rtrigger,32767
125211,lstick_x,-2408
125211,lstick_y,1312
125221,rtrigger,32767
125221,lstick_x,-2408
125221,lstick_y,1312
125224,rtrigger,32767
125224,lstick_x,-2408
125224,lstick_y,1312
125244,rtrigger,32767
125244,lstick_x,-2408
125244,lstick_y,1312
125248,rtrigger,32767
125248,lstick_x,-1812
125248,lstick_y,1105
125257,rtrigger,32767
125257,lstick_x,-1812
125257,lstick_y,1105
125283,rtrigger,32767
125283,lstick_x,-1812
125283,lstick_y,1105
125289,rtrigger,32767
125289,lstick_x,-1812
125289,lstick_y,1105
125293,rtrigger,32767
125293,lstick_x,-1701
125293,lstick_y,1042
125296,rtrigger,32767
125296,lstick_x,-1701
125296,lstick_y,1042
125318,rtrigger,32767
125318,lstick_x,-1701
125318,lstick_y,1042
125322,rtrigger,32767
125322,lstick_x,-1701
125322,lstick_y,1042
125331,rtrigger,32767
125331,lstick_x,-1701
125331,lstick_y,1042
125342,rtrigger,32767
125342,lstick_x,-1701
125342,lstick_y,1042
125347,rtrigger,32767
125347,lstick_x,-1701
125347,lstick_y,1042
125353,rtrigger,32767
125353,lstick_x,-1701
125353,lstick_y,1042
125357,rtrigger,32767
125357,lstick_x,-1669
125360,rtrigger,32767
125360,lstick_x,-1669
125368,rtrigger,32767
125368,lstick_x,-1669
125376,rtrigger,32767
125376,lstick_x,-1669
125384,rtrigger,32767
125384,lstick_x,-1669
125392,rtrigger,32767
125392,lstick_x,-1669
125398,rtrigger,32767
125398,lstick_x,-1669
125406,rtrigger,32767
125406,lstick_x,-1669
125410,rtrigger,32767
125410,lstick_x,-1669
125420,rtrigger,32767
125420,lstick_x,-1669
125431,rtrigger,32767
125431,lstick_x,-1669
125442,rtrigger,32767
125442,lstick_x,-1669
125448,rtrigger,32767
125448,lstick_x,-1669
125458,rtrigger,32767
125458,lstick_x,-1669
125465,rtrigger,32767
125465,lstick_x,-1669
125472,rtrigger,32767
125472,lstick_x,-1669
125478,rtrigger,32767
125478,lstick_x,-1669
125519,rtrigger,32767
125519,lstick_x,-1669
125527,rtrigger,32767
125527,lstick_x,-1669
125536,rtrigger,32767
125536,lstick_x,-1669
125542,rtrigger,32767
125542,lstick_x,-1669
125545,rtrigger,32767
125545,lstick_x,-1669
125549,rtrigger,32767
125549,lstick_x,-1669
125556,rtrigger,32767
125556,lstick_x,-1669
125561,rtrigger,32767
125561,lstick_x,-1669
125570,rtrigger,32767
125570,lstick_x,-1669
125576,rtrigger,32767
125576,lstick_x,-1669
125584,rtrigger,32767
125584,lstick_x,-1669
125589,rtrigger,32767
125589,lstick_x,-1669
125592,rtrigger,32767
125592,lstick_x,-1669
125595,rtrigger,32767
125595,lstick_x,-1669
125598,rtrigger,32767
125598,lstick_x,-1669
125608,rtrigger,32767
125608,lstick_x,-1669
125620,rtrigger,32767
125620,lstick_x,-1669
125624,rtrigger,32767
125624,lstick_x,-1669
125632,rtrigger,32767
125632,lstick_x,-1669
125649,rtrigger,32767
125649,lstick_x,-1669
125661,rtrigger,32767
125661,lstick_x,-1669
125664,rtrigger,32767
125664,lstick_x,-1669
125684,rtrigger,32767
125684,lstick_x,-1669
125702,rtrigger,32767
125702,lstick_x,-1669
125708,rtrigger,32767
125708,lstick_x,-1669
125712,rtrigger,32767
125712,lstick_x,-1669
125721,rtrigger,32767
125721,lstick_x,-1669
125730,rtrigger,32767
125730,lstick_x,-1669
125739,rtrigger,32767
125739,lstick_x,-1669
125743,rtrigger,32767
125743,lstick_x,-1669
125746,rtrigger,32767
125746,lstick_x,-1669
125752,rtrigger,32767
125752,lstick_x,-1669
125760,rtrigger,32767
125760,lstick_x,-1669
125769,rtrigger,32767
125769,lstick_x,-1669
125775,rtrigger,32767
125775,lstick_x,-1669
125784,rtrigger,32767
125784,lstick_x,-1669
125793,rtrigger,32767
125793,lstick_x,-1669
125799,rtrigger,32767
125799,lstick_x,-1669
125821,rtrigger,32767
125821,lstick_x,-1669
125825,rtrigger,32767
125825,lstick_x,-1669
125876,rtrigger,32767
125876,lstick_x,-1669
125891,rtrigger,32767
125891,lstick_x,-1669
125918,rtrigger,32767
125918,lstick_x,-1669
125928,rtrigger,32767
125928,lstick_x,-1669
125936,rtrigger,32767
125936,lstick_x,-1669
125945,rtrigger,32767
125945,lstick_x,-1669
125968,rtrigger,32767
125968,lstick_x,-1669
126024,rtrigger,32767
126024,lstick_x,-1669
126058,rtrigger,32767
126058,lstick_x,-1669
126066,rtrigger,32767
126066,lstick_x,-1669
126081,rtrigger,32767
126081,lstick_x,-1669
126088,rtrigger,32767
126088,lstick_x,-1669
126092,rtrigger,32767
126092,lstick_x,-1669
126099,rtrigger,32767
126099,lstick_x,-1669
126104,rtrigger,32767
126104,lstick_x,-1669
126112,rtrigger,32767
126112,lstick_x,-1669
126125,rtrigger,32767
126125,lstick_x,-1669
126128,rtrigger,32767
126128,lstick_x,-1669
126138,rtrigger,32767
126138,lstick_x,-1669
126148,rtrigger,32767
126148,lstick_x,-1669
126157,rtrigger,32767
126157,lstick_x,-1669
126162,rtrigger,32767
126162,lstick_x,-1669
126168,rtrigger,32767
126168,lstick_x,-1669
126176,rtrigger,32767
126176,lstick_x,-1669
126184,rtrigger,32767
126184,lstick_x,-1669
126197,rtrigger,32767
126197,lstick_x,-1669
126211,rtrigger,32767
126211,lstick_x,-1669
126217,rtrigger,32767
126217,lstick_x,-1669
126256,rtrigger,32767
126256,lstick_x,-1669
126273,rtrigger,32767
126273,lstick_x,-1669
126280,rtrigger,32767
126280,lstick_x,-1669
126288,rtrigger,32767
126288,lstick_x,-1669
126316,rtrigger,32767
126316,lstick_x,-1669
126321,rtrigger,32767
126321,lstick_x,-1669
126331,rtrigger,32767
126331,lstick_x,-1669
126336,rtrigger,32767
126336,lstick_x,-1669
126344,rtrigger,32767
126344,lstick_x,-1669
126358,rtrigger,32767
126358,lstick_x,-1669
126371,rtrigger,32767
126371,lstick_x,-1669
126376,rtrigger,32767
126376,lstick_x,-1669
126384,rtrigger,32767
126384,lstick_x,-1669
126392,rtrigger,32767
126392,lstick_x,-1669
126400,rtrigger,32767
126400,lstick_x,-1669
126406,rtrigger,32767
126406,lstick_x,-1669
126418,rtrigger,32767
126418,lstick_x,-1669
126424,rtrigger,32767
126424,lstick_x,-1669
126432,rtrigger,32767
126432,lstick_x,-1669
126440,rtrigger,32767
126440,lstick_x,-1669
126448,rtrigger,32767
126448,lstick_x,-1669
126456,rtrigger,32767
126456,lstick_x,-1669
126459,rtrigger,32767
126459,lstick_x,-1669
126462,rtrigger,32767
126462,lstick_x,-1669
126468,rtrigger,32767
126468,lstick_x,-1669
126474,rtrigger,32767
126474,lstick_x,-1669
126480,rtrigger,32767
126480,lstick_x,-1669
126491,rtrigger,32767
126491,lstick_x,-1669
126496,rtrigger,32767
126496,lstick_x,-1669
126514,rtrigger,32767
126514,lstick_x,-1669
126517,rtrigger,32767
126517,lstick_x,-1669
126523,rtrigger,32767
126523,lstick_x,-1669
126537,rtrigger,32767
126537,lstick_x,-1669
126540,rtrigger,32767
126540,lstick_x,-1669
126544,rtrigger,32767
126544,lstick_x,-1669
126556,rtrigger,32767
126556,lstick_x,-1669
126571,rtrigger,32767
126571,lstick_x,-1669
126576,rtrigger,32767
126576,lstick_x,-1669
126605,rtrigger,32767
126605,lstick_x,-1669
126611,rtrigger,32767
126611,lstick_x,-1669
126615,rtrigger,32767
126615,lstick_x,-1669
126623,rtrigger,32767
126623,lstick_x,-1669
126632,rtrigger,32767
126632,lstick_x,-1669
126640,rtrigger,32767
126640,lstick_x,-1669
126650,rtrigger,32767
126650,lstick_x,-1669
126656,rtrigger,32767
126656,lstick_x,-1669
126664,rtrigger,32767
126664,lstick_x,-1669
126667,rtrigger,32767
126667,lstick_x,-1669
126672,rtrigger,32767
126672,lstick_x,-1669
126675,rtrigger,32767
126675,lstick_x,-1669
126682,rtrigger,32767
126682,lstick_x,-1669
126698,rtrigger,32767
126698,lstick_x,-1669
126706,rtrigger,32767
126706,lstick_x,-1669
126712,rtrigger,32767
126712,lstick_x,-1669
126726,rtrigger,32767
126726,lstick_x,-1669
126734,rtrigger,32767
126734,lstick_x,-1669
126745,rtrigger,32767
126745,lstick_x,-1669
126748,rtrigger,32767
126748,lstick_x,-1669
126752,rtrigger,32767
126752,lstick_x,-1669
126770,rtrigger,32767
126770,lstick_x,-1669
126794,rtrigger,32767
126794,lstick_x,-1669
126800,rtrigger,32767
126800,lstick_x,-1669
126808,rtrigger,32767
126808,lstick_x,-1669
126817,rtrigger,32767
126817,lstick_x,-1669
126823,rtrigger,32767
126823,lstick_x,-1669
126832,rtrigger,32767
126832,lstick_x,-1669
126841,rtrigger,32767
126841,lstick_x,-1669
126848,rtrigger,32767
126848,lstick_x,-1669
126856,rtrigger,32767
126856,lstick_x,-1669
126864,rtrigger,32767
126864,lstick_x,-1669
126867,rtrigger,32767
126867,lstick_x,-1669
126880,rtrigger,32767
126880,lstick_x,-1669
126891,rtrigger,32767
126891,lstick_x,-1669
126900,rtrigger,32767
126900,lstick_x,-1669
126904,rtrigger,32767
126904,lstick_x,-1669
126914,rtrigger,32767
126914,lstick_x,-1669
126921,rtrigger,32767
126921,lstick_x,-1669
126931,rtrigger,32767
126931,lstick_x,-1669
126939,rtrigger,32767
126939,lstick_x,-1669
126953,rtrigger,32767
126953,lstick_x,-1669
126968,rtrigger,32767
126968,lstick_x,-1669
126976,rtrigger,32767
126976,lstick_x,-1669
126985,rtrigger,32767
126985,lstick_x,-1669
126992,rtrigger,32767
126992,lstick_x,-1669
127006,rtrigger,32767
127006,lstick_x,-1669
127011,rtrigger,32767
127011,lstick_x,-1669
127018,rtrigger,32767
127018,lstick_x,-1669
127024,rtrigger,32767
127024,lstick_x,-1669
127032,rtrigger,32767
127032,lstick_x,-1669
127045,rtrigger,32767
127045,lstick_x,-1669
127050,rtrigger,32767
127050,lstick_x,-1669
127056,rtrigger,32767
127056,lstick_x,-1669
127063,rtrigger,32767
127063,lstick_x,-1669
127067,rtrigger,32767
127067,lstick_x,-1669
127072,rtrigger,32767
127072,lstick_x,-1669
127075,rtrigger,32767
127075,lstick_x,-1669
127079,rtrigger,32767
127079,lstick_x,-1669
127082,rtrigger,32767
127082,lstick_x,-1669
127092,rtrigger,32767
127092,lstick_x,-1669
127097,rtrigger,32767
127097,lstick_x,-1669
127100,lstick_x,-1602
127104,lstick_x,-1602
127107,lstick_x,-1602
127113,lstick_x,-1602
127121,lstick_x,-1602
127130,lstick_x,-1602
127141,lstick_x,-1602
127146,lstick_x,-1602
127154,lstick_x,-1602
127160,lstick_x,-1602
127180,lstick_x,-1572
127200,lstick_x,-1572
127217,lstick_x,-1572
127224,lstick_x,-1572
127229,lstick_x,-1572
127232,lstick_x,-1572
127241,lstick_x,-1572
127249,lstick_x,-1572
127257,lstick_x,-1572
127264,lstick_x,-1572
127272,lstick_x,-1572
127275,lstick_x,-1572
127278,lstick_x,-1572
127283,lstick_x,-1572
127291,lstick_x,-1572
127299,lstick_x,-1572
127312,lstick_x,-1572
127325,lstick_x,-1572
127330,lstick_x,-1572
127337,lstick_x,-1572
127344,lstick_x,-1572
127395,lstick_x,-1572
127404,lstick_x,-1572
127410,lstick_x,-1572
127413,lstick_x,-1572
127416,lstick_x,-1572
127424,lstick_x,-1572
127432,lstick_x,-1572
127434,lstick_x,-1572
127440,lstick_x,-1572
127447,lstick_x,-1572
127456,lstick_x,-1572
127464,lstick_x,-1572
127467,lstick_x,-1572
127472,lstick_x,-1572
127475,lstick_x,-1572
127478,lstick_x,-1572
127484,lstick_x,-1572
127493,lstick_x,-1572
127502,lstick_x,-1572
127507,lstick_x,-1572
127512,lstick_x,-1572
127520,lstick_x,-1572
127532,lstick_x,-1572
127540,lstick_x,-1572
127544,lstick_x,-1572
127565,lstick_x,-1572
127596,lstick_x,-1572
127605,lstick_x,-1572
127609,lstick_x,-1572
127616,lstick_x,-1499
127624,lstick_x,-1499
127628,lstick_x,-1468
127632,lstick_x,-1468
127644,lstick_x,-1468
127649,lstick_x,-1468
127656,lstick_x,-1468
127664,lstick_x,-1468
127667,lstick_x,-1468
127674,lstick_x,-1468
127683,lstick_x,-1468
127692,lstick_x,-1468
127702,lstick_x,-1468
127706,lstick_x,-1468
127710,lstick_x,-1468
127725,lstick_x,-1468
127728,lstick_x,-1398
127736,lstick_x,-1398
127743,lstick_x,-1398
127769,lstick_x,-1398
127777,lstick_x,-1398
127786,lstick_x,-1398
127798,lstick_x,-1398
127801,lstick_x,-1398
127807,lstick_x,-1370
127813,lstick_x,-1370
127817,lstick_x,-1370
127825,lstick_x,-1370
127832,lstick_x,-1370
127840,lstick_x,-1370
127848,lstick_x,-1370
127855,lstick_x,-1370
127861,lstick_x,-1370
127872,lstick_x,-1370
127877,lstick_x,-1370
127880,lstick_x,-1370
127888,lstick_x,-1370
127897,lstick_x,-1370
127905,lstick_x,-1370
127916,lstick_x,-1370
127922,lstick_x,-1370
127939,lstick_x,-1370
127963,lstick_x,-1370
127974,lstick_x,-1370
127984,lstick_x,-1370
127989,lstick_x,-1370
127992,lstick_x,-1370
128001,lstick_x,-1370
128008,lstick_x,-1370
128012,lstick_x,-1370
128016,lstick_x,-1370
128025,lstick_x,-1370
128030,lstick_x,-1370
128033,lstick_x,-1370
128041,lstick_x,-1370
128048,lstick_x,-1370
128056,lstick_x,-1370
128059,lstick_x,-1370
128071,lstick_x,-1370
128080,lstick_x,-1370
128089,lstick_x,-1370
128098,lstick_x,-1370
128104,lstick_x,-1370
128108,lstick_x,-1370
128115,lstick_x,-1370
128125,lstick_x,-1370
128142,lstick_x,-1370
128156,lstick_x,-1370
128161,lstick_x,-1370
128165,lstick_x,-1370
128168,lstick_x,-1370
128172,lstick_x,-1370
128176,lstick_x,-1370
128185,lstick_x,-1370
128193,lstick_x,-1370
128200,lstick_x,-1370
128208,lstick_x,-1370
128213,lstick_x,-1370
128216,lstick_x,-1370
128223,lstick_x,-1370
128231,lstick_x,-1370
128239,lstick_x,-1370
128250,lstick_x,-1370
128256,lstick_x,-1370
128269,lstick_x,-1370
128272,lstick_x,-1370
128283,lstick_x,-1370
128289,lstick_x,-1370
128297,lstick_x,-1370
128325,lstick_x,-1370
128328,lstick_x,-1370
128336,lstick_x,-1370
128348,lstick_x,-1370
128353,lstick_x,-1370
128356,lstick_x,-1370
128360,lstick_x,-1370
128368,lstick_x,-1370
128376,lstick_x,-1370
128386,lstick_x,-1370
128392,lstick_x,-1370
128410,lstick_x,-1370
128419,lstick_x,-1370
128425,lstick_x,-1370
128433,lstick_x,-1370
128440,lstick_x,-1370
128448,lstick_x,-1370
128460,rtrigger,32767
128460,lstick_x,-1370
128474,rtrigger,32767
128474,lstick_x,-1370
128480,rtrigger,32767
128480,lstick_x,-1370
128493,rtrigger,32767
128493,lstick_x,-1370
128500,rtrigger,32767
128500,lstick_x,-1370
128506,rtrigger,32767
128506,lstick_x,-1370
128515,rtrigger,32767
128515,lstick_x,-1370
128519,rtrigger,32767
128519,lstick_x,-1370
128522,rtrigger,32767
128522,lstick_x,-1370
128529,rtrigger,32767
128529,lstick_x,-1370
128536,rtrigger,32767
128536,lstick_x,-1370
128544,rtrigger,32767
128544,lstick_x,-1370
128552,rtrigger,32767
128552,lstick_x,-1370
128560,rtrigger,32767
128560,lstick_x,-1370
128563,rtrigger,32767
128563,lstick_x,-1370
128568,rtrigger,32767
128568,lstick_x,-1370
128576,rtrigger,32767
128576,lstick_x,-1370
128590,rtrigger,32767
128590,lstick_x,-1370
128603,rtrigger,32767
128603,lstick_x,-1370
128610,rtrigger,32767
128610,lstick_x,-1370
128617,rtrigger,32767
128617,lstick_x,-1370
128624,rtrigger,32767
128624,lstick_x,-1370
128641,rtrigger,32767
128641,lstick_x,-1370
128661,rtrigger,32767
128661,lstick_x,-1370
128670,rtrigger,32767
128670,lstick_x,-1370
128674,rtrigger,32767
128674,lstick_x,-1370
128680,rtrigger,32767
128680,lstick_x,-1370
128689,rtrigger,32767
128689,lstick_x,-1370
128696,rtrigger,32767
128696,lstick_x,-1370
128710,rtrigger,32767
128710,lstick_x,-1370
128720,rtrigger,32767
128720,lstick_x,-1370
128728,rtrigger,32767
128728,lstick_x,-1370
128732,rtrigger,32767
128732,lstick_x,-1370
128736,rtrigger,32767
128736,lstick_x,-1370
128744,rtrigger,32767
128744,lstick_x,-1370
128752,rtrigger,32767
128752,lstick_x,-1370
128762,rtrigger,32767
128762,lstick_x,-1370
128768,rtrigger,32767
128768,lstick_x,-1370
128777,rtrigger,32767
128777,lstick_x,-1370
128788,rtrigger,32767
128788,lstick_x,-1370
128790,rtrigger,32767
128790,lstick_x,-1370
128813,rtrigger,32767
128813,lstick_x,-1370
128839,rtrigger,32767
128839,lstick_x,-1370
128848,rtrigger,32767
128848,lstick_x,-1370
128856,rtrigger,32767
128856,lstick_x,-1370
128860,rtrigger,32767
128860,lstick_x,-1370
128864,rtrigger,32767
128864,lstick_x,-1370
128872,rtrigger,32767
128872,lstick_x,-1370
128880,rtrigger,32767
128880,lstick_x,-1370
128888,rtrigger,32767
128888,lstick_x,-1370
128896,rtrigger,32767
128896,lstick_x,-1370
128907,rtrigger,32767
128907,lstick_x,-1370
128915,rtrigger,32767
128915,lstick_x,-1370
128922,rtrigger,32767
128922,lstick_x,-1370
128932,rtrigger,32767
128932,lstick_x,-1370
128941,rtrigger,32767
128941,lstick_x,-1370
128946,rtrigger,32767
128946,lstick_x,-1370
128952,rtrigger,32767
128952,lstick_x,-1370
128960,rtrigger,32767
128960,lstick_x,-1370
128973,rtrigger,32767
128973,lstick_x,-1370
128977,rtrigger,32767
128977,lstick_x,-1370
128984,rtrigger,32767
128984,lstick_x,-1370
128995,rtrigger,32767
128995,lstick_x,-1370
129000,rtrigger,32767
129000,lstick_x,-1370
129010,rtrigger,32767
129010,lstick_x,-1370
129023,rtrigger,32767
129023,lstick_x,-1370
129027,rtrigger,32767
129027,lstick_x,-1370
129031,rtrigger,32767
129031,lstick_x,-1370
129040,rtrigger,32767
129040,lstick_x,-1370
129049,rtrigger,32767
129049,lstick_x,-1370
129058,rtrigger,32767
129058,lstick_x,-1370
129064,rtrigger,32767
129064,lstick_x,-1370
129072,rtrigger,32767
129072,lstick_x,-1370
129080,rtrigger,32767
129080,lstick_x,-1370
129090,rtrigger,32767
129090,lstick_x,-1370
129096,rtrigger,32767
129096,lstick_x,-1370
129106,rtrigger,32767
129106,lstick_x,-1370
129113,rtrigger,32767
129113,lstick_x,-1370
129127,rtrigger,32767
129127,lstick_x,-1370
129136,rtrigger,32767
129136,lstick_x,-1370
129144,rtrigger,32767
129144,lstick_x,-1370
129154,rtrigger,32767
129154,lstick_x,-1370
129160,rtrigger,32767
129160,lstick_x,-1370
129168,rtrigger,32767
129168,lstick_x,-1370
129176,rtrigger,32767
129176,lstick_x,-1370
129195,rtrigger,32767
129195,lstick_x,-1370
129198,rtrigger,32767
129198,lstick_x,-1370
129203,rtrigger,32767
129203,lstick_x,-1370
129206,rtrigger,32767
129206,lstick_x,-1370
129211,rtrigger,32767
129211,lstick_x,-1370
129216,rtrigger,32767
129216,lstick_x,-1370
129224,rtrigger,32767
129224,lstick_x,-1370
129232,rtrigger,32767
129232,lstick_x,-1370
129240,rtrigger,32767
129240,lstick_x,-1370
129243,rtrigger,32767
129243,lstick_x,-1370
129248,rtrigger,32767
129248,lstick_x,-1370
129261,rtrigger,32767
129261,lstick_x,-1370
129272,rtrigger,32767
129272,lstick_x,-1370
129280,rtrigger,32767
129280,lstick_x,-1370
129288,rtrigger,32767
129288,lstick_x,-1370
129296,rtrigger,32767
129296,lstick_x,-1370
129304,rtrigger,32767
129304,lstick_x,-1370
129312,rtrigger,32767
129312,lstick_x,-1370
129320,rtrigger,32767
129320,lstick_x,-1370
129328,rtrigger,32767
129328,lstick_x,-1370
129336,rtrigger,32767
129336,lstick_x,-1370
129344,rtrigger,32767
129344,lstick_x,-1370
129352,rtrigger,32767
129352,lstick_x,-1370
129360,rtrigger,32767
129360,lstick_x,-1370
129365,rtrigger,32767
129365,lstick_x,-1370
129367,rtrigger,32767
129367,lstick_x,-1370
129372,rtrigger,32767
129372,lstick_x,-1370
129376,rtrigger,32767
129376,lstick_x,-1370
129384,rtrigger,32767
129384,lstick_x,-1370
129392,rtrigger,32767
129392,lstick_x,-1370
129400,rtrigger,32767
129400,lstick_x,-1370
129408,rtrigger,32767
129408,lstick_x,-1370
129416,rtrigger,32767
129416,lstick_x,-1370
129430,rtrigger,32767
129430,lstick_x,-1370
129434,rtrigger,32767
129434,lstick_x,-1370
129463,rtrigger,32767
129463,lstick_x,-1370
129473,rtrigger,32767
129473,lstick_x,-1370
129478,rtrigger,32767
129478,lstick_x,-2328
129495,rtrigger,32767
129495,lstick_x,-2328
129510,rtrigger,32767
129510,lstick_x,-2328
129526,rtrigger,32767
129526,lstick_x,-2328
129535,rtrigger,32767
129535,lstick_x,-2328
129537,rtrigger,32767
129537,lstick_x,-2328
129544,rtrigger,32767
129544,lstick_x,-2328
129552,rtrigger,32767
129552,lstick_x,-22895
129552,lstick_y,4247
129555,rtrigger,32767
129555,lstick_x,-31573
129555,lstick_y,5467
129558,rtrigger,32767
129558,lstick_x,-31573
129558,lstick_y,5467
129561,rtrigger,32767
129561,lstick_x,-31792
129561,lstick_y,6501
129568,rtrigger,32767
129568,lstick_x,-31792
129568,lstick_y,6501
129572,rtrigger,32767
129572,lstick_x,-31792
129572,lstick_y,6501
129580,rtrigger,32767
129580,lstick_x,-31792
129580,lstick_y,6501
129584,rtrigger,32767
129584,lstick_x,-31792
129584,lstick_y,6501
129593,rtrigger,32767
129593,lstick_x,-31792
129593,lstick_y,6501
129600,rtrigger,32767
129600,lstick_x,-31792
129600,lstick_y,6501
129606,rtrigger,32767
129606,lstick_x,-31792
129606,lstick_y,6501
129615,rtrigger,32767
129615,lstick_x,-31792
129615,lstick_y,6501
129618,rtrigger,32767
129618,lstick_x,-31792
129618,lstick_y,6501
129625,rtrigger,32767
129625,lstick_x,-31792
129625,lstick_y,6501
129632,rtrigger,32767
129632,lstick_x,-31792
129632,lstick_y,6501
129641,rtrigger,32767
129641,lstick_x,-31792
129641,lstick_y,6501
129650,rtrigger,32767
129650,lstick_x,-31792
129650,lstick_y,6501
129658,rtrigger,32767
129658,lstick_x,-31792
129658,lstick_y,6501
129666,rtrigger,32767
129666,lstick_x,-31792
129666,lstick_y,6501
129674,rtrigger,32767
129674,lstick_x,-32469
129674,lstick_y,9537
129687,rtrigger,32767
129687,lstick_x,-32469
129687,lstick_y,9537
129691,rtrigger,32767
129691,lstick_x,-32469
129691,lstick_y,9537
129709,rtrigger,32767
129709,lstick_x,-32469
129709,lstick_y,9537
129716,rtrigger,32767
129716,lstick_x,-32469
129716,lstick_y,9537
129722,rtrigger,32767
129722,lstick_x,-32469
129722,lstick_y,9537
129728,rtrigger,32767
129728,lstick_x,-32469
129728,lstick_y,9537
129731,rtrigger,32767
129731,lstick_x,-32587
129731,lstick_y,10169
129736,rtrigger,32767
129736,lstick_x,-32587
129736,lstick_y,10169
129739,rtrigger,32767
129739,lstick_x,-32587
129739,lstick_y,10169
129745,rtrigger,32767
129745,lstick_x,-32587
129745,lstick_y,10169
129752,rtrigger,32767
129752,lstick_x,-32587
129752,lstick_y,10169
129760,rtrigger,32767
129760,lstick_x,-32587
129760,lstick_y,10169
129768,rtrigger,32767
129768,lstick_x,-32587
129768,lstick_y,10169
129776,rtrigger,32767
129776,lstick_x,-32587
129776,lstick_y,10169
129779,rtrigger,32767
129779,lstick_x,-32587
129779,lstick_y,10169
129784,rtrigger,32767
129784,lstick_x,-32587
129784,lstick_y,10169
129799,rtrigger,32767
129799,lstick_x,-32587
129799,lstick_y,10169
129804,rtrigger,32767
129804,lstick_x,-32587
129804,lstick_y,10169
129808,rtrigger,32767
129808,lstick_x,-32587
129808,lstick_y,10169
129821,rtrigger,32767
129821,lstick_x,-32587
129821,lstick_y,10169
129835,rtrigger,32767
129835,lstick_x,-32587
129835,lstick_y,10169
129839,rtrigger,32767
129839,lstick_x,-32633
129839,lstick_y,10428
129849,rtrigger,32767
129849,lstick_x,-32633
129849,lstick_y,10428
129858,rtrigger,32767
129858,lstick_x,-32691
129858,lstick_y,10493
129868,rtrigger,32767
129868,lstick_x,-32691
129868,lstick_y,10493
129872,rtrigger,32767
129872,lstick_x,-32691
129872,lstick_y,10493
129883,rtrigger,32767
129883,lstick_x,-32691
129883,lstick_y,10493
129898,rtrigger,32767
129898,lstick_x,-32691
129898,lstick_y,10493
129905,rtrigger,32767
129905,lstick_x,-32691
129905,lstick_y,10493
129912,rtrigger,32767
129912,lstick_x,-32691
129912,lstick_y,10493
129916,rtrigger,32767
129916,lstick_x,-32691
129916,lstick_y,10538
129920,rtrigger,32767
129920,lstick_x,-32691
129920,lstick_y,10538
129930,rtrigger,32767
129930,lstick_x,-32691
129930,lstick_y,10595
129936,rtrigger,32767
129936,lstick_x,-32691
129936,lstick_y,10595
129945,rtrigger,32767
129945,lstick_x,-32691
129945,lstick_y,10595
129952,rtrigger,32767
129952,lstick_x,-32691
129952,lstick_y,10595
129956,rtrigger,32767
129956,lstick_x,-32691
129956,lstick_y,10595
129960,rtrigger,32767
129960,lstick_x,-32691
129960,lstick_y,10595
129968,rtrigger,32767
129968,lstick_x,-32691
129968,lstick_y,10595
129978,rtrigger,32767
129978,lstick_x,-32691
129978,lstick_y,10595
129984,rtrigger,32767
129984,lstick_x,-32691
129984,lstick_y,10595
129992,rtrigger,32767
129992,lstick_x,-32691
129992,lstick_y,10595
130002,rtrigger,32767
130002,lstick_x,-32691
130002,lstick_y,10595
130013,rtrigger,32767
130013,lstick_x,-32691
130013,lstick_y,10595
130017,rtrigger,32767
130017,lstick_x,-32691
130017,lstick_y,10595
130024,rtrigger,32767
130024,lstick_x,-32691
130024,lstick_y,10636
130034,rtrigger,32767
130034,lstick_x,-32691
130034,lstick_y,10636
130063,rtrigger,32767
130063,lstick_x,-32691
130063,lstick_y,10636
130072,rtrigger,32767
130072,lstick_x,-32691
130072,lstick_y,10636
130080,rtrigger,32767
130080,lstick_x,-22164
130080,lstick_y,9476
130085,rtrigger,32767
130085,lstick_x,-22164
130085,lstick_y,9476
130088,rtrigger,32767
130088,lstick_x,-22164
130088,lstick_y,9476
130098,rtrigger,32767
130098,lstick_x,-22164
130098,lstick_y,9476
130105,rtrigger,32767
130105,lstick_x,-22164
130105,lstick_y,9476
130112,rtrigger,32767
130112,lstick_x,-22164
130112,lstick_y,9476
130120,rtrigger,32767
130120,lstick_x,-22164
130120,lstick_y,9476
130133,rtrigger,32767
130133,lstick_x,-22164
130133,lstick_y,9476
130136,rtrigger,32767
130136,lstick_x,-22164
130136,lstick_y,9476
130145,rtrigger,32767
130145,lstick_x,-22164
130145,lstick_y,9476
130155,rtrigger,32767
130155,lstick_x,-22164
130155,lstick_y,9476
130160,rtrigger,32767
130160,lstick_x,-22164
130160,lstick_y,9476
130168,rtrigger,32767
130168,lstick_x,-22164
130168,lstick_y,9476
130177,rtrigger,32767
130177,lstick_x,-22164
130177,lstick_y,9476
130184,rtrigger,32767
130184,lstick_x,-22164
130184,lstick_y,9476
130217,rtrigger,32767
130217,lstick_x,-5707
130217,lstick_y,4933
130221,rtrigger,32767
130221,lstick_x,-2500
130221,lstick_y,2321
130239,rtrigger,32767
130239,lstick_x,-2500
130239,lstick_y,2321
130243,rtrigger,32767
130243,lstick_x,-1457
130243,lstick_y,1665
130248,rtrigger,32767
130248,lstick_x,-1457
130248,lstick_y,1665
130251,rtrigger,32767
130251,lstick_x,-1075
130251,lstick_y,1429
130256,rtrigger,32767
130256,lstick_x,-1075
130256,lstick_y,1429
130261,rtrigger,32767
130261,lstick_x,-1075
130261,lstick_y,1429
130264,rtrigger,32767
130264,lstick_x,-1075
130264,lstick_y,1429
130272,rtrigger,32767
130272,lstick_y,1241
130280,rtrigger,32767
130280,lstick_y,1241
130288,rtrigger,32767
130288,lstick_y,1241
130296,rtrigger,32767
130296,lstick_y,1241
130300,rtrigger,32767
130300,lstick_y,1241
130304,rtrigger,32767
130304,lstick_y,1241
130313,rtrigger,32767
130313,lstick_y,1241
130320,rtrigger,32767
130320,lstick_y,1241
130330,rtrigger,32767
130330,lstick_y,1241
130336,rtrigger,32767
130336,lstick_y,1241
130357,rtrigger,32767
130357,lstick_y,1241
130361,rtrigger,32767
130361,lstick_y,1241
130381,rtrigger,32767
130403,rtrigger,32767
130418,rtrigger,32767
130424,rtrigger,32767
130431,rtrigger,32767
130440,rtrigger,32767
130448,rtrigger,32767
130456,rtrigger,32767
130463,rtrigger,32767
130472,rtrigger,32767
130479,rtrigger,32767
130482,rtrigger,32767
130501,rtrigger,32767
130506,rtrigger,32767
130512,rtrigger,32767
130530,rtrigger,32767
130536,rtrigger,32767
130544,rtrigger,32767
130549,rtrigger,32767
130568,rtrigger,32767
130592,rtrigger,32767
130603,rtrigger,32767
130608,rtrigger,32767
130613,rtrigger,32767
130624,rtrigger,32767
130632,rtrigger,32767
130641,rtrigger,32767
130648,rtrigger,32767
130656,rtrigger,32767
130659,rtrigger,32767
130659,lstick_x,-1081
130662,rtrigger,32767
130662,lstick_x,-1081
130666,rtrigger,32767
130666,lstick_x,-1081
130678,rtrigger,32767
130678,lstick_x,-1081
130688,rtrigger,32767
130688,lstick_x,-1081
130697,rtrigger,32767
130697,lstick_x,-1081
130704,rtrigger,32767
130704,lstick_x,-1081
130713,rtrigger,32767
130713,lstick_x,-1081
130722,rtrigger,32767
130722,lstick_x,-1081
130726,rtrigger,32767
130726,lstick_x,-10768
130726,lstick_y,1348
130743,rtrigger,32767
130743,lstick_x,-10768
130743,lstick_y,1348
130747,rtrigger,32767
130747,lstick_x,-10768
130747,lstick_y,1348
130768,rtrigger,32767
130768,lstick_x,-10768
130768,lstick_y,1348
130784,rtrigger,32767
130784,lstick_x,-10768
130784,lstick_y,1348
130789,rtrigger,32767
130789,lstick_x,-28958
130789,lstick_y,5212
130792,rtrigger,32767
130792,lstick_x,-28958
130792,lstick_y,5212
130800,rtrigger,32767
130800,lstick_x,-29682
130800,lstick_y,6279
130809,rtrigger,32767
130809,lstick_x,-29682
130809,lstick_y,6279
130816,rtrigger,32767
130816,lstick_x,-29682
130816,lstick_y,6279
130824,rtrigger,32767
130824,lstick_x,-29682
130824,lstick_y,6279
130832,rtrigger,32767
130832,lstick_x,-29682
130832,lstick_y,6279
130835,rtrigger,32767
130835,lstick_x,-29682
130835,lstick_y,6279
130845,rtrigger,32767
130845,lstick_x,-29682
130845,lstick_y,6279
130848,rtrigger,32767
130848,lstick_x,-29682
130848,lstick_y,6279
130864,rtrigger,32767
130864,lstick_x,-29682
130864,lstick_y,6279
130872,rtrigger,32767
130872,lstick_x,-29682
130872,lstick_y,6279
130887,rtrigger,32767
130887,lstick_x,-29682
130887,lstick_y,6279
130894,rtrigger,32767
130894,lstick_x,-31690
130894,lstick_y,9169
130911,rtrigger,32767
130911,lstick_x,-31690
130911,lstick_y,9169
130932,rtrigger,32767
130932,lstick_x,-31690
130932,lstick_y,9169
130949,rtrigger,32767
130949,lstick_x,-31690
130949,lstick_y,9169
130952,rtrigger,32767
130952,lstick_x,-31690
130952,lstick_y,9169
130956,rtrigger,32767
130956,lstick_x,-32412
130956,lstick_y,10208
130960,rtrigger,32767
130960,lstick_x,-32412
130960,lstick_y,10208
130964,rtrigger,32767
130964,lstick_x,-32412
130964,lstick_y,10208
130967,rtrigger,32767
130967,lstick_x,-32412
130967,lstick_y,10208
130973,rtrigger,32767
130973,lstick_x,-32463
130973,lstick_y,10282
130978,rtrigger,32767
130978,lstick_x,-32463
130978,lstick_y,10282
130984,rtrigger,32767
130984,lstick_x,-32463
130984,lstick_y,10282
130993,rtrigger,32767
130993,lstick_x,-32463
130993,lstick_y,10282
130998,rtrigger,32767
130998,lstick_x,-32463
130998,lstick_y,10341
131006,rtrigger,32767
131006,lstick_x,-32537
131006,lstick_y,10383
131015,rtrigger,32767
131015,lstick_x,-32537
131015,lstick_y,10383
131020,rtrigger,32767
131020,lstick_x,-32537
131020,lstick_y,10383
131028,rtrigger,32767
131028,lstick_x,-32537
131028,lstick_y,10383
131032,rtrigger,32767
131032,lstick_x,-32537
131032,lstick_y,10383
131040,rtrigger,32767
131040,lstick_x,-32537
131040,lstick_y,10383
131048,rtrigger,32767
131048,lstick_x,-32537
131048,lstick_y,10383
131056,rtrigger,32767
131056,lstick_x,-32537
131056,lstick_y,10383
131074,rtrigger,32767
131074,lstick_x,-32537
131074,lstick_y,10383
131079,rtrigger,32767
131079,lstick_x,-32537
131079,lstick_y,10383
131090,rtrigger,32767
131090,lstick_x,-32537
131090,lstick_y,10383
131097,rtrigger,32767
131097,lstick_x,-32537
131097,lstick_y,10383
131107,rtrigger,32767
131107,lstick_x,-32537
131107,lstick_y,10383
131123,rtrigger,32767
131123,lstick_x,-32537
131123,lstick_y,10383
131129,rtrigger,32767
131129,lstick_x,-32537
131129,lstick_y,10383
131136,rtrigger,32767
131136,lstick_x,-32537
131136,lstick_y,10383
131139,rtrigger,32767
131139,lstick_x,-4455
131143,rtrigger,32767
131143,lstick_x,-4455
131164,rtrigger,32767
131164,lstick_x,-4455
131168,rtrigger,32767
131168,lstick_x,-3061
131172,rtrigger,32767
131172,lstick_x,-3061
131176,rtrigger,32767
131176,lstick_x,-3061
131184,rtrigger,32767
131184,lstick_x,-3061
131189,rtrigger,32767
131189,lstick_x,-3061
131192,rtrigger,32767
131192,lstick_x,-3061
131195,rtrigger,32767
131195,lstick_x,-3061
131207,rtrigger,32767
131207,lstick_x,-3061
131219,rtrigger,32767
131219,lstick_x,-3061
131224,rtrigger,32767
131224,lstick_x,-3061
131232,rtrigger,32767
131232,lstick_x,-3061
131241,rtrigger,32767
131241,lstick_x,-3061
131252,rtrigger,32767
131252,lstick_x,-3061
131256,rtrigger,32767
131256,lstick_x,-3061
131267,rtrigger,32767
131267,lstick_x,-3061
131274,rtrigger,32767
131274,lstick_x,-3061
131297,rtrigger,32767
131297,lstick_x,-3061
131305,rtrigger,32767
131305,lstick_x,-3061
131312,rtrigger,32767
131312,lstick_x,-3061
131317,rtrigger,32767
131320,rtrigger,32767
131329,rtrigger,32767
131336,rtrigger,32767
131344,rtrigger,32767
131353,rtrigger,32767
131356,rtrigger,32767
131367,rtrigger,32767
131375,rtrigger,32767
131385,rtrigger,32767
131408,rtrigger,32767
131413,rtrigger,32767
131426,rtrigger,32767
131432,rtrigger,32767
131457,rtrigger,32767
131465,rtrigger,32767
131473,rtrigger,32767
131476,rtrigger,32767
131482,rtrigger,32767
131489,rtrigger,32767
131495,rtrigger,32767
131504,rtrigger,32767
131510,rtrigger,32767
131513,rtrigger,32767
131516,rtrigger,32767
131522,rtrigger,32767
131525,rtrigger,32767
131529,rtrigger,32767
131532,rtrigger,32767
131536,rtrigger,32767
131538,rtrigger,32767
131542,rtrigger,32767
131547,rtrigger,32767
131553,rtrigger,32767
131566,rtrigger,32767
131569,rtrigger,32767
131579,rtrigger,32767
131589,rtrigger,32767
131592,rtrigger,32767
131600,rtrigger,32767
131606,rtrigger,32767
131629,rtrigger,32767
131646,rtrigger,32767
131656,rtrigger,32767
131663,rtrigger,32767
131666,rtrigger,32767
131672,rtrigger,32767
131680,rtrigger,32767
131688,rtrigger,32767
131696,rtrigger,32767
131704,rtrigger,32767
131714,rtrigger,32767
131723,rtrigger,32767
131729,rtrigger,32767
131736,rtrigger,32767
131744,rtrigger,32767
131757,rtrigger,32767
131763,rtrigger,32767
131780,rtrigger,32767
131784,rtrigger,32767
131797,rtrigger,32767
131803,rtrigger,32767
131810,rtrigger,32767
131816,rtrigger,32767
131824,rtrigger,32767
131834,rtrigger,32767
131840,rtrigger,32767
131848,rtrigger,32767
131856,rtrigger,32767
131861,rtrigger,32767
131865,rtrigger,32767
131874,rtrigger,32767
131883,rtrigger,32767
131888,rtrigger,32767
131912,rtrigger,32767
131922,rtrigger,32767
131925,rtrigger,32767
131928,rtrigger,32767
131942,rtrigger,32767
131964,rtrigger,32767
131969,rtrigger,32767
131977,rtrigger,32767
131982,rtrigger,32767
131989,rtrigger,32767
131993,rtrigger,32767
132001,rtrigger,32767
132008,rtrigger,32767
132018,rtrigger,32767
132024,rtrigger,32767
132042,rtrigger,32767
132048,rtrigger,32767
132074,rtrigger,32767
132079,rtrigger,32767
132079,lstick_x,-11806
132079,lstick_y,1035
132090,rtrigger,32767
132090,lstick_x,-11806
132090,lstick_y,1035
132096,rtrigger,32767
132096,lstick_x,-11806
132096,lstick_y,1035
132111,rtrigger,32767
132111,lstick_x,-11806
132111,lstick_y,1035
132127,rtrigger,32767
132127,lstick_x,-11806
132127,lstick_y,1035
132132,rtrigger,32767
132132,lstick_x,-11806
132132,lstick_y,1035
132136,rtrigger,32767
132136,lstick_x,-11806
132136,lstick_y,1035
132140,rtrigger,32767
132140,lstick_x,-27285
132140,lstick_y,5047
132144,rtrigger,32767
132144,lstick_x,-28374
132144,lstick_y,6044
132153,rtrigger,32767
132153,lstick_x,-28374
132153,lstick_y,6044
132160,rtrigger,32767
132160,lstick_x,-28374
132160,lstick_y,6044
132169,rtrigger,32767
132169,lstick_x,-28374
132169,lstick_y,6044
132176,rtrigger,32767
132176,lstick_x,-28374
132176,lstick_y,6044
132179,rtrigger,32767
132179,lstick_x,-28374
132179,lstick_y,6044
132186,rtrigger,32767
132186,lstick_x,-28374
132186,lstick_y,6044
132192,rtrigger,32767
132192,lstick_x,-28374
132192,lstick_y,6044
132200,rtrigger,32767
132200,lstick_x,-28374
132200,lstick_y,6044
132213,rtrigger,32767
132213,lstick_x,-28374
132213,lstick_y,6044
132220,rtrigger,32767
132220,lstick_x,-28374
132220,lstick_y,6044
132225,rtrigger,32767
132225,lstick_x,-28374
132225,lstick_y,6044
132235,rtrigger,32767
132235,lstick_x,-28374
132235,lstick_y,6044
132241,rtrigger,32767
132241,lstick_x,-28374
132241,lstick_y,6044
132256,rtrigger,32767
132256,lstick_x,-28374
132256,lstick_y,6044
132272,rtrigger,32767
132272,lstick_x,-28374
132272,lstick_y,6044
132280,rtrigger,32767
132280,lstick_x,-28374
132280,lstick_y,6044
132291,rtrigger,32767
132291,lstick_x,-28374
132291,lstick_y,6044
132296,rtrigger,32767
132296,lstick_x,-32017
132296,lstick_y,9330
132299,rtrigger,32767
132299,lstick_x,-32017
132299,lstick_y,9330
132304,rtrigger,32767
132304,lstick_x,-32017
132304,lstick_y,9330
132312,rtrigger,32767
132312,lstick_x,-32017
132312,lstick_y,9330
132320,rtrigger,32767
132320,lstick_x,-32017
132320,lstick_y,9330
132328,rtrigger,32767
132328,lstick_x,-32017
132328,lstick_y,9330
132337,rtrigger,32767
132337,lstick_x,-32017
132337,lstick_y,9330
132344,rtrigger,32767
132344,lstick_x,-32017
132344,lstick_y,9330
132357,rtrigger,32767
132357,lstick_x,-32017
132357,lstick_y,9330
132368,rtrigger,32767
132368,lstick_x,-32017
132368,lstick_y,9330
132379,rtrigger,32767
132379,lstick_x,-32017
132379,lstick_y,9330
132389,rtrigger,32767
132389,lstick_x,-32017
132389,lstick_y,9330
132392,rtrigger,32767
132392,lstick_x,-32017
132392,lstick_y,9330
132406,rtrigger,32767
132406,lstick_x,-32017
132406,lstick_y,9330
132431,rtrigger,32767
132431,lstick_x,-32017
132431,lstick_y,9330
132437,rtrigger,32767
132437,lstick_x,-32017
132437,lstick_y,9330
132448,rtrigger,32767
132448,lstick_x,-32017
132448,lstick_y,9330
132457,rtrigger,32767
132457,lstick_x,-32679
132457,lstick_y,9940
132465,rtrigger,32767
132465,lstick_x,-32679
132465,lstick_y,9940
132472,rtrigger,32767
132472,lstick_x,-32679
132472,lstick_y,9940
132480,rtrigger,32767
132480,lstick_x,-32679
132480,lstick_y,9940
132490,rtrigger,32767
132490,lstick_x,-32679
132490,lstick_y,9940
132498,rtrigger,32767
132498,lstick_x,-32679
132498,lstick_y,9940
132512,rtrigger,32767
132512,lstick_x,-32679
132512,lstick_y,9940
132520,rtrigger,32767
132520,lstick_x,-32679
132520,lstick_y,9940
132530,rtrigger,32767
132530,lstick_x,-32679
132530,lstick_y,9940
132540,rtrigger,32767
132540,lstick_x,-32679
132540,lstick_y,9940
132544,rtrigger,32767
132544,lstick_x,-32679
132544,lstick_y,9940
132548,rtrigger,32767
132548,lstick_x,-32679
132548,lstick_y,9940
132558,rtrigger,32767
132558,lstick_x,-32679
132558,lstick_y,9940
132579,rtrigger,32767
132579,lstick_x,-32679
132579,lstick_y,9940
132590,rtrigger,32767
132590,lstick_x,-32679
132590,lstick_y,9940
132593,rtrigger,32767
132593,lstick_x,-32679
132593,lstick_y,9940
132600,rtrigger,32767
132600,lstick_x,-32679
132600,lstick_y,9940
132606,rtrigger,32767
132606,lstick_x,-32732
132606,lstick_y,9965
132610,rtrigger,32767
132610,lstick_x,-32732
132610,lstick_y,9965
132616,rtrigger,32767
132616,lstick_x,-32732
132616,lstick_y,9965
132624,rtrigger,32767
132624,lstick_x,-32732
132624,lstick_y,9965
132632,rtrigger,32767
132632,lstick_x,-32732
132632,lstick_y,9965
132641,rtrigger,32767
132641,lstick_x,-32732
132641,lstick_y,9965
132646,rtrigger,32767
132646,lstick_x,-32732
132646,lstick_y,9965
132656,rtrigger,32767
132656,lstick_x,-32732
132656,lstick_y,9965
132665,rtrigger,32767
132665,lstick_x,-32732
132665,lstick_y,9965
132673,rtrigger,32767
132673,lstick_x,-32732
132673,lstick_y,9965
132680,rtrigger,32767
132680,lstick_x,-32732
132680,lstick_y,9965
132691,rtrigger,32767
132691,lstick_x,-32732
132691,lstick_y,9965
132700,rtrigger,32767
132700,lstick_x,-32732
132700,lstick_y,9965
132704,rtrigger,32767
132704,lstick_x,-32732
132704,lstick_y,9965
132718,rtrigger,32767
132718,lstick_x,-32732
132718,lstick_y,9965
132721,rtrigger,32767
132721,lstick_x,-32732
132721,lstick_y,9965
132739,rtrigger,32767
132739,lstick_x,-32732
132739,lstick_y,9965
132750,rtrigger,32767
132750,lstick_x,-32732
132750,lstick_y,9965
132754,rtrigger,32767
132754,lstick_x,-32732
132754,lstick_y,9965
132760,rtrigger,32767
132760,lstick_x,-32732
132760,lstick_y,9965
132764,rtrigger,32767
132764,lstick_x,-32732
132764,lstick_y,9965
132772,rtrigger,32767
132772,lstick_x,-32732
132772,lstick_y,9965
132778,rtrigger,32767
132778,lstick_x,-32732
132778,lstick_y,9965
132784,rtrigger,32767
132784,lstick_x,-32732
132784,lstick_y,9965
132792,rtrigger,32767
132792,lstick_x,-32732
132792,lstick_y,9965
132798,rtrigger,32767
132798,lstick_x,-32732
132798,lstick_y,9965
132802,rtrigger,32767
132802,lstick_x,-32732
132802,lstick_y,9965
132806,rtrigger,32767
132806,lstick_x,-32732
132806,lstick_y,9965
132810,rtrigger,32767
132810,lstick_x,-32732
132810,lstick_y,9965
132813,rtrigger,32767
132813,lstick_x,-32732
132813,lstick_y,9965
132816,rtrigger,32767
132816,lstick_x,-32732
132816,lstick_y,9965
132824,rtrigger,32767
132824,lstick_x,-32732
132824,lstick_y,9965
132836,rtrigger,32767
132836,lstick_x,-32732
132836,lstick_y,9965
132840,rtrigger,32767
132840,lstick_x,-32732
132840,lstick_y,9965
132850,rtrigger,32767
132850,lstick_x,-32732
132850,lstick_y,9965
132856,rtrigger,32767
132856,lstick_x,-32732
132856,lstick_y,9965
132868,rtrigger,32767
132868,lstick_x,-32732
132868,lstick_y,9965
132872,rtrigger,32767
132872,lstick_x,-32732
132872,lstick_y,9965
132883,rtrigger,32767
132883,lstick_x,-32732
132883,lstick_y,9965
132891,rtrigger,32767
132891,lstick_x,-32732
132891,lstick_y,9965
132907,rtrigger,32767
132907,lstick_x,-32732
132907,lstick_y,9965
132915,rtrigger,32767
132915,lstick_x,-32732
132915,lstick_y,9965
132925,rtrigger,32767
132925,lstick_x,-32732
132925,lstick_y,9965
132928,rtrigger,32767
132928,lstick_x,-32732
132928,lstick_y,9965
132931,rtrigger,32767
132931,lstick_x,-32732
132931,lstick_y,9965
132936,rtrigger,32767
132936,lstick_x,-32732
132936,lstick_y,9965
132944,rtrigger,32767
132944,lstick_x,-32732
132944,lstick_y,9965
132952,rtrigger,32767
132952,lstick_x,-32732
132952,lstick_y,9965
132960,rtrigger,32767
132960,lstick_x,-32732
132960,lstick_y,9965
132968,rtrigger,32767
132968,lstick_x,-32732
132968,lstick_y,9965
132972,rtrigger,32767
132972,lstick_x,-32732
132972,lstick_y,9965
132976,rtrigger,32767
132976,lstick_x,-32732
132976,lstick_y,9965
132989,rtrigger,32767
132989,lstick_x,-32732
132989,lstick_y,9965
132992,rtrigger,32767
132992,lstick_x,-32732
132992,lstick_y,9965
133002,rtrigger,32767
133002,lstick_x,-32732
133002,lstick_y,9965
133012,rtrigger,32767
133012,lstick_x,-32732
133012,lstick_y,9965
133017,rtrigger,32767
133017,lstick_x,-32732
133017,lstick_y,9965
133027,rtrigger,32767
133027,lstick_x,-32732
133027,lstick_y,9965
133030,rtrigger,32767
133030,lstick_x,-32732
133030,lstick_y,9965
133040,rtrigger,32767
133040,lstick_x,-32732
133040,lstick_y,9965
133063,rtrigger,32767
133063,lstick_x,-32732
133063,lstick_y,9965
133070,rtrigger,32767
133070,lstick_x,-32732
133070,lstick_y,9965
133082,rtrigger,32767
133082,lstick_x,-32732
133082,lstick_y,9965
133089,rtrigger,32767
133089,lstick_x,-32732
133089,lstick_y,9965
133099,rtrigger,32767
133099,lstick_x,-32732
133099,lstick_y,9965
133110,rtrigger,32767
133110,lstick_x,-32732
133110,lstick_y,9965
133114,rtrigger,32767
133114,lstick_x,-32732
133114,lstick_y,9965
133120,rtrigger,32767
133120,lstick_x,-32732
133120,lstick_y,9965
133128,rtrigger,32767
133128,lstick_x,-32732
133128,lstick_y,9965
133145,rtrigger,32767
133145,lstick_x,-32732
133145,lstick_y,9965
133155,rtrigger,32767
133155,lstick_x,-32732
133155,lstick_y,9965
133161,rtrigger,32767
133161,lstick_x,-32732
133161,lstick_y,9965
133169,rtrigger,32767
133169,lstick_x,-32732
133169,lstick_y,9965
133180,rtrigger,32767
133180,lstick_x,-32732
133180,lstick_y,9965
133183,rtrigger,32767
133183,lstick_x,-32732
133183,lstick_y,9965
133200,rtrigger,32767
133200,lstick_x,-32732
133200,lstick_y,9965
133212,rtrigger,32767
133212,lstick_x,-32732
133212,lstick_y,9965
133225,rtrigger,32767
133225,lstick_x,-32732
133225,lstick_y,9965
133237,rtrigger,32767
133237,lstick_x,-32732
133237,lstick_y,9965
133241,rtrigger,32767
133241,lstick_x,-32732
133241,lstick_y,9965
133246,rtrigger,32767
133246,lstick_x,-32732
133246,lstick_y,9965
133250,rtrigger,32767
133250,lstick_x,-32732
133250,lstick_y,9965
133263,rtrigger,32767
133263,lstick_x,-32732
133263,lstick_y,9965
133272,rtrigger,32767
133272,lstick_x,-32732
133272,lstick_y,9965
133282,rtrigger,32767
133282,lstick_x,-32732
133282,lstick_y,9965
133291,rtrigger,32767
133291,lstick_x,-32732
133291,lstick_y,9965
133296,rtrigger,32767
133296,lstick_x,-32732
133296,lstick_y,9965
133375,rtrigger,32767
133375,lstick_x,-32732
133375,lstick_y,9965
133384,rtrigger,32767
133384,lstick_x,-32732
133384,lstick_y,9965
133394,rtrigger,32767
133394,lstick_x,-32732
133394,lstick_y,9965
133402,rtrigger,32767
133402,lstick_x,-32732
133402,lstick_y,9965
133408,rtrigger,32767
133408,lstick_x,-32732
133408,lstick_y,9965
133422,rtrigger,32767
133422,lstick_x,-32732
133422,lstick_y,9965
133452,rtrigger,32767
133452,lstick_x,-32732
133452,lstick_y,9965
133457,rtrigger,32767
133457,lstick_x,-32732
133457,lstick_y,9965
133465,rtrigger,32767
133465,lstick_x,-32732
133465,lstick_y,9965
133472,rtrigger,32767
133472,lstick_x,-32732
133472,lstick_y,9965
133483,rtrigger,32767
133483,lstick_x,-32732
133483,lstick_y,9965
133489,rtrigger,32767
133489,lstick_x,-32732
133489,lstick_y,9965
133493,rtrigger,32767
133493,lstick_x,-32732
133493,lstick_y,9965
133497,rtrigger,32767
133497,lstick_x,-32732
133497,lstick_y,9965
133506,rtrigger,32767
133506,lstick_x,-32732
133506,lstick_y,9965
133512,rtrigger,32767
133512,lstick_x,-32732
133512,lstick_y,9965
133515,rtrigger,32767
133515,lstick_x,-32732
133515,lstick_y,9965
133520,rtrigger,32767
133520,lstick_x,-32732
133520,lstick_y,9965
133523,rtrigger,32767
133523,lstick_x,-32732
133523,lstick_y,9965
133526,rtrigger,32767
133526,lstick_x,-32732
133526,lstick_y,9965
133529,rtrigger,32767
133529,lstick_x,-32732
133529,lstick_y,9965
133532,rtrigger,32767
133532,lstick_x,-32732
133532,lstick_y,9965
133540,rtrigger,32767
133540,lstick_x,-32732
133540,lstick_y,9965
133547,rtrigger,32767
133547,lstick_x,-32732
133547,lstick_y,9965
133553,rtrigger,32767
133553,lstick_x,-32732
133553,lstick_y,9965
133560,rtrigger,32767
133560,lstick_x,-32732
133560,lstick_y,9965
133575,rtrigger,32767
133575,lstick_x,-32732
133575,lstick_y,9965
133582,rtrigger,32767
133582,lstick_x,-32732
133582,lstick_y,9965
133585,rtrigger,32767
133585,lstick_x,-32732
133585,lstick_y,9965
133589,rtrigger,32767
133589,lstick_x,-32732
133589,lstick_y,9965
133592,rtrigger,32767
133592,lstick_x,-32732
133592,lstick_y,9965
133600,rtrigger,32767
133600,lstick_x,-32732
133600,lstick_y,9965
133613,rtrigger,32767
133613,lstick_x,-32732
133613,lstick_y,9965
133622,rtrigger,32767
133622,lstick_x,-32732
133622,lstick_y,9965
133632,rtrigger,32767
133632,lstick_x,-32732
133632,lstick_y,9965
133643,rtrigger,32767
133643,lstick_x,-32732
133643,lstick_y,9965
133648,rtrigger,32767
133648,lstick_x,-32732
133648,lstick_y,9965
133656,rtrigger,32767
133656,lstick_x,-32732
133656,lstick_y,9965
133664,rtrigger,32767
133664,lstick_x,-32732
133664,lstick_y,9965
133673,rtrigger,32767
133673,lstick_x,-32732
133673,lstick_y,9965
133681,rtrigger,32767
133681,lstick_x,-32732
133681,lstick_y,9965
133688,rtrigger,32767
133688,lstick_x,-32732
133688,lstick_y,9965
133691,rtrigger,32767
133691,lstick_x,-32732
133691,lstick_y,9965
133695,rtrigger,32767
133695,lstick_x,-32732
133695,lstick_y,9965
133698,rtrigger,32767
133698,lstick_x,-32732
133698,lstick_y,9965
133704,rtrigger,32767
133704,lstick_x,-32732
133704,lstick_y,9965
133707,rtrigger,32767
133707,lstick_x,-32732
133707,lstick_y,9965
133712,rtrigger,32767
133712,lstick_x,-32732
133712,lstick_y,9965
133717,rtrigger,32767
133717,lstick_x,-32732
133717,lstick_y,9965
133720,rtrigger,32767
133720,lstick_x,-32732
133720,lstick_y,9965
133731,rtrigger,32767
133731,lstick_x,-32732
133731,lstick_y,9965
133737,rtrigger,32767
133737,lstick_x,-32732
133737,lstick_y,9965
133747,rtrigger,32767
133747,lstick_x,-32732
133747,lstick_y,9965
133759,rtrigger,32767
133759,lstick_x,-32732
133759,lstick_y,9965
133766,rtrigger,32767
133766,lstick_x,-32732
133766,lstick_y,9965
133775,rtrigger,32767
133775,lstick_x,-32732
133775,lstick_y,9965
133777,rtrigger,32767
133777,lstick_x,-32732
133777,lstick_y,9965
133802,rtrigger,32767
133802,lstick_x,-32732
133802,lstick_y,9965
133812,rtrigger,32767
133812,lstick_x,-32732
133812,lstick_y,9965
133818,rtrigger,32767
133818,lstick_x,-32732
133818,lstick_y,9965
133823,rtrigger,32767
133823,lstick_x,-32732
133823,lstick_y,9965
133827,rtrigger,32767
133827,lstick_x,-32732
133827,lstick_y,9965
133839,rtrigger,32767
133839,lstick_x,-32732
133839,lstick_y,9965
133845,rtrigger,32767
133845,lstick_x,-32732
133845,lstick_y,9965
133848,rtrigger,32767
133848,lstick_x,-32732
133848,lstick_y,9965
133856,rtrigger,32767
133856,lstick_x,-32732
133856,lstick_y,9965
133864,rtrigger,32767
133864,lstick_x,-32732
133864,lstick_y,9965
133867,rtrigger,32767
133867,lstick_x,-32732
133867,lstick_y,9965
133873,rtrigger,32767
133873,lstick_x,-32732
133873,lstick_y,9965
133886,rtrigger,32767
133886,lstick_x,-32732
133886,lstick_y,9965
133889,rtrigger,32767
133889,lstick_x,-32732
133889,lstick_y,9965
133897,rtrigger,32767
133897,lstick_x,-32732
133897,lstick_y,9965
133904,rtrigger,32767
133904,lstick_x,-32732
133904,lstick_y,9965
133912,rtrigger,32767
133912,lstick_x,-32732
133912,lstick_y,9965
133921,rtrigger,32767
133921,lstick_x,-32732
133921,lstick_y,9965
133927,rtrigger,32767
133927,lstick_x,-32732
133927,lstick_y,9965
133946,rtrigger,32767
133946,lstick_x,-32732
133946,lstick_y,9965
133954,rtrigger,32767
133954,lstick_x,-32732
133954,lstick_y,9965
133962,rtrigger,32767
133962,lstick_x,-32732
133962,lstick_y,9965
133969,rtrigger,32767
133969,lstick_x,-32732
133969,lstick_y,9965
133981,rtrigger,32767
133981,lstick_x,-32732
133981,lstick_y,9965
133986,rtrigger,32767
133986,lstick_x,-32732
133986,lstick_y,9965
133989,rtrigger,32767
133989,lstick_x,-32732
133989,lstick_y,9965
133994,rtrigger,32767
133994,lstick_x,-32732
133994,lstick_y,9965
134001,rtrigger,32767
134001,lstick_x,-32732
134001,lstick_y,9965
134008,rtrigger,32767
134008,lstick_x,-32732
134008,lstick_y,9965
134016,rtrigger,32767
134016,lstick_x,-32732
134016,lstick_y,9965
134024,rtrigger,32767
134024,lstick_x,-32732
134024,lstick_y,9965
134033,rtrigger,32767
134033,lstick_x,-32732
134033,lstick_y,9965
134042,rtrigger,32767
134042,lstick_x,-32732
134042,lstick_y,9965
134049,rtrigger,32767
134049,lstick_x,-32732
134049,lstick_y,9965
134064,rtrigger,32767
134064,lstick_x,-32732
134064,lstick_y,9965
134076,rtrigger,32767
134076,lstick_x,-32732
134076,lstick_y,9965
134080,rtrigger,32767
134080,lstick_x,-32732
134080,lstick_y,9965
134084,rtrigger,32767
134084,lstick_x,-32732
134084,lstick_y,9965
134090,rtrigger,32767
134090,lstick_x,-32732
134090,lstick_y,9965
134103,rtrigger,32767
134103,lstick_x,-32732
134103,lstick_y,9965
134123,rtrigger,32767
134123,lstick_x,-32732
134123,lstick_y,9965
134129,rtrigger,32767
134129,lstick_x,-32732
134129,lstick_y,9965
134136,rtrigger,32767
134136,lstick_x,-32732
134136,lstick_y,9965
134139,rtrigger,32767
134139,lstick_x,-32057
134139,lstick_y,9691
134144,rtrigger,32767
134144,lstick_x,-32057
134144,lstick_y,9691
134153,rtrigger,32767
134153,lstick_x,-32057
134153,lstick_y,9691
134162,rtrigger,32767
134162,lstick_x,-32057
134162,lstick_y,9691
134168,rtrigger,32767
134168,lstick_x,-32057
134168,lstick_y,9691
134177,rtrigger,32767
134177,lstick_x,-32057
134177,lstick_y,9691
134181,rtrigger,32767
134181,lstick_x,-32057
134181,lstick_y,9691
134190,rtrigger,32767
134190,lstick_x,-32057
134190,lstick_y,9691
134200,rtrigger,32767
134200,lstick_x,-32057
134200,lstick_y,9691
134210,rtrigger,32767
134210,lstick_x,-32057
134210,lstick_y,9691
134223,rtrigger,32767
134223,lstick_x,-32057
134223,lstick_y,9691
134235,rtrigger,32767
134235,lstick_x,-32057
134235,lstick_y,9691
134241,rtrigger,32767
134241,lstick_x,-3426
134241,lstick_y,4860
134256,rtrigger,32767
134256,lstick_x,-3426
134256,lstick_y,4860
134282,rtrigger,32767
134282,lstick_x,-3426
134282,lstick_y,4860
134290,rtrigger,32767
134290,lstick_x,-3426
134290,lstick_y,4860
134297,rtrigger,32767
134297,lstick_x,-3426
134297,lstick_y,4860
134304,rtrigger,32767
134304,lstick_x,-2173
134304,lstick_y,2287
134315,rtrigger,32767
134315,lstick_x,-1959
134315,lstick_y,1925
134320,rtrigger,32767
134320,lstick_x,-1959
134320,lstick_y,1925
134325,rtrigger,32767
134325,lstick_x,-1959
134325,lstick_y,1925
134329,rtrigger,32767
134329,lstick_x,-1959
134329,lstick_y,1925
134334,rtrigger,32767
134334,lstick_x,-1782
134334,lstick_y,1635
134342,rtrigger,32767
134342,lstick_x,-1782
134342,lstick_y,1635
134345,rtrigger,32767
134345,lstick_x,-1782
134345,lstick_y,1635
134349,rtrigger,32767
134349,lstick_x,-1782
134349,lstick_y,1635
134352,rtrigger,32767
134352,lstick_x,-1782
134352,lstick_y,1635
134356,rtrigger,32767
134356,lstick_x,-1782
134356,lstick_y,1635
134359,rtrigger,32767
134359,lstick_x,-1782
134359,lstick_y,1635
134377,rtrigger,32767
134377,lstick_x,-1782
134377,lstick_y,1635
134381,rtrigger,32767
134381,lstick_x,-1782
134381,lstick_y,1635
134386,rtrigger,32767
134386,lstick_x,-1782
134386,lstick_y,1635
134392,rtrigger,32767
134392,lstick_x,-1782
134392,lstick_y,1635
134406,rtrigger,32767
134406,lstick_x,-1782
134406,lstick_y,1635
134417,rtrigger,32767
134417,lstick_x,-1782
134417,lstick_y,1635
134424,rtrigger,32767
134424,lstick_x,-1367
134455,rtrigger,32767
134455,lstick_x,-1367
134459,rtrigger,32767
134459,lstick_x,-1367
134464,rtrigger,32767
134464,lstick_x,-1367
134475,rtrigger,32767
134475,lstick_x,-1367
134481,rtrigger,32767
134481,lstick_x,-1367
134485,rtrigger,32767
134485,lstick_x,-1155
134490,rtrigger,32767
134490,lstick_x,-1155
134496,rtrigger,32767
134496,lstick_x,-1155
134506,rtrigger,32767
134506,lstick_x,-1155
134512,rtrigger,32767
134512,lstick_x,-1155
134520,rtrigger,32767
134520,lstick_x,-1155
134526,rtrigger,32767
134526,lstick_x,-1155
134532,rtrigger,32767
134532,lstick_x,-1155
134537,rtrigger,32767
134537,lstick_x,-1155
134550,rtrigger,32767
134550,lstick_x,-1155
134554,rtrigger,32767
134554,lstick_x,-1155
134560,rtrigger,32767
134560,lstick_x,-1155
134568,rtrigger,32767
134568,lstick_x,-1155
134577,rtrigger,32767
134577,lstick_x,-1155
134584,rtrigger,32767
134584,lstick_x,-1155
134606,rtrigger,32767
134606,lstick_x,-1100
134614,rtrigger,32767
134614,lstick_x,-1100
134627,rtrigger,32767
134627,lstick_x,-1100
134639,rtrigger,32767
134639,lstick_x,-1100
134648,rtrigger,32767
134648,lstick_x,-1100
134660,rtrigger,32767
134660,lstick_x,-1054
134665,rtrigger,32767
134665,lstick_x,-1054
134675,rtrigger,32767
134675,lstick_x,-1054
134680,rtrigger,32767
134680,lstick_x,-1054
134688,rtrigger,32767
134688,lstick_x,-1054
134692,rtrigger,32767
134692,lstick_x,-1054
134696,rtrigger,32767
134696,lstick_x,-1054
134705,rtrigger,32767
134705,lstick_x,-1054
134712,rtrigger,32767
134712,lstick_x,-1054
134723,rtrigger,32767
134723,lstick_x,-1054
134728,rtrigger,32767
134728,lstick_x,-1054
134737,rtrigger,32767
134737,lstick_x,-1054
134748,rtrigger,32767
134748,lstick_x,-1054
134757,rtrigger,32767
134757,lstick_x,-1054
134762,rtrigger,32767
134762,lstick_x,-1054
134774,rtrigger,32767
134774,lstick_x,-1054
134787,rtrigger,32767
134787,lstick_x,-1054
134796,rtrigger,32767
134796,lstick_x,-1054
134804,rtrigger,32767
134804,lstick_x,-1054
134808,rtrigger,32767
134808,lstick_x,-1054
134817,rtrigger,32767
134817,lstick_x,-1054
134822,rtrigger,32767
134822,lstick_x,-1054
134832,rtrigger,32767
134832,lstick_x,-1054
134840,rtrigger,32767
134840,lstick_x,-1054
134848,rtrigger,32767
134848,lstick_x,-1054
134856,rtrigger,32767
134856,lstick_x,-1054
134864,rtrigger,32767
134864,lstick_x,-1054
134874,rtrigger,32767
134874,lstick_x,-1054
134883,rtrigger,32767
134883,lstick_x,-1054
134893,rtrigger,32767
134893,lstick_x,-1054
134896,rtrigger,32767
134896,lstick_x,-1054
134904,rtrigger,32767
134904,lstick_x,-1054
134918,rtrigger,32767
134918,lstick_x,-1054
134922,rtrigger,32767
134922,lstick_x,-1054
134928,rtrigger,32767
134928,lstick_x,-1054
134937,rtrigger,32767
134937,lstick_x,-1054
134959,rtrigger,32767
134959,lstick_x,-1054
134969,rtrigger,32767
134969,lstick_x,-1054
134981,rtrigger,32767
134981,lstick_x,-1054
134989,rtrigger,32767
134989,lstick_x,-1054
134992,rtrigger,32767
134992,lstick_x,-1054
135000,rtrigger,32767
135000,lstick_x,-1054
135003,rtrigger,32767
135003,lstick_x,-1054
135006,rtrigger,32767
135006,lstick_x,-1054
135016,rtrigger,32767
135016,lstick_x,-1054
135024,rtrigger,32767
135024,lstick_x,-1054
135032,rtrigger,32767
135032,lstick_x,-1054
135040,rtrigger,32767
135040,lstick_x,-1054
135046,rtrigger,32767
135046,lstick_x,-1054
135056,rtrigger,32767
135056,lstick_x,-1054
135065,rtrigger,32767
135065,lstick_x,-1054
135076,rtrigger,32767
135076,lstick_x,-1054
135085,rtrigger,32767
135085,lstick_x,-1054
135097,rtrigger,32767
135097,lstick_x,-1054
135101,rtrigger,31935
135101,lstick_x,-1054
135109,rtrigger,31935
135109,lstick_x,-1054
135120,rtrigger,31935
135120,lstick_x,-1054
135143,rtrigger,31935
135143,lstick_x,-1054
135175,rtrigger,31935
135175,lstick_x,-1054
135180,lstick_x,-1054
135187,lstick_x,-1054
135192,lstick_x,-1054
135196,lstick_x,-1054
135200,lstick_x,-1054
135208,lstick_x,-1054
135216,lstick_x,-1054
135224,lstick_x,-1054
135232,lstick_x,-1054
135236,lstick_x,-1054
135240,lstick_x,-1054
135250,lstick_x,-1054
135263,lstick_x,-1054
135269,lstick_x,-1054
135272,lstick_x,-1054
135282,lstick_x,-1054
135289,lstick_x,-1054
135296,lstick_x,-1054
135308,lstick_x,-1054
135312,lstick_x,-1054
135339,lstick_x,-1054
135354,lstick_x,-1054
135360,lstick_x,-1054
135369,lstick_x,-1054
135376,lstick_x,-1054
135380,lstick_x,-1054
135384,lstick_x,-1054
135393,lstick_x,-1054
135400,lstick_x,-1054
135408,lstick_x,-1054
135416,lstick_x,-1054
135423,lstick_x,-1054
135430,lstick_x,-1054
135441,lstick_x,-1054
135448,lstick_x,-1054
135458,lstick_x,-1054
135466,lstick_x,-1054
135472,lstick_x,-1054
135498,lstick_x,-1054
135504,lstick_x,-1054
135521,lstick_x,-1054
135547,lstick_x,-1054
135561,lstick_x,-1054
135565,lstick_x,-1054
135568,lstick_x,-1054
135573,lstick_x,-1054
135577,lstick_x,-1054
135584,lstick_x,-1054
135589,lstick_x,-1054
135593,lstick_x,-1054
135600,lstick_x,-1054
135609,lstick_x,-1054
135614,lstick_x,-1054
135624,lstick_x,-1054
135634,lstick_x,-1054
135640,lstick_x,-1054
135648,lstick_x,-1054
135663,lstick_x,-1054
135669,lstick_x,-1054
135672,lstick_x,-1054
135688,lstick_x,-1054
135702,lstick_x,-1054
135733,lstick_x,-1054
135788,lstick_x,-1054
135792,lstick_x,-1054
135823,lstick_x,-1054
135863,lstick_x,-1054
135872,lstick_x,-1054
135885,lstick_x,-1054
135909,lstick_x,-1054
135938,lstick_x,-1054
135952,lstick_x,-1054
135962,lstick_x,-1054
135973,lstick_x,-1054
135981,lstick_x,-1054
135985,lstick_x,-1054
135992,lstick_x,-1054
136000,lstick_x,-1054
136026,lstick_x,-1054
136030,lstick_x,-1054
136043,lstick_x,-1054
136051,lstick_x,-1054
136060,lstick_x,-1054
136066,lstick_x,-1054
136072,lstick_x,-1054
136082,lstick_x,-1054
136095,lstick_x,-1054
136101,rtrigger,16703
136101,lstick_x,-11721
136104,rtrigger,16703
136104,lstick_x,-11721
136115,rtrigger,16703
136115,lstick_x,-11721
136120,rtrigger,16703
136120,lstick_x,-11721
136132,rtrigger,16703
136132,lstick_x,-11721
136136,rtrigger,30015
136136,lstick_x,-12817
136136,lstick_y,1618
136140,rtrigger,30015
136140,lstick_x,-12817
136140,lstick_y,1618
136159,rtrigger,30015
136159,lstick_x,-12817
136159,lstick_y,1618
136182,rtrigger,30015
136182,lstick_x,-12817
136182,lstick_y,1618
136194,rtrigger,30015
136194,lstick_x,-12817
136194,lstick_y,1618
136206,rtrigger,32767
136206,lstick_x,-31779
136206,lstick_y,4720
136217,rtrigger,32767
136217,lstick_x,-31779
136217,lstick_y,4720
136233,rtrigger,32767
136233,lstick_x,-31779
136233,lstick_y,4720
136240,rtrigger,32767
136240,lstick_x,-31779
136240,lstick_y,4720
136257,rtrigger,32767
136257,lstick_x,-31779
136257,lstick_y,4720
136269,rtrigger,32767
136269,lstick_x,-31779
136269,lstick_y,4720
136280,rtrigger,32767
136280,lstick_x,-31779
136280,lstick_y,4720
136300,rtrigger,32767
136300,lstick_x,-31779
136300,lstick_y,4720
136304,rtrigger,32767
136304,lstick_x,-31779
136304,lstick_y,4720
136310,rtrigger,32767
136310,lstick_x,-32768
136310,lstick_y,8816
136351,rtrigger,32767
136351,lstick_x,-32768
136351,lstick_y,8816
136360,rtrigger,32767
136360,lstick_x,-32768
136360,lstick_y,8816
136374,rtrigger,32767
136374,lstick_x,-32768
136374,lstick_y,8816
136403,rtrigger,32767
136403,lstick_x,-32768
136403,lstick_y,8816
136468,rtrigger,32767
136468,lstick_x,-32768
136468,lstick_y,8816
136505,rtrigger,32767
136505,lstick_x,-32768
136505,lstick_y,8816
136513,rtrigger,32767
136513,lstick_x,-32768
136513,lstick_y,8816
136550,rtrigger,32767
136550,lstick_x,-32768
136550,lstick_y,8816
136568,rtrigger,32767
136568,lstick_x,-32768
136568,lstick_y,8816
136579,rtrigger,32767
136579,lstick_x,-32768
136579,lstick_y,8816
136604,rtrigger,32767
136604,lstick_x,-32768
136604,lstick_y,8816
136612,rtrigger,32767
136612,lstick_x,-32768
136612,lstick_y,8816
136618,rtrigger,32767
136618,lstick_x,-32768
136618,lstick_y,9652
136627,rtrigger,32767
136627,lstick_x,-32768
136627,lstick_y,9652
136639,rtrigger,32767
136639,lstick_x,-32768
136639,lstick_y,9652
136652,rtrigger,32767
136652,lstick_x,-32768
136652,lstick_y,9652
136668,rtrigger,32767
136668,lstick_x,-32768
136668,lstick_y,9652
136679,rtrigger,32767
136679,lstick_x,-32768
136679,lstick_y,9652
136685,rtrigger,32767
136685,lstick_x,-32768
136685,lstick_y,9652
136697,rtrigger,32767
136697,lstick_x,-32768
136697,lstick_y,9652
136704,rtrigger,32767
136704,lstick_x,-32768
136704,lstick_y,9652
136719,rtrigger,32767
136719,lstick_x,-32768
136719,lstick_y,9652
136728,rtrigger,32767
136728,lstick_x,-32768
136728,lstick_y,9652
136736,rtrigger,32767
136736,lstick_x,-32768
136736,lstick_y,9652
136743,rtrigger,32767
136743,lstick_x,-32768
136743,lstick_y,9652
136748,rtrigger,32767
136748,lstick_x,-32768
136748,lstick_y,9652
136753,rtrigger,32767
136753,lstick_x,-32768
136753,lstick_y,9652
136770,rtrigger,32767
136770,lstick_x,-32768
136770,lstick_y,9652
136776,rtrigger,32767
136776,lstick_x,-32768
136776,lstick_y,9652
136787,rtrigger,32767
136787,lstick_x,-32768
136787,lstick_y,9652
136803,rtrigger,32767
136803,lstick_x,-32768
136803,lstick_y,9652
136808,rtrigger,32767
136808,lstick_x,-32768
136808,lstick_y,9652
136816,rtrigger,32767
136816,lstick_x,-32768
136816,lstick_y,9652
136831,rtrigger,32767
136831,lstick_x,-32768
136831,lstick_y,9652
136836,rtrigger,32767
136836,lstick_x,-32768
136836,lstick_y,9652
136844,rtrigger,32767
136844,lstick_x,-32768
136844,lstick_y,9652
136853,rtrigger,32767
136853,lstick_x,-32768
136853,lstick_y,9652
136885,rtrigger,32767
136885,lstick_x,-32768
136885,lstick_y,9652
136888,rtrigger,32767
136888,lstick_x,-32768
136888,lstick_y,9652
136896,rtrigger,32767
136896,lstick_x,-32768
136896,lstick_y,9652
136911,rtrigger,32767
136911,lstick_x,-32768
136911,lstick_y,9652
136959,rtrigger,32767
136959,lstick_x,-32768
136959,lstick_y,9652
136971,rtrigger,32767
136971,lstick_x,-32768
136971,lstick_y,9652
136994,rtrigger,32767
136994,lstick_x,-32768
136994,lstick_y,9652
137001,rtrigger,32767
137001,lstick_x,-32768
137001,lstick_y,9652
137008,rtrigger,32767
137008,lstick_x,-32768
137008,lstick_y,9652
137018,rtrigger,32767
137018,lstick_x,-32768
137018,lstick_y,9652
137037,rtrigger,32767
137037,lstick_x,-32768
137037,lstick_y,9652
137068,rtrigger,32767
137068,lstick_x,-32768
137068,lstick_y,9652
137072,rtrigger,32767
137072,lstick_x,-32768
137072,lstick_y,9652
137081,rtrigger,32767
137081,lstick_x,-32768
137081,lstick_y,9696
137088,rtrigger,32767
137088,lstick_x,-32768
137088,lstick_y,9696
137093,rtrigger,32767
137093,lstick_x,-32768
137093,lstick_y,9696
137097,rtrigger,32767
137097,lstick_x,-32768
137097,lstick_y,9696
137105,rtrigger,32767
137105,lstick_x,-32768
137105,lstick_y,9696
137116,rtrigger,32767
137116,lstick_x,-32768
137116,lstick_y,9696
137123,rtrigger,32767
137123,lstick_x,-32768
137123,lstick_y,9696
137135,rtrigger,32767
137135,lstick_x,-32768
137135,lstick_y,9696
137142,rtrigger,32767
137142,lstick_x,-32768
137142,lstick_y,9696
137153,rtrigger,32767
137153,lstick_x,-32768
137153,lstick_y,9696
137160,rtrigger,32767
137160,lstick_x,-32768
137160,lstick_y,9696
137168,rtrigger,32767
137168,lstick_x,-32768
137168,lstick_y,9696
137174,rtrigger,32767
137174,lstick_x,-32768
137174,lstick_y,9696
137187,rtrigger,32767
137187,lstick_x,-32768
137187,lstick_y,9696
137197,rtrigger,32767
137197,lstick_x,-32768
137197,lstick_y,9696
137214,rtrigger,32767
137214,lstick_x,-32768
137214,lstick_y,9696
137233,rtrigger,32767
137233,lstick_x,-32768
137233,lstick_y,9696
137256,rtrigger,32767
137256,lstick_x,-32768
137256,lstick_y,9696
137264,rtrigger,32767
137264,lstick_x,-32768
137264,lstick_y,9696
137273,rtrigger,32767
137273,lstick_x,-3506
137273,lstick_y,5410
137288,rtrigger,32767
137288,lstick_x,-3506
137288,lstick_y,5410
137298,rtrigger,32767
137298,lstick_x,-3506
137298,lstick_y,5410
137308,rtrigger,32767
137308,lstick_x,-3506
137308,lstick_y,5410
137312,rtrigger,32767
137312,lstick_x,-3506
137312,lstick_y,5410
137330,rtrigger,32767
137330,lstick_x,-3506
137330,lstick_y,5410
137338,rtrigger,32767
137338,lstick_x,-3506
137338,lstick_y,5410
137348,rtrigger,32767
137348,lstick_x,-3506
137348,lstick_y,5410
137352,rtrigger,32767
137352,lstick_x,-3506
137352,lstick_y,5410
137362,rtrigger,32767
137362,lstick_x,-3506
137362,lstick_y,5410
137377,rtrigger,32767
137377,lstick_x,-3506
137377,lstick_y,5410
137389,rtrigger,32767
137389,lstick_x,-3506
137389,lstick_y,5410
137392,rtrigger,32767
137392,lstick_x,-3506
137392,lstick_y,5410
137400,rtrigger,32767
137400,lstick_x,-2308
137400,lstick_y,1828
137408,rtrigger,32767
137408,lstick_x,-2308
137408,lstick_y,1828
137417,rtrigger,32767
137417,lstick_x,-2308
137417,lstick_y,1828
137424,rtrigger,32767
137424,lstick_x,-2308
137424,lstick_y,1828
137432,rtrigger,32767
137432,lstick_x,-2308
137432,lstick_y,1828
137441,rtrigger,32767
137441,lstick_x,-2308
137441,lstick_y,1828
137449,rtrigger,32767
137449,lstick_x,-2308
137449,lstick_y,1828
137457,rtrigger,32767
137457,lstick_x,-2308
137457,lstick_y,1828
137470,rtrigger,32767
137470,lstick_x,-2308
137470,lstick_y,1828
137482,rtrigger,32767
137482,lstick_x,-2308
137482,lstick_y,1828
137492,rtrigger,32767
137492,lstick_x,-2308
137492,lstick_y,1828
137497,rtrigger,32767
137497,lstick_x,-2308
137497,lstick_y,1828
137564,rtrigger,32767
137564,lstick_x,-2308
137564,lstick_y,1828
137590,rtrigger,32767
137590,lstick_x,-2308
137590,lstick_y,1828
137607,rtrigger,32767
137607,lstick_x,-2308
137607,lstick_y,1828
137613,rtrigger,32767
137613,lstick_x,-2308
137613,lstick_y,1828
137616,rtrigger,32767
137616,lstick_x,-2308
137616,lstick_y,1828
137624,rtrigger,32767
137624,lstick_x,-2308
137624,lstick_y,1828
137627,rtrigger,32767
137627,lstick_x,-11843
137627,lstick_y,1517
137631,rtrigger,32767
137631,lstick_x,-13083
137631,lstick_y,2405
137640,rtrigger,32767
137640,lstick_x,-13083
137640,lstick_y,2405
137648,rtrigger,32767
137648,lstick_x,-13083
137648,lstick_y,2405
137656,rtrigger,32767
137656,lstick_x,-13083
137656,lstick_y,2405
137664,rtrigger,32767
137664,lstick_x,-13083
137664,lstick_y,2405
137677,rtrigger,32767
137677,lstick_x,-13083
137677,lstick_y,2405
137681,rtrigger,32767
137681,lstick_x,-13083
137681,lstick_y,2405
137688,rtrigger,32767
137688,lstick_x,-13083
137688,lstick_y,2405
137696,rtrigger,32767
137696,lstick_x,-13083
137696,lstick_y,2405
137704,rtrigger,32767
137704,lstick_x,-13083
137704,lstick_y,2405
137716,rtrigger,32767
137716,lstick_x,-13083
137716,lstick_y,2405
137726,rtrigger,32767
137726,lstick_x,-13083
137726,lstick_y,2405
137743,rtrigger,32767
137743,lstick_x,-32581
137743,lstick_y,6728
137774,rtrigger,32767
137774,lstick_x,-32581
137774,lstick_y,6728
137811,rtrigger,32767
137811,lstick_x,-32581
137811,lstick_y,6728
137816,rtrigger,32767
137816,lstick_x,-32581
137816,lstick_y,6728
137829,rtrigger,32767
137829,lstick_x,-32581
137829,lstick_y,6728
137839,rtrigger,32767
137839,lstick_x,-32581
137839,lstick_y,6728
137853,rtrigger,32767
137853,lstick_x,-32581
137853,lstick_y,6728
137858,rtrigger,32767
137858,lstick_x,-32581
137858,lstick_y,6728
137864,rtrigger,32767
137864,lstick_x,-32581
137864,lstick_y,10446
137869,rtrigger,32767
137869,lstick_x,-32581
137869,lstick_y,10446
137873,rtrigger,32767
137873,lstick_x,-32581
137873,lstick_y,10446
137880,rtrigger,32767
137880,lstick_x,-32581
137880,lstick_y,10446
137892,rtrigger,32767
137892,lstick_x,-32581
137892,lstick_y,10607
137896,rtrigger,32767
137896,lstick_x,-32581
137896,lstick_y,10607
137904,rtrigger,32767
137904,lstick_x,-32581
137904,lstick_y,10607
137910,rtrigger,32767
137910,lstick_x,-32581
137910,lstick_y,10664
137913,rtrigger,32767
137913,lstick_x,-32581
137913,lstick_y,10664
137916,rtrigger,32767
137916,lstick_x,-32581
137916,lstick_y,10664
137923,rtrigger,32767
137923,lstick_x,-32581
137923,lstick_y,10664
137928,rtrigger,32767
137928,lstick_x,-32581
137928,lstick_y,10664
137938,rtrigger,32767
137938,lstick_x,-32581
137938,lstick_y,10664
137944,rtrigger,32767
137944,lstick_x,-32581
137944,lstick_y,10664
137952,rtrigger,32767
137952,lstick_x,-32581
137952,lstick_y,10664
137960,rtrigger,32767
137960,lstick_x,-32581
137960,lstick_y,10664
137968,rtrigger,32767
137968,lstick_x,-32581
137968,lstick_y,10664
137977,rtrigger,32767
137977,lstick_x,-32581
137977,lstick_y,10664
137984,rtrigger,32767
137984,lstick_x,-32581
137984,lstick_y,10664
138003,rtrigger,32767
138003,lstick_x,-32581
138003,lstick_y,10664
138016,rtrigger,32767
138016,lstick_x,-32581
138016,lstick_y,10664
138057,rtrigger,32767
138057,lstick_x,-32581
138057,lstick_y,10664
138064,rtrigger,32767
138064,lstick_x,-32581
138064,lstick_y,10664
138073,rtrigger,32767
138073,lstick_x,-32581
138073,lstick_y,10664
138090,rtrigger,32767
138090,lstick_x,-32581
138090,lstick_y,10664
138096,rtrigger,32767
138096,lstick_x,-32581
138096,lstick_y,10664
138104,rtrigger,32767
138104,lstick_x,-32581
138104,lstick_y,10664
138112,rtrigger,32767
138112,lstick_x,-32581
138112,lstick_y,10664
138118,rtrigger,32767
138118,lstick_x,-32581
138118,lstick_y,10874
138132,rtrigger,32767
138132,lstick_x,-32581
138132,lstick_y,10874
138136,rtrigger,32767
138136,lstick_x,-32581
138136,lstick_y,10874
138146,rtrigger,32767
138146,lstick_x,-32581
138146,lstick_y,10874
138149,rtrigger,32767
138149,lstick_x,-31396
138149,lstick_y,10606
138152,rtrigger,32767
138152,lstick_x,-31396
138152,lstick_y,10606
138157,rtrigger,32767
138157,lstick_x,-23030
138157,lstick_y,10073
138165,rtrigger,32767
138165,lstick_x,-23030
138165,lstick_y,10073
138168,rtrigger,32767
138168,lstick_x,-23030
138168,lstick_y,10073
138175,rtrigger,32767
138175,lstick_x,-23030
138175,lstick_y,10073
138183,rtrigger,32767
138183,lstick_x,-23030
138183,lstick_y,10073
138193,rtrigger,32767
138193,lstick_x,-23030
138193,lstick_y,10073
138203,rtrigger,32767
138203,lstick_x,-23030
138203,lstick_y,10073
138207,rtrigger,32767
138207,lstick_x,-23030
138207,lstick_y,10073
138217,rtrigger,32767
138217,lstick_x,-23030
138217,lstick_y,10073
138229,rtrigger,32767
138229,lstick_x,-23030
138229,lstick_y,10073
138232,rtrigger,32767
138232,lstick_x,-23030
138232,lstick_y,10073
138244,rtrigger,32767
138244,lstick_x,-23030
138244,lstick_y,10073
138248,rtrigger,32767
138248,lstick_x,-23030
138248,lstick_y,10073
138258,rtrigger,32767
138258,lstick_x,-23030
138258,lstick_y,10073
138280,rtrigger,32767
138280,lstick_x,-23030
138280,lstick_y,10073
138302,rtrigger,32767
138302,lstick_x,-23030
138302,lstick_y,10073
138309,rtrigger,32767
138309,lstick_x,-23030
138309,lstick_y,10073
138333,rtrigger,32767
138333,lstick_x,-23030
138333,lstick_y,10073
138342,rtrigger,32767
138342,lstick_x,-23030
138342,lstick_y,10073
138354,rtrigger,32767
138354,lstick_x,-23030
138354,lstick_y,10073
138361,rtrigger,32767
138361,lstick_x,-23030
138361,lstick_y,10073
138367,rtrigger,32767
138367,lstick_x,-2351
138367,lstick_y,1737
138372,rtrigger,32767
138372,lstick_x,-2351
138372,lstick_y,1737
138375,rtrigger,32767
138375,lstick_x,-2351
138375,lstick_y,1737
138378,rtrigger,32767
138378,lstick_x,-2351
138378,lstick_y,1737
138386,rtrigger,32767
138386,lstick_x,-2351
138386,lstick_y,1737
138392,rtrigger,32767
138392,lstick_x,-2237
138392,lstick_y,1596
138396,rtrigger,32767
138396,lstick_x,-2237
138396,lstick_y,1596
138400,rtrigger,32767
138400,lstick_x,-2237
138400,lstick_y,1596
138410,rtrigger,32767
138410,lstick_x,-2237
138410,lstick_y,1596
138417,rtrigger,32767
138417,lstick_x,-2237
138417,lstick_y,1596
138424,rtrigger,32767
138424,lstick_x,-2140
138424,lstick_y,1489
138431,rtrigger,32767
138431,lstick_x,-2068
138431,lstick_y,1404
138439,rtrigger,32767
138439,lstick_x,-2068
138439,lstick_y,1404
138451,rtrigger,32767
138451,lstick_x,-2068
138451,lstick_y,1404
138458,rtrigger,32767
138458,lstick_x,-2068
138458,lstick_y,1404
138464,rtrigger,32767
138464,lstick_x,-2068
138464,lstick_y,1404
138476,rtrigger,32767
138476,lstick_x,-2068
138476,lstick_y,1404
138480,rtrigger,32767
138480,lstick_x,-2068
138480,lstick_y,1404
138490,rtrigger,32767
138490,lstick_x,-2068
138490,lstick_y,1404
138498,rtrigger,32767
138498,lstick_x,-2068
138498,lstick_y,1404
138504,rtrigger,32767
138504,lstick_x,-2068
138504,lstick_y,1404
138539,rtrigger,32767
138539,lstick_x,-2068
138539,lstick_y,1404
138547,rtrigger,32767
138547,lstick_x,-2068
138547,lstick_y,1404
138592,rtrigger,32767
138592,lstick_x,-2068
138592,lstick_y,1404
138607,rtrigger,32767
138607,lstick_x,-2068
138607,lstick_y,1404
138612,rtrigger,32767
138612,lstick_x,-2068
138612,lstick_y,1404
138616,rtrigger,32767
138616,lstick_x,-2068
138616,lstick_y,1404
138631,rtrigger,32767
138631,lstick_x,-2068
138631,lstick_y,1404
138637,rtrigger,32767
138637,lstick_x,-2068
138637,lstick_y,1404
138641,rtrigger,32767
138641,lstick_x,-2068
138641,lstick_y,1404
138647,rtrigger,32767
138647,lstick_x,-1744
138659,rtrigger,32767
138659,lstick_x,-1744
138664,rtrigger,32767
138664,lstick_x,-1744
138670,rtrigger,32767
138670,lstick_x,-1744
138672,rtrigger,32767
138672,lstick_x,-1744
138680,rtrigger,32767
138680,lstick_x,-1744
138688,rtrigger,32767
138688,lstick_x,-1744
138691,rtrigger,32767
138691,lstick_x,-1744
138702,rtrigger,32767
138702,lstick_x,-1744
138708,rtrigger,32767
138708,lstick_x,-1744
138714,rtrigger,32767
138714,lstick_x,-1744
138721,rtrigger,32767
138721,lstick_x,-1744
138738,rtrigger,32767
138738,lstick_x,-1744
138744,rtrigger,32767
138744,lstick_x,-1744
138753,rtrigger,32767
138753,lstick_x,-1744
138757,rtrigger,32767
138757,lstick_x,-1688
138763,rtrigger,32767
138763,lstick_x,-1688
138784,rtrigger,32767
138784,lstick_x,-1688
138791,rtrigger,32767
138791,lstick_x,-10747
138791,lstick_y,2337
138795,rtrigger,32767
138795,lstick_x,-10747
138795,lstick_y,2337
138803,rtrigger,32767
138803,lstick_x,-10747
138803,lstick_y,2337
138808,rtrigger,32767
138808,lstick_x,-10747
138808,lstick_y,2337
138828,rtrigger,32767
138828,lstick_x,-10747
138828,lstick_y,2337
138840,rtrigger,32767
138840,lstick_x,-10747
138840,lstick_y,2337
138850,rtrigger,32767
138850,lstick_x,-10747
138850,lstick_y,2337
138859,rtrigger,32767
138859,lstick_x,-10747
138859,lstick_y,2337
138864,rtrigger,32767
138864,lstick_x,-10747
138864,lstick_y,2337
138873,rtrigger,32767
138873,lstick_x,-10747
138873,lstick_y,2337
138880,rtrigger,32767
138880,lstick_x,-10747
138880,lstick_y,2337
138888,rtrigger,32767
138888,lstick_x,-10747
138888,lstick_y,2337
138897,rtrigger,32767
138897,lstick_x,-10747
138897,lstick_y,2337
138901,rtrigger,32767
138901,lstick_x,-30870
138901,lstick_y,9068
138904,rtrigger,32767
138904,lstick_x,-30870
138904,lstick_y,9068
138912,rtrigger,32767
138912,lstick_x,-31206
138912,lstick_y,9519
138920,rtrigger,32767
138920,lstick_x,-31206
138920,lstick_y,9519
138928,rtrigger,32767
138928,lstick_x,-31206
138928,lstick_y,9519
138936,rtrigger,32767
138936,lstick_x,-31206
138936,lstick_y,9519
138939,rtrigger,32767
138939,lstick_x,-31206
138939,lstick_y,9519
138947,rtrigger,32767
138947,lstick_x,-31206
138947,lstick_y,9519
138958,rtrigger,32767
138958,lstick_x,-31206
138958,lstick_y,9519
138967,rtrigger,32767
138967,lstick_x,-31206
138967,lstick_y,9519
138970,rtrigger,32767
138970,lstick_x,-31206
138970,lstick_y,9519
138982,rtrigger,32767
138982,lstick_x,-31206
138982,lstick_y,9519
138992,rtrigger,32767
138992,lstick_x,-31206
138992,lstick_y,9519
138997,rtrigger,32767
138997,lstick_x,-31998
138997,lstick_y,10581
139006,rtrigger,32767
139006,lstick_x,-31998
139006,lstick_y,10581
139024,rtrigger,32767
139024,lstick_x,-31998
139024,lstick_y,10581
139031,rtrigger,32767
139031,lstick_x,-32196
139031,lstick_y,10848
139037,rtrigger,32767
139037,lstick_x,-32196
139037,lstick_y,10848
139067,rtrigger,32767
139067,lstick_x,-32196
139067,lstick_y,10848
139076,rtrigger,32767
139076,lstick_x,-32196
139076,lstick_y,10848
139083,rtrigger,32767
139083,lstick_x,-32359
139083,lstick_y,11118
139088,rtrigger,32767
139088,lstick_x,-32359
139088,lstick_y,11118
139103,rtrigger,32767
139103,lstick_x,-32359
139103,lstick_y,11118
139116,rtrigger,32767
139116,lstick_x,-32359
139116,lstick_y,11118
139120,rtrigger,32767
139120,lstick_x,-32359
139120,lstick_y,11118
139131,rtrigger,32767
139131,lstick_x,-32359
139131,lstick_y,11118
139141,rtrigger,32767
139141,lstick_x,-31063
139141,lstick_y,10910
139145,rtrigger,32767
139145,lstick_x,-31063
139145,lstick_y,10910
139153,rtrigger,32767
139153,lstick_x,-24126
139153,lstick_y,10558
139161,rtrigger,32767
139161,lstick_x,-24126
139161,lstick_y,10558
139170,rtrigger,32767
139170,lstick_x,-22460
139170,lstick_y,9343
139176,rtrigger,32767
139176,lstick_x,-22460
139176,lstick_y,9343
139184,rtrigger,32767
139184,lstick_x,-22460
139184,lstick_y,9343
139192,rtrigger,32767
139192,lstick_x,-22460
139192,lstick_y,9343
139203,rtrigger,32767
139203,lstick_x,-22460
139203,lstick_y,9343
139217,rtrigger,32767
139217,lstick_x,-22460
139217,lstick_y,9343
139235,rtrigger,32767
139235,lstick_x,-22460
139235,lstick_y,9343
139241,rtrigger,32767
139241,lstick_x,-22460
139241,lstick_y,9343
139261,rtrigger,32767
139261,lstick_x,-22460
139261,lstick_y,9343
139267,rtrigger,32767
139267,lstick_x,-22460
139267,lstick_y,9343
139278,rtrigger,32767
139278,lstick_x,-22460
139278,lstick_y,9343
139282,rtrigger,32767
139282,lstick_x,-22460
139282,lstick_y,9343
139309,rtrigger,32767
139309,lstick_x,-5010
139309,lstick_y,2892
139336,rtrigger,32767
139336,lstick_x,-5010
139336,lstick_y,2892
139343,rtrigger,32767
139343,lstick_x,-4569
139343,lstick_y,2349
139354,rtrigger,32767
139354,lstick_x,-4569
139354,lstick_y,2349
139363,rtrigger,32767
139363,lstick_x,-4215
139363,lstick_y,1998
139369,rtrigger,32767
139369,lstick_x,-4215
139369,lstick_y,1998
139383,rtrigger,32767
139383,lstick_x,-4215
139383,lstick_y,1998
139398,rtrigger,32767
139398,lstick_x,-4215
139398,lstick_y,1998
139402,rtrigger,32767
139402,lstick_x,-4215
139402,lstick_y,1998
139408,rtrigger,32767
139408,lstick_x,-4215
139408,lstick_y,1998
139429,rtrigger,32767
139429,lstick_x,-4215
139429,lstick_y,1998
139433,rtrigger,32767
139433,lstick_x,-4215
139433,lstick_y,1998
139441,rtrigger,32767
139441,lstick_x,-4215
139441,lstick_y,1998
139448,rtrigger,32767
139448,lstick_x,-4215
139448,lstick_y,1998
139456,rtrigger,32767
139456,lstick_x,-25018
139456,lstick_y,3979
139464,rtrigger,32767
139464,lstick_x,-25018
139464,lstick_y,3979
139473,rtrigger,32767
139473,lstick_x,-25018
139473,lstick_y,3979
139481,rtrigger,32767
139481,lstick_x,-25018
139481,lstick_y,3979
139488,rtrigger,32767
139488,lstick_x,-32698
139488,lstick_y,6136
139491,rtrigger,32767
139491,lstick_x,-32698
139491,lstick_y,6136
139495,rtrigger,32767
139495,lstick_x,-32698
139495,lstick_y,6136
139499,rtrigger,32767
139499,lstick_x,-32698
139499,lstick_y,6136
139507,rtrigger,32767
139507,lstick_x,-32698
139507,lstick_y,6136
139523,rtrigger,32767
139523,lstick_x,-32698
139523,lstick_y,6136
139528,rtrigger,32767
139528,lstick_x,-32698
139528,lstick_y,6136
139539,rtrigger,32767
139539,lstick_x,-32698
139539,lstick_y,6136
139545,rtrigger,32767
139545,lstick_x,-32698
139545,lstick_y,6136
139553,rtrigger,32767
139553,lstick_x,-32698
139553,lstick_y,6136
139560,rtrigger,32767
139560,lstick_x,-32704
139560,lstick_y,8656
139569,rtrigger,32767
139569,lstick_x,-32704
139569,lstick_y,8656
139577,rtrigger,32767
139577,lstick_x,-32704
139577,lstick_y,8656
139588,rtrigger,32767
139588,lstick_x,-32704
139588,lstick_y,8656
139602,rtrigger,32767
139602,lstick_x,-32704
139602,lstick_y,8656
139608,rtrigger,32767
139608,lstick_x,-32704
139608,lstick_y,8656
139627,rtrigger,32767
139627,lstick_x,-32704
139627,lstick_y,8656
139632,rtrigger,32767
139632,lstick_x,-32704
139632,lstick_y,8656
139640,rtrigger,32767
139640,lstick_x,-32704
139640,lstick_y,8656
139662,rtrigger,32767
139662,lstick_x,-32704
139662,lstick_y,8656
139676,rtrigger,32767
139676,lstick_x,-32704
139676,lstick_y,8656
139682,rtrigger,32767
139682,lstick_x,-32704
139682,lstick_y,8656
139695,rtrigger,32767
139695,lstick_x,-32704
139695,lstick_y,8656
139701,rtrigger,32767
139701,lstick_x,-32704
139701,lstick_y,9925
139704,rtrigger,32767
139704,lstick_x,-32704
139704,lstick_y,9925
139712,rtrigger,32767
139712,lstick_x,-32704
139712,lstick_y,10145
139725,rtrigger,32767
139725,lstick_x,-32704
139725,lstick_y,10191
139729,rtrigger,32767
139729,lstick_x,-32704
139729,lstick_y,10191
139734,rtrigger,32767
139734,lstick_x,-32704
139734,lstick_y,10247
139742,rtrigger,32767
139742,lstick_x,-32704
139742,lstick_y,10247
139745,rtrigger,32767
139745,lstick_x,-32704
139745,lstick_y,10247
139747,rtrigger,32767
139747,lstick_x,-32704
139747,lstick_y,10247
139750,rtrigger,32767
139750,lstick_x,-32704
139750,lstick_y,10247
139756,rtrigger,32767
139756,lstick_x,-32704
139756,lstick_y,10247
139760,rtrigger,32767
139760,lstick_x,-32704
139760,lstick_y,10247
139773,rtrigger,32767
139773,lstick_x,-32704
139773,lstick_y,10247
139777,rtrigger,32767
139777,lstick_x,-32704
139777,lstick_y,10247
139785,rtrigger,32767
139785,lstick_x,-32704
139785,lstick_y,10247
139793,rtrigger,32767
139793,lstick_x,-32704
139793,lstick_y,10247
139809,rtrigger,32767
139809,lstick_x,-32704
139809,lstick_y,10247
139813,rtrigger,32767
139813,lstick_x,-32704
139813,lstick_y,10296
139823,rtrigger,32767
139823,lstick_x,-32704
139823,lstick_y,10296
139841,rtrigger,32767
139841,lstick_x,-32704
139841,lstick_y,10296
139849,rtrigger,32767
139849,lstick_x,-32704
139849,lstick_y,10296
139856,rtrigger,32767
139856,lstick_x,-32704
139856,lstick_y,10296
139864,rtrigger,32767
139864,lstick_x,-32704
139864,lstick_y,10296
139877,rtrigger,32767
139877,lstick_x,-32704
139877,lstick_y,10296
139880,rtrigger,32767
139880,lstick_x,-32704
139880,lstick_y,10296
139919,rtrigger,32767
139919,lstick_x,-32704
139919,lstick_y,10296
139936,rtrigger,32767
139936,lstick_x,-32704
139936,lstick_y,10296
139948,rtrigger,32767
139948,lstick_x,-32704
139948,lstick_y,10296
139952,rtrigger,32767
139952,lstick_x,-32704
139952,lstick_y,10296
139960,rtrigger,32767
139960,lstick_x,-32704
139960,lstick_y,10296
139969,rtrigger,32767
139969,lstick_x,-32704
139969,lstick_y,10296
139976,rtrigger,32767
139976,lstick_x,-32704
139976,lstick_y,10296
139985,rtrigger,32767
139985,lstick_x,-32704
139985,lstick_y,10296
139991,rtrigger,32767
139991,lstick_x,-32704
139991,lstick_y,10296
139994,rtrigger,32767
139994,lstick_x,-32704
139994,lstick_y,10296
139998,rtrigger,32767
139998,lstick_x,-32704
139998,lstick_y,10296
140000,rtrigger,32767
140000,lstick_x,-32704
140000,lstick_y,10296
140007,rtrigger,32767
140007,lstick_x,-32704
140007,lstick_y,10296
140018,rtrigger,32767
140018,lstick_x,-32704
140018,lstick_y,10296
140026,rtrigger,32767
140026,lstick_x,-32704
140026,lstick_y,10296
140033,rtrigger,32767
140033,lstick_x,-32704
140033,lstick_y,10296
140040,rtrigger,32767
140040,lstick_x,-32704
140040,lstick_y,10296
140052,rtrigger,32767
140052,lstick_x,-32704
140052,lstick_y,10296
140057,rtrigger,32767
140057,lstick_x,-32704
140057,lstick_y,10296
140060,rtrigger,32767
140060,lstick_x,-32704
140060,lstick_y,10296
140069,rtrigger,32767
140069,lstick_x,-32704
140069,lstick_y,10296
140072,rtrigger,32767
140072,lstick_x,-32704
140072,lstick_y,10296
140100,rtrigger,32767
140100,lstick_x,-32704
140100,lstick_y,10296
140104,rtrigger,32767
140104,lstick_x,-32704
140104,lstick_y,10296
140132,rtrigger,32767
140132,lstick_x,-32704
140132,lstick_y,10296
140150,rtrigger,32767
140150,lstick_x,-32704
140150,lstick_y,10296
140164,rtrigger,32767
140164,lstick_x,-32704
140164,lstick_y,10296
140180,rtrigger,32767
140180,lstick_x,-32704
140180,lstick_y,10296
140186,rtrigger,32767
140186,lstick_x,-32704
140186,lstick_y,10296
140192,rtrigger,32767
140192,lstick_x,-32704
140192,lstick_y,10296
140201,rtrigger,32767
140201,lstick_x,-32704
140201,lstick_y,10296
140206,rtrigger,32767
140206,lstick_x,-32704
140206,lstick_y,10296
140210,rtrigger,32767
140210,lstick_x,-32704
140210,lstick_y,10296
140216,rtrigger,32767
140216,lstick_x,-32704
140216,lstick_y,10296
140224,rtrigger,32767
140224,lstick_x,-32704
140224,lstick_y,10296
140232,rtrigger,32767
140232,lstick_x,-32704
140232,lstick_y,10296
140240,rtrigger,32767
140240,lstick_x,-32704
140240,lstick_y,10296
140243,rtrigger,32767
140243,lstick_x,-32704
140243,lstick_y,10296
140248,rtrigger,32767
140248,lstick_x,-32704
140248,lstick_y,10296
140265,rtrigger,32767
140265,lstick_x,-32704
140265,lstick_y,10296
140274,rtrigger,32767
140274,lstick_x,-32704
140274,lstick_y,10296
140282,rtrigger,32767
140282,lstick_x,-32704
140282,lstick_y,10296
140289,rtrigger,32767
140289,lstick_x,-32704
140289,lstick_y,10296
140301,rtrigger,32767
140301,lstick_x,-32704
140301,lstick_y,10296
140305,rtrigger,32767
140305,lstick_x,-32704
140305,lstick_y,10296
140307,rtrigger,32767
140307,lstick_x,-32704
140307,lstick_y,10296
140311,rtrigger,32767
140311,lstick_x,-32704
140311,lstick_y,10296
140318,rtrigger,32767
140318,lstick_x,-32704
140318,lstick_y,10296
140323,rtrigger,32767
140323,lstick_x,-32704
140323,lstick_y,10296
140346,rtrigger,32767
140346,lstick_x,-32704
140346,lstick_y,10296
140353,rtrigger,32767
140353,lstick_x,-32704
140353,lstick_y,10296
140388,rtrigger,32767
140388,lstick_x,-32704
140388,lstick_y,10296
140393,rtrigger,32767
140393,lstick_x,-32704
140393,lstick_y,10296
140423,rtrigger,32767
140423,lstick_x,-32704
140423,lstick_y,10296
140430,rtrigger,32767
140430,lstick_x,-32704
140430,lstick_y,10296
140444,rtrigger,32767
140444,lstick_x,-32704
140444,lstick_y,10296
140450,rtrigger,32767
140450,lstick_x,-32704
140450,lstick_y,10296
140456,rtrigger,32767
140456,lstick_x,-32704
140456,lstick_y,10296
140464,rtrigger,32767
140464,lstick_x,-32704
140464,lstick_y,10296
140477,rtrigger,32767
140477,lstick_x,-32704
140477,lstick_y,10296
140480,rtrigger,32767
140480,lstick_x,-32704
140480,lstick_y,10296
140490,rtrigger,32767
140490,lstick_x,-32704
140490,lstick_y,10296
140494,rtrigger,32767
140494,lstick_x,-32704
140494,lstick_y,10296
140497,rtrigger,32767
140497,lstick_x,-32704
140497,lstick_y,10296
140500,rtrigger,32767
140500,lstick_x,-32704
140500,lstick_y,10296
140510,rtrigger,32767
140510,lstick_x,-32704
140510,lstick_y,10296
140517,rtrigger,32767
140517,lstick_x,-32704
140517,lstick_y,10296
140526,rtrigger,32767
140526,lstick_x,-32704
140526,lstick_y,10296
140538,rtrigger,32767
140538,lstick_x,-32704
140538,lstick_y,10296
140544,rtrigger,32767
140544,lstick_x,-32704
140544,lstick_y,10296
140552,rtrigger,32767
140552,lstick_x,-32704
140552,lstick_y,10296
140563,rtrigger,32767
140563,lstick_x,-32704
140563,lstick_y,10296
140569,rtrigger,32767
140569,lstick_x,-32704
140569,lstick_y,10296
140590,rtrigger,32767
140590,lstick_x,-32704
140590,lstick_y,10296
140596,rtrigger,32767
140596,lstick_x,-32704
140596,lstick_y,10296
140608,rtrigger,32767
140608,lstick_x,-32704
140608,lstick_y,10296
140649,rtrigger,32767
140649,lstick_x,-32704
140649,lstick_y,10296
140657,rtrigger,32767
140657,lstick_x,-32704
140657,lstick_y,10296
140665,rtrigger,32767
140665,lstick_x,-32704
140665,lstick_y,10296
140703,rtrigger,32767
140703,lstick_x,-32704
140703,lstick_y,10296
140712,rtrigger,32767
140712,lstick_x,-32704
140712,lstick_y,10296
140715,rtrigger,32767
140715,lstick_x,-32704
140715,lstick_y,10296
140720,rtrigger,32767
140720,lstick_x,-32704
140720,lstick_y,10296
140724,rtrigger,32767
140724,lstick_x,-32704
140724,lstick_y,10296
140730,rtrigger,32767
140730,lstick_x,-32704
140730,lstick_y,10296
140733,rtrigger,32767
140733,lstick_x,-32704
140733,lstick_y,10296
140740,rtrigger,32767
140740,lstick_x,-32704
140740,lstick_y,10296
140744,rtrigger,32767
140744,lstick_x,-32704
140744,lstick_y,10296
140753,rtrigger,32767
140753,lstick_x,-32704
140753,lstick_y,10296
140757,rtrigger,32767
140757,lstick_x,-32704
140757,lstick_y,10296
140760,rtrigger,32767
140760,lstick_x,-32704
140760,lstick_y,10296
140773,rtrigger,32767
140773,lstick_x,-32704
140773,lstick_y,10296
140778,rtrigger,32767
140778,lstick_x,-32704
140778,lstick_y,10296
140785,rtrigger,32767
140785,lstick_x,-32704
140785,lstick_y,10296
140793,rtrigger,32767
140793,lstick_x,-32704
140793,lstick_y,10296
140802,rtrigger,32767
140802,lstick_x,-32704
140802,lstick_y,10296
140810,rtrigger,32767
140810,lstick_x,-32704
140810,lstick_y,10296
140815,rtrigger,32767
140815,lstick_x,-32704
140815,lstick_y,10296
140820,rtrigger,32767
140820,lstick_x,-32704
140820,lstick_y,10296
140846,rtrigger,32767
140846,lstick_x,-32704
140846,lstick_y,10296
140849,rtrigger,32767
140849,lstick_x,-32704
140849,lstick_y,10296
140861,rtrigger,32767
140861,lstick_x,-32704
140861,lstick_y,10296
140870,rtrigger,32767
140870,lstick_x,-32704
140870,lstick_y,10296
140877,rtrigger,32767
140877,lstick_x,-32704
140877,lstick_y,10296
140895,rtrigger,32767
140895,lstick_x,-32704
140895,lstick_y,10296
140928,rtrigger,32767
140928,lstick_x,-32704
140928,lstick_y,10296
140936,rtrigger,32767
140936,lstick_x,-32704
140936,lstick_y,10296
140944,rtrigger,32767
140944,lstick_x,-32704
140944,lstick_y,10296
140953,rtrigger,32767
140953,lstick_x,-32704
140953,lstick_y,10296
140959,rtrigger,32767
140959,lstick_x,-32704
140959,lstick_y,10296
140963,rtrigger,32767
140963,lstick_x,-32704
140963,lstick_y,10296
140967,rtrigger,32767
140967,lstick_x,-32704
140967,lstick_y,10296
140972,rtrigger,32767
140972,lstick_x,-32704
140972,lstick_y,10296
140975,rtrigger,32767
140975,lstick_x,-32704
140975,lstick_y,10296
140985,rtrigger,32767
140985,lstick_x,-32704
140985,lstick_y,10296
140992,rtrigger,32767
140992,lstick_x,-32704
140992,lstick_y,10296
141000,rtrigger,32767
141000,lstick_x,-32704
141000,lstick_y,10296
141007,rtrigger,32767
141007,lstick_x,-32704
141007,lstick_y,10296
141017,rtrigger,32767
141017,lstick_x,-32704
141017,lstick_y,10296
141025,rtrigger,32767
141025,lstick_x,-32704
141025,lstick_y,10296
141032,rtrigger,32767
141032,lstick_x,-32704
141032,lstick_y,10296
141040,rtrigger,32767
141040,lstick_x,-32704
141040,lstick_y,10296
141051,rtrigger,32767
141051,lstick_x,-32704
141051,lstick_y,10296
141059,rtrigger,32767
141059,lstick_x,-32704
141059,lstick_y,10296
141065,rtrigger,32767
141065,lstick_x,-32704
141065,lstick_y,10296
141073,rtrigger,32767
141073,lstick_x,-32704
141073,lstick_y,10296
141085,rtrigger,32767
141085,lstick_x,-32704
141085,lstick_y,10296
141109,rtrigger,32767
141109,lstick_x,-32704
141109,lstick_y,10296
141123,rtrigger,32767
141123,lstick_x,-32704
141123,lstick_y,10296
141161,rtrigger,32767
141161,lstick_x,-32704
141161,lstick_y,10296
141168,rtrigger,32767
141168,lstick_x,-32704
141168,lstick_y,10296
141177,rtrigger,32767
141177,lstick_x,-32704
141177,lstick_y,10296
141189,rtrigger,32767
141189,lstick_x,-32704
141189,lstick_y,10296
141202,rtrigger,32767
141202,lstick_x,-32704
141202,lstick_y,10296
141208,rtrigger,32767
141208,lstick_x,-32704
141208,lstick_y,10296
141213,rtrigger,32767
141213,lstick_x,-32704
141213,lstick_y,10296
141216,rtrigger,32767
141216,lstick_x,-32704
141216,lstick_y,10296
141225,rtrigger,32767
141225,lstick_x,-32704
141225,lstick_y,10296
141232,rtrigger,32767
141232,lstick_x,-32704
141232,lstick_y,10296
141240,rtrigger,32767
141240,lstick_x,-32704
141240,lstick_y,10296
141245,rtrigger,32767
141245,lstick_x,-32704
141245,lstick_y,10296
141248,rtrigger,32767
141248,lstick_x,-32704
141248,lstick_y,10296
141251,rtrigger,32767
141251,lstick_x,-32704
141251,lstick_y,10296
141256,rtrigger,32767
141256,lstick_x,-32704
141256,lstick_y,10296
141260,rtrigger,32767
141260,lstick_x,-32704
141260,lstick_y,10296
141263,rtrigger,32767
141263,lstick_x,-32704
141263,lstick_y,10296
141267,rtrigger,32767
141267,lstick_x,-32704
141267,lstick_y,10296
141272,rtrigger,32767
141272,lstick_x,-32704
141272,lstick_y,10296
141282,rtrigger,32767
141282,lstick_x,-32704
141282,lstick_y,10296
141289,rtrigger,32767
141289,lstick_x,-32704
141289,lstick_y,10296
141297,rtrigger,32767
141297,lstick_x,-32704
141297,lstick_y,10296
141308,rtrigger,32767
141308,lstick_x,-32704
141308,lstick_y,10296
141318,rtrigger,32767
141318,lstick_x,-32704
141318,lstick_y,10296
141326,rtrigger,32767
141326,lstick_x,-32704
141326,lstick_y,10296
141341,rtrigger,32767
141341,lstick_x,-32704
141341,lstick_y,10296
141344,rtrigger,32767
141344,lstick_x,-32704
141344,lstick_y,10296
141349,rtrigger,32767
141349,lstick_x,-32704
141349,lstick_y,10296
141359,rtrigger,32767
141359,lstick_x,-32704
141359,lstick_y,10296
141371,rtrigger,32767
141371,lstick_x,-32704
141371,lstick_y,10296
141380,rtrigger,32767
141380,lstick_x,-32704
141380,lstick_y,10296
141402,rtrigger,32767
141402,lstick_x,-32704
141402,lstick_y,10296
141427,rtrigger,32767
141427,lstick_x,-32704
141427,lstick_y,10296
141456,rtrigger,32767
141456,lstick_x,-32704
141456,lstick_y,10296
141464,rtrigger,32767
141464,lstick_x,-32704
141464,lstick_y,10296
141473,rtrigger,32767
141473,lstick_x,-32704
141473,lstick_y,10296
141479,rtrigger,32767
141479,lstick_x,-32704
141479,lstick_y,10296
141490,rtrigger,32767
141490,lstick_x,-32704
141490,lstick_y,10296
141496,rtrigger,32767
141496,lstick_x,-32704
141496,lstick_y,10296
141504,rtrigger,32767
141504,lstick_x,-32704
141504,lstick_y,10296
141512,rtrigger,32767
141512,lstick_x,-32704
141512,lstick_y,10296
141515,rtrigger,32767
141515,lstick_x,-32704
141515,lstick_y,10296
141539,rtrigger,32767
141539,lstick_x,-32704
141539,lstick_y,10296
141542,rtrigger,32767
141542,lstick_x,-32704
141542,lstick_y,10296
141545,rtrigger,32767
141545,lstick_x,-32704
141545,lstick_y,10296
141559,rtrigger,32767
141559,lstick_x,-32704
141559,lstick_y,10296
141573,rtrigger,32767
141573,lstick_x,-32704
141573,lstick_y,10296
141576,rtrigger,32767
141576,lstick_x,-32704
141576,lstick_y,10296
141579,rtrigger,32767
141579,lstick_x,-32704
141579,lstick_y,10296
141582,rtrigger,32767
141582,lstick_x,-32704
141582,lstick_y,10296
141589,rtrigger,32767
141589,lstick_x,-32704
141589,lstick_y,10296
141603,rtrigger,32767
141603,lstick_x,-32704
141603,lstick_y,10296
141611,rtrigger,32767
141611,lstick_x,-32704
141611,lstick_y,10296
141615,rtrigger,32767
141615,lstick_x,-32704
141615,lstick_y,10296
141631,rtrigger,32767
141631,lstick_x,-32704
141631,lstick_y,10296
141637,rtrigger,32767
141637,lstick_x,-32704
141637,lstick_y,10296
141641,rtrigger,32767
141641,lstick_x,-32704
141641,lstick_y,10296
141664,rtrigger,32767
141664,lstick_x,-32704
141664,lstick_y,10296
141685,rtrigger,32767
141685,lstick_x,-32704
141685,lstick_y,10296
141713,rtrigger,32767
141713,lstick_x,-32704
141713,lstick_y,10296
141720,rtrigger,32767
141720,lstick_x,-32704
141720,lstick_y,10296
141726,rtrigger,32767
141726,lstick_x,-32704
141726,lstick_y,10296
141728,rtrigger,32767
141728,lstick_x,-32704
141728,lstick_y,10296
141731,rtrigger,32767
141731,lstick_x,-32704
141731,lstick_y,10296
141739,rtrigger,32767
141739,lstick_x,-32704
141739,lstick_y,10296
141745,rtrigger,32767
141745,lstick_x,-32704
141745,lstick_y,10296
141756,rtrigger,32767
141756,lstick_x,-32704
141756,lstick_y,10296
141760,rtrigger,32767
141760,lstick_x,-32704
141760,lstick_y,10296
141765,rtrigger,32767
141765,lstick_x,-32704
141765,lstick_y,10296
141772,rtrigger,32767
141772,lstick_x,-32704
141772,lstick_y,10296
141776,rtrigger,32767
141776,lstick_x,-32704
141776,lstick_y,10296
141778,rtrigger,32767
141778,lstick_x,-32704
141778,lstick_y,10296
141784,rtrigger,32767
141784,lstick_x,-32704
141784,lstick_y,10296
141789,rtrigger,32767
141789,lstick_x,-32704
141789,lstick_y,10296
141798,rtrigger,32767
141798,lstick_x,-32704
141798,lstick_y,10296
141803,rtrigger,32767
141803,lstick_x,-32704
141803,lstick_y,10296
141809,rtrigger,32767
141809,lstick_x,-32704
141809,lstick_y,10296
141819,rtrigger,32767
141819,lstick_x,-32704
141819,lstick_y,10296
141824,rtrigger,32767
141824,lstick_x,-32704
141824,lstick_y,10296
141833,rtrigger,32767
141833,lstick_x,-32704
141833,lstick_y,10296
141840,rtrigger,32767
141840,lstick_x,-32704
141840,lstick_y,10296
141849,rtrigger,32767
141849,lstick_x,-32704
141849,lstick_y,10296
141874,rtrigger,32767
141874,lstick_x,-32704
141874,lstick_y,10296
141891,rtrigger,32767
141891,lstick_x,-32704
141891,lstick_y,10296
141898,rtrigger,32767
141898,lstick_x,-32704
141898,lstick_y,10296
141908,rtrigger,32767
141908,lstick_x,-32704
141908,lstick_y,10296
141929,rtrigger,32767
141929,lstick_x,-32704
141929,lstick_y,10296
141941,rtrigger,32767
141941,lstick_x,-32704
141941,lstick_y,10296
141946,rtrigger,32767
141946,lstick_x,-32704
141946,lstick_y,10296
141958,rtrigger,32767
141958,lstick_x,-32704
141958,lstick_y,10296
141962,rtrigger,32767
141962,lstick_x,-32704
141962,lstick_y,10296
141965,rtrigger,32767
141965,lstick_x,-32704
141965,lstick_y,10296
141970,rtrigger,32767
141970,lstick_x,-32704
141970,lstick_y,10296
141978,rtrigger,32767
141978,lstick_x,-32704
141978,lstick_y,10296
141984,rtrigger,32767
141984,lstick_x,-32704
141984,lstick_y,10296
141992,rtrigger,32767
141992,lstick_x,-32704
141992,lstick_y,10296
141996,rtrigger,32767
141996,lstick_x,-32704
141996,lstick_y,10296
142000,rtrigger,32767
142000,lstick_x,-32704
142000,lstick_y,10296
142013,rtrigger,32767
142013,lstick_x,-32704
142013,lstick_y,10296
142019,rtrigger,32767
142019,lstick_x,-32704
142019,lstick_y,10296
142026,rtrigger,32767
142026,lstick_x,-32704
142026,lstick_y,10296
142050,rtrigger,32767
142050,lstick_x,-32704
142050,lstick_y,10296
142058,rtrigger,32767
142058,lstick_x,-32704
142058,lstick_y,10296
142064,rtrigger,32767
142064,lstick_x,-32704
142064,lstick_y,10296
142081,rtrigger,32767
142081,lstick_x,-32704
142081,lstick_y,10296
142088,rtrigger,32767
142088,lstick_x,-32704
142088,lstick_y,10296
142097,rtrigger,32767
142097,lstick_x,-32704
142097,lstick_y,10296
142107,rtrigger,32767
142107,lstick_x,-32704
142107,lstick_y,10296
142116,rtrigger,32767
142116,lstick_x,-32704
142116,lstick_y,10296
142123,rtrigger,32767
142123,lstick_x,-32704
142123,lstick_y,10296
142143,rtrigger,32767
142143,lstick_x,-32704
142143,lstick_y,10296
142169,rtrigger,32767
142169,lstick_x,-32704
142169,lstick_y,10296
142181,rtrigger,32767
142181,lstick_x,-32704
142181,lstick_y,10296
142184,rtrigger,32767
142184,lstick_x,-32704
142184,lstick_y,10296
142189,rtrigger,32767
142189,lstick_x,-32704
142189,lstick_y,10296
142193,rtrigger,32767
142193,lstick_x,-32704
142193,lstick_y,10296
142202,rtrigger,32767
142202,lstick_x,-32704
142202,lstick_y,10296
142208,rtrigger,32767
142208,lstick_x,-32704
142208,lstick_y,10296
142216,rtrigger,32767
142216,lstick_x,-32704
142216,lstick_y,10296
142223,rtrigger,32767
142223,lstick_x,-32704
142223,lstick_y,10296
142236,rtrigger,32767
142236,lstick_x,-32704
142236,lstick_y,10296
142242,rtrigger,32767
142242,lstick_x,-32704
142242,lstick_y,10296
142248,rtrigger,32767
142248,lstick_x,-32704
142248,lstick_y,10296
142257,rtrigger,32767
142257,lstick_x,-32704
142257,lstick_y,10296
142265,rtrigger,32767
142265,lstick_x,-32704
142265,lstick_y,10296
142274,rtrigger,32767
142274,lstick_x,-32704
142274,lstick_y,10296
142295,rtrigger,32767
142295,lstick_x,-32704
142295,lstick_y,10296
142297,rtrigger,32767
142297,lstick_x,-32704
142297,lstick_y,10296
142313,rtrigger,32767
142313,lstick_x,-32704
142313,lstick_y,10296
142323,rtrigger,32767
142323,lstick_x,-32704
142323,lstick_y,10296
142393,rtrigger,32767
142393,lstick_x,-32704
142393,lstick_y,10296
142421,rtrigger,32767
142421,lstick_x,-32704
142421,lstick_y,10296
142424,rtrigger,32767
142424,lstick_x,-32704
142424,lstick_y,10296
142435,rtrigger,32767
142435,lstick_x,-32704
142435,lstick_y,10296
142441,rtrigger,32767
142441,lstick_x,-32704
142441,lstick_y,10296
142447,rtrigger,32767
142447,lstick_x,-32704
142447,lstick_y,10296
142450,rtrigger,32767
142450,lstick_x,-32704
142450,lstick_y,10296
142459,rtrigger,32767
142459,lstick_x,-32704
142459,lstick_y,10296
142464,rtrigger,32767
142464,lstick_x,-32704
142464,lstick_y,10296
142469,rtrigger,32767
142469,lstick_x,-32704
142469,lstick_y,10296
142475,rtrigger,32767
142475,lstick_x,-32704
142475,lstick_y,10296
142481,rtrigger,32767
142481,lstick_x,-32704
142481,lstick_y,10296
142488,rtrigger,32767
142488,lstick_x,-32704
142488,lstick_y,10296
142491,rtrigger,32767
142491,lstick_x,-32704
142491,lstick_y,10296
142498,rtrigger,32767
142498,lstick_x,-32704
142498,lstick_y,10296
142504,rtrigger,32767
142504,lstick_x,-32704
142504,lstick_y,10296
142513,rtrigger,32767
142513,lstick_x,-32704
142513,lstick_y,10296
142516,rtrigger,32767
142516,lstick_x,-32704
142516,lstick_y,10296
142521,rtrigger,32767
142521,lstick_x,-32704
142521,lstick_y,10296
142528,rtrigger,32767
142528,lstick_x,-32704
142528,lstick_y,10296
142536,rtrigger,32767
142536,lstick_x,-32704
142536,lstick_y,10296
142548,rtrigger,32767
142548,lstick_x,-32704
142548,lstick_y,10296
142552,rtrigger,32767
142552,lstick_x,-32704
142552,lstick_y,10296
142563,rtrigger,32767
142563,lstick_x,-32704
142563,lstick_y,10296
142569,rtrigger,32767
142569,lstick_x,-32704
142569,lstick_y,10296
142579,rtrigger,32767
142579,lstick_x,-32704
142579,lstick_y,10296
142584,rtrigger,32767
142584,lstick_x,-32704
142584,lstick_y,10296
142593,rtrigger,32767
142593,lstick_x,-32704
142593,lstick_y,10343
142623,rtrigger,32767
142623,lstick_x,-32704
142623,lstick_y,10343
142626,rtrigger,32767
142626,lstick_x,-32704
142626,lstick_y,10343
142633,rtrigger,32767
142633,lstick_x,-32704
142633,lstick_y,10343
142668,rtrigger,32767
142668,lstick_x,-32704
142668,lstick_y,10343
142674,rtrigger,32767
142674,lstick_x,-32704
142674,lstick_y,10343
142683,rtrigger,32767
142683,lstick_x,-32704
142683,lstick_y,10343
142700,rtrigger,32767
142700,lstick_x,-32704
142700,lstick_y,10343
142716,rtrigger,32767
142716,lstick_x,-32704
142716,lstick_y,10343
142721,rtrigger,32767
142721,lstick_x,-32704
142721,lstick_y,10343
142735,rtrigger,32767
142735,lstick_x,-32704
142735,lstick_y,10343
142740,rtrigger,32767
142740,lstick_x,-32704
142740,lstick_y,10343
142746,rtrigger,32767
142746,lstick_x,-32704
142746,lstick_y,10343
142753,rtrigger,32767
142753,lstick_x,-32704
142753,lstick_y,10343
142762,rtrigger,32767
142762,lstick_x,-32704
142762,lstick_y,10343
142770,rtrigger,32767
142770,lstick_x,-32704
142770,lstick_y,10343
142776,rtrigger,32767
142776,lstick_x,-32704
142776,lstick_y,10343
142779,rtrigger,32767
142779,lstick_x,-32704
142779,lstick_y,10343
142783,rtrigger,32767
142783,lstick_x,-32704
142783,lstick_y,10343
142790,rtrigger,32767
142790,lstick_x,-32704
142790,lstick_y,10343
142803,rtrigger,32767
142803,lstick_x,-32704
142803,lstick_y,10343
142813,rtrigger,32767
142813,lstick_x,-32704
142813,lstick_y,10343
142816,rtrigger,32767
142816,lstick_x,-32704
142816,lstick_y,10343
142824,rtrigger,32767
142824,lstick_x,-32704
142824,lstick_y,10343
142848,rtrigger,32767
142848,lstick_x,-32704
142848,lstick_y,10343
142857,rtrigger,32767
142857,lstick_x,-32704
142857,lstick_y,10343
142882,rtrigger,32767
142882,lstick_x,-32704
142882,lstick_y,10343
142888,rtrigger,32767
142888,lstick_x,-32704
142888,lstick_y,10343
142903,rtrigger,32767
142903,lstick_x,-32704
142903,lstick_y,10343
142909,rtrigger,32767
142909,lstick_x,-32704
142909,lstick_y,10343
142912,rtrigger,32767
142912,lstick_x,-32704
142912,lstick_y,10343
142964,rtrigger,32767
142964,lstick_x,-32704
142964,lstick_y,10343
142967,rtrigger,32767
142967,lstick_x,-32704
142967,lstick_y,10343
142970,rtrigger,32767
142970,lstick_x,-32704
142970,lstick_y,10343
142991,rtrigger,32767
142991,lstick_x,-32704
142991,lstick_y,10343
142996,rtrigger,32767
142996,lstick_x,-32704
142996,lstick_y,10343
143000,rtrigger,32767
143000,lstick_x,-32704
143000,lstick_y,10343
143007,rtrigger,32767
143007,lstick_x,-32704
143007,lstick_y,10343
143010,rtrigger,32767
143010,lstick_x,-32704
143010,lstick_y,10343
143016,rtrigger,32767
143016,lstick_x,-32704
143016,lstick_y,10343
143022,rtrigger,32767
143022,lstick_x,-32704
143022,lstick_y,10343
143026,rtrigger,32767
143026,lstick_x,-32704
143026,lstick_y,10343
143032,rtrigger,32767
143032,lstick_x,-32704
143032,lstick_y,10343
143041,rtrigger,32767
143041,lstick_x,-32704
143041,lstick_y,10343
143048,rtrigger,32767
143048,lstick_x,-32704
143048,lstick_y,10343
143056,rtrigger,32767
143056,lstick_x,-32704
143056,lstick_y,10343
143059,rtrigger,32767
143059,lstick_x,-32704
143059,lstick_y,10343
143062,rtrigger,32767
143062,lstick_x,-32704
143062,lstick_y,10343
143074,rtrigger,32767
143074,lstick_x,-32704
143074,lstick_y,10343
143081,rtrigger,32767
143081,lstick_x,-32704
143081,lstick_y,10343
143088,rtrigger,32767
143088,lstick_x,-32704
143088,lstick_y,10343
143100,rtrigger,32767
143100,lstick_x,-32704
143100,lstick_y,10343
143104,rtrigger,32767
143104,lstick_x,-32704
143104,lstick_y,10343
143116,rtrigger,32767
143116,lstick_x,-32704
143116,lstick_y,10343
143127,rtrigger,32767
143127,lstick_x,-32704
143127,lstick_y,10343
143130,rtrigger,32767
143130,lstick_x,-32704
143130,lstick_y,10343
143134,rtrigger,32767
143134,lstick_x,-32704
143134,lstick_y,10343
143143,rtrigger,32767
143143,lstick_x,-32704
143143,lstick_y,10343
143167,rtrigger,32767
143167,lstick_x,-32704
143167,lstick_y,10343
143169,rtrigger,32767
143169,lstick_x,-32704
143169,lstick_y,10343
143176,rtrigger,32767
143176,lstick_x,-32704
143176,lstick_y,10343
143187,rtrigger,32767
143187,lstick_x,-32704
143187,lstick_y,10343
143213,rtrigger,32767
143213,lstick_x,-32704
143213,lstick_y,10343
143218,rtrigger,32767
143218,lstick_x,-32704
143218,lstick_y,10343
143237,rtrigger,32767
143237,lstick_x,-32704
143237,lstick_y,10343
143242,rtrigger,32767
143242,lstick_x,-32704
143242,lstick_y,10343
143251,rtrigger,32767
143251,lstick_x,-32704
143251,lstick_y,10343
143262,rtrigger,32767
143262,lstick_x,-32704
143262,lstick_y,10343
143275,rtrigger,32767
143275,lstick_x,-32704
143275,lstick_y,10343
143280,rtrigger,32767
143280,lstick_x,-32704
143280,lstick_y,10343
143284,rtrigger,32767
143284,lstick_x,-32510
143284,lstick_y,10343
143288,rtrigger,32767
143288,lstick_x,-32510
143288,lstick_y,10343
143296,rtrigger,32767
143296,lstick_x,-32510
143296,lstick_y,10343
143304,rtrigger,32767
143304,lstick_x,-32510
143304,lstick_y,10343
143308,rtrigger,32767
143308,lstick_x,-31846
143308,lstick_y,10343
143312,rtrigger,32767
143312,lstick_x,-31846
143312,lstick_y,10343
143320,rtrigger,32767
143320,lstick_x,-31846
143320,lstick_y,10343
143324,rtrigger,32767
143324,lstick_x,-31846
143324,lstick_y,10343
143328,rtrigger,32767
143328,lstick_x,-31846
143328,lstick_y,10343
143331,rtrigger,32767
143331,lstick_x,-31846
143331,lstick_y,10343
143339,rtrigger,32767
143339,lstick_x,-31846
143339,lstick_y,10343
143342,rtrigger,32767
143342,lstick_x,-31846
143342,lstick_y,10343
143346,rtrigger,32767
143346,lstick_x,-31846
143346,lstick_y,10343
143354,rtrigger,32767
143354,lstick_x,-31846
143354,lstick_y,10343
143376,rtrigger,32767
143376,lstick_x,-31846
143376,lstick_y,10343
143384,rtrigger,32767
143384,lstick_x,-31846
143384,lstick_y,10343
143390,rtrigger,32767
143390,lstick_x,-27620
143390,lstick_y,9750
143399,rtrigger,32767
143399,lstick_x,-26362
143399,lstick_y,9508
143402,rtrigger,32767
143402,lstick_x,-26362
143402,lstick_y,9508
143409,rtrigger,32767
143409,lstick_x,-26362
143409,lstick_y,9508
143425,rtrigger,32767
143425,lstick_x,-26362
143425,lstick_y,9508
143443,rtrigger,32767
143443,lstick_x,-26362
143443,lstick_y,9508
143452,rtrigger,32767
143452,lstick_x,-26362
143452,lstick_y,9508
143460,rtrigger,32767
143460,lstick_x,-26362
143460,lstick_y,9508
143476,rtrigger,32767
143476,lstick_x,-26362
143476,lstick_y,9508
143508,rtrigger,32767
143508,lstick_x,-26362
143508,lstick_y,9508
143525,rtrigger,32767
143525,lstick_x,-26362
143525,lstick_y,9508
143529,rtrigger,32767
143529,lstick_x,-26362
143529,lstick_y,9508
143532,rtrigger,32767
143532,lstick_x,-24501
143532,lstick_y,9182
143537,rtrigger,32767
143537,lstick_x,-24501
143537,lstick_y,9182
143542,rtrigger,32767
143542,lstick_x,-24501
143542,lstick_y,9182
143550,rtrigger,32767
143550,lstick_x,-24501
143550,lstick_y,9182
143558,rtrigger,32767
143558,lstick_x,-24002
143558,lstick_y,8980
143564,rtrigger,32767
143564,lstick_x,-24002
143564,lstick_y,8980
143572,rtrigger,32767
143572,lstick_x,-24002
143572,lstick_y,8980
143576,rtrigger,32767
143576,lstick_x,-24002
143576,lstick_y,8980
143584,rtrigger,32767
143584,lstick_x,-24002
143584,lstick_y,8980
143591,rtrigger,32767
143591,lstick_x,-24002
143591,lstick_y,8980
143594,rtrigger,32767
143594,lstick_x,-24002
143594,lstick_y,8980
143597,rtrigger,32767
143597,lstick_x,-24002
143597,lstick_y,8980
143600,rtrigger,32767
143600,lstick_x,-24002
143600,lstick_y,8980
143608,rtrigger,32767
143608,lstick_x,-24002
143608,lstick_y,8980
143616,rtrigger,32767
143616,lstick_x,-24002
143616,lstick_y,8980
143629,rtrigger,32767
143629,lstick_x,-24002
143629,lstick_y,8980
143635,rtrigger,32767
143635,lstick_x,-24002
143635,lstick_y,8980
143640,rtrigger,32767
143640,lstick_x,-24002
143640,lstick_y,8980
143668,rtrigger,32767
143668,lstick_x,-24002
143668,lstick_y,8980
143672,rtrigger,32767
143672,lstick_x,-24002
143672,lstick_y,8980
143676,rtrigger,32767
143676,lstick_x,-4086
143676,lstick_y,2984
143681,rtrigger,32767
143681,lstick_x,-4086
143681,lstick_y,2984
143692,rtrigger,32767
143692,lstick_x,-4086
143692,lstick_y,2984
143699,rtrigger,32767
143699,lstick_x,-4086
143699,lstick_y,2984
143704,rtrigger,32767
143704,lstick_x,-4086
143704,lstick_y,2984
143724,rtrigger,32767
143724,lstick_x,-4086
143724,lstick_y,2984
143726,rtrigger,32767
143726,lstick_x,-3296
143726,lstick_y,2205
143737,rtrigger,32767
143737,lstick_x,-3296
143737,lstick_y,2205
143746,rtrigger,32767
143746,lstick_x,-3296
143746,lstick_y,2205
143777,rtrigger,32767
143777,lstick_x,-3296
143777,lstick_y,2205
143788,rtrigger,32767
143788,lstick_x,-3296
143788,lstick_y,2205
143792,rtrigger,32767
143792,lstick_x,-3296
143792,lstick_y,2205
143808,rtrigger,32767
143808,lstick_x,-3296
143808,lstick_y,2205
143821,rtrigger,32767
143821,lstick_x,-3296
143821,lstick_y,2205
143824,rtrigger,32767
143824,lstick_x,-3296
143824,lstick_y,2205
143826,rtrigger,32767
143826,lstick_x,-2609
143826,lstick_y,1659
143835,rtrigger,32767
143835,lstick_x,-2458
143835,lstick_y,1538
143842,rtrigger,32767
143842,lstick_x,-2458
143842,lstick_y,1538
143848,rtrigger,32767
143848,lstick_x,-2458
143848,lstick_y,1538
143856,rtrigger,32767
143856,lstick_x,-2458
143856,lstick_y,1538
143864,rtrigger,32767
143864,lstick_x,-2152
143864,lstick_y,1287
143866,rtrigger,32767
143866,lstick_x,-2152
143866,lstick_y,1287
143874,rtrigger,32767
143874,lstick_x,-2152
143874,lstick_y,1287
143889,rtrigger,32767
143889,lstick_x,-2152
143889,lstick_y,1287
143897,rtrigger,32767
143897,lstick_x,-2152
143897,lstick_y,1287
143904,rtrigger,32767
143904,lstick_x,-2152
143904,lstick_y,1287
143916,rtrigger,32767
143916,lstick_x,-2152
143916,lstick_y,1287
143923,rtrigger,32767
143923,lstick_x,-2152
143923,lstick_y,1287
143928,rtrigger,32767
143928,lstick_x,-2152
143928,lstick_y,1287
143936,rtrigger,32767
143936,lstick_x,-2152
143936,lstick_y,1287
143940,rtrigger,32767
143940,lstick_x,-1925
143940,lstick_y,1131
143950,rtrigger,32767
143950,lstick_x,-1925
143950,lstick_y,1131
143957,rtrigger,32767
143957,lstick_x,-1925
143957,lstick_y,1131
143977,rtrigger,32767
143977,lstick_x,-1925
143977,lstick_y,1131
143984,rtrigger,32767
143984,lstick_x,-1925
143984,lstick_y,1131
143997,rtrigger,32767
143997,lstick_x,-1925
143997,lstick_y,1131
144000,rtrigger,32767
144000,lstick_x,-1925
144000,lstick_y,1131
144025,rtrigger,32767
144025,lstick_x,-1925
144025,lstick_y,1131
144032,rtrigger,32767
144032,lstick_x,-1925
144032,lstick_y,1131
144043,rtrigger,32767
144043,lstick_x,-1925
144043,lstick_y,1131
144063,rtrigger,32767
144063,lstick_x,-1925
144063,lstick_y,1131
144076,rtrigger,32767
144076,lstick_x,-1925
144076,lstick_y,1131
144080,rtrigger,32767
144080,lstick_x,-1925
144080,lstick_y,1131
144088,rtrigger,32767
144088,lstick_x,-1822
144088,lstick_y,1035
144096,rtrigger,32767
144096,lstick_x,-1822
144096,lstick_y,1035
144104,rtrigger,32767
144104,lstick_x,-1822
144104,lstick_y,1035
144108,rtrigger,32767
144108,lstick_x,-1822
144108,lstick_y,1035
144112,rtrigger,32767
144112,lstick_x,-1822
144112,lstick_y,1035
144118,rtrigger,32767
144118,lstick_x,-1822
144118,lstick_y,1035
144123,rtrigger,32767
144123,lstick_x,-1822
144123,lstick_y,1035
144130,rtrigger,32767
144130,lstick_x,-1822
144130,lstick_y,1035
144136,rtrigger,32767
144136,lstick_x,-1822
144136,lstick_y,1035
144147,rtrigger,32767
144147,lstick_x,-1822
144147,lstick_y,1035
144152,rtrigger,32767
144152,lstick_x,-1822
144152,lstick_y,1035
144162,rtrigger,32767
144162,lstick_x,-1822
144162,lstick_y,1035
144171,rtrigger,32767
144171,lstick_x,-1822
144171,lstick_y,1035
144190,rtrigger,32767
144190,lstick_x,-1822
144190,lstick_y,1035
144206,rtrigger,32767
144206,lstick_x,-24982
144206,lstick_y,4425
144241,rtrigger,32767
144241,lstick_x,-24982
144241,lstick_y,4425
144261,rtrigger,32767
144261,lstick_x,-24982
144261,lstick_y,4425
144272,rtrigger,32767
144272,lstick_x,-24982
144272,lstick_y,4425
144294,rtrigger,32767
144294,lstick_x,-24982
144294,lstick_y,4425
144299,rtrigger,32767
144299,lstick_x,-24982
144299,lstick_y,4425
144310,rtrigger,32767
144310,lstick_x,-24982
144310,lstick_y,4425
144323,rtrigger,32767
144323,lstick_x,-24982
144323,lstick_y,4425
144333,rtrigger,32767
144333,lstick_x,-32577
144333,lstick_y,10078
144337,rtrigger,32767
144337,lstick_x,-32577
144337,lstick_y,10078
144340,rtrigger,32767
144340,lstick_x,-32577
144340,lstick_y,10315
144343,rtrigger,32767
144343,lstick_x,-32577
144343,lstick_y,10315
144356,rtrigger,32767
144356,lstick_x,-32577
144356,lstick_y,10315
144361,rtrigger,32767
144361,lstick_x,-32577
144361,lstick_y,10315
144368,rtrigger,32767
144368,lstick_x,-32577
144368,lstick_y,10315
144375,rtrigger,32767
144375,lstick_x,-32577
144375,lstick_y,10315
144378,rtrigger,32767
144378,lstick_x,-32577
144378,lstick_y,10315
144384,rtrigger,32767
144384,lstick_x,-32577
144384,lstick_y,10315
144391,rtrigger,32767
144391,lstick_x,-32577
144391,lstick_y,10315
144407,rtrigger,32767
144407,lstick_x,-32577
144407,lstick_y,10315
144412,rtrigger,32767
144412,lstick_x,-32577
144412,lstick_y,10315
144416,rtrigger,32767
144416,lstick_x,-32577
144416,lstick_y,10315
144432,rtrigger,32767
144432,lstick_x,-32577
144432,lstick_y,10315
144441,rtrigger,32767
144441,lstick_x,-32577
144441,lstick_y,11065
144444,rtrigger,32767
144444,lstick_x,-32577
144444,lstick_y,11137
144448,rtrigger,32767
144448,lstick_x,-32577
144448,lstick_y,11137
144459,rtrigger,32767
144459,lstick_x,-32577
144459,lstick_y,11137
144465,rtrigger,32767
144465,lstick_x,-32577
144465,lstick_y,11162
144474,rtrigger,32767
144474,lstick_x,-32577
144474,lstick_y,11162
144489,rtrigger,32767
144489,lstick_x,-32577
144489,lstick_y,11162
144496,rtrigger,32767
144496,lstick_x,-32577
144496,lstick_y,11162
144514,rtrigger,32767
144514,lstick_x,-32577
144514,lstick_y,11162
144524,rtrigger,32767
144524,lstick_x,-32577
144524,lstick_y,11162
144543,rtrigger,32767
144543,lstick_x,-32577
144543,lstick_y,11162
144556,rtrigger,32767
144556,lstick_x,-32577
144556,lstick_y,11162
144568,rtrigger,32767
144568,lstick_x,-32577
144568,lstick_y,11162
144583,rtrigger,32767
144583,lstick_x,-32577
144583,lstick_y,11162
144590,rtrigger,32767
144590,lstick_x,-32577
144590,lstick_y,11162
144601,rtrigger,32767
144601,lstick_x,-32577
144601,lstick_y,11162
144608,rtrigger,32767
144608,lstick_x,-32577
144608,lstick_y,11162
144614,rtrigger,32767
144614,lstick_x,-32577
144614,lstick_y,11162
144616,rtrigger,32767
144616,lstick_x,-32577
144616,lstick_y,11162
144625,rtrigger,32767
144625,lstick_x,-32577
144625,lstick_y,11162
144632,rtrigger,32767
144632,lstick_x,-32577
144632,lstick_y,11162
144640,rtrigger,32767
144640,lstick_x,-32577
144640,lstick_y,11162
144645,rtrigger,32767
144645,lstick_x,-32577
144645,lstick_y,11162
144648,rtrigger,32767
144648,lstick_x,-32577
144648,lstick_y,11162
144656,rtrigger,32767
144656,lstick_x,-32577
144656,lstick_y,11162
144659,rtrigger,32767
144659,lstick_x,-32577
144659,lstick_y,11162
144661,rtrigger,32767
144661,lstick_x,-32577
144661,lstick_y,11162
144672,rtrigger,32767
144672,lstick_x,-32577
144672,lstick_y,11162
144691,rtrigger,32767
144691,lstick_x,-32577
144691,lstick_y,11162
144700,rtrigger,32767
144700,lstick_x,-32577
144700,lstick_y,11162
144705,rtrigger,32767
144705,lstick_x,-32577
144705,lstick_y,11162
144716,rtrigger,32767
144716,lstick_x,-32577
144716,lstick_y,11162
144730,rtrigger,32767
144730,lstick_x,-32577
144730,lstick_y,11162
144736,rtrigger,32767
144736,lstick_x,-32577
144736,lstick_y,11162
144740,rtrigger,32767
144740,lstick_x,-32577
144740,lstick_y,11238
144748,rtrigger,32767
144748,lstick_x,-32577
144748,lstick_y,11238
144758,rtrigger,32767
144758,lstick_x,-32577
144758,lstick_y,11238
144778,rtrigger,32767
144778,lstick_x,-32577
144778,lstick_y,11238
144797,rtrigger,32767
144797,lstick_x,-32577
144797,lstick_y,11238
144802,rtrigger,32767
144802,lstick_x,-32577
144802,lstick_y,11238
144808,rtrigger,32767
144808,lstick_x,-32577
144808,lstick_y,11238
144816,rtrigger,32767
144816,lstick_x,-32577
144816,lstick_y,11238
144832,rtrigger,32767
144832,lstick_x,-32577
144832,lstick_y,11238
144844,rtrigger,32767
144844,lstick_x,-32577
144844,lstick_y,11238
144849,rtrigger,32767
144849,lstick_x,-32577
144849,lstick_y,11238
144857,rtrigger,32767
144857,lstick_x,-32577
144857,lstick_y,11238
144867,rtrigger,32767
144867,lstick_x,-32577
144867,lstick_y,11238
144874,rtrigger,32767
144874,lstick_x,-32577
144874,lstick_y,11238
144881,rtrigger,32767
144881,lstick_x,-32577
144881,lstick_y,11238
144888,rtrigger,32767
144888,lstick_x,-32577
144888,lstick_y,11238
144896,rtrigger,32767
144896,lstick_x,-32577
144896,lstick_y,11238
144904,rtrigger,32767
144904,lstick_x,-32577
144904,lstick_y,11238
144912,rtrigger,32767
144912,lstick_x,-32577
144912,lstick_y,11238
144921,rtrigger,32767
144921,lstick_x,-32577
144921,lstick_y,11238
144925,rtrigger,32767
144925,lstick_x,-32577
144925,lstick_y,11238
144928,rtrigger,32767
144928,lstick_x,-32577
144928,lstick_y,11238
144931,rtrigger,32767
144931,lstick_x,-32577
144931,lstick_y,11238
144936,rtrigger,32767
144936,lstick_x,-32577
144936,lstick_y,11238
144946,rtrigger,32767
144946,lstick_x,-32577
144946,lstick_y,11238
144956,rtrigger,32767
144956,lstick_x,-32577
144956,lstick_y,11238
144965,rtrigger,32767
144965,lstick_x,-32577
144965,lstick_y,11238
144977,rtrigger,32767
144977,lstick_x,-32577
144977,lstick_y,11238
144987,rtrigger,32767
144987,lstick_x,-32577
144987,lstick_y,11238
144993,rtrigger,32767
144993,lstick_x,-32577
144993,lstick_y,11238
145006,rtrigger,32767
145006,lstick_x,-23153
145006,lstick_y,9647
145009,rtrigger,32767
145009,lstick_x,-23153
145009,lstick_y,9647
145023,rtrigger,32767
145023,lstick_x,-23153
145023,lstick_y,9647
145058,rtrigger,32767
145058,lstick_x,-23153
145058,lstick_y,9647
145095,rtrigger,32767
145095,lstick_x,-23153
145095,lstick_y,9647
145109,rtrigger,32767
145109,lstick_x,-2922
145109,lstick_y,4084
145112,rtrigger,32767
145112,lstick_x,-2922
145112,lstick_y,4084
145124,rtrigger,32767
145124,lstick_x,-2922
145124,lstick_y,4084
145128,rtrigger,32767
145128,lstick_x,-2135
145128,lstick_y,2916
145136,rtrigger,32767
145136,lstick_x,-2135
145136,lstick_y,2916
145140,rtrigger,32767
145140,lstick_x,-2135
145140,lstick_y,2916
145143,rtrigger,32767
145143,lstick_x,-2135
145143,lstick_y,2916
145150,rtrigger,32767
145150,lstick_x,-2135
145150,lstick_y,2916
145156,rtrigger,32767
145156,lstick_x,-2135
145156,lstick_y,2916
145160,rtrigger,32767
145160,lstick_x,-2135
145160,lstick_y,2916
145168,rtrigger,32767
145168,lstick_x,-2135
145168,lstick_y,2916
145174,rtrigger,32767
145174,lstick_x,-2135
145174,lstick_y,2916
145178,rtrigger,32767
145178,lstick_x,-2135
145178,lstick_y,2916
145181,rtrigger,32767
145181,lstick_x,-2135
145181,lstick_y,2916
145184,rtrigger,32767
145184,lstick_x,-2135
145184,lstick_y,2916
145190,rtrigger,32767
145190,lstick_x,-2135
145190,lstick_y,2916
145208,rtrigger,32767
145208,lstick_x,-2135
145208,lstick_y,2916
145216,rtrigger,32767
145216,lstick_x,-2135
145216,lstick_y,2916
145224,rtrigger,32767
145224,lstick_x,-2135
145224,lstick_y,2916
145237,rtrigger,32767
145237,lstick_x,-2135
145237,lstick_y,2916
145241,rtrigger,32767
145241,lstick_x,-2135
145241,lstick_y,2916
145252,rtrigger,32767
145252,lstick_x,-2135
145252,lstick_y,2916
145257,rtrigger,32767
145257,lstick_x,-2135
145257,lstick_y,2916
145268,rtrigger,32767
145268,lstick_x,-2135
145268,lstick_y,2916
145336,rtrigger,32767
145336,lstick_x,-2135
145336,lstick_y,2916
145348,rtrigger,32767
145348,lstick_x,-2135
145348,lstick_y,2916
145358,rtrigger,32767
145358,lstick_x,-2135
145358,lstick_y,2916
145363,rtrigger,32767
145363,lstick_x,-2135
145363,lstick_y,2916
145368,rtrigger,32767
145368,lstick_x,-2135
145368,lstick_y,2916
145376,rtrigger,32767
145376,lstick_x,-2135
145376,lstick_y,2916
145388,rtrigger,32767
145388,lstick_x,-2135
145388,lstick_y,2916
145392,rtrigger,32767
145392,lstick_x,-2135
145392,lstick_y,2916
145399,rtrigger,32767
145413,rtrigger,32767
145416,rtrigger,32767
145424,rtrigger,32767
145431,rtrigger,32767
145434,rtrigger,32767
145447,rtrigger,32767
145460,rtrigger,32767
145464,rtrigger,32767
145472,rtrigger,32767
145488,rtrigger,32767
145501,rtrigger,32767
145506,rtrigger,32767
145510,rtrigger,32767
145510,lstick_x,-9593
145510,lstick_y,1288
145513,rtrigger,32767
145513,lstick_x,-9593
145513,lstick_y,1288
145540,rtrigger,32767
145540,lstick_x,-9593
145540,lstick_y,1288
145543,rtrigger,32767
145543,lstick_x,-11467
145543,lstick_y,2691
145551,rtrigger,32767
145551,lstick_x,-11467
145551,lstick_y,2691
145560,rtrigger,32767
145560,lstick_x,-18997
145560,lstick_y,3481
145570,rtrigger,32767
145570,lstick_x,-18997
145570,lstick_y,3481
145602,rtrigger,32767
145602,lstick_x,-18997
145602,lstick_y,3481
145623,rtrigger,32767
145623,lstick_x,-18997
145623,lstick_y,3481
145629,rtrigger,32767
145629,lstick_x,-30430
145629,lstick_y,7344
145637,rtrigger,32767
145637,lstick_x,-30430
145637,lstick_y,7344
145640,rtrigger,32767
145640,lstick_x,-30835
145640,lstick_y,8145
145646,rtrigger,32767
145646,lstick_x,-30835
145646,lstick_y,8145
145659,rtrigger,32767
145659,lstick_x,-31165
145659,lstick_y,8786
145661,rtrigger,32767
145661,lstick_x,-31165
145661,lstick_y,8786
145664,rtrigger,32767
145664,lstick_x,-31165
145664,lstick_y,8786
145672,rtrigger,32767
145672,lstick_x,-31165
145672,lstick_y,8786
145681,rtrigger,32767
145681,lstick_x,-31165
145681,lstick_y,8786
145689,rtrigger,32767
145689,lstick_x,-31165
145689,lstick_y,8786
145692,rtrigger,32767
145692,lstick_x,-31165
145692,lstick_y,8786
145695,rtrigger,32767
145695,lstick_x,-31165
145695,lstick_y,8786
145697,rtrigger,32767
145697,lstick_x,-31165
145697,lstick_y,8786
145700,rtrigger,32767
145700,lstick_x,-31165
145700,lstick_y,8786
145705,rtrigger,32767
145705,lstick_x,-31165
145705,lstick_y,8786
145715,rtrigger,32767
145715,lstick_x,-31165
145715,lstick_y,8786
145723,rtrigger,32767
145723,lstick_x,-31165
145723,lstick_y,8786
145728,rtrigger,32767
145728,lstick_x,-31165
145728,lstick_y,8786
145731,rtrigger,32767
145731,lstick_x,-31165
145731,lstick_y,8786
145736,rtrigger,32767
145736,lstick_x,-31165
145736,lstick_y,8786
145743,rtrigger,32767
145743,lstick_x,-31165
145743,lstick_y,8786
145747,rtrigger,32767
145747,lstick_x,-31165
145747,lstick_y,8786
145756,rtrigger,32767
145756,lstick_x,-31165
145756,lstick_y,8786
145763,rtrigger,32767
145763,lstick_x,-31165
145763,lstick_y,8786
145772,rtrigger,32767
145772,lstick_x,-31165
145772,lstick_y,8786
145776,rtrigger,32767
145776,lstick_x,-31165
145776,lstick_y,8786
145807,rtrigger,32767
145807,lstick_x,-31165
145807,lstick_y,8786
145818,rtrigger,32767
145818,lstick_x,-31165
145818,lstick_y,8786
145824,rtrigger,32767
145824,lstick_x,-31165
145824,lstick_y,8786
145841,rtrigger,32767
145841,lstick_x,-31165
145841,lstick_y,8786
145870,rtrigger,32767
145870,lstick_x,-31165
145870,lstick_y,8786
145875,rtrigger,32767
145875,lstick_x,-31165
145875,lstick_y,8786
145896,rtrigger,32767
145896,lstick_x,-31165
145896,lstick_y,8786
145906,rtrigger,32767
145906,lstick_x,-31165
145906,lstick_y,8786
145913,rtrigger,32767
145913,lstick_x,-31165
145913,lstick_y,8786
145920,rtrigger,32767
145920,lstick_x,-32445
145920,lstick_y,11278
145923,rtrigger,32767
145923,lstick_x,-32445
145923,lstick_y,11278
145929,rtrigger,32767
145929,lstick_x,-32445
145929,lstick_y,11278
145932,rtrigger,32767
145932,lstick_x,-32445
145932,lstick_y,11278
145936,rtrigger,32767
145936,lstick_x,-32445
145936,lstick_y,11278
145940,rtrigger,32767
145940,lstick_x,-32445
145940,lstick_y,11278
145945,rtrigger,32767
145945,lstick_x,-32445
145945,lstick_y,11278
145949,rtrigger,32767
145949,lstick_x,-32445
145949,lstick_y,11278
145952,rtrigger,32767
145952,lstick_x,-32445
145952,lstick_y,11278
145956,rtrigger,32767
145956,lstick_x,-32445
145956,lstick_y,11278
145959,rtrigger,32767
145959,lstick_x,-32445
145959,lstick_y,11278
145962,rtrigger,32767
145962,lstick_x,-32445
145962,lstick_y,11278
145966,rtrigger,32767
145966,lstick_x,-32445
145966,lstick_y,11278
145982,rtrigger,32767
145982,lstick_x,-32445
145982,lstick_y,11278
145997,rtrigger,32767
145997,lstick_x,-32445
145997,lstick_y,11278
146000,rtrigger,32767
146000,lstick_x,-32445
146000,lstick_y,11278
146007,rtrigger,32767
146007,lstick_x,-32445
146007,lstick_y,11278
146027,rtrigger,32767
146027,lstick_x,-32445
146027,lstick_y,11278
146033,rtrigger,32767
146033,lstick_x,-32445
146033,lstick_y,11278
146041,rtrigger,32767
146041,lstick_x,-32445
146041,lstick_y,11278
146046,rtrigger,32767
146046,lstick_x,-32501
146046,lstick_y,11335
146069,rtrigger,32767
146069,lstick_x,-32501
146069,lstick_y,11335
146078,rtrigger,32767
146078,lstick_x,-32501
146078,lstick_y,11335
146081,rtrigger,32767
146081,lstick_x,-32501
146081,lstick_y,11335
146092,rtrigger,32767
146092,lstick_x,-32501
146092,lstick_y,11335
146104,rtrigger,32767
146104,lstick_x,-32501
146104,lstick_y,11335
146138,rtrigger,32767
146138,lstick_x,-32501
146138,lstick_y,11335
146146,rtrigger,32767
146146,lstick_x,-32501
146146,lstick_y,11335
146160,rtrigger,32767
146160,lstick_x,-32501
146160,lstick_y,11335
146173,rtrigger,32767
146173,lstick_x,-32501
146173,lstick_y,11335
146184,rtrigger,32767
146184,lstick_x,-32501
146184,lstick_y,11335
146191,rtrigger,32767
146191,lstick_x,-32501
146191,lstick_y,11335
146195,rtrigger,32767
146195,lstick_x,-32501
146195,lstick_y,11335
146202,rtrigger,32767
146202,lstick_x,-32501
146202,lstick_y,11335
146208,rtrigger,32767
146208,lstick_x,-32501
146208,lstick_y,11335
146216,rtrigger,32767
146216,lstick_x,-32501
146216,lstick_y,11335
146223,rtrigger,32767
146223,lstick_x,-32501
146223,lstick_y,11335
146227,rtrigger,32767
146227,lstick_x,-32501
146227,lstick_y,11335
146237,rtrigger,32767
146237,lstick_x,-32501
146237,lstick_y,11335
146241,rtrigger,32767
146241,lstick_x,-32501
146241,lstick_y,11335
146251,rtrigger,32767
146251,lstick_x,-32501
146251,lstick_y,11335
146256,rtrigger,32767
146256,lstick_x,-32501
146256,lstick_y,11335
146273,rtrigger,32767
146273,lstick_x,-32501
146273,lstick_y,11335
146280,rtrigger,32767
146280,lstick_x,-32501
146280,lstick_y,11335
146290,rtrigger,32767
146290,lstick_x,-32501
146290,lstick_y,11335
146293,rtrigger,32767
146293,lstick_x,-32501
146293,lstick_y,11335
146340,rtrigger,32767
146340,lstick_x,-32501
146340,lstick_y,11335
146345,rtrigger,32767
146345,lstick_x,-32501
146345,lstick_y,11335
146374,rtrigger,32767
146374,lstick_x,-32501
146374,lstick_y,11335
146379,rtrigger,32767
146379,lstick_x,-32501
146379,lstick_y,11335
146391,rtrigger,32767
146391,lstick_x,-32501
146391,lstick_y,11335
146401,rtrigger,32767
146401,lstick_x,-32501
146401,lstick_y,11335
146410,rtrigger,32767
146410,lstick_x,-32501
146410,lstick_y,11335
146416,rtrigger,32767
146416,lstick_x,-32501
146416,lstick_y,11335
146425,rtrigger,32767
146425,lstick_x,-32501
146425,lstick_y,11335
146432,rtrigger,32767
146432,lstick_x,-32501
146432,lstick_y,11335
146442,rtrigger,32767
146442,lstick_x,-9709
146442,lstick_y,7219
146448,rtrigger,32767
146448,lstick_x,-9709
146448,lstick_y,7219
146456,rtrigger,32767
146456,lstick_x,-9709
146456,lstick_y,7219
146464,rtrigger,32767
146464,lstick_x,-9709
146464,lstick_y,7219
146472,rtrigger,32767
146472,lstick_x,-9709
146472,lstick_y,7219
146475,rtrigger,32767
146475,lstick_x,-9709
146475,lstick_y,7219
146479,rtrigger,32767
146479,lstick_x,-9709
146479,lstick_y,7219
146482,rtrigger,32767
146482,lstick_x,-9709
146482,lstick_y,7219
146488,rtrigger,32767
146488,lstick_x,-9709
146488,lstick_y,7219
146491,rtrigger,32767
146491,lstick_x,-9709
146491,lstick_y,7219
146496,rtrigger,32767
146496,lstick_x,-9709
146496,lstick_y,7219
146505,rtrigger,32767
146505,lstick_x,-9709
146505,lstick_y,7219
146521,rtrigger,32767
146521,lstick_x,-9709
146521,lstick_y,7219
146531,rtrigger,32767
146531,lstick_x,-9709
146531,lstick_y,7219
146544,rtrigger,32767
146544,lstick_x,-9709
146544,lstick_y,7219
146559,rtrigger,32767
146559,lstick_x,-9709
146559,lstick_y,7219
146565,rtrigger,32767
146565,lstick_x,-4548
146565,lstick_y,2773
146568,rtrigger,32767
146568,lstick_x,-4548
146568,lstick_y,2773
146578,rtrigger,32767
146578,lstick_x,-4548
146578,lstick_y,2773
146584,rtrigger,32767
146584,lstick_x,-4548
146584,lstick_y,2773
146593,rtrigger,32767
146593,lstick_x,-4548
146593,lstick_y,2773
146606,rtrigger,32767
146606,lstick_x,-4548
146606,lstick_y,2773
146630,rtrigger,32767
146630,lstick_x,-4548
146630,lstick_y,2773
146665,rtrigger,32767
146665,lstick_x,-4548
146665,lstick_y,2773
146674,rtrigger,32767
146674,lstick_x,-4548
146674,lstick_y,2773
146683,rtrigger,32767
146683,lstick_x,-4548
146683,lstick_y,2773
146688,rtrigger,32767
146688,lstick_x,-4548
146688,lstick_y,2773
146698,rtrigger,32767
146698,lstick_x,-4548
146698,lstick_y,2773
146704,rtrigger,32767
146704,lstick_x,-4548
146704,lstick_y,2773
146714,rtrigger,32767
146714,lstick_x,-1883
146714,lstick_y,1478
146717,rtrigger,32767
146717,lstick_x,-1777
146717,lstick_y,1478
146720,rtrigger,32767
146720,lstick_x,-1777
146720,lstick_y,1478
146723,rtrigger,32767
146723,lstick_x,-1686
146723,lstick_y,1409
146730,rtrigger,32767
146730,lstick_x,-1686
146730,lstick_y,1409
146737,rtrigger,32767
146737,lstick_x,-1686
146737,lstick_y,1409
146745,rtrigger,32767
146745,lstick_x,-1686
146745,lstick_y,1409
146751,rtrigger,32767
146751,lstick_x,-1686
146751,lstick_y,1409
146761,rtrigger,32767
146761,lstick_x,-1686
146761,lstick_y,1409
146776,rtrigger,32767
146776,lstick_x,-1686
146776,lstick_y,1409
146785,rtrigger,32767
146785,lstick_x,-1686
146785,lstick_y,1409
146798,rtrigger,32767
146798,lstick_x,-1686
146798,lstick_y,1409
146804,rtrigger,32767
146804,lstick_x,-1686
146804,lstick_y,1409
146812,rtrigger,32767
146812,lstick_x,-1686
146812,lstick_y,1409
146816,rtrigger,32767
146816,lstick_x,-1686
146816,lstick_y,1409
146835,rtrigger,32767
146835,lstick_x,-1686
146835,lstick_y,1409
146848,rtrigger,32767
146848,lstick_x,-1686
146848,lstick_y,1409
146858,rtrigger,32767
146858,lstick_x,-1686
146858,lstick_y,1409
146883,rtrigger,32767
146883,lstick_x,-1686
146883,lstick_y,1409
146891,rtrigger,32767
146891,lstick_x,-1686
146891,lstick_y,1409
146904,rtrigger,32767
146904,lstick_x,-1686
146904,lstick_y,1409
146914,rtrigger,32767
146914,lstick_x,-1686
146914,lstick_y,1409
146925,rtrigger,32767
146925,lstick_x,-1686
146925,lstick_y,1409
146939,rtrigger,32767
146939,lstick_x,-1686
146939,lstick_y,1409
146948,rtrigger,32767
146948,lstick_x,-1686
146948,lstick_y,1409
146955,rtrigger,32767
146955,lstick_x,-1686
146955,lstick_y,1409
146960,rtrigger,32767
146960,lstick_x,-1326
146960,lstick_y,1267
146965,rtrigger,32767
146965,lstick_x,-1326
146965,lstick_y,1267
146980,rtrigger,32767
146980,lstick_x,-1326
146980,lstick_y,1267
146984,rtrigger,32767
146984,lstick_x,-1326
146984,lstick_y,1267
146992,rtrigger,32767
146992,lstick_x,-1326
146992,lstick_y,1267
147003,rtrigger,32767
147003,lstick_x,-1326
147003,lstick_y,1267
147008,rtrigger,32767
147008,lstick_x,-1326
147008,lstick_y,1267
147019,rtrigger,32767
147019,lstick_x,-1326
147019,lstick_y,1267
147026,rtrigger,32767
147026,lstick_x,-1326
147026,lstick_y,1267
147032,rtrigger,32767
147032,lstick_x,-1326
147032,lstick_y,1267
147048,rtrigger,32767
147048,lstick_x,-1326
147048,lstick_y,1267
147056,rtrigger,32767
147056,lstick_x,-1326
147056,lstick_y,1267
147064,rtrigger,32767
147064,lstick_x,-1326
147064,lstick_y,1267
147072,rtrigger,32767
147072,lstick_x,-1293
147072,lstick_y,1267
147087,rtrigger,32767
147087,lstick_x,-1293
147087,lstick_y,1267
147105,rtrigger,32767
147105,lstick_x,-1293
147105,lstick_y,1267
147119,rtrigger,32767
147119,lstick_x,-1293
147119,lstick_y,1267
147124,rtrigger,32767
147124,lstick_x,-1293
147124,lstick_y,1267
147149,rtrigger,32767
147149,lstick_x,-1293
147149,lstick_y,1267
147156,rtrigger,32767
147156,lstick_x,-1293
147156,lstick_y,1267
147165,rtrigger,32767
147165,lstick_x,-1293
147165,lstick_y,1267
147176,rtrigger,32767
147176,lstick_x,-1293
147176,lstick_y,1267
147186,rtrigger,32767
147186,lstick_x,-1293
147186,lstick_y,1267
147198,rtrigger,32767
147198,lstick_x,-1293
147198,lstick_y,1267
147201,rtrigger,32767
147201,lstick_x,-1293
147201,lstick_y,1267
147206,rtrigger,32767
147206,lstick_x,-20931
147206,lstick_y,6107
147209,rtrigger,32767
147209,lstick_x,-20931
147209,lstick_y,6107
147216,rtrigger,32767
147216,lstick_x,-20931
147216,lstick_y,6107
147224,rtrigger,32767
147224,lstick_x,-20931
147224,lstick_y,6107
147232,rtrigger,32767
147232,lstick_x,-20931
147232,lstick_y,6107
147241,rtrigger,32767
147241,lstick_x,-20931
147241,lstick_y,6107
147246,rtrigger,32767
147246,lstick_x,-20931
147246,lstick_y,6107
147253,rtrigger,32767
147253,lstick_x,-20931
147253,lstick_y,6107
147257,rtrigger,32767
147257,lstick_x,-20931
147257,lstick_y,6107
147264,rtrigger,32767
147264,lstick_x,-20931
147264,lstick_y,6107
147276,rtrigger,32767
147276,lstick_x,-20931
147276,lstick_y,6107
147280,rtrigger,32767
147280,lstick_x,-20931
147280,lstick_y,6107
147291,rtrigger,32767
147291,lstick_x,-20931
147291,lstick_y,6107
147299,rtrigger,32767
147299,lstick_x,-20931
147299,lstick_y,6107
147305,rtrigger,32767
147305,lstick_x,-20931
147305,lstick_y,6107
147307,rtrigger,32767
147307,lstick_x,-31494
147307,lstick_y,9504
147313,rtrigger,32767
147313,lstick_x,-31494
147313,lstick_y,9504
147332,rtrigger,32767
147332,lstick_x,-31494
147332,lstick_y,9504
147336,rtrigger,32767
147336,lstick_x,-31494
147336,lstick_y,9504
147345,rtrigger,32767
147345,lstick_x,-31494
147345,lstick_y,9504
147390,rtrigger,32767
147390,lstick_x,-31897
147390,lstick_y,10670
147404,rtrigger,32767
147404,lstick_x,-31897
147404,lstick_y,10670
147418,rtrigger,32767
147418,lstick_x,-31897
147418,lstick_y,10670
147425,rtrigger,32767
147425,lstick_x,-32154
147425,lstick_y,11393
147432,rtrigger,32767
147432,lstick_x,-32154
147432,lstick_y,11393
147441,rtrigger,32767
147441,lstick_x,-32154
147441,lstick_y,11493
147448,rtrigger,32767
147448,lstick_x,-32154
147448,lstick_y,11493
147458,rtrigger,32767
147458,lstick_x,-32209
147458,lstick_y,11637
147464,rtrigger,32767
147464,lstick_x,-32209
147464,lstick_y,11637
147475,rtrigger,32767
147475,lstick_x,-32209
147475,lstick_y,11637
147482,rtrigger,32767
147482,lstick_x,-32209
147482,lstick_y,11637
147488,rtrigger,32767
147488,lstick_x,-32209
147488,lstick_y,11637
147491,rtrigger,32767
147491,lstick_x,-32255
147491,lstick_y,11688
147495,rtrigger,32767
147495,lstick_x,-32255
147495,lstick_y,11688
147500,rtrigger,32767
147500,lstick_x,-32255
147500,lstick_y,11688
147504,rtrigger,32767
147504,lstick_x,-32255
147504,lstick_y,11688
147520,rtrigger,32767
147520,lstick_x,-32255
147520,lstick_y,11688
147524,rtrigger,32767
147524,lstick_x,-32255
147524,lstick_y,11688
147549,rtrigger,32767
147549,lstick_x,-32255
147549,lstick_y,11688
147552,rtrigger,32767
147552,lstick_x,-32255
147552,lstick_y,11688
147561,rtrigger,32767
147561,lstick_x,-32255
147561,lstick_y,11688
147578,rtrigger,32767
147578,lstick_x,-32311
147578,lstick_y,11788
147591,rtrigger,32767
147591,lstick_x,-32311
147591,lstick_y,11788
147594,rtrigger,32767
147594,lstick_x,-32311
147594,lstick_y,11860
147600,rtrigger,32767
147600,lstick_x,-32311
147600,lstick_y,11860
147608,rtrigger,32767
147608,lstick_x,-32311
147608,lstick_y,11860
147621,rtrigger,32767
147621,lstick_x,-32311
147621,lstick_y,11860
147642,rtrigger,32767
147642,lstick_x,-32311
147642,lstick_y,11860
147659,rtrigger,32767
147659,lstick_x,-32311
147659,lstick_y,11860
147682,rtrigger,32767
147682,lstick_x,-32311
147682,lstick_y,11860
147693,rtrigger,32767
147693,lstick_x,-32311
147693,lstick_y,11860
147697,rtrigger,32767
147697,lstick_x,-32311
147697,lstick_y,11860
147705,rtrigger,32767
147705,lstick_x,-21658
147705,lstick_y,10740
147716,rtrigger,32767
147716,lstick_x,-21658
147716,lstick_y,10740
147723,rtrigger,32767
147723,lstick_x,-19924
147723,lstick_y,9477
147728,rtrigger,32767
147728,lstick_x,-19924
147728,lstick_y,9477
147736,rtrigger,32767
147736,lstick_x,-19924
147736,lstick_y,9477
147739,rtrigger,32767
147739,lstick_x,-19924
147739,lstick_y,9477
147743,rtrigger,32767
147743,lstick_x,-19924
147743,lstick_y,9477
147750,rtrigger,32767
147750,lstick_x,-19924
147750,lstick_y,9477
147756,rtrigger,32767
147756,lstick_x,-19924
147756,lstick_y,9477
147763,rtrigger,32767
147763,lstick_x,-19924
147763,lstick_y,9477
147769,rtrigger,32767
147769,lstick_x,-19924
147769,lstick_y,9477
147780,rtrigger,32767
147780,lstick_x,-19924
147780,lstick_y,9477
147794,rtrigger,32767
147794,lstick_x,-19924
147794,lstick_y,9477
147797,rtrigger,32767
147797,lstick_x,-4248
147797,lstick_y,6689
147816,rtrigger,32767
147816,lstick_x,-4248
147816,lstick_y,6689
147822,rtrigger,32767
147822,lstick_x,-2964
147822,lstick_y,4167
147826,rtrigger,32767
147826,lstick_x,-2964
147826,lstick_y,4167
147832,rtrigger,32767
147832,lstick_x,-2964
147832,lstick_y,4167
147844,rtrigger,32767
147844,lstick_x,-2964
147844,lstick_y,4167
147871,rtrigger,32767
147871,lstick_x,-2964
147871,lstick_y,4167
147883,rtrigger,32767
147883,lstick_x,-2964
147883,lstick_y,4167
147903,rtrigger,32767
147903,lstick_x,-2964
147903,lstick_y,4167
147910,rtrigger,32767
147910,lstick_x,-2964
147910,lstick_y,4167
147918,rtrigger,32767
147918,lstick_x,-2964
147918,lstick_y,4167
147924,rtrigger,32767
147924,lstick_x,-1718
147924,lstick_y,2212
147928,rtrigger,32767
147928,lstick_x,-1718
147928,lstick_y,2212
147931,rtrigger,32767
147931,lstick_x,-1718
147931,lstick_y,2212
147936,rtrigger,32767
147936,lstick_x,-1718
147936,lstick_y,2212
147942,rtrigger,32767
147942,lstick_x,-1366
147942,lstick_y,1826
147949,rtrigger,32767
147949,lstick_x,-1366
147949,lstick_y,1826
147953,rtrigger,32767
147953,lstick_x,-1366
147953,lstick_y,1826
147958,rtrigger,32767
147958,lstick_x,-1200
147958,lstick_y,1685
147962,rtrigger,32767
147962,lstick_x,-1200
147962,lstick_y,1685
147968,rtrigger,32767
147968,lstick_x,-1200
147968,lstick_y,1685
147975,rtrigger,32767
147975,lstick_x,-1200
147975,lstick_y,1685
147981,rtrigger,32767
147981,lstick_x,-1200
147981,lstick_y,1685
147984,rtrigger,32767
147984,lstick_x,-1200
147984,lstick_y,1685
147999,rtrigger,32767
147999,lstick_x,-1200
147999,lstick_y,1685
148014,rtrigger,32767
148014,lstick_x,-1200
148014,lstick_y,1685
148018,rtrigger,32767
148018,lstick_x,-1200
148018,lstick_y,1685
148026,rtrigger,32767
148026,lstick_x,-1200
148026,lstick_y,1685
148032,rtrigger,32767
148032,lstick_x,-1200
148032,lstick_y,1685
148042,rtrigger,32767
148042,lstick_x,-1200
148042,lstick_y,1685
148052,rtrigger,32767
148052,lstick_x,-1200
148052,lstick_y,1685
148059,rtrigger,32767
148059,lstick_x,-1200
148059,lstick_y,1685
148063,rtrigger,32767
148063,lstick_x,-1200
148063,lstick_y,1685
148076,rtrigger,32767
148076,lstick_x,-1200
148076,lstick_y,1685
148087,rtrigger,32767
148087,lstick_y,1293
148092,rtrigger,32767
148092,lstick_y,1192
148097,rtrigger,32767
148097,lstick_y,1192
148106,rtrigger,32767
148106,lstick_y,1192
148122,rtrigger,32767
148122,lstick_y,1192
148131,rtrigger,32767
148131,lstick_y,1192
148154,rtrigger,32767
148154,lstick_y,1120
148166,rtrigger,32767
148166,lstick_y,1120
148191,rtrigger,32767
148191,lstick_y,1120
148194,rtrigger,32767
148194,lstick_y,1120
148201,rtrigger,32767
148201,lstick_y,1120
148207,rtrigger,32767
148207,lstick_y,1120
148210,rtrigger,32767
148210,lstick_y,1120
148215,rtrigger,32767
148215,lstick_y,1120
148219,rtrigger,32767
148219,lstick_y,1120
148225,rtrigger,32767
148225,lstick_y,1120
148233,rtrigger,32767
148233,lstick_y,1120
148242,rtrigger,32767
148242,lstick_y,1120
148248,rtrigger,32767
148248,lstick_y,1120
148256,rtrigger,32767
148256,lstick_y,1095
148259,rtrigger,32767
148259,lstick_y,1095
148263,rtrigger,32767
148263,lstick_y,1095
148274,rtrigger,32767
148274,lstick_y,1095
148287,rtrigger,32767
148287,lstick_y,1095
148296,rtrigger,32767
148296,lstick_y,1095
148304,rtrigger,32767
148304,lstick_y,1095
148312,rtrigger,32767
148312,lstick_y,1095
148323,rtrigger,32767
148323,lstick_y,1095
148328,rtrigger,32767
148328,lstick_y,1095
148343,rtrigger,32767
148343,lstick_y,1095
148347,rtrigger,32767
148347,lstick_y,1095
148352,rtrigger,32767
148352,lstick_y,1095
148360,rtrigger,32767
148360,lstick_y,1095
148370,rtrigger,32767
148370,lstick_y,1095
148388,rtrigger,32767
148388,lstick_y,1095
148397,rtrigger,32767
148397,lstick_y,1095
148412,rtrigger,32767
148412,lstick_y,1095
148422,rtrigger,32767
148422,lstick_y,1095
148425,rtrigger,32767
148425,lstick_y,1095
148442,rtrigger,32767
148442,lstick_y,1095
148457,rtrigger,32767
148457,lstick_y,1095
148462,rtrigger,32767
148462,lstick_y,1095
148466,rtrigger,32767
148466,lstick_y,1095
148475,rtrigger,32767
148475,lstick_y,1095
148480,rtrigger,32767
148480,lstick_y,1095
148489,rtrigger,32767
148489,lstick_y,1095
148496,rtrigger,32767
148496,lstick_y,1095
148501,rtrigger,32767
148501,lstick_y,1095
148504,rtrigger,32767
148504,lstick_y,1095
148509,rtrigger,32767
148509,lstick_y,1095
148512,rtrigger,32767
148512,lstick_y,1095
148516,rtrigger,32767
148516,lstick_y,1095
148525,rtrigger,32767
148525,lstick_y,1095
148538,rtrigger,32767
148538,lstick_y,1095
148545,rtrigger,32767
148545,lstick_y,1095
148552,rtrigger,32767
148552,lstick_y,1095
148561,rtrigger,32767
148561,lstick_y,1095
148568,rtrigger,32767
148568,lstick_y,1095
148576,rtrigger,32767
148576,lstick_y,1095
148581,rtrigger,32767
148581,lstick_y,1095
148596,rtrigger,32767
148596,lstick_y,1095
148600,rtrigger,32767
148600,lstick_y,1095
148623,rtrigger,32767
148623,lstick_y,1095
148652,rtrigger,32767
148652,lstick_y,1095
148659,rtrigger,32767
148659,lstick_y,1095
148679,rtrigger,32767
148679,lstick_y,1095
148695,rtrigger,32767
148695,lstick_y,1095
148711,rtrigger,32767
148711,lstick_y,1095
148714,rtrigger,32767
148714,lstick_y,1095
148720,rtrigger,32767
148720,lstick_y,1095
148725,rtrigger,32767
148725,lstick_y,1095
148730,rtrigger,32767
148730,lstick_y,1095
148738,rtrigger,32767
148738,lstick_y,1095
148747,rtrigger,32767
148747,lstick_y,1095
148753,rtrigger,32767
148753,lstick_y,1095
148756,rtrigger,32767
148756,lstick_y,1095
148760,rtrigger,32767
148760,lstick_y,1095
148763,rtrigger,32767
148763,lstick_y,1095
148765,rtrigger,32767
148765,lstick_y,1095
148777,rtrigger,32767
148777,lstick_y,1095
148794,rtrigger,32767
148794,lstick_y,1095
148800,rtrigger,32767
148800,lstick_y,1095
148810,rtrigger,32767
148810,lstick_y,1095
148821,rtrigger,32767
148821,lstick_y,1095
148824,rtrigger,32767
148824,lstick_y,1095
148833,rtrigger,32767
148833,lstick_y,1095
148841,rtrigger,32767
148841,lstick_y,1095
148858,rtrigger,32767
148858,lstick_y,1095
148873,rtrigger,32767
148873,lstick_y,1095
148901,rtrigger,32767
148901,lstick_y,1095
148912,rtrigger,32767
148912,lstick_y,1095
148950,rtrigger,32767
148950,lstick_y,1095
148955,rtrigger,32767
148955,lstick_y,1095
148959,rtrigger,32767
148959,lstick_y,1095
148962,rtrigger,32767
148962,lstick_y,1095
148968,rtrigger,32767
148968,lstick_y,1095
148977,rtrigger,32767
148977,lstick_y,1095
148984,rtrigger,32767
148984,lstick_y,1095
148991,rtrigger,32767
148991,lstick_y,1095
148993,rtrigger,32767
148993,lstick_y,1095
149002,rtrigger,32767
149002,lstick_y,1095
149008,rtrigger,32767
149008,lstick_y,1095
149012,rtrigger,32767
149012,lstick_y,1095
149016,rtrigger,32767
149016,lstick_y,1095
149024,rtrigger,32767
149024,lstick_y,1095
149038,rtrigger,32767
149038,lstick_y,1095
149042,rtrigger,32767
149042,lstick_y,1095
149049,rtrigger,32767
149049,lstick_y,1095
149060,rtrigger,32767
149060,lstick_y,1095
149066,rtrigger,32767
149066,lstick_y,1095
149075,rtrigger,32767
149075,lstick_y,1095
149078,rtrigger,32767
149078,lstick_y,1095
149112,rtrigger,32767
149112,lstick_y,1095
149120,rtrigger,32767
149120,lstick_y,1095
149128,rtrigger,32767
149128,lstick_y,1095
149138,rtrigger,32767
149138,lstick_y,1095
149157,rtrigger,32767
149157,lstick_y,1095
149164,rtrigger,32767
149164,lstick_y,1095
149174,rtrigger,32767
149174,lstick_y,1095
149177,rtrigger,32767
149177,lstick_y,1095
149187,rtrigger,32767
149187,lstick_y,1095
149196,rtrigger,32767
149196,lstick_y,1095
149208,rtrigger,32767
149208,lstick_y,1095
149214,rtrigger,32767
149214,lstick_y,1095
149223,rtrigger,32767
149223,lstick_y,1095
149232,rtrigger,32767
149232,lstick_y,1095
149240,rtrigger,32767
149240,lstick_y,1095
149248,rtrigger,32767
149248,lstick_y,1095
149257,rtrigger,32767
149257,lstick_y,1095
149264,rtrigger,32767
149264,lstick_y,1095
149279,rtrigger,32767
149279,lstick_y,1095
149292,rtrigger,32767
149292,lstick_y,1095
149296,rtrigger,32767
149296,lstick_y,1095
149363,rtrigger,32767
149363,lstick_y,1095
149368,rtrigger,32767
149368,lstick_y,1095
149376,rtrigger,32767
149376,lstick_y,1095
149381,rtrigger,32767
149381,lstick_y,1095
149398,rtrigger,32767
149398,lstick_y,1095
149409,rtrigger,32767
149409,lstick_y,1095
149418,rtrigger,32767
149418,lstick_y,1095
149440,rtrigger,32767
149440,lstick_y,1095
149453,rtrigger,32767
149453,lstick_y,1095
149495,rtrigger,32767
149495,lstick_y,1095
149504,rtrigger,32767
149504,lstick_y,1095
149512,rtrigger,32767
149512,lstick_y,1095
149514,rtrigger,32767
149514,lstick_y,1095
149518,rtrigger,32767
149518,lstick_y,1095
149523,rtrigger,32767
149523,lstick_y,1095
149528,rtrigger,32767
149528,lstick_y,1095
149540,rtrigger,32767
149540,lstick_y,1095
149546,rtrigger,32767
149546,lstick_y,1095
149552,rtrigger,32767
149552,lstick_y,1095
149556,rtrigger,32767
149556,lstick_y,1095
149560,rtrigger,32767
149560,lstick_y,1095
149564,rtrigger,32767
149564,lstick_y,1095
149567,rtrigger,32767
149567,lstick_y,1095
149570,rtrigger,32767
149570,lstick_y,1095
149581,rtrigger,32767
149581,lstick_y,1095
149584,rtrigger,32767
149584,lstick_y,1095
149595,rtrigger,32767
149595,lstick_y,1095
149601,rtrigger,32767
149601,lstick_y,1095
149609,rtrigger,32767
149609,lstick_y,1095
149624,rtrigger,32767
149624,lstick_y,1095
149636,rtrigger,32767
149636,lstick_y,1095
149640,rtrigger,32767
149640,lstick_y,1095
149660,rtrigger,32767
149660,lstick_y,1095
149692,rtrigger,32767
149692,lstick_y,1095
149707,rtrigger,32767
149707,lstick_y,1095
149732,rtrigger,32767
149732,lstick_y,1095
149737,rtrigger,32767
149737,lstick_y,1095
149744,rtrigger,32767
149744,lstick_y,1095
149755,rtrigger,32767
149755,lstick_y,1095
149760,rtrigger,32767
149760,lstick_y,1095
149768,rtrigger,32767
149768,lstick_y,1095
149775,rtrigger,32767
149775,lstick_y,1095
149778,rtrigger,32767
149778,lstick_y,1095
149785,rtrigger,32767
149785,lstick_y,1095
149792,rtrigger,32767
149792,lstick_y,1095
149800,rtrigger,32767
149800,lstick_y,1095
149808,rtrigger,32767
149808,lstick_y,1095
149824,rtrigger,32767
149824,lstick_y,1095
149827,rtrigger,32767
149827,lstick_y,1095
149842,rtrigger,32767
149842,lstick_y,1095
149848,rtrigger,32767
149848,lstick_y,1095
149856,rtrigger,32767
149856,lstick_y,1095
149867,rtrigger,32767
149867,lstick_y,1095
149872,rtrigger,32767
149872,lstick_y,1095
149881,rtrigger,32767
149881,lstick_y,1095
149885,rtrigger,32767
149885,lstick_y,1095
149898,rtrigger,32767
149898,lstick_y,1095
149909,rtrigger,32767
149909,lstick_y,1095
149922,rtrigger,32767
149922,lstick_y,1095
149950,rtrigger,32767
149950,lstick_y,1095
149960,rtrigger,32767
149960,lstick_y,1095
149969,rtrigger,32767
149969,lstick_y,1095
149979,rtrigger,32767
149979,lstick_y,1095
149992,rtrigger,32767
149992,lstick_y,1095
150001,rtrigger,32767
150001,lstick_y,1095
150010,rtrigger,32767
150010,lstick_y,1095
150016,rtrigger,32767
150016,lstick_y,1095
150024,rtrigger,32767
150024,lstick_y,1095
150032,rtrigger,32767
150032,lstick_y,1095
150040,rtrigger,32767
150040,lstick_y,1095
150048,rtrigger,32767
150048,lstick_y,1095
150061,rtrigger,32767
150061,lstick_y,1095
150064,rtrigger,32767
150064,lstick_y,1095
150075,rtrigger,32767
150075,lstick_y,1095
150081,rtrigger,32767
150081,lstick_y,1095
150088,rtrigger,32767
150088,lstick_y,1095
150098,rtrigger,32767
150098,lstick_y,1095
150106,rtrigger,32767
150106,lstick_y,1095
150112,rtrigger,32767
150112,lstick_y,1095
150116,rtrigger,32767
150116,lstick_y,1095
150120,rtrigger,32767
150120,lstick_y,1095
150130,rtrigger,32767
150130,lstick_y,1095
150150,rtrigger,32767
150150,lstick_y,1095
150155,rtrigger,32767
150155,lstick_y,1095
150160,rtrigger,32767
150160,lstick_y,1095
150215,rtrigger,32767
150215,lstick_y,1095
150228,rtrigger,32767
150228,lstick_y,1095
150234,rtrigger,32767
150234,lstick_y,1095
150242,rtrigger,32767
150242,lstick_y,1095
150248,rtrigger,32767
150248,lstick_y,1095
150257,rtrigger,32767
150257,lstick_y,1095
150263,rtrigger,32767
150263,lstick_y,1095
150274,rtrigger,32767
150274,lstick_y,1095
150281,rtrigger,32767
150281,lstick_y,1095
150288,rtrigger,32767
150288,lstick_y,1095
150291,rtrigger,32767
150291,lstick_y,1095
150294,rtrigger,32767
150294,lstick_y,1095
150296,rtrigger,32767
150296,lstick_y,1095
150308,rtrigger,32767
150308,lstick_y,1095
150317,rtrigger,32767
150317,lstick_y,1095
150327,rtrigger,32767
150327,lstick_y,1095
150336,rtrigger,32767
150336,lstick_y,1095
150340,rtrigger,32767
150340,lstick_y,1095
150349,rtrigger,32767
150349,lstick_y,1095
150352,rtrigger,32767
150352,lstick_y,1095
150363,rtrigger,32767
150363,lstick_y,1095
150369,rtrigger,32767
150369,lstick_y,1095
150373,rtrigger,32767
150373,lstick_y,1095
150391,rtrigger,32767
150391,lstick_y,1095
150402,rtrigger,32767
150402,lstick_y,1095
150410,rtrigger,32767
150410,lstick_y,1095
150425,rtrigger,32767
150425,lstick_y,1095
150432,rtrigger,32767
150432,lstick_y,1095
150456,rtrigger,32767
150456,lstick_y,1095
150471,rtrigger,32767
150471,lstick_y,1095
150488,rtrigger,32767
150488,lstick_y,1095
150503,rtrigger,32767
150503,lstick_y,1095
150508,rtrigger,32767
150508,lstick_y,1095
150512,rtrigger,32767
150512,lstick_y,1095
150520,rtrigger,32767
150520,lstick_y,1095
150528,rtrigger,32767
150528,lstick_y,1095
150536,rtrigger,32767
150536,lstick_y,1095
150548,rtrigger,32767
150548,lstick_y,1095
150552,rtrigger,32767
150552,lstick_y,1095
150571,rtrigger,32767
150571,lstick_y,1095
150585,rtrigger,32767
150585,lstick_y,1095
150599,rtrigger,32767
150599,lstick_y,1095
150613,rtrigger,32767
150613,lstick_y,1095
150615,rtrigger,32767
150615,lstick_y,1095
150645,rtrigger,32767
150645,lstick_y,1095
150651,rtrigger,32767
150651,lstick_y,1095
150667,rtrigger,32767
150667,lstick_y,1095
150673,rtrigger,32767
150673,lstick_y,1095
150711,rtrigger,32767
150711,lstick_y,1095
150714,rtrigger,32767
150714,lstick_y,1095
150724,rtrigger,32767
150724,lstick_y,1095
150742,rtrigger,32767
150742,lstick_y,1095
150752,rtrigger,32767
150752,lstick_y,1095
150760,rtrigger,32767
150760,lstick_y,1095
150769,rtrigger,32767
150769,lstick_y,1095
150777,rtrigger,32767
150777,lstick_y,1095
150784,rtrigger,32767
150784,lstick_y,1095
150793,rtrigger,32767
150793,lstick_y,1095
150796,rtrigger,32767
150796,lstick_y,1095
150808,rtrigger,32767
150808,lstick_y,1095
150823,rtrigger,32767
150823,lstick_y,1095
150840,rtrigger,32767
150840,lstick_y,1095
150848,rtrigger,32767
150848,lstick_y,1095
150862,rtrigger,32767
150862,lstick_y,1095
150876,rtrigger,32767
150876,lstick_y,1095
150883,rtrigger,32767
150883,lstick_y,1095
150897,rtrigger,32767
150897,lstick_y,1095
150906,rtrigger,32767
150906,lstick_y,1095
150933,rtrigger,32767
150933,lstick_y,1095
150942,rtrigger,32767
150942,lstick_y,1095
150945,rtrigger,32767
150945,lstick_y,1095
150959,rtrigger,32767
150959,lstick_y,1095
150965,rtrigger,32767
150965,lstick_y,1095
150970,rtrigger,32767
150970,lstick_y,1095
150976,rtrigger,32767
150976,lstick_y,1095
150989,rtrigger,32767
150989,lstick_y,1095
150993,rtrigger,32767
150993,lstick_y,1095
151002,rtrigger,32767
151002,lstick_y,1095
151006,rtrigger,32767
151006,lstick_y,1095
151009,rtrigger,32767
151009,lstick_y,1095
151016,rtrigger,32767
151016,lstick_y,1095
151025,rtrigger,32767
151025,lstick_y,1095
151032,rtrigger,32767
151032,lstick_y,1095
151040,rtrigger,32767
151040,lstick_y,1095
151046,rtrigger,32767
151046,lstick_y,1095
151050,rtrigger,32767
151050,lstick_y,1095
151057,rtrigger,32767
151057,lstick_y,1095
151070,rtrigger,32767
151070,lstick_y,1095
151074,rtrigger,32767
151074,lstick_y,1095
151085,rtrigger,32767
151085,lstick_y,1095
151090,rtrigger,32767
151090,lstick_y,1095
151096,rtrigger,32767
151096,lstick_y,1095
151104,rtrigger,32767
151104,lstick_y,1095
151109,rtrigger,32767
151109,lstick_y,1095
151112,rtrigger,32767
151112,lstick_y,1095
151125,rtrigger,32767
151125,lstick_y,1095
151128,rtrigger,32767
151128,lstick_y,1095
151133,rtrigger,32767
151133,lstick_y,1095
151139,rtrigger,32767
151139,lstick_y,1095
151163,rtrigger,32767
151163,lstick_y,1095
151168,rtrigger,32767
151168,lstick_y,1095
151195,rtrigger,32767
151195,lstick_y,1095
151202,rtrigger,32767
151202,lstick_y,1095
151208,rtrigger,32767
151208,lstick_y,1095
151231,rtrigger,32767
151231,lstick_y,1095
151249,rtrigger,32767
151249,lstick_y,1095
151257,rtrigger,32767
151257,lstick_y,1095
151262,rtrigger,32767
151262,lstick_y,1095
151265,rtrigger,32767
151265,lstick_y,1095
151275,rtrigger,32767
151275,lstick_y,1095
151280,rtrigger,32767
151280,lstick_y,1095
151289,rtrigger,32767
151289,lstick_y,1095
151292,rtrigger,32767
151292,lstick_y,1095
151296,rtrigger,32767
151296,lstick_y,1095
151300,rtrigger,32767
151300,lstick_y,1095
151304,rtrigger,32767
151304,lstick_y,1095
151307,rtrigger,32767
151307,lstick_y,1095
151318,rtrigger,32767
151318,lstick_y,1095
151320,rtrigger,32767
151320,lstick_y,1095
151330,rtrigger,32767
151330,lstick_y,1095
151340,rtrigger,32767
151340,lstick_y,1095
151344,rtrigger,32767
151344,lstick_y,1095
151355,rtrigger,32767
151355,lstick_y,1095
151360,rtrigger,32767
151360,lstick_y,1095
151368,rtrigger,32767
151368,lstick_y,1095
151374,rtrigger,32767
151374,lstick_y,1095
151389,rtrigger,32767
151389,lstick_y,1095
151407,rtrigger,32767
151407,lstick_y,1095
151473,rtrigger,32767
151473,lstick_y,1095
151494,rtrigger,32767
151494,lstick_y,1095
151504,rtrigger,32767
151504,lstick_y,1095
151508,rtrigger,32767
151508,lstick_y,1095
151511,rtrigger,32767
151511,lstick_y,1095
151516,rtrigger,32767
151516,lstick_y,1095
151520,rtrigger,32767
151520,lstick_y,1095
151528,rtrigger,32767
151528,lstick_y,1095
151534,rtrigger,32767
151534,lstick_y,1095
151538,rtrigger,32767
151538,lstick_y,1095
151542,rtrigger,32767
151542,lstick_y,1095
151545,rtrigger,32767
151545,lstick_y,1095
151549,rtrigger,32767
151549,lstick_y,1095
151552,rtrigger,32767
151552,lstick_y,1095
151560,rtrigger,32767
151560,lstick_y,1095
151569,rtrigger,32767
151569,lstick_y,1095
151577,rtrigger,32767
151577,lstick_y,1095
151592,rtrigger,32767
151592,lstick_y,1095
151604,rtrigger,32767
151604,lstick_y,1095
151609,rtrigger,32767
151609,lstick_y,1095
151618,rtrigger,32767
151618,lstick_y,1095
151623,rtrigger,32767
151623,lstick_y,1095
151633,rtrigger,32767
151633,lstick_y,1095
151648,rtrigger,32767
151648,lstick_y,1095
151659,rtrigger,32767
151659,lstick_y,1095
151688,rtrigger,32767
151688,lstick_y,1095
151706,rtrigger,32767
151706,lstick_y,1095
151716,rtrigger,32767
151716,lstick_y,1095
151730,rtrigger,32767
151730,lstick_y,1095
151736,rtrigger,32767
151736,lstick_y,1095
151744,rtrigger,32767
151744,lstick_y,1095
151747,rtrigger,32767
151747,lstick_y,1095
151752,rtrigger,32767
151752,lstick_y,1095
151763,rtrigger,32767
151763,lstick_y,1095
151770,rtrigger,32767
151770,lstick_y,1095
151774,rtrigger,32767
151774,lstick_y,1095
151777,rtrigger,32767
151777,lstick_y,1095
151782,rtrigger,32767
151782,lstick_y,1095
151789,rtrigger,32767
151789,lstick_y,1095
151793,rtrigger,32767
151793,lstick_y,1095
151801,rtrigger,32767
151801,lstick_y,1095
151814,rtrigger,32767
151814,lstick_y,1095
151830,rtrigger,32767
151830,lstick_y,1095
151835,rtrigger,32767
151835,lstick_y,1095
151843,rtrigger,32767
151843,lstick_y,1095
151847,rtrigger,32767
151847,lstick_y,1095
151856,rtrigger,32767
151856,lstick_y,1095
151871,rtrigger,32767
151871,lstick_y,1095
151879,rtrigger,32767
151879,lstick_y,1095
151895,rtrigger,32767
151895,lstick_y,1095
151902,rtrigger,32767
151902,lstick_y,1095
151919,rtrigger,32767
151919,lstick_y,1095
151929,rtrigger,32767
151929,lstick_y,1095
151965,rtrigger,32767
151965,lstick_y,1095
151969,rtrigger,32767
151969,lstick_y,1095
151974,rtrigger,32767
151974,lstick_x,-1317
151974,lstick_y,1095
151985,rtrigger,32767
151985,lstick_x,-1317
151985,lstick_y,1095
151992,rtrigger,32767
151992,lstick_x,-1317
151992,lstick_y,1095
151997,rtrigger,32767
151997,lstick_x,-1317
151997,lstick_y,1095
152000,rtrigger,32767
152000,lstick_x,-1317
152000,lstick_y,1095
152008,rtrigger,32767
152008,lstick_x,-1317
152008,lstick_y,1095
152016,rtrigger,32767
152016,lstick_x,-1317
152016,lstick_y,1095
152025,rtrigger,32767
152025,lstick_x,-1317
152025,lstick_y,1095
152034,rtrigger,32767
152034,lstick_x,-1317
152034,lstick_y,1095
152045,rtrigger,32767
152045,lstick_x,-1317
152045,lstick_y,1095
152050,rtrigger,32767
152050,lstick_x,-1317
152050,lstick_y,1095
152056,rtrigger,32767
152056,lstick_x,-1317
152056,lstick_y,1095
152070,rtrigger,32767
152070,lstick_x,-1317
152070,lstick_y,1095
152073,rtrigger,32767
152073,lstick_x,-1317
152073,lstick_y,1095
152087,rtrigger,32767
152087,lstick_x,-1317
152087,lstick_y,1095
152092,rtrigger,32767
152092,lstick_x,-1417
152092,lstick_y,1095
152126,rtrigger,32767
152126,lstick_x,-1417
152126,lstick_y,1095
152132,rtrigger,32767
152132,lstick_x,-1417
152132,lstick_y,1095
152168,rtrigger,32767
152168,lstick_x,-1417
152168,lstick_y,1095
152173,rtrigger,32767
152173,lstick_x,-1417
152173,lstick_y,1095
152176,rtrigger,32767
152176,lstick_x,-1417
152176,lstick_y,1095
152187,rtrigger,32767
152187,lstick_x,-1417
152187,lstick_y,1095
152201,rtrigger,32767
152201,lstick_x,-1417
152201,lstick_y,1095
152213,rtrigger,32767
152213,lstick_x,-1417
152213,lstick_y,1095
152216,rtrigger,32767
152216,lstick_x,-1417
152216,lstick_y,1095
152223,rtrigger,32767
152223,lstick_x,-1417
152223,lstick_y,1095
152233,rtrigger,32767
152233,lstick_x,-1417
152233,lstick_y,1095
152240,rtrigger,32767
152240,lstick_x,-1417
152240,lstick_y,1095
152248,rtrigger,32767
152248,lstick_x,-1417
152248,lstick_y,1095
152251,rtrigger,32767
152251,lstick_x,-1417
152251,lstick_y,1095
152256,rtrigger,32767
152256,lstick_x,-1417
152256,lstick_y,1095
152262,rtrigger,32767
152262,lstick_x,-1417
152262,lstick_y,1095
152265,rtrigger,32767
152265,lstick_x,-1417
152265,lstick_y,1095
152273,rtrigger,32767
152273,lstick_x,-1417
152273,lstick_y,1095
152282,rtrigger,32767
152282,lstick_x,-1417
152282,lstick_y,1095
152295,rtrigger,32767
152295,lstick_x,-1417
152295,lstick_y,1095
152307,rtrigger,32767
152307,lstick_x,-1417
152307,lstick_y,1095
152316,rtrigger,32767
152316,lstick_x,-1417
152316,lstick_y,1095
152320,rtrigger,32767
152320,lstick_x,-1417
152320,lstick_y,1095
152329,rtrigger,32767
152329,lstick_x,-1417
152329,lstick_y,1095
152333,rtrigger,32767
152333,lstick_x,-1417
152333,lstick_y,1095
152346,rtrigger,32767
152346,lstick_x,-1417
152346,lstick_y,1095
152354,rtrigger,32767
152354,lstick_x,-1417
152354,lstick_y,1095
152365,rtrigger,32767
152365,lstick_x,-1417
152365,lstick_y,1095
152369,rtrigger,32767
152369,lstick_x,-1417
152369,lstick_y,1095
152381,rtrigger,32767
152381,lstick_x,-1417
152381,lstick_y,1095
152395,rtrigger,32767
152395,lstick_x,-1417
152395,lstick_y,1095
152415,rtrigger,32767
152415,lstick_x,-1417
152415,lstick_y,1095
152428,rtrigger,32767
152428,lstick_x,-1417
152428,lstick_y,1095
152437,rtrigger,32767
152437,lstick_x,-1417
152437,lstick_y,1095
152444,rtrigger,32767
152444,lstick_x,-1417
152444,lstick_y,1095
152461,rtrigger,32767
152461,lstick_x,-1417
152461,lstick_y,1095
152465,rtrigger,32767
152465,lstick_x,-1417
152465,lstick_y,1095
152468,rtrigger,32767
152468,lstick_x,-1417
152468,lstick_y,1095
152476,rtrigger,32767
152476,lstick_x,-1417
152476,lstick_y,1095
152481,rtrigger,32767
152481,lstick_x,-1417
152481,lstick_y,1095
152488,rtrigger,32767
152488,lstick_x,-1417
152488,lstick_y,1095
152494,rtrigger,32767
152494,lstick_x,-1417
152494,lstick_y,1095
152501,rtrigger,32767
152501,lstick_x,-1417
152501,lstick_y,1095
152504,rtrigger,32767
152504,lstick_x,-1417
152504,lstick_y,1095
152508,rtrigger,32767
152508,lstick_x,-1417
152508,lstick_y,1095
152512,rtrigger,32767
152512,lstick_x,-1417
152512,lstick_y,1095
152521,rtrigger,32767
152521,lstick_x,-1417
152521,lstick_y,1095
152529,rtrigger,32767
152529,lstick_x,-1417
152529,lstick_y,1095
152536,rtrigger,32767
152536,lstick_x,-1417
152536,lstick_y,1095
152550,rtrigger,32767
152550,lstick_x,-1417
152550,lstick_y,1095
152553,rtrigger,32767
152553,lstick_x,-1417
152553,lstick_y,1095
152564,rtrigger,32767
152564,lstick_x,-1417
152564,lstick_y,1095
152568,rtrigger,32767
152568,lstick_x,-1417
152568,lstick_y,1095
152580,rtrigger,32767
152580,lstick_x,-1417
152580,lstick_y,1095
152600,rtrigger,32767
152600,lstick_x,-1417
152600,lstick_y,1095
152608,rtrigger,32767
152608,lstick_x,-1417
152608,lstick_y,1095
152625,rtrigger,32767
152625,lstick_x,-1417
152625,lstick_y,1095
152641,rtrigger,32767
152641,lstick_x,-1417
152641,lstick_y,1095
152648,rtrigger,32767
152648,lstick_x,-1417
152648,lstick_y,1095
152658,rtrigger,32767
152658,lstick_x,-1417
152658,lstick_y,1095
152664,rtrigger,32767
152664,lstick_x,-1417
152664,lstick_y,1095
152682,rtrigger,32767
152682,lstick_x,-1417
152682,lstick_y,1095
152688,rtrigger,32767
152688,lstick_x,-1417
152688,lstick_y,1095
152698,rtrigger,32767
152698,lstick_x,-1417
152698,lstick_y,1095
152704,rtrigger,32767
152704,lstick_x,-1417
152704,lstick_y,1095
152712,rtrigger,32767
152712,lstick_x,-1417
152712,lstick_y,1095
152721,rtrigger,32767
152721,lstick_x,-1417
152721,lstick_y,1095
152728,rtrigger,32767
152728,lstick_x,-1417
152728,lstick_y,1095
152733,rtrigger,32767
152733,lstick_x,-1417
152733,lstick_y,1095
152738,rtrigger,32767
152738,lstick_x,-1417
152738,lstick_y,1095
152745,rtrigger,32767
152745,lstick_x,-1417
152745,lstick_y,1095
152753,rtrigger,32767
152753,lstick_x,-1417
152753,lstick_y,1095
152760,rtrigger,32767
152760,lstick_x,-1417
152760,lstick_y,1095
152771,rtrigger,32767
152771,lstick_x,-1417
152771,lstick_y,1095
152777,rtrigger,32767
152777,lstick_x,-1417
152777,lstick_y,1095
152791,rtrigger,32767
152791,lstick_x,-1417
152791,lstick_y,1095
152818,rtrigger,32767
152818,lstick_x,-1417
152818,lstick_y,1095
152824,rtrigger,32767
152824,lstick_x,-1417
152824,lstick_y,1095
152830,rtrigger,32767
152830,lstick_x,-1417
152830,lstick_y,1095
152838,rtrigger,32767
152838,lstick_x,-1417
152838,lstick_y,1095
152846,rtrigger,32767
152846,lstick_x,-1417
152846,lstick_y,1095
152860,rtrigger,32767
152860,lstick_x,-1417
152860,lstick_y,1095
152889,rtrigger,32767
152889,lstick_x,-1417
152889,lstick_y,1095
152901,rtrigger,32767
152901,lstick_x,-1417
152901,lstick_y,1095
152913,rtrigger,32767
152913,lstick_x,-1417
152913,lstick_y,1095
152921,rtrigger,32767
152921,lstick_x,-1417
152921,lstick_y,1095
152925,rtrigger,32767
152925,lstick_x,-1417
152925,lstick_y,1095
152928,rtrigger,32767
152928,lstick_x,-1417
152928,lstick_y,1095
152932,rtrigger,32767
152932,lstick_x,-1417
152932,lstick_y,1095
152936,rtrigger,32767
152936,lstick_x,-1417
152936,lstick_y,1095
152944,rtrigger,32767
152944,lstick_x,-1417
152944,lstick_y,1095
152953,rtrigger,32767
152953,lstick_x,-1417
152953,lstick_y,1095
152960,rtrigger,32767
152960,lstick_x,-1417
152960,lstick_y,1095
152963,rtrigger,32767
152963,lstick_x,-1417
152963,lstick_y,1095
152966,rtrigger,32767
152966,lstick_x,-1417
152966,lstick_y,1095
152973,rtrigger,32767
152973,lstick_x,-1417
152973,lstick_y,1095
152981,rtrigger,32767
152981,lstick_x,-1417
152981,lstick_y,1095
152986,rtrigger,32767
152986,lstick_x,-1417
152986,lstick_y,1095
152992,rtrigger,32767
152992,lstick_x,-1417
152992,lstick_y,1095
153002,rtrigger,32767
153002,lstick_x,-1417
153002,lstick_y,1095
153009,rtrigger,32767
153009,lstick_x,-1417
153009,lstick_y,1095
153018,rtrigger,32767
153018,lstick_x,-1417
153018,lstick_y,1095
153031,rtrigger,32767
153031,lstick_x,-1417
153031,lstick_y,1095
153043,rtrigger,32767
153043,lstick_x,-1417
153043,lstick_y,1095
153058,rtrigger,32767
153058,lstick_x,-1417
153058,lstick_y,1095
153077,rtrigger,32767
153077,lstick_x,-1417
153077,lstick_y,1095
153092,rtrigger,32767
153092,lstick_x,-1417
153092,lstick_y,1095
153098,rtrigger,32767
153098,lstick_x,-1417
153098,lstick_y,1095
153115,rtrigger,32767
153115,lstick_x,-1417
153115,lstick_y,1095
153124,rtrigger,32767
153124,lstick_x,-1417
153124,lstick_y,1095
153133,rtrigger,32767
153133,lstick_x,-1417
153133,lstick_y,1095
153136,rtrigger,32767
153136,lstick_x,-1417
153136,lstick_y,1095
153144,rtrigger,32767
153144,lstick_x,-1417
153144,lstick_y,1095
153154,rtrigger,32767
153154,lstick_x,-1417
153154,lstick_y,1095
153158,rtrigger,32767
153158,lstick_x,-30071
153158,lstick_y,8424
153161,rtrigger,32767
153161,lstick_x,-30071
153161,lstick_y,8424
153169,rtrigger,32767
153169,lstick_x,-30071
153169,lstick_y,8424
153176,rtrigger,32767
153176,lstick_x,-30071
153176,lstick_y,8424
153184,rtrigger,32767
153184,lstick_x,-30071
153184,lstick_y,8424
153192,rtrigger,32767
153192,lstick_x,-30071
153192,lstick_y,8424
153196,rtrigger,32767
153196,lstick_x,-30071
153196,lstick_y,8424
153200,rtrigger,32767
153200,lstick_x,-30071
153200,lstick_y,8424
153209,rtrigger,32767
153209,lstick_x,-30071
153209,lstick_y,8424
153212,rtrigger,32767
153212,lstick_x,-30071
153212,lstick_y,8424
153223,rtrigger,32767
153223,lstick_x,-30071
153223,lstick_y,8424
153232,rtrigger,32767
153232,lstick_x,-30071
153232,lstick_y,8424
153248,rtrigger,32767
153248,lstick_x,-30071
153248,lstick_y,8424
153259,rtrigger,32767
153259,lstick_x,-30071
153259,lstick_y,8424
153263,rtrigger,32767
153263,lstick_x,-31270
153263,lstick_y,10719
153273,rtrigger,32767
153273,lstick_x,-31270
153273,lstick_y,10719
153297,rtrigger,32767
153297,lstick_x,-31270
153297,lstick_y,10719
153314,rtrigger,32767
153314,lstick_x,-31270
153314,lstick_y,10719
153333,rtrigger,32767
153333,lstick_x,-31270
153333,lstick_y,10719
153341,rtrigger,32767
153341,lstick_x,-31270
153341,lstick_y,10719
153351,rtrigger,32767
153351,lstick_x,-31270
153351,lstick_y,10719
153360,rtrigger,32767
153360,lstick_x,-31270
153360,lstick_y,10719
153370,rtrigger,32767
153370,lstick_x,-31270
153370,lstick_y,10719
153376,rtrigger,32767
153376,lstick_x,-31270
153376,lstick_y,10719
153384,rtrigger,32767
153384,lstick_x,-31270
153384,lstick_y,10719
153393,rtrigger,32767
153393,lstick_x,-31989
153393,lstick_y,12068
153402,rtrigger,32767
153402,lstick_x,-31989
153402,lstick_y,12068
153408,rtrigger,32767
153408,lstick_x,-31989
153408,lstick_y,12068
153416,rtrigger,32767
153416,lstick_x,-31989
153416,lstick_y,12068
153422,rtrigger,32767
153422,lstick_x,-31989
153422,lstick_y,12068
153426,rtrigger,32767
153426,lstick_x,-31989
153426,lstick_y,12068
153429,rtrigger,32767
153429,lstick_x,-31989
153429,lstick_y,12068
153432,rtrigger,32767
153432,lstick_x,-31989
153432,lstick_y,12068
153442,rtrigger,32767
153442,lstick_x,-31989
153442,lstick_y,12068
153450,rtrigger,32767
153450,lstick_x,-31989
153450,lstick_y,12068
153457,rtrigger,32767
153457,lstick_x,-31989
153457,lstick_y,12068
153464,rtrigger,32767
153464,lstick_x,-31989
153464,lstick_y,12068
153472,rtrigger,32767
153472,lstick_x,-31989
153472,lstick_y,12068
153486,rtrigger,32767
153486,lstick_x,-31989
153486,lstick_y,12068
153490,rtrigger,32767
153490,lstick_x,-32029
153490,lstick_y,12174
153515,rtrigger,32767
153515,lstick_x,-32029
153515,lstick_y,12174
153522,rtrigger,32767
153522,lstick_x,-32029
153522,lstick_y,12174
153559,rtrigger,32767
153559,lstick_x,-32029
153559,lstick_y,12174
153570,rtrigger,32767
153570,lstick_x,-32085
153570,lstick_y,12241
153589,rtrigger,32767
153589,lstick_x,-32085
153589,lstick_y,12241
153595,rtrigger,32767
153595,lstick_x,-32085
153595,lstick_y,12241
153600,rtrigger,32767
153600,lstick_x,-32085
153600,lstick_y,12241
153606,rtrigger,32767
153606,lstick_x,-32085
153606,lstick_y,12241
153610,rtrigger,32767
153610,lstick_x,-32085
153610,lstick_y,12270
153616,rtrigger,32767
153616,lstick_x,-32085
153616,lstick_y,12270
153624,rtrigger,32767
153624,lstick_x,-32085
153624,lstick_y,12270
153632,rtrigger,32767
153632,lstick_x,-32085
153632,lstick_y,12270
153640,rtrigger,32767
153640,lstick_x,-32085
153640,lstick_y,12270
153643,rtrigger,32767
153643,lstick_x,-32085
153643,lstick_y,12270
153648,rtrigger,32767
153648,lstick_x,-32085
153648,lstick_y,12270
153660,rtrigger,32767
153660,lstick_x,-32085
153660,lstick_y,12270
153669,rtrigger,32767
153669,lstick_x,-32085
153669,lstick_y,12270
153674,rtrigger,32767
153674,lstick_x,-32085
153674,lstick_y,12270
153678,rtrigger,32767
153678,lstick_x,-32085
153678,lstick_y,12270
153681,rtrigger,32767
153681,lstick_x,-32085
153681,lstick_y,12270
153689,rtrigger,32767
153689,lstick_x,-32085
153689,lstick_y,12270
153707,rtrigger,32767
153707,lstick_x,-32085
153707,lstick_y,12270
153711,rtrigger,32767
153711,lstick_x,-32085
153711,lstick_y,12270
153726,rtrigger,32767
153726,lstick_x,-32085
153726,lstick_y,12270
153744,rtrigger,32767
153744,lstick_x,-32085
153744,lstick_y,12270
153758,rtrigger,32767
153758,lstick_x,-32085
153758,lstick_y,12270
153774,rtrigger,32767
153774,lstick_x,-32085
153774,lstick_y,12270
153786,rtrigger,32767
153786,lstick_x,-32085
153786,lstick_y,12270
153798,rtrigger,32767
153798,lstick_x,-32085
153798,lstick_y,12270
153802,rtrigger,32767
153802,lstick_x,-32085
153802,lstick_y,12270
153809,rtrigger,32767
153809,lstick_x,-32085
153809,lstick_y,12270
153823,rtrigger,32767
153823,lstick_x,-32085
153823,lstick_y,12270
153826,rtrigger,32767
153826,lstick_x,-23543
153826,lstick_y,11565
153832,rtrigger,32767
153832,lstick_x,-23543
153832,lstick_y,11565
153840,rtrigger,32767
153840,lstick_x,-22421
153840,lstick_y,10716
153844,rtrigger,32767
153844,lstick_x,-22421
153844,lstick_y,10716
153848,rtrigger,32767
153848,lstick_x,-22421
153848,lstick_y,10716
153859,rtrigger,32767
153859,lstick_x,-2524
153859,lstick_y,1360
153865,rtrigger,32767
153865,lstick_x,-2524
153865,lstick_y,1360
153872,rtrigger,32767
153872,lstick_x,-2524
153872,lstick_y,1360
153875,rtrigger,32767
153875,lstick_x,-2269
153875,lstick_y,1230
153879,rtrigger,32767
153879,lstick_x,-2034
153879,lstick_y,1119
153882,rtrigger,32767
153882,lstick_x,-2034
153882,lstick_y,1119
153890,rtrigger,32767
153890,lstick_x,-2034
153890,lstick_y,1119
153900,rtrigger,32767
153900,lstick_x,-2034
153900,lstick_y,1119
153904,rtrigger,32767
153904,lstick_x,-2034
153904,lstick_y,1119
153914,rtrigger,32767
153914,lstick_x,-2034
153914,lstick_y,1119
153934,rtrigger,32767
153934,lstick_x,-2034
153934,lstick_y,1119
153949,rtrigger,32767
153949,lstick_x,-2034
153949,lstick_y,1119
153952,rtrigger,32767
153952,lstick_x,-2034
153952,lstick_y,1119
153957,rtrigger,32767
153957,lstick_x,-2034
153957,lstick_y,1119
153971,rtrigger,32767
153971,lstick_x,-2034
153971,lstick_y,1119
153976,rtrigger,32767
153976,lstick_x,-1451
153987,rtrigger,32767
153987,lstick_x,-1451
153990,rtrigger,32767
153990,lstick_x,-1300
154032,rtrigger,32767
154032,lstick_x,-1300
154046,rtrigger,32767
154046,lstick_x,-1204
154058,rtrigger,32767
154058,lstick_x,-1204
154070,rtrigger,32767
154070,lstick_x,-1204
154074,rtrigger,32767
154074,lstick_x,-1204
154080,rtrigger,32767
154080,lstick_x,-1204
154089,rtrigger,32767
154089,lstick_x,-1106
154092,rtrigger,32767
154092,lstick_x,-1106
154099,rtrigger,32767
154099,lstick_x,-1106
154106,rtrigger,32767
154106,lstick_x,-1106
154114,rtrigger,32767
154114,lstick_x,-1106
154117,rtrigger,32767
154123,rtrigger,32767
154126,rtrigger,32767
154129,rtrigger,32767
154138,rtrigger,32767
154144,rtrigger,32767
154155,rtrigger,32767
154162,rtrigger,32767
154175,rtrigger,32767
154180,rtrigger,32767
154193,rtrigger,32767
154197,rtrigger,32767
154201,rtrigger,32767
154206,rtrigger,32767
154217,rtrigger,32767
154227,rtrigger,32767
154243,rtrigger,32767
154256,rtrigger,32767
154275,rtrigger,32767
154282,rtrigger,32767
154297,rtrigger,32767
154323,rtrigger,32767
154330,rtrigger,32767
154336,rtrigger,32767
154339,rtrigger,32767
154343,rtrigger,32767
154353,rtrigger,32767
154356,rtrigger,32767
154362,rtrigger,32767
154368,rtrigger,32767
154376,rtrigger,32767
154381,rtrigger,32767
154391,rtrigger,32767
154399,rtrigger,32767
154405,rtrigger,32767
154415,rtrigger,32767
154424,rtrigger,32767
154432,rtrigger,32767
154452,rtrigger,32767
154456,rtrigger,32767
154468,rtrigger,32767
154468,lstick_x,-18270
154468,lstick_y,3109
154489,rtrigger,32767
154489,lstick_x,-18270
154489,lstick_y,3109
154497,rtrigger,32767
154497,lstick_x,-27959
154497,lstick_y,4822
154520,rtrigger,32767
154520,lstick_x,-27959
154520,lstick_y,4822
154535,rtrigger,32767
154535,lstick_x,-27959
154535,lstick_y,4822
154548,rtrigger,32767
154548,lstick_x,-27959
154548,lstick_y,4822
154552,rtrigger,32767
154552,lstick_x,-27959
154552,lstick_y,4822
154560,rtrigger,32767
154560,lstick_x,-27959
154560,lstick_y,4822
154570,rtrigger,32767
154570,lstick_x,-27959
154570,lstick_y,4822
154576,rtrigger,32767
154576,lstick_x,-27959
154576,lstick_y,4822
154585,rtrigger,32767
154585,lstick_x,-27959
154585,lstick_y,4822
154592,rtrigger,32767
154592,lstick_x,-31073
154592,lstick_y,8469
154601,rtrigger,32767
154601,lstick_x,-31073
154601,lstick_y,8469
154608,rtrigger,32767
154608,lstick_x,-31073
154608,lstick_y,8469
154616,rtrigger,32767
154616,lstick_x,-31073
154616,lstick_y,8469
154624,rtrigger,32767
154624,lstick_x,-31073
154624,lstick_y,8469
154627,rtrigger,32767
154627,lstick_x,-31073
154627,lstick_y,8469
154630,rtrigger,32767
154630,lstick_x,-31073
154630,lstick_y,8469
154640,rtrigger,32767
154640,lstick_x,-31073
154640,lstick_y,8469
154657,rtrigger,32767
154657,lstick_x,-31073
154657,lstick_y,8469
154664,rtrigger,32767
154664,lstick_x,-31073
154664,lstick_y,8469
154673,rtrigger,32767
154673,lstick_x,-31073
154673,lstick_y,8469
154681,rtrigger,32767
154681,lstick_x,-31073
154681,lstick_y,8469
154690,rtrigger,32767
154690,lstick_x,-31073
154690,lstick_y,8469
154697,rtrigger,32767
154697,lstick_x,-31073
154697,lstick_y,8469
154715,rtrigger,32767
154715,lstick_x,-31073
154715,lstick_y,8469
154727,rtrigger,32767
154727,lstick_x,-31073
154727,lstick_y,8469
154733,rtrigger,32767
154733,lstick_x,-31073
154733,lstick_y,8469
154792,rtrigger,32767
154792,lstick_x,-31073
154792,lstick_y,8469
154800,rtrigger,32767
154800,lstick_x,-32649
154800,lstick_y,10192
154810,rtrigger,32767
154810,lstick_x,-32649
154810,lstick_y,10192
154818,rtrigger,32767
154818,lstick_x,-32649
154818,lstick_y,10192
154824,rtrigger,32767
154824,lstick_x,-32649
154824,lstick_y,10192
154827,rtrigger,32767
154827,lstick_x,-32649
154827,lstick_y,10192
154832,rtrigger,32767
154832,lstick_x,-32649
154832,lstick_y,10192
154840,rtrigger,32767
154840,lstick_x,-32649
154840,lstick_y,10192
154843,rtrigger,32767
154843,lstick_x,-32649
154843,lstick_y,10192
154850,rtrigger,32767
154850,lstick_x,-32649
154850,lstick_y,10192
154856,rtrigger,32767
154856,lstick_x,-32649
154856,lstick_y,10192
154863,rtrigger,32767
154863,lstick_x,-32649
154863,lstick_y,10192
154867,rtrigger,32767
154867,lstick_x,-32649
154867,lstick_y,10192
154872,rtrigger,32767
154872,lstick_x,-32649
154872,lstick_y,10192
154889,rtrigger,32767
154889,lstick_x,-32649
154889,lstick_y,10192
154898,rtrigger,32767
154898,lstick_x,-32649
154898,lstick_y,10192
154908,rtrigger,32767
154908,lstick_x,-32649
154908,lstick_y,10192
154916,rtrigger,32767
154916,lstick_x,-32649
154916,lstick_y,10192
154920,rtrigger,32767
154920,lstick_x,-32649
154920,lstick_y,10192
154927,rtrigger,32767
154927,lstick_x,-32649
154927,lstick_y,10192
154930,rtrigger,32767
154930,lstick_x,-32649
154930,lstick_y,10192
154936,rtrigger,32767
154936,lstick_x,-32649
154936,lstick_y,10192
154941,rtrigger,32767
154941,lstick_x,-32707
154941,lstick_y,10268
154957,rtrigger,32767
154957,lstick_x,-32707
154957,lstick_y,10268
154965,rtrigger,32767
154965,lstick_x,-32707
154965,lstick_y,10268
154970,rtrigger,32767
154970,lstick_x,-32707
154970,lstick_y,10268
154974,rtrigger,32767
154974,lstick_x,-32707
154974,lstick_y,10268
154977,rtrigger,32767
154977,lstick_x,-32707
154977,lstick_y,10268
154990,rtrigger,32767
154990,lstick_x,-32707
154990,lstick_y,10268
154996,rtrigger,32767
154996,lstick_x,-32707
154996,lstick_y,10268
155008,rtrigger,32767
155008,lstick_x,-32707
155008,lstick_y,10268
155016,rtrigger,32767
155016,lstick_x,-32707
155016,lstick_y,10268
155028,rtrigger,32767
155028,lstick_x,-32707
155028,lstick_y,10268
155032,rtrigger,32767
155032,lstick_x,-32707
155032,lstick_y,10268
155051,rtrigger,32767
155051,lstick_x,-32707
155051,lstick_y,10268
155059,rtrigger,32767
155059,lstick_x,-32707
155059,lstick_y,10268
155064,rtrigger,32767
155064,lstick_x,-32707
155064,lstick_y,10268
155067,rtrigger,32767
155067,lstick_x,-32707
155067,lstick_y,10268
155073,rtrigger,32767
155073,lstick_x,-32707
155073,lstick_y,10268
155081,rtrigger,32767
155081,lstick_x,-32707
155081,lstick_y,10268
155088,rtrigger,32767
155088,lstick_x,-32707
155088,lstick_y,10268
155096,rtrigger,32767
155096,lstick_x,-32707
155096,lstick_y,10268
155100,rtrigger,32767
155100,lstick_x,-32707
155100,lstick_y,10268
155113,rtrigger,32767
155113,lstick_x,-32707
155113,lstick_y,10268
155125,rtrigger,32767
155125,lstick_x,-32707
155125,lstick_y,10268
155128,rtrigger,32767
155128,lstick_x,-32707
155128,lstick_y,10268
155142,rtrigger,32767
155142,lstick_x,-32707
155142,lstick_y,10268
155146,rtrigger,32767
155146,lstick_x,-32707
155146,lstick_y,10268
155160,rtrigger,32767
155160,lstick_x,-32707
155160,lstick_y,10268
155164,rtrigger,32767
155164,lstick_x,-32707
155164,lstick_y,10268
155173,rtrigger,32767
155173,lstick_x,-32707
155173,lstick_y,10268
155191,rtrigger,32767
155191,lstick_x,-32707
155191,lstick_y,10268
155201,rtrigger,32767
155201,lstick_x,-32707
155201,lstick_y,10268
155231,rtrigger,32767
155231,lstick_x,-32707
155231,lstick_y,10268
155234,rtrigger,32767
155234,lstick_x,-32707
155234,lstick_y,10268
155240,rtrigger,32767
155240,lstick_x,-32707
155240,lstick_y,10268
155248,rtrigger,32767
155248,lstick_x,-32707
155248,lstick_y,10268
155267,rtrigger,32767
155267,lstick_x,-32707
155267,lstick_y,10268
155278,rtrigger,32767
155278,lstick_x,-32707
155278,lstick_y,10268
155284,rtrigger,32767
155284,lstick_x,-21107
155284,lstick_y,7867
155288,rtrigger,32767
155288,lstick_x,-21107
155288,lstick_y,7867
155296,rtrigger,32767
155296,lstick_x,-14336
155296,lstick_y,6900
155304,rtrigger,32767
155304,lstick_x,-14336
155304,lstick_y,6900
155312,rtrigger,32767
155312,lstick_x,-14336
155312,lstick_y,6900
155320,rtrigger,32767
155320,lstick_x,-14336
155320,lstick_y,6900
155323,rtrigger,32767
155323,lstick_x,-14336
155323,lstick_y,6900
155330,rtrigger,32767
155330,lstick_x,-14336
155330,lstick_y,6900
155336,rtrigger,32767
155336,lstick_x,-14336
155336,lstick_y,6900
155345,rtrigger,32767
155345,lstick_x,-14336
155345,lstick_y,6900
155352,rtrigger,32767
155352,lstick_x,-14336
155352,lstick_y,6900
155364,rtrigger,32767
155364,lstick_x,-14336
155364,lstick_y,6900
155376,rtrigger,32767
155376,lstick_x,-14336
155376,lstick_y,6900
155382,rtrigger,32767
155382,lstick_x,-4670
155382,lstick_y,3515
155400,rtrigger,32767
155400,lstick_x,-4670
155400,lstick_y,3515
155419,rtrigger,32767
155419,lstick_x,-4670
155419,lstick_y,3515
155431,rtrigger,32767
155431,lstick_x,-4670
155431,lstick_y,3515
155453,rtrigger,32767
155453,lstick_x,-4670
155453,lstick_y,3515
155469,rtrigger,32767
155469,lstick_x,-4670
155469,lstick_y,3515
155472,rtrigger,32767
155472,lstick_x,-4670
155472,lstick_y,3515
155490,rtrigger,32767
155490,lstick_x,-4670
155490,lstick_y,3515
155497,rtrigger,32767
155497,lstick_x,-4670
155497,lstick_y,3515
155504,rtrigger,32767
155504,lstick_x,-4670
155504,lstick_y,3515
155507,rtrigger,32767
155507,lstick_x,-1874
155512,rtrigger,32767
155512,lstick_x,-1748
155520,rtrigger,32767
155520,lstick_x,-1748
155531,rtrigger,32767
155531,lstick_x,-1748
155536,rtrigger,32767
155536,lstick_x,-1748
155543,rtrigger,32767
155543,lstick_x,-1748
155556,rtrigger,32767
155556,lstick_x,-1748
155560,rtrigger,32767
155560,lstick_x,-1748
155576,rtrigger,32767
155576,lstick_x,-1748
155584,rtrigger,32767
155584,lstick_x,-1748
155600,rtrigger,32767
155600,lstick_x,-1748
155610,rtrigger,32767
155610,lstick_x,-1370
155637,rtrigger,32767
155637,lstick_x,-1370
155654,rtrigger,32767
155654,lstick_x,-1370
155689,rtrigger,32767
155689,lstick_x,-1370
155704,rtrigger,32767
155704,lstick_x,-1370
155720,rtrigger,32767
155720,lstick_x,-1370
155728,rtrigger,32767
155728,lstick_x,-1370
155733,rtrigger,32767
155733,lstick_x,-1205
155736,rtrigger,32767
155736,lstick_x,-1205
155747,rtrigger,32767
155747,lstick_x,-1205
155752,rtrigger,32767
155752,lstick_x,-1205
155760,rtrigger,32767
155760,lstick_x,-1205
155764,rtrigger,32767
155764,lstick_x,-1205
155767,rtrigger,32767
155767,lstick_x,-1205
155774,rtrigger,32767
155774,lstick_x,-1205
155782,rtrigger,32767
155782,lstick_x,-1205
155785,rtrigger,32767
155785,lstick_x,-1205
155793,rtrigger,32767
155793,lstick_x,-1205
155802,rtrigger,32767
155802,lstick_x,-1205
155812,rtrigger,32767
155812,lstick_x,-1205
155816,rtrigger,32767
155816,lstick_x,-1205
155834,rtrigger,32767
155834,lstick_x,-1205
155842,rtrigger,32767
155842,lstick_x,-1159
155852,rtrigger,32767
155852,lstick_x,-1159
155869,rtrigger,32767
155869,lstick_x,-1159
155875,rtrigger,32767
155875,lstick_x,-1159
155893,rtrigger,32767
155893,lstick_x,-1159
155896,rtrigger,32767
155896,lstick_x,-1159
155920,rtrigger,32767
155920,lstick_x,-1159
155928,rtrigger,32767
155928,lstick_x,-1159
155936,rtrigger,32767
155936,lstick_x,-1159
155948,rtrigger,32767
155948,lstick_x,-1159
155954,rtrigger,32767
155954,lstick_x,-1159
155958,rtrigger,32767
155958,lstick_x,-1159
155964,rtrigger,32767
155964,lstick_x,-1159
155969,rtrigger,32767
155969,lstick_x,-1159
155976,rtrigger,32767
155976,lstick_x,-1159
155984,rtrigger,32767
155984,lstick_x,-1159
155992,rtrigger,32767
155992,lstick_x,-1159
156003,rtrigger,32767
156003,lstick_x,-1159
156008,rtrigger,32767
156008,lstick_x,-1159
156016,rtrigger,32767
156016,lstick_x,-1159
156023,rtrigger,32767
156023,lstick_x,-1159
156034,rtrigger,32767
156034,lstick_x,-1159
156047,rtrigger,32767
156047,lstick_x,-1159
156056,rtrigger,32767
156056,lstick_x,-1159
156064,rtrigger,32767
156064,lstick_x,-1159
156075,rtrigger,32767
156075,lstick_x,-1159
156085,rtrigger,32767
156085,lstick_x,-1159
156095,rtrigger,32767
156095,lstick_x,-1159
156107,rtrigger,32767
156107,lstick_x,-1159
156120,rtrigger,32767
156120,lstick_x,-1159
156129,rtrigger,32767
156129,lstick_x,-1159
156147,rtrigger,32767
156147,lstick_x,-1159
156152,rtrigger,32767
156152,lstick_x,-1159
156160,rtrigger,32767
156160,lstick_x,-1159
156168,rtrigger,32767
156168,lstick_x,-1159
156176,rtrigger,32767
156176,lstick_x,-1159
156184,rtrigger,32767
156184,lstick_x,-1159
156189,rtrigger,32767
156189,lstick_x,-1159
156192,rtrigger,32767
156192,lstick_x,-1159
156202,rtrigger,32767
156202,lstick_x,-1159
156214,rtrigger,32767
156214,lstick_x,-1159
156226,rtrigger,32767
156226,lstick_x,-1159
156235,rtrigger,32767
156235,lstick_x,-1159
156243,rtrigger,32767
156243,lstick_x,-1159
156249,rtrigger,32767
156249,lstick_x,-1159
156257,rtrigger,32767
156257,lstick_x,-1159
156272,rtrigger,32767
156272,lstick_x,-1159
156277,rtrigger,32767
156277,lstick_x,-1159
156318,rtrigger,32767
156318,lstick_x,-1159
156333,rtrigger,32767
156333,lstick_x,-1159
156389,rtrigger,32767
156389,lstick_x,-1159
156406,rtrigger,32767
156406,lstick_x,-1159
156409,rtrigger,32767
156409,lstick_x,-1159
156427,rtrigger,32767
156427,lstick_x,-1159
156445,rtrigger,32767
156445,lstick_x,-1159
156448,rtrigger,32767
156448,lstick_x,-1159
156457,rtrigger,32767
156457,lstick_x,-1159
156461,rtrigger,32767
156461,lstick_x,-1159
156464,rtrigger,32767
156464,lstick_x,-1159
156474,rtrigger,32767
156474,lstick_x,-1159
156480,rtrigger,32767
156480,lstick_x,-1159
156489,rtrigger,32767
156489,lstick_x,-1159
156492,rtrigger,32767
156492,lstick_x,-1159
156496,rtrigger,32767
156496,lstick_x,-1159
156499,rtrigger,32767
156499,lstick_x,-1159
156504,rtrigger,32767
156504,lstick_x,-1159
156508,rtrigger,32767
156508,lstick_x,-1159
156517,rtrigger,32767
156517,lstick_x,-1159
156522,rtrigger,32767
156522,lstick_x,-1159
156532,rtrigger,32767
156532,lstick_x,-1159
156550,rtrigger,32767
156550,lstick_x,-1159
156555,rtrigger,32767
156555,lstick_x,-1159
156567,rtrigger,32767
156567,lstick_x,-1159
156574,rtrigger,32767
156574,lstick_x,-1159
156584,rtrigger,32767
156584,lstick_x,-1159
156595,rtrigger,32767
156595,lstick_x,-1159
156601,rtrigger,32767
156601,lstick_x,-1159
156610,rtrigger,32767
156610,lstick_x,-1159
156618,rtrigger,32767
156618,lstick_x,-1159
156624,rtrigger,32767
156624,lstick_x,-1159
156648,rtrigger,32767
156648,lstick_x,-1159
156663,rtrigger,32767
156663,lstick_x,-1159
156679,rtrigger,32767
156679,lstick_x,-1159
156689,rtrigger,32767
156689,lstick_x,-1159
156695,rtrigger,32767
156695,lstick_x,-1159
156700,rtrigger,32767
156700,lstick_x,-1159
156707,rtrigger,32767
156707,lstick_x,-1159
156712,rtrigger,32767
156712,lstick_x,-1159
156720,rtrigger,32767
156720,lstick_x,-1159
156724,rtrigger,32767
156724,lstick_x,-1159
156728,rtrigger,32767
156728,lstick_x,-1159
156731,rtrigger,32767
156731,lstick_x,-1159
156736,rtrigger,32767
156736,lstick_x,-1159
156743,rtrigger,32767
156743,lstick_x,-1159
156754,rtrigger,32767
156754,lstick_x,-1159
156765,rtrigger,32767
156765,lstick_x,-1159
156768,rtrigger,32767
156768,lstick_x,-1159
156785,rtrigger,32767
156785,lstick_x,-1159
156794,rtrigger,32767
156794,lstick_x,-1159
156801,rtrigger,32767
156801,lstick_x,-1159
156810,rtrigger,32767
156810,lstick_x,-1159
156827,rtrigger,32767
156827,lstick_x,-1159
156832,rtrigger,32767
156832,lstick_x,-1159
156840,rtrigger,32767
156840,lstick_x,-1159
156868,rtrigger,32767
156868,lstick_x,-1159
156873,rtrigger,32767
156873,lstick_x,-1159
156880,rtrigger,32767
156880,lstick_x,-1159
156888,rtrigger,32767
156888,lstick_x,-1159
156896,rtrigger,32767
156896,lstick_x,-1159
156908,rtrigger,32767
156908,lstick_x,-1159
156920,rtrigger,32767
156920,lstick_x,-1159
156925,rtrigger,32767
156925,lstick_x,-1159
156928,rtrigger,32767
156928,lstick_x,-1159
156941,rtrigger,32767
156941,lstick_x,-1159
156945,rtrigger,32767
156945,lstick_x,-1159
156952,rtrigger,32767
156952,lstick_x,-1159
156960,rtrigger,32767
156960,lstick_x,-1159
156975,rtrigger,32767
156975,lstick_x,-1159
156985,rtrigger,32767
156985,lstick_x,-1159
156993,rtrigger,32767
156993,lstick_x,-1159
157000,rtrigger,32767
157000,lstick_x,-1159
157008,rtrigger,32767
157008,lstick_x,-1159
157020,rtrigger,32767
157020,lstick_x,-1159
157025,rtrigger,32767
157025,lstick_x,-1159
157044,rtrigger,32767
157044,lstick_x,-1159
157049,rtrigger,32767
157049,lstick_x,-1159
157059,rtrigger,32767
157059,lstick_x,-1159
157062,rtrigger,32767
157062,lstick_x,-1159
157066,rtrigger,32767
157066,lstick_x,-1159
157078,rtrigger,32767
157078,lstick_x,-1159
157089,rtrigger,32767
157089,lstick_x,-1159
157104,rtrigger,32767
157104,lstick_x,-1159
157124,rtrigger,32767
157124,lstick_x,-1159
157141,rtrigger,32767
157141,lstick_x,-1159
157146,rtrigger,32767
157146,lstick_x,-1159
157149,rtrigger,32767
157149,lstick_x,-1159
157153,rtrigger,32767
157153,lstick_x,-1159
157160,rtrigger,32767
157160,lstick_x,-1159
157166,rtrigger,32767
157166,lstick_x,-1159
157176,rtrigger,32767
157176,lstick_x,-1159
157184,rtrigger,32767
157184,lstick_x,-1159
157191,rtrigger,32767
157191,lstick_x,-1159
157195,rtrigger,32767
157195,lstick_x,-1159
157199,rtrigger,32767
157199,lstick_x,-1159
157211,rtrigger,32767
157211,lstick_x,-1159
157228,rtrigger,32767
157228,lstick_x,-1159
157233,rtrigger,32767
157233,lstick_x,-1159
157247,rtrigger,32767
157247,lstick_x,-1159
157258,rtrigger,32767
157258,lstick_x,-1159
157261,rtrigger,32767
157261,lstick_x,-1159
157271,rtrigger,32767
157271,lstick_x,-1159
157278,rtrigger,32767
157278,lstick_x,-1159
157331,rtrigger,32767
157331,lstick_x,-1159
157365,rtrigger,32767
157365,lstick_x,-1159
157371,rtrigger,32767
157371,lstick_x,-1159
157377,rtrigger,32767
157377,lstick_x,-1159
157385,rtrigger,32767
157385,lstick_x,-1159
157390,rtrigger,32767
157390,lstick_x,-1159
157394,rtrigger,32767
157394,lstick_x,-1159
157401,rtrigger,32767
157401,lstick_x,-1159
157408,rtrigger,32767
157408,lstick_x,-1159
157416,rtrigger,32767
157416,lstick_x,-1159
157424,rtrigger,32767
157424,lstick_x,-1159
157427,rtrigger,32767
157427,lstick_x,-1159
157431,rtrigger,32767
157431,lstick_x,-1159
157443,rtrigger,32767
157443,lstick_x,-1159
157450,rtrigger,32767
157450,lstick_x,-1159
157458,rtrigger,32767
157458,lstick_x,-1159
157464,rtrigger,32767
157464,lstick_x,-1159
157472,rtrigger,32767
157472,lstick_x,-1159
157489,rtrigger,32767
157489,lstick_x,-1159
157493,rtrigger,32767
157493,lstick_x,-1159
157497,rtrigger,32767
157497,lstick_x,-1159
157516,rtrigger,32767
157516,lstick_x,-1159
157527,rtrigger,32767
157527,lstick_x,-1092
157542,rtrigger,32767
157542,lstick_x,-1031
157558,rtrigger,32767
157558,lstick_x,-1031
157587,rtrigger,32767
157587,lstick_x,-1031
157592,rtrigger,32767
157603,rtrigger,32767
157610,rtrigger,32767
157616,rtrigger,32767
157625,rtrigger,32767
157629,rtrigger,32767
157632,rtrigger,32767
157635,rtrigger,32767
157644,rtrigger,32767
157649,rtrigger,32767
157656,rtrigger,32767
157664,rtrigger,32767
157680,rtrigger,32767
157684,rtrigger,32767
157688,rtrigger,32767
157691,rtrigger,32767
157696,rtrigger,32767
157717,rtrigger,32767
157720,rtrigger,32767
157723,rtrigger,32767
157731,rtrigger,32767
157736,rtrigger,32767
157752,rtrigger,32767
157758,rtrigger,32767
157761,rtrigger,32767
157807,rtrigger,32767
157810,rtrigger,32767
157816,rtrigger,32767
157824,rtrigger,32767
157833,rtrigger,32767
157840,rtrigger,32767
157843,rtrigger,32767
157843,lstick_x,1166
157847,rtrigger,32767
157847,lstick_x,1166
157856,rtrigger,32767
157856,lstick_x,1166
157864,rtrigger,32767
157864,lstick_x,1166
157872,rtrigger,32767
157872,lstick_x,1166
157879,rtrigger,32767
157879,lstick_x,1166
157891,rtrigger,32767
157891,lstick_x,1166
157907,rtrigger,32767
157907,lstick_x,1166
157912,rtrigger,32767
157912,lstick_x,1166
157929,rtrigger,32767
157929,lstick_x,1166
157938,rtrigger,32767
157938,lstick_x,1166
157944,rtrigger,32767
157944,lstick_x,1166
157955,rtrigger,32767
157955,lstick_x,1166
157981,rtrigger,32767
157981,lstick_x,1166
157986,rtrigger,32767
157986,lstick_x,1166
157993,rtrigger,32767
157993,lstick_x,1166
158000,rtrigger,32767
158000,lstick_x,1166
158014,rtrigger,32767
158014,lstick_x,1166
158028,rtrigger,32767
158028,lstick_x,1166
158032,rtrigger,32767
158032,lstick_x,1166
158041,rtrigger,32767
158041,lstick_x,1166
158059,rtrigger,32767
158059,lstick_x,1166
158063,rtrigger,32767
158063,lstick_x,1264
158068,rtrigger,32767
158068,lstick_x,1264
158073,rtrigger,32767
158073,lstick_x,1264
158081,rtrigger,32767
158081,lstick_x,1264
158088,rtrigger,32767
158088,lstick_x,1264
158096,rtrigger,32767
158096,lstick_x,1264
158100,rtrigger,32767
158100,lstick_x,1264
158104,rtrigger,32767
158104,lstick_x,1264
158107,rtrigger,32767
158107,lstick_x,1264
158110,rtrigger,32767
158110,lstick_x,1264
158117,rtrigger,32767
158117,lstick_x,1264
158121,rtrigger,32767
158121,lstick_x,1264
158133,rtrigger,32767
158133,lstick_x,1264
158136,rtrigger,32767
158136,lstick_x,1264
158148,rtrigger,32767
158148,lstick_x,1264
158154,rtrigger,32767
158154,lstick_x,1264
158163,rtrigger,32767
158163,lstick_x,1264
158168,rtrigger,32767
158168,lstick_x,1264
158177,rtrigger,32767
158177,lstick_x,1264
158199,rtrigger,32767
158199,lstick_x,1264
158208,rtrigger,32767
158208,lstick_x,1264
158226,rtrigger,32767
158226,lstick_x,1264
158232,rtrigger,32767
158232,lstick_x,1264
158254,rtrigger,32767
158254,lstick_x,1264
158259,rtrigger,32767
158259,lstick_x,1264
158288,rtrigger,32767
158288,lstick_x,1264
158292,rtrigger,32767
158292,lstick_x,1264
158296,rtrigger,32767
158296,lstick_x,1264
158307,rtrigger,32767
158307,lstick_x,1264
158313,rtrigger,32767
158313,lstick_x,1264
158320,rtrigger,32767
158320,lstick_x,1264
158329,rtrigger,32767
158329,lstick_x,1264
158332,rtrigger,32767
158332,lstick_x,1264
158336,rtrigger,32767
158336,lstick_x,1264
158340,rtrigger,32767
158340,lstick_x,1264
158346,rtrigger,32767
158346,lstick_x,1264
158355,rtrigger,32767
158355,lstick_x,1264
158360,rtrigger,32767
158360,lstick_x,1264
158373,rtrigger,32767
158373,lstick_x,1264
158378,rtrigger,32767
158378,lstick_x,1264
158391,rtrigger,32767
158391,lstick_x,1264
158397,rtrigger,32767
158397,lstick_x,1264
158400,rtrigger,32767
158400,lstick_x,1264
158413,rtrigger,32767
158413,lstick_x,1264
158420,rtrigger,32767
158420,lstick_x,1264
158433,rtrigger,32767
158433,lstick_x,1264
158461,rtrigger,32767
158461,lstick_x,1264
158477,rtrigger,32767
158477,lstick_x,1264
158480,rtrigger,32767
158480,lstick_x,1264
158499,rtrigger,32767
158499,lstick_x,1264
158504,rtrigger,32767
158504,lstick_x,1264
158515,rtrigger,32767
158515,lstick_x,1264
158521,rtrigger,32767
158521,lstick_x,1264
158534,rtrigger,32767
158534,lstick_x,1264
158538,rtrigger,32767
158538,lstick_x,1264
158544,rtrigger,32767
158544,lstick_x,1264
158553,rtrigger,32767
158553,lstick_x,1264
158557,rtrigger,32767
158557,lstick_x,1264
158561,rtrigger,32767
158561,lstick_x,1264
158568,rtrigger,32767
158568,lstick_x,1264
158583,rtrigger,32767
158583,lstick_x,1264
158592,rtrigger,32767
158592,lstick_x,1264
158613,rtrigger,32767
158613,lstick_x,1264
158616,rtrigger,32767
158616,lstick_x,1264
158635,rtrigger,32767
158635,lstick_x,1264
158647,rtrigger,32767
158647,lstick_x,1264
158667,rtrigger,32767
158667,lstick_x,1264
158677,rtrigger,32767
158677,lstick_x,1264
158680,rtrigger,32767
158680,lstick_x,1264
158704,rtrigger,32767
158704,lstick_x,1264
158723,rtrigger,32767
158723,lstick_x,1264
158733,rtrigger,32767
158733,lstick_x,1264
158737,rtrigger,32767
158737,lstick_x,1264
158741,rtrigger,32767
158741,lstick_x,1264
158744,rtrigger,32767
158744,lstick_x,1264
158752,rtrigger,32767
158752,lstick_x,1264
158758,rtrigger,32767
158758,lstick_x,1264
158768,rtrigger,32767
158768,lstick_x,1264
158775,rtrigger,32767
158775,lstick_x,1264
158779,rtrigger,32767
158779,lstick_x,1264
158782,rtrigger,32767
158782,lstick_x,1264
158793,rtrigger,32767
158793,lstick_x,1264
158802,rtrigger,32767
158802,lstick_x,1264
158810,rtrigger,32767
158810,lstick_x,1264
158817,rtrigger,32767
158817,lstick_x,1264
158826,rtrigger,32767
158826,lstick_x,1264
158834,rtrigger,32767
158834,lstick_x,1264
158841,rtrigger,32767
158841,lstick_x,1264
158844,rtrigger,32767
158844,lstick_x,2395
158858,rtrigger,32767
158858,lstick_x,2395
158881,rtrigger,32767
158881,lstick_x,2395
158915,rtrigger,32767
158915,lstick_x,2395
158924,rtrigger,32767
158924,lstick_x,2395
158928,rtrigger,32767
158928,lstick_x,2395
158949,rtrigger,32767
158949,lstick_x,2395
158954,rtrigger,32767
158954,lstick_x,2395
158962,rtrigger,32767
158962,lstick_x,2395
158966,rtrigger,32767
158966,lstick_x,23348
158974,rtrigger,32767
158974,lstick_x,23348
158979,rtrigger,32767
158979,lstick_x,23348
158985,rtrigger,32767
158985,lstick_x,23348
158992,rtrigger,32767
158992,lstick_x,23348
158999,rtrigger,32767
158999,lstick_x,32767
159006,rtrigger,32767
159006,lstick_x,32767
159008,rtrigger,32767
159008,lstick_x,32767
159014,rtrigger,32767
159014,lstick_x,32767
159016,rtrigger,32767
159016,lstick_x,32767
159036,rtrigger,32767
159036,lstick_x,32767
159043,rtrigger,32767
159043,lstick_x,32767
159048,rtrigger,32767
159048,lstick_x,32767
159067,rtrigger,32767
159067,lstick_x,32767
159074,rtrigger,32767
159074,lstick_x,32767
159080,rtrigger,32767
159080,lstick_x,32767
159092,rtrigger,32767
159092,lstick_x,32767
159094,rtrigger,32767
159094,lstick_x,32767
159101,rtrigger,32767
159101,lstick_x,32767
159106,rtrigger,32767
159106,lstick_x,32767
159151,rtrigger,32767
159151,lstick_x,32767
159157,rtrigger,32767
159157,lstick_x,32767
159157,lstick_y,-1269
159160,rtrigger,32767
159160,lstick_x,32767
159160,lstick_y,-1269
159164,rtrigger,32767
159164,lstick_x,32767
159164,lstick_y,-1269
159186,rtrigger,32767
159186,lstick_x,32767
159186,lstick_y,-1269
159190,rtrigger,32767
159190,lstick_x,32767
159190,lstick_y,-1310
159192,rtrigger,32767
159192,lstick_x,32767
159192,lstick_y,-1310
159197,rtrigger,32767
159197,lstick_x,32767
159197,lstick_y,-1310
159200,rtrigger,32767
159200,lstick_x,32767
159200,lstick_y,-1310
159208,rtrigger,32767
159208,lstick_x,32767
159208,lstick_y,-1310
159211,rtrigger,32767
159211,lstick_x,32767
159211,lstick_y,-1310
159216,rtrigger,32767
159216,lstick_x,32767
159216,lstick_y,-1310
159225,rtrigger,32767
159225,lstick_x,32400
159225,lstick_y,-1310
159232,rtrigger,32767
159232,lstick_x,32400
159232,lstick_y,-1310
159240,rtrigger,32767
159240,lstick_x,32400
159240,lstick_y,-1310
159243,rtrigger,32767
159243,lstick_x,32400
159243,lstick_y,-1310
159246,rtrigger,32767
159246,lstick_x,32400
159246,lstick_y,-1310
159256,rtrigger,32767
159256,lstick_x,32400
159256,lstick_y,-1310
159268,rtrigger,32767
159268,lstick_x,32400
159268,lstick_y,-1310
159272,rtrigger,32767
159272,lstick_x,32400
159272,lstick_y,-1310
159286,rtrigger,32767
159286,lstick_x,32400
159286,lstick_y,-1310
159294,rtrigger,32767
159294,lstick_x,32400
159294,lstick_y,-1310
159301,rtrigger,32767
159301,lstick_x,32400
159301,lstick_y,-1310
159308,rtrigger,32767
159308,lstick_x,32400
159308,lstick_y,-1310
159316,rtrigger,32767
159316,lstick_x,32400
159316,lstick_y,-1310
159333,rtrigger,32767
159333,lstick_x,32400
159333,lstick_y,-1310
159353,rtrigger,32767
159353,lstick_x,32400
159353,lstick_y,-1310
159368,rtrigger,32767
159368,lstick_x,32400
159368,lstick_y,-1310
159384,rtrigger,32767
159384,lstick_x,32400
159384,lstick_y,-1310
159400,rtrigger,32767
159400,lstick_x,32400
159400,lstick_y,-1310
159408,rtrigger,32767
159408,lstick_x,32400
159408,lstick_y,-1310
159416,rtrigger,32767
159416,lstick_x,32400
159416,lstick_y,-1310
159427,rtrigger,32767
159427,lstick_x,2322
159434,rtrigger,32767
159434,lstick_x,2322
159440,rtrigger,32767
159440,lstick_x,2322
159448,rtrigger,32767
159448,lstick_x,2322
159457,rtrigger,32767
159457,lstick_x,2322
159462,rtrigger,32767
159462,lstick_x,2322
159468,rtrigger,32767
159468,lstick_x,2322
159483,rtrigger,32767
159483,lstick_x,2322
159496,rtrigger,32767
159496,lstick_x,2322
159504,rtrigger,32767
159504,lstick_x,2322
159512,rtrigger,32767
159512,lstick_x,2322
159521,rtrigger,32767
159521,lstick_x,2322
159531,rtrigger,32767
159531,lstick_x,2322
159539,rtrigger,32767
159539,lstick_x,2322
159548,rtrigger,32767
159548,lstick_x,2322
159559,rtrigger,32767
159559,lstick_x,1897
159569,rtrigger,32767
159569,lstick_x,1897
159587,rtrigger,32767
159587,lstick_x,1897
159600,rtrigger,32767
159600,lstick_x,1897
159617,rtrigger,32767
159617,lstick_x,1897
159627,rtrigger,32767
159627,lstick_x,1897
159631,rtrigger,32767
159631,lstick_x,1349
159634,rtrigger,32767
159634,lstick_x,1349
159640,rtrigger,32767
159640,lstick_x,1349
159644,rtrigger,32767
159644,lstick_x,1349
159649,rtrigger,32767
159649,lstick_x,1349
159658,rtrigger,32767
159658,lstick_x,1349
159664,rtrigger,32767
159664,lstick_x,1227
159672,rtrigger,32767
159672,lstick_x,1227
159675,rtrigger,32767
159675,lstick_x,1227
159678,rtrigger,32767
159678,lstick_x,1227
159690,rtrigger,32767
159690,lstick_x,1227
159700,rtrigger,32767
159700,lstick_x,1227
159714,rtrigger,32767
159714,lstick_x,1227
159726,rtrigger,32767
159726,lstick_x,1227
159729,rtrigger,32767
159729,lstick_x,1227
159746,rtrigger,32767
159746,lstick_x,1227
159751,rtrigger,32767
159758,rtrigger,32767
159771,rtrigger,32767
159775,rtrigger,32767
159780,rtrigger,32767
159790,rtrigger,32767
159804,rtrigger,32767
159809,rtrigger,32767
159831,rtrigger,32767
159836,rtrigger,32767
159843,rtrigger,32767
159846,rtrigger,32767
159850,rtrigger,32767
159856,rtrigger,32767
159864,rtrigger,32767
159872,rtrigger,32767
159880,rtrigger,32767
159889,rtrigger,32767
159916,rtrigger,32767
159923,rtrigger,32767
159942,rtrigger,32767
159953,rtrigger,32767
159961,rtrigger,32767
160001,rtrigger,32767
160014,rtrigger,32767
160017,rtrigger,32767
160038,rtrigger,32767
160046,rtrigger,32767
160071,rtrigger,32767
160077,rtrigger,32767
160080,rtrigger,32767
160099,rtrigger,32767
160104,rtrigger,32767
160110,rtrigger,32767
160113,rtrigger,32767
160127,rtrigger,32767
160136,rtrigger,32767
160143,rtrigger,32767
160145,rtrigger,32767
160148,rtrigger,32767
160150,rtrigger,32767
160160,rtrigger,32767
160178,rtrigger,32767
160184,rtrigger,32767
160203,rtrigger,32767
160210,rtrigger,32767
160223,rtrigger,32767
160256,rtrigger,32767
160283,rtrigger,32767
160288,rtrigger,32767
160316,rtrigger,32767
160322,rtrigger,32767
160325,rtrigger,32767
160329,rtrigger,32767
160336,rtrigger,32767
160340,rtrigger,32767
160345,rtrigger,32767
160352,rtrigger,32767
160360,rtrigger,32767
160370,rtrigger,32767
160377,rtrigger,32767
160384,rtrigger,32767
160393,rtrigger,32767
160400,rtrigger,32767
160413,rtrigger,32767
160417,rtrigger,32767
160429,rtrigger,32767
160434,rtrigger,32767
160474,rtrigger,32767
160484,rtrigger,32767
160489,rtrigger,32767
160496,rtrigger,32767
160521,rtrigger,32767
160525,rtrigger,32767
160528,rtrigger,32767
160537,rtrigger,32767
160544,rtrigger,32767
160552,rtrigger,32767
160562,rtrigger,32767
160568,rtrigger,32767
160577,rtrigger,32767
160585,rtrigger,32767
160597,rtrigger,32767
160602,rtrigger,32767
160608,rtrigger,32767
160615,rtrigger,32767
160624,rtrigger,32767
160635,rtrigger,32767
160650,rtrigger,32767
160674,rtrigger,32767
160681,rtrigger,32767
160688,rtrigger,32767
160708,rtrigger,32767
160712,rtrigger,32767
160721,rtrigger,32767
160726,rtrigger,32767
160730,rtrigger,32767
160736,rtrigger,32767
160744,rtrigger,32767
160753,rtrigger,32767
160761,rtrigger,32767
160779,rtrigger,32767
160784,rtrigger,32767
160800,rtrigger,32767
160812,rtrigger,32767
160815,rtrigger,32767
160829,rtrigger,32767
160840,rtrigger,32767
160855,rtrigger,32767
160860,rtrigger,32767
160876,rtrigger,32767
160885,rtrigger,32767
160897,rtrigger,32767
160904,rtrigger,32767
160923,rtrigger,32767
160927,rtrigger,32767
160934,rtrigger,32767
160945,rtrigger,32767
160954,rtrigger,32767
160960,rtrigger,32767
160978,rtrigger,32767
160985,rtrigger,32767
160993,rtrigger,32767
161001,rtrigger,32767
161008,rtrigger,32767
161016,rtrigger,32767
161057,rtrigger,32767
161068,rtrigger,32767
161083,rtrigger,32767
161096,rtrigger,32767
161105,rtrigger,32767
161116,rtrigger,32767
161122,rtrigger,32767
161127,rtrigger,32767
161136,rtrigger,32767
161144,rtrigger,32767
161152,rtrigger,32767
161160,rtrigger,32767
161171,rtrigger,32767
161180,rtrigger,32767
161187,rtrigger,32767
161196,rtrigger,32767
161200,rtrigger,32767
161214,rtrigger,32767
161236,rtrigger,32767
161255,rtrigger,32767
161263,rtrigger,32767
161281,rtrigger,32767
161296,rtrigger,32767
161326,rtrigger,32767
161333,rtrigger,32767
161346,rtrigger,32767
161352,rtrigger,32767
161361,rtrigger,32767
161371,rtrigger,32767
161376,rtrigger,32767
161390,rtrigger,32767
161393,rtrigger,32767
161407,rtrigger,32767
161416,rtrigger,32767
161424,rtrigger,32767
161433,rtrigger,32767
161442,rtrigger,32767
161453,rtrigger,32767
161465,rtrigger,32767
161479,rtrigger,32767
161485,rtrigger,32767
161488,rtrigger,32767
161498,rtrigger,32767
161526,rtrigger,32767
161531,rtrigger,32767
161534,rtrigger,32767
161544,rtrigger,32767
161552,rtrigger,32767
161561,rtrigger,32767
161567,rtrigger,32767
161576,rtrigger,32767
161585,rtrigger,32767
161595,rtrigger,32767
161600,rtrigger,32767
161615,rtrigger,32767
161630,rtrigger,32767
161642,rtrigger,32767
161648,rtrigger,32767
161678,rtrigger,32767
161685,rtrigger,32767
161688,rtrigger,32767
161696,rtrigger,32767
161712,rtrigger,32767
161723,rtrigger,32767
161726,rtrigger,32767
161731,rtrigger,32767
161738,rtrigger,32767
161744,rtrigger,32767
161752,rtrigger,32767
161760,rtrigger,32767
161763,rtrigger,32767
161770,rtrigger,32767
161776,rtrigger,32767
161784,rtrigger,32767
161793,rtrigger,32767
161800,rtrigger,32767
161812,rtrigger,32767
161820,rtrigger,32767
161829,rtrigger,32767
161833,rtrigger,32767
161842,rtrigger,32767
161848,rtrigger,32767
161857,rtrigger,32767
161882,rtrigger,32767
161899,rtrigger,32767
161909,rtrigger,32767
161917,rtrigger,32767
161920,rtrigger,32767
161925,rtrigger,32767
161928,rtrigger,32767
161937,rtrigger,32767
161944,rtrigger,32767
161952,rtrigger,32767
161960,rtrigger,32767
161978,rtrigger,32767
161984,rtrigger,32767
161996,rtrigger,32767
162000,rtrigger,32767
162011,rtrigger,32767
162014,rtrigger,32767
162038,rtrigger,32767
162047,rtrigger,32767
162057,rtrigger,32767
162083,rtrigger,32767
162088,rtrigger,32767
162096,rtrigger,32767
162107,rtrigger,32767
162119,rtrigger,32767
162124,rtrigger,32767
162127,rtrigger,32767
162133,rtrigger,32767
162136,rtrigger,32767
162145,rtrigger,32767
162154,rtrigger,32767
162159,rtrigger,32767
162164,rtrigger,32767
162181,rtrigger,32767
162192,rtrigger,32767
162200,rtrigger,32767
162211,rtrigger,32767
162216,rtrigger,32767
162254,rtrigger,32767
162276,rtrigger,32767
162280,rtrigger,32767
162295,rtrigger,32767
162308,rtrigger,32767
162316,rtrigger,32767
162323,rtrigger,32767
162327,rtrigger,32767
162334,rtrigger,32767
162344,rtrigger,32767
162352,rtrigger,32767
162361,rtrigger,32767
162368,rtrigger,32767
162376,rtrigger,32767
162384,rtrigger,32767
162389,rtrigger,32767
162396,rtrigger,32767
162401,rtrigger,32767
162416,rtrigger,32767
162423,rtrigger,32767
162437,rtrigger,32767
162445,rtrigger,32767
162483,rtrigger,32767
162502,rtrigger,32767
162506,rtrigger,32767
162520,rtrigger,32767
162528,rtrigger,32767
162537,rtrigger,32767
162540,rtrigger,32767
162544,rtrigger,32767
162552,rtrigger,32767
162560,rtrigger,32767
162568,rtrigger,32767
162577,rtrigger,32767
162588,rtrigger,32767
162592,rtrigger,32767
162617,rtrigger,32767
162624,rtrigger,32767
162648,rtrigger,32767
162658,rtrigger,32767
162668,rtrigger,32767
162704,rtrigger,32767
162730,rtrigger,32767
162738,rtrigger,32767
162744,rtrigger,32767
162752,rtrigger,32767
162765,rtrigger,32767
162768,rtrigger,32767
162776,rtrigger,32767
162784,rtrigger,32767
162794,rtrigger,32767
162804,rtrigger,32767
162827,rtrigger,32767
162830,rtrigger,32767
162859,rtrigger,32767
162886,rtrigger,32767
162889,rtrigger,32767
162915,rtrigger,32767
162931,rtrigger,32767
162936,rtrigger,32767
162944,rtrigger,32767
162949,rtrigger,32767
162952,rtrigger,32767
162956,rtrigger,32767
162960,rtrigger,32767
162968,rtrigger,32767
162976,rtrigger,32767
162984,rtrigger,32767
162991,rtrigger,32767
163004,rtrigger,32767
163008,rtrigger,32767
163024,rtrigger,32767
163036,rtrigger,32767
163041,rtrigger,32767
163048,rtrigger,32767
163066,rtrigger,32767
163075,rtrigger,32767
163123,rtrigger,32767
163140,rtrigger,32767
163143,rtrigger,32767
163148,rtrigger,32767
163154,rtrigger,32767
163160,rtrigger,32767
163170,rtrigger,32767
163175,rtrigger,32767
163179,rtrigger,32767
163184,rtrigger,32767
163192,rtrigger,32767
163195,rtrigger,32767
163199,rtrigger,32767
163207,rtrigger,32767
163220,rtrigger,32767
163226,rtrigger,32767
163232,rtrigger,32767
163250,rtrigger,32767
163257,rtrigger,32767
163274,rtrigger,32767
163283,rtrigger,32767
163288,rtrigger,32767
163296,rtrigger,32767
163312,rtrigger,32767
163320,rtrigger,32767
163330,rtrigger,32767
163336,rtrigger,32767
163344,rtrigger,32767
163360,rtrigger,32767
163368,rtrigger,32767
163376,rtrigger,32767
163384,rtrigger,32767
163393,rtrigger,32767
163399,rtrigger,32767
163404,rtrigger,32767
163408,rtrigger,32767
163417,rtrigger,32767
163424,rtrigger,32767
163438,rtrigger,32767
163443,rtrigger,32767
163448,rtrigger,32767
163458,rtrigger,32767
163498,rtrigger,32767
163504,rtrigger,32767
163527,rtrigger,32767
163529,rtrigger,32767
163534,rtrigger,32767
163539,rtrigger,32767
163544,rtrigger,32767
163552,rtrigger,32767
163560,rtrigger,32767
163565,rtrigger,32767
163575,rtrigger,32767
163583,rtrigger,32767
163594,rtrigger,32767
163603,rtrigger,32767
163613,rtrigger,32767
163616,rtrigger,32767
163624,rtrigger,32767
163642,rtrigger,32767
163658,rtrigger,32767
163674,rtrigger,32767
163680,rtrigger,32767
163734,rtrigger,32767
163757,rtrigger,32767
163768,rtrigger,32767
163776,rtrigger,32767
163787,rtrigger,32767
163820,rtrigger,32767
163832,rtrigger,32767
163843,rtrigger,32767
163848,rtrigger,32767
163852,rtrigger,32767
163856,rtrigger,32767
163859,rtrigger,32767
163866,rtrigger,32767
163874,rtrigger,32767
163889,rtrigger,32767
163896,rtrigger,32767
163904,rtrigger,32767
163913,rtrigger,32767
163926,rtrigger,32767
163937,rtrigger,32767
163952,rtrigger,32767
163975,rtrigger,32767
163986,rtrigger,32767
163992,rtrigger,32767
164019,rtrigger,32767
164033,rtrigger,32767
164065,rtrigger,32767
164076,rtrigger,32767
164088,rtrigger,32767
164094,rtrigger,32767
164120,rtrigger,32767
164148,rtrigger,32767
164162,rtrigger,32767
164168,rtrigger,32767
164189,rtrigger,32767
164193,rtrigger,32767
164201,rtrigger,32767
164207,rtrigger,32767
164215,rtrigger,32767
164218,rtrigger,32767
164224,rtrigger,32767
164229,rtrigger,32767
164232,rtrigger,32767
164241,rtrigger,32767
164248,rtrigger,32767
164258,rtrigger,32767
164268,rtrigger,32767
164272,rtrigger,32767
164288,rtrigger,32767
164293,rtrigger,32767
164307,rtrigger,32767
164316,rtrigger,32767
164325,rtrigger,32767
164335,rtrigger,32767
164351,rtrigger,32767
164370,rtrigger,32767
164383,rtrigger,32767
164398,rtrigger,32767
164402,rtrigger,32767
164407,rtrigger,32767
164410,rtrigger,32767
164417,rtrigger,32767
164424,rtrigger,32767
164432,rtrigger,32767
164440,rtrigger,32767
164443,rtrigger,32767
164449,rtrigger,32767
164456,rtrigger,32767
164467,rtrigger,32767
164472,rtrigger,32767
164481,rtrigger,32767
164488,rtrigger,32767
164496,rtrigger,32767
164514,rtrigger,32767
164523,rtrigger,32767
164559,rtrigger,32767
164563,rtrigger,32767
164572,rtrigger,32767
164577,rtrigger,32767
164584,rtrigger,32767
164595,rtrigger,32767
164600,rtrigger,32767
164608,rtrigger,32767
164616,rtrigger,32767
164624,rtrigger,32767
164631,rtrigger,32767
164635,rtrigger,32767
164640,rtrigger,32767
164649,rtrigger,32767
164656,rtrigger,32767
164667,rtrigger,32767
164678,rtrigger,32767
164681,rtrigger,32767
164693,rtrigger,32767
164716,rtrigger,32767
164736,rtrigger,32767
164756,rtrigger,32767
164760,rtrigger,32767
164775,rtrigger,32767
164784,rtrigger,32767
164791,rtrigger,32767
164800,rtrigger,32767
164806,rtrigger,32767
164808,rtrigger,32767
164816,rtrigger,32767
164824,rtrigger,32767
164828,rtrigger,32767
164831,rtrigger,32767
164836,rtrigger,32767
164840,rtrigger,32767
164848,rtrigger,32767
164856,rtrigger,32767
164864,rtrigger,32767
164872,rtrigger,32767
164878,rtrigger,32767
164909,rtrigger,32767
164918,rtrigger,32767
164927,rtrigger,32767
164930,rtrigger,32767
164936,rtrigger,32767
164947,rtrigger,32767
164957,rtrigger,32767
164973,rtrigger,32767
164983,rtrigger,32767
164991,rtrigger,32767
165000,rtrigger,32767
165075,rtrigger,32767
165080,rtrigger,32767
165088,rtrigger,32767
165093,rtrigger,32767
165100,rtrigger,32767
165110,rtrigger,32767
165113,rtrigger,32767
165124,rtrigger,32767
165133,rtrigger,32767
165136,rtrigger,32767
165139,rtrigger,32767
165149,rtrigger,32767
165161,rtrigger,32767
165172,rtrigger,32767
165177,rtrigger,32767
165190,rtrigger,32767
165194,rtrigger,32767
165202,rtrigger,32767
165215,rtrigger,32767
165218,rtrigger,32767
165230,rtrigger,32767
165233,rtrigger,32767
165240,rtrigger,32767
165248,rtrigger,32767
165256,rtrigger,32767
165266,rtrigger,32767
165272,rtrigger,32767
165280,rtrigger,32767
165285,rtrigger,32767
165288,rtrigger,32767
165296,rtrigger,32767
165304,rtrigger,32767
165326,rtrigger,32767
165334,rtrigger,32767
165339,rtrigger,32767
165356,rtrigger,32767
165360,rtrigger,32767
165406,rtrigger,32767
165424,rtrigger,32767
165432,rtrigger,32767
165440,rtrigger,32767
165450,rtrigger,32767
165457,rtrigger,32767
165462,rtrigger,32767
165472,rtrigger,32767
165475,rtrigger,32767
165477,rtrigger,32767
165481,rtrigger,32767
165491,rtrigger,32767
165499,rtrigger,32767
165505,rtrigger,32767
165518,rtrigger,32767
165521,rtrigger,32767
165528,rtrigger,32767
165536,rtrigger,32767
165557,rtrigger,32767
165584,rtrigger,32767
165594,rtrigger,32767
165602,rtrigger,32767
165615,rtrigger,32767
165622,rtrigger,32767
165626,rtrigger,32767
165632,rtrigger,32767
165641,rtrigger,32767
165648,rtrigger,32767
165657,rtrigger,32767
165664,rtrigger,32767
165672,rtrigger,32767
165675,rtrigger,32767
165679,rtrigger,32767
165686,rtrigger,32767
165690,rtrigger,32767
165696,rtrigger,32767
165712,rtrigger,32767
165720,rtrigger,32767
165726,rtrigger,32767
165738,rtrigger,32767
165744,rtrigger,32767
165753,rtrigger,32767
165783,rtrigger,32767
165787,rtrigger,32767
165798,rtrigger,32767
165814,rtrigger,32767
165821,rtrigger,32767
165825,rtrigger,32767
165828,rtrigger,32767
165831,rtrigger,32767
165841,rtrigger,32767
165848,rtrigger,32767
165856,rtrigger,32767
165863,rtrigger,32767
165867,rtrigger,32767
165876,rtrigger,32767
165881,rtrigger,32767
165892,rtrigger,32767
165896,rtrigger,32767
165904,rtrigger,32767
165916,rtrigger,32767
165920,rtrigger,32767
165930,rtrigger,32767
165943,rtrigger,32767
165978,rtrigger,32767
165994,rtrigger,32767
166010,rtrigger,32767
166021,rtrigger,32767
166026,rtrigger,32767
166026,lstick_x,1715
166032,rtrigger,32767
166032,lstick_x,2143
166032,lstick_y,1046
166040,rtrigger,32767
166040,lstick_x,2143
166040,lstick_y,1046
166049,rtrigger,32767
166049,lstick_x,2143
166049,lstick_y,1046
166057,rtrigger,32767
166057,lstick_x,2143
166057,lstick_y,1046
166061,rtrigger,32767
166061,lstick_x,2143
166061,lstick_y,1046
166064,rtrigger,32767
166064,lstick_x,2143
166064,lstick_y,1046
166067,rtrigger,32767
166067,lstick_x,2143
166067,lstick_y,1046
166072,rtrigger,32767
166072,lstick_x,2143
166072,lstick_y,1046
166075,rtrigger,32767
166075,lstick_x,2143
166075,lstick_y,1046
166086,rtrigger,32767
166086,lstick_x,2143
166086,lstick_y,1046
166095,rtrigger,32767
166095,lstick_x,2143
166095,lstick_y,1046
166099,rtrigger,32767
166099,lstick_x,2143
166099,lstick_y,1046
166110,rtrigger,32767
166110,lstick_x,2143
166110,lstick_y,1046
166118,rtrigger,32767
166118,lstick_x,2143
166118,lstick_y,1046
166123,rtrigger,32767
166123,lstick_x,2143
166123,lstick_y,1046
166141,rtrigger,32767
166141,lstick_x,2143
166141,lstick_y,1046
166147,rtrigger,32767
166147,lstick_x,20839
166147,lstick_y,1923
166158,rtrigger,32767
166158,lstick_x,20839
166158,lstick_y,1923
166174,rtrigger,32767
166174,lstick_x,28964
166174,lstick_y,1977
166177,rtrigger,32767
166177,lstick_x,28964
166177,lstick_y,1977
166221,rtrigger,32767
166221,lstick_x,28964
166221,lstick_y,1977
166232,rtrigger,32767
166232,lstick_x,28964
166232,lstick_y,1977
166234,rtrigger,32767
166234,lstick_x,32767
166234,lstick_y,1977
166240,rtrigger,32767
166240,lstick_x,32767
166240,lstick_y,1977
166248,rtrigger,32767
166248,lstick_x,32767
166248,lstick_y,1977
166256,rtrigger,32767
166256,lstick_x,32767
166256,lstick_y,1977
166264,rtrigger,32767
166264,lstick_x,32767
166264,lstick_y,1977
166272,rtrigger,32767
166272,lstick_x,32767
166272,lstick_y,1977
166275,rtrigger,32767
166275,lstick_x,32767
166275,lstick_y,1977
166279,rtrigger,32767
166279,lstick_x,32767
166279,lstick_y,1977
166288,rtrigger,32767
166288,lstick_x,32767
166288,lstick_y,1977
166299,rtrigger,32767
166299,lstick_x,32767
166299,lstick_y,1977
166306,rtrigger,32767
166306,lstick_x,32767
166306,lstick_y,1977
166320,rtrigger,32767
166320,lstick_x,32767
166320,lstick_y,1977
166327,rtrigger,32767
166327,lstick_x,32767
166327,lstick_y,1977
166346,rtrigger,32767
166346,lstick_x,32767
166346,lstick_y,1977
166354,rtrigger,32767
166354,lstick_x,32767
166354,lstick_y,1977
166405,rtrigger,32767
166405,lstick_x,32767
166405,lstick_y,1977
166409,rtrigger,32767
166409,lstick_x,32767
166409,lstick_y,1977
166423,rtrigger,32767
166423,lstick_x,32767
166423,lstick_y,1977
166432,rtrigger,32767
166432,lstick_x,32767
166432,lstick_y,1977
166439,rtrigger,32767
166439,lstick_x,6379
166439,lstick_y,2938
166443,rtrigger,32767
166443,lstick_x,6379
166443,lstick_y,2938
166448,rtrigger,32767
166448,lstick_x,6379
166448,lstick_y,2938
166457,rtrigger,32767
166457,lstick_x,6379
166457,lstick_y,2938
166464,rtrigger,32767
166464,lstick_x,6379
166464,lstick_y,2938
166472,rtrigger,32767
166472,lstick_x,6379
166472,lstick_y,2938
166476,rtrigger,32767
166476,lstick_x,6379
166476,lstick_y,2938
166479,rtrigger,32767
166479,lstick_x,6379
166479,lstick_y,2938
166488,rtrigger,32767
166488,lstick_x,6379
166488,lstick_y,2938
166498,rtrigger,32767
166498,lstick_x,6379
166498,lstick_y,2938
166505,rtrigger,32767
166505,lstick_x,6379
166505,lstick_y,2938
166523,rtrigger,32767
166523,lstick_x,6379
166523,lstick_y,2938
166528,rtrigger,32767
166528,lstick_x,6379
166528,lstick_y,2938
166546,rtrigger,32767
166546,lstick_x,6379
166546,lstick_y,2938
166559,rtrigger,32767
166559,lstick_x,6379
166559,lstick_y,2938
166577,rtrigger,32767
166577,lstick_x,6379
166577,lstick_y,2938
166591,rtrigger,32767
166591,lstick_x,6379
166591,lstick_y,2938
166595,rtrigger,32767
166595,lstick_x,6379
166595,lstick_y,2938
166608,rtrigger,32767
166608,lstick_x,6379
166608,lstick_y,2938
166629,rtrigger,32767
166629,lstick_x,6379
166629,lstick_y,2938
166635,rtrigger,32767
166635,lstick_x,6379
166635,lstick_y,2938
166641,rtrigger,32767
166641,lstick_x,6379
166641,lstick_y,2938
166651,rtrigger,32767
166651,lstick_x,3454
166651,lstick_y,2425
166656,rtrigger,32767
166656,lstick_x,3454
166656,lstick_y,2425
166664,rtrigger,32767
166664,lstick_x,3454
166664,lstick_y,2425
166672,rtrigger,32767
166672,lstick_x,3454
166672,lstick_y,2425
166675,rtrigger,32767
166675,lstick_x,3454
166675,lstick_y,2425
166678,rtrigger,32767
166678,lstick_x,3454
166678,lstick_y,2425
166684,rtrigger,32767
166684,lstick_x,3454
166684,lstick_y,2425
166693,rtrigger,32767
166693,lstick_x,3454
166693,lstick_y,2425
166697,rtrigger,32767
166697,lstick_x,3454
166697,lstick_y,2425
166705,rtrigger,32767
166705,lstick_x,3454
166705,lstick_y,2425
166712,rtrigger,32767
166712,lstick_x,3454
166712,lstick_y,2425
166724,rtrigger,32767
166724,lstick_x,3454
166724,lstick_y,2425
166727,rtrigger,32767
166727,lstick_x,3454
166727,lstick_y,2425
166732,rtrigger,32767
166732,lstick_x,3454
166732,lstick_y,2425
166741,rtrigger,32767
166741,lstick_x,3454
166741,lstick_y,2425
166764,rtrigger,32767
166764,lstick_x,3454
166764,lstick_y,2425
166768,rtrigger,32767
166768,lstick_x,3454
166768,lstick_y,2425
166785,rtrigger,32767
166785,lstick_x,3454
166785,lstick_y,2425
166807,rtrigger,32767
166807,lstick_x,3454
166807,lstick_y,2425
166822,rtrigger,32767
166822,lstick_x,3454
166822,lstick_y,2425
166826,rtrigger,32767
166826,lstick_x,3454
166826,lstick_y,2425
166832,rtrigger,32767
166832,lstick_x,3454
166832,lstick_y,2425
166840,rtrigger,32767
166840,lstick_x,3288
166840,lstick_y,2391
166850,rtrigger,32767
166850,lstick_x,3288
166850,lstick_y,2391
166856,rtrigger,32767
166856,lstick_x,3288
166856,lstick_y,2391
166864,rtrigger,32767
166864,lstick_x,3288
166864,lstick_y,2391
166874,rtrigger,32767
166874,lstick_x,3288
166874,lstick_y,2391
166880,rtrigger,32767
166880,lstick_x,3288
166880,lstick_y,2391
167052,rtrigger,32767
167052,lstick_x,3288
167052,lstick_y,2391
167056,rtrigger,32767
167056,lstick_x,3288
167056,lstick_y,2391
167064,rtrigger,32767
167064,lstick_x,3288
167064,lstick_y,2391
167075,rtrigger,32767
167075,lstick_x,3288
167075,lstick_y,2391
167080,rtrigger,32767
167080,lstick_x,3288
167080,lstick_y,2391
167083,rtrigger,32767
167083,lstick_x,32767
167083,lstick_y,1181
167088,rtrigger,32767
167088,lstick_x,32767
167088,lstick_y,1181
167108,rtrigger,32767
167108,lstick_x,32767
167108,lstick_y,1181
167114,rtrigger,32767
167114,lstick_x,32767
167114,lstick_y,1181
167148,rtrigger,32767
167148,lstick_x,32767
167148,lstick_y,1181
167160,rtrigger,32767
167160,lstick_x,32767
167160,lstick_y,1181
167178,rtrigger,32767
167178,lstick_x,32767
167178,lstick_y,1181
167198,rtrigger,32767
167198,lstick_x,32767
167198,lstick_y,1181
167206,rtrigger,32767
167206,lstick_x,32767
167206,lstick_y,1181
167211,rtrigger,32767
167211,lstick_x,32767
167211,lstick_y,1181
167214,rtrigger,32767
167214,lstick_x,32767
167217,rtrigger,32767
167217,lstick_x,32767
167227,rtrigger,32767
167227,lstick_x,32767
167232,rtrigger,32767
167232,lstick_x,32767
167240,rtrigger,32767
167240,lstick_x,32767
167246,rtrigger,32767
167246,lstick_x,32767
167257,rtrigger,32767
167257,lstick_x,32767
167264,rtrigger,32767
167264,lstick_x,32767
167272,rtrigger,32767
167272,lstick_x,32767
167280,rtrigger,32767
167280,lstick_x,32767
167288,rtrigger,32767
167288,lstick_x,32767
167296,rtrigger,32767
167296,lstick_x,32767
167325,rtrigger,32767
167325,lstick_x,32767
167338,rtrigger,32767
167338,lstick_x,32767
167354,rtrigger,32767
167354,lstick_x,32767
167363,rtrigger,32767
167363,lstick_x,32767
167368,rtrigger,32767
167368,lstick_x,32767
167377,rtrigger,32767
167377,lstick_x,32767
167385,rtrigger,32767
167385,lstick_x,32767
167398,rtrigger,32767
167398,lstick_x,32767
167402,rtrigger,32767
167402,lstick_x,22974
167407,rtrigger,32767
167407,lstick_x,22035
167407,lstick_y,1394
167418,rtrigger,32767
167418,lstick_x,22035
167418,lstick_y,1394
167425,rtrigger,32767
167425,lstick_x,22035
167425,lstick_y,1394
167432,rtrigger,32767
167432,lstick_x,22035
167432,lstick_y,1394
167440,rtrigger,32767
167440,lstick_x,22035
167440,lstick_y,1394
167443,rtrigger,32767
167443,lstick_x,14628
167443,lstick_y,1980
167446,rtrigger,32767
167446,lstick_x,14628
167446,lstick_y,1980
167449,rtrigger,32767
167449,lstick_x,14628
167449,lstick_y,1980
167456,rtrigger,32767
167456,lstick_x,14628
167456,lstick_y,1980
167464,rtrigger,32767
167464,lstick_x,14628
167464,lstick_y,1980
167473,rtrigger,32767
167473,lstick_x,14628
167473,lstick_y,1980
167480,rtrigger,32767
167480,lstick_x,14628
167480,lstick_y,1980
167497,rtrigger,32767
167497,lstick_x,14628
167497,lstick_y,1980
167504,rtrigger,32767
167504,lstick_x,14628
167504,lstick_y,1980
167508,rtrigger,32767
167508,lstick_x,14628
167508,lstick_y,1980
167519,rtrigger,32767
167519,lstick_x,14628
167519,lstick_y,1980
167524,rtrigger,32767
167524,lstick_x,14628
167524,lstick_y,1980
167533,rtrigger,32767
167533,lstick_x,14628
167533,lstick_y,1980
167536,rtrigger,32767
167536,lstick_x,8532
167536,lstick_y,2579
167547,rtrigger,32767
167547,lstick_x,8532
167547,lstick_y,2579
167577,rtrigger,32767
167577,lstick_x,8532
167577,lstick_y,2579
167606,rtrigger,32767
167606,lstick_x,8532
167606,lstick_y,2579
167609,rtrigger,32767
167609,lstick_x,8532
167609,lstick_y,2579
167615,rtrigger,32767
167615,lstick_x,4970
167615,lstick_y,2579
167624,rtrigger,32767
167624,lstick_x,4970
167624,lstick_y,2579
167628,rtrigger,32767
167628,lstick_x,4970
167628,lstick_y,2579
167631,rtrigger,32767
167631,lstick_x,4741
167631,lstick_y,2579
167634,rtrigger,32767
167634,lstick_x,4741
167634,lstick_y,2579
167641,rtrigger,32767
167641,lstick_x,4741
167641,lstick_y,2579
167650,rtrigger,32767
167650,lstick_x,4741
167650,lstick_y,2579
167656,rtrigger,32767
167656,lstick_x,4552
167656,lstick_y,2579
167660,rtrigger,32767
167660,lstick_x,4552
167660,lstick_y,2579
167662,rtrigger,32767
167662,lstick_x,4552
167662,lstick_y,2579
167666,rtrigger,32767
167666,lstick_x,4552
167666,lstick_y,2579
167674,rtrigger,32767
167674,lstick_x,4552
167674,lstick_y,2579
167680,rtrigger,32767
167680,lstick_x,4552
167680,lstick_y,2579
167688,rtrigger,32767
167688,lstick_x,4552
167688,lstick_y,2579
167699,rtrigger,32767
167699,lstick_x,4552
167699,lstick_y,2579
167707,rtrigger,32767
167707,lstick_x,4552
167707,lstick_y,2579
167714,rtrigger,32767
167714,lstick_x,4552
167714,lstick_y,2579
167720,rtrigger,32767
167720,lstick_x,4552
167720,lstick_y,2579
167728,rtrigger,32767
167728,lstick_x,4552
167728,lstick_y,2579
167751,rtrigger,32767
167751,lstick_x,4552
167751,lstick_y,2579
167760,rtrigger,32767
167760,lstick_x,4552
167760,lstick_y,2579
167777,rtrigger,32767
167777,lstick_x,4552
167777,lstick_y,2579
167788,rtrigger,32767
167788,lstick_x,4552
167788,lstick_y,2579
167792,rtrigger,32767
167792,lstick_x,4552
167792,lstick_y,2579
167809,rtrigger,32767
167809,lstick_x,4552
167809,lstick_y,2579
167819,rtrigger,32767
167819,lstick_x,4552
167819,lstick_y,2579
167824,rtrigger,32767
167824,lstick_x,3742
167824,lstick_y,2412
167828,rtrigger,32767
167828,lstick_x,3699
167828,lstick_y,2412
167833,rtrigger,32767
167833,lstick_x,3699
167833,lstick_y,2412
167840,rtrigger,32767
167840,lstick_x,3699
167840,lstick_y,2412
167848,rtrigger,32767
167848,lstick_x,3699
167848,lstick_y,2412
167856,rtrigger,32767
167856,lstick_x,3699
167856,lstick_y,2412
167861,rtrigger,32767
167861,lstick_x,4135
167861,lstick_y,2412
167865,rtrigger,32767
167865,lstick_x,4135
167865,lstick_y,2412
167872,rtrigger,32767
167872,lstick_x,4135
167872,lstick_y,2412
167874,rtrigger,32767
167874,lstick_x,4135
167874,lstick_y,2412
167882,rtrigger,32767
167882,lstick_x,4135
167882,lstick_y,2412
167889,rtrigger,32767
167889,lstick_x,4135
167889,lstick_y,2412
167896,rtrigger,32767
167896,lstick_x,4135
167896,lstick_y,2412
167904,rtrigger,32767
167904,lstick_x,4135
167904,lstick_y,2412
167914,rtrigger,32767
167914,lstick_x,4135
167914,lstick_y,2412
167920,rtrigger,32767
167920,lstick_x,4135
167920,lstick_y,2412
167952,rtrigger,32767
167952,lstick_x,4135
167952,lstick_y,2412
167964,rtrigger,32767
167964,lstick_x,4135
167964,lstick_y,2412
167969,rtrigger,32767
167969,lstick_x,4135
167969,lstick_y,2412
167990,rtrigger,32767
167990,lstick_x,4135
167990,lstick_y,2412
167997,rtrigger,32767
167997,lstick_x,4135
167997,lstick_y,2412
168000,rtrigger,32767
168000,lstick_x,4135
168000,lstick_y,2412
168014,rtrigger,32767
168014,lstick_x,4135
168014,lstick_y,2412
168017,rtrigger,32767
168017,lstick_x,4135
168017,lstick_y,2412
168024,rtrigger,32767
168024,lstick_x,4135
168024,lstick_y,2412
168031,rtrigger,32767
168031,lstick_x,32767
168040,rtrigger,32767
168040,lstick_x,32767
168048,rtrigger,32767
168048,lstick_x,32767
168056,rtrigger,32767
168056,lstick_x,32767
168065,rtrigger,32767
168065,lstick_x,32767
168072,rtrigger,32767
168072,lstick_x,32767
168082,rtrigger,32767
168082,lstick_x,32767
168090,rtrigger,32767
168090,lstick_x,32767
168101,rtrigger,32767
168101,lstick_x,32767
168107,rtrigger,32767
168107,lstick_x,32767
168124,rtrigger,32767
168124,lstick_x,32767
168128,rtrigger,32767
168128,lstick_x,32767
168145,rtrigger,32767
168145,lstick_x,32767
168154,rtrigger,32767
168154,lstick_x,32767
168182,rtrigger,32767
168182,lstick_x,32767
168187,rtrigger,32767
168187,lstick_x,32767
168202,rtrigger,32767
168202,lstick_x,32767
168209,rtrigger,32767
168209,lstick_x,32767
168216,rtrigger,32767
168216,lstick_x,32767
168224,rtrigger,32767
168224,lstick_x,9927
168232,rtrigger,32767
168232,lstick_x,9927
168240,rtrigger,32767
168240,lstick_x,9927
168248,rtrigger,32767
168248,lstick_x,9927
168271,rtrigger,32767
168271,lstick_x,9927
168283,rtrigger,32767
168283,lstick_x,9927
168296,rtrigger,32767
168296,lstick_x,9927
168299,rtrigger,32767
168299,lstick_x,9927
168322,rtrigger,32767
168322,lstick_x,9927
168328,rtrigger,32767
168328,lstick_x,4223
168328,lstick_y,1460
168331,rtrigger,32767
168331,lstick_x,4223
168331,lstick_y,1460
168335,rtrigger,32767
168335,lstick_x,4223
168335,lstick_y,1460
168351,rtrigger,32767
168351,lstick_x,4223
168351,lstick_y,1460
168360,rtrigger,32767
168360,lstick_x,4223
168360,lstick_y,1460
168363,rtrigger,32767
168363,lstick_x,3488
168363,lstick_y,1359
168371,rtrigger,32767
168371,lstick_x,3488
168371,lstick_y,1359
168378,rtrigger,32767
168378,lstick_x,3488
168378,lstick_y,1359
168410,rtrigger,32767
168410,lstick_x,3488
168410,lstick_y,1359
168416,rtrigger,32767
168416,lstick_x,2709
168416,lstick_y,1253
168426,rtrigger,32767
168426,lstick_x,2709
168426,lstick_y,1253
168434,rtrigger,32767
168434,lstick_x,2709
168434,lstick_y,1253
168440,rtrigger,32767
168440,lstick_x,2709
168440,lstick_y,1253
168443,rtrigger,32767
168443,lstick_x,2601
168443,lstick_y,1253
168449,rtrigger,32767
168449,lstick_x,2601
168449,lstick_y,1253
168456,rtrigger,32767
168456,lstick_x,2601
168456,lstick_y,1253
168466,rtrigger,32767
168466,lstick_x,2601
168466,lstick_y,1253
168473,rtrigger,32767
168473,lstick_x,2601
168473,lstick_y,1253
168485,rtrigger,32767
168485,lstick_x,2601
168485,lstick_y,1253
168494,rtrigger,32767
168494,lstick_x,2601
168494,lstick_y,1253
168500,rtrigger,32767
168500,lstick_x,2601
168500,lstick_y,1253
168504,rtrigger,32767
168504,lstick_x,2601
168504,lstick_y,1253
168527,rtrigger,32767
168527,lstick_x,2601
168527,lstick_y,1253
168558,rtrigger,32767
168558,lstick_x,2601
168558,lstick_y,1253
168574,rtrigger,32767
168574,lstick_x,2601
168574,lstick_y,1253
168590,rtrigger,32767
168590,lstick_x,2601
168590,lstick_y,1253
168594,rtrigger,32767
168594,lstick_x,2243
168594,lstick_y,1156
168602,rtrigger,32767
168602,lstick_x,2243
168602,lstick_y,1156
168607,rtrigger,32767
168607,lstick_x,2181
168607,lstick_y,1156
168618,rtrigger,32767
168618,lstick_x,2181
168618,lstick_y,1156
168625,rtrigger,32767
168625,lstick_x,2181
168625,lstick_y,1156
168632,rtrigger,32767
168632,lstick_x,2181
168632,lstick_y,1156
168639,rtrigger,32767
168639,lstick_x,2181
168639,lstick_y,1156
168643,rtrigger,32767
168643,lstick_x,2181
168643,lstick_y,1156
168646,rtrigger,32767
168646,lstick_x,2181
168646,lstick_y,1156
168649,rtrigger,32767
168649,lstick_x,2181
168649,lstick_y,1156
168660,rtrigger,32767
168660,lstick_x,2181
168660,lstick_y,1156
168668,rtrigger,32767
168668,lstick_x,2181
168668,lstick_y,1156
168672,rtrigger,32767
168672,lstick_x,2181
168672,lstick_y,1156
168683,rtrigger,32767
168683,lstick_x,2181
168683,lstick_y,1156
168694,rtrigger,32767
168694,lstick_x,2181
168694,lstick_y,1156
168701,rtrigger,32767
168701,lstick_x,2181
168701,lstick_y,1156
168704,rtrigger,32767
168704,lstick_x,2181
168704,lstick_y,1156
168712,rtrigger,32767
168712,lstick_x,2181
168712,lstick_y,1156
168729,rtrigger,32767
168729,lstick_x,2181
168729,lstick_y,1156
168738,rtrigger,32767
168738,lstick_x,2181
168738,lstick_y,1156
168747,rtrigger,32767
168747,lstick_x,2181
168747,lstick_y,1156
168753,rtrigger,32767
168753,lstick_x,2181
168753,lstick_y,1156
168768,rtrigger,32767
168768,lstick_x,2181
168768,lstick_y,1156
168777,rtrigger,32767
168777,lstick_x,2181
168777,lstick_y,1156
168792,rtrigger,32767
168792,lstick_x,2181
168792,lstick_y,1156
168803,rtrigger,32767
168803,lstick_x,2181
168803,lstick_y,1156
168808,rtrigger,32767
168808,lstick_x,11579
168808,lstick_y,1082
168811,rtrigger,32767
168811,lstick_x,11579
168811,lstick_y,1082
168818,rtrigger,32767
168818,lstick_x,11579
168818,lstick_y,1082
168824,rtrigger,32767
168824,lstick_x,11579
168824,lstick_y,1082
168832,rtrigger,32767
168832,lstick_x,11579
168832,lstick_y,1082
168840,rtrigger,32767
168840,lstick_x,11579
168840,lstick_y,1082
168853,rtrigger,32767
168853,lstick_x,11579
168853,lstick_y,1082
168861,rtrigger,32767
168861,lstick_x,11579
168861,lstick_y,1082
168869,rtrigger,32767
168869,lstick_x,11579
168869,lstick_y,1082
168880,rtrigger,32767
168880,lstick_x,11579
168880,lstick_y,1082
168890,rtrigger,32767
168890,lstick_x,11579
168890,lstick_y,1082
168901,rtrigger,32767
168901,lstick_x,11579
168901,lstick_y,1082
168904,rtrigger,32767
168904,lstick_x,11579
168904,lstick_y,1082
168917,rtrigger,32767
168917,lstick_x,11579
168917,lstick_y,1082
168920,rtrigger,32767
168920,lstick_x,11579
168920,lstick_y,1082
168960,rtrigger,32767
168960,lstick_x,11579
168960,lstick_y,1082
168968,rtrigger,32767
168968,lstick_x,11579
168968,lstick_y,1082
168977,rtrigger,32767
168977,lstick_x,11579
168977,lstick_y,1082
168987,rtrigger,32767
168987,lstick_x,11579
168987,lstick_y,1082
168991,rtrigger,32767
168991,lstick_x,32767
168991,lstick_y,-3321
169000,rtrigger,32767
169000,lstick_x,32767
169000,lstick_y,-3321
169008,rtrigger,32767
169008,lstick_x,32767
169008,lstick_y,-3321
169016,rtrigger,32767
169016,lstick_x,32767
169016,lstick_y,-3321
169023,rtrigger,32767
169023,lstick_x,32767
169023,lstick_y,-3321
169027,rtrigger,32767
169027,lstick_x,32767
169027,lstick_y,-3321
169041,rtrigger,32767
169041,lstick_x,32767
169041,lstick_y,-3321
169048,rtrigger,32767
169048,lstick_x,32767
169048,lstick_y,-3321
169051,rtrigger,32767
169051,lstick_x,32767
169051,lstick_y,-3321
169058,rtrigger,32767
169058,lstick_x,32767
169058,lstick_y,-3321
169066,rtrigger,32767
169066,lstick_x,32767
169066,lstick_y,-3321
169074,rtrigger,32767
169074,lstick_x,32767
169074,lstick_y,-3321
169077,rtrigger,32767
169077,lstick_x,32767
169077,lstick_y,-3321
169102,rtrigger,32767
169102,lstick_x,32767
169102,lstick_y,-3321
169107,rtrigger,32767
169107,lstick_x,23235
169107,lstick_y,-2932
169138,rtrigger,32767
169138,lstick_x,23235
169138,lstick_y,-2932
169147,rtrigger,32767
169147,lstick_x,23235
169147,lstick_y,-2932
169154,rtrigger,32767
169154,lstick_x,23235
169154,lstick_y,-2932
169174,rtrigger,32767
169174,lstick_x,23235
169174,lstick_y,-2932
169178,rtrigger,32767
169178,lstick_x,23235
169178,lstick_y,-2932
169184,rtrigger,32767
169184,lstick_x,8758
169191,rtrigger,32767
169191,lstick_x,8758
169202,rtrigger,32767
169202,lstick_x,8758
169208,rtrigger,32767
169208,lstick_x,8758
169216,rtrigger,32767
169216,lstick_x,8758
169224,rtrigger,32767
169224,lstick_x,8758
169241,rtrigger,32767
169241,lstick_x,8758
169250,rtrigger,32767
169250,lstick_x,8758
169263,rtrigger,32767
169263,lstick_x,8758
169267,rtrigger,32767
169267,lstick_x,8758
169288,rtrigger,32767
169288,lstick_x,8758
169294,rtrigger,32767
169294,lstick_x,3725
169294,lstick_y,1242
169297,rtrigger,32767
169297,lstick_x,3725
169297,lstick_y,1242
169299,rtrigger,32767
169299,lstick_x,3020
169299,lstick_y,1302
169305,rtrigger,32767
169305,lstick_x,3020
169305,lstick_y,1302
169308,rtrigger,32767
169308,lstick_x,3020
169308,lstick_y,1302
169313,rtrigger,32767
169313,lstick_x,3020
169313,lstick_y,1302
169326,rtrigger,32767
169326,lstick_x,3020
169326,lstick_y,1302
169338,rtrigger,32767
169338,lstick_x,3020
169338,lstick_y,1302
169348,rtrigger,32767
169348,lstick_x,3020
169348,lstick_y,1302
169356,rtrigger,32767
169356,lstick_x,3020
169356,lstick_y,1302
169373,rtrigger,32767
169373,lstick_x,3020
169373,lstick_y,1302
169383,rtrigger,32767
169383,lstick_x,3020
169383,lstick_y,1302
169392,rtrigger,32767
169392,lstick_x,2078
169392,lstick_y,1302
169400,rtrigger,32767
169400,lstick_x,2078
169400,lstick_y,1302
169408,rtrigger,32767
169408,lstick_x,2078
169408,lstick_y,1302
169416,rtrigger,32767
169416,lstick_x,2078
169416,lstick_y,1302
169423,rtrigger,32767
169423,lstick_x,2078
169423,lstick_y,1302
169431,rtrigger,32767
169431,lstick_x,2078
169431,lstick_y,1302
169440,rtrigger,32767
169440,lstick_x,2078
169440,lstick_y,1302
169453,rtrigger,32767
169453,lstick_x,2078
169453,lstick_y,1302
169456,rtrigger,32767
169456,lstick_x,2078
169456,lstick_y,1302
169468,rtrigger,32767
169468,lstick_x,2078
169468,lstick_y,1302
169472,rtrigger,32767
169472,lstick_x,2078
169472,lstick_y,1302
169488,rtrigger,32767
169488,lstick_x,2078
169488,lstick_y,1302
169500,rtrigger,32767
169500,lstick_x,2078
169500,lstick_y,1302
169523,rtrigger,32767
169523,lstick_x,2078
169523,lstick_y,1302
169546,rtrigger,32767
169546,lstick_x,2078
169546,lstick_y,1302
169561,rtrigger,32767
169561,lstick_x,2078
169561,lstick_y,1302
169568,rtrigger,32767
169568,lstick_x,2078
169568,lstick_y,1302
169576,rtrigger,32767
169576,lstick_x,22183
169580,rtrigger,32767
169580,lstick_x,22183
169585,rtrigger,32767
169585,lstick_x,22183
169593,rtrigger,32767
169593,lstick_x,22183
169600,rtrigger,32767
169600,lstick_x,22183
169608,rtrigger,32767
169608,lstick_x,22183
169617,rtrigger,32767
169617,lstick_x,22183
169626,rtrigger,32767
169626,lstick_x,22183
169634,rtrigger,32767
169634,lstick_x,22183
169649,rtrigger,32767
169649,lstick_x,22183
169656,rtrigger,32767
169656,lstick_x,22183
169673,rtrigger,32767
169673,lstick_x,32767
169673,lstick_y,-1450
169683,rtrigger,32767
169683,lstick_x,32767
169683,lstick_y,-1450
169706,rtrigger,32767
169706,lstick_x,32767
169706,lstick_y,-1450
169723,rtrigger,32767
169723,lstick_x,32767
169723,lstick_y,-1450
169729,rtrigger,32767
169729,lstick_x,32767
169729,lstick_y,-1450
169736,rtrigger,32767
169736,lstick_x,32767
169736,lstick_y,-1450
169746,rtrigger,32767
169746,lstick_x,32767
169746,lstick_y,-1450
169750,rtrigger,32767
169750,lstick_x,32767
169750,lstick_y,-2454
169757,rtrigger,32767
169757,lstick_x,32767
169757,lstick_y,-2454
169760,rtrigger,32767
169760,lstick_x,32767
169760,lstick_y,-2454
169768,rtrigger,32767
169768,lstick_x,32767
169768,lstick_y,-2454
169776,rtrigger,32767
169776,lstick_x,32767
169776,lstick_y,-2454
169784,rtrigger,32767
169784,lstick_x,32767
169784,lstick_y,-2454
169792,rtrigger,32767
169792,lstick_x,32767
169792,lstick_y,-2454
169798,rtrigger,32767
169798,lstick_x,32767
169798,lstick_y,-2454
169801,rtrigger,32767
169801,lstick_x,32767
169801,lstick_y,-2454
169812,rtrigger,32767
169812,lstick_x,32767
169812,lstick_y,-2454
169816,rtrigger,32767
169816,lstick_x,32767
169816,lstick_y,-2454
169839,rtrigger,32767
169839,lstick_x,32767
169839,lstick_y,-2454
169861,rtrigger,32767
169861,lstick_x,32767
169861,lstick_y,-2454
169865,rtrigger,32767
169865,lstick_x,32767
169865,lstick_y,-2454
169883,rtrigger,32767
169883,lstick_x,32767
169883,lstick_y,-2454
169890,rtrigger,32767
169890,lstick_x,32767
169890,lstick_y,-2454
169901,rtrigger,32767
169901,lstick_x,32767
169901,lstick_y,-2454
169906,rtrigger,32767
169906,lstick_x,32767
169906,lstick_y,-2454
169914,rtrigger,32767
169914,lstick_x,32767
169914,lstick_y,-2454
169919,rtrigger,32767
169919,lstick_x,32767
169919,lstick_y,-2646
169923,rtrigger,32767
169923,lstick_x,32767
169923,lstick_y,-2646
169932,rtrigger,32767
169932,lstick_x,32767
169932,lstick_y,-2646
169938,rtrigger,32767
169938,lstick_x,32767
169938,lstick_y,-2646
169944,rtrigger,32767
169944,lstick_x,32767
169944,lstick_y,-2646
169953,rtrigger,32767
169953,lstick_x,32767
169953,lstick_y,-2646
169957,rtrigger,32767
169957,lstick_x,32767
169957,lstick_y,-2646
169961,rtrigger,32767
169961,lstick_x,32767
169961,lstick_y,-2646
169967,rtrigger,32767
169967,lstick_x,32767
169967,lstick_y,-2646
169982,rtrigger,32767
169982,lstick_x,32767
169982,lstick_y,-2646
169985,rtrigger,32767
169985,lstick_x,32767
169985,lstick_y,-2646
169994,rtrigger,32767
169994,lstick_x,32767
169994,lstick_y,-2646
170010,rtrigger,32767
170010,lstick_x,32767
170010,lstick_y,-2646
170017,rtrigger,32767
170017,lstick_x,32767
170017,lstick_y,-2646
170031,rtrigger,32767
170031,lstick_x,32767
170031,lstick_y,-2646
170035,rtrigger,32767
170035,lstick_x,32767
170035,lstick_y,-2646
170040,rtrigger,32767
170040,lstick_x,32767
170040,lstick_y,-2646
170048,rtrigger,32767
170048,lstick_x,32767
170048,lstick_y,-2646
170062,rtrigger,32767
170062,lstick_x,32767
170062,lstick_y,-2646
170071,rtrigger,32767
170071,lstick_x,32767
170071,lstick_y,-2646
170101,rtrigger,32767
170101,lstick_x,32767
170101,lstick_y,-2646
170121,rtrigger,32767
170121,lstick_x,32767
170121,lstick_y,-2646
170130,rtrigger,32767
170130,lstick_x,32767
170130,lstick_y,-2646
170136,rtrigger,32767
170136,lstick_x,32767
170136,lstick_y,-2646
170140,rtrigger,32767
170140,lstick_x,4915
170145,rtrigger,32767
170145,lstick_x,4915
170152,rtrigger,32767
170152,lstick_x,4915
170161,rtrigger,32767
170161,lstick_x,4915
170168,rtrigger,32767
170168,lstick_x,4411
170173,rtrigger,32767
170173,lstick_x,4411
170177,rtrigger,32767
170177,lstick_x,4411
170184,rtrigger,32767
170184,lstick_x,4411
170193,rtrigger,32767
170193,lstick_x,4411
170212,rtrigger,32767
170212,lstick_x,4411
170216,rtrigger,32767
170216,lstick_x,4411
170222,rtrigger,32767
170222,lstick_x,4411
170263,rtrigger,32767
170263,lstick_x,4411
170266,rtrigger,32767
170266,lstick_x,2903
170272,rtrigger,32767
170272,lstick_x,2903
170284,rtrigger,32767
170284,lstick_x,2807
170290,rtrigger,32767
170290,lstick_x,2807
170299,rtrigger,32767
170299,lstick_x,2807
170306,rtrigger,32767
170306,lstick_x,2807
170333,rtrigger,32767
170333,lstick_x,2807
170343,rtrigger,32767
170343,lstick_x,4838
170348,rtrigger,32767
170348,lstick_x,4838
170353,rtrigger,32767
170353,lstick_x,4838
170360,rtrigger,32767
170360,lstick_x,4838
170368,rtrigger,32767
170368,lstick_x,4838
170373,rtrigger,32767
170373,lstick_x,13726
170376,rtrigger,32767
170376,lstick_x,13726
170379,rtrigger,32767
170379,lstick_x,23216
170387,rtrigger,32767
170387,lstick_x,23216
170390,rtrigger,32767
170390,lstick_x,23216
170400,rtrigger,32767
170400,lstick_x,23216
170410,rtrigger,32767
170410,lstick_x,23216
170420,rtrigger,32767
170420,lstick_x,23216
170424,rtrigger,32767
170424,lstick_x,23216
170445,rtrigger,32767
170445,lstick_x,23216
170448,rtrigger,32767
170448,lstick_x,23216
170456,rtrigger,32767
170456,lstick_x,23216
170493,rtrigger,32767
170493,lstick_x,23216
170505,rtrigger,32767
170505,lstick_x,23216
170518,rtrigger,32767
170518,lstick_x,23216
170531,rtrigger,32767
170531,lstick_x,23216
170534,rtrigger,32767
170534,lstick_x,32767
170534,lstick_y,-4396
170541,rtrigger,32767
170541,lstick_x,32767
170541,lstick_y,-4396
170544,rtrigger,32767
170544,lstick_x,32767
170544,lstick_y,-4396
170552,rtrigger,32767
170552,lstick_x,32767
170552,lstick_y,-4396
170560,rtrigger,32767
170560,lstick_x,32767
170560,lstick_y,-4396
170568,rtrigger,32767
170568,lstick_x,32767
170568,lstick_y,-4396
170574,rtrigger,32767
170574,lstick_x,32767
170574,lstick_y,-4396
170582,rtrigger,32767
170582,lstick_x,32767
170582,lstick_y,-4396
170591,rtrigger,32767
170591,lstick_x,32767
170591,lstick_y,-4396
170598,rtrigger,32767
170598,lstick_x,32767
170598,lstick_y,-4396
170610,rtrigger,32767
170610,lstick_x,32767
170610,lstick_y,-4396
170616,rtrigger,32767
170616,lstick_x,32767
170616,lstick_y,-4396
170648,rtrigger,32767
170648,lstick_x,30964
170648,lstick_y,-4254
170663,rtrigger,32767
170663,lstick_x,30964
170663,lstick_y,-4254
170699,rtrigger,32767
170699,lstick_x,30964
170699,lstick_y,-4254
170721,rtrigger,32767
170721,lstick_x,9591
170721,lstick_y,-1700
170727,rtrigger,32767
170727,lstick_x,8324
170727,lstick_y,-1248
170731,rtrigger,32767
170731,lstick_x,8324
170731,lstick_y,-1248
170737,rtrigger,32767
170737,lstick_x,8324
170737,lstick_y,-1248
170740,rtrigger,32767
170740,lstick_x,7357
170740,lstick_y,-1077
170750,rtrigger,32767
170750,lstick_x,7357
170750,lstick_y,-1077
170754,rtrigger,32767
170754,lstick_x,7357
170754,lstick_y,-1077
170757,rtrigger,32767
170757,lstick_x,7357
170757,lstick_y,-1077
170760,rtrigger,32767
170760,lstick_x,7357
170760,lstick_y,-1077
170768,rtrigger,32767
170768,lstick_x,7357
170768,lstick_y,-1077
170775,rtrigger,32767
170775,lstick_x,7357
170775,lstick_y,-1077
170779,rtrigger,32767
170779,lstick_x,7357
170779,lstick_y,-1077
170784,rtrigger,32767
170784,lstick_x,7357
170784,lstick_y,-1077
170792,rtrigger,32767
170792,lstick_x,7357
170792,lstick_y,-1077
170808,rtrigger,32767
170808,lstick_x,7357
170808,lstick_y,-1077
170818,rtrigger,32767
170818,lstick_x,7357
170818,lstick_y,-1077
170823,rtrigger,32767
170823,lstick_x,7357
170823,lstick_y,-1077
170827,rtrigger,32767
170827,lstick_x,4411
170848,rtrigger,32767
170848,lstick_x,4411
170854,rtrigger,32767
170854,lstick_x,3644
170857,rtrigger,32767
170857,lstick_x,3644
170862,rtrigger,32767
170862,lstick_x,3644
170866,rtrigger,32767
170866,lstick_x,3644
170873,rtrigger,32767
170873,lstick_x,3644
170880,rtrigger,32767
170880,lstick_x,3644
170896,rtrigger,32767
170896,lstick_x,3644
170919,rtrigger,32767
170919,lstick_x,3644
170936,rtrigger,32767
170936,lstick_x,3644
170941,rtrigger,32767
170941,lstick_x,2637
170944,rtrigger,32767
170944,lstick_x,2637
170952,rtrigger,32767
170952,lstick_x,2637
170962,rtrigger,32767
170962,lstick_x,2637
170968,rtrigger,32767
170968,lstick_x,2637
170975,rtrigger,32767
170975,lstick_x,2637
170978,rtrigger,32767
170978,lstick_x,2637
170982,rtrigger,32767
170982,lstick_x,2637
170992,rtrigger,32767
170992,lstick_x,2637
171019,rtrigger,32767
171019,lstick_x,2637
171023,rtrigger,32767
171023,lstick_x,2637
171047,rtrigger,32767
171047,lstick_x,2637
171052,rtrigger,32767
171052,lstick_x,2355
171056,rtrigger,32767
171056,lstick_x,2355
171059,rtrigger,32767
171059,lstick_x,2355
171085,rtrigger,32767
171085,lstick_x,2355
171094,rtrigger,32767
171094,lstick_x,2355
171114,rtrigger,32767
171114,lstick_x,2355
171121,rtrigger,32767
171121,lstick_x,2355
171129,rtrigger,32767
171129,lstick_x,2355
171136,rtrigger,32767
171136,lstick_x,2355
171144,rtrigger,32767
171144,lstick_x,2248
171148,rtrigger,32767
171148,lstick_x,2248
171152,rtrigger,32767
171152,lstick_x,2248
171160,rtrigger,32767
171160,lstick_x,2248
171164,rtrigger,32767
171164,lstick_x,2248
171168,rtrigger,32767
171168,lstick_x,2248
171177,rtrigger,32767
171177,lstick_x,2248
171180,rtrigger,32767
171180,lstick_x,2248
171184,rtrigger,32767
171184,lstick_x,2248
171192,rtrigger,32767
171192,lstick_x,2248
171209,rtrigger,32767
171209,lstick_x,2248
171216,rtrigger,32767
171216,lstick_x,2248
171224,rtrigger,32767
171224,lstick_x,2248
171242,rtrigger,32767
171242,lstick_x,2248
171246,rtrigger,32767
171246,lstick_x,2248
171252,rtrigger,32767
171252,lstick_x,2248
171264,rtrigger,32767
171264,lstick_x,2248
171298,rtrigger,32767
171298,lstick_x,2248
171312,rtrigger,32767
171312,lstick_x,2248
171317,rtrigger,32767
171317,lstick_x,2248
171324,rtrigger,32767
171324,lstick_x,2248
171332,rtrigger,32767
171332,lstick_x,2248
171337,rtrigger,32767
171337,lstick_x,2248
171341,rtrigger,32767
171341,lstick_x,2248
171345,rtrigger,32767
171345,lstick_x,2248
171352,rtrigger,32767
171352,lstick_x,2248
171357,rtrigger,32767
171357,lstick_x,2248
171361,rtrigger,32767
171361,lstick_x,2248
171369,rtrigger,32767
171369,lstick_x,2248
171373,rtrigger,32767
171373,lstick_x,2248
171376,rtrigger,32767
171376,lstick_x,2248
171380,rtrigger,32767
171380,lstick_x,2248
171384,rtrigger,32767
171384,lstick_x,2248
171392,rtrigger,32767
171392,lstick_x,2248
171400,rtrigger,32767
171400,lstick_x,2248
171409,rtrigger,32767
171409,lstick_x,2248
171421,rtrigger,32767
171421,lstick_x,2248
171424,rtrigger,32767
171424,lstick_x,2248
171445,rtrigger,32767
171445,lstick_x,2248
171490,rtrigger,32767
171490,lstick_x,2248
171496,rtrigger,32767
171496,lstick_x,2248
171504,rtrigger,32767
171504,lstick_x,2248
171519,rtrigger,32767
171519,lstick_x,2248
171525,rtrigger,32767
171525,lstick_x,2248
171530,rtrigger,32767
171530,lstick_x,2188
171534,rtrigger,32767
171534,lstick_x,2188
171539,rtrigger,32767
171539,lstick_x,2188
171544,rtrigger,32767
171544,lstick_x,2188
171549,rtrigger,32767
171549,lstick_x,2188
171552,rtrigger,32767
171552,lstick_x,2188
171558,rtrigger,32767
171558,lstick_x,2188
171561,rtrigger,32767
171561,lstick_x,2188
171565,rtrigger,32767
171565,lstick_x,2188
171569,rtrigger,32767
171569,lstick_x,2188
171573,rtrigger,32767
171573,lstick_x,2188
171576,rtrigger,32767
171576,lstick_x,2188
171584,rtrigger,32767
171584,lstick_x,2188
171592,rtrigger,32767
171592,lstick_x,2188
171605,rtrigger,32767
171605,lstick_x,2188
171608,rtrigger,32767
171608,lstick_x,2188
171613,rtrigger,32767
171613,lstick_x,2188
171624,rtrigger,32767
171624,lstick_x,2188
171635,rtrigger,32767
171635,lstick_x,2188
171644,rtrigger,32767
171644,lstick_x,2188
171651,rtrigger,32767
171651,lstick_x,2188
171658,rtrigger,32767
171658,lstick_x,2188
171666,rtrigger,32767
171666,lstick_x,2188
171677,rtrigger,32767
171677,lstick_x,2188
171685,rtrigger,32767
171685,lstick_x,2188
171713,rtrigger,32767
171713,lstick_x,2188
171720,rtrigger,32767
171720,lstick_x,2188
171723,rtrigger,32767
171723,lstick_x,2188
171732,rtrigger,32767
171732,lstick_x,2188
171736,rtrigger,32767
171736,lstick_x,2188
171744,rtrigger,32767
171744,lstick_x,2188
171754,rtrigger,32767
171754,lstick_x,2188
171762,rtrigger,32767
171762,lstick_x,2188
171768,rtrigger,32767
171768,lstick_x,2188
171776,rtrigger,32767
171776,lstick_x,2188
171785,rtrigger,32767
171785,lstick_x,2188
171794,rtrigger,32767
171794,lstick_x,2188
171810,rtrigger,32767
171810,lstick_x,2188
171817,rtrigger,32767
171817,lstick_x,2188
171826,rtrigger,32767
171826,lstick_x,2188
171845,rtrigger,32767
171845,lstick_x,2188
171857,rtrigger,32767
171857,lstick_x,2188
171869,rtrigger,32767
171869,lstick_x,2188
171875,rtrigger,32767
171875,lstick_x,2188
171880,rtrigger,32767
171880,lstick_x,2188
171890,rtrigger,32767
171890,lstick_x,2188
171894,rtrigger,32767
171894,lstick_x,2188
171898,rtrigger,32767
171898,lstick_x,2188
171907,rtrigger,32767
171907,lstick_x,2188
171912,rtrigger,32767
171912,lstick_x,2188
171920,rtrigger,32767
171920,lstick_x,2188
171923,rtrigger,32767
171923,lstick_x,2188
171927,rtrigger,32767
171927,lstick_x,2188
171932,rtrigger,32767
171932,lstick_x,2188
171941,rtrigger,32767
171941,lstick_x,2188
171945,rtrigger,32767
171945,lstick_x,2188
171952,rtrigger,32767
171952,lstick_x,2188
171962,rtrigger,32767
171962,lstick_x,2188
171964,rtrigger,32767
171964,lstick_x,2188
171968,rtrigger,32767
171968,lstick_x,2188
171977,rtrigger,32767
171977,lstick_x,2188
171991,rtrigger,32767
171991,lstick_x,2188
172026,rtrigger,32767
172026,lstick_x,2188
172038,rtrigger,32767
172038,lstick_x,2188
172044,rtrigger,32767
172044,lstick_x,2188
172050,rtrigger,32767
172050,lstick_x,2188
172056,rtrigger,32767
172056,lstick_x,2188
172064,rtrigger,32767
172064,lstick_x,2188
172072,rtrigger,32767
172072,lstick_x,2188
172082,rtrigger,32767
172082,lstick_x,2188
172090,rtrigger,32767
172090,lstick_x,2188
172095,rtrigger,32767
172095,lstick_x,2188
172104,rtrigger,32767
172104,lstick_x,2188
172111,rtrigger,32767
172111,lstick_x,2188
172116,rtrigger,32767
172116,lstick_x,2188
172128,rtrigger,32767
172128,lstick_x,2188
172138,rtrigger,32767
172138,lstick_x,2188
172145,rtrigger,32767
172145,lstick_x,2188
172157,rtrigger,32767
172157,lstick_x,2188
172175,rtrigger,32767
172175,lstick_x,2188
172209,rtrigger,32767
172209,lstick_x,2188
172212,rtrigger,32767
172212,lstick_x,1900
172216,rtrigger,32767
172216,lstick_x,1900
172224,rtrigger,32767
172224,lstick_x,1900
172232,rtrigger,32767
172232,lstick_x,1900
172243,rtrigger,32767
172243,lstick_x,1900
172249,rtrigger,32767
172249,lstick_x,1836
172256,rtrigger,32767
172256,lstick_x,1836
172264,rtrigger,32767
172264,lstick_x,1836
172272,rtrigger,32767
172272,lstick_x,1836
172280,rtrigger,32767
172280,lstick_x,1836
172292,rtrigger,32767
172292,lstick_x,1836
172296,rtrigger,32767
172296,lstick_x,1836
172304,rtrigger,32767
172304,lstick_x,1836
172312,rtrigger,32767
172312,lstick_x,1836
172323,rtrigger,32767
172323,lstick_x,1836
172332,rtrigger,32767
172332,lstick_x,1836
172343,rtrigger,32767
172343,lstick_x,1836
172368,rtrigger,32767
172368,lstick_x,1735
172394,rtrigger,32767
172394,lstick_x,1735
172404,rtrigger,32767
172404,lstick_x,1686
172410,rtrigger,32767
172410,lstick_x,1686
172417,rtrigger,32767
172417,lstick_x,1686
172423,rtrigger,32767
172423,lstick_x,1686
172428,rtrigger,32767
172428,lstick_x,1686
172435,rtrigger,32767
172435,lstick_x,1686
172440,rtrigger,32767
172440,lstick_x,1686
172448,rtrigger,32767
172448,lstick_x,1686
172457,rtrigger,32767
172457,lstick_x,1686
172464,rtrigger,32767
172464,lstick_x,1686
172472,rtrigger,32767
172472,lstick_x,1686
172481,rtrigger,32767
172481,lstick_x,1686
172489,rtrigger,32767
172489,lstick_x,1686
172496,rtrigger,32767
172496,lstick_x,1686
172509,rtrigger,32767
172509,lstick_x,1686
172515,rtrigger,32767
172515,lstick_x,1686
172526,rtrigger,32767
172526,lstick_x,1686
172546,rtrigger,32767
172546,lstick_x,1686
172552,rtrigger,32767
172552,lstick_x,1686
172568,rtrigger,32767
172568,lstick_x,1686
172582,rtrigger,32767
172582,lstick_x,1686
172593,rtrigger,32767
172593,lstick_x,1686
172602,rtrigger,32767
172602,lstick_x,1686
172608,rtrigger,32767
172608,lstick_x,1686
172617,rtrigger,32767
172617,lstick_x,1686
172624,rtrigger,32767
172624,lstick_x,1686
172629,rtrigger,32767
172629,lstick_x,1686
172633,rtrigger,32767
172633,lstick_x,1686
172639,rtrigger,32767
172639,lstick_x,1686
172645,rtrigger,32767
172645,lstick_x,1686
172648,rtrigger,32767
172648,lstick_x,1686
172656,rtrigger,32767
172656,lstick_x,1686
172664,rtrigger,32767
172664,lstick_x,1686
172676,rtrigger,32767
172676,lstick_x,1686
172687,rtrigger,32767
172687,lstick_x,1686
172690,rtrigger,32767
172690,lstick_x,1686
172702,rtrigger,32767
172702,lstick_x,1686
172727,rtrigger,32767
172727,lstick_x,1686
172731,rtrigger,32767
172731,lstick_x,1686
172745,rtrigger,32767
172745,lstick_x,1686
172749,rtrigger,32767
172749,lstick_x,1686
172753,rtrigger,32767
172753,lstick_x,1686
172756,rtrigger,32767
172756,lstick_x,1686
172760,rtrigger,32767
172760,lstick_x,1686
172764,rtrigger,32767
172764,lstick_x,1686
172768,rtrigger,32767
172768,lstick_x,1686
172774,rtrigger,32767
172774,lstick_x,1686
172784,rtrigger,32767
172784,lstick_x,1686
172789,rtrigger,32767
172789,lstick_x,1686
172792,rtrigger,32767
172792,lstick_x,1686
172800,rtrigger,32767
172800,lstick_x,1686
172813,rtrigger,32767
172813,lstick_x,1686
172816,rtrigger,32767
172816,lstick_x,1686
172823,rtrigger,32767
172823,lstick_x,1639
172844,rtrigger,32767
172844,lstick_x,1639
172848,rtrigger,32767
172848,lstick_x,1639
172882,rtrigger,32767
172882,lstick_x,1639
172904,rtrigger,32767
172904,lstick_x,1639
172907,rtrigger,32767
172907,lstick_x,1639
172912,rtrigger,32767
172912,lstick_x,1639
172920,rtrigger,32767
172920,lstick_x,1639
172928,rtrigger,32767
172928,lstick_x,1639
172939,rtrigger,32767
172939,lstick_x,1639
172942,rtrigger,32767
172942,lstick_x,1639
172945,rtrigger,32767
172945,lstick_x,1639
172953,rtrigger,32767
172953,lstick_x,1639
172960,rtrigger,32767
172960,lstick_x,1639
172968,rtrigger,32767
172968,lstick_x,1639
172976,rtrigger,32767
172976,lstick_x,1639
172984,rtrigger,32767
172984,lstick_x,1639
172992,rtrigger,32767
172992,lstick_x,1639
173010,rtrigger,32767
173010,lstick_x,1639
173019,rtrigger,32767
173019,lstick_x,2533
173041,rtrigger,32767
173041,lstick_x,2533
173105,rtrigger,32767
173105,lstick_x,2533
173112,rtrigger,32767
173112,lstick_x,2533
173120,rtrigger,32767
173120,lstick_x,2533
173131,rtrigger,32767
173131,lstick_x,2533
173138,rtrigger,32767
173138,lstick_x,2533
173141,rtrigger,32767
173141,lstick_x,32767
173141,lstick_y,-6905
173146,rtrigger,32767
173146,lstick_x,32767
173146,lstick_y,-6905
173153,rtrigger,32767
173153,lstick_x,32767
173153,lstick_y,-6905
173160,rtrigger,32767
173160,lstick_x,32767
173160,lstick_y,-6905
173168,rtrigger,32767
173168,lstick_x,32767
173168,lstick_y,-6905
173173,rtrigger,32767
173173,lstick_x,32767
173173,lstick_y,-7490
173176,rtrigger,32767
173176,lstick_x,32767
173176,lstick_y,-7490
173179,rtrigger,32767
173179,lstick_x,32767
173179,lstick_y,-7490
173182,rtrigger,32767
173182,lstick_x,32767
173182,lstick_y,-7490
173190,rtrigger,32767
173190,lstick_x,32767
173190,lstick_y,-7490
173195,rtrigger,32767
173195,lstick_x,32767
173195,lstick_y,-7490
173200,rtrigger,32767
173200,lstick_x,32767
173200,lstick_y,-7490
173207,rtrigger,32767
173207,lstick_x,32767
173207,lstick_y,-7490
173210,rtrigger,32767
173210,lstick_x,32767
173210,lstick_y,-7490
173216,rtrigger,32767
173216,lstick_x,32767
173216,lstick_y,-7490
173226,rtrigger,32767
173226,lstick_x,32767
173226,lstick_y,-7490
173232,rtrigger,32767
173232,lstick_x,32767
173232,lstick_y,-7490
173243,rtrigger,32767
173243,lstick_x,32767
173243,lstick_y,-7490
173254,rtrigger,32767
173254,lstick_x,32767
173254,lstick_y,-7490
173257,rtrigger,32767
173257,lstick_x,32767
173257,lstick_y,-7490
173269,rtrigger,32767
173269,lstick_x,32767
173269,lstick_y,-7490
173273,rtrigger,32767
173273,lstick_x,32767
173273,lstick_y,-7490
173287,rtrigger,32767
173287,lstick_x,32767
173287,lstick_y,-7490
173294,rtrigger,32767
173294,lstick_x,32767
173294,lstick_y,-7490
173300,rtrigger,32767
173300,lstick_x,32767
173300,lstick_y,-7490
173310,rtrigger,32767
173310,lstick_x,32767
173310,lstick_y,-7490
173317,rtrigger,32767
173317,lstick_x,32767
173317,lstick_y,-9566
173320,rtrigger,32767
173320,lstick_x,32767
173320,lstick_y,-9566
173323,rtrigger,32767
173323,lstick_x,32767
173323,lstick_y,-9566
173329,rtrigger,32767
173329,lstick_x,32767
173329,lstick_y,-9566
173336,rtrigger,32767
173336,lstick_x,32767
173336,lstick_y,-9566
173344,rtrigger,32767
173344,lstick_x,32767
173344,lstick_y,-9566
173352,rtrigger,32767
173352,lstick_x,32767
173352,lstick_y,-9566
173357,rtrigger,32767
173357,lstick_x,32767
173357,lstick_y,-9566
173360,rtrigger,32767
173360,lstick_x,32767
173360,lstick_y,-9566
173376,rtrigger,32767
173376,lstick_x,32767
173376,lstick_y,-9566
173384,rtrigger,32767
173384,lstick_x,32767
173384,lstick_y,-9566
173403,rtrigger,32767
173403,lstick_x,32767
173403,lstick_y,-9566
173408,rtrigger,32767
173408,lstick_x,32767
173408,lstick_y,-9566
173416,rtrigger,32767
173416,lstick_x,32767
173416,lstick_y,-9566
173426,rtrigger,32767
173426,lstick_x,32767
173426,lstick_y,-9566
173443,rtrigger,32767
173443,lstick_x,32767
173443,lstick_y,-9566
173450,rtrigger,32767
173450,lstick_x,32767
173450,lstick_y,-9566
173459,rtrigger,32767
173459,lstick_x,32767
173459,lstick_y,-9566
173474,rtrigger,32767
173474,lstick_x,32767
173474,lstick_y,-9566
173480,rtrigger,32767
173480,lstick_x,32767
173480,lstick_y,-9566
173488,rtrigger,32767
173488,lstick_x,32767
173488,lstick_y,-9566
173491,rtrigger,32767
173491,lstick_x,9430
173491,lstick_y,-6409
173502,rtrigger,32767
173502,lstick_x,9430
173502,lstick_y,-6409
173512,rtrigger,32767
173512,lstick_x,9430
173512,lstick_y,-6409
173520,rtrigger,32767
173520,lstick_x,9430
173520,lstick_y,-6409
173525,rtrigger,32767
173525,lstick_x,9430
173525,lstick_y,-6409
173528,rtrigger,32767
173528,lstick_x,9430
173528,lstick_y,-6409
173541,rtrigger,32767
173541,lstick_x,9430
173541,lstick_y,-6409
173560,rtrigger,32767
173560,lstick_x,9430
173560,lstick_y,-6409
173608,rtrigger,32767
173608,lstick_x,9430
173608,lstick_y,-6409
173628,rtrigger,32767
173628,lstick_x,1494
173628,lstick_y,-2084
173637,rtrigger,32767
173637,lstick_x,1440
173637,lstick_y,-1837
173640,rtrigger,32767
173640,lstick_x,1440
173640,lstick_y,-1837
173649,rtrigger,32767
173649,lstick_x,1397
173649,lstick_y,-1486
173656,rtrigger,32767
173656,lstick_x,1397
173656,lstick_y,-1486
173659,rtrigger,32767
173659,lstick_x,1340
173659,lstick_y,-1353
173664,rtrigger,32767
173664,lstick_x,1340
173664,lstick_y,-1246
173673,rtrigger,32767
173673,lstick_x,1340
173673,lstick_y,-1246
173676,rtrigger,32767
173676,lstick_x,1298
173676,lstick_y,-1161
173680,rtrigger,32767
173680,lstick_x,1298
173680,lstick_y,-1161
173682,rtrigger,32767
173682,lstick_x,1298
173682,lstick_y,-1161
173689,rtrigger,32767
173689,lstick_x,1298
173689,lstick_y,-1161
173696,rtrigger,32767
173696,lstick_x,1298
173696,lstick_y,-1161
173698,rtrigger,32767
173698,lstick_x,1298
173698,lstick_y,-1161
173704,rtrigger,32767
173704,lstick_x,1298
173704,lstick_y,-1161
173709,rtrigger,32767
173709,lstick_x,1298
173709,lstick_y,-1161
173714,rtrigger,32767
173714,lstick_x,1298
173714,lstick_y,-1161
173720,rtrigger,32767
173720,lstick_x,1298
173720,lstick_y,-1161
173725,rtrigger,32767
173725,lstick_x,1298
173725,lstick_y,-1161
173728,rtrigger,32767
173728,lstick_x,1298
173728,lstick_y,-1161
173737,rtrigger,32767
173737,lstick_x,1298
173737,lstick_y,-1161
173743,rtrigger,32767
173743,lstick_x,1298
173743,lstick_y,-1161
173749,rtrigger,32767
173749,lstick_x,1298
173749,lstick_y,-1161
173778,rtrigger,32767
173778,lstick_x,1298
173778,lstick_y,-1161
173789,rtrigger,32767
173789,lstick_x,1298
173789,lstick_y,-1161
173803,rtrigger,32767
173803,lstick_x,1298
173803,lstick_y,-1161
173808,rtrigger,32767
173808,lstick_x,1298
173808,lstick_y,-1161
173816,rtrigger,32767
173816,lstick_x,1298
173816,lstick_y,-1161
173830,rtrigger,32767
173830,lstick_x,1298
173830,lstick_y,-1161
173835,rtrigger,32767
173835,lstick_x,1298
173835,lstick_y,-1161
173840,rtrigger,32767
173840,lstick_x,1298
173840,lstick_y,-1161
173843,lstick_x,1242
173848,lstick_x,1242
173856,lstick_x,1242
173864,lstick_x,1242
173872,lstick_x,1242
173879,lstick_x,1242
173883,lstick_x,1242
173888,lstick_x,1242
173899,lstick_x,1242
173904,lstick_x,1242
173912,lstick_x,1242
173917,lstick_x,1242
173924,lstick_x,1242
173934,lstick_x,1242
173977,lstick_x,1242
173998,lstick_x,1242
174003,lstick_x,1242
174009,lstick_x,1242
174015,lstick_x,1198
174024,lstick_x,1198
174032,lstick_x,1198
174040,lstick_x,1198
174046,lstick_x,1198
174059,lstick_x,1198
174077,lstick_x,1198
174080,lstick_x,1198
174084,lstick_x,1198
174091,lstick_x,1198
174104,lstick_x,1198
174112,lstick_x,1198
174125,lstick_x,1198
174137,lstick_x,1198
174148,lstick_x,1198
174154,lstick_x,1198
174161,lstick_x,1198
174181,lstick_x,1198
174185,lstick_x,1198
174191,lstick_x,1198
174194,lstick_x,1198
174200,lstick_x,1198
174208,lstick_x,1198
174216,lstick_x,1198
174224,lstick_x,1198
174227,lstick_x,1198
174234,lstick_x,1198
174249,lstick_x,1198
174259,lstick_x,1198
174264,lstick_x,1198
174273,lstick_x,1198
174282,lstick_x,1198
174304,lstick_x,1198
174320,lstick_x,1198
174334,lstick_x,1198
174337,lstick_x,1198
174357,lstick_x,1198
174362,lstick_x,1198
174368,lstick_x,1198
174374,lstick_x,1198
174384,lstick_x,1198
174392,lstick_x,1198
174400,lstick_x,1198
174409,lstick_x,1198
174423,lstick_x,1198
174430,lstick_x,1198
174433,lstick_x,1198
174439,lstick_x,1198
174464,lstick_x,1198
174481,lstick_x,1198
174498,lstick_x,1198
174504,lstick_x,1198
174512,lstick_x,1198
174531,lstick_x,1198
174536,lstick_x,1198
174541,lstick_x,1198
174546,lstick_x,1198
174552,lstick_x,1198
174560,lstick_x,1198
174568,lstick_x,1198
174573,lstick_x,1198
174576,lstick_x,1198
174579,lstick_x,1198
174585,lstick_x,1198
174591,lstick_x,1198
174603,lstick_x,1198
174614,lstick_x,1198
174627,lstick_x,1198
174641,lstick_x,1198
174654,lstick_x,1198
174671,lstick_x,1198
174683,lstick_x,1198
174694,lstick_x,1198
174709,lstick_x,1198
174720,lstick_x,1198
174723,lstick_x,1198
174728,lstick_x,1198
174741,lstick_x,1198
174745,lstick_x,1198
174752,lstick_x,1198
174757,lstick_x,1198
174760,lstick_x,1198
174763,lstick_x,1198
174770,lstick_x,1198
174774,lstick_x,1198
174792,lstick_x,1198
174800,lstick_x,1198
174803,lstick_x,1198
174808,lstick_x,1198
174820,lstick_x,1198
174836,lstick_x,1198
174841,lstick_x,1198
174874,lstick_x,1198
174897,lstick_x,1198
174907,lstick_x,1198
174910,lstick_x,1198
174915,lstick_x,1198
174922,lstick_x,1198
174930,lstick_x,1198
174933,lstick_x,1198
174936,lstick_x,1198
174940,lstick_x,1198
174944,lstick_x,1198
174952,lstick_x,1198
174957,lstick_x,1198
174960,lstick_x,1198
174968,lstick_x,1198
174983,lstick_x,1198
174987,lstick_x,1198
174992,lstick_x,1198
175012,lstick_x,1198
175016,lstick_x,1198
175035,lstick_x,1198
175043,lstick_x,1198
175061,lstick_x,1198
175065,lstick_x,1198
175087,lstick_x,1198
175096,lstick_x,1198
175101,lstick_x,1198
175104,lstick_x,1198
175112,lstick_x,1198
175124,lstick_x,1198
175128,lstick_x,1198
175133,lstick_x,1198
175140,lstick_x,1198
175144,lstick_x,1198
175147,lstick_x,1198
175150,lstick_x,1198
175162,lstick_x,1198
175171,lstick_x,1198
175176,lstick_x,1198
175209,lstick_x,1198
175216,lstick_x,1198
175227,lstick_x,1198
175233,lstick_x,1198
175250,lstick_x,1198
175263,lstick_x,1198
175268,lstick_x,1198
175274,lstick_x,1198
175280,lstick_x,1198
175290,lstick_x,1198
175296,lstick_x,1198
175299,lstick_x,1198
175304,lstick_x,1198
175311,lstick_x,1198
175314,lstick_x,1198
175318,lstick_x,1198
175324,lstick_x,1198
175328,lstick_x,1198
175337,lstick_x,1198
175344,lstick_x,1198
175353,lstick_x,1198
175359,lstick_x,1198
175370,lstick_x,1198
175387,lstick_x,1198
175400,lstick_x,1198
175429,lstick_x,1198
175444,lstick_x,1198
175450,lstick_x,1198
175457,lstick_x,1198
175462,lstick_x,1198
175474,lstick_x,1198
175480,lstick_x,1198
175488,lstick_x,1198
175493,lstick_x,1198
175497,lstick_x,1198
175504,lstick_x,1198
175518,lstick_x,1198
175524,lstick_x,1198
175530,lstick_x,1198
175539,lstick_x,1198
175548,lstick_x,1198
175561,lstick_x,1198
175569,lstick_x,1198
175600,lstick_x,1198
175619,lstick_x,1198
175624,lstick_x,1198
175629,lstick_x,1198
175634,lstick_x,1198
175641,lstick_x,1198
175650,lstick_x,1198
175656,lstick_x,1198
175664,lstick_x,1198
175674,lstick_x,1198
175682,lstick_x,1198
175690,lstick_x,1198
175714,lstick_x,1198
175813,lstick_x,1198
175817,lstick_x,1198
175848,lstick_x,1198
175856,lstick_x,1198
175896,lstick_x,1198
175996,lstick_x,1198
175999,lstick_x,1198
176035,lstick_x,1198
176077,lstick_x,1198
176175,lstick_x,1198
176209,lstick_x,1198
176248,lstick_x,1198
176346,lstick_x,1198
176384,lstick_x,1198
176425,lstick_x,1198
176516,lstick_x,1198
176524,lstick_x,1198
176557,lstick_x,1198
176560,lstick_x,1198
176564,lstick_x,1198
176746,lstick_x,1198
176840,lstick_x,1198
