# time_ms,control,value
21547,a,1
21690,a,0
24017,start,1
24377,start,0
25995,a,1
26120,a,0
27492,dpad_left,1
27627,dpad_left,0
27950,a,1
28083,a,0
30194,dpad_up,1
30347,dpad_up,0
30656,dpad_up,1
30834,dpad_up,0
31921,dpad_down,1
32103,dpad_down,0
32642,dpad_up,1
32819,dpad_up,0
33000,dpad_up,1
33179,dpad_up,0
33763,dpad_right,1
33931,dpad_right,0
34483,a,1
34634,a,0
37299,a,1
37371,a,0
39711,a,1
39870,a,0
55743,rstick_x,-1085
55749,rstick_x,-1085
55755,rstick_x,-1085
55763,rstick_x,-1085
55775,rstick_x,-1085
55783,rstick_x,-1673
55787,rstick_x,-1673
55790,rstick_x,-1890
55795,rstick_x,-1890
55803,rstick_x,-1890
55811,rstick_x,-2068
55820,rstick_x,-2068
55822,rstick_x,-2188
55827,rstick_x,-2188
55836,rstick_x,-2188
55843,rstick_x,-2172
55850,rstick_x,-2048
55854,rstick_x,-2048
55859,rstick_x,-2048
55867,rstick_x,-2048
55875,rstick_x,-2048
55883,rstick_x,-1718
55886,rstick_x,-1718
55891,rstick_x,-1718
55899,rstick_x,-1718
55904,rstick_x,-1445
55904,rstick_y,-1057
55907,rstick_x,-1445
55907,rstick_y,-1057
55915,rstick_x,-1445
55915,rstick_y,-1057
55923,rstick_x,-1445
55923,rstick_y,-1057
55929,rstick_x,-1343
55929,rstick_y,-1057
55937,rstick_x,-1250
55937,rstick_y,-1113
55947,rstick_x,-1250
55947,rstick_y,-1113
55955,rstick_x,-1250
55955,rstick_y,-1113
55963,rstick_x,-1170
55963,rstick_y,-1113
55971,rstick_x,-1170
55971,rstick_y,-1113
55979,rstick_x,-1170
55979,rstick_y,-1113
55987,rstick_x,-1170
55987,rstick_y,-1113
55996,rstick_x,-1170
55996,rstick_y,-1113
56004,rstick_x,-1024
56004,rstick_y,-1158
56012,rstick_x,-1024
56012,rstick_y,-1158
56019,rstick_x,-1024
56019,rstick_y,-1158
56027,rstick_x,-1024
56027,rstick_y,-1158
56035,rstick_x,-1024
56035,rstick_y,-1158
56043,rstick_x,-1024
56043,rstick_y,-1158
56051,rstick_y,-1158
56059,rstick_y,-1158
56067,rstick_y,-1158
56074,rstick_y,-1158
56076,rstick_y,-1158
56084,rstick_y,-1158
56091,start,1
56091,rstick_y,-1158
56099,rstick_y,-1158
56108,rstick_y,-1158
56117,rstick_y,-1158
56126,rstick_y,-1158
56131,rstick_y,-1158
56139,rstick_y,-1158
56147,rstick_y,-1158
56154,rstick_y,-1158
56159,rstick_y,-1158
56162,rstick_y,-1158
56166,rstick_y,-1158
56170,rstick_y,-1158
56179,rstick_y,-1158
56192,rstick_y,-1158
56195,rstick_y,-1158
56204,rstick_y,-1158
56207,start,0
56207,rstick_y,-1158
56211,rstick_y,-1158
56219,rstick_y,-1158
56227,rstick_y,-1158
56235,rstick_y,-1158
56242,rstick_y,-1158
56252,rstick_y,-1158
56256,rstick_y,-1158
56260,rstick_y,-1158
56263,rstick_y,-1158
56267,rstick_y,-1158
56275,rstick_y,-1158
56283,rstick_y,-1158
56291,rstick_y,-1158
56299,rstick_y,-1158
56307,rstick_y,-1158
56315,rstick_y,-1158
56323,rstick_y,-1158
56331,rstick_y,-1158
56339,rstick_y,-1158
56347,rstick_y,-1158
56355,rstick_y,-1158
56363,rstick_y,-1158
56371,rstick_y,-1158
56380,rstick_y,-1158
56387,rstick_y,-1158
56395,rstick_y,-1158
56403,rstick_y,-1158
56411,rstick_y,-1158
56419,rstick_y,-1158
56427,rstick_y,-1158
56435,rstick_y,-1158
56443,rstick_y,-1158
56451,rstick_y,-1158
56459,rstick_y,-1158
56467,rstick_y,-1158
56472,rstick_y,-1158
56475,rstick_y,-1158
56483,rstick_y,-1158
56491,rstick_y,-1158
56499,rstick_y,-1158
56507,rstick_y,-1158
56515,rstick_y,-1158
56523,rstick_y,-1158
56531,rstick_y,-1158
56539,rstick_y,-1158
56547,rstick_y,-1158
56555,rstick_y,-1158
56563,rstick_y,-1158
56571,rstick_y,-1158
56579,rstick_y,-1158
56584,rstick_y,-1158
56587,rstick_y,-1158
56595,rstick_y,-1158
56603,rstick_y,-1158
56611,rstick_y,-1158
56620,rstick_y,-1158
56628,rstick_y,-1158
56635,rstick_y,-1158
56645,rstick_y,-1158
56811,rstick_y,-1158
68378,start,1
68490,start,0
71207,lstick_y,-1107
71210,lstick_y,-1107
71216,lstick_y,-1107
71219,lstick_y,-1107
71227,lstick_y,-1107
71235,lstick_y,-1107
71243,lstick_y,-1116
71252,lstick_y,-1116
71259,lstick_y,-1116
71267,lstick_y,-1116
71275,lstick_y,-1116
71283,lstick_y,-1116
71288,lstick_y,-1116
71291,lstick_y,-1116
71295,lstick_y,-1116
71299,lstick_y,-1116
71307,lstick_y,-1116
71316,lstick_y,-1116
71324,lstick_y,-1116
71331,lstick_y,-1116
71339,lstick_y,-1116
71348,lstick_y,-1116
71355,lstick_y,-1116
71363,lstick_y,-1116
71371,lstick_y,-1116
71377,lstick_y,-1116
71380,lstick_y,-1116
71383,lstick_y,-1116
71387,lstick_y,-1116
71395,lstick_y,-1116
71404,lstick_y,-1116
71411,lstick_y,-1116
71419,lstick_y,-1116
71427,lstick_y,-1116
71436,lstick_y,-1116
71443,lstick_y,-1116
71451,lstick_y,-1116
71456,lstick_y,-1215
71459,lstick_y,-1215
71462,lstick_y,-1215
71467,lstick_y,-1215
71475,lstick_y,-1215
71483,lstick_y,-1215
71490,lstick_y,-1215
71499,lstick_y,-1215
71507,lstick_y,-1215
71515,lstick_y,-1215
71523,lstick_y,-1215
71531,lstick_y,-1215
71538,lstick_y,-1215
71542,lstick_y,-1215
71546,lstick_y,-1215
71555,lstick_y,-1215
71563,lstick_y,-1215
71572,lstick_y,-1215
71605,lstick_y,-1215
71612,lstick_y,-1215
71619,lstick_y,-1215
71622,lstick_y,-1215
71628,lstick_y,-1215
71633,lstick_y,-1215
71643,lstick_y,-1215
71651,lstick_y,-1215
71654,lstick_y,-1215
71659,lstick_y,-1215
71667,lstick_y,-1215
71675,lstick_y,-1215
71684,lstick_y,-1215
71691,lstick_y,-1215
71699,lstick_y,-1215
71705,lstick_y,-1215
71708,lstick_y,-1215
71712,lstick_y,-1215
71715,lstick_y,-1215
71723,lstick_y,-1215
71731,lstick_y,-1215
71738,lstick_y,-1215
71747,lstick_y,-1215
71755,lstick_y,-1215
71763,lstick_y,-1215
71771,lstick_y,-1215
71779,lstick_y,-1215
71787,lstick_y,-1300
71791,lstick_y,-1300
71795,lstick_y,-1300
71800,lstick_y,-1300
71803,lstick_y,-1300
71811,lstick_y,-1300
71819,lstick_y,-1300
71824,lstick_y,-1300
71827,lstick_y,-1300
71835,lstick_y,-1300
71843,lstick_y,-1300
71851,lstick_y,-1300
71859,lstick_y,-1300
71867,lstick_y,-1300
71873,lstick_y,-1300
71877,lstick_y,-1300
71883,lstick_y,-1300
71891,lstick_y,-1300
71899,lstick_y,-1300
71906,lstick_y,-1300
71915,lstick_y,-1300
71923,lstick_y,-1300
71931,lstick_y,-1300
71939,lstick_y,-1300
71947,lstick_y,-1300
71955,lstick_y,-1300
71959,lstick_y,-1300
71963,lstick_y,-1300
71967,lstick_y,-1300
71971,lstick_y,-1300
71979,lstick_y,-1300
71987,lstick_y,-1300
71995,lstick_y,-1300
72003,lstick_y,-1300
72011,lstick_y,-1300
72019,lstick_y,-1300
72027,lstick_y,-1300
72035,lstick_y,-1300
72042,lstick_y,-1300
72046,lstick_y,-1300
72050,lstick_y,-1300
72059,lstick_y,-1300
72067,lstick_y,-1300
72073,lstick_y,-1300
72075,lstick_y,-1300
72084,lstick_y,-1300
72091,lstick_y,-1300
72100,lstick_y,-1300
72107,lstick_y,-1300
72115,lstick_y,-1300
72123,lstick_y,-1300
72130,lstick_y,-1300
72133,lstick_y,-1300
72139,lstick_y,-1300
72147,lstick_y,-1300
72156,lstick_y,-1300
72163,lstick_y,-1300
72171,lstick_y,-1300
72179,lstick_y,-1300
72187,lstick_y,-1300
72195,lstick_y,-1300
72204,lstick_y,-1300
72209,lstick_y,-1300
72217,lstick_y,-1300
72219,lstick_y,-1300
72227,lstick_y,-1300
72235,lstick_y,-1300
72238,lstick_y,-1300
72243,lstick_y,-1300
72251,lstick_y,-1300
72259,lstick_y,-1300
72267,lstick_y,-1300
72275,lstick_y,-1300
72283,lstick_y,-1300
72291,lstick_y,-1300
72296,lstick_y,-1300
72299,lstick_y,-1300
72307,lstick_y,-1300
72315,lstick_y,-1300
72323,lstick_y,-1300
72331,lstick_y,-1300
72339,lstick_y,-1300
72347,lstick_y,-1300
72355,lstick_y,-1300
72363,lstick_y,-1300
72371,lstick_y,-1300
72377,lstick_y,-1300
72379,lstick_y,-1300
72383,lstick_y,-1300
72387,lstick_y,-1300
72395,lstick_y,-1300
72403,lstick_y,-1300
72411,lstick_y,-1300
72419,lstick_y,-1300
72427,lstick_y,-1300
72435,lstick_y,-1300
72443,lstick_y,-1300
72451,lstick_y,-1300
72456,lstick_y,-1311
72459,lstick_y,-1311
72467,lstick_y,-1311
72475,lstick_y,-1311
72483,lstick_y,-1311
72486,lstick_y,-1311
72491,lstick_y,-1311
72499,lstick_y,-1311
72507,lstick_y,-1311
72515,lstick_y,-1311
72523,lstick_y,-1311
72531,lstick_y,-1311
72535,lstick_y,-1311
72539,lstick_y,-1311
72543,lstick_y,-1311
72547,lstick_y,-1311
72555,lstick_y,-1311
72563,lstick_y,-1311
72578,lstick_y,-1311
72587,lstick_y,-1311
72595,lstick_y,-1311
72603,lstick_y,-1311
72612,lstick_y,-1311
72618,lstick_y,-1311
72623,lstick_y,-1311
72626,lstick_y,-1311
72629,lstick_y,-1311
72633,lstick_y,-1311
72644,lstick_y,-1311
72651,lstick_y,-1311
72656,lstick_y,-1311
72659,lstick_y,-1311
72667,lstick_y,-1311
72675,lstick_y,-1311
72683,lstick_y,-1311
72692,lstick_y,-1311
72699,lstick_y,-1311
72705,lstick_y,-1311
72708,lstick_y,-1311
72715,lstick_y,-1311
72723,lstick_y,-1311
72731,lstick_y,-1311
72736,lstick_y,-1311
72739,lstick_y,-1311
72748,lstick_y,-1311
72755,lstick_y,-1311
72763,lstick_y,-1311
72771,lstick_y,-1311
72779,lstick_y,-1311
72788,lstick_y,-1311
72793,lstick_y,-1311
72796,lstick_y,-1311
72800,lstick_y,-1311
72803,lstick_y,-1311
72812,lstick_y,-1311
72819,lstick_y,-1311
72827,lstick_y,-1311
72835,lstick_y,-1311
72843,lstick_y,-1311
72851,lstick_y,-1311
72859,lstick_y,-1311
72867,lstick_y,-1311
72871,lstick_y,-1311
72874,lstick_y,-1311
72877,lstick_y,-1311
72882,lstick_y,-1311
72891,lstick_y,-1311
72899,lstick_y,-1311
72903,lstick_y,-1311
72908,lstick_y,-1311
72915,lstick_y,-1311
72923,lstick_y,-1311
72931,lstick_y,-1311
72939,lstick_y,-1311
72948,lstick_y,-1311
72953,lstick_y,-1311
72955,lstick_y,-1311
72960,lstick_y,-1311
72963,lstick_y,-1311
72971,lstick_y,-1311
72979,lstick_y,-1311
72995,lstick_y,-1311
73003,lstick_y,-1311
73012,lstick_y,-1311
73019,lstick_y,-1311
73027,lstick_y,-1311
73034,lstick_y,-1311
73038,lstick_y,-1311
73042,lstick_y,-1311
73051,lstick_y,-1311
73059,lstick_y,-1311
73064,lstick_y,-1311
73067,lstick_y,-1311
73075,lstick_y,-1311
73084,lstick_y,-1311
73091,lstick_y,-1311
73099,lstick_y,-1311
73107,lstick_y,-1311
73116,lstick_y,-1311
73120,lstick_y,-1311
73123,lstick_y,-1311
73131,lstick_y,-1311
73139,lstick_y,-1311
73147,lstick_y,-1311
73155,lstick_y,-1311
73164,lstick_y,-1311
73171,lstick_y,-1311
73179,lstick_y,-1311
73187,lstick_y,-1311
73195,lstick_y,-1311
73199,lstick_y,-1311
73203,lstick_y,-1311
73207,lstick_y,-1311
73209,lstick_y,-1311
73212,lstick_y,-1311
73217,lstick_y,-1311
73227,lstick_y,-1311
73235,lstick_y,-1311
73241,lstick_y,-1311
73251,lstick_y,-1311
73259,lstick_y,-1311
73267,lstick_y,-1311
73275,lstick_y,-1311
73283,lstick_y,-1311
73291,lstick_y,-1311
73296,lstick_y,-1311
73299,lstick_y,-1311
73307,lstick_y,-1311
73315,lstick_y,-1311
73322,lstick_y,-1311
73332,lstick_y,-1311
73339,lstick_y,-1311
73347,lstick_y,-1311
73356,lstick_y,-1311
73363,lstick_y,-1311
73371,lstick_y,-1311
73374,lstick_y,-1311
73378,lstick_y,-1311
73387,lstick_y,-1311
73395,lstick_y,-1311
73403,lstick_y,-1311
73411,lstick_y,-1311
73419,lstick_y,-1311
73427,lstick_y,-1311
73435,lstick_y,-1311
73443,lstick_y,-1311
73453,lstick_y,-1311
73459,lstick_y,-1311
73463,lstick_y,-1311
73467,lstick_y,-1311
73475,lstick_y,-1311
73483,lstick_y,-1311
73488,lstick_y,-1311
73491,lstick_y,-1311
73500,lstick_y,-1311
73507,lstick_y,-1311
73515,lstick_y,-1311
73523,lstick_y,-1311
73531,lstick_y,-1311
73539,lstick_y,-1311
73543,lstick_y,-1311
73547,lstick_y,-1311
73555,lstick_y,-1311
73563,lstick_y,-1311
73572,lstick_y,-1311
73579,lstick_y,-1311
73587,lstick_y,-1311
73595,lstick_y,-1311
73603,lstick_y,-1311
73612,lstick_y,-1311
73619,lstick_y,-1311
73624,lstick_y,-1311
73627,lstick_y,-1311
73633,lstick_y,-1311
73643,lstick_y,-1311
73651,lstick_y,-1311
73654,lstick_y,-1311
73659,lstick_y,-1311
73667,lstick_y,-1311
73675,lstick_y,-1311
73683,lstick_y,-1311
73691,lstick_y,-1311
73699,lstick_y,-1311
73705,lstick_y,-1311
73708,lstick_y,-1311
73715,lstick_y,-1311
73723,lstick_y,-1311
73731,lstick_y,-1311
73736,lstick_y,-1311
73739,lstick_y,-1311
73747,lstick_y,-1311
73755,lstick_y,-1311
73763,lstick_y,-1311
73771,lstick_y,-1311
73779,lstick_y,-1311
73787,lstick_y,-1311
73790,lstick_y,-1311
73794,lstick_y,-1311
73800,lstick_y,-1311
73803,lstick_y,-1311
73811,lstick_y,-1311
73819,lstick_y,-1311
73823,lstick_y,-1311
73827,lstick_y,-1311
73835,lstick_y,-1311
73843,lstick_y,-1311
73851,lstick_y,-1311
73859,lstick_y,-1311
73867,lstick_y,-1311
73875,lstick_y,-1311
73879,lstick_y,-1311
73883,lstick_y,-1311
73891,lstick_y,-1311
73899,lstick_y,-1311
73904,lstick_y,-1311
73907,lstick_y,-1311
73915,lstick_y,-1311
73923,lstick_y,-1311
73931,lstick_y,-1311
73939,lstick_y,-1311
73947,lstick_y,-1311
73956,lstick_y,-1311
73962,lstick_y,-1311
73966,lstick_y,-1311
73971,lstick_y,-1311
73979,lstick_y,-1311
73987,lstick_y,-1311
73995,lstick_y,-1311
74003,lstick_y,-1311
74011,lstick_y,-1311
74019,lstick_y,-1311
74027,lstick_y,-1311
74035,lstick_y,-1311
74041,lstick_y,-1311
74044,lstick_y,-1311
74046,lstick_y,-1311
74050,lstick_y,-1311
74059,lstick_y,-1311
74067,lstick_y,-1311
74071,lstick_y,-1311
74075,lstick_y,-1311
74084,lstick_y,-1311
74091,lstick_y,-1311
74099,lstick_y,-1311
74107,lstick_y,-1311
74115,lstick_y,-1311
74123,lstick_y,-1311
74126,lstick_y,-1311
74131,lstick_y,-1311
74139,lstick_y,-1311
74147,lstick_y,-1311
74153,lstick_y,-1311
74155,lstick_y,-1311
74163,lstick_y,-1311
74171,lstick_y,-1311
74179,lstick_y,-1311
74187,lstick_y,-1311
74195,lstick_y,-1311
74203,lstick_y,-1311
74208,lstick_y,-1311
74211,lstick_y,-1311
74219,lstick_y,-1311
74227,lstick_y,-1311
74235,lstick_y,-1311
74243,lstick_y,-1311
74251,lstick_y,-1311
74259,lstick_y,-1311
74267,lstick_y,-1311
74275,lstick_y,-1311
74284,lstick_y,-1311
74286,lstick_y,-1311
74289,lstick_y,-1311
74293,lstick_y,-1311
74295,lstick_y,-1311
74299,lstick_y,-1311
74307,lstick_y,-1311
74315,lstick_y,-1311
74322,lstick_y,-1311
74331,lstick_y,-1311
74339,lstick_y,-1311
74347,lstick_y,-1311
74355,lstick_y,-1311
74363,lstick_y,-1311
74371,lstick_y,-1311
74375,lstick_y,-1311
74379,lstick_y,-1311
74387,lstick_y,-1311
74395,lstick_y,-1311
74401,lstick_y,-1311
74403,lstick_y,-1311
74411,lstick_y,-1311
74419,lstick_y,-1311
74428,lstick_y,-1311
74435,lstick_y,-1311
74443,lstick_y,-1311
74449,lstick_y,-1311
74452,lstick_y,-1311
74456,lstick_y,-1311
74459,lstick_y,-1311
74467,lstick_y,-1311
74475,lstick_y,-1311
74478,lstick_y,-1311
74483,lstick_y,-1311
74491,lstick_y,-1311
74499,lstick_y,-1311
74507,lstick_y,-1311
74516,lstick_y,-1311
74523,lstick_y,-1311
74530,lstick_y,-1311
74533,lstick_y,-1311
74539,lstick_y,-1311
74547,lstick_y,-1311
74555,lstick_y,-1311
74559,lstick_y,-1311
74563,lstick_y,-1311
74571,lstick_y,-1311
74579,lstick_y,-1311
74587,lstick_y,-1311
74595,lstick_y,-1311
74603,lstick_y,-1311
74611,lstick_y,-1311
74617,lstick_y,-1311
74627,lstick_y,-1311
74635,lstick_y,-1311
74641,lstick_y,-1311
74651,lstick_y,-1311
74659,lstick_y,-1311
74668,lstick_y,-1311
74675,lstick_y,-1311
74683,lstick_y,-1311
74691,lstick_y,-1311
74695,lstick_y,-1311
74699,lstick_y,-1311
74707,lstick_y,-1311
74715,lstick_y,-1311
74723,lstick_y,-1311
74731,lstick_y,-1311
74739,lstick_y,-1311
74747,lstick_y,-1311
74755,lstick_y,-1311
74763,lstick_y,-1311
74771,lstick_y,-1311
74774,lstick_y,-1311
74778,lstick_y,-1311
74784,lstick_y,-1311
74787,lstick_y,-1311
74795,lstick_y,-1311
74803,lstick_y,-1311
74853,lstick_y,-1311
74859,lstick_y,-1311
74863,lstick_y,-1311
74867,lstick_y,-1311
74870,lstick_y,-1311
74875,lstick_y,-1311
74883,lstick_y,-1311
74891,lstick_y,-1311
74894,lstick_y,-1311
74900,lstick_y,-1311
74907,lstick_y,-1311
74915,lstick_y,-1311
74923,lstick_y,-1311
74931,lstick_y,-1311
74939,lstick_y,-1311
74944,lstick_y,-1311
74947,lstick_y,-1311
74950,lstick_y,-1311
74953,lstick_y,-1311
74956,lstick_y,-1311
74964,lstick_y,-1311
74971,lstick_y,-1311
74979,lstick_y,-1311
74987,lstick_y,-1311
74995,lstick_y,-1311
75003,lstick_y,-1311
75011,lstick_y,-1311
75019,lstick_y,-1311
75027,lstick_y,-1311
75031,lstick_y,-1311
75035,lstick_y,-1311
75042,lstick_y,-1311
75051,lstick_y,-1311
75059,lstick_y,-1311
75067,lstick_y,-1311
75075,lstick_y,-1311
75083,lstick_y,-1311
75092,lstick_y,-1311
75099,lstick_y,-1311
75107,lstick_y,-1311
75111,lstick_x,1383
75111,lstick_y,-2122
75115,lstick_x,1383
75115,lstick_y,-2122
75123,lstick_x,1383
75123,lstick_y,-2122
75131,lstick_x,1383
75131,lstick_y,-2122
75139,lstick_x,1383
75139,lstick_y,-2122
75143,lstick_x,11302
75143,lstick_y,-10593
75148,lstick_x,11302
75148,lstick_y,-10593
75155,lstick_x,11302
75155,lstick_y,-10593
75163,lstick_x,11302
75163,lstick_y,-10593
75171,lstick_x,11302
75171,lstick_y,-10593
75179,lstick_x,11302
75179,lstick_y,-10593
75187,lstick_x,11302
75187,lstick_y,-10593
75193,lstick_x,19865
75193,lstick_y,-19064
75197,lstick_x,20814
75197,lstick_y,-20074
75200,lstick_x,20814
75200,lstick_y,-20074
75203,lstick_x,20814
75203,lstick_y,-20074
75211,lstick_x,20814
75211,lstick_y,-20074
75219,lstick_x,20814
75219,lstick_y,-20074
75269,lstick_x,20814
75269,lstick_y,-20074
75273,lstick_x,23320
75273,lstick_y,-22985
75276,lstick_x,23320
75276,lstick_y,-22985
75279,lstick_x,23320
75279,lstick_y,-22985
75283,lstick_x,23320
75283,lstick_y,-22985
75286,lstick_x,23519
75286,lstick_y,-23353
75291,lstick_x,23519
75291,lstick_y,-23353
75299,lstick_x,23519
75299,lstick_y,-23353
75307,lstick_x,23519
75307,lstick_y,-23353
75312,lstick_x,23672
75312,lstick_y,-23653
75315,lstick_x,23672
75315,lstick_y,-23653
75323,lstick_x,23672
75323,lstick_y,-23653
75331,lstick_x,23672
75331,lstick_y,-23653
75339,lstick_x,23672
75339,lstick_y,-23653
75347,lstick_x,23672
75347,lstick_y,-23653
75355,lstick_x,23672
75355,lstick_y,-23653
75363,lstick_x,24033
75363,lstick_y,-24372
75366,lstick_x,24033
75366,lstick_y,-24372
75370,lstick_x,24033
75370,lstick_y,-24372
75374,lstick_x,24033
75374,lstick_y,-24372
75379,lstick_x,24033
75379,lstick_y,-24372
75387,lstick_x,24033
75387,lstick_y,-24372
75395,lstick_x,24033
75395,lstick_y,-24372
75403,lstick_x,24083
75403,lstick_y,-24566
75411,lstick_x,24083
75411,lstick_y,-24566
75419,lstick_x,24083
75419,lstick_y,-24566
75427,lstick_x,24083
75427,lstick_y,-24566
75435,lstick_x,24083
75435,lstick_y,-24566
75443,lstick_x,24083
75443,lstick_y,-24566
75448,lstick_x,24181
75448,lstick_y,-24689
75451,lstick_x,24181
75451,lstick_y,-24769
75454,lstick_x,24181
75454,lstick_y,-24769
75459,lstick_x,24181
75459,lstick_y,-24769
75467,lstick_x,24181
75467,lstick_y,-24769
75475,lstick_x,24181
75475,lstick_y,-24769
75478,lstick_x,24181
75478,lstick_y,-24803
75483,lstick_x,24181
75483,lstick_y,-24803
75491,lstick_x,24181
75491,lstick_y,-24803
75499,lstick_x,24181
75499,lstick_y,-24803
75507,lstick_x,24181
75507,lstick_y,-24803
75515,lstick_x,24181
75515,lstick_y,-24803
75523,lstick_x,24181
75523,lstick_y,-24803
75531,lstick_x,24181
75531,lstick_y,-24955
75534,lstick_x,24181
75534,lstick_y,-24955
75537,lstick_x,24181
75537,lstick_y,-24955
75547,lstick_x,24181
75547,lstick_y,-24955
75555,lstick_x,24181
75555,lstick_y,-24955
75562,lstick_x,23856
75562,lstick_y,-25123
75571,lstick_x,23856
75571,lstick_y,-25123
75579,lstick_x,23856
75579,lstick_y,-25123
75587,lstick_x,23856
75587,lstick_y,-25123
75595,lstick_x,23856
75595,lstick_y,-25123
75603,lstick_x,23856
75603,lstick_y,-25123
75611,lstick_x,23856
75611,lstick_y,-25123
75617,lstick_x,23040
75617,lstick_y,-25688
75627,lstick_x,23040
75627,lstick_y,-25688
75635,lstick_x,23040
75635,lstick_y,-25688
75644,lstick_x,23040
75644,lstick_y,-25688
75652,lstick_x,22485
75652,lstick_y,-26120
75659,lstick_x,22485
75659,lstick_y,-26120
75667,lstick_x,22485
75667,lstick_y,-26120
75675,lstick_x,22485
75675,lstick_y,-26120
75683,lstick_x,22485
75683,lstick_y,-26120
75691,lstick_x,22485
75691,lstick_y,-26120
75699,lstick_x,21265
75699,lstick_y,-26843
75703,lstick_x,21265
75703,lstick_y,-26843
75706,lstick_x,20821
75706,lstick_y,-27108
75715,lstick_x,20821
75715,lstick_y,-27108
75723,lstick_x,20821
75723,lstick_y,-27108
75728,lstick_x,20087
75728,lstick_y,-27571
75732,lstick_x,20087
75732,lstick_y,-27571
75739,lstick_x,20087
75739,lstick_y,-27571
75747,lstick_x,20087
75747,lstick_y,-27571
75755,lstick_x,20087
75755,lstick_y,-27571
75763,lstick_x,20087
75763,lstick_y,-27571
75771,lstick_x,20087
75771,lstick_y,-27571
75779,lstick_x,20087
75779,lstick_y,-27571
75783,lstick_x,11002
75783,lstick_y,-29890
75786,lstick_x,11002
75786,lstick_y,-29890
75795,lstick_x,11002
75795,lstick_y,-29890
75803,lstick_x,11002
75803,lstick_y,-29890
75811,lstick_x,9843
75811,lstick_y,-32768
75819,lstick_x,9843
75819,lstick_y,-32768
75827,lstick_x,9843
75827,lstick_y,-32768
75835,lstick_x,9843
75835,lstick_y,-32768
75843,lstick_x,9843
75843,lstick_y,-32768
75851,lstick_x,9843
75851,lstick_y,-32768
75860,lstick_x,9843
75860,lstick_y,-32768
75867,lstick_x,6745
75867,lstick_y,-32768
75875,lstick_x,6745
75875,lstick_y,-32768
75883,lstick_x,6745
75883,lstick_y,-32768
75890,lstick_x,4878
75890,lstick_y,-32768
75899,lstick_x,4878
75899,lstick_y,-32768
75907,lstick_x,4878
75907,lstick_y,-32768
75915,lstick_x,4878
75915,lstick_y,-32768
75924,lstick_x,4878
75924,lstick_y,-32768
75931,lstick_x,4878
75931,lstick_y,-32768
75939,lstick_x,4878
75939,lstick_y,-32768
75947,lstick_x,4878
75947,lstick_y,-32768
75955,lstick_x,4878
75955,lstick_y,-32768
75963,lstick_x,4878
75963,lstick_y,-32768
75973,lstick_x,-4547
75973,lstick_y,-32768
75978,lstick_x,-5735
75978,lstick_y,-32768
75987,lstick_x,-5735
75987,lstick_y,-32768
75995,lstick_x,-5735
75995,lstick_y,-32768
76003,lstick_x,-13101
76003,lstick_y,-32110
76011,lstick_x,-13101
76011,lstick_y,-32110
76019,lstick_x,-13101
76019,lstick_y,-32110
76027,lstick_x,-13101
76027,lstick_y,-32110
76035,lstick_x,-13101
76035,lstick_y,-32110
76043,lstick_x,-13101
76043,lstick_y,-32110
76051,lstick_x,-13101
76051,lstick_y,-32110
76060,lstick_x,-13101
76060,lstick_y,-32110
76066,lstick_x,-22068
76066,lstick_y,-28104
76070,lstick_x,-22068
76070,lstick_y,-28104
76075,lstick_x,-22068
76075,lstick_y,-28104
76083,lstick_x,-22068
76083,lstick_y,-28104
76091,lstick_x,-22068
76091,lstick_y,-28104
76096,lstick_x,-22269
76096,lstick_y,-26747
76099,lstick_x,-22269
76099,lstick_y,-26747
76107,lstick_x,-22269
76107,lstick_y,-26747
76115,lstick_x,-22269
76115,lstick_y,-26747
76124,lstick_x,-22269
76124,lstick_y,-26747
76131,lstick_x,-22269
76131,lstick_y,-26747
76140,lstick_x,-22269
76140,lstick_y,-26747
76147,lstick_x,4694
76147,lstick_y,-25751
76150,lstick_x,4694
76150,lstick_y,-25751
76154,lstick_x,4694
76154,lstick_y,-25751
76163,lstick_x,4694
76163,lstick_y,-25751
76171,lstick_x,4694
76171,lstick_y,-25751
76177,lstick_x,14329
76177,lstick_y,-27245
76180,lstick_x,14329
76180,lstick_y,-27245
76187,lstick_x,14329
76187,lstick_y,-27245
76196,lstick_x,14329
76196,lstick_y,-27245
76203,lstick_x,14329
76203,lstick_y,-27245
76211,lstick_x,14329
76211,lstick_y,-27245
76219,lstick_x,14329
76219,lstick_y,-27245
76229,lstick_x,17368
76229,lstick_y,-27327
76234,lstick_x,18645
76234,lstick_y,-26867
76236,lstick_x,18645
76236,lstick_y,-26867
76243,lstick_x,18645
76243,lstick_y,-26867
76251,lstick_x,18645
76251,lstick_y,-26867
76259,lstick_x,21109
76259,lstick_y,-25352
76268,lstick_x,21109
76268,lstick_y,-25352
76275,lstick_x,21109
76275,lstick_y,-25352
76283,lstick_x,21109
76283,lstick_y,-25352
76291,lstick_x,21109
76291,lstick_y,-25352
76299,lstick_x,21109
76299,lstick_y,-25352
76307,lstick_x,21109
76307,lstick_y,-25352
76312,lstick_x,24186
76312,lstick_y,-22697
76315,lstick_x,24186
76315,lstick_y,-22697
76319,lstick_x,24186
76319,lstick_y,-22697
76323,lstick_x,25034
76323,lstick_y,-21867
76331,lstick_x,25034
76331,lstick_y,-21867
76340,lstick_x,25034
76340,lstick_y,-21867
76345,lstick_x,25825
76345,lstick_y,-21089
76355,lstick_x,25825
76355,lstick_y,-21089
76363,lstick_x,25825
76363,lstick_y,-21089
76371,lstick_x,25825
76371,lstick_y,-21089
76379,lstick_x,25825
76379,lstick_y,-21089
76387,lstick_x,25825
76387,lstick_y,-21089
76395,lstick_x,27672
76395,lstick_y,-18873
76400,lstick_x,27672
76400,lstick_y,-18873
76403,lstick_x,27672
76403,lstick_y,-18873
76411,lstick_x,27672
76411,lstick_y,-18873
76419,lstick_x,27672
76419,lstick_y,-18873
76426,lstick_x,28534
76426,lstick_y,-17639
76435,lstick_x,28534
76435,lstick_y,-17639
76443,lstick_x,28534
76443,lstick_y,-17639
76451,lstick_x,28534
76451,lstick_y,-17639
76459,lstick_x,28534
76459,lstick_y,-17639
76467,lstick_x,28534
76467,lstick_y,-17639
76476,lstick_x,28534
76476,lstick_y,-17639
76483,lstick_x,30321
76483,lstick_y,-14588
76491,lstick_x,30321
76491,lstick_y,-14588
76499,lstick_x,30321
76499,lstick_y,-14588
76507,lstick_x,30321
76507,lstick_y,-14588
76515,lstick_x,32767
76515,lstick_y,-12194
76523,lstick_x,32767
76523,lstick_y,-12194
76532,lstick_x,32767
76532,lstick_y,-12194
76539,lstick_x,32767
76539,lstick_y,-12194
76547,lstick_x,32767
76547,lstick_y,-12194
76557,lstick_x,32767
76557,lstick_y,-12194
76561,lstick_x,32767
76561,lstick_y,-3878
76564,lstick_x,32767
76564,lstick_y,-3878
76571,lstick_x,32767
76571,lstick_y,-3878
76579,lstick_x,32767
76579,lstick_y,-3878
76587,lstick_x,32767
76587,lstick_y,-3878
76595,lstick_x,32767
76595,lstick_y,4665
76603,lstick_x,32767
76603,lstick_y,4665
76611,lstick_x,32767
76611,lstick_y,4665
76619,lstick_x,32767
76619,lstick_y,4665
76627,lstick_x,32767
76627,lstick_y,4665
76635,lstick_x,32767
76635,lstick_y,4665
76642,lstick_x,32767
76642,lstick_y,6847
76650,lstick_x,32767
76650,lstick_y,7610
76659,lstick_x,32767
76659,lstick_y,7610
76667,lstick_x,32767
76667,lstick_y,7610
76672,lstick_x,32767
76672,lstick_y,8409
76675,lstick_x,32767
76675,lstick_y,8409
76683,lstick_x,32767
76683,lstick_y,8409
76691,lstick_x,32767
76691,lstick_y,8409
76700,lstick_x,32767
76700,lstick_y,8409
76707,lstick_x,32767
76707,lstick_y,8409
76715,lstick_x,32767
76715,lstick_y,8409
76723,lstick_x,32767
76723,lstick_y,10764
76727,lstick_x,32767
76727,lstick_y,10764
76731,lstick_x,32767
76731,lstick_y,10764
76735,lstick_x,32767
76735,lstick_y,10764
76739,lstick_x,32767
76739,lstick_y,11372
76747,lstick_x,32767
76747,lstick_y,11372
76755,lstick_x,32767
76755,lstick_y,11372
76811,lstick_x,32767
76811,lstick_y,11858
76817,lstick_x,32767
76817,lstick_y,12979
76821,lstick_x,32767
76821,lstick_y,12979
76823,lstick_x,32767
76823,lstick_y,12979
76827,lstick_x,32767
76827,lstick_y,12979
76834,lstick_x,32767
76834,lstick_y,13126
76843,lstick_x,32767
76843,lstick_y,13126
76852,lstick_x,32767
76852,lstick_y,13126
76859,lstick_x,32767
76859,lstick_y,13316
76867,lstick_x,32767
76867,lstick_y,13316
76875,lstick_x,32767
76875,lstick_y,13316
76884,lstick_x,32767
76884,lstick_y,13316
76891,lstick_x,32767
76891,lstick_y,13316
76899,lstick_x,32767
76899,lstick_y,13316
76905,lstick_x,32767
76905,lstick_y,12968
76909,lstick_x,32767
76909,lstick_y,12968
76913,lstick_x,32767
76913,lstick_y,12968
76917,lstick_x,32767
76917,lstick_y,12968
76923,lstick_x,32767
76923,lstick_y,12968
76931,lstick_x,32767
76931,lstick_y,12968
76939,lstick_x,32767
76939,lstick_y,12968
76943,lstick_x,32767
76943,lstick_y,11785
76947,lstick_x,32767
76947,lstick_y,11785
76955,lstick_x,32767
76955,lstick_y,11785
76963,lstick_x,32767
76963,lstick_y,11785
76971,lstick_x,32767
76971,lstick_y,11785
76979,lstick_x,32767
76979,lstick_y,11785
76987,lstick_x,32767
76987,lstick_y,11785
76991,lstick_x,32767
76991,lstick_y,9860
76995,lstick_x,32767
76995,lstick_y,7931
77000,lstick_x,32767
77000,lstick_y,7931
77003,lstick_x,32767
77003,lstick_y,7931
77011,lstick_x,32767
77011,lstick_y,7931
77019,lstick_x,32767
77019,lstick_y,7931
77073,lstick_x,32767
77073,lstick_y,7931
77079,a,1
77079,lstick_x,32767
77079,lstick_y,2731
77083,lstick_x,32767
77083,lstick_y,2731
77091,lstick_x,32767
77091,lstick_y,2209
77099,lstick_x,32767
77099,lstick_y,2209
77106,lstick_x,32767
77106,lstick_y,1672
77116,lstick_x,32767
77116,lstick_y,1672
77123,lstick_x,32767
77123,lstick_y,1672
77131,lstick_x,32767
77131,lstick_y,1672
77139,lstick_x,32767
77139,lstick_y,1672
77147,lstick_x,32767
77147,lstick_y,1672
77155,lstick_x,32767
77155,lstick_y,1672
77161,lstick_x,32767
77164,lstick_x,32767
77167,lstick_x,32767
77171,lstick_x,32767
77179,lstick_x,32767
77212,lstick_x,32767
77212,lstick_y,-1145
77219,lstick_x,32767
77219,lstick_y,-1145
77228,lstick_x,32767
77228,lstick_y,-1145
77236,lstick_x,32767
77236,lstick_y,-1145
77241,lstick_x,32767
77241,lstick_y,-2651
77244,lstick_x,32767
77244,lstick_y,-2651
77251,lstick_x,32767
77251,lstick_y,-2651
77259,lstick_x,32767
77259,lstick_y,-2651
77268,lstick_x,32767
77268,lstick_y,-2651
77272,lstick_x,32767
77272,lstick_y,-2866
77275,lstick_x,32767
77275,lstick_y,-2866
77283,lstick_x,32767
77283,lstick_y,-2866
77291,lstick_x,32767
77291,lstick_y,-2866
77299,lstick_x,32767
77299,lstick_y,-2866
77307,lstick_x,32767
77307,lstick_y,-2866
77315,lstick_x,32767
77315,lstick_y,-2866
77323,lstick_x,32767
77323,lstick_y,-3166
77327,a,0
77327,lstick_x,32767
77327,lstick_y,-3358
77331,lstick_x,32767
77331,lstick_y,-3358
77339,lstick_x,32767
77339,lstick_y,-3358
77347,lstick_x,32767
77347,lstick_y,-3358
77354,lstick_x,32767
77354,lstick_y,-3426
77363,lstick_x,32767
77363,lstick_y,-3426
77371,lstick_x,32767
77371,lstick_y,-3426
77379,lstick_x,32767
77379,lstick_y,-3426
77387,lstick_x,32767
77387,lstick_y,-3426
77395,lstick_x,32767
77395,lstick_y,-3426
77403,lstick_x,32767
77403,lstick_y,-3426
77409,lstick_x,32767
77409,lstick_y,-3525
77412,lstick_x,32767
77412,lstick_y,-3525
77419,lstick_x,32767
77419,lstick_y,-3525
77428,lstick_x,32767
77428,lstick_y,-3525
77435,lstick_x,32767
77435,lstick_y,-3525
77443,lstick_x,32767
77443,lstick_y,-3621
77451,lstick_x,32767
77451,lstick_y,-3621
77459,lstick_x,32767
77459,lstick_y,-3621
77467,lstick_x,32767
77467,lstick_y,-3621
77475,lstick_x,32767
77475,lstick_y,-3621
77483,lstick_x,32767
77483,lstick_y,-3621
77488,a,1
77488,lstick_x,32767
77488,lstick_y,-3825
77491,lstick_x,32767
77491,lstick_y,-4222
77495,lstick_x,32767
77495,lstick_y,-4222
77499,lstick_x,32767
77499,lstick_y,-4222
77507,lstick_x,32767
77507,lstick_y,-4222
77515,lstick_x,32767
77515,lstick_y,-4222
77522,lstick_x,31953
77522,lstick_y,-5697
77531,lstick_x,31953
77531,lstick_y,-5697
77539,lstick_x,31953
77539,lstick_y,-5697
77547,lstick_x,31953
77547,lstick_y,-5697
77555,lstick_x,31953
77555,lstick_y,-5697
77563,lstick_x,31953
77563,lstick_y,-5697
77571,lstick_x,1764
77571,lstick_y,-3376
77574,lstick_x,1764
77574,lstick_y,-3376
77578,lstick_x,1764
77578,lstick_y,-3376
77587,lstick_x,1764
77587,lstick_y,-3376
77595,lstick_x,1764
77595,lstick_y,-3376
77602,a,0
77602,lstick_x,1560
77602,lstick_y,-2051
77611,lstick_x,1560
77611,lstick_y,-2051
77620,lstick_x,1560
77620,lstick_y,-2051
77627,lstick_x,1560
77627,lstick_y,-2051
77635,lstick_x,1560
77635,lstick_y,-2051
77643,lstick_x,1560
77643,lstick_y,-2051
77652,lstick_x,1560
77652,lstick_y,-2051
77656,lstick_x,1296
77659,lstick_x,1296
77667,lstick_x,1296
77675,lstick_x,1296
77683,lstick_x,1296
77692,a,1
77692,lstick_x,1230
77699,lstick_x,1230
77707,lstick_x,1230
77715,lstick_x,1230
77723,lstick_x,1230
77734,lstick_x,1182
77739,lstick_x,1182
77742,lstick_x,1182
77747,lstick_x,1182
77755,lstick_x,1182
77763,lstick_x,1182
77771,lstick_x,1182
77779,lstick_x,1182
77787,lstick_x,1182
77795,lstick_x,1182
77803,lstick_x,1182
77812,lstick_x,1182
77816,lstick_x,1182
77819,lstick_x,1182
77825,lstick_x,1131
77827,lstick_x,1131
77835,lstick_x,1131
77844,lstick_x,1131
77851,lstick_x,1131
77859,lstick_x,1131
77867,lstick_x,1131
77876,lstick_x,1131
77883,lstick_x,1131
77891,lstick_x,1131
77899,a,0
77899,lstick_x,1131
77902,lstick_x,1131
77906,lstick_x,1131
77908,lstick_x,1131
77911,lstick_x,1131
77915,lstick_x,1131
77923,lstick_x,1131
77931,lstick_x,1131
77939,lstick_x,1131
77947,lstick_x,1131
77955,lstick_x,1131
77963,lstick_x,1131
77971,lstick_x,1131
77979,lstick_x,1131
77988,lstick_x,1131
77993,lstick_x,1072
77995,lstick_x,1072
78003,lstick_x,1072
78011,lstick_x,1072
78015,lstick_x,1026
78019,lstick_x,1026
78027,lstick_x,1026
78035,lstick_x,1026
78043,lstick_x,1026
78052,lstick_x,1026
78059,lstick_x,1026
78064,lstick_x,1026
78067,lstick_x,1026
78071,lstick_x,1026
78075,lstick_x,1026
78083,lstick_x,1026
78091,lstick_x,1026
78095,lstick_x,1026
78099,lstick_x,1026
78107,lstick_x,1026
78115,lstick_x,1026
78123,lstick_x,1026
78131,lstick_x,1026
78139,lstick_x,1026
78488,x,1
78650,x,0
80070,lstick_x,1025
80075,lstick_x,1025
80083,lstick_x,1025
80092,lstick_x,1025
80106,lstick_x,2212
80115,lstick_x,2212
80123,lstick_x,2212
80131,lstick_x,2212
80139,lstick_x,2212
80143,y,1
80143,lstick_x,32720
80143,lstick_y,-11124
80147,lstick_x,32720
80147,lstick_y,-11124
80152,lstick_x,32720
80152,lstick_y,-11124
80155,lstick_x,32720
80155,lstick_y,-11124
80163,lstick_x,32720
80163,lstick_y,-11124
80171,lstick_x,32720
80171,lstick_y,-11124
80174,lstick_x,32767
80174,lstick_y,-10981
80179,lstick_x,32767
80179,lstick_y,-10981
80187,lstick_x,32767
80187,lstick_y,-10981
80195,lstick_x,32767
80195,lstick_y,-10981
80204,lstick_x,32767
80204,lstick_y,-10981
80211,lstick_x,32767
80211,lstick_y,-10981
80219,lstick_x,32767
80219,lstick_y,-10981
80223,lstick_x,32767
80223,lstick_y,-10795
80227,lstick_x,32767
80227,lstick_y,-10795
80233,lstick_x,32767
80233,lstick_y,-10795
80235,lstick_x,32767
80235,lstick_y,-10769
80239,lstick_x,32767
80239,lstick_y,-10769
80243,lstick_x,32767
80243,lstick_y,-10769
80251,lstick_x,32767
80251,lstick_y,-10769
80259,lstick_x,32767
80259,lstick_y,-10769
80263,lstick_x,32767
80263,lstick_y,-10769
80267,lstick_x,32767
80267,lstick_y,-10769
80275,lstick_x,32767
80275,lstick_y,-10769
80283,lstick_x,32767
80283,lstick_y,-10769
80291,lstick_x,32767
80291,lstick_y,-10769
80299,lstick_x,32767
80299,lstick_y,-10769
80307,lstick_x,32767
80307,lstick_y,-10769
80315,y,0
80315,lstick_x,32767
80315,lstick_y,-10665
80318,lstick_x,32767
80318,lstick_y,-10665
80322,lstick_x,32767
80322,lstick_y,-10665
80331,lstick_x,32767
80331,lstick_y,-10665
80339,lstick_x,32767
80339,lstick_y,-10665
80344,lstick_x,32767
80344,lstick_y,-10846
80347,lstick_x,32767
80347,lstick_y,-10846
80356,lstick_x,32767
80356,lstick_y,-10846
80363,lstick_x,32767
80363,lstick_y,-10846
80371,lstick_x,32767
80371,lstick_y,-10846
80379,lstick_x,32767
80379,lstick_y,-10846
80387,lstick_x,32767
80387,lstick_y,-10846
80394,y,1
80394,lstick_x,32767
80394,lstick_y,-11233
80396,lstick_x,32767
80396,lstick_y,-11233
80400,lstick_x,32767
80400,lstick_y,-11542
80403,lstick_x,32767
80403,lstick_y,-11542
80407,lstick_x,32767
80407,lstick_y,-11542
80411,lstick_x,32767
80411,lstick_y,-11542
80419,lstick_x,32767
80419,lstick_y,-11542
80427,lstick_x,32767
80427,lstick_y,-11542
80432,lstick_x,32548
80432,lstick_y,-12170
80435,lstick_x,32548
80435,lstick_y,-12170
80443,lstick_x,32548
80443,lstick_y,-12170
80451,lstick_x,32548
80451,lstick_y,-12170
80459,lstick_x,32548
80459,lstick_y,-12170
80467,lstick_x,32548
80467,lstick_y,-12170
80475,lstick_x,32548
80475,lstick_y,-12170
80484,lstick_x,32449
80484,lstick_y,-12798
80490,lstick_x,32361
80490,lstick_y,-12999
80499,lstick_x,32361
80499,lstick_y,-12999
80507,lstick_x,32361
80507,lstick_y,-12999
80515,y,0
80515,lstick_x,32243
80515,lstick_y,-13257
80524,lstick_x,32243
80524,lstick_y,-13257
80531,lstick_x,32243
80531,lstick_y,-13257
80539,lstick_x,32243
80539,lstick_y,-13257
80547,lstick_x,32243
80547,lstick_y,-13257
80555,lstick_x,32243
80555,lstick_y,-13257
80566,lstick_x,31311
80566,lstick_y,-14578
80571,lstick_x,31311
80571,lstick_y,-14578
80579,lstick_x,31311
80579,lstick_y,-14578
80587,lstick_x,31311
80587,lstick_y,-14578
80595,lstick_x,31017
80595,lstick_y,-15041
80603,lstick_x,31017
80603,lstick_y,-15041
80611,lstick_x,31017
80611,lstick_y,-15041
80619,lstick_x,31017
80619,lstick_y,-15041
80627,lstick_x,31017
80627,lstick_y,-15041
80635,lstick_x,31017
80635,lstick_y,-15041
80643,lstick_x,31017
80643,lstick_y,-15041
80648,lstick_x,30674
80648,lstick_y,-15638
80651,lstick_x,30674
80651,lstick_y,-15638
80655,lstick_x,30574
80655,lstick_y,-15797
80660,lstick_x,30574
80660,lstick_y,-15797
80667,lstick_x,30574
80667,lstick_y,-15797
80675,lstick_x,30574
80675,lstick_y,-15797
80681,lstick_x,30494
80681,lstick_y,-15924
80691,lstick_x,30494
80691,lstick_y,-15924
80700,lstick_x,30494
80700,lstick_y,-15924
80707,lstick_x,30494
80707,lstick_y,-15924
80715,lstick_x,30494
80715,lstick_y,-15924
80723,lstick_x,30494
80723,lstick_y,-15924
80733,lstick_x,30494
80733,lstick_y,-15924
80738,lstick_x,30318
80738,lstick_y,-16252
80742,lstick_x,30318
80742,lstick_y,-16252
80747,lstick_x,30318
80747,lstick_y,-16252
80755,lstick_x,30318
80755,lstick_y,-16252
80765,lstick_x,30318
80765,lstick_y,-16252
80771,lstick_x,30255
80771,lstick_y,-16361
80779,lstick_x,30255
80779,lstick_y,-16361
80787,lstick_x,30255
80787,lstick_y,-16361
80795,lstick_x,30255
80795,lstick_y,-16361
80803,lstick_x,30255
80803,lstick_y,-16361
80811,lstick_x,30255
80811,lstick_y,-16361
80816,lstick_x,30143
80816,lstick_y,-16590
80819,lstick_x,30143
80819,lstick_y,-16590
80823,lstick_x,30107
80823,lstick_y,-16718
80827,lstick_x,30107
80827,lstick_y,-16718
80835,lstick_x,30107
80835,lstick_y,-16718
80844,lstick_x,30107
80844,lstick_y,-16718
80851,y,1
80851,lstick_x,30107
80851,lstick_y,-16832
80859,lstick_x,30107
80859,lstick_y,-16832
80867,lstick_x,30107
80867,lstick_y,-16832
80875,lstick_x,30107
80875,lstick_y,-16832
80883,lstick_x,30107
80883,lstick_y,-16832
80891,lstick_x,30107
80891,lstick_y,-16832
80897,lstick_x,29907
80897,lstick_y,-17191
80901,lstick_x,29907
80901,lstick_y,-17191
80905,lstick_x,29907
80905,lstick_y,-17191
80915,lstick_x,29907
80915,lstick_y,-17191
80923,lstick_x,29907
80923,lstick_y,-17191
80927,lstick_x,29832
80927,lstick_y,-17370
80931,lstick_x,29832
80931,lstick_y,-17370
80939,lstick_x,29832
80939,lstick_y,-17370
80947,lstick_x,29832
80947,lstick_y,-17370
80956,lstick_x,29832
80956,lstick_y,-17370
80963,lstick_x,29832
80963,lstick_y,-17370
80971,lstick_x,29832
80971,lstick_y,-17370
80979,lstick_x,29799
80979,lstick_y,-17550
80985,lstick_x,29726
80985,lstick_y,-17578
80988,lstick_x,29726
80988,lstick_y,-17578
80995,lstick_x,29726
80995,lstick_y,-17578
81003,lstick_x,29726
81003,lstick_y,-17578
81009,lstick_x,29726
81009,lstick_y,-17578
81011,lstick_x,29726
81011,lstick_y,-17578
81020,lstick_x,29726
81020,lstick_y,-17578
81027,lstick_x,29726
81027,lstick_y,-17578
81035,lstick_x,29726
81035,lstick_y,-17578
81043,lstick_x,29726
81043,lstick_y,-17578
81051,lstick_x,29726
81051,lstick_y,-17578
81061,lstick_x,29726
81061,lstick_y,-17578
81067,y,0
81067,lstick_x,29625
81067,lstick_y,-17756
81072,lstick_x,29625
81072,lstick_y,-17756
81075,lstick_x,29625
81075,lstick_y,-17756
81083,lstick_x,29625
81083,lstick_y,-17756
81093,lstick_x,29625
81093,lstick_y,-17756
81100,lstick_x,29555
81100,lstick_y,-17800
81107,lstick_x,29555
81107,lstick_y,-17800
81115,lstick_x,29555
81115,lstick_y,-17800
81123,lstick_x,29555
81123,lstick_y,-17800
81131,lstick_x,29555
81131,lstick_y,-17800
81139,lstick_x,29555
81139,lstick_y,-17800
81146,lstick_x,29510
81146,lstick_y,-17908
81153,lstick_x,29510
81153,lstick_y,-17908
81155,lstick_x,29510
81155,lstick_y,-17908
81164,lstick_x,29510
81164,lstick_y,-17908
81171,lstick_x,29510
81171,lstick_y,-17908
81177,y,1
81177,lstick_x,29510
81177,lstick_y,-17908
81179,lstick_x,29510
81179,lstick_y,-17908
81187,lstick_x,29510
81187,lstick_y,-17908
81195,lstick_x,29510
81195,lstick_y,-17908
81203,lstick_x,29510
81203,lstick_y,-17908
81211,lstick_x,29510
81211,lstick_y,-17908
81219,lstick_x,29510
81219,lstick_y,-17908
81228,lstick_x,29510
81228,lstick_y,-17908
81232,lstick_x,29458
81232,lstick_y,-17969
81235,lstick_x,29458
81235,lstick_y,-17969
81238,lstick_x,29458
81238,lstick_y,-17969
81242,lstick_x,29458
81242,lstick_y,-17969
81251,lstick_x,29458
81251,lstick_y,-17969
81259,lstick_x,29458
81259,lstick_y,-17969
81263,lstick_x,29458
81263,lstick_y,-18019
81268,lstick_x,29458
81268,lstick_y,-18019
81275,lstick_x,29458
81275,lstick_y,-18019
81283,lstick_x,29458
81283,lstick_y,-18019
81291,lstick_x,29458
81291,lstick_y,-18019
81299,lstick_x,29458
81299,lstick_y,-18019
81307,lstick_x,29458
81307,lstick_y,-18019
81315,y,0
81315,lstick_x,29414
81315,lstick_y,-18019
81321,lstick_x,29414
81321,lstick_y,-18019
81324,lstick_x,29414
81324,lstick_y,-18019
81331,lstick_x,29414
81331,lstick_y,-18019
81339,lstick_x,29414
81339,lstick_y,-18019
81347,lstick_x,29414
81347,lstick_y,-18019
81355,lstick_x,29414
81355,lstick_y,-18019
81363,lstick_x,29414
81363,lstick_y,-18019
81371,lstick_x,29414
81371,lstick_y,-18019
81379,lstick_x,29414
81379,lstick_y,-18019
81388,lstick_x,29414
81388,lstick_y,-18019
81395,lstick_x,29414
81395,lstick_y,-18019
81403,lstick_x,29414
81403,lstick_y,-18069
81407,lstick_x,29414
81407,lstick_y,-18069
81411,lstick_x,29414
81411,lstick_y,-18069
81419,lstick_x,29414
81419,lstick_y,-18069
81427,lstick_x,29414
81427,lstick_y,-18069
81435,lstick_x,29414
81435,lstick_y,-18069
81443,lstick_x,29414
81443,lstick_y,-18069
81451,lstick_x,29414
81451,lstick_y,-18069
81459,lstick_x,29414
81459,lstick_y,-18069
81467,lstick_x,29414
81467,lstick_y,-18069
81475,lstick_x,29414
81475,lstick_y,-18069
81479,y,1
81479,lstick_x,29414
81479,lstick_y,-18069
81483,lstick_x,29414
81483,lstick_y,-18069
81487,lstick_x,29414
81487,lstick_y,-18069
81490,lstick_x,29414
81490,lstick_y,-18069
81499,lstick_x,29414
81499,lstick_y,-18069
81508,lstick_x,29414
81508,lstick_y,-18069
81515,lstick_x,29414
81515,lstick_y,-18069
81523,lstick_x,29414
81523,lstick_y,-18069
81531,lstick_x,29414
81531,lstick_y,-18069
81539,lstick_x,29414
81539,lstick_y,-18069
81547,lstick_x,29414
81547,lstick_y,-18069
81555,lstick_x,29414
81555,lstick_y,-18069
81563,lstick_x,29414
81563,lstick_y,-18069
81567,lstick_x,29414
81567,lstick_y,-18069
81572,lstick_x,29414
81572,lstick_y,-18069
81576,lstick_x,29414
81576,lstick_y,-18069
81579,lstick_x,29414
81579,lstick_y,-18069
81587,lstick_x,29414
81587,lstick_y,-18069
81595,lstick_x,29414
81595,lstick_y,-18069
81603,y,0
81603,lstick_x,29414
81603,lstick_y,-18069
81611,lstick_x,29414
81611,lstick_y,-18069
81619,lstick_x,29414
81619,lstick_y,-18069
81627,lstick_x,29414
81627,lstick_y,-18069
81635,lstick_x,29414
81635,lstick_y,-18069
81644,lstick_x,29414
81644,lstick_y,-18069
81652,lstick_x,29414
81652,lstick_y,-18069
81659,lstick_x,29414
81659,lstick_y,-18069
81667,lstick_x,29414
81667,lstick_y,-18069
81675,lstick_x,29414
81675,lstick_y,-18069
81683,lstick_x,29414
81683,lstick_y,-18069
81687,lstick_x,29414
81687,lstick_y,-18069
81691,lstick_x,29414
81691,lstick_y,-18069
81699,lstick_x,29414
81699,lstick_y,-18069
81707,lstick_x,29414
81707,lstick_y,-18069
81715,lstick_x,29414
81715,lstick_y,-18069
81723,lstick_x,29414
81723,lstick_y,-18069
81731,lstick_x,29414
81731,lstick_y,-18069
81737,lstick_x,29414
81737,lstick_y,-18117
81746,lstick_x,29414
81746,lstick_y,-18117
81751,lstick_x,29414
81751,lstick_y,-18117
81754,lstick_x,29414
81754,lstick_y,-18117
81758,lstick_x,29414
81758,lstick_y,-18117
81763,lstick_x,29414
81763,lstick_y,-18117
81771,lstick_x,29414
81771,lstick_y,-18117
81780,lstick_x,29414
81780,lstick_y,-18117
81787,lstick_x,29414
81787,lstick_y,-18117
81796,lstick_x,29414
81796,lstick_y,-18117
81803,lstick_x,29414
81803,lstick_y,-18117
81812,lstick_x,29414
81812,lstick_y,-18117
81819,lstick_x,29414
81819,lstick_y,-18117
81828,lstick_x,29414
81828,lstick_y,-18117
81835,lstick_x,29414
81835,lstick_y,-17778
81839,lstick_x,29414
81839,lstick_y,-17732
81843,lstick_x,29414
81843,lstick_y,-17732
81851,lstick_x,29414
81851,lstick_y,-17732
81859,lstick_x,29414
81859,lstick_y,-17666
81867,lstick_x,29414
81867,lstick_y,-17666
81875,lstick_x,29414
81875,lstick_y,-17666
81883,lstick_x,29414
81883,lstick_y,-17666
81892,lstick_x,29414
81892,lstick_y,-17666
81899,lstick_x,29414
81899,lstick_y,-17666
81906,lstick_x,29414
81906,lstick_y,-17339
81915,lstick_x,29414
81915,lstick_y,-17339
81919,lstick_x,29573
81919,lstick_y,-17152
81923,lstick_x,29573
81923,lstick_y,-17152
81931,lstick_x,29573
81931,lstick_y,-17152
81940,lstick_x,29573
81940,lstick_y,-17152
81943,lstick_x,29693
81943,lstick_y,-16871
81948,lstick_x,29693
81948,lstick_y,-16871
81955,lstick_x,29693
81955,lstick_y,-16871
81963,lstick_x,29693
81963,lstick_y,-16871
81971,lstick_x,29693
81971,lstick_y,-16871
81979,lstick_x,29693
81979,lstick_y,-16871
81987,lstick_x,30087
81987,lstick_y,-16010
81993,lstick_x,30087
81993,lstick_y,-15542
81996,lstick_x,30087
81996,lstick_y,-15542
82000,lstick_x,30087
82000,lstick_y,-15542
82003,lstick_x,30087
82003,lstick_y,-15542
82011,lstick_x,30087
82011,lstick_y,-15542
82017,lstick_x,14395
82017,lstick_y,-7787
82027,lstick_x,14395
82027,lstick_y,-7787
82035,lstick_x,14395
82035,lstick_y,-7787
82043,lstick_x,14395
82043,lstick_y,-7787
82051,lstick_x,14395
82051,lstick_y,-7787
82059,lstick_x,14395
82059,lstick_y,-7787
82065,lstick_x,3538
82067,lstick_x,3538
82070,lstick_x,3538
82079,lstick_x,3538
82083,lstick_x,2913
82092,lstick_x,2913
82099,lstick_x,2913
82107,lstick_x,2913
82115,lstick_x,2913
82123,lstick_x,2913
82131,lstick_x,2913
82141,lstick_x,1693
82147,lstick_x,1437
82155,lstick_x,1437
82163,lstick_x,1437
82167,lstick_x,1232
82171,lstick_x,1232
82179,lstick_x,1232
82187,lstick_x,1232
82195,lstick_x,1232
82203,lstick_x,1232
82211,lstick_x,1232
82383,b,1
82499,lstick_y,-1025
82507,lstick_y,-1025
82516,lstick_y,-1025
82523,lstick_y,-1025
82531,lstick_y,-1025
82539,lstick_y,-1025
82547,lstick_y,-1025
82550,b,0
82550,lstick_y,-1121
82556,lstick_y,-1121
82562,lstick_y,-1121
82571,lstick_y,-1121
82579,lstick_y,-1121
82583,lstick_y,-1121
82587,lstick_y,-1121
82595,lstick_y,-1121
82603,lstick_y,-1121
82611,lstick_y,-1121
82619,lstick_y,-1121
82628,lstick_y,-1121
82635,lstick_y,-1121
82641,lstick_y,-1121
82644,lstick_y,-1121
82650,lstick_y,-1121
82653,lstick_y,-1121
82656,lstick_y,-1121
82659,lstick_y,-1121
82667,lstick_y,-1121
82675,lstick_y,-1121
82682,lstick_y,-1121
82691,lstick_y,-1121
82699,lstick_y,-1121
82707,lstick_y,-1121
82715,lstick_y,-1121
82723,lstick_y,-1121
82730,lstick_y,-1121
82737,lstick_y,-1121
82740,lstick_y,-1121
82747,lstick_y,-1121
82755,lstick_y,-1121
82760,b,1
82760,lstick_y,-1121
82763,lstick_y,-1121
82771,lstick_y,-1121
82779,lstick_y,-1121
82787,lstick_y,-1121
82795,lstick_y,-1121
82803,lstick_y,-1121
82812,lstick_y,-1121
82815,lstick_y,-1203
82820,lstick_y,-1203
82824,lstick_y,-1203
82828,lstick_y,-1203
82835,lstick_y,-1203
82843,lstick_y,-1203
82849,lstick_y,-1227
82851,lstick_y,-1227
82859,lstick_y,-1227
82867,lstick_y,-1227
82875,lstick_y,-1227
82883,lstick_y,-1227
82891,lstick_y,-1227
82900,lstick_y,-1227
82907,b,0
82907,lstick_y,-1227
82912,lstick_y,-1227
82915,lstick_y,-1227
82919,lstick_y,-1227
82922,lstick_y,-1227
82926,lstick_y,-1227
82931,lstick_y,-1227
82939,lstick_y,-1227
82959,lstick_y,-1227
82963,lstick_y,-1227
82971,lstick_y,-1227
82979,lstick_y,-1227
82987,lstick_y,-1227
82996,lstick_y,-1227
83003,lstick_y,-1227
83007,lstick_y,-1227
83011,lstick_y,-1227
83019,lstick_y,-1227
83027,lstick_y,-1299
83035,lstick_y,-1299
83043,lstick_y,-1299
83051,lstick_y,-1299
83059,lstick_y,-1299
83067,lstick_y,-1299
83075,lstick_y,-1299
83084,lstick_y,-1299
83088,lstick_y,-1299
83091,lstick_y,-1299
83099,lstick_y,-1299
83107,lstick_y,-1299
83115,lstick_y,-1299
83124,lstick_y,-1299
83131,lstick_y,-1299
83139,lstick_y,-1299
83147,lstick_y,-1299
83155,lstick_y,-1299
83160,b,1
83160,lstick_y,-1299
83163,lstick_y,-1299
83167,lstick_y,-1299
83171,lstick_y,-1299
83179,lstick_y,-1299
83187,lstick_y,-1299
83194,lstick_y,-1299
83203,lstick_y,-1299
83211,lstick_y,-1299
83219,lstick_y,-1299
83227,lstick_y,-1299
83235,lstick_y,-1299
83243,lstick_y,-1299
83248,lstick_y,-1325
83251,lstick_y,-1325
83254,lstick_y,-1325
83258,lstick_y,-1325
83267,lstick_y,-1325
83275,lstick_y,-1325
83280,lstick_y,-1325
83283,lstick_y,-1325
83291,lstick_y,-1325
83300,lstick_y,-1325
83307,lstick_y,-1325
83315,lstick_y,-1325
83323,lstick_y,-1325
83332,lstick_y,-1325
83339,b,0
83339,lstick_y,-1325
83343,lstick_y,-1325
83347,lstick_y,-1325
83355,lstick_y,-1325
83364,lstick_y,-1325
83371,lstick_y,-1325
83379,lstick_y,-1325
83387,lstick_y,-1325
83395,lstick_y,-1325
83403,lstick_y,-1325
83411,lstick_y,-1325
83418,lstick_y,-1325
83424,lstick_y,-1325
83428,lstick_y,-1325
83433,lstick_y,-1325
83436,lstick_y,-1325
83443,lstick_y,-1325
83451,lstick_y,-1325
83459,lstick_y,-1325
83467,lstick_y,-1325
83475,lstick_y,-1325
83483,lstick_y,-1325
83491,lstick_y,-1325
83499,lstick_y,-1325
83507,lstick_y,-1325
83510,lstick_y,-1325
83516,lstick_y,-1325
83520,lstick_y,-1325
83523,lstick_y,-1325
83531,lstick_y,-1325
83540,lstick_y,-1325
83547,lstick_y,-1325
83555,lstick_y,-1325
83563,lstick_y,-1325
83571,lstick_y,-1325
83579,lstick_y,-1325
83587,lstick_y,-1325
83593,lstick_y,-1325
83596,lstick_y,-1325
83603,lstick_y,-1325
83611,lstick_y,-1325
83617,lstick_y,-1325
83627,lstick_y,-1325
83635,lstick_y,-1325
83643,lstick_y,-1325
83651,lstick_y,-1325
83659,lstick_y,-1325
83665,lstick_y,-1325
83672,lstick_y,-1325
83675,lstick_y,-1325
83683,lstick_y,-1325
83691,lstick_y,-1325
83698,lstick_y,-1325
83707,lstick_y,-1325
83715,lstick_y,-1325
83723,lstick_y,-1325
83731,lstick_y,-1325
83739,lstick_y,-1325
83747,lstick_y,-1325
83753,lstick_y,-1325
83757,lstick_y,-1325
83767,lstick_y,-1325
83771,lstick_y,-1325
83780,lstick_y,-1325
83787,lstick_y,-1325
83795,lstick_y,-1325
83803,lstick_y,-1325
83812,lstick_y,-1325
83819,lstick_y,-1325
83828,lstick_y,-1325
83834,lstick_y,-1325
83840,lstick_y,-1325
83843,lstick_y,-1325
83851,lstick_y,-1325
83859,lstick_y,-1325
83867,lstick_y,-1325
83875,lstick_y,-1325
83883,lstick_y,-1325
83891,lstick_y,-1325
83899,lstick_y,-1325
83907,lstick_y,-1325
83916,lstick_y,-1325
83921,lstick_y,-1325
83923,lstick_y,-1325
83927,lstick_y,-1325
83931,lstick_y,-1325
83939,lstick_y,-1325
83947,lstick_y,-1325
83955,lstick_y,-1325
83963,lstick_y,-1325
83971,lstick_y,-1325
83979,lstick_y,-1325
83987,lstick_y,-1325
83995,lstick_y,-1325
84003,lstick_y,-1325
84008,lstick_y,-1325
84011,lstick_y,-1325
84019,lstick_y,-1325
84027,lstick_y,-1325
84035,lstick_y,-1325
84043,lstick_y,-1325
84051,lstick_y,-1325
84059,lstick_y,-1325
84067,lstick_y,-1325
84075,lstick_y,-1325
84081,lstick_y,-1325
84086,lstick_y,-1325
84089,lstick_y,-1325
84099,lstick_y,-1325
84107,lstick_y,-1325
84115,lstick_y,-1325
84123,lstick_y,-1325
84131,lstick_y,-1325
84140,lstick_y,-1325
84147,lstick_y,-1325
84155,lstick_y,-1325
84163,lstick_y,-1325
84168,lstick_y,-1325
84171,lstick_y,-1325
84173,lstick_y,-1325
84179,lstick_y,-1325
84187,lstick_y,-1325
84195,lstick_y,-1325
84203,lstick_y,-1325
84211,lstick_y,-1325
84219,lstick_y,-1325
84227,lstick_y,-1325
84235,lstick_y,-1325
84240,lstick_y,-1397
84243,lstick_y,-1397
84250,lstick_y,-1397
84254,lstick_y,-1427
84259,lstick_y,-1427
84267,lstick_y,-1427
84276,lstick_y,-1427
84283,lstick_y,-1427
84291,lstick_y,-1427
84299,lstick_y,-1427
84307,lstick_y,-1427
84315,lstick_y,-1427
84323,lstick_y,-1427
84331,lstick_y,-1427
84334,lstick_y,-1427
84338,lstick_y,-1427
84341,lstick_y,-1427
84347,lstick_y,-1427
84355,lstick_y,-1427
84362,lstick_y,-1529
84371,lstick_y,-1529
84379,lstick_y,-1529
84387,lstick_y,-1529
84395,lstick_y,-1529
84403,lstick_y,-1529
84413,lstick_y,-1611
84417,lstick_y,-1611
84419,lstick_y,-1638
84423,lstick_y,-1638
84427,lstick_y,-1638
84435,lstick_y,-1638
84442,lstick_y,-1638
84451,lstick_y,-1638
84459,lstick_y,-1638
84467,lstick_y,-1638
84475,lstick_y,-1638
84483,lstick_y,-1638
84494,lstick_y,-1757
84499,lstick_y,-1757
84507,lstick_y,-1757
84515,lstick_y,-1757
84520,lstick_y,-1757
84523,lstick_y,-1757
84531,lstick_y,-1757
84539,lstick_y,-1757
84547,lstick_y,-1757
84555,lstick_y,-1757
84564,lstick_y,-1757
84568,lstick_y,-1867
84571,lstick_y,-1867
84577,lstick_y,-1867
84587,lstick_y,-1867
84595,lstick_y,-1867
84605,lstick_y,-1867
84612,lstick_y,-1867
84619,lstick_y,-1867
84628,lstick_y,-1867
84635,lstick_y,-1867
84645,lstick_y,-1867
84651,lstick_y,-1867
84659,lstick_y,-1867
84667,lstick_y,-1934
84675,lstick_y,-1934
84679,lstick_y,-1934
84683,lstick_y,-1934
84691,lstick_y,-1934
84700,lstick_y,-1934
84707,lstick_y,-1934
84715,lstick_y,-1934
84723,lstick_y,-1934
84730,lstick_y,-1934
84734,lstick_y,-1934
84737,lstick_y,-1934
84740,lstick_y,-1934
84747,lstick_y,-1934
84755,lstick_y,-1934
84764,lstick_y,-1934
84768,lstick_y,-1964
84772,lstick_y,-1964
84780,lstick_y,-1964
84787,lstick_y,-1964
84795,lstick_y,-1964
84803,lstick_y,-1964
84812,lstick_y,-1964
84819,lstick_y,-1964
84824,lstick_y,-1964
84827,lstick_y,-1964
84836,lstick_y,-1964
84843,lstick_y,-1964
84849,lstick_y,-1964
84851,lstick_y,-1964
84859,lstick_y,-1964
84867,lstick_y,-1964
84875,lstick_y,-1964
84883,lstick_y,-1964
84891,lstick_y,-1964
84898,lstick_y,-1964
84901,lstick_y,-1964
84905,lstick_y,-1964
84907,lstick_y,-1964
84915,lstick_y,-1964
84923,lstick_y,-1964
84927,lstick_y,-1964
84931,lstick_y,-1964
84939,lstick_y,-1964
84947,lstick_y,-1964
84955,lstick_y,-1964
84963,lstick_y,-1964
84971,lstick_y,-1964
84981,lstick_y,-1964
84987,lstick_y,-1964
84995,lstick_y,-1964
85003,lstick_y,-1964
85008,lstick_y,-1964
85011,lstick_y,-1964
85019,lstick_y,-1964
85027,lstick_y,-1964
85036,lstick_y,-1964
85043,lstick_y,-1964
85051,lstick_y,-1964
85058,lstick_y,-1964
85062,lstick_y,-1964
85067,lstick_y,-1964
85070,lstick_y,-1964
85075,lstick_y,-1964
85083,lstick_y,-1964
85092,lstick_y,-1964
85099,lstick_y,-1964
85107,lstick_y,-1964
85115,lstick_y,-1964
85123,lstick_y,-1964
85131,lstick_y,-1964
85139,lstick_y,-1964
85143,lstick_y,-1964
85147,lstick_y,-1964
85151,lstick_y,-1964
85155,lstick_y,-1964
85163,lstick_y,-1964
85171,lstick_y,-1964
85178,lstick_y,-1964
85187,lstick_y,-1964
85195,lstick_y,-1964
85203,lstick_y,-1964
85211,lstick_y,-1964
85219,lstick_y,-1964
85228,lstick_y,-1964
85234,lstick_y,-1964
85238,lstick_y,-1964
85243,lstick_y,-1964
85251,lstick_y,-1964
85258,lstick_y,-1964
85267,lstick_y,-1964
85275,lstick_y,-1964
85284,lstick_y,-1964
85291,lstick_y,-1964
85299,lstick_y,-1964
85308,lstick_y,-1964
85315,lstick_y,-1964
85323,lstick_y,-1964
85331,lstick_y,-1964
85336,lstick_y,-1964
85339,lstick_y,-1964
85347,lstick_y,-1964
85355,lstick_y,-1964
85363,lstick_y,-1964
85371,lstick_y,-1964
85379,lstick_y,-1964
85384,lstick_y,-2046
85388,lstick_y,-2046
85391,lstick_y,-2046
85395,lstick_y,-2072
85403,lstick_y,-2072
85411,lstick_y,-2072
85447,lstick_y,-2072
85451,lstick_y,-2072
85459,lstick_y,-2072
85467,lstick_y,-2187
85471,lstick_y,-2257
85474,lstick_y,-2257
85483,lstick_y,-2257
85491,lstick_y,-2257
85496,lstick_y,-2285
85499,lstick_y,-2285
85507,lstick_y,-2285
85515,lstick_y,-2285
85523,lstick_y,-2285
85531,lstick_y,-2285
85539,lstick_y,-2285
85545,lstick_y,-2365
85551,lstick_y,-2365
85554,lstick_y,-2365
85563,lstick_y,-2365
85571,lstick_y,-2365
85579,lstick_y,-2386
85587,lstick_y,-2386
85595,lstick_y,-2386
85603,lstick_y,-2386
85611,lstick_y,-2386
85619,lstick_y,-2386
85628,lstick_y,-2386
85632,lstick_x,1129
85632,lstick_y,-2841
85635,lstick_x,8317
85635,lstick_y,-3654
85639,lstick_x,8317
85639,lstick_y,-3654
85641,lstick_x,8317
85641,lstick_y,-3654
85651,lstick_x,8317
85651,lstick_y,-3654
85659,lstick_x,8317
85659,lstick_y,-3654
85666,lstick_x,17828
85666,lstick_y,-13220
85675,lstick_x,17828
85675,lstick_y,-13220
85683,lstick_x,17828
85683,lstick_y,-13220
85691,lstick_x,17828
85691,lstick_y,-13220
85699,lstick_x,17828
85699,lstick_y,-13220
85707,lstick_x,17828
85707,lstick_y,-13220
85716,lstick_x,17828
85716,lstick_y,-13220
85720,lstick_x,26320
85720,lstick_y,-15654
85723,lstick_x,26320
85723,lstick_y,-15654
85731,lstick_x,26320
85731,lstick_y,-15654
85739,lstick_x,26320
85739,lstick_y,-15654
85746,lstick_x,26993
85746,lstick_y,-17194
85755,lstick_x,26993
85755,lstick_y,-17194
85763,lstick_x,26993
85763,lstick_y,-17194
85771,lstick_x,26993
85771,lstick_y,-17194
85779,lstick_x,26993
85779,lstick_y,-17194
85787,lstick_x,26993
85787,lstick_y,-17194
85795,lstick_x,26993
85795,lstick_y,-17194
85802,lstick_x,27736
85802,lstick_y,-18788
85806,lstick_x,27736
85806,lstick_y,-18788
85811,lstick_x,27736
85811,lstick_y,-18788
85819,lstick_x,27736
85819,lstick_y,-18788
85827,lstick_x,27856
85827,lstick_y,-18996
85835,lstick_x,27856
85835,lstick_y,-18996
85843,lstick_x,27856
85843,lstick_y,-18996
85852,lstick_x,27856
85852,lstick_y,-18996
85859,lstick_x,27856
85859,lstick_y,-18996
85867,lstick_x,27856
85867,lstick_y,-18996
85875,lstick_x,27856
85875,lstick_y,-18996
85880,lstick_x,28168
85880,lstick_y,-19370
85884,lstick_x,28168
85884,lstick_y,-19370
85889,lstick_x,28168
85889,lstick_y,-19370
85891,lstick_x,28168
85891,lstick_y,-19370
85900,lstick_x,28168
85900,lstick_y,-19370
85908,lstick_x,28168
85908,lstick_y,-19370
85915,lstick_x,28168
85915,lstick_y,-19370
85923,lstick_x,28168
85923,lstick_y,-19370
85932,lstick_x,28168
85932,lstick_y,-19370
85939,lstick_x,28168
85939,lstick_y,-19370
85947,lstick_x,28168
85947,lstick_y,-19370
85955,lstick_x,28168
85955,lstick_y,-19370
85963,lstick_x,28168
85963,lstick_y,-19370
85970,lstick_x,28562
85970,lstick_y,-19033
85975,lstick_x,28562
85975,lstick_y,-19033
85978,lstick_x,28635
85978,lstick_y,-18964
85984,lstick_x,28635
85984,lstick_y,-18964
85987,lstick_x,28635
85987,lstick_y,-18964
85989,lstick_x,28635
85989,lstick_y,-18964
85995,lstick_x,28635
85995,lstick_y,-18964
86003,lstick_x,28635
86003,lstick_y,-18964
86012,lstick_x,28635
86012,lstick_y,-18964
86019,lstick_x,28747
86019,lstick_y,-18854
86028,lstick_x,28747
86028,lstick_y,-18854
86035,lstick_x,28747
86035,lstick_y,-18854
86043,lstick_x,28747
86043,lstick_y,-18854
86051,lstick_x,28747
86051,lstick_y,-18854
86059,lstick_x,28747
86059,lstick_y,-18854
86067,lstick_x,28862
86067,lstick_y,-18727
86070,lstick_x,28862
86070,lstick_y,-18727
86073,lstick_x,28862
86073,lstick_y,-18727
86075,lstick_x,28862
86075,lstick_y,-18727
86083,lstick_x,28862
86083,lstick_y,-18727
86091,lstick_x,28862
86091,lstick_y,-18727
86097,lstick_x,28935
86097,lstick_y,-18646
86107,lstick_x,28935
86107,lstick_y,-18646
86115,lstick_x,28935
86115,lstick_y,-18646
86124,lstick_x,28935
86124,lstick_y,-18646
86131,lstick_x,28935
86131,lstick_y,-18646
86139,lstick_x,28935
86139,lstick_y,-18646
86148,lstick_x,28935
86148,lstick_y,-18646
86153,lstick_x,29127
86153,lstick_y,-18443
86156,lstick_x,29127
86156,lstick_y,-18443
86164,lstick_x,29127
86164,lstick_y,-18443
86171,lstick_x,29127
86171,lstick_y,-18443
86178,lstick_x,29176
86178,lstick_y,-18395
86187,lstick_x,29176
86187,lstick_y,-18395
86195,lstick_x,29176
86195,lstick_y,-18395
86204,lstick_x,29176
86204,lstick_y,-18395
86212,lstick_x,29176
86212,lstick_y,-18395
86219,lstick_x,29176
86219,lstick_y,-18395
86228,lstick_x,29176
86228,lstick_y,-18395
86234,lstick_x,29272
86234,lstick_y,-18284
86237,lstick_x,29272
86237,lstick_y,-18284
86240,lstick_x,29272
86240,lstick_y,-18284
86243,lstick_x,29272
86243,lstick_y,-18284
86251,lstick_x,29272
86251,lstick_y,-18284
86260,lstick_x,29272
86260,lstick_y,-18284
86267,lstick_x,29272
86267,lstick_y,-18284
86275,lstick_x,29272
86275,lstick_y,-18284
86283,lstick_x,29272
86283,lstick_y,-18284
86291,lstick_x,29272
86291,lstick_y,-18284
86299,lstick_x,29272
86299,lstick_y,-18284
86307,lstick_x,29272
86307,lstick_y,-18284
86313,lstick_x,29369
86313,lstick_y,-18230
86316,lstick_x,29369
86316,lstick_y,-18230
86320,lstick_x,29369
86320,lstick_y,-18230
86323,lstick_x,29369
86323,lstick_y,-18230
86331,lstick_x,29369
86331,lstick_y,-18230
86339,lstick_x,29369
86339,lstick_y,-18230
86344,lstick_x,29369
86344,lstick_y,-18135
86347,lstick_x,29369
86347,lstick_y,-18135
86355,lstick_x,29369
86355,lstick_y,-18135
86363,lstick_x,29369
86363,lstick_y,-18135
86371,lstick_x,29369
86371,lstick_y,-18135
86379,lstick_x,29369
86379,lstick_y,-18135
86387,lstick_x,29369
86387,lstick_y,-18135
86391,lstick_x,29629
86391,lstick_y,-17351
86395,lstick_x,29629
86395,lstick_y,-17351
86400,lstick_x,29791
86400,lstick_y,-16876
86403,lstick_x,29791
86403,lstick_y,-16876
86412,lstick_x,29791
86412,lstick_y,-16876
86419,lstick_x,29791
86419,lstick_y,-16876
86427,lstick_x,29791
86427,lstick_y,-16876
86435,lstick_x,29791
86435,lstick_y,-16876
86443,lstick_x,29791
86443,lstick_y,-16876
86451,lstick_x,29791
86451,lstick_y,-16876
86459,lstick_x,29791
86459,lstick_y,-16876
86468,lstick_x,29791
86468,lstick_y,-16876
86472,lstick_x,30254
86472,lstick_y,-15721
86476,lstick_x,30254
86476,lstick_y,-15721
86483,lstick_x,30622
86483,lstick_y,-15013
86491,lstick_x,30622
86491,lstick_y,-15013
86499,lstick_x,30622
86499,lstick_y,-15013
86503,lstick_x,32767
86503,lstick_y,-12334
86507,lstick_x,32767
86507,lstick_y,-12334
86515,lstick_x,32767
86515,lstick_y,-12334
86523,lstick_x,32767
86523,lstick_y,-12334
86531,lstick_x,32767
86531,lstick_y,-12334
86539,lstick_x,32767
86539,lstick_y,-12334
86547,lstick_x,32767
86547,lstick_y,-12334
86556,lstick_x,32767
86556,lstick_y,-8309
86562,lstick_x,32767
86562,lstick_y,-8309
86571,lstick_x,32767
86571,lstick_y,-8309
86579,lstick_x,32767
86579,lstick_y,-8309
86606,lstick_x,32767
86606,lstick_y,-8309
86612,lstick_x,32767
86612,lstick_y,-5159
86619,lstick_x,32767
86619,lstick_y,-5159
86627,lstick_x,32767
86627,lstick_y,-5159
86634,lstick_x,32767
86634,lstick_y,-2861
86638,lstick_x,32767
86638,lstick_y,-2861
86641,lstick_x,32767
86641,lstick_y,-1710
86651,lstick_x,32767
86651,lstick_y,-1710
86659,lstick_x,32767
86659,lstick_y,-1710
86664,lstick_x,32767
86668,lstick_x,32767
86675,lstick_x,32767
86683,lstick_x,32767
86691,lstick_x,32767
86699,lstick_x,32767
86707,lstick_x,32767
86715,lstick_x,32767
86715,lstick_y,3052
86719,lstick_x,32767
86719,lstick_y,3052
86723,lstick_x,32767
86723,lstick_y,3052
86732,lstick_x,32767
86732,lstick_y,3052
86739,lstick_x,32767
86739,lstick_y,3052
86748,lstick_x,32767
86748,lstick_y,3052
86751,lstick_x,32767
86751,lstick_y,3997
86755,lstick_x,32767
86755,lstick_y,3997
86763,lstick_x,32767
86763,lstick_y,3997
86771,lstick_x,32767
86771,lstick_y,3997
86779,lstick_x,32767
86779,lstick_y,3997
86787,lstick_x,32767
86787,lstick_y,3997
86795,lstick_x,32767
86795,lstick_y,3997
86805,lstick_x,32767
86805,lstick_y,3997
86810,lstick_x,32767
86810,lstick_y,4813
86817,lstick_x,32767
86817,lstick_y,4813
86819,lstick_x,32767
86819,lstick_y,5119
86822,lstick_x,32767
86822,lstick_y,5119
86825,lstick_x,32767
86825,lstick_y,5119
86835,lstick_x,32767
86835,lstick_y,5119
86843,lstick_x,32767
86843,lstick_y,5119
86850,lstick_x,32767
86850,lstick_y,5315
86859,lstick_x,32767
86859,lstick_y,5315
86867,lstick_x,32767
86867,lstick_y,5315
86875,lstick_x,32767
86875,lstick_y,5315
86883,lstick_x,32767
86883,lstick_y,5315
86891,lstick_x,32767
86891,lstick_y,5315
86900,lstick_x,32767
86900,lstick_y,5315
86906,lstick_x,32767
86906,lstick_y,5441
86910,lstick_x,32767
86910,lstick_y,5441
86915,lstick_x,32767
86915,lstick_y,5441
86923,lstick_x,32767
86923,lstick_y,5441
86931,lstick_x,32767
86931,lstick_y,5441
86939,lstick_x,32767
86939,lstick_y,5441
86947,lstick_x,32767
86947,lstick_y,5441
86955,lstick_x,32767
86955,lstick_y,5441
86963,lstick_x,32767
86963,lstick_y,5441
86971,lstick_x,32767
86971,lstick_y,5441
86980,lstick_x,32767
86980,lstick_y,5441
86985,lstick_x,32767
86985,lstick_y,5068
86988,lstick_x,32767
86988,lstick_y,5068
86990,lstick_x,32767
86990,lstick_y,5068
86995,lstick_x,32767
86995,lstick_y,5068
87003,lstick_x,32767
87003,lstick_y,5068
87010,lstick_x,32767
87010,lstick_y,5068
87019,lstick_x,32767
87019,lstick_y,5068
87027,lstick_x,32767
87027,lstick_y,5068
87036,lstick_x,32767
87036,lstick_y,5068
87043,lstick_x,32767
87043,lstick_y,5068
87051,lstick_x,32767
87051,lstick_y,5068
87059,lstick_x,32767
87059,lstick_y,5068
87062,lstick_x,32767
87062,lstick_y,3464
87067,lstick_x,32767
87067,lstick_y,3464
87072,lstick_x,32767
87072,lstick_y,3464
87075,lstick_x,32767
87075,lstick_y,3464
87083,lstick_x,32767
87083,lstick_y,3464
87091,lstick_x,32767
87091,lstick_y,3464
87099,lstick_x,32767
87099,lstick_y,2670
87107,lstick_x,32767
87107,lstick_y,2670
87115,lstick_x,32767
87115,lstick_y,2670
87123,lstick_x,32767
87123,lstick_y,2670
87131,lstick_x,32767
87131,lstick_y,2670
87139,lstick_x,32767
87139,lstick_y,2670
87146,lstick_x,32767
87146,lstick_y,1689
87150,lstick_x,32767
87150,lstick_y,1244
87154,lstick_x,32767
87154,lstick_y,1244
87163,lstick_x,32767
87163,lstick_y,1244
87171,lstick_x,32767
87171,lstick_y,1244
87176,lstick_x,32767
87179,lstick_x,32767
87187,lstick_x,32767
87195,lstick_x,32767
87203,lstick_x,32767
87211,lstick_x,32767
87219,lstick_x,32767
87224,lstick_x,32767
87228,lstick_x,32767
87234,lstick_x,32767
87243,lstick_x,32767
87251,lstick_x,32767
87259,lstick_x,32767
87259,lstick_y,-1304
87267,lstick_x,32767
87267,lstick_y,-1304
87275,lstick_x,32767
87275,lstick_y,-1304
87283,lstick_x,32767
87283,lstick_y,-1304
87291,lstick_x,32767
87291,lstick_y,-1304
87299,lstick_x,32767
87299,lstick_y,-1304
87305,lstick_x,32767
87305,lstick_y,-2842
87307,lstick_x,32767
87307,lstick_y,-2842
87310,lstick_x,32767
87310,lstick_y,-2842
87315,lstick_x,32767
87315,lstick_y,-2842
87323,lstick_x,32767
87323,lstick_y,-2842
87331,lstick_x,32767
87331,lstick_y,-3918
87339,lstick_x,32767
87339,lstick_y,-3918
87347,lstick_x,32767
87347,lstick_y,-3918
87355,lstick_x,32767
87355,lstick_y,-3918
87363,lstick_x,32767
87363,lstick_y,-3918
87371,lstick_x,32767
87371,lstick_y,-3918
87379,lstick_x,32767
87379,lstick_y,-3918
87382,lstick_x,32767
87382,lstick_y,-5206
87386,lstick_x,32767
87386,lstick_y,-5206
87390,lstick_x,32767
87390,lstick_y,-5538
87395,lstick_x,32767
87395,lstick_y,-5538
87403,lstick_x,32767
87403,lstick_y,-5538
87409,lstick_x,32767
87409,lstick_y,-5821
87419,lstick_x,32767
87419,lstick_y,-5821
87428,lstick_x,32767
87428,lstick_y,-5821
87435,lstick_x,32767
87435,lstick_y,-5821
87443,lstick_x,32767
87443,lstick_y,-5821
87451,lstick_x,32767
87451,lstick_y,-5821
87459,lstick_x,32767
87459,lstick_y,-5821
87467,x,1
87467,lstick_x,32767
87467,lstick_y,-6440
87470,lstick_x,32767
87470,lstick_y,-6440
87474,lstick_x,32767
87474,lstick_y,-6440
87483,lstick_x,32767
87483,lstick_y,-6440
87491,lstick_x,32767
87491,lstick_y,-6440
87495,lstick_x,32767
87495,lstick_y,-6945
87499,lstick_x,32767
87499,lstick_y,-6945
87507,lstick_x,32767
87507,lstick_y,-6945
87515,lstick_x,32767
87515,lstick_y,-6945
87523,lstick_x,32767
87523,lstick_y,-6945
87531,lstick_x,32767
87531,lstick_y,-6945
87539,lstick_x,32767
87539,lstick_y,-6945
87546,lstick_x,32767
87546,lstick_y,-7490
87550,lstick_x,32767
87550,lstick_y,-7490
87554,lstick_x,32767
87554,lstick_y,-7490
87556,lstick_x,32767
87556,lstick_y,-7490
87563,lstick_x,32767
87563,lstick_y,-7490
87571,lstick_x,32767
87571,lstick_y,-7490
87579,lstick_x,32767
87579,lstick_y,-7490
87587,lstick_x,32767
87587,lstick_y,-7490
87595,lstick_x,32767
87595,lstick_y,-7490
87603,lstick_x,32767
87603,lstick_y,-7490
87611,lstick_x,32767
87611,lstick_y,-7490
87619,lstick_x,32767
87619,lstick_y,-7490
87628,lstick_x,32767
87628,lstick_y,-7490
87632,lstick_x,32767
87632,lstick_y,-4633
87634,lstick_x,32767
87634,lstick_y,-4633
87638,lstick_x,32767
87638,lstick_y,-4633
87643,lstick_x,32767
87643,lstick_y,-4633
87651,lstick_x,32767
87651,lstick_y,-4633
87668,x,0
87668,lstick_x,32767
87668,lstick_y,3495
87675,lstick_x,32767
87675,lstick_y,3495
87684,lstick_x,32767
87684,lstick_y,3495
87691,lstick_x,32767
87691,lstick_y,3495
87699,lstick_x,32767
87699,lstick_y,3495
87707,lstick_x,32767
87707,lstick_y,3495
87713,x,1
87713,lstick_x,32259
87713,lstick_y,6786
87716,lstick_x,32259
87716,lstick_y,6786
87720,lstick_x,31794
87720,lstick_y,7970
87724,lstick_x,31794
87724,lstick_y,7970
87731,lstick_x,31794
87731,lstick_y,7970
87739,lstick_x,31794
87739,lstick_y,7970
87743,lstick_x,31346
87743,lstick_y,9014
87747,lstick_x,31346
87747,lstick_y,9014
87755,lstick_x,31346
87755,lstick_y,9014
87763,lstick_x,31346
87763,lstick_y,9014
87771,lstick_x,31346
87771,lstick_y,9014
87779,lstick_x,31346
87779,lstick_y,9014
87787,lstick_x,31346
87787,lstick_y,9014
87795,lstick_x,29311
87795,lstick_y,13560
87800,lstick_x,29311
87800,lstick_y,13560
87803,lstick_x,29311
87803,lstick_y,13560
87811,lstick_x,29311
87811,lstick_y,13560
87819,lstick_x,29311
87819,lstick_y,13560
87826,x,0
87826,lstick_x,27384
87826,lstick_y,15901
87835,lstick_x,27384
87835,lstick_y,15901
87843,lstick_x,27384
87843,lstick_y,15901
87851,lstick_x,27384
87851,lstick_y,15901
87859,lstick_x,27384
87859,lstick_y,15901
87867,lstick_x,27384
87867,lstick_y,15901
87875,lstick_x,27384
87875,lstick_y,15901
87883,lstick_x,24172
87883,lstick_y,18283
87886,lstick_x,23253
87886,lstick_y,18887
87889,lstick_x,23253
87889,lstick_y,18887
87899,lstick_x,23253
87899,lstick_y,18887
87907,lstick_x,23253
87907,lstick_y,18887
87914,x,1
87914,lstick_x,22494
87914,lstick_y,19382
87924,lstick_x,22494
87924,lstick_y,19382
87931,lstick_x,22494
87931,lstick_y,19382
87939,lstick_x,22494
87939,lstick_y,19382
87947,lstick_x,22494
87947,lstick_y,19382
87955,lstick_x,22494
87955,lstick_y,19382
87963,lstick_x,21007
87963,lstick_y,20366
87967,lstick_x,21007
87967,lstick_y,20366
87970,lstick_x,21007
87970,lstick_y,20366
87979,lstick_x,21007
87979,lstick_y,20366
87987,lstick_x,21007
87987,lstick_y,20366
87995,lstick_x,20449
87995,lstick_y,20724
88003,lstick_x,20449
88003,lstick_y,20724
88012,lstick_x,20449
88012,lstick_y,20724
88019,lstick_x,20449
88019,lstick_y,20724
88028,lstick_x,20449
88028,lstick_y,20724
88035,lstick_x,20449
88035,lstick_y,20724
88043,lstick_x,20449
88043,lstick_y,20724
88047,x,0
88047,lstick_x,19965
88047,lstick_y,20988
88051,lstick_x,19783
88051,lstick_y,20767
88055,lstick_x,19783
88055,lstick_y,20767
88059,lstick_x,19783
88059,lstick_y,20767
88067,lstick_x,19783
88067,lstick_y,20767
88075,lstick_x,19783
88075,lstick_y,20767
88083,lstick_x,19718
88083,lstick_y,20633
88091,lstick_x,19718
88091,lstick_y,20633
88099,lstick_x,19718
88099,lstick_y,20633
88107,lstick_x,19718
88107,lstick_y,20633
88115,lstick_x,19718
88115,lstick_y,20633
88123,lstick_x,19718
88123,lstick_y,20633
88129,x,1
88129,lstick_x,19570
88129,lstick_y,20256
88132,lstick_x,19570
88132,lstick_y,20256
88137,lstick_x,19570
88137,lstick_y,20256
88147,lstick_x,19570
88147,lstick_y,20256
88155,lstick_x,19570
88155,lstick_y,20256
88160,lstick_x,19570
88160,lstick_y,19954
88163,lstick_x,19570
88163,lstick_y,19954
88171,lstick_x,19570
88171,lstick_y,19954
88179,lstick_x,19570
88179,lstick_y,19954
88187,lstick_x,19570
88187,lstick_y,19954
88195,lstick_x,19570
88195,lstick_y,19954
88203,lstick_x,19570
88203,lstick_y,19954
88211,lstick_x,19570
88211,lstick_y,19954
88216,x,0
88216,lstick_x,19716
88216,lstick_y,19227
88220,lstick_x,19716
88220,lstick_y,19227
88223,lstick_x,19716
88223,lstick_y,19227
88228,lstick_x,19716
88228,lstick_y,19227
88235,lstick_x,19716
88235,lstick_y,19227
88243,lstick_x,19716
88243,lstick_y,19227
88251,lstick_x,19716
88251,lstick_y,18345
88259,lstick_x,19716
88259,lstick_y,18345
88268,lstick_x,19716
88268,lstick_y,18345
88275,lstick_x,19716
88275,lstick_y,18345
88283,lstick_x,19716
88283,lstick_y,18345
88291,lstick_x,19716
88291,lstick_y,18345
88296,lstick_x,19716
88296,lstick_y,16938
88300,lstick_x,19716
88300,lstick_y,16938
88304,lstick_x,19789
88304,lstick_y,16461
88307,lstick_x,19789
88307,lstick_y,16461
88315,lstick_x,19789
88315,lstick_y,16461
88324,lstick_x,19789
88324,lstick_y,16461
88333,lstick_x,19900
88333,lstick_y,15856
88339,lstick_x,19900
88339,lstick_y,15856
88347,lstick_x,19900
88347,lstick_y,15856
88355,lstick_x,19900
88355,lstick_y,15856
88363,lstick_x,19900
88363,lstick_y,15856
88371,lstick_x,19900
88371,lstick_y,15856
88375,y,1
88375,lstick_x,20767
88375,lstick_y,13961
88379,lstick_x,20767
88379,lstick_y,13961
88384,lstick_x,21369
88384,lstick_y,13105
88386,lstick_x,21369
88386,lstick_y,13105
88390,lstick_x,21369
88390,lstick_y,13105
88395,lstick_x,21369
88395,lstick_y,13105
88403,lstick_x,21369
88403,lstick_y,13105
88411,lstick_x,21369
88411,lstick_y,13105
88419,lstick_x,22983
88419,lstick_y,11649
88427,lstick_x,22983
88427,lstick_y,11649
88435,lstick_x,22983
88435,lstick_y,11649
88443,lstick_x,22983
88443,lstick_y,11649
88451,lstick_x,22983
88451,lstick_y,11649
88459,lstick_x,22983
88459,lstick_y,11649
88467,lstick_x,22983
88467,lstick_y,11649
88472,lstick_x,26348
88472,lstick_y,10163
88475,lstick_x,26348
88475,lstick_y,10163
88483,lstick_x,26348
88483,lstick_y,10163
88491,lstick_x,26348
88491,lstick_y,10163
88497,lstick_x,27474
88497,lstick_y,9713
88507,lstick_x,27474
88507,lstick_y,9713
88515,lstick_x,27474
88515,lstick_y,9713
88523,lstick_x,27474
88523,lstick_y,9713
88531,lstick_x,27474
88531,lstick_y,9713
88539,lstick_x,27474
88539,lstick_y,9713
88547,y,0
88547,lstick_x,29776
88547,lstick_y,8551
88555,lstick_x,29776
88555,lstick_y,8551
88563,lstick_x,29776
88563,lstick_y,8551
88571,lstick_x,29776
88571,lstick_y,8551
88579,lstick_x,29776
88579,lstick_y,8551
88587,lstick_x,29776
88587,lstick_y,8551
88595,lstick_x,29776
88595,lstick_y,8551
88603,lstick_x,29776
88603,lstick_y,8551
88611,lstick_x,29776
88611,lstick_y,8551
88619,lstick_x,29776
88619,lstick_y,8551
88627,lstick_x,29776
88627,lstick_y,8551
88635,lstick_x,29776
88635,lstick_y,8551
88643,lstick_x,29776
88643,lstick_y,8551
88651,lstick_x,29776
88651,lstick_y,8551
88659,lstick_x,29776
88659,lstick_y,8551
88667,lstick_x,29776
88667,lstick_y,8551
88675,lstick_x,29776
88675,lstick_y,8551
88683,lstick_x,29776
88683,lstick_y,8551
88691,lstick_x,29776
88691,lstick_y,8551
88695,y,1
88695,lstick_x,32767
88695,lstick_y,6912
88699,lstick_x,32767
88699,lstick_y,6912
88707,lstick_x,32767
88707,lstick_y,6912
88715,lstick_x,32767
88715,lstick_y,6912
88718,y,0
88718,lstick_x,32767
88718,lstick_y,6884
88723,lstick_x,32767
88723,lstick_y,6884
88731,lstick_x,32767
88731,lstick_y,6884
88739,lstick_x,32767
88739,lstick_y,6884
88747,lstick_x,32767
88747,lstick_y,6884
88755,lstick_x,32767
88755,lstick_y,6884
88763,lstick_x,32767
88763,lstick_y,6884
88769,lstick_x,32657
88769,lstick_y,6803
88771,lstick_x,32657
88771,lstick_y,6803
88775,lstick_x,32657
88775,lstick_y,6803
88779,lstick_x,32657
88779,lstick_y,6803
88787,lstick_x,32657
88787,lstick_y,6803
88795,lstick_x,32657
88795,lstick_y,6803
88799,lstick_x,31343
88799,lstick_y,6765
88803,lstick_x,31343
88803,lstick_y,6765
88811,lstick_x,31343
88811,lstick_y,6765
88820,lstick_x,31343
88820,lstick_y,6765
88827,lstick_x,31343
88827,lstick_y,6765
88835,lstick_x,31343
88835,lstick_y,6765
88844,lstick_x,31343
88844,lstick_y,6765
88851,y,1
88851,lstick_x,21369
88851,lstick_y,6653
88856,lstick_x,21369
88856,lstick_y,6653
88859,lstick_x,21369
88859,lstick_y,6653
88867,lstick_x,21369
88867,lstick_y,6653
88875,lstick_x,21369
88875,lstick_y,6653
88879,lstick_x,13714
88879,lstick_y,6545
88883,lstick_x,13714
88883,lstick_y,6545
88891,lstick_x,13714
88891,lstick_y,6545
88899,lstick_x,13714
88899,lstick_y,6545
88907,lstick_x,13714
88907,lstick_y,6545
88915,lstick_x,13714
88915,lstick_y,6545
88924,lstick_x,13714
88924,lstick_y,6545
88932,y,0
88932,lstick_x,4881
88932,lstick_y,4883
88937,lstick_x,4096
88937,lstick_y,3953
88939,lstick_x,4096
88939,lstick_y,3953
88943,lstick_x,4096
88943,lstick_y,3953
88947,lstick_x,4096
88947,lstick_y,3953
88955,lstick_x,4096
88955,lstick_y,3953
88964,lstick_x,4096
88964,lstick_y,3953
88971,lstick_x,3468
88971,lstick_y,3186
88979,lstick_x,3468
88979,lstick_y,3186
88987,lstick_x,3468
88987,lstick_y,3186
88995,lstick_x,3468
88995,lstick_y,3186
89003,lstick_x,3468
89003,lstick_y,3186
89012,lstick_x,3468
89012,lstick_y,3186
89019,y,1
89019,lstick_x,1986
89019,lstick_y,1323
89023,lstick_x,1986
89023,lstick_y,1323
89027,lstick_x,1986
89027,lstick_y,1323
89035,lstick_x,1986
89035,lstick_y,1323
89044,lstick_x,1986
89044,lstick_y,1323
89051,lstick_x,1780
89051,lstick_y,1059
89059,lstick_x,1780
89059,lstick_y,1059
89067,lstick_x,1780
89067,lstick_y,1059
89075,lstick_x,1780
89075,lstick_y,1059
89083,lstick_x,1780
89083,lstick_y,1059
89096,lstick_x,1780
89096,lstick_y,1059
89100,lstick_x,1483
89103,lstick_x,1227
89106,lstick_x,1227
89115,lstick_x,1227
89123,lstick_x,1227
89126,lstick_x,1173
89131,lstick_x,1173
89139,lstick_x,1173
89147,lstick_x,1173
89155,lstick_x,1173
89163,lstick_x,1173
89171,lstick_x,1173
89180,y,0
89180,lstick_x,1067
89184,lstick_x,1067
89187,lstick_x,1067
89195,lstick_x,1067
89203,lstick_x,1067
89208,lstick_x,1027
89211,lstick_x,1027
89219,lstick_x,1027
89227,lstick_x,1027
89235,lstick_x,1027
89243,lstick_x,1027
89251,lstick_x,1027
89266,y,1
89410,y,0
89505,y,1
89670,y,0
89823,y,1
89984,y,0
90884,b,1
91046,b,0
91305,b,1
91537,b,0
91859,b,1
92011,b,0
93687,rtrigger,32767
93691,rtrigger,32767
93696,rtrigger,32767
93700,rtrigger,32767
93707,rtrigger,32767
93715,rtrigger,32767
93720,rtrigger,32767
93723,rtrigger,32767
93731,rtrigger,32767
93739,rtrigger,32767
93747,rtrigger,32767
93755,rtrigger,32767
93763,rtrigger,32767
93769,rtrigger,32767
93772,rtrigger,32767
93777,rtrigger,32767
93779,rtrigger,32767
93787,rtrigger,32767
93796,rtrigger,32767
93828,rtrigger,32767
93835,rtrigger,32767
93844,rtrigger,32767
93847,rtrigger,32767
93851,rtrigger,32767
93855,rtrigger,30399
93858,rtrigger,30399
93867,rtrigger,30399
93875,rtrigger,30399
93879,rtrigger,14687
93884,rtrigger,14687
93891,rtrigger,14687
93899,rtrigger,14687
93907,rtrigger,14687
93915,rtrigger,14687
93923,rtrigger,14687
94129,rtrigger,2271
94131,rtrigger,2271
94139,rtrigger,2271
94148,rtrigger,2271
94155,rtrigger,2271
94163,rtrigger,2271
94171,rtrigger,2271
94179,rtrigger,32767
94185,rtrigger,32767
94188,rtrigger,32767
94195,rtrigger,32767
94203,rtrigger,32767
94209,rtrigger,32767
94212,rtrigger,32767
94219,rtrigger,32767
94227,rtrigger,32767
94236,rtrigger,32767
94243,rtrigger,32767
94251,rtrigger,32767
94260,rtrigger,32767
94267,rtrigger,32767
94271,rtrigger,32767
94274,rtrigger,32767
94277,rtrigger,32767
94283,rtrigger,32767
94291,rtrigger,32767
94298,rtrigger,32767
94307,rtrigger,32767
94315,rtrigger,32767
94323,rtrigger,32767
94331,rtrigger,32767
94339,rtrigger,32767
94347,rtrigger,32767
94351,rtrigger,3295
94356,rtrigger,3295
94360,rtrigger,3295
94363,rtrigger,3295
94371,rtrigger,3295
94380,rtrigger,3295
95850,x,1
96083,x,0
96215,x,1
96303,x,0
96458,x,1
96563,x,0
96713,x,1
96794,x,0
96884,x,1
97060,x,0
97135,x,1
97267,x,0
97395,x,1
97555,x,0
98059,y,1
98207,y,0
98427,y,1
98592,y,0
98761,y,1
98923,y,0
100026,b,1
100193,b,0
100321,b,1
100495,b,0
103731,ltrigger,32767
103735,ltrigger,32767
103737,ltrigger,32767
103747,ltrigger,32767
103755,ltrigger,32767
103759,ltrigger,32767
103763,ltrigger,32767
103771,ltrigger,32767
103779,ltrigger,32767
103787,ltrigger,32767
103795,ltrigger,32767
103803,ltrigger,32767
103811,ltrigger,32767
103818,ltrigger,32767
103822,ltrigger,32767
103827,ltrigger,32767
103835,ltrigger,32767
103843,ltrigger,32767
103851,ltrigger,32767
103859,ltrigger,32767
103867,ltrigger,32767
103875,ltrigger,32767
103883,ltrigger,32767
103891,ltrigger,32767
103896,ltrigger,32767
103899,ltrigger,32767
103905,ltrigger,32767
103907,ltrigger,32767
103915,ltrigger,32767
103923,ltrigger,32767
103928,ltrigger,32767
103931,ltrigger,32767
103939,ltrigger,32767
103947,ltrigger,32767
103955,ltrigger,32767
103963,ltrigger,32767
103971,ltrigger,32767
103977,ltrigger,32767
103983,ltrigger,13919
103986,ltrigger,13919
103988,ltrigger,13919
103995,ltrigger,13919
104003,ltrigger,13919
105483,rtrigger,4479
105491,rtrigger,4479
105499,rtrigger,4479
105507,rtrigger,4479
105515,rtrigger,4479
105524,rtrigger,4479
105529,rtrigger,18207
105533,rtrigger,18207
105539,rtrigger,18207
105547,rtrigger,18207
105555,rtrigger,25535
105563,rtrigger,25535
105572,rtrigger,25535
105579,rtrigger,25535
105587,rtrigger,25535
105595,rtrigger,25535
105604,rtrigger,25535
105608,rtrigger,32767
105611,rtrigger,32767
105619,rtrigger,32767
105627,rtrigger,32767
105632,rtrigger,32767
105635,rtrigger,32767
105643,rtrigger,32767
105651,rtrigger,32767
105659,rtrigger,32767
105667,rtrigger,32767
105675,rtrigger,32767
105682,rtrigger,32767
105684,rtrigger,32767
105689,rtrigger,32767
105691,rtrigger,32767
105699,rtrigger,32767
105707,rtrigger,32767
105712,rtrigger,32767
105715,rtrigger,32767
105723,rtrigger,32767
105731,rtrigger,32767
105739,rtrigger,32767
105747,rtrigger,32767
105755,rtrigger,32767
105761,rtrigger,32767
105767,rtrigger,32767
105770,rtrigger,32767
105773,rtrigger,32767
105779,rtrigger,32767
105788,rtrigger,32767
105795,rtrigger,32767
105803,rtrigger,32767
105811,rtrigger,32767
105819,rtrigger,32767
105827,rtrigger,32767
105835,rtrigger,32767
105844,rtrigger,32767
105850,rtrigger,32767
105854,rtrigger,15903
105859,rtrigger,15903
105867,rtrigger,15903
105875,rtrigger,15903
105883,rtrigger,4191
105891,rtrigger,4191
105899,rtrigger,4191
105907,rtrigger,4191
105915,rtrigger,4191
105923,rtrigger,4191
107582,lstick_x,-1056
107587,lstick_x,-1056
107595,lstick_x,-1056
107603,lstick_x,-1056
107611,lstick_x,-1056
107619,lstick_x,-1056
107627,lstick_x,-1056
107635,lstick_x,-1056
107644,lstick_x,-1056
107651,lstick_x,-1056
107655,lstick_x,-1056
107659,lstick_x,-1056
107663,lstick_x,-1056
107667,lstick_x,-1056
107675,lstick_x,-1056
107683,lstick_x,-1056
107687,lstick_x,-1056
107691,lstick_x,-1056
107699,lstick_x,-1056
107707,lstick_x,-1056
107715,lstick_x,-1056
107721,lstick_x,-1056
107727,lstick_x,-1056
107730,lstick_x,-1056
107739,lstick_x,-1056
107747,lstick_x,-1056
107751,lstick_x,-1056
107755,lstick_x,-1056
107763,lstick_x,-1056
107771,lstick_x,-1056
107779,lstick_x,-1056
107784,lstick_y,-1175
107788,lstick_y,-1175
107793,lstick_y,-1861
107795,lstick_y,-1861
107800,lstick_y,-1861
107803,lstick_y,-1861
107811,lstick_y,-1861
107819,lstick_y,-1861
107827,lstick_x,18296
107827,lstick_y,-9356
107835,lstick_x,18296
107835,lstick_y,-9356
107843,lstick_x,18296
107843,lstick_y,-9356
107851,lstick_x,30471
107851,lstick_y,-11241
107856,lstick_x,30471
107856,lstick_y,-11241
107859,lstick_x,30471
107859,lstick_y,-11241
107867,lstick_x,30471
107867,lstick_y,-11241
107875,lstick_x,30471
107875,lstick_y,-11241
107882,lstick_x,30976
107882,lstick_y,-11839
107891,lstick_x,30976
107891,lstick_y,-11839
107899,lstick_x,30976
107899,lstick_y,-11839
107907,lstick_x,30976
107907,lstick_y,-11839
107914,x,1
107914,lstick_x,31518
107914,lstick_y,-11587
107919,lstick_x,31518
107919,lstick_y,-11587
107923,lstick_x,31518
107923,lstick_y,-11587
107931,lstick_x,31518
107931,lstick_y,-11587
107939,lstick_x,31518
107939,lstick_y,-11587
107946,lstick_x,31723
107946,lstick_y,-11391
107955,lstick_x,31723
107955,lstick_y,-11391
107963,lstick_x,31723
107963,lstick_y,-11391
107971,lstick_x,31723
107971,lstick_y,-11391
107982,lstick_x,32030
107982,lstick_y,-11130
107987,lstick_x,32236
107987,lstick_y,-10957
107995,lstick_x,32236
107995,lstick_y,-10957
108003,lstick_x,32236
108003,lstick_y,-10957
108009,lstick_x,32309
108009,lstick_y,-10893
108011,lstick_x,32309
108011,lstick_y,-10893
108019,lstick_x,32309
108019,lstick_y,-10893
108028,lstick_x,32309
108028,lstick_y,-10893
108035,lstick_x,32309
108035,lstick_y,-10893
108044,lstick_x,32309
108044,lstick_y,-10893
108049,lstick_x,32420
108049,lstick_y,-10847
108051,lstick_x,32420
108051,lstick_y,-10847
108055,lstick_x,32420
108055,lstick_y,-10847
108059,lstick_x,32420
108059,lstick_y,-10847
108067,lstick_x,32420
108067,lstick_y,-10847
108076,lstick_x,32420
108076,lstick_y,-10847
108083,lstick_x,32147
108083,lstick_y,-11011
108091,lstick_x,32147
108091,lstick_y,-11011
108099,lstick_x,32147
108099,lstick_y,-11011
108107,lstick_x,32147
108107,lstick_y,-11011
108112,lstick_x,31580
108112,lstick_y,-11295
108116,lstick_x,31580
108116,lstick_y,-11295
108120,lstick_x,31352
108120,lstick_y,-11450
108123,lstick_x,31352
108123,lstick_y,-11450
108132,lstick_x,31352
108132,lstick_y,-11450
108141,lstick_x,31352
108141,lstick_y,-11450
108147,lstick_x,31146
108147,lstick_y,-11608
108155,lstick_x,31146
108155,lstick_y,-11608
108164,lstick_x,31146
108164,lstick_y,-11608
108171,lstick_x,31146
108171,lstick_y,-11608
108179,lstick_x,31146
108179,lstick_y,-11608
108184,lstick_x,30669
108184,lstick_y,-12029
108187,lstick_x,30669
108187,lstick_y,-12029
108191,lstick_x,30669
108191,lstick_y,-12029
108194,lstick_x,30669
108194,lstick_y,-12029
108200,lstick_x,30558
108200,lstick_y,-12146
108203,lstick_x,30558
108203,lstick_y,-12146
108211,lstick_x,30558
108211,lstick_y,-12146
108219,lstick_x,30558
108219,lstick_y,-12146
108227,lstick_x,30469
108227,lstick_y,-12245
108235,lstick_x,30469
108235,lstick_y,-12245
108244,lstick_x,30469
108244,lstick_y,-12245
108251,lstick_x,30469
108251,lstick_y,-12245
108264,lstick_x,30300
108264,lstick_y,-12463
108267,lstick_x,30300
108267,lstick_y,-12463
108270,lstick_x,30300
108270,lstick_y,-12510
108274,lstick_x,30300
108274,lstick_y,-12510
108278,lstick_x,30300
108278,lstick_y,-12510
108283,lstick_x,30300
108283,lstick_y,-12510
108291,lstick_x,30300
108291,lstick_y,-12510
108299,lstick_x,30300
108299,lstick_y,-12510
108304,lstick_x,30233
108304,lstick_y,-12582
108307,lstick_x,30233
108307,lstick_y,-12582
108315,lstick_x,30233
108315,lstick_y,-12582
108323,lstick_x,30233
108323,lstick_y,-12582
108331,lstick_x,30233
108331,lstick_y,-12582
108339,lstick_x,30190
108339,lstick_y,-12611
108344,lstick_x,30190
108344,lstick_y,-12611
108348,lstick_x,30190
108348,lstick_y,-12611
108351,lstick_x,30190
108351,lstick_y,-12611
108355,lstick_x,30190
108355,lstick_y,-12611
108363,lstick_x,30190
108363,lstick_y,-12611
108369,lstick_x,30190
108369,lstick_y,-12611
108379,lstick_x,30190
108379,lstick_y,-12611
108387,lstick_x,30190
108387,lstick_y,-12611
108395,lstick_x,30190
108395,lstick_y,-12611
108403,lstick_x,30190
108403,lstick_y,-12611
108406,x,0
108406,lstick_x,30134
108406,lstick_y,-12681
108410,lstick_x,30134
108410,lstick_y,-12681
108417,lstick_x,30134
108417,lstick_y,-12681
108419,lstick_x,30134
108419,lstick_y,-12681
108428,lstick_x,30134
108428,lstick_y,-12681
108435,lstick_x,30134
108435,lstick_y,-12681
108443,lstick_x,30134
108443,lstick_y,-12681
108451,lstick_x,30134
108451,lstick_y,-12681
108459,lstick_x,30134
108459,lstick_y,-12681
108467,lstick_x,30134
108467,lstick_y,-12681
108474,lstick_x,30134
108474,lstick_y,-12681
108478,lstick_x,30134
108478,lstick_y,-12681
108483,lstick_x,30134
108483,lstick_y,-12681
108491,lstick_x,30134
108491,lstick_y,-12681
108499,lstick_x,30134
108499,lstick_y,-12681
108507,lstick_x,30134
108507,lstick_y,-12681
108515,lstick_x,30134
108515,lstick_y,-12681
108523,lstick_x,30134
108523,lstick_y,-12681
108533,lstick_x,30134
108533,lstick_y,-12681
108539,lstick_x,30134
108539,lstick_y,-12681
108543,lstick_x,30134
108543,lstick_y,-12681
108546,lstick_x,30134
108546,lstick_y,-12681
108555,lstick_x,30134
108555,lstick_y,-12681
108564,lstick_x,30134
108564,lstick_y,-12681
108567,lstick_x,30134
108567,lstick_y,-12681
108571,lstick_x,30134
108571,lstick_y,-12681
108579,lstick_x,30134
108579,lstick_y,-12681
108587,lstick_x,30134
108587,lstick_y,-12681
108595,lstick_x,30134
108595,lstick_y,-12681
108603,lstick_x,30134
108603,lstick_y,-12681
108607,lstick_x,30134
108607,lstick_y,-12681
108611,lstick_x,30134
108611,lstick_y,-12681
108619,lstick_x,30134
108619,lstick_y,-12681
108627,lstick_x,30134
108627,lstick_y,-12681
108635,lstick_x,30134
108635,lstick_y,-12681
108644,lstick_x,30134
108644,lstick_y,-12681
108651,lstick_x,30134
108651,lstick_y,-12681
108660,lstick_x,30134
108660,lstick_y,-12681
108667,lstick_x,30134
108667,lstick_y,-12681
108673,lstick_x,30134
108673,lstick_y,-12681
108678,lstick_x,30134
108678,lstick_y,-12681
108683,lstick_x,30134
108683,lstick_y,-12681
108691,lstick_x,30134
108691,lstick_y,-12681
108699,lstick_x,30134
108699,lstick_y,-12681
108707,lstick_x,30134
108707,lstick_y,-12681
108716,lstick_x,30134
108716,lstick_y,-12681
108723,lstick_x,30134
108723,lstick_y,-12681
108731,lstick_x,30134
108731,lstick_y,-12681
108739,lstick_x,30134
108739,lstick_y,-12681
108742,lstick_x,30134
108742,lstick_y,-12681
108748,lstick_x,30134
108748,lstick_y,-12681
108751,lstick_x,30134
108751,lstick_y,-12681
108755,lstick_x,30134
108755,lstick_y,-12681
108763,lstick_x,30134
108763,lstick_y,-12681
108767,lstick_x,30134
108767,lstick_y,-12681
108771,lstick_x,30134
108771,lstick_y,-12681
108779,lstick_x,30134
108779,lstick_y,-12681
108787,lstick_x,30134
108787,lstick_y,-12681
108795,lstick_x,30134
108795,lstick_y,-12681
108803,lstick_x,30134
108803,lstick_y,-12681
108811,lstick_x,30134
108811,lstick_y,-12681
108818,lstick_x,29925
108818,lstick_y,-13061
108821,lstick_x,29925
108821,lstick_y,-13061
108823,lstick_x,29925
108823,lstick_y,-13061
108826,lstick_x,29750
108826,lstick_y,-13434
108829,lstick_x,29750
108829,lstick_y,-13434
108835,lstick_x,29750
108835,lstick_y,-13434
108843,lstick_x,29750
108843,lstick_y,-13434
108849,lstick_x,29527
108849,lstick_y,-13869
108860,lstick_x,29527
108860,lstick_y,-13869
108867,lstick_x,29527
108867,lstick_y,-13869
108875,lstick_x,29527
108875,lstick_y,-13869
108883,lstick_x,29527
108883,lstick_y,-13869
108891,lstick_x,29527
108891,lstick_y,-13869
108899,lstick_x,29527
108899,lstick_y,-13869
108902,lstick_x,27513
108902,lstick_y,-17053
108907,lstick_x,27513
108907,lstick_y,-17053
108911,lstick_x,27513
108911,lstick_y,-17053
108915,lstick_x,27513
108915,lstick_y,-17053
108923,lstick_x,26826
108923,lstick_y,-18169
108931,lstick_x,26826
108931,lstick_y,-18169
108939,lstick_x,25974
108939,lstick_y,-19381
108947,lstick_x,25974
108947,lstick_y,-19381
108955,lstick_x,25974
108955,lstick_y,-19381
108963,lstick_x,25974
108963,lstick_y,-19381
108971,lstick_x,25974
108971,lstick_y,-19381
108979,lstick_x,25974
108979,lstick_y,-19381
108985,lstick_x,25151
108985,lstick_y,-20545
108987,lstick_x,25151
108987,lstick_y,-20545
108993,lstick_x,24315
108993,lstick_y,-21625
109003,lstick_x,24315
109003,lstick_y,-21625
109055,lstick_x,23368
109055,lstick_y,-22706
109060,lstick_x,20230
109060,lstick_y,-25591
109063,lstick_x,20230
109063,lstick_y,-25591
109067,lstick_x,18922
109067,lstick_y,-26569
109075,lstick_x,18922
109075,lstick_y,-26569
109084,lstick_x,18922
109084,lstick_y,-26569
109092,lstick_x,11144
109092,lstick_y,-27517
109099,lstick_x,11144
109099,lstick_y,-27517
109107,lstick_x,11144
109107,lstick_y,-27517
109115,lstick_x,11144
109115,lstick_y,-27517
109123,lstick_x,11144
109123,lstick_y,-27517
109131,lstick_x,11144
109131,lstick_y,-27517
109134,lstick_x,2206
109134,lstick_y,-32768
109139,lstick_x,1460
109139,lstick_y,-32768
109143,lstick_x,1460
109143,lstick_y,-32768
109147,lstick_x,1460
109147,lstick_y,-32768
109155,lstick_x,1460
109155,lstick_y,-32768
109208,lstick_x,1460
109208,lstick_y,-32768
109211,lstick_x,-7006
109211,lstick_y,-32768
109217,lstick_x,-7762
109217,lstick_y,-32768
109221,lstick_x,-7762
109221,lstick_y,-32768
109225,lstick_x,-7762
109225,lstick_y,-32768
109228,lstick_x,-7762
109228,lstick_y,-32768
109235,lstick_x,-7762
109235,lstick_y,-32768
109243,lstick_x,-7762
109243,lstick_y,-32768
109251,lstick_x,-9121
109251,lstick_y,-32661
109259,lstick_x,-9121
109259,lstick_y,-32661
109267,lstick_x,-9121
109267,lstick_y,-32661
109275,lstick_x,-9121
109275,lstick_y,-32661
109283,lstick_x,-9121
109283,lstick_y,-32661
109291,lstick_x,-9121
109291,lstick_y,-32661
109297,lstick_x,-10446
109297,lstick_y,-32511
109300,lstick_x,-10446
109300,lstick_y,-32511
109304,lstick_x,-10963
109304,lstick_y,-32453
109307,lstick_x,-10963
109307,lstick_y,-32453
109310,lstick_x,-10963
109310,lstick_y,-32453
109315,lstick_x,-10963
109315,lstick_y,-32453
109323,lstick_x,-10963
109323,lstick_y,-32453
109329,lstick_x,-11383
109329,lstick_y,-32401
109339,lstick_x,-11383
109339,lstick_y,-32401
109347,lstick_x,-11383
109347,lstick_y,-32401
109355,lstick_x,-11383
109355,lstick_y,-32401
109363,lstick_x,-11383
109363,lstick_y,-32401
109371,lstick_x,-11383
109371,lstick_y,-32401
109375,lstick_x,-12659
109375,lstick_y,-32287
109379,lstick_x,-12659
109379,lstick_y,-32287
109384,lstick_x,-12858
109384,lstick_y,-32226
109387,lstick_x,-12858
109387,lstick_y,-32226
109390,lstick_x,-12858
109390,lstick_y,-32226
109393,lstick_x,-12858
109393,lstick_y,-32226
109395,lstick_x,-13023
109395,lstick_y,-32226
109403,lstick_x,-13023
109403,lstick_y,-32226
109410,lstick_x,-13155
109410,lstick_y,-32183
109419,lstick_x,-13155
109419,lstick_y,-32183
109427,lstick_x,-13155
109427,lstick_y,-32183
109435,lstick_x,-13155
109435,lstick_y,-32183
109443,lstick_x,-13155
109443,lstick_y,-32183
109451,lstick_x,-13155
109451,lstick_y,-32183
109460,lstick_x,-13155
109460,lstick_y,-32183
109467,lstick_x,-13346
109467,lstick_y,-32183
109475,lstick_x,-13414
109475,lstick_y,-32183
109484,lstick_x,-13414
109484,lstick_y,-32183
109491,lstick_x,-13414
109491,lstick_y,-32183
109500,lstick_x,-13414
109500,lstick_y,-32183
109507,lstick_x,-13414
109507,lstick_y,-32183
109515,lstick_x,-13414
109515,lstick_y,-32183
109523,lstick_x,-13414
109523,lstick_y,-32183
109531,lstick_x,-13414
109531,lstick_y,-32183
109535,lstick_x,-13577
109535,lstick_y,-32127
109539,lstick_x,-13577
109539,lstick_y,-32127
109543,lstick_x,-13577
109543,lstick_y,-32127
109547,lstick_x,-13577
109547,lstick_y,-32127
109555,lstick_x,-13577
109555,lstick_y,-32127
109560,lstick_x,-13615
109560,lstick_y,-32127
109563,lstick_x,-13615
109563,lstick_y,-32127
109571,lstick_x,-13615
109571,lstick_y,-32127
109579,lstick_x,-13615
109579,lstick_y,-32127
109587,lstick_x,-13615
109587,lstick_y,-32127
109596,lstick_x,-13615
109596,lstick_y,-32127
109603,lstick_x,-13615
109603,lstick_y,-32127
109609,lstick_x,-13615
109609,lstick_y,-32127
109612,lstick_x,-13615
109612,lstick_y,-32127
109617,lstick_x,-13615
109617,lstick_y,-32127
109619,lstick_x,-13615
109619,lstick_y,-32127
109627,lstick_x,-13615
109627,lstick_y,-32127
109650,y,1
109650,lstick_x,-12074
109650,lstick_y,-32768
109659,lstick_x,-12074
109659,lstick_y,-32768
109667,lstick_x,-12074
109667,lstick_y,-32768
109675,lstick_x,-12074
109675,lstick_y,-32768
109684,lstick_x,-12074
109684,lstick_y,-32768
109690,lstick_x,-3170
109690,lstick_y,-32768
109693,lstick_x,-3170
109693,lstick_y,-32768
109699,lstick_x,-3170
109699,lstick_y,-32768
109708,lstick_x,-3170
109708,lstick_y,-32768
109715,lstick_x,4634
109715,lstick_y,-32768
109723,lstick_x,4634
109723,lstick_y,-32768
109731,lstick_x,4634
109731,lstick_y,-32768
109739,lstick_x,4634
109739,lstick_y,-32768
109747,lstick_x,4634
109747,lstick_y,-32768
109755,lstick_x,4634
109755,lstick_y,-32768
109762,lstick_x,7178
109762,lstick_y,-32768
109767,lstick_x,7178
109767,lstick_y,-32768
109771,lstick_x,7178
109771,lstick_y,-32768
109779,lstick_x,7178
109779,lstick_y,-32768
109784,lstick_x,10672
109784,lstick_y,-32458
109787,lstick_x,10672
109787,lstick_y,-32458
109795,lstick_x,10672
109795,lstick_y,-32458
109803,lstick_x,10672
109803,lstick_y,-32458
109811,lstick_x,10672
109811,lstick_y,-32458
109819,lstick_x,10672
109819,lstick_y,-32458
109826,lstick_x,12678
109826,lstick_y,-31925
109833,lstick_x,13436
109833,lstick_y,-31658
109836,lstick_x,13436
109836,lstick_y,-31658
109839,lstick_x,13436
109839,lstick_y,-31658
109842,lstick_x,13436
109842,lstick_y,-31658
109851,lstick_x,13436
109851,lstick_y,-31658
109859,y,0
109859,lstick_x,14636
109859,lstick_y,-31196
109867,lstick_x,14636
109867,lstick_y,-31196
109875,lstick_x,14636
109875,lstick_y,-31196
109883,lstick_x,14636
109883,lstick_y,-31196
109891,lstick_x,14636
109891,lstick_y,-31196
109899,lstick_x,14636
109899,lstick_y,-31196
109904,lstick_x,16075
109904,lstick_y,-30440
109908,lstick_x,16075
109908,lstick_y,-30440
109915,lstick_x,16075
109915,lstick_y,-30440
109923,lstick_x,16075
109923,lstick_y,-30440
109931,lstick_x,16075
109931,lstick_y,-30440
109939,lstick_x,16539
109939,lstick_y,-30111
109947,lstick_x,16539
109947,lstick_y,-30111
109955,lstick_x,16539
109955,lstick_y,-30111
109963,lstick_x,16539
109963,lstick_y,-30111
109971,lstick_x,16539
109971,lstick_y,-30111
109979,lstick_x,17500
109979,lstick_y,-29347
109985,lstick_x,17714
109985,lstick_y,-29185
109988,lstick_x,17714
109988,lstick_y,-29185
109995,lstick_x,17714
109995,lstick_y,-29185
110003,lstick_x,17714
110003,lstick_y,-29185
110007,lstick_x,17880
110007,lstick_y,-29056
110012,lstick_x,17880
110012,lstick_y,-29056
110019,lstick_x,17880
110019,lstick_y,-29056
110027,lstick_x,17880
110027,lstick_y,-29056
110035,lstick_x,17880
110035,lstick_y,-29056
110043,lstick_x,17880
110043,lstick_y,-29056
110050,lstick_x,18129
110050,lstick_y,-28865
110054,lstick_x,18217
110054,lstick_y,-28800
110058,lstick_x,18217
110058,lstick_y,-28800
110067,lstick_x,18217
110067,lstick_y,-28800
110075,lstick_x,18217
110075,lstick_y,-28800
110083,lstick_x,18351
110083,lstick_y,-28690
110091,lstick_x,18351
110091,lstick_y,-28690
110099,lstick_x,18351
110099,lstick_y,-28690
110107,lstick_x,18351
110107,lstick_y,-28690
110115,lstick_x,18351
110115,lstick_y,-28690
110119,lstick_x,18473
110119,lstick_y,-28592
110123,lstick_x,18473
110123,lstick_y,-28592
110128,lstick_x,18473
110128,lstick_y,-28592
110131,lstick_x,18473
110131,lstick_y,-28592
110139,lstick_x,18473
110139,lstick_y,-28592
110145,lstick_x,18499
110145,lstick_y,-28592
110147,lstick_x,18499
110147,lstick_y,-28592
110155,lstick_x,18499
110155,lstick_y,-28592
110163,lstick_x,18499
110163,lstick_y,-28592
110172,lstick_x,18499
110172,lstick_y,-28592
110179,lstick_x,18499
110179,lstick_y,-28592
110188,lstick_x,18499
110188,lstick_y,-28592
110194,lstick_x,18499
110194,lstick_y,-28518
110200,lstick_x,18499
110200,lstick_y,-28518
110203,lstick_x,18499
110203,lstick_y,-28518
110211,lstick_x,18499
110211,lstick_y,-28518
110217,lstick_x,18499
110217,lstick_y,-28518
110219,lstick_x,18499
110219,lstick_y,-28518
110227,lstick_x,18499
110227,lstick_y,-28518
110235,lstick_x,18499
110235,lstick_y,-28518
110243,lstick_x,18499
110243,lstick_y,-28518
110251,lstick_x,18499
110251,lstick_y,-28518
110259,lstick_x,18499
110259,lstick_y,-28518
110265,lstick_x,18603
110265,lstick_y,-28319
110269,lstick_x,18603
110269,lstick_y,-28319
110274,lstick_x,18603
110274,lstick_y,-28319
110283,lstick_x,18603
110283,lstick_y,-28319
110291,lstick_x,18603
110291,lstick_y,-28232
110299,lstick_x,18603
110299,lstick_y,-28232
110307,lstick_x,18603
110307,lstick_y,-28232
110315,lstick_x,18603
110315,lstick_y,-28232
110323,lstick_x,18603
110323,lstick_y,-28232
110331,lstick_x,18603
110331,lstick_y,-28232
110339,lstick_x,18603
110339,lstick_y,-28232
110345,lstick_x,18719
110345,lstick_y,-27968
110349,lstick_x,18719
110349,lstick_y,-27968
110355,lstick_x,18719
110355,lstick_y,-27968
110363,lstick_x,18719
110363,lstick_y,-27968
110367,lstick_x,18719
110367,lstick_y,-27889
110371,lstick_x,18719
110371,lstick_y,-27889
110379,lstick_x,18719
110379,lstick_y,-27889
110387,lstick_x,18719
110387,lstick_y,-27889
110395,lstick_x,18719
110395,lstick_y,-27889
110403,lstick_x,18719
110403,lstick_y,-27889
110411,lstick_x,18719
110411,lstick_y,-27889
110415,lstick_x,18817
110415,lstick_y,-27709
110419,lstick_x,18817
110419,lstick_y,-27709
110424,lstick_x,18817
110424,lstick_y,-27709
110428,lstick_x,18817
110428,lstick_y,-27709
110435,lstick_x,18817
110435,lstick_y,-27709
110439,lstick_x,18817
110439,lstick_y,-27642
110443,lstick_x,18817
110443,lstick_y,-27642
110451,lstick_x,18817
110451,lstick_y,-27642
110459,lstick_x,18817
110459,lstick_y,-27642
110467,lstick_x,18817
110467,lstick_y,-27642
110475,lstick_x,18817
110475,lstick_y,-27642
110483,lstick_x,18817
110483,lstick_y,-27642
110488,lstick_x,18919
110488,lstick_y,-27487
110492,lstick_x,18919
110492,lstick_y,-27487
110497,lstick_x,18919
110497,lstick_y,-27424
110499,lstick_x,18919
110499,lstick_y,-27424
110507,lstick_x,18919
110507,lstick_y,-27424
110562,lstick_x,18919
110562,lstick_y,-27374
110568,lstick_x,19199
110568,lstick_y,-26775
110571,lstick_x,19199
110571,lstick_y,-26775
110575,lstick_x,19199
110575,lstick_y,-26775
110578,lstick_x,19199
110578,lstick_y,-26775
110584,lstick_x,19257
110584,lstick_y,-26666
110587,lstick_x,19257
110587,lstick_y,-26666
110596,lstick_x,19257
110596,lstick_y,-26666
110602,lstick_x,19309
110602,lstick_y,-26504
110611,lstick_x,19309
110611,lstick_y,-26504
110619,lstick_x,19309
110619,lstick_y,-26504
110627,lstick_x,19309
110627,lstick_y,-26504
110636,lstick_x,19309
110636,lstick_y,-26504
110643,lstick_x,19309
110643,lstick_y,-26504
110650,lstick_x,19417
110650,lstick_y,-26401
110654,lstick_x,19417
110654,lstick_y,-26401
110658,lstick_x,19417
110658,lstick_y,-26401
110661,lstick_x,19417
110661,lstick_y,-26401
110667,lstick_x,19417
110667,lstick_y,-26401
110675,lstick_x,19417
110675,lstick_y,-26401
110683,lstick_x,19417
110683,lstick_y,-26401
110691,lstick_x,19481
110691,lstick_y,-26329
110699,lstick_x,19481
110699,lstick_y,-26329
110707,lstick_x,19481
110707,lstick_y,-26329
110715,lstick_x,19481
110715,lstick_y,-26329
110723,lstick_x,19481
110723,lstick_y,-26329
110733,lstick_x,19481
110733,lstick_y,-26329
110739,lstick_x,19824
110739,lstick_y,-26180
110743,lstick_x,19824
110743,lstick_y,-26180
110746,lstick_x,19881
110746,lstick_y,-26116
110750,lstick_x,19881
110750,lstick_y,-26116
110755,lstick_x,19881
110755,lstick_y,-26116
110763,lstick_x,19881
110763,lstick_y,-26116
110768,lstick_x,19927
110768,lstick_y,-26116
110771,lstick_x,19927
110771,lstick_y,-26116
110779,lstick_x,19927
110779,lstick_y,-26116
110787,lstick_x,19927
110787,lstick_y,-26116
110795,lstick_x,19927
110795,lstick_y,-26116
110803,lstick_x,19927
110803,lstick_y,-26116
110811,lstick_x,19927
110811,lstick_y,-26116
110814,lstick_x,20167
110814,lstick_y,-26018
110818,lstick_x,20167
110818,lstick_y,-26018
110821,lstick_x,20244
110821,lstick_y,-26018
110827,lstick_x,20244
110827,lstick_y,-26018
110835,lstick_x,20244
110835,lstick_y,-26018
110839,lstick_x,20312
110839,lstick_y,-26018
110843,lstick_x,20312
110843,lstick_y,-26018
110852,lstick_x,20312
110852,lstick_y,-26018
110859,lstick_x,20312
110859,lstick_y,-26018
110867,lstick_x,20312
110867,lstick_y,-26018
110875,lstick_x,20312
110875,lstick_y,-26018
110883,lstick_x,20312
110883,lstick_y,-26018
110890,lstick_x,20410
110890,lstick_y,-25964
110894,lstick_x,20410
110894,lstick_y,-25964
110899,lstick_x,20410
110899,lstick_y,-25964
110907,lstick_x,20410
110907,lstick_y,-25964
110915,lstick_x,20410
110915,lstick_y,-25964
110923,lstick_x,20473
110923,lstick_y,-25964
110931,lstick_x,20473
110931,lstick_y,-25964
110939,lstick_x,20473
110939,lstick_y,-25964
110947,lstick_x,20473
110947,lstick_y,-25964
110955,lstick_x,20473
110955,lstick_y,-25964
110963,lstick_x,20513
110963,lstick_y,-25919
110968,lstick_x,20513
110968,lstick_y,-25919
110971,lstick_x,20513
110971,lstick_y,-25919
110975,lstick_x,20513
110975,lstick_y,-25919
110977,lstick_x,20513
110977,lstick_y,-25919
110980,lstick_x,20513
110980,lstick_y,-25919
110984,lstick_x,20513
110984,lstick_y,-25919
110987,lstick_x,20513
110987,lstick_y,-25919
110995,lstick_x,20513
110995,lstick_y,-25919
111037,lstick_x,20513
111037,lstick_y,-25919
111044,lstick_x,20513
111044,lstick_y,-25919
111052,lstick_x,20513
111052,lstick_y,-25919
111059,lstick_x,20575
111059,lstick_y,-25919
111062,lstick_x,20575
111062,lstick_y,-25919
111076,lstick_x,20575
111076,lstick_y,-25919
111083,lstick_x,20575
111083,lstick_y,-25919
111091,lstick_x,20575
111091,lstick_y,-25919
111099,lstick_x,20575
111099,lstick_y,-25919
111107,lstick_x,20575
111107,lstick_y,-25919
111115,lstick_x,20575
111115,lstick_y,-25919
111123,lstick_x,20575
111123,lstick_y,-25919
111128,lstick_x,20575
111128,lstick_y,-25919
111132,lstick_x,20575
111132,lstick_y,-25919
111135,lstick_x,20575
111135,lstick_y,-25867
111139,lstick_x,20575
111139,lstick_y,-25867
111147,lstick_x,20575
111147,lstick_y,-25867
111155,lstick_x,20575
111155,lstick_y,-25867
111164,lstick_x,20575
111164,lstick_y,-25867
111171,lstick_x,20575
111171,lstick_y,-25867
111179,lstick_x,20575
111179,lstick_y,-25867
111187,lstick_x,20575
111187,lstick_y,-25867
111195,lstick_x,20575
111195,lstick_y,-25867
111203,lstick_x,20575
111203,lstick_y,-25867
111212,lstick_x,20575
111212,lstick_y,-25867
111217,lstick_x,20575
111217,lstick_y,-25867
111227,lstick_x,20575
111227,lstick_y,-25867
111281,lstick_x,20575
111281,lstick_y,-25867
111286,lstick_x,20609
111286,lstick_y,-25867
111291,lstick_x,20609
111291,lstick_y,-25867
111299,lstick_x,20609
111299,lstick_y,-25867
111307,lstick_x,20609
111307,lstick_y,-25867
111315,lstick_x,20609
111315,lstick_y,-25867
111324,lstick_x,20609
111324,lstick_y,-25867
111331,lstick_x,20609
111331,lstick_y,-25867
111339,lstick_x,20609
111339,lstick_y,-25867
111347,lstick_x,20609
111347,lstick_y,-25867
111355,lstick_x,20609
111355,lstick_y,-25867
111358,lstick_x,20609
111358,lstick_y,-25867
111364,lstick_x,20609
111364,lstick_y,-25867
111367,lstick_x,20609
111367,lstick_y,-25867
111372,lstick_x,20609
111372,lstick_y,-25867
111379,lstick_x,20609
111379,lstick_y,-25867
111384,lstick_x,20609
111384,lstick_y,-25867
111387,lstick_x,20609
111387,lstick_y,-25867
111395,lstick_x,20609
111395,lstick_y,-25867
111404,lstick_x,20609
111404,lstick_y,-25867
111411,lstick_x,20609
111411,lstick_y,-25867
111419,lstick_x,20609
111419,lstick_y,-25867
111428,lstick_x,20609
111428,lstick_y,-25867
111434,lstick_x,20609
111434,lstick_y,-25867
111439,lstick_x,20609
111439,lstick_y,-25867
111444,lstick_x,20609
111444,lstick_y,-25867
111451,lstick_x,20609
111451,lstick_y,-25867
111459,lstick_x,20609
111459,lstick_y,-25867
111467,lstick_x,20609
111467,lstick_y,-25867
111475,lstick_x,20609
111475,lstick_y,-25867
111483,lstick_x,20609
111483,lstick_y,-25867
111491,lstick_x,20609
111491,lstick_y,-25867
111499,lstick_x,20609
111499,lstick_y,-25867
111507,lstick_x,20609
111507,lstick_y,-25867
111515,lstick_x,20609
111515,lstick_y,-25867
111519,lstick_x,20609
111519,lstick_y,-25867
111523,lstick_x,20609
111523,lstick_y,-25867
111531,lstick_x,20609
111531,lstick_y,-25867
111535,lstick_x,20609
111535,lstick_y,-25867
111539,lstick_x,20609
111539,lstick_y,-25867
111548,lstick_x,20609
111548,lstick_y,-25867
111555,lstick_x,20609
111555,lstick_y,-25867
111563,lstick_x,20609
111563,lstick_y,-25867
111571,lstick_x,20609
111571,lstick_y,-25867
111579,lstick_x,20609
111579,lstick_y,-25867
111588,lstick_x,20609
111588,lstick_y,-25867
111594,lstick_x,20609
111594,lstick_y,-25867
111600,lstick_x,20609
111600,lstick_y,-25867
111603,lstick_x,20609
111603,lstick_y,-25867
111611,lstick_x,20609
111611,lstick_y,-25867
111618,lstick_x,20609
111618,lstick_y,-25867
111627,lstick_x,20609
111627,lstick_y,-25867
111635,lstick_x,20609
111635,lstick_y,-25867
111644,lstick_x,20609
111644,lstick_y,-25867
111651,lstick_x,20609
111651,lstick_y,-25867
111659,lstick_x,20609
111659,lstick_y,-25867
111667,lstick_x,20609
111667,lstick_y,-25867
111671,lstick_x,20609
111671,lstick_y,-25867
111675,lstick_x,20609
111675,lstick_y,-25867
111678,lstick_x,20609
111678,lstick_y,-25867
111683,lstick_x,20609
111683,lstick_y,-25867
111691,lstick_x,20609
111691,lstick_y,-25867
111699,lstick_x,20609
111699,lstick_y,-25867
111707,lstick_x,20609
111707,lstick_y,-25867
111716,lstick_x,20609
111716,lstick_y,-25867
111723,lstick_x,20609
111723,lstick_y,-25867
111731,lstick_x,20609
111731,lstick_y,-25867
111739,lstick_x,20609
111739,lstick_y,-25867
111747,lstick_x,20609
111747,lstick_y,-25867
111751,lstick_x,20609
111751,lstick_y,-25867
111755,lstick_x,20609
111755,lstick_y,-25867
111761,lstick_x,20609
111761,lstick_y,-25867
111763,lstick_x,20609
111763,lstick_y,-25867
111771,lstick_x,20609
111771,lstick_y,-25867
111776,lstick_x,20609
111776,lstick_y,-25867
111779,lstick_x,20609
111779,lstick_y,-25867
111788,lstick_x,20609
111788,lstick_y,-25867
111795,lstick_x,20609
111795,lstick_y,-25867
111803,lstick_x,20609
111803,lstick_y,-25867
111811,lstick_x,20609
111811,lstick_y,-25867
111819,lstick_x,20609
111819,lstick_y,-25867
111827,lstick_x,20609
111827,lstick_y,-25867
111833,lstick_x,20609
111833,lstick_y,-25867
111843,lstick_x,20609
111843,lstick_y,-25867
111851,lstick_x,20609
111851,lstick_y,-25867
111859,lstick_x,20609
111859,lstick_y,-25867
111867,lstick_x,20609
111867,lstick_y,-25867
111875,lstick_x,20609
111875,lstick_y,-25867
111883,lstick_x,20609
111883,lstick_y,-25867
111891,lstick_x,20609
111891,lstick_y,-25867
111901,lstick_x,20609
111901,lstick_y,-25867
111906,lstick_x,19387
111906,lstick_y,-26975
111910,lstick_x,19387
111910,lstick_y,-26975
111912,lstick_x,19387
111912,lstick_y,-26975
111915,lstick_x,19387
111915,lstick_y,-26975
111923,lstick_x,18792
111923,lstick_y,-27442
111930,lstick_x,18180
111930,lstick_y,-27884
111939,lstick_x,18180
111939,lstick_y,-27884
111947,lstick_x,18180
111947,lstick_y,-27884
111955,lstick_x,18180
111955,lstick_y,-27884
111963,lstick_x,18180
111963,lstick_y,-27884
111971,lstick_x,18180
111971,lstick_y,-27884
111979,lstick_x,16411
111979,lstick_y,-28901
111985,lstick_x,16411
111985,lstick_y,-28901
111987,lstick_x,16411
111987,lstick_y,-28901
111995,lstick_x,16411
111995,lstick_y,-28901
112003,lstick_x,15860
112003,lstick_y,-29177
112011,lstick_x,15860
112011,lstick_y,-29177
112019,lstick_x,15860
112019,lstick_y,-29177
112027,lstick_x,15860
112027,lstick_y,-29177
112035,lstick_x,15860
112035,lstick_y,-29177
112043,lstick_x,15860
112043,lstick_y,-29177
112052,lstick_x,15860
112052,lstick_y,-29177
112057,b,1
112057,lstick_x,11928
112057,lstick_y,-30522
112059,lstick_x,11928
112059,lstick_y,-30522
112062,lstick_x,11928
112062,lstick_y,-30522
112067,lstick_x,4959
112067,lstick_y,-30943
112075,lstick_x,4959
112075,lstick_y,-30943
112083,lstick_x,4959
112083,lstick_y,-30943
112092,lstick_x,4574
112092,lstick_y,-32768
112099,lstick_x,4574
112099,lstick_y,-32768
112107,lstick_x,4574
112107,lstick_y,-32768
112116,lstick_x,4574
112116,lstick_y,-32768
112123,lstick_x,4574
112123,lstick_y,-32768
112131,lstick_x,4574
112131,lstick_y,-32768
112136,lstick_x,3045
112136,lstick_y,-32768
112139,lstick_x,2072
112139,lstick_y,-32768
112143,lstick_x,2072
112143,lstick_y,-32768
112145,lstick_x,2072
112145,lstick_y,-32768
112150,lstick_x,2072
112150,lstick_y,-32768
112153,lstick_x,2072
112153,lstick_y,-32768
112155,lstick_x,2072
112155,lstick_y,-32768
112163,lstick_x,2072
112163,lstick_y,-32768
112168,lstick_x,1151
112168,lstick_y,-32768
112171,lstick_x,1151
112171,lstick_y,-32768
112179,lstick_x,1151
112179,lstick_y,-32768
112187,lstick_x,1151
112187,lstick_y,-32768
112196,lstick_x,1151
112196,lstick_y,-32768
112203,lstick_x,1151
112203,lstick_y,-32768
112211,lstick_x,1151
112211,lstick_y,-32768
112219,lstick_x,1151
112219,lstick_y,-32768
112224,lstick_x,-1736
112224,lstick_y,-32768
112227,lstick_x,-1736
112227,lstick_y,-32768
112235,lstick_x,-1736
112235,lstick_y,-32768
112243,lstick_x,-2190
112243,lstick_y,-32768
112251,lstick_x,-2190
112251,lstick_y,-32768
112259,lstick_x,-2190
112259,lstick_y,-32768
112268,lstick_x,-2190
112268,lstick_y,-32768
112275,lstick_x,-2190
112275,lstick_y,-32768
112283,lstick_x,-2190
112283,lstick_y,-32768
112291,lstick_x,-2190
112291,lstick_y,-32768
112295,lstick_x,-3367
112295,lstick_y,-32768
112300,lstick_x,-3367
112300,lstick_y,-32768
112304,b,0
112304,lstick_x,-3578
112304,lstick_y,-32768
112307,lstick_x,-3578
112307,lstick_y,-32768
112315,lstick_x,-3578
112315,lstick_y,-32768
112319,lstick_x,-3746
112319,lstick_y,-32768
112323,lstick_x,-3746
112323,lstick_y,-32768
112331,lstick_x,-3746
112331,lstick_y,-32768
112339,lstick_x,-3746
112339,lstick_y,-32768
112347,lstick_x,-3746
112347,lstick_y,-32768
112355,lstick_x,-3746
112355,lstick_y,-32768
112363,lstick_x,-3746
112363,lstick_y,-32768
112371,lstick_x,-4080
112371,lstick_y,-32768
112375,lstick_x,-4080
112375,lstick_y,-32768
112378,lstick_x,-4080
112378,lstick_y,-32768
112383,lstick_x,-4124
112383,lstick_y,-32768
112387,lstick_x,-4124
112387,lstick_y,-32768
112395,lstick_x,-4124
112395,lstick_y,-32768
112400,lstick_x,-4124
112400,lstick_y,-32768
112403,lstick_x,-4124
112403,lstick_y,-32768
112411,lstick_x,-4124
112411,lstick_y,-32768
112419,lstick_x,-4124
112419,lstick_y,-32768
112427,lstick_x,-4124
112427,lstick_y,-32768
112435,lstick_x,-4124
112435,lstick_y,-32768
112443,lstick_x,-4124
112443,lstick_y,-32768
112446,lstick_x,-2711
112446,lstick_y,-32768
112451,lstick_x,-2711
112451,lstick_y,-32768
112454,lstick_x,-1839
112454,lstick_y,-32768
112459,lstick_x,-1839
112459,lstick_y,-32768
112467,lstick_x,-1839
112467,lstick_y,-32768
112470,lstick_y,-32768
112475,lstick_y,-32768
112484,lstick_y,-32768
112491,lstick_y,-32768
112499,lstick_y,-32768
112507,lstick_y,-32768
112516,lstick_y,-32768
112521,lstick_x,7575
112521,lstick_y,-32768
112523,lstick_x,7575
112523,lstick_y,-32768
112526,lstick_x,7575
112526,lstick_y,-32768
112530,lstick_x,7910
112530,lstick_y,-32768
112533,lstick_x,7910
112533,lstick_y,-32768
112539,lstick_x,7910
112539,lstick_y,-32768
112547,lstick_x,7910
112547,lstick_y,-32768
112552,lstick_x,8415
112552,lstick_y,-32768
112555,lstick_x,8415
112555,lstick_y,-32768
112563,lstick_x,8415
112563,lstick_y,-32768
112571,lstick_x,8415
112571,lstick_y,-32768
112579,lstick_x,8415
112579,lstick_y,-32768
112587,lstick_x,8415
112587,lstick_y,-32768
112595,lstick_x,8415
112595,lstick_y,-32768
112598,lstick_x,10290
112598,lstick_y,-32262
112602,lstick_x,10290
112602,lstick_y,-32262
112606,lstick_x,11271
112606,lstick_y,-31581
112610,lstick_x,11271
112610,lstick_y,-31581
112613,lstick_x,11271
112613,lstick_y,-31581
112617,lstick_x,11271
112617,lstick_y,-31581
112627,lstick_x,11271
112627,lstick_y,-31581
112634,lstick_x,12465
112634,lstick_y,-30734
112644,lstick_x,12465
112644,lstick_y,-30734
112651,lstick_x,12465
112651,lstick_y,-30734
112659,lstick_x,12465
112659,lstick_y,-30734
112667,lstick_x,12465
112667,lstick_y,-30734
112676,lstick_x,12465
112676,lstick_y,-30734
112683,lstick_x,19467
112683,lstick_y,-28817
112691,lstick_x,20211
112691,lstick_y,-27734
112699,lstick_x,20211
112699,lstick_y,-27734
112707,lstick_x,21179
112707,lstick_y,-26588
112715,lstick_x,21179
112715,lstick_y,-26588
112723,lstick_x,21179
112723,lstick_y,-26588
112731,lstick_x,21179
112731,lstick_y,-26588
112739,lstick_x,21179
112739,lstick_y,-26588
112744,lstick_x,24551
112744,lstick_y,-19409
112748,lstick_x,24551
112748,lstick_y,-19409
112751,lstick_x,24551
112751,lstick_y,-19409
112755,lstick_x,24551
112755,lstick_y,-19409
112763,lstick_x,24551
112763,lstick_y,-19409
112771,lstick_x,25379
112771,lstick_y,-19145
112779,lstick_x,25379
112779,lstick_y,-19145
112787,lstick_x,25379
112787,lstick_y,-19145
112795,lstick_x,25379
112795,lstick_y,-19145
112803,lstick_x,25379
112803,lstick_y,-19145
112811,lstick_x,25379
112811,lstick_y,-19145
112818,lstick_x,27315
112818,lstick_y,-18642
112822,lstick_x,27315
112822,lstick_y,-18642
112827,lstick_x,27315
112827,lstick_y,-18642
112836,lstick_x,27315
112836,lstick_y,-18642
112842,lstick_x,27330
112842,lstick_y,-18800
112851,lstick_x,27330
112851,lstick_y,-18800
112859,lstick_x,27330
112859,lstick_y,-18800
112867,lstick_x,27330
112867,lstick_y,-18800
112875,lstick_x,27330
112875,lstick_y,-18800
112883,lstick_x,27330
112883,lstick_y,-18800
112891,lstick_x,27330
112891,lstick_y,-18800
112899,lstick_y,-2758
112902,lstick_y,-2758
112908,lstick_y,-2758
112915,lstick_y,-2758
112923,lstick_y,-2403
112931,lstick_y,-2403
112939,lstick_y,-2403
112948,lstick_y,-2403
112955,lstick_y,-2403
112963,lstick_y,-2403
112968,b,1
112968,lstick_y,-1564
112971,lstick_y,-1564
112975,lstick_y,-1564
112979,lstick_y,-1448
112983,lstick_y,-1448
112987,lstick_y,-1448
112995,lstick_y,-1448
113001,lstick_y,-1355
113003,lstick_y,-1355
113011,lstick_y,-1355
113019,lstick_y,-1355
113027,lstick_y,-1355
113035,lstick_y,-1355
113042,dpad_right,1
113042,dpad_down,1
113042,lstick_y,-1176
113050,lstick_y,-1176
113060,lstick_y,-1176
113068,lstick_y,-1176
113075,lstick_y,-1176
113083,lstick_y,-1176
113091,lstick_y,-1176
113099,lstick_y,-1176
113107,lstick_y,-1176
113113,lstick_y,-1064
113123,lstick_y,-1064
113131,lstick_y,-1064
113136,b,0
113136,lstick_y,-1064
113139,lstick_y,-1064
113147,lstick_y,-1064
113154,lstick_y,-1064
113163,lstick_y,-1064
113171,lstick_y,-1064
113179,lstick_y,-1064
113187,lstick_y,-1064
113196,lstick_y,-1064
113227,dpad_down,0
113307,dpad_right,0
114027,lstick_x,11126
114027,lstick_y,-3015
114034,lstick_x,18739
114034,lstick_y,-3986
114040,lstick_x,18739
114040,lstick_y,-3986
114043,lstick_x,18739
114043,lstick_y,-3986
114051,lstick_x,18739
114051,lstick_y,-3986
114059,lstick_x,18739
114059,lstick_y,-3986
114067,lstick_x,18739
114067,lstick_y,-3986
114075,lstick_x,18739
114075,lstick_y,-3986
114083,lstick_x,30050
114083,lstick_y,-13264
114091,lstick_x,30050
114091,lstick_y,-13264
114099,lstick_x,30050
114099,lstick_y,-13264
114107,lstick_x,30050
114107,lstick_y,-13264
114115,lstick_x,30050
114115,lstick_y,-13264
114123,lstick_x,30050
114123,lstick_y,-13264
114131,lstick_x,30050
114131,lstick_y,-13264
114139,lstick_x,30050
114139,lstick_y,-13264
114147,lstick_x,30050
114147,lstick_y,-13264
114161,lstick_x,30688
114161,lstick_y,-13819
114169,lstick_x,30780
114169,lstick_y,-13896
114179,lstick_x,30854
114179,lstick_y,-13963
114187,lstick_x,30854
114187,lstick_y,-13963
114195,lstick_x,30854
114195,lstick_y,-13963
114208,lstick_x,30854
114208,lstick_y,-13963
114211,lstick_x,30913
114211,lstick_y,-14011
114219,lstick_x,30913
114219,lstick_y,-14011
114227,lstick_x,30913
114227,lstick_y,-14011
114235,lstick_x,30913
114235,lstick_y,-14011
114244,lstick_x,30913
114244,lstick_y,-14011
114251,lstick_x,30913
114251,lstick_y,-14011
114259,lstick_x,30913
114259,lstick_y,-14011
114267,lstick_x,30913
114267,lstick_y,-14011
114282,lstick_x,30913
114282,lstick_y,-14011
114296,lstick_x,31018
114296,lstick_y,-14131
114299,lstick_x,31018
114299,lstick_y,-14131
114307,lstick_x,31059
114307,lstick_y,-14188
114315,lstick_x,31059
114315,lstick_y,-14188
114323,lstick_x,31059
114323,lstick_y,-14188
114332,lstick_x,31059
114332,lstick_y,-14188
114339,lstick_x,31059
114339,lstick_y,-14233
114347,lstick_x,31059
114347,lstick_y,-14233
114355,lstick_x,31059
114355,lstick_y,-14233
114363,lstick_x,31059
114363,lstick_y,-14233
114371,lstick_x,31059
114371,lstick_y,-14233
114379,lstick_x,31059
114379,lstick_y,-14233
114387,lstick_x,31059
114387,lstick_y,-14233
114395,lstick_x,31059
114395,lstick_y,-14233
114407,lstick_x,31059
114407,lstick_y,-14233
114410,lstick_x,31059
114410,lstick_y,-14233
114421,lstick_x,31059
114421,lstick_y,-14233
114427,lstick_x,31059
114427,lstick_y,-14286
114434,lstick_x,31059
114434,lstick_y,-14286
114443,lstick_x,31059
114443,lstick_y,-14286
114451,lstick_x,31059
114451,lstick_y,-14286
114459,lstick_x,31059
114459,lstick_y,-14286
114470,lstick_x,31059
114470,lstick_y,-14286
114473,lstick_x,31059
114473,lstick_y,-14286
114475,lstick_x,31059
114475,lstick_y,-14286
114483,lstick_x,31059
114483,lstick_y,-14286
114491,lstick_x,31059
114491,lstick_y,-14286
114499,lstick_x,31059
114499,lstick_y,-14286
114507,lstick_x,31059
114507,lstick_y,-14286
114515,lstick_x,31059
114515,lstick_y,-14286
114523,lstick_x,31059
114523,lstick_y,-14286
114531,lstick_x,31059
114531,lstick_y,-14286
114542,lstick_x,31059
114542,lstick_y,-14286
114547,lstick_x,31059
114547,lstick_y,-14105
114556,lstick_x,31059
114556,lstick_y,-14105
114563,lstick_x,31059
114563,lstick_y,-13914
114567,lstick_x,31059
114567,lstick_y,-13914
114571,lstick_x,31059
114571,lstick_y,-13914
114579,lstick_x,31059
114579,lstick_y,-13914
114587,lstick_x,31059
114587,lstick_y,-13914
114602,lstick_x,31059
114602,lstick_y,-13914
114611,lstick_x,31643
114611,lstick_y,-12926
114619,lstick_x,31643
114619,lstick_y,-12926
114627,lstick_x,31643
114627,lstick_y,-12926
114635,lstick_x,31643
114635,lstick_y,-12926
114643,lstick_x,31643
114643,lstick_y,-12926
114651,lstick_x,31643
114651,lstick_y,-12926
114659,lstick_x,31643
114659,lstick_y,-12926
114667,lstick_x,31643
114667,lstick_y,-12926
114674,lstick_x,32255
114674,lstick_y,-11447
114684,lstick_x,32255
114684,lstick_y,-11447
114692,lstick_x,32255
114692,lstick_y,-11447
114696,lstick_x,32324
114696,lstick_y,-11279
114699,lstick_x,32324
114699,lstick_y,-11279
114707,lstick_x,32324
114707,lstick_y,-11279
114715,lstick_x,32324
114715,lstick_y,-11279
114723,lstick_x,32324
114723,lstick_y,-11279
114731,lstick_x,32429
114731,lstick_y,-10978
114739,lstick_x,32429
114739,lstick_y,-10978
114747,lstick_x,32429
114747,lstick_y,-10978
114755,lstick_x,32429
114755,lstick_y,-10978
114768,lstick_x,32429
114768,lstick_y,-10978
114771,lstick_x,32475
114771,lstick_y,-10807
114782,lstick_x,32475
114782,lstick_y,-10807
114787,lstick_x,32475
114787,lstick_y,-10653
114795,lstick_x,32475
114795,lstick_y,-10653
114803,lstick_x,32475
114803,lstick_y,-10653
114811,lstick_x,32475
114811,lstick_y,-10653
114824,lstick_x,32475
114824,lstick_y,-10653
114828,lstick_x,32594
114828,lstick_y,-10197
114835,lstick_x,32594
114835,lstick_y,-10197
114843,lstick_x,32594
114843,lstick_y,-10197
114851,lstick_x,32594
114851,lstick_y,-10197
114859,lstick_x,32594
114859,lstick_y,-10197
114868,lstick_x,32594
114868,lstick_y,-10197
114875,lstick_x,32594
114875,lstick_y,-10197
114883,lstick_x,32594
114883,lstick_y,-10197
114893,lstick_x,32594
114893,lstick_y,-10197
114896,lstick_x,32767
114896,lstick_y,-9813
114899,lstick_x,32767
114899,lstick_y,-9813
114906,lstick_x,32767
114906,lstick_y,-9749
114913,lstick_x,32767
114913,lstick_y,-9749
114919,lstick_x,32767
114919,lstick_y,-9698
114923,lstick_x,32767
114923,lstick_y,-9698
114931,lstick_x,32767
114931,lstick_y,-9698
114939,lstick_x,32767
114939,lstick_y,-9698
114947,lstick_x,32767
114947,lstick_y,-9698
114958,lstick_x,32767
114958,lstick_y,-9698
114963,lstick_x,32767
114963,lstick_y,-9630
114971,lstick_x,32767
114971,lstick_y,-9630
114979,lstick_x,32767
114979,lstick_y,-9630
114987,lstick_x,32767
114987,lstick_y,-9630
114995,lstick_x,32767
114995,lstick_y,-9630
115003,lstick_x,32767
115003,lstick_y,-9630
115011,lstick_x,32767
115011,lstick_y,-9630
115019,lstick_x,32767
115019,lstick_y,-9630
115028,lstick_x,32767
115028,lstick_y,-9630
115035,lstick_x,32767
115035,lstick_y,-9598
115041,lstick_x,32767
115041,lstick_y,-9598
115045,lstick_x,32767
115045,lstick_y,-9598
115051,lstick_x,32767
115051,lstick_y,-9598
115059,lstick_x,32767
115059,lstick_y,-9598
115067,lstick_x,32767
115067,lstick_y,-9598
115075,lstick_x,32767
115075,lstick_y,-9598
115086,lstick_x,32767
115086,lstick_y,-9598
115090,lstick_x,32767
115090,lstick_y,-9598
115099,lstick_x,32767
115099,lstick_y,-9598
115107,lstick_x,32767
115107,lstick_y,-9598
115115,lstick_x,32767
115115,lstick_y,-9598
115123,lstick_x,32767
115123,lstick_y,-9598
115131,lstick_x,32767
115131,lstick_y,-9598
115139,lstick_x,32767
115139,lstick_y,-9598
115147,lstick_x,32767
115147,lstick_y,-9598
115156,lstick_x,32767
115156,lstick_y,-9598
115163,lstick_x,32767
115163,lstick_y,-9598
115170,lstick_x,32767
115170,lstick_y,-9598
115173,lstick_x,32767
115173,lstick_y,-9598
115179,lstick_x,32767
115179,lstick_y,-9598
115187,lstick_x,32767
115187,lstick_y,-9598
115195,lstick_x,32767
115195,lstick_y,-9598
115203,lstick_x,32767
115203,lstick_y,-9598
115210,lstick_x,32767
115210,lstick_y,-9598
115219,lstick_x,32767
115219,lstick_y,-9598
115227,lstick_x,32767
115227,lstick_y,-9598
115235,lstick_x,32767
115235,lstick_y,-9598
115243,lstick_x,32767
115243,lstick_y,-9598
115251,lstick_x,32767
115251,lstick_y,-9598
115259,lstick_x,32767
115259,lstick_y,-9598
115267,lstick_x,32767
115267,lstick_y,-9598
115275,lstick_x,32767
115275,lstick_y,-9598
115284,lstick_x,32767
115284,lstick_y,-9598
115295,lstick_x,32767
115295,lstick_y,-9763
115299,lstick_x,32767
115299,lstick_y,-9763
115307,lstick_x,32767
115307,lstick_y,-9949
115315,lstick_x,32767
115315,lstick_y,-9949
115323,lstick_x,32767
115323,lstick_y,-9949
115332,lstick_x,32767
115332,lstick_y,-9949
115339,lstick_x,32767
115339,lstick_y,-9949
115347,lstick_x,32767
115347,lstick_y,-10762
115355,lstick_x,32767
115355,lstick_y,-10762
115363,lstick_x,32767
115363,lstick_y,-10762
115371,lstick_x,32767
115371,lstick_y,-10762
115379,lstick_x,32767
115379,lstick_y,-10762
115387,lstick_x,32767
115387,lstick_y,-10762
115395,lstick_x,32767
115395,lstick_y,-10762
115403,lstick_x,32767
115403,lstick_y,-10762
115415,lstick_x,32767
115415,lstick_y,-10762
115420,lstick_x,32552
115420,lstick_y,-11886
115430,lstick_x,32552
115430,lstick_y,-11886
115435,lstick_x,32501
115435,lstick_y,-12018
115441,lstick_x,32501
115441,lstick_y,-12135
115451,lstick_x,32501
115451,lstick_y,-12135
115459,lstick_x,32501
115459,lstick_y,-12135
115467,lstick_x,32501
115467,lstick_y,-12135
115477,lstick_x,32501
115477,lstick_y,-12135
115483,lstick_x,32501
115483,lstick_y,-12229
115492,lstick_x,32501
115492,lstick_y,-12229
115499,lstick_x,32501
115499,lstick_y,-12229
115507,lstick_x,32501
115507,lstick_y,-12229
115515,lstick_x,32501
115515,lstick_y,-12229
115523,lstick_x,32501
115523,lstick_y,-12229
115532,lstick_x,32501
115532,lstick_y,-12229
115539,lstick_x,32501
115539,lstick_y,-12229
115547,lstick_x,32501
115547,lstick_y,-12229
115555,lstick_x,32501
115555,lstick_y,-12229
115563,lstick_x,32445
115563,lstick_y,-12560
115568,lstick_x,32445
115568,lstick_y,-12560
115571,lstick_x,32445
115571,lstick_y,-12560
115579,lstick_x,32445
115579,lstick_y,-12560
115587,lstick_x,32445
115587,lstick_y,-12560
115595,lstick_x,32445
115595,lstick_y,-12560
115601,lstick_x,32404
115601,lstick_y,-12602
115611,lstick_x,32404
115611,lstick_y,-12602
115619,lstick_x,32404
115619,lstick_y,-12602
115627,lstick_x,32404
115627,lstick_y,-12602
115635,lstick_x,32404
115635,lstick_y,-12602
115643,lstick_x,32404
115643,lstick_y,-12602
115651,lstick_x,32404
115651,lstick_y,-12602
115660,lstick_x,32404
115660,lstick_y,-12602
115667,lstick_x,32404
115667,lstick_y,-12602
115675,lstick_x,32404
115675,lstick_y,-12602
115684,lstick_x,32404
115684,lstick_y,-12602
115691,lstick_x,32404
115691,lstick_y,-12665
115699,lstick_x,32404
115699,lstick_y,-12665
115707,lstick_x,32404
115707,lstick_y,-12665
115715,lstick_x,32404
115715,lstick_y,-12665
115723,lstick_x,32404
115723,lstick_y,-12665
115727,lstick_x,32404
115727,lstick_y,-12665
115732,lstick_x,32404
115732,lstick_y,-12665
115739,lstick_x,32404
115739,lstick_y,-12665
115747,lstick_x,32404
115747,lstick_y,-12665
115755,lstick_x,32404
115755,lstick_y,-12665
115763,lstick_x,32404
115763,lstick_y,-12665
115771,lstick_x,32404
115771,lstick_y,-12665
115779,lstick_x,32404
115779,lstick_y,-12665
115790,lstick_x,32404
115790,lstick_y,-12665
115794,lstick_x,32404
115794,lstick_y,-12698
115803,lstick_x,32404
115803,lstick_y,-12698
115811,lstick_x,32404
115811,lstick_y,-12698
115819,lstick_x,32404
115819,lstick_y,-12698
115827,lstick_x,32404
115827,lstick_y,-12698
115835,lstick_x,32404
115835,lstick_y,-12698
115844,lstick_x,32404
115844,lstick_y,-12698
115851,lstick_x,32404
115851,lstick_y,-12698
115859,lstick_x,32404
115859,lstick_y,-12698
115867,lstick_x,32404
115867,lstick_y,-12698
115875,lstick_x,32404
115875,lstick_y,-12698
115883,lstick_x,32404
115883,lstick_y,-12698
115892,lstick_x,32404
115892,lstick_y,-12698
115899,lstick_x,32404
115899,lstick_y,-12698
115907,lstick_x,32404
115907,lstick_y,-12698
115915,lstick_x,32404
115915,lstick_y,-12698
115923,lstick_x,32404
115923,lstick_y,-12698
115933,lstick_x,32404
115933,lstick_y,-12698
115939,y,1
115939,lstick_x,30997
115939,lstick_y,-12850
115948,lstick_x,30997
115948,lstick_y,-12850
115952,lstick_x,15388
115952,lstick_y,-11586
115957,lstick_x,15388
115957,lstick_y,-11586
115962,lstick_x,15388
115962,lstick_y,-11586
115971,lstick_x,15388
115971,lstick_y,-11586
115979,lstick_x,15388
115979,lstick_y,-11586
115987,lstick_x,15388
115987,lstick_y,-11586
115996,lstick_x,15388
115996,lstick_y,-11586
116089,y,0
118507,y,1
118672,y,0
119034,x,1
119208,x,0
120931,lstick_x,2720
120931,lstick_y,-1751
120939,lstick_x,11321
120939,lstick_y,-3271
120947,lstick_x,11321
120947,lstick_y,-3271
120951,lstick_x,11808
120951,lstick_y,-4212
120955,lstick_x,11808
120955,lstick_y,-4212
120963,lstick_x,11808
120963,lstick_y,-4212
120971,lstick_x,11808
120971,lstick_y,-4212
120980,lstick_x,11808
120980,lstick_y,-4212
120987,lstick_x,11808
120987,lstick_y,-4212
120992,lstick_x,14336
120992,lstick_y,-6869
120995,lstick_x,14336
120995,lstick_y,-6869
121000,lstick_x,14336
121000,lstick_y,-6869
121003,lstick_x,14336
121003,lstick_y,-6869
121011,lstick_x,14336
121011,lstick_y,-6869
121018,lstick_x,14336
121018,lstick_y,-6869
121027,lstick_x,14336
121027,lstick_y,-6869
121035,lstick_x,14336
121035,lstick_y,-6869
121044,lstick_x,14336
121044,lstick_y,-6869
121051,lstick_x,14336
121051,lstick_y,-6869
121060,lstick_x,14336
121060,lstick_y,-6869
121067,lstick_x,16658
121067,lstick_y,-8517
121070,lstick_x,16658
121070,lstick_y,-8517
121073,lstick_x,16658
121073,lstick_y,-8517
121077,lstick_x,16658
121077,lstick_y,-8517
121084,lstick_x,20200
121084,lstick_y,-10407
121091,lstick_x,20200
121091,lstick_y,-10407
121099,lstick_x,20200
121099,lstick_y,-10407
121110,lstick_x,21383
121110,lstick_y,-11062
121115,lstick_x,21383
121115,lstick_y,-11062
121123,lstick_x,21383
121123,lstick_y,-11062
121132,lstick_x,21383
121132,lstick_y,-11062
121139,lstick_x,21383
121139,lstick_y,-11062
121146,lstick_x,29351
121146,lstick_y,-12877
121152,lstick_x,29351
121152,lstick_y,-12877
121155,lstick_x,29498
121155,lstick_y,-13337
121163,lstick_x,29498
121163,lstick_y,-13337
121171,lstick_x,29621
121171,lstick_y,-13705
121179,lstick_x,29621
121179,lstick_y,-13705
121187,lstick_x,29621
121187,lstick_y,-13705
121195,lstick_x,29621
121195,lstick_y,-13705
121203,lstick_x,29621
121203,lstick_y,-13705
121212,lstick_x,29621
121212,lstick_y,-13705
121219,lstick_x,29815
121219,lstick_y,-14224
121223,lstick_x,29815
121223,lstick_y,-14224
121227,lstick_x,29815
121227,lstick_y,-14224
121235,lstick_x,29815
121235,lstick_y,-14224
121240,lstick_x,29910
121240,lstick_y,-14386
121244,lstick_x,29910
121244,lstick_y,-14386
121251,lstick_x,29910
121251,lstick_y,-14386
121260,lstick_x,29910
121260,lstick_y,-14386
121267,lstick_x,29910
121267,lstick_y,-14386
121275,lstick_x,29910
121275,lstick_y,-14386
121282,lstick_x,30248
121282,lstick_y,-14565
121288,lstick_x,30248
121288,lstick_y,-14565
121291,lstick_x,30248
121291,lstick_y,-14565
121295,lstick_x,30316
121295,lstick_y,-14565
121299,lstick_x,30316
121299,lstick_y,-14565
121307,lstick_x,30316
121307,lstick_y,-14565
121316,lstick_x,30316
121316,lstick_y,-14565
121320,lstick_x,30424
121320,lstick_y,-14323
121323,lstick_x,30424
121323,lstick_y,-14323
121331,lstick_x,30424
121331,lstick_y,-14323
121339,lstick_x,30424
121339,lstick_y,-14323
121348,lstick_x,30424
121348,lstick_y,-14323
121356,lstick_x,30424
121356,lstick_y,-14323
121362,lstick_x,30582
121362,lstick_y,-14103
121368,lstick_x,30690
121368,lstick_y,-13987
121371,lstick_x,30690
121371,lstick_y,-13987
121379,lstick_x,30690
121379,lstick_y,-13987
121387,lstick_x,30690
121387,lstick_y,-13987
121406,lstick_x,30806
121406,lstick_y,-13871
121411,lstick_x,30806
121411,lstick_y,-13871
121420,lstick_x,30806
121420,lstick_y,-13871
121427,lstick_x,30806
121427,lstick_y,-13871
121430,lstick_x,30995
121430,lstick_y,-13657
121436,lstick_x,30995
121436,lstick_y,-13657
121441,lstick_x,31067
121441,lstick_y,-13567
121443,lstick_x,31067
121443,lstick_y,-13567
121451,lstick_x,31067
121451,lstick_y,-13567
121457,lstick_x,31131
121457,lstick_y,-13461
121459,lstick_x,31131
121459,lstick_y,-13461
121467,lstick_x,31131
121467,lstick_y,-13461
121475,lstick_x,31131
121475,lstick_y,-13461
121483,lstick_x,31131
121483,lstick_y,-13461
121491,lstick_x,31131
121491,lstick_y,-13461
121499,lstick_x,31551
121499,lstick_y,-12908
121505,lstick_x,31551
121505,lstick_y,-12908
121508,lstick_x,31551
121508,lstick_y,-12908
121511,lstick_x,31551
121511,lstick_y,-12908
121513,lstick_x,31551
121513,lstick_y,-12908
121517,lstick_x,31672
121517,lstick_y,-12682
121523,lstick_x,31672
121523,lstick_y,-12682
121531,lstick_x,31672
121531,lstick_y,-12682
121535,lstick_x,31822
121535,lstick_y,-12410
121539,lstick_x,31822
121539,lstick_y,-12410
121547,lstick_x,31822
121547,lstick_y,-12410
121555,lstick_x,31822
121555,lstick_y,-12410
121563,lstick_x,31822
121563,lstick_y,-12410
121571,lstick_x,31822
121571,lstick_y,-12410
121576,lstick_x,31954
121576,lstick_y,-12107
121579,lstick_x,31954
121579,lstick_y,-12107
121584,lstick_x,31954
121584,lstick_y,-12107
121587,lstick_x,31954
121587,lstick_y,-12107
121595,lstick_x,31954
121595,lstick_y,-12107
121616,lstick_x,32060
121616,lstick_y,-11807
121619,lstick_x,32060
121619,lstick_y,-11807
121627,lstick_x,32060
121627,lstick_y,-11807
121635,lstick_x,32060
121635,lstick_y,-11807
121643,lstick_x,32060
121643,lstick_y,-11807
121647,lstick_x,32767
121647,lstick_y,-10101
121652,lstick_x,32767
121652,lstick_y,-10101
121655,lstick_x,32767
121655,lstick_y,-9780
121659,lstick_x,32767
121659,lstick_y,-9780
121667,lstick_x,32767
121667,lstick_y,-9780
121672,lstick_x,32767
121672,lstick_y,-9483
121675,lstick_x,32767
121675,lstick_y,-9483
121683,lstick_x,32767
121683,lstick_y,-9483
121691,lstick_x,32767
121691,lstick_y,-9483
121699,lstick_x,32767
121699,lstick_y,-9483
121707,lstick_x,32767
121707,lstick_y,-9483
121716,lstick_x,32767
121716,lstick_y,-9483
121723,lstick_x,32767
121723,lstick_y,-8362
121726,lstick_x,32767
121726,lstick_y,-8001
121729,lstick_x,32767
121729,lstick_y,-8001
121731,lstick_x,32767
121731,lstick_y,-8001
121739,lstick_x,32767
121739,lstick_y,-8001
121748,lstick_x,32767
121748,lstick_y,-8001
121750,lstick_x,32767
121750,lstick_y,-7677
121755,lstick_x,32767
121755,lstick_y,-7677
121763,lstick_x,32767
121763,lstick_y,-7677
121771,lstick_x,32767
121771,lstick_y,-7677
121779,lstick_x,32767
121779,lstick_y,-7677
121787,lstick_x,32767
121787,lstick_y,-7677
121791,lstick_x,32767
121791,lstick_y,-6884
121795,lstick_x,32767
121795,lstick_y,-6884
121800,lstick_x,32767
121800,lstick_y,-6664
121803,lstick_x,32767
121803,lstick_y,-6664
121811,lstick_x,32767
121811,lstick_y,-6664
121818,lstick_x,32767
121818,lstick_y,-6459
121827,lstick_x,32767
121827,lstick_y,-6459
121835,lstick_x,32767
121835,lstick_y,-6459
121843,lstick_x,32767
121843,lstick_y,-6459
121851,lstick_x,32767
121851,lstick_y,-6459
121859,lstick_x,32767
121859,lstick_y,-6459
121867,lstick_x,32767
121867,lstick_y,-5952
121872,lstick_x,32767
121872,lstick_y,-5952
121875,lstick_x,32767
121875,lstick_y,-5952
121883,lstick_x,32767
121883,lstick_y,-5952
121886,lstick_x,32767
121886,lstick_y,-5747
121891,lstick_x,32767
121891,lstick_y,-5747
121899,lstick_x,32767
121899,lstick_y,-5747
121907,lstick_x,32767
121907,lstick_y,-5747
121916,lstick_x,32767
121916,lstick_y,-5747
121923,lstick_x,32767
121923,lstick_y,-5747
121931,lstick_x,32767
121931,lstick_y,-4678
121935,lstick_x,32767
121935,lstick_y,-4351
121939,lstick_x,32767
121939,lstick_y,-4351
121947,lstick_x,32767
121947,lstick_y,-4351
121955,lstick_x,32767
121955,lstick_y,-4083
121963,lstick_x,32767
121963,lstick_y,-4083
121971,lstick_x,32767
121971,lstick_y,-4083
121979,lstick_x,32767
121979,lstick_y,-4083
121987,lstick_x,32767
121987,lstick_y,-4083
121996,lstick_x,32767
121996,lstick_y,-4083
122002,lstick_x,32767
122002,lstick_y,-3187
122005,lstick_x,32767
122005,lstick_y,-3187
122009,lstick_x,32767
122009,lstick_y,-2878
122013,lstick_x,32767
122013,lstick_y,-2878
122017,lstick_x,32767
122017,lstick_y,-2878
122019,lstick_x,32767
122019,lstick_y,-2878
122028,lstick_x,32767
122028,lstick_y,-2878
122048,lstick_x,32767
122048,lstick_y,-2619
122051,lstick_x,32767
122051,lstick_y,-2619
122060,lstick_x,32767
122060,lstick_y,-2619
122067,lstick_x,32767
122067,lstick_y,-2619
122075,lstick_x,32767
122075,lstick_y,-2619
122084,lstick_x,32767
122084,lstick_y,-2190
122089,lstick_x,32767
122089,lstick_y,-1869
122091,lstick_x,32767
122091,lstick_y,-1869
122099,lstick_x,32767
122099,lstick_y,-1869
122104,lstick_x,32767
122104,lstick_y,-1453
122108,lstick_x,32767
122108,lstick_y,-1453
122115,lstick_x,32767
122115,lstick_y,-1453
122123,lstick_x,32767
122123,lstick_y,-1453
122131,lstick_x,32767
122131,lstick_y,-1453
122139,lstick_x,32767
122139,lstick_y,-1453
122148,lstick_x,32767
122148,lstick_y,-1453
122151,lstick_x,32767
122155,lstick_x,32767
122161,lstick_x,32767
122163,lstick_x,32767
122167,lstick_x,32767
122171,lstick_x,32767
122179,lstick_x,32767
122186,lstick_x,32767
122195,lstick_x,32767
122203,lstick_x,32767
122211,lstick_x,32767
122219,lstick_x,32767
122227,lstick_x,32767
122236,lstick_x,32767
122241,lstick_x,32767
122244,lstick_x,32767
122250,lstick_x,32767
122250,lstick_y,-1215
122259,lstick_x,32767
122259,lstick_y,-1215
122267,lstick_x,32767
122267,lstick_y,-1500
122275,lstick_x,32767
122275,lstick_y,-1500
122283,lstick_x,32767
122283,lstick_y,-1500
122291,lstick_x,32767
122291,lstick_y,-1500
122299,lstick_x,32767
122299,lstick_y,-1500
122307,lstick_x,32767
122307,lstick_y,-1500
122315,rtrigger,32767
122315,lstick_x,32767
122315,lstick_y,-2252
122319,rtrigger,32767
122319,lstick_x,32767
122319,lstick_y,-2252
122323,rtrigger,32767
122323,lstick_x,32767
122323,lstick_y,-2252
122331,rtrigger,32767
122331,lstick_x,32767
122331,lstick_y,-2252
122339,rtrigger,32767
122339,lstick_x,32767
122339,lstick_y,-2252
122347,rtrigger,32767
122347,lstick_x,32767
122347,lstick_y,-2553
122355,rtrigger,32767
122355,lstick_x,32767
122355,lstick_y,-2553
122363,rtrigger,32767
122363,lstick_x,32767
122363,lstick_y,-2553
122371,rtrigger,32767
122371,lstick_x,32767
122371,lstick_y,-2553
122379,rtrigger,32767
122379,lstick_x,32767
122379,lstick_y,-2553
122388,rtrigger,32767
122388,lstick_x,32767
122388,lstick_y,-2553
122393,rtrigger,32767
122393,lstick_x,32767
122393,lstick_y,-2940
122400,rtrigger,32767
122400,lstick_x,32767
122400,lstick_y,-3143
122403,rtrigger,32767
122403,lstick_x,32767
122403,lstick_y,-3143
122412,rtrigger,32767
122412,lstick_x,32767
122412,lstick_y,-3143
122417,rtrigger,32767
122417,lstick_x,32767
122417,lstick_y,-3499
122427,rtrigger,32767
122427,lstick_x,32767
122427,lstick_y,-3499
122435,rtrigger,32767
122435,lstick_x,32767
122435,lstick_y,-3499
122443,rtrigger,32767
122443,lstick_x,32767
122443,lstick_y,-3499
122451,rtrigger,32767
122451,lstick_x,32767
122451,lstick_y,-3499
122460,rtrigger,32767
122460,lstick_x,32767
122460,lstick_y,-3499
122463,rtrigger,32767
122463,lstick_x,32767
122463,lstick_y,-5417
122467,rtrigger,32767
122467,lstick_x,32767
122467,lstick_y,-5417
122472,rtrigger,32767
122472,lstick_x,32767
122472,lstick_y,-5417
122475,rtrigger,32767
122475,lstick_x,32767
122475,lstick_y,-5417
122483,rtrigger,32767
122483,lstick_x,32767
122483,lstick_y,-5417
122488,rtrigger,11967
122488,lstick_x,32767
122488,lstick_y,-6084
122491,rtrigger,11967
122491,lstick_x,32767
122491,lstick_y,-6084
122499,rtrigger,11967
122499,lstick_x,32767
122499,lstick_y,-6084
122507,rtrigger,11967
122507,lstick_x,32767
122507,lstick_y,-6084
122515,rtrigger,11967
122515,lstick_x,32767
122515,lstick_y,-6084
122523,rtrigger,11967
122523,lstick_x,32767
122523,lstick_y,-6084
122531,rtrigger,11967
122531,lstick_x,32767
122531,lstick_y,-6084
122537,lstick_x,31700
122537,lstick_y,-10091
122539,lstick_x,31700
122539,lstick_y,-10091
122545,lstick_x,31700
122545,lstick_y,-10091
122551,lstick_x,19041
122551,lstick_y,-10378
122555,lstick_x,19041
122555,lstick_y,-10378
122563,lstick_x,19041
122563,lstick_y,-10378
122568,lstick_x,7700
122568,lstick_y,-9417
122571,lstick_x,7700
122571,lstick_y,-9417
122579,lstick_x,7700
122579,lstick_y,-9417
122587,lstick_x,7700
122587,lstick_y,-9417
122595,lstick_x,7700
122595,lstick_y,-9417
122603,lstick_x,7700
122603,lstick_y,-9417
122611,lstick_x,7700
122611,lstick_y,-9417
122617,lstick_y,-1244
122622,lstick_y,-1244
122625,lstick_y,-1244
122628,lstick_y,-1244
122634,lstick_y,-1244
122643,lstick_y,-1244
122651,lstick_y,-1179
122659,lstick_y,-1179
122667,lstick_y,-1179
122675,lstick_y,-1179
122683,lstick_y,-1179
122691,lstick_y,-1179
122699,lstick_y,-1142
122704,lstick_y,-1142
122707,lstick_y,-1142
122711,lstick_y,-1142
122713,lstick_y,-1142
122717,lstick_y,-1142
122723,lstick_y,-1142
122731,lstick_y,-1142
122736,lstick_y,-1142
122739,lstick_y,-1142
122748,lstick_y,-1142
122755,lstick_y,-1142
122763,lstick_y,-1142
122771,lstick_y,-1142
122779,lstick_y,-1142
122786,lstick_y,-1142
122790,lstick_y,-1142
122794,lstick_y,-1142
122801,lstick_y,-1142
122803,lstick_y,-1142
122811,lstick_y,-1142
122819,lstick_y,-1142
122827,lstick_y,-1142
122835,lstick_y,-1142
122843,lstick_y,-1142
122851,lstick_y,-1142
122859,lstick_y,-1142
122867,lstick_y,-1142
122872,lstick_y,-1142
122875,lstick_y,-1142
122879,lstick_y,-1142
122883,lstick_y,-1142
122891,lstick_y,-1142
122900,lstick_y,-1142
122903,lstick_y,-1142
122907,lstick_y,-1142
122915,lstick_y,-1142
122924,lstick_y,-1142
122928,lstick_y,-1083
122931,lstick_y,-1083
122939,lstick_y,-1083
122947,lstick_y,-1083
122951,lstick_y,-1083
122955,lstick_y,-1083
122962,lstick_y,-1083
122967,lstick_y,-1083
122971,lstick_y,-1083
122979,lstick_y,-1083
122987,lstick_y,-1083
122992,lstick_y,-1083
122996,lstick_y,-1083
123000,lstick_y,-1083
123003,lstick_y,-1083
123011,lstick_y,-1083
123018,lstick_y,-1083
123021,lstick_y,-1083
123024,lstick_y,-1083
123028,lstick_y,-1083
123035,lstick_y,-1083
123042,lstick_y,-1083
123046,lstick_y,-1083
123050,lstick_y,-1083
123060,lstick_y,-1083
123068,lstick_y,-1083
123075,lstick_y,-1083
123083,lstick_y,-1083
123087,lstick_y,-1083
123091,lstick_y,-1083
123099,lstick_y,-1083
123105,lstick_y,-1083
123115,lstick_y,-1083
123123,lstick_y,-1083
123131,lstick_y,-1083
123140,lstick_y,-1083
123144,lstick_y,-1083
123148,lstick_y,-1083
123150,lstick_y,-1083
123155,lstick_y,-1083
123163,lstick_y,-1083
123167,lstick_y,-1083
123171,lstick_y,-1083
123179,lstick_y,-1083
123187,lstick_y,-1083
123196,lstick_y,-1083
123203,lstick_y,-1083
123206,lstick_y,-1083
123209,lstick_y,-1083
123213,lstick_y,-1083
123219,lstick_y,-1083
123228,lstick_y,-1083
123233,lstick_y,-1046
123235,lstick_y,-1046
123243,lstick_y,-1046
123251,lstick_y,-1046
123259,lstick_y,-1046
123267,lstick_y,-1046
123276,lstick_y,-1046
123280,lstick_y,-1046
123283,lstick_y,-1046
123291,lstick_y,-1046
123299,lstick_y,-1046
123307,lstick_y,-1046
123316,lstick_y,-1046
123323,lstick_y,-1046
123331,lstick_y,-1046
123339,lstick_y,-1046
123347,lstick_y,-1046
123352,lstick_y,-1046
123355,lstick_y,-1046
123359,lstick_y,-1046
123363,lstick_y,-1046
123371,lstick_y,-1046
123377,lstick_y,-1046
123379,lstick_y,-1046
123387,lstick_y,-1046
123395,lstick_y,-1046
123404,lstick_y,-1046
123411,lstick_y,-1046
123419,lstick_y,-1046
123427,lstick_y,-1046
123430,lstick_y,-1046
123434,lstick_y,-1046
123443,lstick_y,-1046
123451,lstick_y,-1046
123459,lstick_y,-1046
123467,lstick_y,-1046
123475,lstick_y,-1046
123484,lstick_y,-1046
123491,lstick_y,-1046
123499,lstick_y,-1046
123504,lstick_y,-1046
123507,lstick_y,-1046
123510,lstick_y,-1046
123516,lstick_y,-1046
123523,lstick_y,-1046
123531,lstick_y,-1046
123539,lstick_y,-1046
123548,lstick_y,-1046
123555,lstick_y,-1046
123563,lstick_y,-1046
123571,lstick_y,-1046
123579,lstick_y,-1046
123588,lstick_y,-1046
123590,lstick_y,-1046
123593,lstick_y,-1046
123596,lstick_y,-1046
123600,lstick_y,-1046
123603,lstick_y,-1046
123611,lstick_y,-1046
123619,lstick_y,-1046
123627,lstick_y,-1046
123635,lstick_y,-1046
123643,lstick_y,-1046
123651,lstick_y,-1046
123660,lstick_y,-1046
123667,lstick_y,-1046
123672,lstick_y,-1046
123676,lstick_y,-1046
123683,lstick_y,-1046
123691,lstick_y,-1046
123699,lstick_y,-1046
123707,lstick_y,-1046
123715,lstick_y,-1046
123723,lstick_y,-1046
123731,lstick_y,-1046
123739,lstick_y,-1046
123747,lstick_y,-1046
123750,lstick_y,-1046
123754,lstick_y,-1046
123758,lstick_y,-1046
123762,lstick_y,-1046
123767,lstick_y,-1046
123771,lstick_y,-1046
123779,lstick_y,-1046
123832,lstick_y,-1046
123836,lstick_y,-1046
123841,lstick_y,-1046
123843,lstick_y,-1046
123847,lstick_y,-1046
123850,lstick_y,-1046
123859,lstick_y,-1046
123867,lstick_y,-1046
123886,lstick_y,-1046
123891,lstick_y,-1046
123899,lstick_y,-1046
123907,lstick_y,-1046
123915,lstick_y,-1046
123922,lstick_y,-1046
123926,lstick_y,-1046
123931,lstick_y,-1046
123934,lstick_y,-1046
123939,lstick_y,-1046
123947,lstick_y,-1046
123954,lstick_y,-1046
123963,lstick_y,-1046
123971,lstick_y,-1046
123979,lstick_y,-1046
123987,lstick_y,-1046
123995,lstick_y,-1046
124005,lstick_y,-1046
124009,lstick_y,-1046
124012,lstick_y,-1046
124017,lstick_y,-1046
124019,lstick_y,-1046
124027,lstick_y,-1046
124033,lstick_y,-1046
124043,lstick_y,-1046
124051,lstick_y,-1046
124060,lstick_y,-1046
124067,lstick_y,-1046
124075,lstick_y,-1046
124081,lstick_y,-1046
124086,lstick_y,-1046
124090,lstick_y,-1046
124099,lstick_y,-1046
124106,lstick_y,-1046
124115,lstick_y,-1046
124123,lstick_y,-1046
124132,lstick_y,-1046
124139,lstick_y,-1046
124147,lstick_y,-1046
124155,lstick_y,-1046
124160,lstick_y,-1046
124163,lstick_y,-1046
124171,lstick_y,-1046
124179,lstick_y,-1046
124187,lstick_y,-1046
124195,lstick_y,-1046
124203,lstick_y,-1046
124211,lstick_y,-1046
124219,lstick_y,-1046
124228,lstick_y,-1046
124234,lstick_y,-1046
124243,lstick_y,-1046
124252,lstick_y,-1046
124259,lstick_y,-1046
124267,lstick_y,-1046
124275,lstick_y,-1046
124283,lstick_y,-1046
124291,lstick_y,-1046
124301,lstick_y,-1046
124306,lstick_y,-1046
124310,lstick_y,-1046
124315,lstick_y,-1046
124323,lstick_y,-1046
124331,lstick_y,-1046
124334,lstick_y,-1046
124339,lstick_y,-1046
124347,lstick_y,-1046
124355,lstick_y,-1046
124363,lstick_y,-1046
124371,lstick_y,-1046
124379,lstick_y,-1046
124384,lstick_y,-1046
124387,lstick_y,-1046
124391,lstick_y,-1046
124396,lstick_y,-1046
124403,lstick_y,-1046
124411,lstick_y,-1046
124420,lstick_y,-1046
124427,lstick_y,-1046
124435,lstick_y,-1046
124443,lstick_y,-1046
124451,lstick_y,-1046
124457,lstick_y,-1046
124460,lstick_y,-1046
124467,lstick_y,-1046
124471,lstick_y,-1046
124475,lstick_y,-1046
124483,lstick_y,-1046
124491,lstick_y,-1046
124499,lstick_y,-1046
124507,lstick_y,-1046
124515,lstick_y,-1046
124523,lstick_y,-1046
124531,lstick_y,-1046
124536,lstick_y,-1046
124539,lstick_y,-1046
124543,lstick_y,-1046
124546,lstick_y,-1046
124550,lstick_y,-1046
124555,lstick_y,-1046
124563,lstick_y,-1046
124569,lstick_y,-1046
124579,lstick_y,-1046
124587,lstick_y,-1046
124595,lstick_y,-1046
124603,lstick_y,-1046
124611,lstick_y,-1046
124620,lstick_y,-1046
124628,lstick_y,-1046
124634,lstick_y,-1046
124643,lstick_y,-1046
124651,lstick_y,-1046
124659,lstick_y,-1046
124668,lstick_y,-1046
124675,lstick_y,-1046
124683,lstick_y,-1046
124692,lstick_y,-1046
124697,lstick_y,-1046
124699,lstick_y,-1046
124707,lstick_y,-1046
124715,lstick_y,-1046
124719,lstick_y,-1046
124723,lstick_y,-1046
124732,lstick_y,-1046
124739,lstick_y,-1046
124747,lstick_y,-1046
124755,lstick_y,-1046
124763,lstick_y,-1046
124766,lstick_y,-1046
124770,lstick_y,-1046
124774,lstick_y,-1046
124779,lstick_y,-1046
124788,lstick_y,-1046
124795,lstick_y,-1046
124803,lstick_y,-1046
124811,lstick_y,-1046
124819,lstick_y,-1046
124828,lstick_y,-1046
124831,lstick_y,-1046
124834,lstick_y,-1046
124836,lstick_y,-1046
124843,lstick_y,-1046
124851,lstick_y,-1046
124859,lstick_y,-1046
124867,lstick_y,-1046
124875,lstick_y,-1046
124883,lstick_y,-1046
124891,lstick_y,-1046
124899,lstick_y,-1046
124901,lstick_y,-1046
124905,lstick_y,-1046
124915,lstick_y,-1046
124922,lstick_y,-1046
124931,lstick_y,-1046
124939,lstick_y,-1046
124947,lstick_y,-1046
124955,lstick_y,-1046
124963,lstick_y,-1046
124971,lstick_y,-1046
124975,lstick_y,-1046
124979,lstick_y,-1046
124984,lstick_y,-1046
124987,lstick_y,-1046
124996,lstick_y,-1046
125001,lstick_y,-1046
125011,lstick_y,-1046
125019,lstick_y,-1046
125028,lstick_y,-1046
125035,lstick_y,-1046
125043,lstick_y,-1046
125050,lstick_y,-1046
125053,lstick_y,-1046
125057,lstick_y,-1046
125060,lstick_y,-1046
125063,lstick_y,-1046
125067,lstick_y,-1046
125071,lstick_y,-1046
125075,lstick_y,-1046
125083,lstick_y,-1046
125086,lstick_y,-1046
125091,lstick_y,-1046
125099,lstick_y,-1046
125107,lstick_y,-1046
125115,lstick_y,-1046
125123,lstick_y,-1046
125131,lstick_y,-1046
125137,lstick_y,-1046
125140,lstick_y,-1046
125144,lstick_y,-1046
125147,lstick_y,-1046
125155,lstick_y,-1046
125161,lstick_y,-1046
125163,lstick_y,-1046
125171,lstick_y,-1046
125179,lstick_y,-1046
125187,lstick_y,-1046
125195,lstick_y,-1046
125201,lstick_y,-1046
125204,lstick_y,-1046
125208,lstick_y,-1046
125211,lstick_y,-1046
125219,lstick_y,-1046
125224,lstick_y,-1046
125227,lstick_y,-1046
125235,lstick_y,-1046
125243,lstick_y,-1046
125251,lstick_y,-1046
125260,lstick_y,-1046
125267,lstick_y,-1046
125270,lstick_y,-1046
125275,lstick_y,-1046
125283,lstick_y,-1046
125288,lstick_y,-1046
125291,lstick_y,-1046
125299,lstick_y,-1046
125307,lstick_y,-1046
125316,lstick_y,-1046
125325,lstick_y,-1046
125331,lstick_y,-1046
125335,lstick_y,-1046
125339,lstick_y,-1046
125347,lstick_y,-1046
125352,lstick_y,-1046
125355,lstick_y,-1046
125363,lstick_y,-1046
125371,lstick_y,-1046
125379,lstick_y,-1046
125387,lstick_y,-1046
125391,lstick_y,-1046
125395,lstick_y,-1046
125403,lstick_y,-1046
125412,lstick_y,-1046
125419,lstick_y,-1046
125427,lstick_y,-1046
125436,lstick_y,-1046
125443,lstick_y,-1046
125448,lstick_y,-1046
125452,lstick_y,-1046
125456,lstick_y,-1046
125460,lstick_y,-1046
125462,lstick_y,-1046
125467,lstick_y,-1046
125470,lstick_y,-1046
125475,lstick_y,-1046
125484,lstick_y,-1046
125490,lstick_y,-1046
125499,lstick_y,-1046
125507,lstick_y,-1046
125515,lstick_y,-1046
125523,lstick_y,-1046
125531,lstick_y,-1046
125538,lstick_y,-1046
125541,lstick_y,-1046
125544,lstick_y,-1046
125547,lstick_y,-1046
125550,lstick_y,-1046
125555,lstick_y,-1046
125563,lstick_y,-1046
125568,lstick_y,-1046
125571,lstick_y,-1046
125579,lstick_y,-1046
125587,lstick_y,-1046
125595,lstick_y,-1046
125602,lstick_y,-1046
125606,lstick_y,-1046
125610,lstick_y,-1046
125619,lstick_y,-1046
125627,lstick_y,-1046
125635,lstick_y,-1046
125643,lstick_y,-1046
125652,lstick_y,-1046
125659,lstick_y,-1046
125666,lstick_y,-1046
125669,lstick_y,-1046
125675,lstick_y,-1046
125683,lstick_y,-1046
125687,lstick_y,-1046
125691,lstick_y,-1046
125699,lstick_y,-1046
125707,lstick_y,-1046
125715,lstick_y,-1046
125720,lstick_y,-1046
125724,lstick_y,-1046
125728,lstick_y,-1046
125731,lstick_y,-1046
125737,lstick_y,-1046
125739,lstick_y,-1046
125747,lstick_y,-1046
125762,lstick_y,-1046
125771,lstick_y,-1046
125779,lstick_y,-1046
125787,lstick_y,-1046
125790,lstick_y,-1046
125795,lstick_y,-1046
125803,lstick_y,-1046
125811,lstick_y,-1046
125819,lstick_y,-1046
125827,lstick_y,-1046
125835,lstick_y,-1046
125843,lstick_y,-1046
125850,lstick_y,-1046
125859,lstick_y,-1046
125867,lstick_y,-1046
125875,lstick_y,-1046
125883,lstick_y,-1046
125891,lstick_y,-1046
125897,lstick_y,-1046
125901,lstick_y,-1046
125905,lstick_y,-1046
125907,lstick_y,-1046
125915,lstick_y,-1046
125922,lstick_y,-1046
125931,lstick_y,-1046
125939,lstick_y,-1046
125947,lstick_y,-1046
125955,lstick_y,-1046
125959,lstick_y,-1046
125963,lstick_y,-1046
125967,lstick_y,-1046
125971,lstick_y,-1046
125979,lstick_y,-1046
125987,lstick_y,-1046
125995,lstick_y,-1046
126003,lstick_y,-1046
126011,lstick_y,-1046
126019,lstick_y,-1046
126028,lstick_y,-1046
126034,lstick_y,-1046
126043,lstick_y,-1046
126051,lstick_y,-1046
126059,lstick_y,-1046
126067,lstick_y,-1046
126075,lstick_y,-1046
126083,lstick_y,-1046
126087,lstick_y,-1046
126092,lstick_y,-1046
126099,lstick_y,-1046
126107,lstick_y,-1046
126115,lstick_y,-1046
126123,lstick_y,-1046
126131,lstick_y,-1046
126139,lstick_y,-1046
126148,lstick_y,-1046
126153,lstick_y,-1046
126163,lstick_y,-1046
126196,lstick_y,-1046
126203,lstick_y,-1046
126208,lstick_y,-1046
126212,lstick_y,-1046
126217,lstick_y,-1046
126228,lstick_y,-1046
126234,lstick_y,-1046
126244,lstick_y,-1046
126251,lstick_y,-1046
126260,lstick_y,-1046
126267,lstick_y,-1046
126271,lstick_y,-1046
126276,lstick_y,-1046
126283,lstick_y,-1046
126291,lstick_y,-1046
126299,lstick_y,-1046
126307,lstick_y,-1046
126315,lstick_y,-1046
126323,lstick_y,-1046
126328,lstick_y,-1046
126331,lstick_y,-1046
126339,lstick_y,-1046
126347,lstick_y,-1046
126351,lstick_y,-1046
126355,lstick_y,-1046
126363,lstick_y,-1046
126371,lstick_y,-1046
126381,lstick_y,-1046
126384,lstick_y,-1046
126388,lstick_y,-1046
126395,lstick_y,-1046
126403,lstick_y,-1046
126411,lstick_y,-1046
126419,lstick_y,-1046
126427,lstick_y,-1046
126435,lstick_y,-1046
126439,lstick_y,-1046
126443,lstick_y,-1046
126446,lstick_y,-1046
126450,lstick_y,-1046
126459,lstick_y,-1046
126467,lstick_y,-1046
126475,lstick_y,-1046
126483,lstick_y,-1046
126491,lstick_y,-1046
126500,lstick_y,-1046
126503,lstick_y,-1046
126506,lstick_y,-1046
126510,lstick_y,-1046
126515,lstick_y,-1046
126523,lstick_y,-1046
126531,lstick_y,-1046
126536,lstick_y,-1046
126539,lstick_y,-1046
126547,lstick_y,-1046
126555,lstick_y,-1046
126563,lstick_y,-1046
126570,lstick_y,-1046
126574,lstick_y,-1046
126578,lstick_y,-1046
126583,lstick_y,-1046
126587,lstick_y,-1046
126595,lstick_y,-1046
126603,lstick_y,-1046
126607,lstick_y,-1046
126611,lstick_y,-1046
126619,lstick_y,-1046
126627,lstick_y,-1046
126635,lstick_y,-1046
126644,lstick_y,-1046
126651,lstick_y,-1046
126660,lstick_y,-1046
126667,lstick_y,-1046
126675,lstick_y,-1046
126683,lstick_y,-1046
126691,lstick_y,-1046
126699,lstick_y,-1046
126707,lstick_y,-1046
126710,lstick_y,-1046
126713,lstick_y,-1046
126715,lstick_y,-1046
126719,lstick_y,-1046
126723,lstick_y,-1046
126731,lstick_y,-1046
126738,lstick_y,-1046
126747,lstick_y,-1046
126755,lstick_y,-1046
126764,lstick_y,-1046
126771,lstick_y,-1046
126779,lstick_y,-1046
126784,lstick_y,-1046
126787,lstick_y,-1046
126791,lstick_y,-1046
126795,lstick_y,-1046
126803,lstick_y,-1046
126811,lstick_y,-1046
126819,lstick_y,-1046
126827,lstick_y,-1046
126835,lstick_y,-1046
126843,lstick_y,-1046
126851,lstick_y,-1046
126857,lstick_y,-1046
126860,lstick_y,-1046
126867,lstick_y,-1046
126875,lstick_y,-1046
126883,lstick_y,-1046
126891,lstick_y,-1046
126899,lstick_y,-1046
126907,lstick_y,-1046
126915,lstick_y,-1046
126923,lstick_y,-1046
126931,lstick_y,-1046
126935,lstick_y,-1046
126937,lstick_y,-1046
126941,lstick_y,-1046
126947,lstick_y,-1046
126955,lstick_y,-1046
126963,lstick_y,-1046
126971,lstick_y,-1046
126979,lstick_y,-1046
126987,lstick_y,-1046
126995,lstick_y,-1046
127003,lstick_y,-1046
127008,lstick_y,-1046
127012,lstick_y,-1046
127016,lstick_y,-1046
127020,lstick_y,-1046
127027,lstick_y,-1046
127036,lstick_y,-1046
127043,lstick_y,-1046
127051,lstick_y,-1046
127060,lstick_y,-1046
127067,lstick_y,-1046
127075,lstick_y,-1046
127083,lstick_y,-1046
127087,lstick_y,-1046
127090,lstick_y,-1046
127094,lstick_y,-1046
127096,lstick_y,-1046
127099,lstick_y,-1046
127107,lstick_y,-1046
127115,lstick_y,-1046
127123,lstick_y,-1046
127132,lstick_y,-1046
127139,lstick_y,-1046
127147,lstick_y,-1046
127155,lstick_y,-1046
127163,lstick_y,-1046
127169,lstick_y,-1046
127172,lstick_y,-1046
127177,lstick_y,-1046
127183,lstick_y,-1046
127187,lstick_y,-1046
127195,lstick_y,-1046
127202,lstick_y,-1046
127211,lstick_y,-1046
127219,lstick_y,-1046
127227,lstick_y,-1046
127235,lstick_y,-1046
127243,lstick_y,-1046
127251,lstick_y,-1046
127255,lstick_y,-1046
127259,lstick_y,-1046
127262,lstick_y,-1046
127267,lstick_y,-1046
127275,lstick_y,-1046
127283,lstick_y,-1046
127291,lstick_y,-1046
127299,lstick_y,-1046
127307,lstick_y,-1046
127315,lstick_y,-1046
127323,lstick_y,-1046
127331,lstick_y,-1046
127337,lstick_y,-1046
127340,lstick_y,-1046
127344,lstick_y,-1046
127346,lstick_y,-1046
127350,lstick_y,-1046
127355,lstick_y,-1046
127363,lstick_y,-1046
127367,lstick_y,-1046
127371,lstick_y,-1046
127379,lstick_y,-1046
127388,lstick_y,-1046
127395,lstick_y,-1046
127403,lstick_y,-1046
127412,lstick_y,-1046
127418,lstick_y,-1046
127421,lstick_y,-1046
127428,lstick_y,-1046
127435,lstick_y,-1046
127444,lstick_y,-1046
127451,lstick_y,-1046
127460,lstick_y,-1046
127467,lstick_y,-1046
127475,lstick_y,-1046
127483,lstick_y,-1046
127490,lstick_y,-1046
127494,lstick_y,-1046
127499,lstick_y,-1046
127509,lstick_y,-1046
127515,lstick_y,-1046
127523,lstick_y,-1046
127531,lstick_y,-1046
127539,lstick_y,-1046
127547,lstick_y,-1046
127554,lstick_y,-1046
127559,lstick_y,-1046
127562,lstick_y,-1046
127571,lstick_y,-1046
127599,lstick_y,-1046
127603,lstick_y,-1046
127611,lstick_y,-1046
127619,lstick_y,-1046
127624,lstick_y,-1046
127628,lstick_y,-1046
127634,lstick_y,-1046
127637,lstick_y,-1046
127643,lstick_y,-1046
127652,lstick_y,-1046
127659,lstick_y,-1046
127667,lstick_y,-1046
127675,lstick_y,-1046
127683,lstick_y,-1046
127691,lstick_y,-1046
127697,lstick_y,-1046
127701,lstick_y,-1046
127704,lstick_y,-1046
127707,lstick_y,-1046
127715,lstick_y,-1046
127720,lstick_y,-1046
127723,lstick_y,-1046
127731,lstick_y,-1046
127739,lstick_y,-1046
127747,lstick_y,-1046
127755,lstick_y,-1046
127761,lstick_y,-1046
127764,lstick_y,-1046
127768,lstick_y,-1046
127771,lstick_y,-1046
127779,lstick_y,-1046
127785,lstick_y,-1046
127795,lstick_y,-1046
127803,lstick_y,-1046
127811,lstick_y,-1046
127819,lstick_y,-1046
127824,lstick_y,-1046
127827,lstick_y,-1046
127834,lstick_y,-1046
127843,lstick_y,-1046
127851,lstick_y,-1046
127859,lstick_y,-1046
127867,lstick_y,-1046
127875,lstick_y,-1046
127883,lstick_y,-1046
127887,lstick_y,-1046
127891,lstick_y,-1046
127896,lstick_y,-1046
127899,lstick_y,-1046
127907,lstick_y,-1046
127911,lstick_y,-1046
127915,lstick_y,-1046
127923,lstick_y,-1046
127931,lstick_y,-1046
127940,lstick_y,-1046
127947,lstick_y,-1046
127952,lstick_y,-1046
127955,lstick_y,-1046
127959,lstick_y,-1046
127963,lstick_y,-1046
127971,lstick_y,-1046
127975,lstick_y,-1046
127979,lstick_y,-1046
127987,lstick_y,-1046
127995,lstick_y,-1046
128003,lstick_y,-1046
128011,lstick_y,-1046
128015,lstick_y,-1046
128019,lstick_y,-1046
128023,lstick_y,-1046
128027,lstick_y,-1046
128035,lstick_y,-1046
128038,lstick_y,-1046
128043,lstick_y,-1046
128051,lstick_y,-1046
128059,lstick_y,-1046
128067,lstick_y,-1046
128071,lstick_y,-1046
128075,lstick_y,-1046
128078,lstick_y,-1046
128083,lstick_y,-1046
128091,lstick_y,-1046
128094,lstick_y,-1046
128099,lstick_y,-1046
128107,lstick_y,-1046
128115,lstick_y,-1046
128123,lstick_y,-1046
128126,lstick_y,-1046
128130,lstick_y,-1046
128133,lstick_y,-1046
128137,lstick_y,-1046
128139,lstick_y,-1046
128147,lstick_y,-1046
128180,lstick_y,-1046
128187,lstick_y,-1046
128190,lstick_y,-1046
128195,lstick_y,-1046
128203,lstick_y,-1046
128207,lstick_y,-1046
128211,lstick_y,-1046
128219,lstick_y,-1046
128227,lstick_y,-1046
128236,lstick_y,-1046
128241,lstick_y,-1046
128244,lstick_y,-1046
128250,lstick_y,-1046
128259,lstick_y,-1046
128267,lstick_y,-1046
128275,lstick_y,-1046
128283,lstick_y,-1046
128291,lstick_y,-1046
128297,lstick_y,-1046
128299,lstick_y,-1046
128303,lstick_y,-1046
128307,lstick_y,-1046
128315,lstick_y,-1046
128320,lstick_y,-1046
128323,lstick_y,-1046
128331,lstick_y,-1046
128339,lstick_y,-1046
128348,lstick_y,-1046
128352,lstick_y,-1046
128355,lstick_y,-1046
128363,lstick_y,-1046
128371,lstick_y,-1046
128379,lstick_y,-1046
128387,lstick_y,-1046
128395,lstick_y,-1046
128400,lstick_y,-1046
128403,lstick_y,-1046
128407,lstick_y,-1046
128411,lstick_y,-1046
128419,lstick_y,-1046
128424,lstick_y,-1046
128427,lstick_y,-1046
128435,lstick_y,-1046
128443,lstick_y,-1046
128452,lstick_y,-1046
128456,lstick_y,-1046
128459,lstick_y,-1046
128467,lstick_y,-1046
128475,lstick_y,-1046
128483,lstick_y,-1046
128491,lstick_y,-1046
128499,lstick_y,-1046
128505,lstick_y,-1046
128508,lstick_y,-1046
128515,lstick_y,-1046
128524,lstick_y,-1046
128531,lstick_y,-1046
128539,lstick_y,-1046
128547,lstick_y,-1046
128554,lstick_y,-1046
128557,lstick_y,-1046
128560,lstick_y,-1046
128563,lstick_y,-1046
128567,lstick_y,-1046
128571,lstick_y,-1046
128579,lstick_y,-1046
128585,lstick_y,-1046
128587,lstick_y,-1046
128595,lstick_y,-1046
128603,lstick_y,-1046
128611,lstick_y,-1046
128615,lstick_y,-1046
128618,lstick_y,-1046
128622,lstick_y,-1046
128627,lstick_y,-1046
128635,lstick_y,-1046
128643,lstick_y,-1046
128651,lstick_y,-1046
128660,lstick_y,-1046
128667,lstick_y,-1046
128671,lstick_y,-1046
128674,lstick_y,-1046
128678,lstick_y,-1046
128683,lstick_y,-1046
128687,lstick_y,-1046
128691,lstick_y,-1046
128699,lstick_y,-1046
128702,lstick_y,-1046
128707,lstick_y,-1046
128716,lstick_y,-1046
128723,lstick_y,-1046
128731,lstick_y,-1046
128737,lstick_y,-1046
128739,lstick_y,-1046
128743,lstick_y,-1046
128745,lstick_y,-1046
128750,lstick_y,-1046
128755,lstick_y,-1046
128763,lstick_y,-1046
128771,lstick_y,-1046
128779,lstick_y,-1046
128787,lstick_y,-1046
128795,lstick_y,-1046
128803,lstick_y,-1046
128807,lstick_y,-1046
128811,lstick_y,-1046
128817,lstick_y,-1046
128819,lstick_y,-1046
128827,lstick_y,-1046
128835,lstick_y,-1046
128843,lstick_y,-1046
128851,lstick_y,-1046
128860,lstick_y,-1046
128867,lstick_y,-1046
128872,lstick_y,-1046
128877,lstick_y,-1046
128884,lstick_y,-1046
128891,lstick_y,-1046
128899,lstick_y,-1046
128907,lstick_y,-1046
128915,lstick_y,-1046
128923,lstick_y,-1046
128931,lstick_y,-1046
128939,lstick_y,-1046
128947,lstick_y,-1046
128954,lstick_y,-1046
128963,lstick_y,-1046
128971,lstick_y,-1046
128979,lstick_y,-1046
128989,lstick_y,-1046
128994,lstick_y,-1046
129003,lstick_y,-1046
129009,lstick_y,-1046
129019,lstick_y,-1046
129028,lstick_y,-1046
129035,lstick_y,-1046
129043,lstick_y,-1046
129050,lstick_y,-1046
129059,lstick_y,-1046
129067,lstick_y,-1046
129075,lstick_y,-1046
129083,lstick_y,-1046
129091,lstick_y,-1046
129099,lstick_y,-1046
129106,lstick_y,-1046
129113,lstick_y,-1046
129117,lstick_y,-1046
129123,lstick_y,-1046
129131,lstick_y,-1046
129139,lstick_y,-1046
129147,lstick_y,-1046
129155,lstick_y,-1046
129163,lstick_y,-1046
129171,lstick_y,-1046
129175,lstick_y,-1046
129179,lstick_y,-1046
129184,lstick_y,-1046
129187,lstick_y,-1046
129195,lstick_y,-1046
129201,lstick_y,-1046
129211,lstick_y,-1046
129219,lstick_y,-1046
129227,lstick_y,-1046
129235,lstick_y,-1046
129243,lstick_y,-1046
129248,lstick_y,-1046
129251,lstick_y,-1046
129254,lstick_y,-1046
129259,lstick_y,-1046
129268,lstick_y,-1046
129275,lstick_y,-1046
129283,lstick_y,-1046
129291,lstick_y,-1046
129299,lstick_y,-1046
129308,lstick_y,-1046
129315,lstick_y,-1046
129319,lstick_y,-1046
129323,lstick_y,-1046
129327,lstick_y,-1046
129329,lstick_y,-1046
129332,lstick_y,-1046
129336,lstick_y,-1046
129339,lstick_y,-1046
129347,lstick_y,-1046
129354,lstick_y,-1046
129364,lstick_y,-1046
129372,lstick_y,-1046
129379,lstick_y,-1046
129387,lstick_y,-1046
129395,lstick_y,-1046
129403,lstick_y,-1046
129410,lstick_y,-1046
129417,lstick_y,-1046
129420,lstick_y,-1046
129428,lstick_y,-1046
129435,lstick_y,-1046
129443,lstick_y,-1046
129451,lstick_y,-1046
129459,lstick_y,-1046
129468,lstick_y,-1046
129474,lstick_y,-1046
129479,lstick_y,-1046
129483,lstick_y,-1046
129491,lstick_y,-1046
129499,lstick_y,-1046
129507,lstick_y,-1046
129515,lstick_y,-1046
129523,lstick_y,-1046
129531,lstick_y,-1046
129539,lstick_y,-1046
129542,lstick_y,-1046
129547,lstick_y,-1046
129551,lstick_y,-1046
129555,lstick_y,-1046
129563,lstick_y,-1046
129567,lstick_y,-1046
129571,lstick_y,-1046
129580,lstick_y,-1046
129588,lstick_y,-1046
129595,lstick_y,-1046
129603,lstick_y,-1046
129611,lstick_y,-1046
129617,lstick_y,-1046
129619,lstick_y,-1046
129628,lstick_y,-1046
129636,lstick_y,-1046
129643,lstick_y,-1046
129651,lstick_y,-1046
129659,lstick_y,-1046
129667,lstick_y,-1046
129676,lstick_y,-1046
129683,lstick_y,-1046
129686,lstick_y,-1046
129690,lstick_y,-1046
129694,lstick_y,-1046
129696,lstick_y,-1046
129699,lstick_y,-1046
129703,lstick_y,-1046
129707,lstick_y,-1046
129715,lstick_y,-1046
129719,lstick_y,-1046
129723,lstick_y,-1046
129732,lstick_y,-1046
129739,lstick_y,-1046
129747,lstick_y,-1046
129755,lstick_y,-1046
129763,lstick_y,-1046
129769,lstick_y,-1046
129771,lstick_y,-1046
129774,lstick_y,-1046
129777,lstick_y,-1046
129783,lstick_y,-1046
129787,lstick_y,-1046
129795,lstick_y,-1046
129803,lstick_y,-1046
129811,lstick_y,-1046
129819,lstick_y,-1046
129828,lstick_y,-1046
129835,lstick_y,-1046
129843,lstick_y,-1046
129851,lstick_y,-1046
129855,lstick_y,-1046
129858,lstick_y,-1046
129861,lstick_y,-1046
129867,lstick_y,-1046
129875,lstick_y,-1046
129904,lstick_y,-1046
129907,lstick_y,-1046
129915,lstick_y,-1046
129923,lstick_y,-1046
129931,lstick_y,-1046
129934,lstick_y,-1046
129938,lstick_y,-1046
129947,lstick_y,-1046
129954,lstick_y,-1046
129963,lstick_y,-1046
129971,lstick_y,-1046
129979,lstick_y,-1046
129987,lstick_y,-1046
129995,lstick_y,-1046
130004,lstick_y,-1046
130008,lstick_y,-1046
130011,lstick_y,-1046
130019,lstick_y,-1046
130027,lstick_y,-1046
130035,lstick_y,-1046
130043,lstick_y,-1046
130051,lstick_y,-1046
130060,lstick_y,-1046
130067,lstick_y,-1046
130076,lstick_y,-1046
130080,lstick_y,-1046
130084,lstick_y,-1046
130088,lstick_y,-1046
130091,lstick_y,-1046
130099,lstick_y,-1046
130104,lstick_y,-1046
130107,lstick_y,-1046
130115,lstick_y,-1046
130123,lstick_y,-1046
130132,lstick_y,-1046
130139,lstick_y,-1046
130147,lstick_y,-1046
130155,lstick_y,-1046
130161,lstick_y,-1046
130171,lstick_y,-1046
130177,lstick_y,-1046
130187,lstick_y,-1046
130195,lstick_y,-1046
130203,lstick_y,-1046
130211,lstick_y,-1046
130219,lstick_y,-1046
130227,lstick_y,-1046
130234,lstick_y,-1046
130237,lstick_y,-1046
130243,lstick_y,-1046
130252,lstick_y,-1046
130259,lstick_y,-1046
130267,lstick_y,-1046
130276,lstick_y,-1046
130283,lstick_y,-1046
130291,lstick_y,-1046
130299,lstick_y,-1046
130304,lstick_y,-1046
130310,lstick_y,-1046
130313,lstick_y,-1046
130317,lstick_y,-1046
130323,lstick_y,-1046
130331,lstick_y,-1046
130338,lstick_y,-1046
130347,lstick_y,-1046
130355,lstick_y,-1046
130363,lstick_y,-1046
130371,lstick_y,-1046
130379,lstick_y,-1046
130385,lstick_y,-1046
130391,lstick_y,-1046
130395,lstick_y,-1046
130403,lstick_y,-1046
130408,lstick_y,-1046
130411,lstick_y,-1046
130419,lstick_y,-1046
130427,lstick_y,-1046
130435,lstick_y,-1046
130443,lstick_y,-1046
130451,lstick_y,-1046
130458,lstick_y,-1046
130463,lstick_y,-1046
130467,lstick_y,-1046
130470,lstick_y,-1046
130475,lstick_y,-1046
130483,lstick_y,-1046
130488,lstick_y,-1046
130491,lstick_y,-1046
130499,lstick_y,-1046
130507,lstick_y,-1046
130515,lstick_y,-1046
130523,lstick_y,-1046
130531,lstick_y,-1046
130537,lstick_y,-1046
130540,lstick_y,-1046
130544,lstick_y,-1046
130547,lstick_y,-1046
130551,lstick_y,-1046
130554,lstick_y,-1046
130563,lstick_y,-1046
130570,lstick_y,-1046
130579,lstick_y,-1046
130587,lstick_y,-1046
130595,lstick_y,-1046
130603,lstick_y,-1046
130611,lstick_y,-1046
130619,lstick_y,-1046
130622,lstick_y,-1046
130626,lstick_y,-1046
130636,lstick_y,-1046
130642,lstick_y,-1046
130651,lstick_y,-1046
130659,lstick_y,-1046
130667,lstick_y,-1046
130676,lstick_y,-1046
130683,lstick_y,-1046
130693,lstick_y,-1046
130699,lstick_y,-1046
130707,lstick_y,-1046
130716,lstick_y,-1046
130723,lstick_y,-1046
130731,lstick_y,-1046
130739,lstick_y,-1046
130748,lstick_y,-1046
130755,lstick_y,-1046
130763,lstick_y,-1046
130767,lstick_y,-1046
130770,lstick_y,-1046
130773,lstick_y,-1046
130779,lstick_y,-1046
130787,lstick_y,-1046
130840,lstick_y,-1046
130844,lstick_y,-1046
130850,lstick_y,-1046
130854,lstick_y,-1046
130857,lstick_y,-1046
130868,lstick_y,-1046
130875,lstick_y,-1046
130883,lstick_y,-1046
130891,lstick_y,-1046
130899,lstick_y,-1046
130907,lstick_y,-1046
130915,lstick_y,-1046
130923,lstick_y,-1046
130930,lstick_y,-1046
130934,lstick_y,-1046
130937,lstick_y,-1046
130940,lstick_y,-1046
130947,lstick_y,-1046
130955,lstick_y,-1046
130963,lstick_y,-1046
130971,lstick_y,-1046
130979,lstick_y,-1046
130987,lstick_y,-1046
130995,lstick_y,-1046
131003,lstick_y,-1046
131011,lstick_y,-1046
131017,lstick_y,-1046
131027,lstick_y,-1046
131034,lstick_y,-1046
131043,lstick_y,-1046
131052,lstick_y,-1046
131059,lstick_y,-1046
131067,lstick_y,-1046
131075,lstick_y,-1046
131082,lstick_y,-1046
131085,lstick_y,-1046
131089,lstick_y,-1046
131092,lstick_y,-1046
131099,lstick_y,-1046
131107,lstick_y,-1046
131115,lstick_y,-1046
131123,lstick_y,-1046
131131,lstick_y,-1046
131139,lstick_y,-1046
131147,lstick_y,-1046
131156,lstick_y,-1046
131159,lstick_y,-1046
131163,lstick_y,-1046
131171,lstick_y,-1046
131180,lstick_y,-1046
131187,lstick_y,-1046
131195,lstick_y,-1046
131203,lstick_y,-1046
131211,lstick_y,-1046
131219,lstick_y,-1046
131227,lstick_y,-1046
131231,lstick_y,-1046
131236,lstick_y,-1046
131243,lstick_y,-1046
131251,lstick_y,-1046
131259,lstick_y,-1046
131268,lstick_y,-1046
131276,lstick_y,-1046
131283,lstick_y,-1046
131291,lstick_y,-1046
131299,lstick_y,-1046
131304,lstick_y,-1046
131307,lstick_y,-1046
131315,lstick_y,-1046
131323,lstick_y,-1046
131331,lstick_y,-1046
131339,lstick_y,-1046
131347,lstick_y,-1046
131355,lstick_y,-1046
131364,lstick_y,-1046
131371,lstick_y,-1046
131374,lstick_y,-1046
131377,lstick_y,-1046
131380,lstick_y,-1046
131384,lstick_y,-1046
131387,lstick_y,-1046
131395,lstick_y,-1046
131400,lstick_y,-1046
131403,lstick_y,-1046
131411,lstick_y,-1046
131419,lstick_y,-1046
131428,lstick_y,-1046
131435,lstick_y,-1046
131443,lstick_y,-1046
131447,lstick_y,-1046
131449,lstick_y,-1046
131453,lstick_y,-1046
131456,lstick_y,-1046
131459,lstick_y,-1046
131467,lstick_y,-1046
131475,lstick_y,-1046
131478,lstick_y,-1046
131483,lstick_y,-1046
131491,lstick_y,-1046
131499,lstick_y,-1046
131507,lstick_y,-1046
131515,lstick_y,-1046
131523,lstick_y,-1046
131528,lstick_y,-1046
131531,lstick_y,-1046
131534,lstick_y,-1046
131537,lstick_y,-1046
131539,lstick_y,-1046
131543,lstick_y,-1046
131545,lstick_y,-1046
131555,lstick_y,-1046
131563,lstick_y,-1046
131571,lstick_y,-1046
131579,lstick_y,-1046
131587,lstick_y,-1046
131595,lstick_y,-1046
131603,lstick_y,-1046
131611,lstick_y,-1046
131616,lstick_y,-1046
131619,lstick_y,-1046
131623,lstick_y,-1046
131626,lstick_y,-1046
131635,lstick_y,-1046
131643,lstick_y,-1046
131647,lstick_y,-1046
131651,lstick_y,-1046
131659,lstick_y,-1046
131667,lstick_y,-1046
131675,lstick_y,-1046
131683,lstick_y,-1046
131691,lstick_y,-1046
131695,lstick_y,-1046
131699,lstick_y,-1046
131703,lstick_y,-1046
131707,lstick_y,-1046
131710,lstick_y,-1046
131712,lstick_y,-1046
131715,lstick_y,-1046
131723,lstick_y,-1046
131730,lstick_y,-1046
131739,lstick_y,-1046
131747,lstick_y,-1046
131755,lstick_y,-1046
131763,lstick_y,-1046
131771,lstick_y,-1046
131779,lstick_y,-1046
131783,lstick_y,-1046
131787,lstick_y,-1046
131790,lstick_y,-1046
131794,lstick_y,-1046
131803,lstick_y,-1046
131811,lstick_y,-1046
131819,lstick_y,-1046
131827,lstick_y,-1046
131835,lstick_y,-1046
131843,lstick_y,-1046
131851,lstick_y,-1046
131860,lstick_y,-1046
131867,lstick_y,-1046
131869,lstick_y,-1046
131875,lstick_y,-1046
131883,lstick_y,-1046
131888,lstick_y,-1046
131891,lstick_y,-1046
131899,lstick_y,-1046
131907,lstick_y,-1046
131915,lstick_y,-1046
131923,lstick_y,-1046
131931,lstick_y,-1046
131937,lstick_y,-1046
131941,lstick_y,-1046
131945,lstick_y,-1046
131955,lstick_y,-1046
131966,lstick_y,-1046
131971,lstick_y,-1046
131979,lstick_y,-1046
131987,lstick_y,-1046
131995,lstick_y,-1046
132003,lstick_y,-1046
132012,lstick_y,-1046
132018,lstick_y,-1046
132022,lstick_y,-1046
132027,lstick_y,-1046
132035,lstick_y,-1046
132043,lstick_y,-1046
132051,lstick_y,-1046
132059,lstick_y,-1046
132067,lstick_y,-1046
132075,lstick_y,-1046
132083,lstick_y,-1046
132091,lstick_y,-1046
132095,lstick_y,-1046
132099,lstick_y,-1046
132107,lstick_y,-1046
132113,lstick_y,-1046
132123,lstick_y,-1046
132131,lstick_y,-1046
132139,lstick_y,-1046
132147,lstick_y,-1046
132155,lstick_y,-1046
132164,lstick_y,-1046
132169,lstick_y,-1046
132171,lstick_y,-1046
132174,lstick_y,-1046
132177,lstick_y,-1046
132187,lstick_y,-1046
132195,lstick_y,-1046
132203,lstick_y,-1046
132211,lstick_y,-1046
132219,lstick_y,-1046
132227,lstick_y,-1046
132235,lstick_y,-1046
132242,lstick_y,-1046
132246,lstick_y,-1046
132250,lstick_y,-1046
132254,lstick_y,-1046
132258,lstick_y,-1046
132261,lstick_y,-1046
132267,lstick_y,-1046
132275,lstick_y,-1046
132280,lstick_y,-1046
132283,lstick_y,-1046
132291,lstick_y,-1046
132299,lstick_y,-1046
132307,lstick_y,-1046
132315,lstick_y,-1046
132324,lstick_y,-1046
132329,lstick_y,-1046
132332,lstick_y,-1046
132335,lstick_y,-1046
132339,lstick_y,-1046
132342,lstick_y,-1046
132347,lstick_y,-1046
132355,lstick_y,-1046
132359,lstick_y,-1046
132363,lstick_y,-1046
132371,lstick_y,-1046
132379,lstick_y,-1046
132387,lstick_y,-1046
132395,lstick_y,-1046
132401,lstick_y,-1046
132406,lstick_y,-1046
132410,lstick_y,-1046
132419,lstick_y,-1046
132427,lstick_y,-1046
132435,lstick_y,-1046
132443,lstick_y,-1046
132451,lstick_y,-1046
132460,lstick_y,-1046
132468,lstick_y,-1046
132474,lstick_y,-1046
132479,lstick_y,-1046
132483,lstick_y,-1046
132491,lstick_y,-1046
132498,lstick_y,-1046
132507,lstick_y,-1046
132515,lstick_y,-1046
132523,lstick_y,-1046
132531,lstick_y,-1046
132538,lstick_y,-1046
132543,lstick_y,-1046
132547,lstick_y,-1046
132555,lstick_y,-1046
132564,lstick_y,-1046
132571,lstick_y,-1046
132580,lstick_y,-1046
132587,lstick_y,-1046
132595,lstick_y,-1046
132604,lstick_y,-1046
132609,lstick_y,-1046
132611,lstick_y,-1046
132619,lstick_y,-1046
132628,lstick_y,-1046
132650,lstick_y,-1046
132660,lstick_y,-1046
132667,lstick_y,-1046
132672,lstick_y,-1046
132676,lstick_y,-1046
132680,lstick_y,-1046
132684,lstick_y,-1046
132691,lstick_y,-1046
132697,lstick_y,-1046
132707,lstick_y,-1046
132715,lstick_y,-1046
132723,lstick_y,-1046
132731,lstick_y,-1046
132739,lstick_y,-1046
132747,lstick_y,-1046
132751,lstick_y,-1046
132754,lstick_y,-1046
132758,lstick_y,-1046
132761,lstick_y,-1046
132763,lstick_y,-1046
132771,lstick_y,-1046
132779,lstick_y,-1046
132787,lstick_y,-1046
132795,lstick_y,-1046
132803,lstick_y,-1046
132811,lstick_y,-1046
132820,lstick_y,-1046
132825,lstick_y,-1046
132828,lstick_y,-1046
132835,lstick_y,-1046
132843,lstick_y,-1046
132846,lstick_y,-1046
132851,lstick_y,-1046
132859,lstick_y,-1046
132867,lstick_y,-1046
132875,lstick_y,-1046
132883,lstick_y,-1046
132888,lstick_y,-1046
132892,lstick_y,-1046
132897,lstick_y,-1046
132899,lstick_y,-1046
132907,lstick_y,-1046
132913,lstick_y,-1046
132923,lstick_y,-1046
132931,lstick_y,-1046
132939,lstick_y,-1046
132947,lstick_y,-1046
132955,lstick_y,-1046
132962,lstick_y,-1046
132967,lstick_y,-1046
132970,lstick_y,-1046
132973,lstick_y,-1046
132977,lstick_y,-1046
132987,lstick_y,-1046
132995,lstick_y,-1046
133003,lstick_y,-1046
133011,lstick_y,-1046
133019,lstick_y,-1046
133027,lstick_y,-1046
133035,lstick_y,-1046
133038,lstick_y,-1046
133042,lstick_y,-1046
133046,lstick_y,-1046
133051,lstick_y,-1046
133059,lstick_y,-1046
133064,lstick_y,-1046
133067,lstick_y,-1046
133075,lstick_y,-1046
133083,lstick_y,-1046
133091,lstick_y,-1046
133099,lstick_y,-1046
133107,lstick_y,-1046
133110,lstick_y,-1046
133115,lstick_y,-1046
133123,lstick_y,-1046
133131,lstick_y,-1046
133139,lstick_y,-1046
133147,lstick_y,-1046
133155,lstick_y,-1046
133163,lstick_y,-1046
133173,lstick_y,-1046
133178,lstick_y,-1046
133183,lstick_y,-1046
133187,lstick_y,-1046
133196,lstick_y,-1046
133200,lstick_y,-1046
133203,lstick_y,-1046
133212,lstick_y,-1046
133219,lstick_y,-1046
133227,lstick_y,-1046
133235,lstick_y,-1046
133242,lstick_y,-1046
133246,lstick_y,-1046
133251,lstick_y,-1046
133259,lstick_y,-1046
133263,lstick_y,-1046
133267,lstick_y,-1046
133276,lstick_y,-1046
133283,lstick_y,-1046
133291,lstick_y,-1046
133299,lstick_y,-1046
133303,lstick_y,-1046
133307,lstick_y,-1046
133310,lstick_y,-1046
133315,lstick_y,-1046
133323,lstick_y,-1046
133328,lstick_y,-1046
133331,lstick_y,-1046
133339,lstick_y,-1046
133347,lstick_y,-1046
133355,lstick_y,-1046
133363,lstick_y,-1046
133372,lstick_y,-1046
133376,lstick_y,-1046
133379,lstick_y,-1046
133384,lstick_y,-1046
133387,lstick_y,-1046
133395,lstick_y,-1046
133403,lstick_y,-1046
133412,lstick_y,-1046
133419,lstick_y,-1046
133427,lstick_y,-1046
133435,lstick_y,-1046
133440,lstick_y,-1046
133444,lstick_y,-1046
133450,lstick_y,-1046
133454,lstick_y,-1046
133458,lstick_y,-1046
133461,lstick_y,-1046
133467,lstick_y,-1046
133475,lstick_y,-1046
133478,lstick_y,-1046
133483,lstick_y,-1046
133491,lstick_y,-1046
133500,lstick_y,-1046
133507,lstick_y,-1046
133515,lstick_y,-1046
133523,lstick_y,-1046
133526,lstick_y,-1046
133530,lstick_y,-1046
133539,lstick_y,-1046
133546,lstick_y,-1046
133555,lstick_y,-1046
133563,lstick_y,-1046
133571,lstick_y,-1046
133579,lstick_y,-1046
133587,lstick_y,-1046
133590,lstick_y,-1046
133595,lstick_y,-1046
133603,lstick_y,-1046
133611,lstick_y,-1046
133619,lstick_y,-1046
133627,lstick_y,-1046
133636,lstick_y,-1046
133643,lstick_y,-1046
133651,lstick_y,-1046
133655,lstick_y,-1046
133658,lstick_y,-1046
133663,lstick_y,-1046
133667,lstick_y,-1046
133675,lstick_y,-1046
133679,lstick_y,-1046
133683,lstick_y,-1046
133691,lstick_y,-1046
133700,lstick_y,-1046
133707,lstick_y,-1046
133715,lstick_y,-1046
133722,lstick_y,-1046
133725,lstick_y,-1046
133729,lstick_y,-1046
133739,lstick_y,-1046
133748,lstick_y,-1046
133755,lstick_y,-1046
133763,lstick_y,-1046
133771,lstick_y,-1046
133779,lstick_y,-1046
133787,lstick_y,-1046
133791,lstick_y,-1046
133794,lstick_y,-1046
133800,lstick_y,-1046
133803,lstick_y,-1046
133806,lstick_y,-1046
133809,lstick_y,-1046
133819,lstick_y,-1046
133827,lstick_y,-1046
133835,lstick_y,-1046
133843,lstick_y,-1046
133851,lstick_y,-1046
133859,lstick_y,-1046
133867,lstick_y,-1046
133873,lstick_y,-1046
133875,lstick_y,-1046
133880,lstick_y,-1046
133884,lstick_y,-1046
133891,lstick_y,-1046
133896,lstick_y,-1046
133899,lstick_y,-1046
133907,lstick_y,-1046
133915,lstick_y,-1046
133923,lstick_y,-1046
133931,lstick_y,-1046
133939,lstick_y,-1046
133944,lstick_y,-1046
133947,lstick_y,-1046
133951,lstick_y,-1046
133955,lstick_y,-1046
133964,lstick_y,-1046
133967,lstick_y,-1046
133971,lstick_y,-1046
133979,lstick_y,-1046
133987,lstick_y,-1046
133995,lstick_y,-1046
134003,lstick_y,-1046
134010,lstick_y,-1046
134013,lstick_y,-1046
134018,lstick_y,-1046
134020,lstick_y,-1046
134023,lstick_y,-1046
134026,lstick_y,-1046
134029,lstick_y,-1046
134035,lstick_y,-1046
134043,lstick_y,-1046
134051,lstick_y,-1046
134059,lstick_y,-1046
134067,lstick_y,-1046
134076,lstick_y,-1046
134083,lstick_y,-1046
134091,lstick_y,-1046
134094,lstick_y,-1046
134099,lstick_y,-1046
134107,lstick_y,-1046
134115,lstick_y,-1046
134123,lstick_y,-1046
134131,lstick_y,-1046
134139,lstick_y,-1046
134147,lstick_y,-1046
134155,lstick_y,-1046
134160,lstick_y,-1046
134163,lstick_y,-1046
134169,lstick_y,-1046
134179,lstick_y,-1046
134186,lstick_y,-1046
134195,lstick_y,-1046
134203,lstick_y,-1046
134211,lstick_y,-1046
134219,lstick_y,-1046
134227,lstick_y,-1046
134233,lstick_y,-1046
134236,lstick_y,-1046
134240,lstick_y,-1046
134244,lstick_y,-1046
134251,lstick_y,-1046
134256,lstick_y,-1046
134259,lstick_y,-1046
134267,lstick_y,-1046
134275,lstick_y,-1046
134283,lstick_y,-1046
134291,lstick_y,-1046
134299,lstick_y,-1046
134305,lstick_y,-1046
134307,lstick_y,-1046
134312,lstick_y,-1046
134315,lstick_y,-1046
134323,lstick_y,-1046
134327,lstick_y,-1046
134331,lstick_y,-1046
134340,lstick_y,-1046
134347,lstick_y,-1046
134355,lstick_y,-1046
134363,lstick_y,-1046
134372,lstick_y,-1046
134377,lstick_y,-1046
134380,lstick_y,-1046
134385,lstick_y,-1046
134395,lstick_y,-1046
134400,lstick_y,-1046
134403,lstick_y,-1046
134411,lstick_y,-1046
134419,lstick_y,-1046
134427,lstick_y,-1046
134435,lstick_y,-1046
134443,lstick_y,-1046
134448,lstick_y,-1046
134451,lstick_y,-1046
134455,lstick_y,-1046
134458,lstick_y,-1046
134461,lstick_y,-1046
134467,lstick_y,-1046
134475,lstick_y,-1046
134483,lstick_y,-1046
134491,lstick_y,-1046
134499,lstick_y,-1046
134507,lstick_y,-1046
134515,lstick_y,-1046
134524,lstick_y,-1046
134528,lstick_y,-1046
134531,lstick_y,-1046
134534,lstick_y,-1046
134538,lstick_y,-1046
134542,lstick_y,-1046
134547,lstick_y,-1046
134555,lstick_y,-1046
134560,lstick_y,-1046
134563,lstick_y,-1046
134571,lstick_y,-1046
134579,lstick_y,-1046
134587,lstick_y,-1046
134595,lstick_y,-1046
134603,lstick_y,-1046
134611,lstick_y,-1046
134619,lstick_y,-1046
134631,lstick_y,-1046
134635,lstick_y,-1046
134643,lstick_y,-1046
134651,lstick_y,-1046
134660,lstick_y,-1046
134667,lstick_y,-1046
134675,lstick_y,-1046
134680,lstick_y,-1046
134682,lstick_y,-1046
134686,lstick_y,-1046
134691,lstick_y,-1046
134699,lstick_y,-1046
134706,lstick_y,-1046
134715,lstick_y,-1046
134723,lstick_y,-1046
134731,lstick_y,-1046
134739,lstick_y,-1046
134747,lstick_y,-1046
134754,lstick_y,-1046
134760,lstick_y,-1046
134763,lstick_y,-1046
134771,lstick_y,-1046
134777,lstick_y,-1046
134787,lstick_y,-1046
134796,lstick_y,-1046
134803,lstick_y,-1046
134811,lstick_y,-1046
134819,lstick_y,-1046
134825,lstick_y,-1046
134828,lstick_y,-1046
134834,lstick_y,-1046
134843,lstick_y,-1046
134851,lstick_y,-1046
134859,lstick_y,-1046
134867,lstick_y,-1046
134875,lstick_y,-1046
134884,lstick_y,-1046
134891,lstick_y,-1046
134899,lstick_y,-1046
134903,lstick_y,-1046
134907,lstick_y,-1046
134910,lstick_y,-1046
134915,lstick_y,-1046
134923,lstick_y,-1046
134928,lstick_y,-1046
134931,lstick_y,-1046
134939,lstick_y,-1046
134948,lstick_y,-1046
134955,lstick_y,-1046
134963,lstick_y,-1046
134971,lstick_y,-1046
134977,lstick_y,-1046
134980,lstick_y,-1046
134984,lstick_y,-1046
134987,lstick_y,-1046
134990,lstick_y,-1046
134995,lstick_y,-1046
135003,lstick_y,-1046
135010,lstick_y,-1046
135019,lstick_y,-1046
135027,lstick_y,-1046
135035,lstick_y,-1046
135043,lstick_y,-1046
135051,lstick_y,-1046
135060,lstick_y,-1046
135063,lstick_y,-1046
135067,lstick_y,-1046
135071,lstick_y,-1046
135074,lstick_y,-1046
135083,lstick_y,-1046
135091,lstick_y,-1046
135094,lstick_y,-1046
135099,lstick_y,-1046
135107,lstick_y,-1046
135115,lstick_y,-1046
135124,lstick_y,-1046
135131,lstick_y,-1046
135140,lstick_y,-1046
135145,lstick_y,-1046
135148,lstick_y,-1046
135151,lstick_y,-1046
135155,lstick_y,-1046
135163,lstick_y,-1046
135168,lstick_y,-1046
135171,lstick_y,-1046
135180,lstick_y,-1046
135187,lstick_y,-1046
135195,lstick_y,-1046
135203,lstick_y,-1046
135211,lstick_y,-1046
135218,lstick_y,-1046
135221,lstick_y,-1046
135226,lstick_y,-1046
135235,lstick_y,-1046
135242,lstick_y,-1046
135251,lstick_y,-1046
135260,lstick_y,-1046
135267,lstick_y,-1046
135275,lstick_y,-1046
135283,lstick_y,-1046
135291,lstick_y,-1046
135296,lstick_y,-1046
135299,lstick_y,-1046
135307,lstick_y,-1046
135315,lstick_y,-1046
135323,lstick_y,-1046
135331,lstick_y,-1046
135339,lstick_y,-1046
135347,lstick_y,-1046
135355,lstick_y,-1046
135361,lstick_y,-1046
135368,lstick_y,-1046
135371,lstick_y,-1046
135379,lstick_y,-1046
135387,lstick_y,-1046
135395,lstick_y,-1046
135403,lstick_y,-1046
135411,lstick_y,-1046
135419,lstick_y,-1046
135427,lstick_y,-1046
135434,lstick_y,-1046
135438,lstick_y,-1046
135442,lstick_y,-1046
135451,lstick_y,-1046
135459,lstick_y,-1046
135467,lstick_y,-1046
135475,lstick_y,-1046
135483,lstick_y,-1046
135491,lstick_y,-1046
135499,lstick_y,-1046
135507,lstick_y,-1046
135511,lstick_y,-1046
135515,lstick_y,-1046
135519,lstick_y,-1046
135522,lstick_y,-1046
135524,lstick_y,-1046
135531,lstick_y,-1046
135539,lstick_y,-1046
135543,lstick_y,-1046
135547,lstick_y,-1046
135555,lstick_y,-1046
135564,lstick_y,-1046
135572,lstick_y,-1046
135579,lstick_y,-1046
135586,lstick_y,-1046
135591,lstick_y,-1046
135595,lstick_y,-1046
135603,lstick_y,-1046
135612,lstick_y,-1046
135619,lstick_y,-1046
135627,lstick_y,-1046
135635,lstick_y,-1046
135643,lstick_y,-1046
135651,lstick_y,-1046
135655,lstick_y,-1046
135660,lstick_y,-1046
135663,lstick_y,-1046
135667,lstick_y,-1046
135676,lstick_y,-1046
135683,lstick_y,-1046
135691,lstick_y,-1046
135699,lstick_y,-1046
135707,lstick_y,-1046
135715,lstick_y,-1046
135723,lstick_y,-1046
135728,lstick_y,-1046
135731,lstick_y,-1046
135735,lstick_y,-1046
135738,lstick_y,-1046
135741,lstick_y,-1046
135747,lstick_y,-1046
135755,lstick_y,-1046
135761,lstick_y,-1046
135771,lstick_y,-1046
135779,lstick_y,-1046
135787,lstick_y,-1046
135795,lstick_y,-1046
135804,lstick_y,-1046
135812,lstick_y,-1046
135817,lstick_y,-1046
135827,lstick_y,-1046
135865,lstick_y,-1046
135867,lstick_y,-1046
135876,lstick_y,-1046
135879,lstick_y,-1046
135885,lstick_y,-1046
135891,lstick_y,-1046
135899,lstick_y,-1046
135907,lstick_y,-1046
135915,lstick_y,-1046
135923,lstick_y,-1046
135931,lstick_y,-1046
135939,lstick_y,-1046
135947,lstick_y,-1046
135952,lstick_y,-1046
135956,lstick_y,-1046
135961,lstick_y,-1046
135963,lstick_y,-1046
135971,lstick_y,-1046
135978,lstick_y,-1046
135987,lstick_y,-1046
135996,lstick_y,-1046
136003,lstick_y,-1046
136011,lstick_y,-1046
136020,lstick_y,-1046
136025,lstick_y,-1046
136028,lstick_y,-1046
136035,lstick_y,-1046
136043,lstick_y,-1046
136090,lstick_y,-1046
136097,lstick_y,-1046
136100,lstick_y,-1046
136107,lstick_y,-1046
136115,lstick_y,-1046
136119,lstick_y,-1046
136123,lstick_y,-1046
136131,lstick_y,-1046
136139,lstick_y,-1046
136148,lstick_y,-1046
136155,lstick_y,-1046
136164,lstick_y,-1046
136167,lstick_y,-1046
136171,lstick_y,-1046
136179,lstick_y,-1046
136185,lstick_y,-1046
136195,lstick_y,-1046
136203,lstick_y,-1046
136211,lstick_y,-1046
136219,lstick_y,-1046
136229,lstick_y,-1046
136234,lstick_y,-1046
136243,lstick_y,-1046
136251,lstick_y,-1046
136259,lstick_y,-1046
136267,lstick_y,-1046
136275,lstick_y,-1046
136283,lstick_y,-1046
136292,lstick_y,-1046
136299,lstick_y,-1046
136307,lstick_y,-1046
136315,lstick_y,-1046
136319,lstick_y,-1046
136324,lstick_y,-1046
136331,lstick_y,-1046
136339,lstick_y,-1046
136347,lstick_y,-1046
136355,lstick_y,-1046
136361,lstick_y,-1046
136365,lstick_y,-1046
136369,lstick_y,-1046
136371,lstick_y,-1046
136379,lstick_y,-1046
136384,lstick_y,-1046
136387,lstick_y,-1046
136395,lstick_y,-1046
136403,lstick_y,-1046
136411,lstick_y,-1046
136419,lstick_y,-1046
136424,lstick_y,-1046
136428,lstick_y,-1046
136434,lstick_y,-1046
136443,lstick_y,-1046
136451,lstick_y,-1046
136459,lstick_y,-1046
136467,lstick_y,-1046
136475,lstick_y,-1046
136483,lstick_y,-1046
136489,lstick_y,-1046
136494,lstick_y,-1046
136499,lstick_y,-1046
136502,lstick_y,-1046
136506,lstick_y,-1046
136509,lstick_y,-1046
136515,lstick_y,-1046
136523,lstick_y,-1046
136531,lstick_y,-1046
136539,lstick_y,-1046
136547,lstick_y,-1046
136555,lstick_y,-1046
136563,lstick_y,-1046
136569,lstick_y,-1046
136574,lstick_y,-1046
136578,lstick_y,-1046
136587,lstick_y,-1046
136594,lstick_y,-1046
136603,lstick_y,-1046
136611,lstick_y,-1046
136620,lstick_y,-1046
136627,lstick_y,-1046
136635,lstick_y,-1046
136640,lstick_y,-1046
136643,lstick_y,-1046
136651,lstick_y,-1046
136659,lstick_y,-1046
136662,lstick_y,-1046
136667,lstick_y,-1046
136675,lstick_y,-1046
136683,lstick_y,-1046
136691,lstick_y,-1046
136699,lstick_y,-1046
136710,lstick_y,-1046
136716,lstick_y,-1046
136724,lstick_y,-1046
136731,lstick_y,-1046
136757,lstick_y,-1046
136760,lstick_y,-1046
136763,lstick_y,-1046
136767,lstick_y,-1046
136771,lstick_y,-1046
136779,lstick_y,-1046
136786,lstick_y,-1046
136795,lstick_y,-1046
136803,lstick_y,-1046
136811,lstick_y,-1046
136817,lstick_y,-1046
136819,lstick_y,-1046
136827,lstick_y,-1046
136836,lstick_y,-1046
136843,lstick_y,-1046
136851,lstick_y,-1046
136860,lstick_y,-1046
136867,lstick_y,-1046
136875,lstick_y,-1046
136884,lstick_y,-1046
136891,lstick_y,-1046
136899,lstick_y,-1046
136907,lstick_y,-1046
136911,lstick_y,-1046
136915,lstick_y,-1046
136923,lstick_y,-1046
136931,lstick_y,-1046
136935,lstick_y,-1046
136939,lstick_y,-1046
136947,lstick_y,-1046
136955,lstick_y,-1046
136959,lstick_y,-1046
136963,lstick_y,-1046
136967,lstick_y,-1046
136971,lstick_y,-1046
136980,lstick_y,-1046
136992,lstick_y,-1046
136995,lstick_y,-1046
137003,lstick_y,-1046
137012,lstick_y,-1046
137018,lstick_y,-1046
137021,lstick_y,-1046
137024,lstick_y,-1046
137027,lstick_y,-1046
137035,lstick_y,-1046
137044,lstick_y,-1046
137051,lstick_y,-1046
137059,lstick_y,-1046
137067,lstick_y,-1046
137074,lstick_y,-1046
137078,lstick_y,-1046
137083,lstick_y,-1046
137091,lstick_y,-1046
137099,lstick_y,-1046
137107,lstick_y,-1046
137115,lstick_y,-1046
137123,lstick_y,-1046
137132,lstick_y,-1046
137134,lstick_y,-1046
137139,lstick_y,-1046
137147,lstick_y,-1046
137152,lstick_y,-1046
137155,lstick_y,-1046
137163,lstick_y,-1046
137171,lstick_y,-1046
137179,lstick_y,-1046
137183,lstick_y,-1046
137187,lstick_y,-1046
137189,lstick_y,-1046
137193,lstick_y,-1046
137203,lstick_y,-1046
137211,lstick_y,-1046
137219,lstick_y,-1046
137227,lstick_y,-1046
137235,lstick_y,-1046
137240,lstick_y,-1046
137243,lstick_y,-1046
137247,lstick_y,-1046
137251,lstick_y,-1046
137259,lstick_y,-1046
137267,lstick_y,-1046
137275,lstick_y,-1046
137283,lstick_y,-1046
137291,lstick_y,-1046
137299,lstick_y,-1046
137307,lstick_y,-1046
137315,lstick_y,-1046
137323,lstick_y,-1046
137331,lstick_y,-1046
137339,lstick_y,-1046
137343,lstick_y,-1046
137347,lstick_y,-1046
137350,lstick_y,-1046
137355,lstick_y,-1046
137364,lstick_y,-1046
137367,lstick_y,-1046
137371,lstick_y,-1046
137379,lstick_y,-1046
137387,lstick_y,-1046
137393,lstick_y,-1046
137396,lstick_y,-1046
137400,lstick_y,-1046
137403,lstick_y,-1046
137411,lstick_y,-1046
137418,lstick_y,-1046
137427,lstick_y,-1046
137435,lstick_y,-1046
137444,lstick_y,-1046
137450,lstick_y,-1046
137454,lstick_y,-1046
137457,lstick_y,-1046
137460,lstick_y,-1046
137467,lstick_y,-1046
137476,lstick_y,-1046
137483,lstick_y,-1046
137491,lstick_y,-1046
137499,lstick_y,-1046
137503,lstick_y,-1046
137508,lstick_y,-1046
137511,lstick_y,-1046
137515,lstick_y,-1046
137523,lstick_y,-1046
137529,lstick_y,-1046
137539,lstick_y,-1046
137548,lstick_y,-1046
137555,lstick_y,-1046
137558,lstick_y,-1046
137563,lstick_y,-1046
137567,lstick_y,-1046
137571,lstick_y,-1046
137574,lstick_y,-1046
137577,lstick_y,-1046
137579,lstick_y,-1046
137587,lstick_y,-1046
137597,lstick_y,-1046
137603,lstick_y,-1046
137612,lstick_y,-1046
137619,lstick_y,-1046
137627,lstick_y,-1046
137632,lstick_y,-1046
137635,lstick_y,-1046
137639,lstick_y,-1046
137642,lstick_y,-1046
137651,lstick_y,-1046
137659,lstick_y,-1046
137667,lstick_y,-1046
137676,lstick_y,-1046
137683,lstick_y,-1046
137690,lstick_y,-1046
137694,lstick_y,-1046
137699,lstick_y,-1046
137707,lstick_y,-1046
137715,lstick_y,-1046
137724,lstick_y,-1046
137731,lstick_y,-1046
137739,lstick_y,-1046
137747,lstick_y,-1046
137750,lstick_y,-1046
137754,lstick_y,-1046
137763,lstick_y,-1046
137771,lstick_y,-1046
137779,lstick_y,-1046
137787,lstick_y,-1046
137796,lstick_y,-1046
137799,lstick_y,-1046
137802,lstick_y,-1046
137806,lstick_y,-1046
137811,lstick_y,-1046
137819,lstick_y,-1046
137823,lstick_y,-1046
137828,lstick_y,-1046
137835,lstick_y,-1046
137844,lstick_y,-1046
137851,lstick_y,-1046
137855,lstick_y,-1046
137859,lstick_y,-1046
137867,lstick_y,-1046
137875,lstick_y,-1046
137883,lstick_y,-1046
137891,lstick_y,-1046
137899,lstick_y,-1046
137904,lstick_y,-1046
137908,lstick_y,-1046
137913,lstick_y,-1046
137923,lstick_y,-1046
137929,lstick_y,-1046
137939,lstick_y,-1046
137947,lstick_y,-1046
137956,lstick_y,-1046
137961,lstick_y,-1046
137964,lstick_y,-1046
137968,lstick_y,-1046
137971,lstick_y,-1046
137979,lstick_y,-1046
137983,lstick_y,-1046
137987,lstick_y,-1046
137996,lstick_y,-1046
138003,lstick_y,-1046
138010,lstick_y,-1046
138017,lstick_y,-1046
138019,lstick_y,-1046
138023,lstick_y,-1046
138027,lstick_y,-1046
138035,lstick_y,-1046
138044,lstick_y,-1046
138051,lstick_y,-1046
138060,lstick_y,-1046
138067,lstick_y,-1046
138072,lstick_y,-1046
138076,lstick_y,-1046
138079,lstick_y,-1046
138083,lstick_y,-1046
138091,lstick_y,-1046
138095,lstick_y,-1046
138099,lstick_y,-1046
138107,lstick_y,-1046
138115,lstick_y,-1046
138124,lstick_y,-1046
138128,lstick_y,-1046
138131,lstick_y,-1046
138139,lstick_y,-1046
138147,lstick_y,-1046
138151,lstick_y,-1046
138155,lstick_y,-1046
138164,lstick_y,-1046
138171,lstick_y,-1046
138176,lstick_y,-1046
138179,lstick_y,-1046
138184,lstick_y,-1046
138188,lstick_y,-1046
138195,lstick_y,-1046
138201,lstick_y,-1046
138203,lstick_y,-1046
138211,lstick_y,-1046
138219,lstick_y,-1046
138227,lstick_y,-1046
138233,lstick_y,-1046
138243,lstick_y,-1046
138251,lstick_y,-1046
138259,lstick_y,-1046
138267,lstick_y,-1046
138276,lstick_y,-1046
138283,lstick_y,-1046
138291,lstick_y,-1046
138301,lstick_y,-1046
138307,lstick_y,-1046
138315,lstick_y,-1046
138324,lstick_y,-1046
138329,lstick_y,-1046
138332,lstick_y,-1046
138339,lstick_y,-1046
138348,lstick_y,-1046
138352,lstick_y,-1046
138355,lstick_y,-1046
138363,lstick_y,-1046
138371,lstick_y,-1046
138380,lstick_y,-1046
138384,lstick_y,-1046
138387,lstick_y,-1046
138390,lstick_y,-1046
138393,lstick_y,-1046
138396,lstick_y,-1046
138403,lstick_y,-1046
138411,lstick_y,-1046
138419,lstick_y,-1046
138427,lstick_y,-1046
138435,lstick_y,-1046
138438,lstick_y,-1046
138441,lstick_y,-1046
138446,lstick_y,-1046
138451,lstick_y,-1046
138459,lstick_y,-1046
138465,lstick_y,-1046
138467,lstick_y,-1046
138475,lstick_y,-1046
138483,lstick_y,-1046
138489,lstick_y,-1046
138492,lstick_y,-1046
138499,lstick_y,-1046
138507,lstick_y,-1046
138512,lstick_y,-1046
138515,lstick_y,-1046
138523,lstick_y,-1046
138532,lstick_y,-1046
138539,lstick_y,-1046
138543,lstick_y,-1046
138546,lstick_y,-1046
138555,lstick_y,-1046
138563,lstick_y,-1046
138571,lstick_y,-1046
138579,lstick_y,-1046
138587,lstick_y,-1046
138595,lstick_y,-1046
138601,lstick_y,-1046
138603,lstick_y,-1046
138611,lstick_y,-1046
138617,lstick_y,-1046
138619,lstick_y,-1046
138627,lstick_y,-1046
138635,lstick_y,-1046
138641,lstick_y,-1046
138644,lstick_y,-1046
138651,lstick_y,-1046
138659,lstick_y,-1046
138667,lstick_y,-1046
138675,lstick_y,-1046
138683,lstick_y,-1046
138688,lstick_y,-1046
138691,lstick_y,-1046
138695,lstick_y,-1046
138699,lstick_y,-1046
138707,lstick_y,-1046
138712,lstick_y,-1046
138715,lstick_y,-1046
138723,lstick_y,-1046
138731,lstick_y,-1046
138737,lstick_y,-1046
138740,lstick_y,-1046
138747,lstick_y,-1046
138756,lstick_y,-1046
138763,lstick_y,-1046
138771,lstick_y,-1046
138777,lstick_y,-1046
138780,lstick_y,-1046
138784,lstick_y,-1046
138787,lstick_y,-1046
138795,lstick_y,-1046
138801,lstick_y,-1046
138811,lstick_y,-1046
138819,lstick_y,-1046
138824,lstick_y,-1046
138827,lstick_y,-1046
138833,lstick_y,-1046
138836,lstick_y,-1046
138839,lstick_y,-1046
138843,lstick_y,-1046
138851,lstick_y,-1046
138859,lstick_y,-1046
138867,lstick_y,-1046
138876,lstick_y,-1046
138882,lstick_y,-1046
138885,lstick_y,-1046
138888,lstick_y,-1046
138891,lstick_y,-1046
138895,lstick_y,-1046
138899,lstick_y,-1046
138907,lstick_y,-1046
138915,lstick_y,-1046
138923,lstick_y,-1046
138931,lstick_y,-1046
138937,lstick_y,-1046
138939,lstick_y,-1046
138943,lstick_y,-1046
138947,lstick_y,-1046
138955,lstick_y,-1046
138962,lstick_y,-1046
138971,lstick_y,-1046
138979,lstick_y,-1046
138985,lstick_y,-1046
138988,lstick_y,-1046
138993,lstick_y,-1046
138995,lstick_y,-1046
139003,lstick_y,-1046
139008,lstick_y,-1046
139011,lstick_y,-1046
139019,lstick_y,-1046
139028,lstick_y,-1046
139035,lstick_y,-1046
139038,lstick_y,-1046
139042,lstick_y,-1046
139051,lstick_y,-1046
139059,lstick_y,-1046
139067,lstick_y,-1046
139076,lstick_y,-1046
139083,lstick_y,-1046
139087,lstick_y,-1046
139091,lstick_y,-1046
139099,lstick_y,-1046
139106,lstick_y,-1046
139115,lstick_y,-1046
139123,lstick_y,-1046
139126,lstick_y,-1046
139132,lstick_y,-1046
139134,lstick_y,-1046
139139,lstick_y,-1046
139147,lstick_y,-1046
139151,lstick_y,-1046
139155,lstick_y,-1046
139163,lstick_y,-1046
139171,lstick_y,-1046
139175,lstick_y,-1046
139180,lstick_y,-1046
139183,lstick_y,-1046
139187,lstick_y,-1046
139193,lstick_y,-1046
139203,lstick_y,-1046
139212,lstick_y,-1046
139219,lstick_y,-1046
139223,lstick_y,-1046
139227,lstick_y,-1046
139236,lstick_y,-1046
139243,lstick_y,-1046
139251,lstick_y,-1046
139258,lstick_y,-1046
139261,lstick_y,-1046
139267,lstick_y,-1046
139276,lstick_y,-1046
139283,lstick_y,-1046
139291,lstick_y,-1046
139299,lstick_y,-1046
139303,lstick_y,-1046
139306,lstick_y,-1046
139310,lstick_y,-1046
139315,lstick_y,-1046
139323,lstick_y,-1046
139331,lstick_y,-1046
139339,lstick_y,-1046
139347,lstick_y,-1046
139350,lstick_y,-1046
139354,lstick_y,-1046
139357,lstick_y,-1046
139360,lstick_y,-1046
139363,lstick_y,-1046
139372,lstick_y,-1046
139379,lstick_y,-1046
139387,lstick_y,-1046
139395,lstick_y,-1046
139401,lstick_y,-1046
139403,lstick_y,-1046
139411,lstick_y,-1046
139418,lstick_y,-1046
139427,lstick_y,-1046
139435,lstick_y,-1046
139441,lstick_y,-1046
139450,lstick_y,-1046
139459,lstick_y,-1046
139462,lstick_y,-1046
139467,lstick_y,-1046
139476,lstick_y,-1046
139484,lstick_y,-1046
139488,lstick_y,-1046
139494,lstick_y,-1046
139499,lstick_y,-1046
139507,lstick_y,-1046
139515,lstick_y,-1046
139523,lstick_y,-1046
139528,lstick_y,-1046
139532,lstick_y,-1046
139534,lstick_y,-1046
139540,lstick_y,-1046
139548,lstick_y,-1046
139550,lstick_y,-1046
139555,lstick_y,-1046
139563,lstick_y,-1046
139570,lstick_y,-1046
139573,lstick_y,-1046
139577,lstick_y,-1046
139587,lstick_y,-1046
139596,lstick_y,-1046
139603,lstick_y,-1046
139611,lstick_y,-1046
139615,lstick_y,-1046
139617,lstick_y,-1046
139620,lstick_y,-1046
139623,lstick_y,-1046
139626,lstick_y,-1046
139635,lstick_y,-1046
139643,lstick_y,-1046
139651,lstick_y,-1046
139659,lstick_y,-1046
139663,lstick_y,-1046
139667,lstick_y,-1046
139670,lstick_y,-1046
139673,lstick_y,-1046
139677,lstick_y,-1046
139683,lstick_y,-1046
139691,lstick_y,-1046
139699,lstick_y,-1046
139707,lstick_y,-1046
139713,lstick_y,-1046
139715,lstick_y,-1046
139719,lstick_y,-1046
139722,lstick_y,-1046
139727,lstick_y,-1046
139731,lstick_y,-1046
139739,lstick_y,-1046
139747,lstick_y,-1046
139755,lstick_y,-1046
139763,lstick_y,-1046
139767,lstick_y,-1046
139770,lstick_y,-1046
139772,lstick_y,-1046
139775,lstick_y,-1046
139778,lstick_y,-1046
139787,lstick_y,-1046
139791,lstick_y,-1046
139795,lstick_y,-1046
139803,lstick_y,-1046
139812,lstick_y,-1046
139818,lstick_y,-1046
139821,lstick_y,-1046
139824,lstick_y,-1046
139827,lstick_y,-1046
139835,lstick_y,-1046
139840,lstick_y,-1046
139844,lstick_y,-1046
139851,lstick_y,-1046
139860,lstick_y,-1046
139867,lstick_y,-1046
139875,lstick_y,-1046
139879,lstick_y,-1046
139883,lstick_y,-1046
139891,lstick_y,-1046
139899,lstick_y,-1046
139902,lstick_y,-1046
139906,lstick_y,-1046
139915,lstick_y,-1046
139919,lstick_y,-1046
139923,lstick_y,-1046
139931,lstick_y,-1046
139939,lstick_y,-1046
139943,lstick_y,-1046
139946,lstick_y,-1046
139955,lstick_y,-1046
139978,lstick_y,-1046
139984,lstick_y,-1046
139987,lstick_y,-1046
139995,lstick_y,-1046
140000,lstick_y,-1046
140003,lstick_y,-1046
140011,lstick_y,-1046
140019,lstick_y,-1046
140022,lstick_y,-1046
140025,lstick_y,-1046
140035,lstick_y,-1046
140039,lstick_y,-1046
140043,lstick_y,-1046
140051,lstick_y,-1046
140057,lstick_y,-1046
140060,lstick_y,-1046
140067,lstick_y,-1046
140076,lstick_y,-1046
140083,lstick_y,-1046
140091,lstick_y,-1046
140096,lstick_y,-1046
140099,lstick_y,-1046
140103,lstick_y,-1046
140107,lstick_y,-1046
140117,lstick_y,-1046
140123,lstick_y,-1046
140131,lstick_y,-1046
140139,lstick_y,-1046
140145,lstick_y,-1046
140155,lstick_y,-1046
140159,lstick_y,-1046
140163,lstick_y,-1046
140171,lstick_y,-1046
140178,lstick_y,-1046
140184,lstick_y,-1046
140187,lstick_y,-1046
140195,lstick_y,-1046
140200,lstick_y,-1046
140203,lstick_y,-1046
140211,lstick_y,-1046
140217,lstick_y,-1046
140222,lstick_y,-1046
140227,lstick_y,-1046
140235,lstick_y,-1046
140243,lstick_y,-1046
140253,lstick_y,-1046
140257,lstick_y,-1046
140262,lstick_y,-1046
140267,lstick_y,-1046
140275,lstick_y,-1046
140283,lstick_y,-1046
140291,lstick_y,-1046
140297,lstick_y,-1046
140299,lstick_y,-1046
140307,lstick_y,-1046
140313,lstick_y,-1046
140323,lstick_y,-1046
140330,lstick_y,-1046
140334,lstick_y,-1046
140338,lstick_y,-1046
140341,lstick_y,-1046
140348,lstick_y,-1046
140355,lstick_y,-1046
140363,lstick_y,-1046
140372,lstick_y,-1046
140377,lstick_y,-1046
140380,lstick_y,-1046
140384,lstick_y,-1046
140387,lstick_y,-1046
140393,lstick_y,-1046
140395,lstick_y,-1046
140403,lstick_y,-1046
140407,lstick_y,-1046
140410,lstick_y,-1046
140417,lstick_y,-1046
140419,lstick_y,-1046
140427,lstick_y,-1046
140435,lstick_y,-1046
140443,lstick_y,-1046
140450,lstick_y,-1046
140454,lstick_y,-1046
140457,lstick_y,-1046
140460,lstick_y,-1046
140464,lstick_y,-1046
140467,lstick_y,-1046
140477,lstick_y,-1046
140483,lstick_y,-1046
140492,lstick_y,-1046
140497,lstick_y,-1046
140500,lstick_y,-1046
140503,lstick_y,-1046
140506,lstick_y,-1046
140510,lstick_y,-1046
140513,lstick_y,-1046
140523,lstick_y,-1046
140527,lstick_y,-1046
140531,lstick_y,-1046
140539,lstick_y,-1046
140546,lstick_y,-1046
140550,lstick_y,-1046
140555,lstick_y,-1046
140562,lstick_y,-1046
140571,lstick_y,-1046
140576,lstick_y,-1046
140579,lstick_y,-1046
140584,lstick_y,-1046
140587,lstick_y,-1046
140595,lstick_y,-1046
140603,lstick_y,-1046
140610,lstick_y,-1046
140613,lstick_y,-1046
140617,lstick_y,-1046
140627,lstick_y,-1046
140633,lstick_y,-1046
140644,lstick_y,-1046
140650,lstick_y,-1046
140654,lstick_y,-1046
140659,lstick_y,-1046
140667,lstick_y,-1046
140676,lstick_y,-1046
140681,lstick_y,-1046
140684,lstick_y,-1046
140688,lstick_y,-1046
140692,lstick_y,-1046
140699,lstick_y,-1046
140709,lstick_y,-1046
140716,lstick_y,-1046
140721,lstick_y,-1046
140723,lstick_y,-1046
140727,lstick_y,-1046
140731,lstick_y,-1046
140739,lstick_y,-1046
140747,lstick_y,-1046
140755,lstick_y,-1046
140760,lstick_y,-1046
140763,lstick_y,-1046
140767,lstick_y,-1046
140771,lstick_y,-1046
140778,lstick_y,-1046
140787,lstick_y,-1046
140792,lstick_y,-1046
140796,lstick_y,-1046
140801,lstick_y,-1046
140803,lstick_y,-1046
140806,lstick_y,-1046
140809,lstick_y,-1046
140812,lstick_y,-1046
140819,lstick_y,-1046
140826,lstick_y,-1046
140835,lstick_y,-1046
140842,lstick_y,-1046
140845,lstick_y,-1046
140850,lstick_y,-1046
140859,lstick_y,-1046
140867,lstick_y,-1046
140875,lstick_y,-1046
140878,lstick_y,-1046
140883,lstick_y,-1046
140891,lstick_y,-1046
140895,lstick_y,-1046
140899,lstick_y,-1046
140908,lstick_y,-1046
140912,lstick_y,-1046
140915,lstick_y,-1046
140923,lstick_y,-1046
140930,lstick_y,-1046
140939,lstick_y,-1046
140944,lstick_y,-1046
140948,lstick_y,-1046
140950,lstick_y,-1046
140955,lstick_y,-1046
140963,lstick_y,-1046
140967,lstick_y,-1046
140971,lstick_y,-1046
140976,lstick_y,-1046
140979,lstick_y,-1046
140984,lstick_y,-1046
140987,lstick_y,-1046
140995,lstick_y,-1046
141007,lstick_y,-1046
141011,lstick_y,-1046
141017,lstick_y,-1046
141027,lstick_y,-1046
141035,lstick_y,-1046
141041,lstick_y,-1046
141044,lstick_y,-1046
141050,lstick_y,-1046
141059,lstick_y,-1046
141062,lstick_y,-1046
141067,lstick_y,-1046
141075,lstick_y,-1046
141079,lstick_y,-1046
141083,lstick_y,-1046
141086,lstick_y,-1046
141089,lstick_y,-1046
141093,lstick_y,-1046
141099,lstick_y,-1046
141107,lstick_y,-1046
141115,lstick_y,-1046
141120,lstick_y,-1046
141123,lstick_y,-1046
141127,lstick_y,-1046
141131,lstick_y,-1046
141139,lstick_y,-1046
141142,lstick_y,-1046
141147,lstick_y,-1046
141155,lstick_y,-1046
141159,lstick_y,-1046
141164,lstick_y,-1046
141167,lstick_y,-1046
141171,lstick_y,-1046
141178,lstick_y,-1046
141189,lstick_y,-1046
141193,lstick_y,-1046
141201,lstick_y,-1046
141209,lstick_y,-1046
141221,lstick_y,-1046
141225,lstick_y,-1046
141230,lstick_y,-1046
141235,lstick_y,-1046
141243,lstick_y,-1046
141251,lstick_y,-1046
141255,lstick_y,-1046
141258,lstick_y,-1046
141267,lstick_y,-1046
141276,lstick_y,-1046
141283,lstick_y,-1046
141288,lstick_y,-1046
141291,lstick_y,-1046
141295,lstick_y,-1046
141299,lstick_y,-1046
141308,lstick_y,-1046
141315,lstick_y,-1046
141321,lstick_y,-1046
141324,lstick_y,-1046
141328,lstick_y,-1046
141331,lstick_y,-1046
141339,lstick_y,-1046
141343,lstick_y,-1046
141347,lstick_y,-1046
141353,lstick_y,-1046
141356,lstick_y,-1046
141361,lstick_y,-1046
141371,lstick_y,-1046
141375,lstick_y,-1046
141379,lstick_y,-1046
141385,lstick_y,-1046
141389,lstick_y,-1046
141392,lstick_y,-1046
141395,lstick_y,-1046
141403,lstick_y,-1046
141408,lstick_y,-1046
141412,lstick_y,-1046
141419,lstick_y,-1046
141423,lstick_y,-1046
141427,lstick_y,-1046
141436,lstick_y,-1046
141441,lstick_y,-1046
141444,lstick_y,-1046
141451,lstick_y,-1046
141455,lstick_y,-1046
141459,lstick_y,-1046
141467,lstick_y,-1046
141472,lstick_y,-1046
141475,lstick_y,-1046
141483,lstick_y,-1046
141487,lstick_y,-1046
141491,lstick_y,-1046
141499,lstick_y,-1046
141504,lstick_y,-1046
141507,lstick_y,-1046
141515,lstick_y,-1046
141523,lstick_y,-1046
141531,lstick_y,-1046
141535,lstick_y,-1046
141539,lstick_y,-1046
141547,lstick_y,-1046
141550,lstick_y,-1046
141554,lstick_y,-1046
141563,lstick_y,-1046
141568,lstick_y,-1046
141571,lstick_y,-1046
141579,lstick_y,-1046
141584,lstick_y,-1046
141588,lstick_y,-1046
141595,lstick_y,-1046
141600,lstick_y,-1046
141603,lstick_y,-1046
141611,lstick_y,-1046
141617,lstick_y,-1046
141628,lstick_y,-1046
141634,lstick_y,-1046
141640,lstick_y,-1046
141643,lstick_y,-1046
141650,lstick_y,-1046
141659,lstick_y,-1046
141668,lstick_y,-1046
141672,lstick_y,-1046
141675,lstick_y,-1046
141679,lstick_y,-1046
141683,lstick_y,-1046
141692,lstick_y,-1046
141699,lstick_y,-1046
141706,lstick_y,-1046
141710,lstick_y,-1046
141715,lstick_y,-1046
141723,lstick_y,-1046
141737,lstick_y,-1046
141740,lstick_y,-1046
141743,lstick_y,-1046
141746,lstick_y,-1046
141755,lstick_y,-1046
141761,lstick_y,-1046
141763,lstick_y,-1046
141771,lstick_y,-1046
141780,lstick_y,-1046
141787,lstick_y,-1046
141802,lstick_y,-1046
141806,lstick_y,-1046
141811,lstick_y,-1046
141819,lstick_y,-1046
141823,lstick_y,-1046
141827,lstick_y,-1046
141836,lstick_y,-1046
141840,lstick_y,-1046
141843,lstick_y,-1046
141851,lstick_y,-1046
141856,lstick_y,-1046
141859,lstick_y,-1046
141868,lstick_y,-1046
141872,lstick_y,-1046
141875,lstick_y,-1046
141883,lstick_y,-1046
141889,lstick_y,-1046
141900,lstick_y,-1046
141905,lstick_y,-1046
141908,lstick_y,-1046
141915,lstick_y,-1046
141923,lstick_y,-1046
141931,lstick_y,-1046
141936,lstick_y,-1046
141939,lstick_y,-1046
141947,lstick_y,-1046
141955,lstick_y,-1046
141963,lstick_y,-1046
141967,lstick_y,-1046
141970,lstick_y,-1046
141973,lstick_y,-1046
141979,lstick_y,-1046
141986,lstick_y,-1046
141996,lstick_y,-1046
142001,lstick_y,-1046
142004,lstick_y,-1046
142011,lstick_y,-1046
142018,lstick_y,-1046
142028,lstick_y,-1046
142034,lstick_y,-1046
142036,lstick_y,-1046
142039,lstick_y,-1046
142042,lstick_y,-1046
142044,lstick_y,-1046
142051,lstick_y,-1046
142059,lstick_y,-1046
142067,lstick_y,-1046
142073,lstick_y,-1046
142076,lstick_y,-1046
142083,lstick_y,-1046
142090,lstick_y,-1046
142099,lstick_y,-1046
142103,lstick_y,-1046
142107,lstick_y,-1046
142110,lstick_y,-1046
142115,lstick_y,-1046
142122,lstick_y,-1046
142131,lstick_y,-1046
142134,lstick_y,-1046
142138,lstick_y,-1046
142147,lstick_y,-1046
142151,lstick_y,-1046
142155,lstick_y,-1046
142161,lstick_y,-1046
142167,lstick_y,-1046
142171,lstick_y,-1046
142180,lstick_y,-1046
142187,lstick_y,-1046
142190,lstick_y,-1046
142194,lstick_y,-1046
142200,lstick_y,-1046
142203,lstick_y,-1046
142212,lstick_y,-1046
142219,lstick_y,-1046
142223,lstick_y,-1046
142226,lstick_y,-1046
142230,lstick_y,-1046
142235,lstick_y,-1046
142243,lstick_y,-1046
142252,lstick_y,-1046
142256,lstick_y,-1046
142259,lstick_y,-1046
142263,lstick_y,-1046
142267,lstick_y,-1046
142275,lstick_y,-1046
142284,lstick_y,-1046
142288,lstick_y,-1046
142291,lstick_y,-1046
142299,lstick_y,-1046
142306,lstick_y,-1046
142316,lstick_y,-1046
142319,lstick_y,-1046
142323,lstick_y,-1046
142326,lstick_y,-1046
142331,lstick_y,-1046
142339,lstick_y,-1046
142347,lstick_y,-1046
142352,lstick_y,-1046
142355,lstick_y,-1046
142359,lstick_y,-1046
142364,lstick_y,-1046
142371,lstick_y,-1046
142379,lstick_y,-1046
142384,lstick_y,-1046
142387,lstick_y,-1046
142395,lstick_y,-1046
142411,lstick_y,-1046
142417,lstick_y,-1046
142420,lstick_y,-1046
142427,lstick_y,-1046
142434,lstick_y,-1046
142442,lstick_y,-1046
142446,lstick_y,-1046
142451,lstick_y,-1046
142459,lstick_y,-1046
142467,lstick_y,-1046
142473,lstick_y,-1046
142476,lstick_y,-1046
142485,lstick_y,-1046
142491,lstick_y,-1046
142496,lstick_y,-1046
142499,lstick_y,-1046
142505,lstick_y,-1046
142507,lstick_y,-1046
142513,lstick_y,-1046
142515,lstick_y,-1046
142525,lstick_y,-1046
142531,lstick_y,-1046
142537,lstick_y,-1046
142539,lstick_y,-1046
142543,lstick_y,-1046
142547,lstick_y,-1046
142555,lstick_y,-1046
142563,lstick_y,-1046
142567,lstick_y,-1046
142569,lstick_y,-1046
142573,lstick_y,-1046
142576,lstick_y,-1046
142579,lstick_y,-1046
142587,lstick_y,-1046
142595,lstick_y,-1046
142600,lstick_y,-1046
142603,lstick_y,-1046
142606,lstick_y,-1046
142610,lstick_y,-1046
142619,lstick_y,-1046
142629,lstick_y,-1046
142633,lstick_y,-1046
142637,lstick_y,-1046
142640,lstick_y,-1046
142643,lstick_y,-1046
142651,lstick_y,-1046
142657,lstick_y,-1046
142667,lstick_y,-1046
142671,lstick_y,-1046
142673,lstick_y,-1046
142677,lstick_y,-1046
142683,lstick_y,-1046
142692,lstick_y,-1046
142697,lstick_y,-1046
142707,lstick_y,-1046
142713,lstick_y,-1046
142716,lstick_y,-1046
142723,lstick_y,-1046
142730,lstick_y,-1046
142738,lstick_y,-1046
142740,lstick_y,-1046
142752,lstick_y,-1046
142755,lstick_y,-1046
142763,lstick_y,-1046
142767,lstick_y,-1046
142771,lstick_y,-1046
142779,lstick_y,-1046
142788,lstick_y,-1046
142791,lstick_y,-1046
142793,lstick_y,-1046
142797,lstick_y,-1046
142801,lstick_y,-1046
142803,lstick_y,-1046
142811,lstick_y,-1046
142819,lstick_y,-1046
142823,lstick_y,-1046
142827,lstick_y,-1046
142835,lstick_y,-1046
142840,lstick_y,-1046
142843,lstick_y,-1046
142850,lstick_y,-1046
142856,lstick_y,-1046
142859,lstick_y,-1046
142868,lstick_y,-1046
142876,lstick_y,-1046
142883,lstick_y,-1046
142891,lstick_y,-1046
142895,lstick_y,-1046
142899,lstick_y,-1046
142904,lstick_y,-1046
142907,lstick_y,-1046
142915,lstick_y,-1046
142922,lstick_y,-1046
142931,lstick_y,-1046
142937,lstick_y,-1046
142939,lstick_y,-1046
142947,lstick_y,-1046
142955,lstick_y,-1046
142964,lstick_y,-1046
142967,lstick_y,-1046
142972,lstick_y,-1046
142975,lstick_y,-1046
142979,lstick_y,-1046
142988,lstick_y,-1046
142996,lstick_y,-1046
143000,lstick_y,-1046
143003,lstick_y,-1046
143011,lstick_y,-1046
143017,lstick_y,-1046
143019,lstick_y,-1046
143026,lstick_y,-1046
143029,lstick_y,-1046
143033,lstick_y,-1046
143044,lstick_y,-1046
143052,lstick_y,-1046
143057,lstick_y,-1046
143059,lstick_y,-1046
143067,lstick_y,-1046
143072,lstick_y,-1046
143075,lstick_y,-1046
143081,lstick_y,-1046
143083,lstick_y,-1046
143088,lstick_y,-1046
143091,lstick_y,-1046
143094,lstick_y,-1046
143097,lstick_y,-1046
143099,lstick_y,-1046
143108,lstick_y,-1046
143115,lstick_y,-1046
143122,lstick_y,-1046
143126,lstick_y,-1046
143131,lstick_y,-1046
143138,lstick_y,-1046
143148,lstick_y,-1046
143150,lstick_y,-1046
143155,lstick_y,-1046
143164,lstick_y,-1046
143171,lstick_y,-1046
143178,lstick_y,-1046
143183,lstick_y,-1046
143187,lstick_y,-1046
143195,lstick_y,-1046
143204,lstick_y,-1046
143210,lstick_y,-1046
143216,lstick_y,-1046
143219,lstick_y,-1046
143225,lstick_y,-1046
143235,lstick_y,-1046
143237,lstick_y,-1046
143241,lstick_y,-1046
143251,lstick_y,-1046
143256,lstick_y,-1046
143259,lstick_y,-1046
143264,lstick_y,-1046
143267,lstick_y,-1046
143269,lstick_y,-1046
143276,lstick_y,-1046
143284,lstick_y,-1046
143293,lstick_y,-1046
143297,lstick_y,-1046
143299,lstick_y,-1046
143307,lstick_y,-1046
143313,lstick_y,-1046
143321,lstick_y,-1046
143323,lstick_y,-1046
143327,lstick_y,-1046
143331,lstick_y,-1046
143339,lstick_y,-1046
143348,lstick_y,-1046
143355,lstick_y,-1046
143359,lstick_y,-1046
143363,lstick_y,-1046
143371,lstick_y,-1046
143375,lstick_y,-1046
143379,lstick_y,-1046
143386,lstick_y,-1046
143388,lstick_y,-1046
143392,lstick_y,-1046
143395,lstick_y,-1046
143403,lstick_y,-1046
143412,lstick_y,-1046
143417,lstick_y,-1046
143421,lstick_y,-1046
143427,lstick_y,-1046
143433,lstick_y,-1046
143441,lstick_y,-1046
143444,lstick_y,-1046
143450,lstick_y,-1046
143459,lstick_y,-1046
143463,lstick_y,-1046
143467,lstick_y,-1046
143471,lstick_y,-1046
143474,lstick_y,-1046
143478,lstick_y,-1046
143483,lstick_y,-1046
143492,lstick_y,-1046
143499,lstick_y,-1046
143503,lstick_y,-1046
143508,lstick_y,-1046
143515,lstick_y,-1046
143521,lstick_y,-1046
143523,lstick_y,-1046
143531,lstick_y,-1046
143537,lstick_y,-1046
143539,lstick_y,-1046
143547,lstick_y,-1046
143550,lstick_y,-1046
143555,lstick_y,-1046
143562,lstick_y,-1046
143567,lstick_y,-1046
143571,lstick_y,-1046
143578,lstick_y,-1046
143587,lstick_y,-1046
143593,lstick_y,-1046
143603,lstick_y,-1046
143611,lstick_y,-1046
143614,lstick_y,-1046
143617,lstick_y,-1046
143620,lstick_y,-1046
143627,lstick_y,-1046
143635,lstick_y,-1046
143643,lstick_y,-1046
143650,lstick_y,-1046
143659,lstick_y,-1046
143667,lstick_y,-1046
143672,lstick_y,-1046
143674,lstick_y,-1046
143678,lstick_y,-1046
143683,lstick_y,-1046
143690,lstick_y,-1046
143699,lstick_y,-1046
143706,lstick_y,-1046
143715,lstick_y,-1046
143723,lstick_y,-1046
143727,lstick_y,-1046
143730,lstick_y,-1046
143734,lstick_y,-1046
143736,lstick_y,-1046
143739,lstick_y,-1046
143742,lstick_y,-1046
143747,lstick_y,-1046
143756,lstick_y,-1046
143758,lstick_y,-1046
143763,lstick_y,-1046
143768,lstick_y,-1046
143771,lstick_y,-1046
143774,lstick_y,-1046
143779,lstick_y,-1046
143787,lstick_y,-1046
143795,lstick_y,-1046
143801,lstick_y,-1046
143804,lstick_y,-1046
143811,lstick_y,-1046
143819,lstick_y,-1046
143827,lstick_y,-1046
143834,lstick_y,-1046
143838,lstick_y,-1046
143841,lstick_y,-1046
143845,lstick_y,-1046
143851,lstick_y,-1046
143856,lstick_y,-1046
143859,lstick_y,-1046
143867,lstick_y,-1046
143871,lstick_y,-1046
143874,lstick_y,-1046
143878,lstick_y,-1046
143883,lstick_y,-1046
143889,lstick_y,-1046
143897,lstick_y,-1046
143899,lstick_y,-1046
143903,lstick_y,-1046
143907,lstick_y,-1046
143915,lstick_y,-1046
143923,lstick_y,-1046
143926,lstick_y,-1046
143932,lstick_y,-1046
143940,lstick_y,-1046
143948,lstick_y,-1046
143951,lstick_y,-1046
143955,lstick_y,-1046
143963,lstick_y,-1046
143967,lstick_y,-1046
143971,lstick_y,-1046
143976,lstick_y,-1046
143980,lstick_y,-1046
143983,lstick_y,-1046
143987,lstick_y,-1046
143991,lstick_y,-1046
143995,lstick_y,-1046
144000,lstick_y,-1046
144003,lstick_y,-1046
144006,lstick_y,-1046
144011,lstick_y,-1046
144018,lstick_y,-1046
144026,lstick_y,-1046
144029,lstick_y,-1046
144035,lstick_y,-1046
144043,lstick_y,-1046
144051,lstick_y,-1046
144055,lstick_y,-1046
144058,lstick_y,-1046
144062,lstick_y,-1046
144067,lstick_y,-1046
144075,lstick_y,-1046
144088,lstick_y,-1046
144091,lstick_y,-1046
144104,lstick_y,-1046
144110,lstick_y,-1046
144115,lstick_y,-1046
144119,lstick_y,-1046
144123,lstick_y,-1046
144131,lstick_y,-1046
144139,lstick_y,-1046
144148,lstick_y,-1046
144155,lstick_y,-1046
144163,lstick_y,-1046
144170,lstick_y,-1046
144177,lstick_y,-1046
144187,lstick_y,-1046
144195,lstick_y,-1046
144205,lstick_y,-1046
144209,lstick_y,-1046
144221,lstick_y,-1046
144225,lstick_y,-1046
144227,lstick_y,-1046
144235,lstick_y,-1046
144240,lstick_y,-1046
144243,lstick_y,-1046
144251,lstick_y,-1046
144260,lstick_y,-1046
144267,lstick_y,-1046
144275,lstick_y,-1046
144284,lstick_y,-1046
144292,lstick_y,-1046
144299,lstick_y,-1046
144307,lstick_y,-1046
144315,lstick_y,-1046
144321,lstick_y,-1046
144323,lstick_y,-1046
144332,lstick_y,-1046
144336,lstick_y,-1046
144339,lstick_y,-1046
144349,lstick_y,-1046
144353,lstick_y,-1046
144355,lstick_y,-1046
144363,lstick_y,-1046
144371,lstick_y,-1046
144378,lstick_y,-1046
144388,lstick_y,-1046
144390,lstick_y,-1046
144395,lstick_y,-1046
144403,lstick_y,-1046
144411,lstick_y,-1046
144422,lstick_y,-1046
144425,lstick_y,-1046
144440,lstick_y,-1046
144449,lstick_y,-1046
144452,lstick_y,-1046
144458,lstick_y,-1046
144461,lstick_y,-1046
144467,lstick_y,-1046
144475,lstick_y,-1046
144483,lstick_y,-1046
144491,lstick_y,-1046
144503,lstick_y,-1046
144508,lstick_y,-1046
144515,lstick_y,-1046
144523,lstick_y,-1046
144531,lstick_y,-1046
144541,lstick_y,-1046
144548,lstick_y,-1046
144559,lstick_y,-1046
144562,lstick_y,-1046
144570,lstick_y,-1046
144579,lstick_y,-1046
144587,lstick_y,-1046
144595,lstick_y,-1046
144609,lstick_y,-1046
144619,lstick_y,-1046
144628,lstick_y,-1046
144635,lstick_y,-1046
144644,lstick_y,-1046
144653,lstick_y,-1046
144659,lstick_y,-1046
144663,lstick_y,-1046
144667,lstick_y,-1046
144672,lstick_y,-1046
144675,lstick_y,-1046
144683,lstick_y,-1046
144691,lstick_y,-1046
144699,lstick_y,-1046
144708,lstick_y,-1046
144715,lstick_y,-1046
144720,lstick_y,-1046
144723,lstick_y,-1046
144727,lstick_y,-1046
144731,lstick_y,-1046
144739,lstick_y,-1046
144747,lstick_y,-1046
144759,lstick_y,-1046
144763,lstick_y,-1046
144771,lstick_y,-1046
144774,lstick_y,-1046
144782,lstick_y,-1046
144786,lstick_y,-1046
144796,lstick_y,-1046
144806,lstick_y,-1046
144811,lstick_y,-1046
144817,lstick_y,-1046
144827,lstick_y,-1046
144835,lstick_y,-1046
144844,lstick_y,-1046
144851,lstick_y,-1046
144862,lstick_y,-1046
144867,lstick_y,-1046
144871,lstick_y,-1046
144875,lstick_y,-1046
144883,lstick_y,-1046
144892,lstick_y,-1046
144899,lstick_y,-1046
144911,lstick_y,-1046
144915,lstick_y,-1046
144921,lstick_y,-1046
144925,lstick_y,-1046
144931,lstick_y,-1046
144939,lstick_y,-1046
144947,lstick_y,-1046
144955,lstick_y,-1046
144966,lstick_y,-1046
144971,lstick_y,-1046
144977,lstick_y,-1046
144981,lstick_y,-1046
144984,lstick_y,-1046
144988,lstick_y,-1046
144995,lstick_y,-1046
145003,lstick_y,-1046
145011,lstick_y,-1046
145020,lstick_y,-1046
145023,lstick_y,-1046
145027,lstick_y,-1046
145029,lstick_y,-1046
145035,lstick_y,-1046
145043,lstick_y,-1046
145051,lstick_y,-1046
145053,lstick_y,-1046
145057,lstick_y,-1046
145059,lstick_y,-1046
145067,lstick_y,-1046
145071,lstick_y,-1046
145075,lstick_y,-1046
145079,lstick_y,-1046
145083,lstick_y,-1046
145086,lstick_y,-1046
145090,lstick_y,-1046
145093,lstick_y,-1046
145099,lstick_y,-1046
145108,lstick_y,-1046
145115,lstick_y,-1046
145119,lstick_y,-1046
145122,lstick_y,-1046
145125,lstick_y,-1046
145131,lstick_y,-1046
145139,lstick_y,-1046
145145,lstick_y,-1046
145147,lstick_y,-1046
145150,lstick_y,-1046
145153,lstick_y,-1046
145155,lstick_y,-1046
145159,lstick_y,-1046
145162,lstick_y,-1046
145171,lstick_y,-1046
145179,lstick_y,-1046
145183,lstick_y,-1046
145186,lstick_y,-1046
145190,lstick_y,-1046
145193,lstick_y,-1046
145203,lstick_y,-1046
145207,lstick_y,-1046
145212,lstick_y,-1046
145219,lstick_y,-1046
145228,lstick_y,-1046
145234,lstick_y,-1046
145236,lstick_y,-1046
145240,lstick_y,-1046
145244,lstick_y,-1046
145251,lstick_y,-1046
145256,lstick_y,-1046
145263,lstick_y,-1046
145267,lstick_y,-1046
145276,lstick_y,-1046
145283,lstick_y,-1046
145287,lstick_y,-1046
145291,lstick_y,-1046
145294,lstick_y,-1046
145299,lstick_y,-1046
145307,lstick_y,-1046
145313,lstick_y,-1046
145315,lstick_y,-1046
145323,lstick_y,-1046
145331,lstick_y,-1046
145337,lstick_y,-1046
145340,lstick_y,-1046
145347,lstick_y,-1046
145358,lstick_y,-1046
145362,lstick_y,-1046
145364,lstick_y,-1046
145367,lstick_y,-1046
145371,lstick_y,-1046
145379,lstick_y,-1046
145385,lstick_y,-1046
145387,lstick_y,-1046
145391,lstick_y,-1046
145395,lstick_y,-1046
145403,lstick_y,-1046
145407,lstick_y,-1046
145412,lstick_y,-1046
145419,lstick_y,-1046
145428,lstick_y,-1046
145434,lstick_y,-1046
145437,lstick_y,-1046
145443,lstick_y,-1046
145452,lstick_y,-1046
145458,lstick_y,-1046
145467,lstick_y,-1046
145476,lstick_y,-1046
145483,lstick_y,-1046
145488,lstick_y,-1046
145491,lstick_y,-1046
145495,lstick_y,-1046
145499,lstick_y,-1046
145508,lstick_y,-1046
145515,lstick_y,-1046
145519,lstick_y,-1046
145522,lstick_y,-1046
145526,lstick_y,-1046
145529,lstick_y,-1046
145531,lstick_y,-1046
145539,lstick_y,-1046
145545,lstick_y,-1046
145547,lstick_y,-1046
145551,lstick_y,-1046
145554,lstick_y,-1046
145556,lstick_y,-1046
145560,lstick_y,-1046
145563,lstick_y,-1046
145571,lstick_y,-1046
145574,lstick_y,-1046
145579,lstick_y,-1046
145583,lstick_y,-1046
145587,lstick_y,-1046
145595,lstick_y,-1046
145602,lstick_y,-1046
145606,lstick_y,-1046
145611,lstick_y,-1046
145619,lstick_y,-1046
145624,lstick_y,-1046
145627,lstick_y,-1046
145634,lstick_y,-1046
145643,lstick_y,-1046
145650,lstick_y,-1046
145655,lstick_y,-1046
145660,lstick_y,-1046
145667,lstick_y,-1046
145672,lstick_y,-1046
145675,lstick_y,-1046
145678,lstick_y,-1046
145684,lstick_y,-1046
145691,lstick_y,-1046
145699,lstick_y,-1046
145703,lstick_y,-1046
145707,lstick_y,-1046
145715,lstick_y,-1046
145722,lstick_y,-1046
145727,lstick_y,-1046
145732,lstick_y,-1046
145738,lstick_y,-1046
145748,lstick_y,-1046
145750,lstick_y,-1046
145753,lstick_y,-1046
145759,lstick_y,-1046
145763,lstick_y,-1046
145771,lstick_y,-1046
145776,lstick_y,-1046
145779,lstick_y,-1046
145784,lstick_y,-1046
145787,lstick_y,-1046
145795,lstick_y,-1046
145801,lstick_y,-1046
145808,lstick_y,-1046
145811,lstick_y,-1046
145820,lstick_y,-1046
145824,lstick_y,-1046
145827,lstick_y,-1046
145829,lstick_y,-1046
145833,lstick_y,-1046
145837,lstick_y,-1046
145840,lstick_y,-1046
145843,lstick_y,-1046
145851,lstick_y,-1046
145857,lstick_y,-1046
145860,lstick_y,-1046
145863,lstick_y,-1046
145867,lstick_y,-1046
145870,lstick_y,-1046
145874,lstick_y,-1046
145883,lstick_y,-1046
145889,lstick_y,-1046
145893,lstick_y,-1046
145896,lstick_y,-1046
145899,lstick_y,-1046
145907,lstick_y,-1046
145911,lstick_y,-1046
145915,lstick_y,-1046
145923,lstick_y,-1046
145931,lstick_y,-1046
145937,lstick_y,-1046
145940,lstick_y,-1046
145947,lstick_y,-1046
145951,lstick_y,-1046
145954,lstick_y,-1046
145957,lstick_y,-1046
145961,lstick_y,-1046
145963,lstick_y,-1046
145971,lstick_y,-1046
145975,lstick_y,-1046
145979,lstick_y,-1046
145984,lstick_y,-1046
145986,lstick_y,-1046
145990,lstick_y,-1046
145992,lstick_y,-1046
145995,lstick_y,-1046
146003,lstick_y,-1046
146008,lstick_y,-1046
146011,lstick_y,-1046
146017,lstick_y,-1046
146019,lstick_y,-1046
146027,lstick_y,-1046
146033,lstick_y,-1046
146035,lstick_y,-1046
146043,lstick_y,-1046
146051,lstick_y,-1046
146055,lstick_y,-1046
146060,lstick_y,-1046
146063,lstick_y,-1046
146067,lstick_y,-1046
146075,lstick_y,-1046
146080,lstick_y,-1046
146084,lstick_y,-1046
146087,lstick_y,-1046
146091,lstick_y,-1046
146099,lstick_y,-1046
146103,lstick_y,-1046
146107,lstick_y,-1046
146113,lstick_y,-1046
146123,lstick_y,-1046
146128,lstick_y,-1046
146131,lstick_y,-1046
146140,lstick_y,-1046
146147,lstick_y,-1046
146151,lstick_y,-1046
146156,lstick_y,-1046
146163,lstick_y,-1046
146168,lstick_y,-1046
146172,lstick_y,-1046
146175,lstick_y,-1046
146178,lstick_y,-1046
146187,lstick_y,-1046
146190,lstick_y,-1046
146195,lstick_y,-1046
146200,lstick_y,-1046
146203,lstick_y,-1046
146211,lstick_y,-1046
146217,lstick_y,-1046
146219,lstick_y,-1046
146223,lstick_y,-1046
146227,lstick_y,-1046
146234,lstick_y,-1046
146238,lstick_y,-1046
146243,lstick_y,-1046
146251,lstick_y,-1046
146257,lstick_y,-1046
146259,lstick_y,-1046
146267,lstick_y,-1046
146276,lstick_y,-1046
146278,lstick_y,-1046
146283,lstick_y,-1046
146288,lstick_y,-1046
146291,lstick_y,-1046
146295,lstick_y,-1046
146299,lstick_y,-1046
146307,lstick_y,-1046
146315,lstick_y,-1046
146320,lstick_y,-1046
146323,lstick_y,-1046
146328,lstick_y,-1046
146331,lstick_y,-1046
146339,lstick_y,-1046
146348,lstick_y,-1046
146352,lstick_y,-1046
146355,lstick_y,-1046
146360,lstick_y,-1046
146363,lstick_y,-1046
146371,lstick_y,-1046
146379,lstick_y,-1046
146387,lstick_y,-1046
146445,lstick_y,-1046
146451,lstick_y,-1046
146459,lstick_y,-1046
146467,lstick_y,-1046
146470,lstick_y,-1046
146475,lstick_y,-1046
146483,lstick_y,-1046
146491,lstick_y,-1046
146499,lstick_y,-1046
146509,lstick_y,-1046
146515,lstick_y,-1046
146523,lstick_y,-1046
146531,lstick_y,-1046
146539,lstick_y,-1046
146547,lstick_y,-1046
146555,lstick_y,-1046
146563,lstick_y,-1046
146571,lstick_y,-1046
146576,lstick_y,-1046
146579,lstick_y,-1046
146584,lstick_y,-1046
146587,lstick_y,-1046
146595,lstick_y,-1046
146603,lstick_y,-1046
146610,lstick_y,-1046
146619,lstick_y,-1046
146627,lstick_y,-1046
146635,lstick_y,-1046
146643,lstick_y,-1046
146651,lstick_y,-1046
146659,lstick_y,-1046
146667,lstick_y,-1046
146675,lstick_y,-1046
146683,lstick_y,-1046
146691,lstick_y,-1046
146694,lstick_y,-1046
146700,lstick_y,-1046
146707,lstick_y,-1046
146715,lstick_y,-1046
146723,lstick_y,-1046
146731,lstick_y,-1046
146739,lstick_y,-1046
146746,lstick_y,-1046
146751,lstick_y,-1046
146755,lstick_y,-1046
146759,lstick_y,-1046
146762,lstick_y,-1046
146771,lstick_y,-1046
146779,lstick_y,-1046
146787,lstick_y,-1046
146791,lstick_y,-1046
146795,lstick_y,-1046
146803,lstick_y,-1046
146811,lstick_y,-1046
146819,lstick_y,-1046
146827,lstick_y,-1046
146835,lstick_y,-1046
146839,lstick_y,-1046
146844,lstick_y,-1046
146851,lstick_y,-1046
146859,lstick_y,-1046
146867,lstick_y,-1046
146874,lstick_y,-1046
146884,lstick_y,-1046
146891,lstick_y,-1046
146899,lstick_y,-1046
146907,lstick_y,-1046
146915,lstick_y,-1046
146923,lstick_y,-1046
146927,lstick_y,-1046
146931,lstick_y,-1046
146934,lstick_y,-1046
146937,lstick_y,-1046
146940,lstick_y,-1046
146943,lstick_y,-1046
146946,lstick_y,-1046
146950,lstick_y,-1046
146955,lstick_y,-1046
146964,lstick_y,-1046
146971,lstick_y,-1046
146978,lstick_y,-1046
146987,lstick_y,-1046
146995,lstick_y,-1046
147003,lstick_y,-1046
147011,lstick_y,-1046
147019,lstick_y,-1046
147027,lstick_y,-1046
147034,lstick_y,-1046
147043,lstick_y,-1046
147051,lstick_y,-1046
147057,lstick_y,-1046
147067,lstick_y,-1046
147076,lstick_y,-1046
147083,lstick_y,-1046
147091,lstick_y,-1046
147099,lstick_y,-1046
147109,lstick_y,-1046
147112,lstick_y,-1046
147115,lstick_y,-1046
147119,lstick_y,-1046
147123,lstick_y,-1046
147131,lstick_y,-1046
147140,lstick_y,-1046
147147,lstick_y,-1046
147155,lstick_y,-1046
147163,lstick_y,-1046
147171,lstick_y,-1046
147179,lstick_y,-1046
147187,lstick_y,-1046
147195,lstick_y,-1046
147200,lstick_y,-1046
147204,lstick_y,-1046
147211,lstick_y,-1046
147219,lstick_y,-1046
147226,lstick_y,-1046
147235,lstick_y,-1046
147244,lstick_y,-1046
147251,lstick_y,-1046
147259,lstick_y,-1046
147267,lstick_y,-1046
147275,lstick_y,-1046
147281,lstick_y,-1046
147283,lstick_y,-1046
147290,lstick_y,-1046
147299,lstick_y,-1046
147307,lstick_y,-1046
147311,lstick_y,-1046
147315,lstick_y,-1046
147323,lstick_y,-1046
147331,lstick_y,-1046
147339,lstick_y,-1046
147347,lstick_y,-1046
147355,lstick_y,-1046
147360,lstick_y,-1046
147364,lstick_y,-1046
147367,lstick_y,-1046
147371,lstick_y,-1046
147379,lstick_y,-1046
147387,lstick_y,-1046
147392,lstick_y,-1046
147395,lstick_y,-1046
147403,lstick_y,-1046
147411,lstick_y,-1046
147419,lstick_y,-1046
147427,lstick_y,-1046
147435,lstick_y,-1046
147444,lstick_y,-1046
147450,lstick_y,-1046
147457,lstick_y,-1046
147459,lstick_y,-1046
147467,lstick_y,-1046
147476,lstick_y,-1046
147483,lstick_y,-1046
147491,lstick_y,-1046
147499,lstick_y,-1046
147507,lstick_y,-1046
147515,lstick_y,-1046
147523,lstick_y,-1046
147531,lstick_y,-1046
147536,lstick_y,-1046
147539,lstick_y,-1046
147543,lstick_y,-1046
147545,lstick_y,-1046
147555,lstick_y,-1046
147564,lstick_y,-1046
147571,lstick_y,-1046
147579,lstick_y,-1046
147587,lstick_y,-1046
147595,lstick_y,-1046
147603,lstick_y,-1046
147611,lstick_y,-1046
147619,lstick_y,-1046
147624,lstick_y,-1046
147628,lstick_y,-1046
147634,lstick_y,-1046
147643,lstick_y,-1046
147651,lstick_y,-1046
147656,lstick_y,-1046
147659,lstick_y,-1046
147667,lstick_y,-1046
147676,lstick_y,-1046
147683,lstick_y,-1046
147691,lstick_y,-1046
147699,lstick_y,-1046
147708,lstick_y,-1046
147715,lstick_y,-1046
147723,lstick_y,-1046
147731,lstick_y,-1046
147739,lstick_y,-1046
147747,lstick_y,-1046
147755,lstick_y,-1046
147763,lstick_y,-1046
147771,lstick_y,-1046
147780,lstick_y,-1046
147787,lstick_y,-1046
147796,lstick_y,-1046
147803,lstick_y,-1046
147809,lstick_y,-1046
147814,lstick_y,-1046
147819,lstick_y,-1046
147827,lstick_y,-1046
147836,lstick_y,-1046
147843,lstick_y,-1046
147851,lstick_y,-1046
147860,lstick_y,-1046
147867,lstick_y,-1046
147875,lstick_y,-1046
147883,lstick_y,-1046
147892,lstick_y,-1046
147899,lstick_y,-1046
147907,lstick_y,-1046
147915,lstick_y,-1046
147923,lstick_y,-1046
147927,lstick_y,-1046
147931,lstick_y,-1046
147939,lstick_y,-1046
147947,lstick_y,-1046
147955,lstick_y,-1046
147963,lstick_y,-1046
147971,lstick_y,-1046
147980,lstick_y,-1046
147985,lstick_y,-1046
147988,lstick_y,-1046
147995,lstick_y,-1046
148003,lstick_y,-1046
148011,lstick_y,-1046
148019,lstick_y,-1046
148027,lstick_y,-1046
148035,lstick_y,-1046
148043,lstick_y,-1046
148051,lstick_y,-1046
148059,lstick_y,-1046
148066,lstick_y,-1046
148070,lstick_y,-1046
148074,lstick_y,-1046
148077,lstick_y,-1046
148083,lstick_y,-1046
148091,lstick_y,-1046
148100,lstick_y,-1046
148107,lstick_y,-1046
148111,lstick_y,-1046
148115,lstick_y,-1046
148123,lstick_y,-1046
148131,lstick_y,-1046
148139,lstick_y,-1046
148147,lstick_y,-1046
148155,lstick_y,-1046
148161,lstick_y,-1046
148164,lstick_y,-1046
148168,lstick_y,-1046
148171,lstick_y,-1046
148175,lstick_y,-1046
148179,lstick_y,-1046
148184,lstick_y,-1046
148187,lstick_y,-1046
148195,lstick_y,-1046
148203,lstick_y,-1046
148207,lstick_y,-1046
148211,lstick_y,-1046
148219,lstick_y,-1046
148227,lstick_y,-1046
148235,lstick_y,-1046
148243,lstick_y,-1046
148251,lstick_y,-1046
148259,lstick_y,-1046
148263,lstick_y,-1046
148267,lstick_y,-1046
148275,lstick_y,-1046
148283,lstick_y,-1046
148292,lstick_y,-1046
148299,lstick_y,-1046
148307,lstick_y,-1046
148315,lstick_y,-1046
148323,lstick_y,-1046
148331,lstick_y,-1046
148339,lstick_y,-1046
148344,lstick_y,-1046
148348,lstick_y,-1046
148350,lstick_y,-1046
148355,lstick_y,-1046
148363,lstick_y,-1046
148371,lstick_y,-1046
148378,lstick_y,-1046
148387,lstick_y,-1046
148396,lstick_y,-1046
148403,lstick_y,-1046
148411,lstick_y,-1046
148419,lstick_y,-1046
148428,lstick_y,-1046
148434,lstick_y,-1046
148443,lstick_y,-1046
148451,lstick_y,-1046
148459,lstick_y,-1046
148463,lstick_y,-1046
148468,lstick_y,-1046
148475,lstick_y,-1046
148483,lstick_y,-1046
148492,lstick_y,-1046
148499,lstick_y,-1046
148507,lstick_y,-1046
148513,lstick_y,-1046
148518,lstick_y,-1046
148521,lstick_y,-1046
148523,lstick_y,-1046
148531,lstick_y,-1046
148539,lstick_y,-1046
148545,lstick_y,-1046
148548,lstick_y,-1046
148555,lstick_y,-1046
148563,lstick_y,-1046
148571,lstick_y,-1046
148580,lstick_y,-1046
148587,lstick_y,-1046
148595,lstick_y,-1046
148600,lstick_y,-1046
148603,lstick_y,-1046
148607,lstick_y,-1046
148609,lstick_y,-1046
148613,lstick_y,-1046
148617,lstick_y,-1046
148627,lstick_y,-1046
148635,lstick_y,-1046
148640,lstick_y,-1046
148643,lstick_y,-1046
148651,lstick_y,-1046
148659,lstick_y,-1046
148667,lstick_y,-1046
148675,lstick_y,-1046
148683,lstick_y,-1046
148690,lstick_y,-1046
148694,lstick_y,-1046
148699,lstick_y,-1046
148707,lstick_y,-1046
148715,lstick_y,-1046
148721,lstick_y,-1046
148732,lstick_y,-1046
148739,lstick_y,-1046
148747,lstick_y,-1046
148755,lstick_y,-1046
148763,lstick_y,-1046
148772,lstick_y,-1046
148777,lstick_y,-1046
148784,lstick_y,-1046
148787,lstick_y,-1046
148795,lstick_y,-1046
148804,lstick_y,-1046
148811,lstick_y,-1046
148819,lstick_y,-1046
148827,lstick_y,-1046
148835,lstick_y,-1046
148843,lstick_y,-1046
148851,lstick_y,-1046
148856,lstick_y,-1046
148859,lstick_y,-1046
148863,lstick_y,-1046
148867,lstick_y,-1046
148875,lstick_y,-1046
148883,lstick_y,-1046
148889,lstick_y,-1046
148899,lstick_y,-1046
148907,lstick_y,-1046
148915,lstick_y,-1046
148923,lstick_y,-1046
148931,lstick_y,-1046
148937,lstick_y,-1046
148943,lstick_y,-1046
148947,lstick_y,-1046
148951,lstick_y,-1046
148955,lstick_y,-1046
148963,lstick_y,-1046
148971,lstick_y,-1046
148979,lstick_y,-1046
148987,lstick_y,-1046
148996,lstick_y,-1046
149003,lstick_y,-1046
149011,lstick_y,-1046
149019,lstick_y,-1046
149025,lstick_y,-1046
149028,lstick_y,-1046
149034,lstick_y,-1046
149043,lstick_y,-1046
149051,lstick_y,-1046
149055,lstick_y,-1046
149059,lstick_y,-1046
149067,lstick_y,-1046
149075,lstick_y,-1046
149083,lstick_y,-1046
149091,lstick_y,-1046
149099,lstick_y,-1046
149105,lstick_y,-1046
149108,lstick_y,-1046
149112,lstick_y,-1046
149116,lstick_y,-1046
149123,lstick_y,-1046
149131,lstick_y,-1046
149139,lstick_y,-1046
149147,lstick_y,-1046
149155,lstick_y,-1046
149163,lstick_y,-1046
149171,lstick_y,-1046
149179,lstick_y,-1046
149187,lstick_y,-1046
149195,lstick_y,-1046
149200,lstick_y,-1046
149203,lstick_y,-1046
149211,lstick_y,-1046
149219,lstick_y,-1046
149227,lstick_y,-1046
149235,lstick_y,-1046
149243,lstick_y,-1046
149251,lstick_y,-1046
149259,lstick_y,-1046
149267,lstick_y,-1046
149274,lstick_y,-1046
149279,lstick_y,-1046
149283,lstick_y,-1046
149291,lstick_y,-1046
149299,lstick_y,-1046
149306,lstick_y,-1046
149315,lstick_y,-1046
149323,lstick_y,-1046
149332,lstick_y,-1046
149340,lstick_y,-1046
149347,lstick_y,-1046
149355,lstick_y,-1046
149358,lstick_y,-1046
149362,lstick_y,-1046
149367,lstick_y,-1046
149371,lstick_y,-1046
149379,lstick_y,-1046
149389,lstick_y,-1046
149395,lstick_y,-1046
149403,lstick_y,-1046
149411,lstick_y,-1046
149419,lstick_y,-1046
149427,lstick_y,-1046
149435,lstick_y,-1046
149440,lstick_y,-1046
149444,lstick_y,-1046
149451,lstick_y,-1046
149460,lstick_y,-1046
149467,lstick_y,-1046
149471,lstick_y,-1046
149475,lstick_y,-1046
149483,lstick_y,-1046
149491,lstick_y,-1046
149499,lstick_y,-1046
149507,lstick_y,-1046
149515,lstick_y,-1046
149523,lstick_y,-1046
149529,lstick_y,-1046
149532,lstick_y,-1046
149539,lstick_y,-1046
149547,lstick_y,-1046
149555,lstick_y,-1046
149564,lstick_y,-1046
149571,lstick_y,-1046
149579,lstick_y,-1046
149587,lstick_y,-1046
149595,lstick_y,-1046
149603,lstick_y,-1046
149606,lstick_y,-1046
149611,lstick_y,-1046
149617,lstick_y,-1046
149627,lstick_y,-1046
149635,lstick_y,-1046
149640,lstick_y,-1046
149643,lstick_y,-1046
149651,lstick_y,-1046
149659,lstick_y,-1046
149667,lstick_y,-1046
149675,lstick_y,-1046
149684,lstick_y,-1046
149690,lstick_y,-1046
149695,lstick_y,-1046
149699,lstick_y,-1046
149707,lstick_y,-1046
149715,lstick_y,-1046
149722,lstick_y,-1046
149731,lstick_y,-1046
149739,lstick_y,-1046
149747,lstick_y,-1046
149755,lstick_y,-1046
149763,lstick_y,-1046
149771,lstick_y,-1046
149778,lstick_y,-1046
149780,lstick_y,-1046
149784,lstick_y,-1046
149787,lstick_y,-1046
149795,lstick_y,-1046
149803,lstick_y,-1046
149811,lstick_y,-1046
149819,lstick_y,-1046
149827,lstick_y,-1046
149835,lstick_y,-1046
149843,lstick_y,-1046
149853,lstick_y,-1046
149856,lstick_y,-1046
149859,lstick_y,-1046
149862,lstick_y,-1046
149867,lstick_y,-1046
149875,lstick_y,-1046
149883,lstick_y,-1046
149887,lstick_y,-1046
149891,lstick_y,-1046
149899,lstick_y,-1046
149907,lstick_y,-1046
149915,lstick_y,-1046
149923,lstick_y,-1046
149931,lstick_y,-1046
149938,lstick_y,-1046
149942,lstick_y,-1046
149946,lstick_y,-1046
149950,lstick_y,-1046
149955,lstick_y,-1046
149963,lstick_y,-1046
149972,lstick_y,-1046
149979,lstick_y,-1046
149987,lstick_y,-1046
149995,lstick_y,-1046
150004,lstick_y,-1046
150011,lstick_y,-1046
150019,lstick_y,-1046
150024,lstick_y,-1046
150028,lstick_y,-1046
150034,lstick_y,-1046
150043,lstick_y,-1046
150051,lstick_y,-1046
150059,lstick_y,-1046
150067,lstick_y,-1046
150075,lstick_y,-1046
150083,lstick_y,-1046
150091,lstick_y,-1046
150099,lstick_y,-1046
150103,lstick_y,-1046
150108,lstick_y,-1046
150112,lstick_y,-1046
150115,lstick_y,-1046
150123,lstick_y,-1046
150131,lstick_y,-1046
150136,lstick_y,-1046
150139,lstick_y,-1046
150147,lstick_y,-1046
150155,lstick_y,-1046
150163,lstick_y,-1046
150171,lstick_y,-1046
150179,lstick_y,-1046
150187,lstick_y,-1046
150192,lstick_y,-1046
150195,lstick_y,-1046
150203,lstick_y,-1046
150212,lstick_y,-1046
150218,lstick_y,-1046
150227,lstick_y,-1046
150236,lstick_y,-1046
150243,lstick_y,-1046
150251,lstick_y,-1046
150259,lstick_y,-1046
150266,lstick_y,-1046
150270,lstick_y,-1046
150274,lstick_y,-1046
150276,lstick_y,-1046
150280,lstick_y,-1046
150283,lstick_y,-1046
150292,lstick_y,-1046
150299,lstick_y,-1046
150304,lstick_y,-1046
150307,lstick_y,-1046
150315,lstick_y,-1046
150323,lstick_y,-1046
150331,lstick_y,-1046
150339,lstick_y,-1046
150347,lstick_y,-1046
150355,lstick_y,-1046
150361,lstick_y,-1046
150363,lstick_y,-1046
150367,lstick_y,-1046
150371,lstick_y,-1046
150379,lstick_y,-1046
150386,lstick_y,-1046
150395,lstick_y,-1046
150403,lstick_y,-1046
150411,lstick_y,-1046
150419,lstick_y,-1046
150427,lstick_y,-1046
150434,lstick_y,-1046
150439,lstick_y,-1046
150443,lstick_y,-1046
150447,lstick_y,-1046
150451,lstick_y,-1046
150459,lstick_y,-1046
150467,lstick_y,-1046
150471,lstick_y,-1046
150476,lstick_y,-1046
150483,lstick_y,-1046
150492,lstick_y,-1046
150499,lstick_y,-1046
150507,lstick_y,-1046
150515,lstick_y,-1046
150519,lstick_y,-1046
150523,lstick_y,-1046
150526,lstick_y,-1046
150529,lstick_y,-1046
150534,lstick_y,-1046
150539,lstick_y,-1046
150547,lstick_y,-1046
150552,lstick_y,-1046
150555,lstick_y,-1046
150563,lstick_y,-1046
150571,lstick_y,-1046
150579,lstick_y,-1046
150587,lstick_y,-1046
150595,lstick_y,-1046
150603,lstick_y,-1046
150608,lstick_y,-1046
150612,lstick_y,-1046
150619,lstick_y,-1046
150627,lstick_y,-1046
150635,lstick_y,-1046
150643,lstick_y,-1046
150651,lstick_y,-1046
150659,lstick_y,-1046
150668,lstick_y,-1046
150675,lstick_y,-1046
150679,lstick_y,-1046
150684,lstick_y,-1046
150688,lstick_y,-1046
150691,lstick_y,-1046
150699,lstick_y,-1046
150709,lstick_y,-1046
150715,lstick_y,-1046
150723,lstick_y,-1046
150731,lstick_y,-1046
150739,lstick_y,-1046
150747,lstick_y,-1046
150755,lstick_y,-1046
150760,lstick_y,-1046
150764,lstick_y,-1046
150767,lstick_y,-1046
150771,lstick_y,-1046
150779,lstick_y,-1046
150787,lstick_y,-1046
150795,lstick_y,-1046
150803,lstick_y,-1046
150811,lstick_y,-1046
150819,lstick_y,-1046
150827,lstick_y,-1046
150832,lstick_y,-1046
150836,lstick_y,-1046
150840,lstick_y,-1046
150843,lstick_y,-1046
150847,lstick_y,-1046
150851,lstick_y,-1046
150859,lstick_y,-1046
150867,lstick_y,-1046
150870,lstick_y,-1046
150876,lstick_y,-1046
150883,lstick_y,-1046
150891,lstick_y,-1046
150899,lstick_y,-1046
150907,lstick_y,-1046
150915,lstick_y,-1046
150921,lstick_y,-1046
150925,lstick_y,-1046
150930,lstick_y,-1046
150934,lstick_y,-1046
150939,lstick_y,-1046
150947,lstick_y,-1046
150955,lstick_y,-1046
150963,lstick_y,-1046
150971,lstick_y,-1046
150979,lstick_y,-1046
150987,lstick_y,-1046
150995,lstick_y,-1046
151005,lstick_y,-1046
151011,lstick_y,-1046
151017,lstick_y,-1046
151027,lstick_y,-1046
151036,lstick_y,-1046
151043,lstick_y,-1046
151051,lstick_y,-1046
151059,lstick_y,-1046
151067,lstick_y,-1046
151076,lstick_y,-1046
151083,lstick_y,-1046
151086,lstick_y,-1046
151091,lstick_y,-1046
151095,lstick_y,-1046
151097,lstick_y,-1046
151107,lstick_y,-1046
151115,lstick_y,-1046
151119,lstick_y,-1046
151123,lstick_y,-1046
151132,lstick_y,-1046
151139,lstick_y,-1046
151147,lstick_y,-1046
151155,lstick_y,-1046
151163,lstick_y,-1046
151170,lstick_y,-1046
151174,lstick_y,-1046
151178,lstick_y,-1046
151187,lstick_y,-1046
151195,lstick_y,-1046
151215,lstick_y,-1046
151219,lstick_y,-1046
151227,lstick_y,-1046
151235,lstick_y,-1046
151243,lstick_y,-1046
151251,lstick_y,-1046
151255,lstick_y,-1046
151260,lstick_y,-1046
151267,lstick_y,-1046
151275,lstick_y,-1046
151326,lstick_y,-1046
151333,lstick_y,-1046
151337,lstick_y,-1046
151340,lstick_y,-1046
151343,lstick_y,-1046
151347,lstick_y,-1046
151355,lstick_y,-1046
151364,lstick_y,-1046
151371,lstick_y,-1046
151379,lstick_y,-1046
151387,lstick_y,-1046
151395,lstick_y,-1046
151403,lstick_y,-1046
151411,lstick_y,-1046
151415,lstick_y,-1046
151419,lstick_y,-1046
151422,lstick_y,-1046
151426,lstick_y,-1046
151429,lstick_y,-1046
151435,lstick_y,-1046
151443,lstick_y,-1046
151450,lstick_y,-1046
151459,lstick_y,-1046
151467,lstick_y,-1046
151476,lstick_y,-1046
151483,lstick_y,-1046
151492,lstick_y,-1046
151500,lstick_y,-1046
151506,lstick_y,-1046
151509,lstick_y,-1046
151515,lstick_y,-1046
151523,lstick_y,-1046
151530,lstick_y,-1046
151539,lstick_y,-1046
151547,lstick_y,-1046
151555,lstick_y,-1046
151563,lstick_y,-1046
151571,lstick_y,-1046
151579,lstick_y,-1046
151582,lstick_y,-1046
151587,lstick_y,-1046
151591,lstick_y,-1046
151593,lstick_y,-1046
151601,lstick_y,-1046
151603,lstick_y,-1046
151611,lstick_y,-1046
151663,lstick_y,-1046
151669,lstick_y,-1046
151674,lstick_y,-1046
151677,lstick_y,-1046
151683,lstick_y,-1046
151691,lstick_y,-1046
151700,lstick_y,-1046
151706,lstick_y,-1046
151715,lstick_y,-1046
151723,lstick_y,-1046
151731,lstick_y,-1046
151739,lstick_y,-1046
151747,lstick_y,-1046
151752,lstick_y,-1046
151756,lstick_y,-1046
151761,lstick_y,-1046
151764,lstick_y,-1046
151768,lstick_y,-1046
151771,lstick_y,-1046
151779,lstick_y,-1046
151788,lstick_y,-1046
151795,lstick_y,-1046
151803,lstick_y,-1046
151811,lstick_y,-1046
151819,lstick_y,-1046
151827,lstick_y,-1046
151835,lstick_y,-1046
151843,lstick_y,-1046
151846,lstick_y,-1046
151850,lstick_y,-1046
151859,lstick_y,-1046
151867,lstick_y,-1046
151876,lstick_y,-1046
151883,lstick_y,-1046
151892,lstick_y,-1046
151899,lstick_y,-1046
151907,lstick_y,-1046
151915,lstick_y,-1046
151920,lstick_y,-1046
151923,lstick_y,-1046
151931,lstick_y,-1046
151939,lstick_y,-1046
151945,lstick_y,-1046
151955,lstick_y,-1046
151964,lstick_y,-1046
151971,lstick_y,-1046
151979,lstick_y,-1046
151987,lstick_y,-1046
151991,lstick_y,-1046
151995,lstick_y,-1046
152000,lstick_y,-1046
152003,lstick_y,-1046
152011,lstick_y,-1046
152020,lstick_y,-1046
152027,lstick_y,-1046
152035,lstick_y,-1046
152043,lstick_y,-1046
152051,lstick_y,-1046
152059,lstick_y,-1046
152069,lstick_y,-1046
152075,lstick_y,-1046
152083,lstick_y,-1046
152091,lstick_y,-1046
152095,lstick_y,-1046
152099,lstick_y,-1046
152107,lstick_y,-1046
152116,lstick_y,-1046
152123,lstick_y,-1046
152131,lstick_y,-1046
152139,lstick_y,-1046
152142,lstick_y,-1046
152147,lstick_y,-1046
152150,lstick_y,-1046
152155,lstick_y,-1046
152163,lstick_y,-1046
152170,lstick_y,-1046
152179,lstick_y,-1046
152187,lstick_y,-1046
152195,lstick_y,-1046
152203,lstick_y,-1046
152212,lstick_y,-1046
152218,lstick_y,-1046
152222,lstick_y,-1046
152227,lstick_y,-1046
152231,lstick_y,-1046
152235,lstick_y,-1046
152243,lstick_y,-1046
152251,lstick_y,-1046
152259,lstick_y,-1046
152267,lstick_y,-1046
152276,lstick_y,-1046
152283,lstick_y,-1046
152292,lstick_y,-1046
152299,lstick_y,-1046
152304,lstick_y,-1046
152307,lstick_y,-1046
152311,lstick_y,-1046
152315,lstick_y,-1046
152323,lstick_y,-1046
152331,lstick_y,-1046
152338,lstick_y,-1046
152347,lstick_y,-1046
152355,lstick_y,-1046
152363,lstick_y,-1046
152371,lstick_y,-1046
152379,lstick_y,-1046
152383,lstick_y,-1046
152388,lstick_y,-1046
152391,lstick_y,-1046
152394,lstick_y,-1046
152397,lstick_y,-1046
152401,lstick_y,-1046
152403,lstick_y,-1046
152411,lstick_y,-1046
152419,lstick_y,-1046
152427,lstick_y,-1046
152435,lstick_y,-1046
152443,lstick_y,-1046
152451,lstick_y,-1046
152459,lstick_y,-1046
152467,lstick_y,-1046
152472,lstick_y,-1046
152476,lstick_y,-1046
152483,lstick_y,-1046
152491,lstick_y,-1046
152495,lstick_y,-1046
152499,lstick_y,-1046
152507,lstick_y,-1046
152515,lstick_y,-1046
152523,lstick_y,-1046
152531,lstick_y,-1046
152539,lstick_y,-1046
152543,lstick_y,-1046
152547,lstick_y,-1046
152550,lstick_y,-1046
152555,lstick_y,-1046
152563,lstick_y,-1046
152570,lstick_y,-1046
152579,lstick_y,-1046
152587,lstick_y,-1046
152595,lstick_y,-1046
152603,lstick_y,-1046
152611,lstick_y,-1046
152619,lstick_y,-1046
152624,lstick_y,-1046
152627,lstick_y,-1046
152631,lstick_y,-1046
152634,lstick_y,-1046
152643,lstick_y,-1046
152652,lstick_y,-1046
152659,lstick_y,-1046
152667,lstick_y,-1046
152675,lstick_y,-1046
152683,lstick_y,-1046
152691,lstick_y,-1046
152696,lstick_y,-1046
152700,lstick_y,-1046
152705,lstick_y,-1046
152707,lstick_y,-1046
152710,lstick_y,-1046
152713,lstick_y,-1046
152715,lstick_y,-1046
152723,lstick_y,-1046
152731,lstick_y,-1046
152739,lstick_y,-1046
152747,lstick_y,-1046
152755,lstick_y,-1046
152763,lstick_y,-1046
152771,lstick_y,-1046
152779,lstick_y,-1046
152788,lstick_y,-1046
152793,lstick_y,-1046
152796,lstick_y,-1046
152803,lstick_y,-1046
152811,lstick_y,-1046
152842,lstick_y,-1046
152851,lstick_y,-1046
152859,lstick_y,-1046
152871,lstick_y,-1046
152876,lstick_y,-1046
152884,lstick_y,-1046
152891,lstick_y,-1046
152899,lstick_y,-1046
152908,lstick_y,-1046
152915,lstick_y,-1046
152923,lstick_y,-1046
152931,lstick_y,-1046
152939,lstick_y,-1046
152947,lstick_y,-1046
152956,lstick_y,-1046
152961,lstick_y,-1046
152964,lstick_y,-1046
152967,lstick_y,-1046
152971,lstick_y,-1046
152979,lstick_y,-1046
152986,lstick_y,-1046
152995,lstick_y,-1046
153004,lstick_y,-1046
153011,lstick_y,-1046
153020,lstick_y,-1046
153027,lstick_y,-1046
153034,lstick_y,-1046
153038,lstick_y,-1046
153042,lstick_y,-1046
153045,lstick_y,-1046
153051,lstick_y,-1046
153059,lstick_y,-1046
153067,lstick_y,-1046
153073,lstick_y,-1046
153076,lstick_y,-1046
153083,lstick_y,-1046
153092,lstick_y,-1046
153099,lstick_y,-1046
153108,lstick_y,-1046
153115,lstick_y,-1046
153119,lstick_y,-1046
153123,lstick_y,-1046
153126,lstick_y,-1046
153130,lstick_y,-1046
153134,lstick_y,-1046
153139,lstick_y,-1046
153147,lstick_y,-1046
153153,lstick_y,-1046
153163,lstick_y,-1046
153171,lstick_y,-1046
153179,lstick_y,-1046
153187,lstick_y,-1046
153195,lstick_y,-1046
153198,lstick_y,-1046
153203,lstick_y,-1046
153206,lstick_y,-1046
153209,lstick_y,-1046
153213,lstick_y,-1046
153217,lstick_y,-1046
153227,lstick_y,-1046
153235,lstick_y,-1046
153243,lstick_y,-1046
153251,lstick_y,-1046
153259,lstick_y,-1046
153267,lstick_y,-1046
153275,lstick_y,-1046
153281,lstick_y,-1046
153284,lstick_y,-1046
153288,lstick_y,-1046
153291,lstick_y,-1046
153295,lstick_y,-1046
153299,lstick_y,-1046
153307,lstick_y,-1046
153315,lstick_y,-1046
153323,lstick_y,-1046
153331,lstick_y,-1046
153339,lstick_y,-1046
153347,lstick_y,-1046
153355,lstick_y,-1046
153363,lstick_y,-1046
153371,lstick_y,-1046
153377,lstick_y,-1046
153379,lstick_y,-1046
153387,lstick_y,-1046
153395,lstick_y,-1046
153400,lstick_y,-1046
153403,lstick_y,-1046
153411,lstick_y,-1046
153419,lstick_y,-1046
153427,lstick_y,-1046
153435,lstick_y,-1046
153443,lstick_y,-1046
153451,lstick_y,-1046
153455,lstick_y,-1046
153459,lstick_y,-1046
153467,lstick_y,-1046
153475,lstick_y,-1046
153483,lstick_y,-1046
153491,lstick_y,-1046
153499,lstick_y,-1046
153507,lstick_y,-1046
153515,lstick_y,-1046
153524,lstick_y,-1046
153528,lstick_y,-1046
153531,lstick_y,-1046
153536,lstick_y,-1046
153539,lstick_y,-1046
153547,lstick_y,-1046
153556,lstick_y,-1046
153563,lstick_y,-1046
153571,lstick_y,-1046
153579,lstick_y,-1046
153587,lstick_y,-1046
153595,lstick_y,-1046
153604,lstick_y,-1046
153609,lstick_y,-1046
153612,lstick_y,-1046
153617,lstick_y,-1046
153627,lstick_y,-1046
153635,lstick_y,-1046
153640,lstick_y,-1046
153643,lstick_y,-1046
153651,lstick_y,-1046
153660,lstick_y,-1046
153667,lstick_y,-1046
153675,lstick_y,-1046
153683,lstick_y,-1046
153687,lstick_y,-1046
153691,lstick_y,-1046
153696,lstick_y,-1046
153699,lstick_y,-1046
153707,lstick_y,-1046
153715,lstick_y,-1046
153720,lstick_y,-1046
153723,lstick_y,-1046
153732,lstick_y,-1046
153739,lstick_y,-1046
153747,lstick_y,-1046
153755,lstick_y,-1046
153763,lstick_y,-1046
153766,lstick_y,-1046
153771,lstick_y,-1046
153774,lstick_y,-1046
153778,lstick_y,-1046
153783,lstick_y,-1046
153787,lstick_y,-1046
153795,lstick_y,-1046
153801,lstick_y,-1046
153811,lstick_y,-1046
153819,lstick_y,-1046
153827,lstick_y,-1046
153835,lstick_y,-1046
153843,lstick_y,-1046
153849,lstick_y,-1046
153852,lstick_y,-1046
153856,lstick_y,-1046
153859,lstick_y,-1046
153867,lstick_y,-1046
153875,lstick_y,-1046
153883,lstick_y,-1046
153891,lstick_y,-1046
153900,lstick_y,-1046
153907,lstick_y,-1046
153915,lstick_y,-1046
153923,lstick_y,-1046
153932,lstick_y,-1046
153939,lstick_y,-1046
153947,lstick_y,-1046
153956,lstick_y,-1046
153963,lstick_y,-1046
153970,lstick_y,-1046
153979,lstick_y,-1046
153987,lstick_y,-1046
153995,lstick_y,-1046
154003,lstick_y,-1046
154011,lstick_y,-1046
154019,lstick_y,-1046
154027,lstick_y,-1046
154035,lstick_y,-1046
154043,lstick_y,-1046
154051,lstick_y,-1046
154059,lstick_y,-1046
154067,lstick_y,-1046
154075,lstick_y,-1046
154083,lstick_y,-1046
154091,lstick_y,-1046
154099,lstick_y,-1046
154108,lstick_y,-1046
154118,lstick_y,-1046
154124,lstick_y,-1046
154126,lstick_y,-1046
154131,lstick_y,-1046
154139,lstick_y,-1046
154147,lstick_y,-1046
154155,lstick_y,-1046
154169,lstick_y,-1046
154179,lstick_y,-1046
154187,lstick_y,-1046
154195,lstick_y,-1046
154203,lstick_y,-1046
154211,lstick_y,-1046
154219,lstick_y,-1046
154227,lstick_y,-1046
154235,lstick_y,-1046
154243,lstick_y,-1046
154251,lstick_y,-1046
154259,lstick_y,-1046
154267,lstick_y,-1046
154275,lstick_y,-1046
154279,lstick_y,-1046
154284,lstick_y,-1046
154335,lstick_y,-1046
154423,lstick_y,-1046
154435,lstick_y,-1046
154439,lstick_y,-1046
154482,lstick_y,-1046
154579,lstick_y,-1046
154585,lstick_y,-1046
154591,lstick_y,-1046
154634,lstick_y,-1046
154741,lstick_y,-1046
154752,lstick_y,-1046
154758,lstick_y,-1046
154812,lstick_y,-1046
154911,lstick_y,-1046
154918,lstick_y,-1046
154921,lstick_y,-1046
154971,lstick_y,-1046
155014,lstick_y,-1046
155022,lstick_y,-1046
155029,lstick_y,-1046
155034,lstick_y,-1046
155082,lstick_y,-1046
155179,lstick_y,-1046
155190,lstick_y,-1046
155196,lstick_y,-1046
155201,lstick_y,-1046
155243,lstick_y,-1046
155345,lstick_y,-1046
155353,lstick_y,-1046
155361,lstick_y,-1046
155409,lstick_y,-1046
155514,lstick_y,-1046
